path,relative_path,suffix,size_bytes,sha256_12,rows,columns,column_names,date_columns,min_date,max_date,categorical_hints,candidate_pages,error
C:\Users\Usuario\Documents\PROYECTO_FINTECH\institutional-quant-equity\data\processed\backtest_all_methods_gross_daily.parquet,data/processed/backtest_all_methods_gross_daily.parquet,.parquet,358221,2cf8146ec3f7,8050,19,date|strategy_name|active_signal_date|last_rebalance_date|is_rebalance|portfolio_value|daily_return|cash|cash_weight|invested_value|gross_exposure|holdings|transaction_cost|cumulative_transaction_cost|buy_notional|sell_notional|traded_notional|two_way_turnover|one_way_turnover,date|active_signal_date|last_rebalance_date,2020-01-31T00:00:00,2026-06-30T00:00:00,"{""portfolio_value"": [""1000480.8801295199"", ""1001053.340729197"", ""1001079.5881971756"", ""1001837.7773045121"", ""1002616.5283560705"", ""1003387.6225050106"", ""1003509.4790393843"", ""1003634.5588845081"", ""1003694.6688989485"", ""1005494.2877290408"", ""1005743.1425329653"", ""1005935.1968425172"", ""1006396.6231640149"", ""1007117.507944166"", ""1007398.7665006472"", ""1007866.999740293"", ""1007905.3246815973"", ""1007919.0657173826"", ""1008300.3027272638"", ""1008478.4243546053"", ""1008504.9695643674"", ""1009195.8381151856"", ""1009207.475518866"", ""1010049.454326415"", ""1010746.6642165662"", ""1010859.884060138"", ""1011096.6828475919"", ""1012671.5467071964"", ""1012931.8122320911"", ""1012945.5614436882""], ""strategy_name"": [""alpha_risk_turnover"", ""cvar"", ""median_mad_de"", ""score_weighted"", ""top_n_equal_weight""]}",overview,
C:\Users\Usuario\Documents\PROYECTO_FINTECH\institutional-quant-equity\data\processed\backtest_all_methods_net_daily.parquet,data/processed/backtest_all_methods_net_daily.parquet,.parquet,399368,683b97a7b5f2,8050,19,date|strategy_name|active_signal_date|last_rebalance_date|is_rebalance|portfolio_value|daily_return|cash|cash_weight|invested_value|gross_exposure|holdings|transaction_cost|cumulative_transaction_cost|buy_notional|sell_notional|traded_notional|two_way_turnover|one_way_turnover,date|active_signal_date|last_rebalance_date,2020-01-31T00:00:00,2026-06-30T00:00:00,"{""portfolio_value"": [""1000424.8726010929"", ""1000665.9254884965"", ""1001435.5194642242"", ""1001908.7469748723"", ""1002043.2655481522"", ""1003181.3413748221"", ""1004096.2171385542"", ""1004138.8474759256"", ""1004997.2979382211"", ""1005420.7234274165"", ""1005520.6922853866"", ""1005906.1820156439"", ""1005978.0190626371"", ""1006302.5512556972"", ""1006497.5844946946"", ""1006696.9012063432"", ""1006869.7661565997"", ""1006901.2425817596"", ""1007551.643535051"", ""1007586.0355461162"", ""1009252.4122869414"", ""1009533.7988776442"", ""1010229.4865849346"", ""1010579.8661980013"", ""1010701.3816769464"", ""1011175.3990128232"", ""1011269.8696357432"", ""1011339.505227561"", ""1012788.8803997055"", ""1012971.7011501483""], ""strategy_name"": [""alpha_risk_turnover"", ""cvar"", ""median_mad_de"", ""score_weighted"", ""top_n_equal_weight""]}",overview,
C:\Users\Usuario\Documents\PROYECTO_FINTECH\institutional-quant-equity\data\processed\backtest_mvp_daily.parquet,data/processed/backtest_mvp_daily.parquet,.parquet,383941,28c1aee1e3e7,8050,19,date|strategy_name|active_signal_date|last_rebalance_date|is_rebalance|portfolio_value|daily_return|cash|cash_weight|invested_value|gross_exposure|holdings|transaction_cost|cumulative_transaction_cost|buy_notional|sell_notional|traded_notional|two_way_turnover|one_way_turnover,date|active_signal_date|last_rebalance_date,2020-01-31T00:00:00,2026-06-30T00:00:00,"{""portfolio_value"": [""1000337.8315806201"", ""1000984.1275053712"", ""1001477.97680403"", ""1002191.4894520735"", ""1002217.307351647"", ""1002520.1657356645"", ""1002706.533757906"", ""1002736.5550396277"", ""1002981.6561333239"", ""1004378.2705532413"", ""1004925.464838412"", ""1006074.203405586"", ""1006199.4731258465"", ""1006390.3047100883"", ""1006524.2071581585"", ""1007613.7273554499"", ""1008032.5186401561"", ""1008260.9895069401"", ""1008269.9683788145"", ""1008420.2872463526"", ""1008954.3337997695"", ""1009046.109044271"", ""1009110.2410488465"", ""1009239.8989205156"", ""1009805.0661622697"", ""1010340.6020844376"", ""1010839.9625476062"", ""1011112.8245495692"", ""1011472.7360362157"", ""1011515.0045147279""], ""strategy_name"": [""elastic_net_score_weighted"", ""elastic_net_top20_equal_weight"", ""momentum_3m_top20_equal_weight"", ""ridge_top20_equal_weight"", ""universe_equal_weight""]}",,
C:\Users\Usuario\Documents\PROYECTO_FINTECH\institutional-quant-equity\data\processed\backtest_mvp_with_benchmarks_daily.parquet,data/processed/backtest_mvp_with_benchmarks_daily.parquet,.parquet,422384,01bbf8e15749,9660,19,date|strategy_name|active_signal_date|last_rebalance_date|is_rebalance|portfolio_value|daily_return|cash|cash_weight|invested_value|gross_exposure|holdings|transaction_cost|cumulative_transaction_cost|buy_notional|sell_notional|traded_notional|two_way_turnover|one_way_turnover,date|active_signal_date|last_rebalance_date,2020-01-31T00:00:00,2026-06-30T00:00:00,"{""portfolio_value"": [""1000337.8315806201"", ""1000984.1275053712"", ""1001306.4661399277"", ""1001379.9066223331"", ""1001477.97680403"", ""1001587.6087190512"", ""1002191.4894520735"", ""1002217.307351647"", ""1002492.5816494233"", ""1002520.1657356645"", ""1002706.533757906"", ""1002736.5550396277"", ""1002981.6561333239"", ""1004209.6408155196"", ""1004378.2705532413"", ""1004409.1713656039"", ""1004615.2184655356"", ""1004925.464838412"", ""1006074.203405586"", ""1006199.4731258465"", ""1006390.3047100883"", ""1006524.2071581585"", ""1007613.7273554499"", ""1008032.5186401561"", ""1008080.0576755793"", ""1008260.9895069401"", ""1008269.9683788145"", ""1008420.2872463526"", ""1008891.6267248078"", ""1008954.3337997695""], ""strategy_name"": [""elastic_net_score_weighted"", ""elastic_net_top20_equal_weight"", ""momentum_3m_top20_equal_weight"", ""ridge_top20_equal_weight"", ""spy_buy_and_hold"", ""universe_equal_weight""]}",,
C:\Users\Usuario\Documents\PROYECTO_FINTECH\institutional-quant-equity\data\processed\benchmark_spy_daily.parquet,data/processed/benchmark_spy_daily.parquet,.parquet,162092,3f3513c1a3aa,3159,8,date|ticker|open|high|low|close|adjusted_close|volume,date,2014-01-02T00:00:00,2026-07-27T00:00:00,{},overview,
C:\Users\Usuario\Documents\PROYECTO_FINTECH\institutional-quant-equity\data\processed\covariance_matrices\2020-01-31.parquet,data/processed/covariance_matrices/2020-01-31.parquet,.parquet,31347,faccda426d8b,2500,5,as_of_date|ticker_a|ticker_b|annualized_covariance|correlation,as_of_date,2020-01-31T00:00:00,2020-01-31T00:00:00,{},,
C:\Users\Usuario\Documents\PROYECTO_FINTECH\institutional-quant-equity\data\processed\covariance_matrices\2020-02-28.parquet,data/processed/covariance_matrices/2020-02-28.parquet,.parquet,31347,5deae235cc7c,2500,5,as_of_date|ticker_a|ticker_b|annualized_covariance|correlation,as_of_date,2020-02-28T00:00:00,2020-02-28T00:00:00,{},,
C:\Users\Usuario\Documents\PROYECTO_FINTECH\institutional-quant-equity\data\processed\covariance_matrices\2020-03-31.parquet,data/processed/covariance_matrices/2020-03-31.parquet,.parquet,31347,07f63e96e97a,2500,5,as_of_date|ticker_a|ticker_b|annualized_covariance|correlation,as_of_date,2020-03-31T00:00:00,2020-03-31T00:00:00,{},,
C:\Users\Usuario\Documents\PROYECTO_FINTECH\institutional-quant-equity\data\processed\covariance_matrices\2020-04-30.parquet,data/processed/covariance_matrices/2020-04-30.parquet,.parquet,31347,cc569b121b3d,2500,5,as_of_date|ticker_a|ticker_b|annualized_covariance|correlation,as_of_date,2020-04-30T00:00:00,2020-04-30T00:00:00,{},,
C:\Users\Usuario\Documents\PROYECTO_FINTECH\institutional-quant-equity\data\processed\covariance_matrices\2020-05-29.parquet,data/processed/covariance_matrices/2020-05-29.parquet,.parquet,31347,4b305b79491e,2500,5,as_of_date|ticker_a|ticker_b|annualized_covariance|correlation,as_of_date,2020-05-29T00:00:00,2020-05-29T00:00:00,{},,
C:\Users\Usuario\Documents\PROYECTO_FINTECH\institutional-quant-equity\data\processed\covariance_matrices\2020-06-30.parquet,data/processed/covariance_matrices/2020-06-30.parquet,.parquet,31347,e0728787626d,2500,5,as_of_date|ticker_a|ticker_b|annualized_covariance|correlation,as_of_date,2020-06-30T00:00:00,2020-06-30T00:00:00,{},,
C:\Users\Usuario\Documents\PROYECTO_FINTECH\institutional-quant-equity\data\processed\covariance_matrices\2020-07-31.parquet,data/processed/covariance_matrices/2020-07-31.parquet,.parquet,31347,b5921ea3962a,2500,5,as_of_date|ticker_a|ticker_b|annualized_covariance|correlation,as_of_date,2020-07-31T00:00:00,2020-07-31T00:00:00,{},,
C:\Users\Usuario\Documents\PROYECTO_FINTECH\institutional-quant-equity\data\processed\covariance_matrices\2020-08-31.parquet,data/processed/covariance_matrices/2020-08-31.parquet,.parquet,31347,43a3a6f87345,2500,5,as_of_date|ticker_a|ticker_b|annualized_covariance|correlation,as_of_date,2020-08-31T00:00:00,2020-08-31T00:00:00,{},,
C:\Users\Usuario\Documents\PROYECTO_FINTECH\institutional-quant-equity\data\processed\covariance_matrices\2020-09-30.parquet,data/processed/covariance_matrices/2020-09-30.parquet,.parquet,31347,bf0e007c0a37,2500,5,as_of_date|ticker_a|ticker_b|annualized_covariance|correlation,as_of_date,2020-09-30T00:00:00,2020-09-30T00:00:00,{},,
C:\Users\Usuario\Documents\PROYECTO_FINTECH\institutional-quant-equity\data\processed\covariance_matrices\2020-10-30.parquet,data/processed/covariance_matrices/2020-10-30.parquet,.parquet,31347,22e406fb932f,2500,5,as_of_date|ticker_a|ticker_b|annualized_covariance|correlation,as_of_date,2020-10-30T00:00:00,2020-10-30T00:00:00,{},,
C:\Users\Usuario\Documents\PROYECTO_FINTECH\institutional-quant-equity\data\processed\covariance_matrices\2020-11-30.parquet,data/processed/covariance_matrices/2020-11-30.parquet,.parquet,31347,71f77a655436,2500,5,as_of_date|ticker_a|ticker_b|annualized_covariance|correlation,as_of_date,2020-11-30T00:00:00,2020-11-30T00:00:00,{},,
C:\Users\Usuario\Documents\PROYECTO_FINTECH\institutional-quant-equity\data\processed\covariance_matrices\2020-12-31.parquet,data/processed/covariance_matrices/2020-12-31.parquet,.parquet,31347,f870fd4a6041,2500,5,as_of_date|ticker_a|ticker_b|annualized_covariance|correlation,as_of_date,2020-12-31T00:00:00,2020-12-31T00:00:00,{},,
C:\Users\Usuario\Documents\PROYECTO_FINTECH\institutional-quant-equity\data\processed\covariance_matrices\2021-01-29.parquet,data/processed/covariance_matrices/2021-01-29.parquet,.parquet,31347,99220e779f27,2500,5,as_of_date|ticker_a|ticker_b|annualized_covariance|correlation,as_of_date,2021-01-29T00:00:00,2021-01-29T00:00:00,{},,
C:\Users\Usuario\Documents\PROYECTO_FINTECH\institutional-quant-equity\data\processed\covariance_matrices\2021-02-26.parquet,data/processed/covariance_matrices/2021-02-26.parquet,.parquet,31347,854e3d658320,2500,5,as_of_date|ticker_a|ticker_b|annualized_covariance|correlation,as_of_date,2021-02-26T00:00:00,2021-02-26T00:00:00,{},,
C:\Users\Usuario\Documents\PROYECTO_FINTECH\institutional-quant-equity\data\processed\covariance_matrices\2021-03-31.parquet,data/processed/covariance_matrices/2021-03-31.parquet,.parquet,31347,bc3d22860d7e,2500,5,as_of_date|ticker_a|ticker_b|annualized_covariance|correlation,as_of_date,2021-03-31T00:00:00,2021-03-31T00:00:00,{},,
C:\Users\Usuario\Documents\PROYECTO_FINTECH\institutional-quant-equity\data\processed\covariance_matrices\2021-04-30.parquet,data/processed/covariance_matrices/2021-04-30.parquet,.parquet,31347,f33de7d216f6,2500,5,as_of_date|ticker_a|ticker_b|annualized_covariance|correlation,as_of_date,2021-04-30T00:00:00,2021-04-30T00:00:00,{},,
C:\Users\Usuario\Documents\PROYECTO_FINTECH\institutional-quant-equity\data\processed\covariance_matrices\2021-05-28.parquet,data/processed/covariance_matrices/2021-05-28.parquet,.parquet,31347,fc1c3cecb978,2500,5,as_of_date|ticker_a|ticker_b|annualized_covariance|correlation,as_of_date,2021-05-28T00:00:00,2021-05-28T00:00:00,{},,
C:\Users\Usuario\Documents\PROYECTO_FINTECH\institutional-quant-equity\data\processed\covariance_matrices\2021-06-30.parquet,data/processed/covariance_matrices/2021-06-30.parquet,.parquet,31347,78acbf6b3f87,2500,5,as_of_date|ticker_a|ticker_b|annualized_covariance|correlation,as_of_date,2021-06-30T00:00:00,2021-06-30T00:00:00,{},,
C:\Users\Usuario\Documents\PROYECTO_FINTECH\institutional-quant-equity\data\processed\covariance_matrices\2021-07-30.parquet,data/processed/covariance_matrices/2021-07-30.parquet,.parquet,31347,0008097226de,2500,5,as_of_date|ticker_a|ticker_b|annualized_covariance|correlation,as_of_date,2021-07-30T00:00:00,2021-07-30T00:00:00,{},,
C:\Users\Usuario\Documents\PROYECTO_FINTECH\institutional-quant-equity\data\processed\covariance_matrices\2021-08-31.parquet,data/processed/covariance_matrices/2021-08-31.parquet,.parquet,31347,6877d1a80527,2500,5,as_of_date|ticker_a|ticker_b|annualized_covariance|correlation,as_of_date,2021-08-31T00:00:00,2021-08-31T00:00:00,{},,
C:\Users\Usuario\Documents\PROYECTO_FINTECH\institutional-quant-equity\data\processed\covariance_matrices\2021-09-30.parquet,data/processed/covariance_matrices/2021-09-30.parquet,.parquet,31347,0e71ee6c3886,2500,5,as_of_date|ticker_a|ticker_b|annualized_covariance|correlation,as_of_date,2021-09-30T00:00:00,2021-09-30T00:00:00,{},,
C:\Users\Usuario\Documents\PROYECTO_FINTECH\institutional-quant-equity\data\processed\covariance_matrices\2021-10-29.parquet,data/processed/covariance_matrices/2021-10-29.parquet,.parquet,31347,13201f40d1d3,2500,5,as_of_date|ticker_a|ticker_b|annualized_covariance|correlation,as_of_date,2021-10-29T00:00:00,2021-10-29T00:00:00,{},,
C:\Users\Usuario\Documents\PROYECTO_FINTECH\institutional-quant-equity\data\processed\covariance_matrices\2021-11-30.parquet,data/processed/covariance_matrices/2021-11-30.parquet,.parquet,31347,8fde25611bf4,2500,5,as_of_date|ticker_a|ticker_b|annualized_covariance|correlation,as_of_date,2021-11-30T00:00:00,2021-11-30T00:00:00,{},,
C:\Users\Usuario\Documents\PROYECTO_FINTECH\institutional-quant-equity\data\processed\covariance_matrices\2021-12-31.parquet,data/processed/covariance_matrices/2021-12-31.parquet,.parquet,31347,cff6d7f3e8d1,2500,5,as_of_date|ticker_a|ticker_b|annualized_covariance|correlation,as_of_date,2021-12-31T00:00:00,2021-12-31T00:00:00,{},,
C:\Users\Usuario\Documents\PROYECTO_FINTECH\institutional-quant-equity\data\processed\covariance_matrices\2022-01-31.parquet,data/processed/covariance_matrices/2022-01-31.parquet,.parquet,31347,851777d65383,2500,5,as_of_date|ticker_a|ticker_b|annualized_covariance|correlation,as_of_date,2022-01-31T00:00:00,2022-01-31T00:00:00,{},,
C:\Users\Usuario\Documents\PROYECTO_FINTECH\institutional-quant-equity\data\processed\covariance_matrices\2022-02-28.parquet,data/processed/covariance_matrices/2022-02-28.parquet,.parquet,31347,ccfafc950bb5,2500,5,as_of_date|ticker_a|ticker_b|annualized_covariance|correlation,as_of_date,2022-02-28T00:00:00,2022-02-28T00:00:00,{},,
C:\Users\Usuario\Documents\PROYECTO_FINTECH\institutional-quant-equity\data\processed\covariance_matrices\2022-03-31.parquet,data/processed/covariance_matrices/2022-03-31.parquet,.parquet,31347,5709d9e390b2,2500,5,as_of_date|ticker_a|ticker_b|annualized_covariance|correlation,as_of_date,2022-03-31T00:00:00,2022-03-31T00:00:00,{},,
C:\Users\Usuario\Documents\PROYECTO_FINTECH\institutional-quant-equity\data\processed\covariance_matrices\2022-04-29.parquet,data/processed/covariance_matrices/2022-04-29.parquet,.parquet,31347,8ee782dd7d9e,2500,5,as_of_date|ticker_a|ticker_b|annualized_covariance|correlation,as_of_date,2022-04-29T00:00:00,2022-04-29T00:00:00,{},,
C:\Users\Usuario\Documents\PROYECTO_FINTECH\institutional-quant-equity\data\processed\covariance_matrices\2022-05-31.parquet,data/processed/covariance_matrices/2022-05-31.parquet,.parquet,31347,b6668bf92811,2500,5,as_of_date|ticker_a|ticker_b|annualized_covariance|correlation,as_of_date,2022-05-31T00:00:00,2022-05-31T00:00:00,{},,
C:\Users\Usuario\Documents\PROYECTO_FINTECH\institutional-quant-equity\data\processed\covariance_matrices\2022-06-30.parquet,data/processed/covariance_matrices/2022-06-30.parquet,.parquet,31347,7a9d7b8abc07,2500,5,as_of_date|ticker_a|ticker_b|annualized_covariance|correlation,as_of_date,2022-06-30T00:00:00,2022-06-30T00:00:00,{},,
C:\Users\Usuario\Documents\PROYECTO_FINTECH\institutional-quant-equity\data\processed\covariance_matrices\2022-07-29.parquet,data/processed/covariance_matrices/2022-07-29.parquet,.parquet,31347,4e875cd91e44,2500,5,as_of_date|ticker_a|ticker_b|annualized_covariance|correlation,as_of_date,2022-07-29T00:00:00,2022-07-29T00:00:00,{},,
C:\Users\Usuario\Documents\PROYECTO_FINTECH\institutional-quant-equity\data\processed\covariance_matrices\2022-08-31.parquet,data/processed/covariance_matrices/2022-08-31.parquet,.parquet,31347,b05f66e9e35d,2500,5,as_of_date|ticker_a|ticker_b|annualized_covariance|correlation,as_of_date,2022-08-31T00:00:00,2022-08-31T00:00:00,{},,
C:\Users\Usuario\Documents\PROYECTO_FINTECH\institutional-quant-equity\data\processed\covariance_matrices\2022-09-30.parquet,data/processed/covariance_matrices/2022-09-30.parquet,.parquet,31347,bc7b8b8f3108,2500,5,as_of_date|ticker_a|ticker_b|annualized_covariance|correlation,as_of_date,2022-09-30T00:00:00,2022-09-30T00:00:00,{},,
C:\Users\Usuario\Documents\PROYECTO_FINTECH\institutional-quant-equity\data\processed\covariance_matrices\2022-10-31.parquet,data/processed/covariance_matrices/2022-10-31.parquet,.parquet,31347,8c2e1e2aca45,2500,5,as_of_date|ticker_a|ticker_b|annualized_covariance|correlation,as_of_date,2022-10-31T00:00:00,2022-10-31T00:00:00,{},,
C:\Users\Usuario\Documents\PROYECTO_FINTECH\institutional-quant-equity\data\processed\covariance_matrices\2022-11-30.parquet,data/processed/covariance_matrices/2022-11-30.parquet,.parquet,31347,e1e6b2afbc26,2500,5,as_of_date|ticker_a|ticker_b|annualized_covariance|correlation,as_of_date,2022-11-30T00:00:00,2022-11-30T00:00:00,{},,
C:\Users\Usuario\Documents\PROYECTO_FINTECH\institutional-quant-equity\data\processed\covariance_matrices\2022-12-30.parquet,data/processed/covariance_matrices/2022-12-30.parquet,.parquet,31347,31d820f983bf,2500,5,as_of_date|ticker_a|ticker_b|annualized_covariance|correlation,as_of_date,2022-12-30T00:00:00,2022-12-30T00:00:00,{},,
C:\Users\Usuario\Documents\PROYECTO_FINTECH\institutional-quant-equity\data\processed\covariance_matrices\2023-01-31.parquet,data/processed/covariance_matrices/2023-01-31.parquet,.parquet,31347,3a530ea1cd56,2500,5,as_of_date|ticker_a|ticker_b|annualized_covariance|correlation,as_of_date,2023-01-31T00:00:00,2023-01-31T00:00:00,{},,
C:\Users\Usuario\Documents\PROYECTO_FINTECH\institutional-quant-equity\data\processed\covariance_matrices\2023-02-28.parquet,data/processed/covariance_matrices/2023-02-28.parquet,.parquet,31347,e0e4392fc429,2500,5,as_of_date|ticker_a|ticker_b|annualized_covariance|correlation,as_of_date,2023-02-28T00:00:00,2023-02-28T00:00:00,{},,
C:\Users\Usuario\Documents\PROYECTO_FINTECH\institutional-quant-equity\data\processed\covariance_matrices\2023-03-31.parquet,data/processed/covariance_matrices/2023-03-31.parquet,.parquet,31347,2b9b39941fe0,2500,5,as_of_date|ticker_a|ticker_b|annualized_covariance|correlation,as_of_date,2023-03-31T00:00:00,2023-03-31T00:00:00,{},,
C:\Users\Usuario\Documents\PROYECTO_FINTECH\institutional-quant-equity\data\processed\covariance_matrices\2023-04-28.parquet,data/processed/covariance_matrices/2023-04-28.parquet,.parquet,31347,fd3f0ed309f9,2500,5,as_of_date|ticker_a|ticker_b|annualized_covariance|correlation,as_of_date,2023-04-28T00:00:00,2023-04-28T00:00:00,{},,
C:\Users\Usuario\Documents\PROYECTO_FINTECH\institutional-quant-equity\data\processed\covariance_matrices\2023-05-31.parquet,data/processed/covariance_matrices/2023-05-31.parquet,.parquet,31347,c6ae5e710689,2500,5,as_of_date|ticker_a|ticker_b|annualized_covariance|correlation,as_of_date,2023-05-31T00:00:00,2023-05-31T00:00:00,{},,
C:\Users\Usuario\Documents\PROYECTO_FINTECH\institutional-quant-equity\data\processed\covariance_matrices\2023-06-30.parquet,data/processed/covariance_matrices/2023-06-30.parquet,.parquet,31347,c532d09c481e,2500,5,as_of_date|ticker_a|ticker_b|annualized_covariance|correlation,as_of_date,2023-06-30T00:00:00,2023-06-30T00:00:00,{},,
C:\Users\Usuario\Documents\PROYECTO_FINTECH\institutional-quant-equity\data\processed\covariance_matrices\2023-07-31.parquet,data/processed/covariance_matrices/2023-07-31.parquet,.parquet,31347,d1c21e907df7,2500,5,as_of_date|ticker_a|ticker_b|annualized_covariance|correlation,as_of_date,2023-07-31T00:00:00,2023-07-31T00:00:00,{},,
C:\Users\Usuario\Documents\PROYECTO_FINTECH\institutional-quant-equity\data\processed\covariance_matrices\2023-08-31.parquet,data/processed/covariance_matrices/2023-08-31.parquet,.parquet,31347,bbf5f7cc8a18,2500,5,as_of_date|ticker_a|ticker_b|annualized_covariance|correlation,as_of_date,2023-08-31T00:00:00,2023-08-31T00:00:00,{},,
C:\Users\Usuario\Documents\PROYECTO_FINTECH\institutional-quant-equity\data\processed\covariance_matrices\2023-09-29.parquet,data/processed/covariance_matrices/2023-09-29.parquet,.parquet,31347,85af7b39f5ba,2500,5,as_of_date|ticker_a|ticker_b|annualized_covariance|correlation,as_of_date,2023-09-29T00:00:00,2023-09-29T00:00:00,{},,
C:\Users\Usuario\Documents\PROYECTO_FINTECH\institutional-quant-equity\data\processed\covariance_matrices\2023-10-31.parquet,data/processed/covariance_matrices/2023-10-31.parquet,.parquet,31347,c08cbdedc553,2500,5,as_of_date|ticker_a|ticker_b|annualized_covariance|correlation,as_of_date,2023-10-31T00:00:00,2023-10-31T00:00:00,{},,
C:\Users\Usuario\Documents\PROYECTO_FINTECH\institutional-quant-equity\data\processed\covariance_matrices\2023-11-30.parquet,data/processed/covariance_matrices/2023-11-30.parquet,.parquet,31347,2b49dd99b2d2,2500,5,as_of_date|ticker_a|ticker_b|annualized_covariance|correlation,as_of_date,2023-11-30T00:00:00,2023-11-30T00:00:00,{},,
C:\Users\Usuario\Documents\PROYECTO_FINTECH\institutional-quant-equity\data\processed\covariance_matrices\2023-12-29.parquet,data/processed/covariance_matrices/2023-12-29.parquet,.parquet,31347,6b8c427b45d4,2500,5,as_of_date|ticker_a|ticker_b|annualized_covariance|correlation,as_of_date,2023-12-29T00:00:00,2023-12-29T00:00:00,{},,
C:\Users\Usuario\Documents\PROYECTO_FINTECH\institutional-quant-equity\data\processed\covariance_matrices\2024-01-31.parquet,data/processed/covariance_matrices/2024-01-31.parquet,.parquet,31347,2f89e83354b8,2500,5,as_of_date|ticker_a|ticker_b|annualized_covariance|correlation,as_of_date,2024-01-31T00:00:00,2024-01-31T00:00:00,{},,
C:\Users\Usuario\Documents\PROYECTO_FINTECH\institutional-quant-equity\data\processed\covariance_matrices\2024-02-29.parquet,data/processed/covariance_matrices/2024-02-29.parquet,.parquet,31347,ed1d6c163b26,2500,5,as_of_date|ticker_a|ticker_b|annualized_covariance|correlation,as_of_date,2024-02-29T00:00:00,2024-02-29T00:00:00,{},,
C:\Users\Usuario\Documents\PROYECTO_FINTECH\institutional-quant-equity\data\processed\covariance_matrices\2024-03-28.parquet,data/processed/covariance_matrices/2024-03-28.parquet,.parquet,31347,674d523353d7,2500,5,as_of_date|ticker_a|ticker_b|annualized_covariance|correlation,as_of_date,2024-03-28T00:00:00,2024-03-28T00:00:00,{},,
C:\Users\Usuario\Documents\PROYECTO_FINTECH\institutional-quant-equity\data\processed\covariance_matrices\2024-04-30.parquet,data/processed/covariance_matrices/2024-04-30.parquet,.parquet,31347,5863f2b42138,2500,5,as_of_date|ticker_a|ticker_b|annualized_covariance|correlation,as_of_date,2024-04-30T00:00:00,2024-04-30T00:00:00,{},,
C:\Users\Usuario\Documents\PROYECTO_FINTECH\institutional-quant-equity\data\processed\covariance_matrices\2024-05-31.parquet,data/processed/covariance_matrices/2024-05-31.parquet,.parquet,31347,2a2ee21a518a,2500,5,as_of_date|ticker_a|ticker_b|annualized_covariance|correlation,as_of_date,2024-05-31T00:00:00,2024-05-31T00:00:00,{},,
C:\Users\Usuario\Documents\PROYECTO_FINTECH\institutional-quant-equity\data\processed\covariance_matrices\2024-06-28.parquet,data/processed/covariance_matrices/2024-06-28.parquet,.parquet,31347,a11054b1ac25,2500,5,as_of_date|ticker_a|ticker_b|annualized_covariance|correlation,as_of_date,2024-06-28T00:00:00,2024-06-28T00:00:00,{},,
C:\Users\Usuario\Documents\PROYECTO_FINTECH\institutional-quant-equity\data\processed\covariance_matrices\2024-07-31.parquet,data/processed/covariance_matrices/2024-07-31.parquet,.parquet,31347,c7c140bd80c7,2500,5,as_of_date|ticker_a|ticker_b|annualized_covariance|correlation,as_of_date,2024-07-31T00:00:00,2024-07-31T00:00:00,{},,
C:\Users\Usuario\Documents\PROYECTO_FINTECH\institutional-quant-equity\data\processed\covariance_matrices\2024-08-30.parquet,data/processed/covariance_matrices/2024-08-30.parquet,.parquet,31347,367542349087,2500,5,as_of_date|ticker_a|ticker_b|annualized_covariance|correlation,as_of_date,2024-08-30T00:00:00,2024-08-30T00:00:00,{},,
C:\Users\Usuario\Documents\PROYECTO_FINTECH\institutional-quant-equity\data\processed\covariance_matrices\2024-09-30.parquet,data/processed/covariance_matrices/2024-09-30.parquet,.parquet,31347,49a10f733ffd,2500,5,as_of_date|ticker_a|ticker_b|annualized_covariance|correlation,as_of_date,2024-09-30T00:00:00,2024-09-30T00:00:00,{},,
C:\Users\Usuario\Documents\PROYECTO_FINTECH\institutional-quant-equity\data\processed\covariance_matrices\2024-10-31.parquet,data/processed/covariance_matrices/2024-10-31.parquet,.parquet,31347,73be380305dd,2500,5,as_of_date|ticker_a|ticker_b|annualized_covariance|correlation,as_of_date,2024-10-31T00:00:00,2024-10-31T00:00:00,{},,
C:\Users\Usuario\Documents\PROYECTO_FINTECH\institutional-quant-equity\data\processed\covariance_matrices\2024-11-29.parquet,data/processed/covariance_matrices/2024-11-29.parquet,.parquet,31347,70a4fbb17bb1,2500,5,as_of_date|ticker_a|ticker_b|annualized_covariance|correlation,as_of_date,2024-11-29T00:00:00,2024-11-29T00:00:00,{},,
C:\Users\Usuario\Documents\PROYECTO_FINTECH\institutional-quant-equity\data\processed\covariance_matrices\2024-12-31.parquet,data/processed/covariance_matrices/2024-12-31.parquet,.parquet,31347,a1ca24c2b859,2500,5,as_of_date|ticker_a|ticker_b|annualized_covariance|correlation,as_of_date,2024-12-31T00:00:00,2024-12-31T00:00:00,{},,
C:\Users\Usuario\Documents\PROYECTO_FINTECH\institutional-quant-equity\data\processed\covariance_matrices\2025-01-31.parquet,data/processed/covariance_matrices/2025-01-31.parquet,.parquet,31347,67ccb0250d21,2500,5,as_of_date|ticker_a|ticker_b|annualized_covariance|correlation,as_of_date,2025-01-31T00:00:00,2025-01-31T00:00:00,{},,
C:\Users\Usuario\Documents\PROYECTO_FINTECH\institutional-quant-equity\data\processed\covariance_matrices\2025-02-28.parquet,data/processed/covariance_matrices/2025-02-28.parquet,.parquet,31347,abd7910521d2,2500,5,as_of_date|ticker_a|ticker_b|annualized_covariance|correlation,as_of_date,2025-02-28T00:00:00,2025-02-28T00:00:00,{},,
C:\Users\Usuario\Documents\PROYECTO_FINTECH\institutional-quant-equity\data\processed\covariance_matrices\2025-03-31.parquet,data/processed/covariance_matrices/2025-03-31.parquet,.parquet,31347,48a431f76ab6,2500,5,as_of_date|ticker_a|ticker_b|annualized_covariance|correlation,as_of_date,2025-03-31T00:00:00,2025-03-31T00:00:00,{},,
C:\Users\Usuario\Documents\PROYECTO_FINTECH\institutional-quant-equity\data\processed\covariance_matrices\2025-04-30.parquet,data/processed/covariance_matrices/2025-04-30.parquet,.parquet,31347,182263d24a12,2500,5,as_of_date|ticker_a|ticker_b|annualized_covariance|correlation,as_of_date,2025-04-30T00:00:00,2025-04-30T00:00:00,{},,
C:\Users\Usuario\Documents\PROYECTO_FINTECH\institutional-quant-equity\data\processed\covariance_matrices\2025-05-30.parquet,data/processed/covariance_matrices/2025-05-30.parquet,.parquet,31347,f350476bdd1c,2500,5,as_of_date|ticker_a|ticker_b|annualized_covariance|correlation,as_of_date,2025-05-30T00:00:00,2025-05-30T00:00:00,{},,
C:\Users\Usuario\Documents\PROYECTO_FINTECH\institutional-quant-equity\data\processed\covariance_matrices\2025-06-30.parquet,data/processed/covariance_matrices/2025-06-30.parquet,.parquet,31347,4282229a6ddd,2500,5,as_of_date|ticker_a|ticker_b|annualized_covariance|correlation,as_of_date,2025-06-30T00:00:00,2025-06-30T00:00:00,{},,
C:\Users\Usuario\Documents\PROYECTO_FINTECH\institutional-quant-equity\data\processed\covariance_matrices\2025-07-31.parquet,data/processed/covariance_matrices/2025-07-31.parquet,.parquet,31347,4cacb185fc63,2500,5,as_of_date|ticker_a|ticker_b|annualized_covariance|correlation,as_of_date,2025-07-31T00:00:00,2025-07-31T00:00:00,{},,
C:\Users\Usuario\Documents\PROYECTO_FINTECH\institutional-quant-equity\data\processed\covariance_matrices\2025-08-29.parquet,data/processed/covariance_matrices/2025-08-29.parquet,.parquet,31347,31890b7a37a4,2500,5,as_of_date|ticker_a|ticker_b|annualized_covariance|correlation,as_of_date,2025-08-29T00:00:00,2025-08-29T00:00:00,{},,
C:\Users\Usuario\Documents\PROYECTO_FINTECH\institutional-quant-equity\data\processed\covariance_matrices\2025-09-30.parquet,data/processed/covariance_matrices/2025-09-30.parquet,.parquet,31347,82bdf4a0eb60,2500,5,as_of_date|ticker_a|ticker_b|annualized_covariance|correlation,as_of_date,2025-09-30T00:00:00,2025-09-30T00:00:00,{},,
C:\Users\Usuario\Documents\PROYECTO_FINTECH\institutional-quant-equity\data\processed\covariance_matrices\2025-10-31.parquet,data/processed/covariance_matrices/2025-10-31.parquet,.parquet,31347,c4a7ec08bdb9,2500,5,as_of_date|ticker_a|ticker_b|annualized_covariance|correlation,as_of_date,2025-10-31T00:00:00,2025-10-31T00:00:00,{},,
C:\Users\Usuario\Documents\PROYECTO_FINTECH\institutional-quant-equity\data\processed\covariance_matrices\2025-11-28.parquet,data/processed/covariance_matrices/2025-11-28.parquet,.parquet,31347,1762ccc3b3d7,2500,5,as_of_date|ticker_a|ticker_b|annualized_covariance|correlation,as_of_date,2025-11-28T00:00:00,2025-11-28T00:00:00,{},,
C:\Users\Usuario\Documents\PROYECTO_FINTECH\institutional-quant-equity\data\processed\covariance_matrices\2025-12-31.parquet,data/processed/covariance_matrices/2025-12-31.parquet,.parquet,31347,5089eb063195,2500,5,as_of_date|ticker_a|ticker_b|annualized_covariance|correlation,as_of_date,2025-12-31T00:00:00,2025-12-31T00:00:00,{},,
C:\Users\Usuario\Documents\PROYECTO_FINTECH\institutional-quant-equity\data\processed\covariance_matrices\2026-01-30.parquet,data/processed/covariance_matrices/2026-01-30.parquet,.parquet,31347,be693a1b09a4,2500,5,as_of_date|ticker_a|ticker_b|annualized_covariance|correlation,as_of_date,2026-01-30T00:00:00,2026-01-30T00:00:00,{},,
C:\Users\Usuario\Documents\PROYECTO_FINTECH\institutional-quant-equity\data\processed\covariance_matrices\2026-02-27.parquet,data/processed/covariance_matrices/2026-02-27.parquet,.parquet,31347,9af83857ac66,2500,5,as_of_date|ticker_a|ticker_b|annualized_covariance|correlation,as_of_date,2026-02-27T00:00:00,2026-02-27T00:00:00,{},,
C:\Users\Usuario\Documents\PROYECTO_FINTECH\institutional-quant-equity\data\processed\covariance_matrices\2026-03-31.parquet,data/processed/covariance_matrices/2026-03-31.parquet,.parquet,31347,b4327be7658f,2500,5,as_of_date|ticker_a|ticker_b|annualized_covariance|correlation,as_of_date,2026-03-31T00:00:00,2026-03-31T00:00:00,{},,
C:\Users\Usuario\Documents\PROYECTO_FINTECH\institutional-quant-equity\data\processed\covariance_matrices\2026-04-30.parquet,data/processed/covariance_matrices/2026-04-30.parquet,.parquet,31347,cdf06675888d,2500,5,as_of_date|ticker_a|ticker_b|annualized_covariance|correlation,as_of_date,2026-04-30T00:00:00,2026-04-30T00:00:00,{},,
C:\Users\Usuario\Documents\PROYECTO_FINTECH\institutional-quant-equity\data\processed\covariance_matrices\2026-05-29.parquet,data/processed/covariance_matrices/2026-05-29.parquet,.parquet,31347,07c164c32882,2500,5,as_of_date|ticker_a|ticker_b|annualized_covariance|correlation,as_of_date,2026-05-29T00:00:00,2026-05-29T00:00:00,{},,
C:\Users\Usuario\Documents\PROYECTO_FINTECH\institutional-quant-equity\data\processed\covariance_matrices.parquet,data/processed/covariance_matrices.parquet,.parquet,2327831,3d7140ba56dc,192500,5,as_of_date|ticker_a|ticker_b|annualized_covariance|correlation,as_of_date,2020-01-31T00:00:00,2026-05-29T00:00:00,{},,
C:\Users\Usuario\Documents\PROYECTO_FINTECH\institutional-quant-equity\data\processed\features_fundamental_monthly.parquet,data/processed/features_fundamental_monthly.parquet,.parquet,4959194,a4cb77cff2ca,7550,180,as_of_date|ticker|company_name|sector|industry|cik|close_price|assets|cash|current_assets|current_liabilities|debt_current|debt_noncurrent|equity|inventory|receivables|shares_outstanding|assets_available_date|cash_available_date|current_assets_available_date|current_liabilities_available_date|debt_current_available_date|debt_noncurrent_available_date|equity_available_date|inventory_available_date|receivables_available_date|shares_outstanding_available_date|capex_ttm|gross_profit_ttm|interest_expense_ttm|net_income_ttm|operating_cash_flow_ttm|operating_income_ttm|revenue_ttm|capex_ttm_available_date|gross_profit_ttm_available_date|interest_expense_ttm_available_date|net_income_ttm_available_date|operating_cash_flow_ttm_available_date|operating_income_ttm_available_date|revenue_ttm_available_date|fundamental_input_count|fundamental_missing_count|diluted_shares_quarter|diluted_shares_period_end|diluted_shares_available_date|valuation_share_count|valuation_share_count_source|valuation_share_count_available_date|market_cap_proxy|free_cash_flow_ttm|total_debt|net_debt|earnings_yield|sales_yield|book_to_market|fcf_yield|roe|roa|gross_profitability|gross_margin|operating_margin|net_margin|cash_conversion|debt_to_assets|net_debt_to_assets|current_ratio|interest_coverage|capex_to_assets|accruals|raw_factor_count|growth_reference_date|revenue_ttm_lag_12m|net_income_ttm_lag_12m|operating_cash_flow_ttm_lag_12m|assets_lag_12m|revenue_growth_yoy|net_income_growth_yoy|operating_cash_flow_growth_yoy|asset_growth_yoy|revenue_growth_acceleration|net_income_growth_acceleration|operating_cash_flow_growth_acceleration|growth_factor_count|earnings_yield_missing|earnings_yield_winsorized|earnings_yield_zscore|earnings_yield_sector_zscore|sales_yield_missing|sales_yield_winsorized|sales_yield_zscore|sales_yield_sector_zscore|book_to_market_missing|book_to_market_winsorized|book_to_market_zscore|book_to_market_sector_zscore|fcf_yield_missing|fcf_yield_winsorized|fcf_yield_zscore|fcf_yield_sector_zscore|roe_missing|roe_winsorized|roe_zscore|roe_sector_zscore|roa_missing|roa_winsorized|roa_zscore|roa_sector_zscore|gross_profitability_missing|gross_profitability_winsorized|gross_profitability_zscore|gross_profitability_sector_zscore|gross_margin_missing|gross_margin_winsorized|gross_margin_zscore|gross_margin_sector_zscore|operating_margin_missing|operating_margin_winsorized|operating_margin_zscore|operating_margin_sector_zscore|net_margin_missing|net_margin_winsorized|net_margin_zscore|net_margin_sector_zscore|cash_conversion_missing|cash_conversion_winsorized|cash_conversion_zscore|cash_conversion_sector_zscore|debt_to_assets_missing|debt_to_assets_winsorized|debt_to_assets_zscore|debt_to_assets_sector_zscore|net_debt_to_assets_missing|net_debt_to_assets_winsorized|net_debt_to_assets_zscore|net_debt_to_assets_sector_zscore|current_ratio_missing|current_ratio_winsorized|current_ratio_zscore|current_ratio_sector_zscore|interest_coverage_missing|interest_coverage_winsorized|interest_coverage_zscore|interest_coverage_sector_zscore|capex_to_assets_missing|capex_to_assets_winsorized|capex_to_assets_zscore|capex_to_assets_sector_zscore|accruals_missing|accruals_winsorized|accruals_zscore|accruals_sector_zscore|revenue_growth_yoy_missing|revenue_growth_yoy_winsorized|revenue_growth_yoy_zscore|revenue_growth_yoy_sector_zscore|net_income_growth_yoy_missing|net_income_growth_yoy_winsorized|net_income_growth_yoy_zscore|net_income_growth_yoy_sector_zscore|operating_cash_flow_growth_yoy_missing|operating_cash_flow_growth_yoy_winsorized|operating_cash_flow_growth_yoy_zscore|operating_cash_flow_growth_yoy_sector_zscore|asset_growth_yoy_missing|asset_growth_yoy_winsorized|asset_growth_yoy_zscore|asset_growth_yoy_sector_zscore|revenue_growth_acceleration_missing|revenue_growth_acceleration_winsorized|revenue_growth_acceleration_zscore|revenue_growth_acceleration_sector_zscore|net_income_growth_acceleration_missing|net_income_growth_acceleration_winsorized|net_income_growth_acceleration_zscore|net_income_growth_acceleration_sector_zscore|operating_cash_flow_growth_acceleration_missing|operating_cash_flow_growth_acceleration_winsorized|operating_cash_flow_growth_acceleration_zscore|operating_cash_flow_growth_acceleration_sector_zscore,as_of_date|assets_available_date|cash_available_date|current_assets_available_date|current_liabilities_available_date|debt_current_available_date|debt_noncurrent_available_date|equity_available_date|inventory_available_date|receivables_available_date|shares_outstanding_available_date|capex_ttm_available_date|gross_profit_ttm_available_date|interest_expense_ttm_available_date|net_income_ttm_available_date|operating_cash_flow_ttm_available_date|operating_income_ttm_available_date|revenue_ttm_available_date|diluted_shares_period_end|diluted_shares_available_date|valuation_share_count_available_date|growth_reference_date,2009-12-02T00:00:00,2026-07-27T00:00:00,{},,
C:\Users\Usuario\Documents\PROYECTO_FINTECH\institutional-quant-equity\data\processed\features_technical_monthly.parquet,data/processed/features_technical_monthly.parquet,.parquet,4940815,6bc5f000d9e9,7550,81,as_of_date|ticker|sector|latest_market_date|observations_available|momentum_12_1|momentum_6_1|return_3m|return_1m|return_1w|reversal_1m|volatility_20d|volatility_60d|downside_volatility_60d|beta_60d_market|max_drawdown_126d|distance_sma_50d|distance_sma_200d|sma_50_200_spread|positive_day_ratio_60d|average_dollar_volume_20d|dollar_volume_change_20d_60d|amihud_illiquidity_20d|zero_volume_ratio_60d|momentum_12_1_winsorized|momentum_6_1_winsorized|return_3m_winsorized|return_1m_winsorized|return_1w_winsorized|reversal_1m_winsorized|volatility_20d_winsorized|volatility_60d_winsorized|downside_volatility_60d_winsorized|beta_60d_market_winsorized|max_drawdown_126d_winsorized|distance_sma_50d_winsorized|distance_sma_200d_winsorized|sma_50_200_spread_winsorized|positive_day_ratio_60d_winsorized|average_dollar_volume_20d_winsorized|dollar_volume_change_20d_60d_winsorized|amihud_illiquidity_20d_winsorized|zero_volume_ratio_60d_winsorized|momentum_12_1_zscore|momentum_6_1_zscore|return_3m_zscore|return_1m_zscore|return_1w_zscore|reversal_1m_zscore|volatility_20d_zscore|volatility_60d_zscore|downside_volatility_60d_zscore|beta_60d_market_zscore|max_drawdown_126d_zscore|distance_sma_50d_zscore|distance_sma_200d_zscore|sma_50_200_spread_zscore|positive_day_ratio_60d_zscore|average_dollar_volume_20d_zscore|dollar_volume_change_20d_60d_zscore|amihud_illiquidity_20d_zscore|zero_volume_ratio_60d_zscore|momentum_12_1_sector_neutral|momentum_6_1_sector_neutral|return_3m_sector_neutral|return_1m_sector_neutral|return_1w_sector_neutral|reversal_1m_sector_neutral|volatility_20d_sector_neutral|volatility_60d_sector_neutral|downside_volatility_60d_sector_neutral|beta_60d_market_sector_neutral|max_drawdown_126d_sector_neutral|distance_sma_50d_sector_neutral|distance_sma_200d_sector_neutral|sma_50_200_spread_sector_neutral|positive_day_ratio_60d_sector_neutral|average_dollar_volume_20d_sector_neutral|dollar_volume_change_20d_60d_sector_neutral|amihud_illiquidity_20d_sector_neutral|zero_volume_ratio_60d_sector_neutral,as_of_date|latest_market_date,2014-01-31T00:00:00,2026-07-27T00:00:00,{},,
C:\Users\Usuario\Documents\PROYECTO_FINTECH\institutional-quant-equity\data\processed\final_alpha_signal.parquet,data/processed/final_alpha_signal.parquet,.parquet,370353,5c98978c3a6b,3850,14,fold_id|as_of_date|ticker|sector|raw_prediction|percentile_score|rank|composite_weight|elastic_net_weight|lightgbm_ranker_weight|composite_contribution|elastic_net_contribution|lightgbm_ranker_contribution|model_contributions,as_of_date,2020-01-31T00:00:00,2026-05-29T00:00:00,"{""model_contributions"": [""{\""elastic_net\"": {\""contribution\"": 0.0, \""percentile\"": 0.0, \""weight\"": 0.16666666666666666}, \""lightgbm_ranker\"": {\""contribution\"": 0.10465463854703438, \""percentile\"": 0.30612244897959184, \""weight\"": 0.3418718192536456}, \""technical_composite\"": {\""contribution\"": 0.0, \""percentile\"": 0.0, \""weight\"": 0.49146151407968774}}"", ""{\""elastic_net\"": {\""contribution\"": 0.0, \""percentile\"": 0.0, \""weight\"": 0.16666666666666666}, \""lightgbm_ranker\"": {\""contribution\"": 0.23721718070661124, \""percentile\"": 0.6938775510204082, \""weight\"": 0.3418718192536456}, \""technical_composite\"": {\""contribution\"": 0.2908649777206315, \""percentile\"": 0.5918367346938775, \""weight\"": 0.49146151407968774}}"", ""{\""elastic_net\"": {\""contribution\"": 0.0, \""percentile\"": 0.0, \""weight\"": 0.16666666666666669}, \""lightgbm_ranker\"": {\""contribution\"": 0.0935374149659864, \""percentile\"": 0.5612244897959183, \""weight\"": 0.16666666666666669}, \""technical_composite\"": {\""contribution\"": 0.4081632653061225, \""percentile\"": 0.6122448979591837, \""weight\"": 0.6666666666666667}}"", ""{\""elastic_net\"": {\""contribution\"": 0.0, \""percentile\"": 0.0, \""weight\"": 0.16666666666666669}, \""lightgbm_ranker\"": {\""contribution\"": 0.10374149659863947, \""percentile\"": 0.6224489795918368, \""weight\"": 0.16666666666666669}, \""technical_composite\"": {\""contribution\"": 0.4761904761904763, \""percentile\"": 0.7142857142857143, \""weight\"": 0.6666666666666667}}"", ""{\""elastic_net\"": {\""contribution\"": 0.0, \""percentile\"": 0.0, \""weight\"": 0.1759726500066194}, \""lightgbm_ranker\"": {\""contribution\"": 0.4468836166552605, \""percentile\"": 1.0, \""weight\"": 0.4468836166552605}, \""technical_composite\"": {\""contribution\"": 0.13084578503567434, \""percentile\"": 0.3469387755102041, \""weight\"": 0.3771437333381202}}"", ""{\""elastic_net\"": {\""contribution\"": 0.0, \""percentile\"": 0.0, \""weight\"": 0.19078776697430908}, \""lightgbm_ranker\"": {\""contribution\"": 0.11739045669152907, \""percentile\"": 0.1836734693877551, \""weight\"": 0.6391258197649916}, \""technical_composite\"": {\""contribution\"": 0.0034711512910346803, \""percentile\"": 0.02040816326530612, \""weight\"": 0.17008641326069934}}"", ""{\""elastic_net\"": {\""contribution\"": 0.0, \""percentile\"": 0.0, \""weight\"": 0.19643958970280992}, \""lightgbm_ranker\"": {\""contribution\"": 0.24622407946610306, \""percentile\"": 0.9285714285714286, \""weight\"": 0.2651643932711879}, \""technical_composite\"": {\""contribution\"": 0.27469184542142966, \""percentile\"": 0.5102040816326531, \""weight\"": 0.5383960170260021}}"", ""{\""elastic_net\"": {\""contribution\"": 0.0, \""percentile\"": 0.0, \""weight\"": 0.19643958970280992}, \""lightgbm_ranker\"": {\""contribution\"": 0.25704711592615154, \""percentile\"": 0.9693877551020408, \""weight\"": 0.2651643932711879}, \""technical_composite\"": {\""contribution\"": 0.05493836908428593, \""percentile\"": 0.10204081632653061, \""weight\"": 0.5383960170260021}}"", ""{\""elastic_net\"": {\""contribution\"": 0.0, \""percentile\"": 0.0, \""weight\"": 0.20101702028250273}, \""lightgbm_ranker\"": {\""contribution\"": 0.13130547389317188, \""percentile\"": 0.23469387755102042, \""weight\"": 0.5594754974578627}, \""technical_composite\"": {\""contribution\"": 0.024439539006085167, \""percentile\"": 0.10204081632653061, \""weight\"": 0.2395074822596346}}"", ""{\""elastic_net\"": {\""contribution\"": 0.0, \""percentile\"": 0.0, \""weight\"": 0.20101702028250273}, \""lightgbm_ranker\"": {\""contribution\"": 0.37678962073692795, \""percentile\"": 0.673469387755102, \""weight\"": 0.5594754974578627}, \""technical_composite\"": {\""contribution\"": 0.0, \""percentile\"": 0.0, \""weight\"": 0.2395074822596346}}"", ""{\""elastic_net\"": {\""contribution\"": 0.0, \""percentile\"": 0.0, \""weight\"": 0.21001772825456222}, \""lightgbm_ranker\"": {\""contribution\"": 0.06491275955439058, \""percentile\"": 0.2755102040816326, \""weight\"": 0.23560927541963989}, \""technical_composite\"": {\""contribution\"": 0.22627469237787667, \""percentile\"": 0.40816326530612246, \""weight\"": 0.5543729963257978}}"", ""{\""elastic_net\"": {\""contribution\"": 0.0, \""percentile\"": 0.0, \""weight\"": 0.2165834446237017}, \""lightgbm_ranker\"": {\""contribution\"": 0.29964332526661763, \""percentile\"": 0.8775510204081632, \""weight\"": 0.341454021815448}, \""technical_composite\"": {\""contribution\"": 0.2254910885514543, \""percentile\"": 0.5102040816326531, \""weight\"": 0.4419625335608504}}"", ""{\""elastic_net\"": {\""contribution\"": 0.0, \""percentile\"": 0.0, \""weight\"": 0.2292975095314283}, \""lightgbm_ranker\"": {\""contribution\"": 0.142322965797625, \""percentile\"": 0.32653061224489793, \""weight\"": 0.4358640827552266}, \""technical_composite\"": {\""contribution\"": 0.06833436892109084, \""percentile\"": 0.20408163265306123, \""weight\"": 0.3348384077133451}}"", ""{\""elastic_net\"": {\""contribution\"": 0.0, \""percentile\"": 0.0, \""weight\"": 0.24874530905431685}, \""lightgbm_ranker\"": {\""contribution\"": 0.10327763155719233, \""percentile\"": 0.25510204081632654, \""weight\"": 0.40484831570419394}, \""technical_composite\"": {\""contribution\"": 0.049486625034498445, \""percentile\"": 0.14285714285714285, \""weight\"": 0.34640637524148915}}"", ""{\""elastic_net\"": {\""contribution\"": 0.0, \""percentile\"": 0.0, \""weight\"": 0.24967178633951143}, \""lightgbm_ranker\"": {\""contribution\"": 0.08281634340805068, \""percentile\"": 0.23469387755102042, \""weight\"": 0.35286963712995506}, \""technical_composite\"": {\""contribution\"": 0.12978239233650074, \""percentile\"": 0.32653061224489793, \""weight\"": 0.39745857653053357}}"", ""{\""elastic_net\"": {\""contribution\"": 0.0, \""percentile\"": 0.0, \""weight\"": 0.2524213555096364}, \""lightgbm_ranker\"": {\""contribution\"": 0.02523554036064942, \""percentile\"": 0.05102040816326531, \""weight\"": 0.49461659106872863}, \""technical_composite\"": {\""contribution\"": 0.020649963544623267, \""percentile\"": 0.08163265306122448, \""weight\"": 0.252962053421635}}"", ""{\""elastic_net\"": {\""contribution\"": 0.0, \""percentile\"": 0.0, \""weight\"": 0.257106968769316}, \""lightgbm_ranker\"": {\""contribution\"": 0.2939930431449068, \""percentile\"": 0.5102040816326531, \""weight\"": 0.5762263645640173}, \""technical_composite\"": {\""contribution\"": 0.006802721088435373, \""percentile\"": 0.04081632653061224, \""weight\"": 0.16666666666666666}}"", ""{\""elastic_net\"": {\""contribution\"": 0.0, \""percentile\"": 0.0, \""weight\"": 0.2606414629635042}, \""lightgbm_ranker\"": {\""contribution\"": 0.029473708996513824, \""percentile\"": 0.061224489795918366, \""weight\"": 0.4814039136097258}, \""technical_composite\"": {\""contribution\"": 0.03685066048953857, \""percentile\"": 0.14285714285714285, \""weight\"": 0.25795462342677}}"", ""{\""elastic_net\"": {\""contribution\"": 0.0, \""percentile\"": 0.0, \""weight\"": 0.2606414629635042}, \""lightgbm_ranker\"": {\""contribution\"": 0.1375439753170645, \""percentile\"": 0.2857142857142857, \""weight\"": 0.4814039136097258}, \""technical_composite\"": {\""contribution\"": 0.14740264195815428, \""percentile\"": 0.5714285714285714, \""weight\"": 0.25795462342677}}"", ""{\""elastic_net\"": {\""contribution\"": 0.0, \""percentile\"": 0.0, \""weight\"": 0.2640112754867646}, \""lightgbm_ranker\"": {\""contribution\"": 0.16941243899447353, \""percentile\"": 0.32653061224489793, \""weight\"": 0.5188255944205752}, \""technical_composite\"": {\""contribution\"": 0.013295701842407774, \""percentile\"": 0.061224489795918366, \""weight\"": 0.2171631300926603}}"", ""{\""elastic_net\"": {\""contribution\"": 0.0, \""percentile\"": 0.0, \""weight\"": 0.2676533298660609}, \""lightgbm_ranker\"": {\""contribution\"": 0.43468610545406433, \""percentile\"": 0.8979591836734694, \""weight\"": 0.4840822538011171}, \""technical_composite\"": {\""contribution\"": 0.07599931112229248, \""percentile\"": 0.30612244897959184, \""weight\"": 0.24826441633282212}}"", ""{\""elastic_net\"": {\""contribution\"": 0.0, \""percentile\"": 0.0, \""weight\"": 0.2685665062520792}, \""lightgbm_ranker\"": {\""contribution\"": 0.1728878042085472, \""percentile\"": 0.30612244897959184, \""weight\"": 0.5647668270812543}, \""technical_composite\"": {\""contribution\"": 0.04081632653061225, \""percentile\"": 0.24489795918367346, \""weight\"": 0.16666666666666669}}"", ""{\""elastic_net\"": {\""contribution\"": 0.0, \""percentile\"": 0.0, \""weight\"": 0.2713512988000051}, \""lightgbm_ranker\"": {\""contribution\"": 0.03140404614445774, \""percentile\"": 0.061224489795918366, \""weight\"": 0.5129327536928098}, \""technical_composite\"": {\""contribution\"": 0.017609465102627356, \""percentile\"": 0.08163265306122448, \""weight\"": 0.21571594750718512}}"", ""{\""elastic_net\"": {\""contribution\"": 0.0, \""percentile\"": 0.0, \""weight\"": 0.2810282256507443}, \""lightgbm_ranker\"": {\""contribution\"": 0.09195213897402092, \""percentile\"": 0.22448979591836735, \""weight\"": 0.4096049827024568}, \""technical_composite\"": {\""contribution\"": 0.02525443197116725, \""percentile\"": 0.08163265306122448, \""weight\"": 0.30936679164679887}}"", ""{\""elastic_net\"": {\""contribution\"": 0.0, \""percentile\"": 0.0, \""weight\"": 0.2810282256507443}, \""lightgbm_ranker\"": {\""contribution\"": 0.3761678412573583, \""percentile\"": 0.9183673469387755, \""weight\"": 0.4096049827024568}, \""technical_composite\"": {\""contribution\"": 0.0505088639423345, \""percentile\"": 0.16326530612244897, \""weight\"": 0.30936679164679887}}"", ""{\""elastic_net\"": {\""contribution\"": 0.0, \""percentile\"": 0.0, \""weight\"": 0.28147005446109463}, \""lightgbm_ranker\"": {\""contribution\"": 0.06876271177861612, \""percentile\"": 0.1836734693877551, \""weight\"": 0.37437476412802106}, \""technical_composite\"": {\""contribution\"": 0.0, \""percentile\"": 0.0, \""weight\"": 0.3441551814108843}}"", ""{\""elastic_net\"": {\""contribution\"": 0.0, \""percentile\"": 0.0, \""weight\"": 0.28614068485745825}, \""lightgbm_ranker\"": {\""contribution\"": 0.047619047619047616, \""percentile\"": 0.2857142857142857, \""weight\"": 0.16666666666666666}, \""technical_composite\"": {\""contribution\"": 0.23451113506108934, \""percentile\"": 0.42857142857142855, \""weight\"": 0.5471926484758751}}"", ""{\""elastic_net\"": {\""contribution\"": 0.0, \""percentile\"": 0.0, \""weight\"": 0.28614068485745825}, \""lightgbm_ranker\"": {\""contribution\"": 0.06802721088435373, \""percentile\"": 0.40816326530612246, \""weight\"": 0.16666666666666666}, \""technical_composite\"": {\""contribution\"": 0.24567833196876027, \""percentile\"": 0.4489795918367347, \""weight\"": 0.5471926484758751}}"", ""{\""elastic_net\"": {\""contribution\"": 0.0, \""percentile\"": 0.0, \""weight\"": 0.3007888493065384}, \""lightgbm_ranker\"": {\""contribution\"": 0.29536756700448835, \""percentile\"": 0.6122448979591837, \""weight\"": 0.4824336927739976}, \""technical_composite\"": {\""contribution\"": 0.09290462482262742, \""percentile\"": 0.42857142857142855, \""weight\"": 0.21677745791946398}}"", ""{\""elastic_net\"": {\""contribution\"": 0.0, \""percentile\"": 0.0, \""weight\"": 0.3092068306931805}, \""lightgbm_ranker\"": {\""contribution\"": 0.12991890386083652, \""percentile\"": 0.32653061224489793, \""weight\"": 0.3978766430738119}, \""technical_composite\"": {\""contribution\"": 0.20324820187596443, \""percentile\"": 0.6938775510204082, \""weight\"": 0.29291652623300757}}""]}",stock_ranking,
C:\Users\Usuario\Documents\PROYECTO_FINTECH\institutional-quant-equity\data\processed\labels_monthly.parquet,data/processed/labels_monthly.parquet,.parquet,284529,fc649af9cec8,7450,14,as_of_date|ticker|first_future_date|target_end_date|horizon_sessions|as_of_adjusted_close|target_end_adjusted_close|target_21d|cross_sectional_median_21d|target_21d_excess|target_rank|target_percentile|cross_section_size|label_top_quintile,as_of_date|first_future_date|target_end_date|as_of_adjusted_close,1970-01-01T00:00:00,2026-06-30T00:00:00,{},,
C:\Users\Usuario\Documents\PROYECTO_FINTECH\institutional-quant-equity\data\processed\linear_walk_forward_folds.parquet,data/processed/linear_walk_forward_folds.parquet,.parquet,14780,8b9bb9b37849,77,16,fold_id|test_date|train_start_date|train_end_date|validation_start_date|validation_end_date|latest_known_target_end_date|test_target_end_date|training_dates|validation_dates|test_dates|training_rows|validation_rows|test_rows|test_cross_section_size|split_type,test_date|train_start_date|train_end_date|validation_start_date|validation_end_date|latest_known_target_end_date|test_target_end_date|training_dates|validation_dates|test_dates,1970-01-01T00:00:00.000000001,2026-06-30T00:00:00,{},,
C:\Users\Usuario\Documents\PROYECTO_FINTECH\institutional-quant-equity\data\processed\market_daily.parquet,data/processed/market_daily.parquet,.parquet,4892742,9f9fe7ab8fc2,157950,10,date|ticker|open|high|low|close|adjusted_close|volume|dividends|stock_splits,date,2014-01-02T00:00:00,2026-07-27T00:00:00,{},,
C:\Users\Usuario\Documents\PROYECTO_FINTECH\institutional-quant-equity\data\processed\modeling_panel.parquet,data/processed/modeling_panel.parquet,.parquet,3874322,94539c552756,7550,108,as_of_date|ticker|sector|technical_latest_market_date|observations_available|tech__momentum_12_1_sector_neutral|tech__momentum_6_1_sector_neutral|tech__return_3m_sector_neutral|tech__return_1m_sector_neutral|tech__return_1w_sector_neutral|tech__reversal_1m_sector_neutral|tech__volatility_20d_sector_neutral|tech__volatility_60d_sector_neutral|tech__downside_volatility_60d_sector_neutral|tech__beta_60d_market_sector_neutral|tech__max_drawdown_126d_sector_neutral|tech__distance_sma_50d_sector_neutral|tech__distance_sma_200d_sector_neutral|tech__sma_50_200_spread_sector_neutral|tech__positive_day_ratio_60d_sector_neutral|tech__average_dollar_volume_20d_sector_neutral|tech__dollar_volume_change_20d_60d_sector_neutral|tech__amihud_illiquidity_20d_sector_neutral|tech__zero_volume_ratio_60d_sector_neutral|fund__earnings_yield_zscore|fund__sales_yield_zscore|fund__book_to_market_zscore|fund__fcf_yield_zscore|fund__roe_zscore|fund__roa_zscore|fund__gross_profitability_zscore|fund__gross_margin_zscore|fund__operating_margin_zscore|fund__net_margin_zscore|fund__cash_conversion_zscore|fund__debt_to_assets_zscore|fund__net_debt_to_assets_zscore|fund__current_ratio_zscore|fund__interest_coverage_zscore|fund__capex_to_assets_zscore|fund__accruals_zscore|fund__revenue_growth_yoy_zscore|fund__net_income_growth_yoy_zscore|fund__operating_cash_flow_growth_yoy_zscore|fund__asset_growth_yoy_zscore|fund__revenue_growth_acceleration_zscore|fund__net_income_growth_acceleration_zscore|fund__operating_cash_flow_growth_acceleration_zscore|fund__earnings_yield_sector_zscore|fund__sales_yield_sector_zscore|fund__book_to_market_sector_zscore|fund__fcf_yield_sector_zscore|fund__roe_sector_zscore|fund__roa_sector_zscore|fund__gross_profitability_sector_zscore|fund__gross_margin_sector_zscore|fund__operating_margin_sector_zscore|fund__net_margin_sector_zscore|fund__cash_conversion_sector_zscore|fund__debt_to_assets_sector_zscore|fund__net_debt_to_assets_sector_zscore|fund__current_ratio_sector_zscore|fund__interest_coverage_sector_zscore|fund__capex_to_assets_sector_zscore|fund__accruals_sector_zscore|fund__revenue_growth_yoy_sector_zscore|fund__net_income_growth_yoy_sector_zscore|fund__operating_cash_flow_growth_yoy_sector_zscore|fund__asset_growth_yoy_sector_zscore|fund__revenue_growth_acceleration_sector_zscore|fund__net_income_growth_acceleration_sector_zscore|fund__operating_cash_flow_growth_acceleration_sector_zscore|fund__earnings_yield_missing|fund__sales_yield_missing|fund__book_to_market_missing|fund__fcf_yield_missing|fund__roe_missing|fund__roa_missing|fund__gross_profitability_missing|fund__gross_margin_missing|fund__operating_margin_missing|fund__net_margin_missing|fund__cash_conversion_missing|fund__debt_to_assets_missing|fund__net_debt_to_assets_missing|fund__current_ratio_missing|fund__interest_coverage_missing|fund__capex_to_assets_missing|fund__accruals_missing|fund__revenue_growth_yoy_missing|fund__net_income_growth_yoy_missing|fund__operating_cash_flow_growth_yoy_missing|fund__asset_growth_yoy_missing|fund__revenue_growth_acceleration_missing|fund__net_income_growth_acceleration_missing|fund__operating_cash_flow_growth_acceleration_missing|first_future_date|target_end_date|horizon_sessions|target_21d|target_21d_excess|label_top_quintile|technical_missing_count|fundamental_global_missing_count|fundamental_sector_missing_count|model_feature_missing_count|has_target|sample_role,as_of_date|technical_latest_market_date|first_future_date|target_end_date,2014-01-31T00:00:00,2026-07-27T00:00:00,"{""model_feature_missing_count"": [""0"", ""1"", ""10"", ""11"", ""12"", ""13"", ""14"", ""15"", ""16"", ""17"", ""18"", ""19"", ""2"", ""20"", ""21"", ""22"", ""23"", ""24"", ""25"", ""26"", ""27"", ""28"", ""29"", ""30"", ""31"", ""32"", ""33"", ""34"", ""35"", ""36""]}",stock_ranking,
C:\Users\Usuario\Documents\PROYECTO_FINTECH\institutional-quant-equity\data\processed\mvp_target_weights.parquet,data/processed/mvp_target_weights.parquet,.parquet,188952,55e3b0fe843a,19250,12,as_of_date|strategy_name|source_model|constraint_set|allocation_method|ticker|sector|model_prediction|selection_rank|allocation_score|target_weight|selected,as_of_date,2020-01-31T00:00:00,2026-05-29T00:00:00,"{""allocation_method"": [""equal_weight_all"", ""positive_score_projection"", ""top_n_equal_weight""], ""model_prediction"": [""-0.00010176495492092734"", ""-0.00010190353580396844"", ""-0.00010224504006251661"", ""-0.00010611097337256785"", ""-0.00010710167533281405"", ""-0.00011033348066240897"", ""-0.00011144098439843297"", ""-0.00011425999720881923"", ""-0.00011472028024238573"", ""-0.0001158134603174224"", ""-0.00011917225782098403"", ""-0.0001235327044645687"", ""-0.00012419069376279172"", ""-0.00012608862027395406"", ""-0.00012676259022431809"", ""-0.00012704162710414644"", ""-0.0001272053132433178"", ""-0.0001275227025773198"", ""-0.00013390562484237242"", ""-0.00013763689606417252"", ""-0.0001378688020264216"", ""-0.00013824837972849701"", ""-0.0001398105848790178"", ""-0.0001425816602244074"", ""-0.00014466410863953798"", ""-0.00014479943835000878"", ""-0.00014547126937206056"", ""-0.00014637298916517758"", ""-0.00014671056235444815"", ""-0.00014883392483595664""], ""source_model"": [""elastic_net"", ""momentum_3m"", ""none"", ""ridge""], ""strategy_name"": [""elastic_net_score_weighted"", ""elastic_net_top20_equal_weight"", ""momentum_3m_top20_equal_weight"", ""ridge_top20_equal_weight"", ""universe_equal_weight""]}",,
C:\Users\Usuario\Documents\PROYECTO_FINTECH\institutional-quant-equity\data\processed\positions_all_methods_net.parquet,data/processed/positions_all_methods_net.parquet,.parquet,6065216,5f85f6800916,186898,12,date|strategy_name|active_signal_date|last_rebalance_date|ticker|sector|shares|valuation_price|market_value|actual_weight|target_weight|weight_drift,date|active_signal_date|last_rebalance_date,2020-01-31T00:00:00,2026-06-30T00:00:00,"{""strategy_name"": [""alpha_risk_turnover"", ""cvar"", ""median_mad_de"", ""score_weighted"", ""top_n_equal_weight""]}",portfolio,
C:\Users\Usuario\Documents\PROYECTO_FINTECH\institutional-quant-equity\data\processed\positions_mvp.parquet,data/processed/positions_mvp.parquet,.parquet,7120177,0a4498026977,217350,12,date|strategy_name|active_signal_date|last_rebalance_date|ticker|sector|shares|valuation_price|market_value|actual_weight|target_weight|weight_drift,date|active_signal_date|last_rebalance_date,2020-01-31T00:00:00,2026-06-30T00:00:00,"{""strategy_name"": [""elastic_net_score_weighted"", ""elastic_net_top20_equal_weight"", ""momentum_3m_top20_equal_weight"", ""ridge_top20_equal_weight"", ""universe_equal_weight""]}",,
C:\Users\Usuario\Documents\PROYECTO_FINTECH\institutional-quant-equity\data\processed\predictions_linear_oos.parquet,data/processed/predictions_linear_oos.parquet,.parquet,250200,844710288833,19250,17,fold_id|as_of_date|ticker|sector|model_name|prediction|prediction_rank|prediction_percentile|target_21d_excess|label_top_quintile|alpha|l1_ratio|fit_start_date|fit_end_date|latest_fit_target_end_date|training_dates|validation_dates,as_of_date|fit_start_date|fit_end_date|latest_fit_target_end_date|training_dates|validation_dates,1970-01-01T00:00:00.000000012,2026-05-29T00:00:00,"{""model_name"": [""constant"", ""elastic_net"", ""equal_weight_composite"", ""momentum_3m"", ""ridge""]}",,
C:\Users\Usuario\Documents\PROYECTO_FINTECH\institutional-quant-equity\data\processed\predictions_linear_oos_evaluated.parquet,data/processed/predictions_linear_oos_evaluated.parquet,.parquet,266190,15e76bb7fb11,19250,22,fold_id|as_of_date|ticker|sector|model_name|prediction|prediction_rank|prediction_percentile|target_21d_excess|label_top_quintile|alpha|l1_ratio|fit_start_date|fit_end_date|latest_fit_target_end_date|training_dates|validation_dates|valid_ranking|evaluation_rank|evaluation_percentile|evaluation_quintile|predicted_top_quintile,as_of_date|fit_start_date|fit_end_date|latest_fit_target_end_date|training_dates|validation_dates,1970-01-01T00:00:00.000000012,2026-05-29T00:00:00,"{""model_name"": [""constant"", ""elastic_net"", ""equal_weight_composite"", ""momentum_3m"", ""ridge""]}",,
C:\Users\Usuario\Documents\PROYECTO_FINTECH\institutional-quant-equity\data\processed\predictions_oos_all_models.parquet,data/processed/predictions_oos_all_models.parquet,.parquet,267710,acb05573ce00,26950,13,fold_id|as_of_date|ticker|sector|model_name|prediction|target_21d_excess|label_top_quintile|latest_fit_target_end_date|selected_alpha|selected_l1_ratio|selected_candidate|selected_estimators,as_of_date|latest_fit_target_end_date,2020-01-31T00:00:00,2026-05-29T00:00:00,"{""model_name"": [""constant"", ""elastic_net"", ""lightgbm_ranker"", ""lightgbm_regressor"", ""momentum_3m"", ""ridge"", ""technical_equal_weight_composite""]}",,
C:\Users\Usuario\Documents\PROYECTO_FINTECH\institutional-quant-equity\data\processed\predictions_oos_baselines.parquet,data/processed/predictions_oos_baselines.parquet,.parquet,121950,4e2a79a1ab8f,11550,8,fold_id|as_of_date|ticker|sector|model_name|prediction|target_21d_excess|label_top_quintile,as_of_date,2020-01-31T00:00:00,2026-05-29T00:00:00,"{""model_name"": [""constant"", ""momentum_3m"", ""technical_equal_weight_composite""]}",,
C:\Users\Usuario\Documents\PROYECTO_FINTECH\institutional-quant-equity\data\processed\predictions_oos_lightgbm.parquet,data/processed/predictions_oos_lightgbm.parquet,.parquet,72577,b5a4813f158d,3850,11,fold_id|as_of_date|ticker|sector|target_21d_excess|label_top_quintile|model_name|prediction|latest_fit_target_end_date|selected_candidate|selected_estimators,as_of_date|latest_fit_target_end_date,2020-01-31T00:00:00,2026-05-29T00:00:00,"{""model_name"": [""lightgbm_regressor""]}",,
C:\Users\Usuario\Documents\PROYECTO_FINTECH\institutional-quant-equity\data\processed\predictions_oos_lightgbm_ranker.parquet,data/processed/predictions_oos_lightgbm_ranker.parquet,.parquet,73144,692c26a4efe8,3850,11,fold_id|as_of_date|ticker|sector|target_21d_excess|label_top_quintile|model_name|prediction|latest_fit_target_end_date|selected_candidate|selected_estimators,as_of_date|latest_fit_target_end_date,2020-01-31T00:00:00,2026-05-29T00:00:00,"{""model_name"": [""lightgbm_ranker""]}",,
C:\Users\Usuario\Documents\PROYECTO_FINTECH\institutional-quant-equity\data\processed\predictions_oos_model_comparison.parquet,data/processed/predictions_oos_model_comparison.parquet,.parquet,236672,af845fa0c14c,23100,13,fold_id|as_of_date|ticker|sector|model_name|prediction|target_21d_excess|label_top_quintile|latest_fit_target_end_date|selected_alpha|selected_l1_ratio|selected_candidate|selected_estimators,as_of_date|latest_fit_target_end_date,2020-01-31T00:00:00,2026-05-29T00:00:00,"{""model_name"": [""constant"", ""elastic_net"", ""lightgbm_regressor"", ""momentum_3m"", ""ridge"", ""technical_equal_weight_composite""]}",model_research,
C:\Users\Usuario\Documents\PROYECTO_FINTECH\institutional-quant-equity\data\processed\predictions_oos_regularized_linear.parquet,data/processed/predictions_oos_regularized_linear.parquet,.parquet,121819,cd1dda46faa5,7700,11,fold_id|as_of_date|ticker|sector|target_21d_excess|label_top_quintile|model_name|prediction|latest_fit_target_end_date|selected_alpha|selected_l1_ratio,as_of_date|latest_fit_target_end_date,2020-01-31T00:00:00,2026-05-29T00:00:00,"{""model_name"": [""elastic_net"", ""ridge""]}",,
C:\Users\Usuario\Documents\PROYECTO_FINTECH\institutional-quant-equity\data\processed\rebalance_calendar.parquet,data/processed/rebalance_calendar.parquet,.parquet,8565,26f610bb175f,151,6,as_of_date|rebalance_month|first_future_date|target_end_date|horizon_sessions|has_full_horizon,as_of_date|rebalance_month|first_future_date|target_end_date,2014-01-01T00:00:00,2026-07-27T00:00:00,{},,
C:\Users\Usuario\Documents\PROYECTO_FINTECH\institutional-quant-equity\data\processed\rebalances_all_methods_net.parquet,data/processed/rebalances_all_methods_net.parquet,.parquet,55157,f205eb454d8a,385,18,signal_date|execution_date|strategy_name|pre_trade_nav|post_cost_investable_value|cash_before|cash_after|transaction_cost|transaction_cost_fraction|buy_notional|sell_notional|traded_notional|two_way_turnover|one_way_turnover|holdings_before|holdings_after|maximum_target_weight|maximum_sector_target_weight,signal_date|execution_date,2020-01-31T00:00:00,2026-06-01T00:00:00,"{""strategy_name"": [""alpha_risk_turnover"", ""cvar"", ""median_mad_de"", ""score_weighted"", ""top_n_equal_weight""]}",,
C:\Users\Usuario\Documents\PROYECTO_FINTECH\institutional-quant-equity\data\processed\rebalances_mvp.parquet,data/processed/rebalances_mvp.parquet,.parquet,51132,4722c64c88fd,385,18,signal_date|execution_date|strategy_name|pre_trade_nav|post_cost_investable_value|cash_before|cash_after|transaction_cost|transaction_cost_fraction|buy_notional|sell_notional|traded_notional|two_way_turnover|one_way_turnover|holdings_before|holdings_after|maximum_target_weight|maximum_sector_target_weight,signal_date|execution_date,2020-01-31T00:00:00,2026-06-01T00:00:00,"{""strategy_name"": [""elastic_net_score_weighted"", ""elastic_net_top20_equal_weight"", ""momentum_3m_top20_equal_weight"", ""ridge_top20_equal_weight"", ""universe_equal_weight""]}",,
C:\Users\Usuario\Documents\PROYECTO_FINTECH\institutional-quant-equity\data\processed\reference_portfolio_weights.parquet,data/processed/reference_portfolio_weights.parquet,.parquet,4383,96f5915b40b4,1540,3,as_of_date|ticker|weight,as_of_date,2020-01-31T00:00:00,2026-05-29T00:00:00,{},,
C:\Users\Usuario\Documents\PROYECTO_FINTECH\institutional-quant-equity\data\processed\risk_estimates.parquet,data/processed/risk_estimates.parquet,.parquet,290462,76f31850c749,3850,18,as_of_date|ticker|sector|annualized_volatility|annualized_downside_volatility|beta_vs_spy|correlation_vs_spy|average_dollar_volume|median_dollar_volume|latest_close|latest_volume|return_observations|beta_observations|liquidity_observations|risk_window_start_date|risk_window_end_date|latest_market_date|latest_spy_date,as_of_date|risk_window_start_date|risk_window_end_date|latest_market_date|latest_spy_date,2019-02-01T00:00:00,2026-05-29T00:00:00,{},stock_ranking|risk,
C:\Users\Usuario\Documents\PROYECTO_FINTECH\institutional-quant-equity\data\processed\robustness\feature_family_ablation\feature_family_economic_combined_daily.parquet,data/processed/robustness/feature_family_ablation/feature_family_economic_combined_daily.parquet,.parquet,276425,8a462da91f10,6440,19,date|strategy_name|active_signal_date|last_rebalance_date|is_rebalance|portfolio_value|daily_return|cash|cash_weight|invested_value|gross_exposure|holdings|transaction_cost|cumulative_transaction_cost|buy_notional|sell_notional|traded_notional|two_way_turnover|one_way_turnover,date|active_signal_date|last_rebalance_date,2020-01-31T00:00:00,2026-06-30T00:00:00,"{""portfolio_value"": [""1000424.8726010929"", ""1001806.8691714817"", ""1001880.3463557774"", ""1002088.1522516443"", ""1002993.5774423514"", ""1003983.566370618"", ""1004521.1191738913"", ""1004711.4947089804"", ""1004911.1249744821"", ""1005117.2750464776"", ""1005978.0190626371"", ""1006299.1233559332"", ""1006497.5844946946"", ""1007551.643535051"", ""1008583.8458103494"", ""1009195.8103893044"", ""1009274.3903538949"", ""1009395.8204413117"", ""1009428.4023664037"", ""1009838.9404544876"", ""1010579.8661980013"", ""1010783.6765260585"", ""1011038.5225226022"", ""1011269.8696357432"", ""1011617.6256098213"", ""1011706.7296319037"", ""1011870.7124514126"", ""1012830.827062634"", ""1013140.0486605074"", ""1014058.0903272748""], ""strategy_name"": [""full_ensemble"", ""no_fundamentals"", ""no_momentum"", ""spy_buy_and_hold""]}",robustness,
C:\Users\Usuario\Documents\PROYECTO_FINTECH\institutional-quant-equity\data\processed\robustness\feature_family_ablation\feature_family_economic_daily_performance.parquet,data/processed/robustness/feature_family_ablation/feature_family_economic_daily_performance.parquet,.parquet,237834,50172f735e44,4830,19,date|strategy_name|active_signal_date|last_rebalance_date|is_rebalance|portfolio_value|daily_return|cash|cash_weight|invested_value|gross_exposure|holdings|transaction_cost|cumulative_transaction_cost|buy_notional|sell_notional|traded_notional|two_way_turnover|one_way_turnover,date|active_signal_date|last_rebalance_date,2020-01-31T00:00:00,2026-06-30T00:00:00,"{""portfolio_value"": [""1000424.8726010929"", ""1003983.566370618"", ""1004521.1191738913"", ""1005978.0190626371"", ""1006299.1233559332"", ""1006497.5844946946"", ""1007551.643535051"", ""1009195.8103893044"", ""1009274.3903538949"", ""1009428.4023664037"", ""1009838.9404544876"", ""1010579.8661980013"", ""1010783.6765260585"", ""1011038.5225226022"", ""1011269.8696357432"", ""1011870.7124514126"", ""1013140.0486605074"", ""1014058.0903272748"", ""1015669.017861247"", ""1018181.9794468546"", ""1018374.8493270655"", ""1018708.2004145236"", ""1019046.2689525817"", ""1021453.402528047"", ""1021824.7842464925"", ""1022142.4937388261"", ""1022219.7709846952"", ""1023584.5424152676"", ""1024054.3086199372"", ""1025073.8200534242""], ""strategy_name"": [""full_ensemble"", ""no_fundamentals"", ""no_momentum""]}",robustness,
C:\Users\Usuario\Documents\PROYECTO_FINTECH\institutional-quant-equity\data\processed\robustness\feature_family_ablation\feature_family_economic_drawdowns.parquet,data/processed/robustness/feature_family_ablation/feature_family_economic_drawdowns.parquet,.parquet,134641,f7a83aa39d1c,6440,4,date|strategy_name|portfolio_value|drawdown,date,2020-02-03T00:00:00,2026-06-30T00:00:00,"{""portfolio_value"": [""1000424.8726010929"", ""1001806.8691714817"", ""1001880.3463557774"", ""1002088.1522516443"", ""1002993.5774423514"", ""1003983.566370618"", ""1004521.1191738913"", ""1004711.4947089804"", ""1004911.1249744821"", ""1005117.2750464776"", ""1005978.0190626371"", ""1006299.1233559332"", ""1006497.5844946946"", ""1007551.643535051"", ""1008583.8458103494"", ""1009195.8103893044"", ""1009274.3903538949"", ""1009395.8204413117"", ""1009428.4023664037"", ""1009838.9404544876"", ""1010579.8661980013"", ""1010783.6765260585"", ""1011038.5225226022"", ""1011269.8696357432"", ""1011617.6256098213"", ""1011706.7296319037"", ""1011870.7124514126"", ""1012830.827062634"", ""1013140.0486605074"", ""1014058.0903272748""], ""strategy_name"": [""full_ensemble"", ""no_fundamentals"", ""no_momentum"", ""spy_buy_and_hold""]}",robustness,
C:\Users\Usuario\Documents\PROYECTO_FINTECH\institutional-quant-equity\data\processed\robustness\feature_family_ablation\feature_family_economic_signals.parquet,data/processed/robustness/feature_family_ablation/feature_family_economic_signals.parquet,.parquet,135271,fdf8c3ec35f8,11550,8,fold_id|as_of_date|ticker|sector|raw_prediction|percentile_score|rank|scenario,as_of_date,2020-01-31T00:00:00,2026-05-29T00:00:00,"{""scenario"": [""full_ensemble"", ""no_fundamentals"", ""no_momentum""]}",robustness,
C:\Users\Usuario\Documents\PROYECTO_FINTECH\institutional-quant-equity\data\processed\robustness\feature_family_ablation\feature_family_economic_weights.parquet,data/processed/robustness/feature_family_ablation/feature_family_economic_weights.parquet,.parquet,42723,8a6c9ea982ab,5775,8,as_of_date|ticker|sector|method|rank|percentile_score|raw_score_weight|weight,as_of_date,2020-01-31T00:00:00,2026-05-29T00:00:00,"{""method"": [""full_ensemble"", ""no_fundamentals"", ""no_momentum""]}",robustness,
C:\Users\Usuario\Documents\PROYECTO_FINTECH\institutional-quant-equity\data\processed\robustness\feature_family_ablation\no_fundamentals_component_scores.parquet,data/processed/robustness/feature_family_ablation/no_fundamentals_component_scores.parquet,.parquet,155337,1e8a54f98cd9,3850,12,fold_id|as_of_date|ticker|sector|target_21d_excess|label_top_quintile|composite_raw|composite_percentile|elastic_net_raw|elastic_net_percentile|lightgbm_ranker_raw|lightgbm_ranker_percentile,as_of_date,2020-01-31T00:00:00,2026-05-29T00:00:00,{},robustness,
C:\Users\Usuario\Documents\PROYECTO_FINTECH\institutional-quant-equity\data\processed\robustness\feature_family_ablation\no_fundamentals_ensemble_ablation_candidates.parquet,data/processed/robustness/feature_family_ablation/no_fundamentals_ensemble_ablation_candidates.parquet,.parquet,156589,f5b346b00925,11550,8,fold_id|as_of_date|ticker|sector|target_21d_excess|label_top_quintile|model_name|prediction,as_of_date,2020-01-31T00:00:00,2026-05-29T00:00:00,"{""model_name"": [""without_composite"", ""without_elastic_net"", ""without_lightgbm_ranker""]}",model_research|robustness,
C:\Users\Usuario\Documents\PROYECTO_FINTECH\institutional-quant-equity\data\processed\robustness\feature_family_ablation\no_fundamentals_ensemble_candidates.parquet,data/processed/robustness/feature_family_ablation/no_fundamentals_ensemble_candidates.parquet,.parquet,100145,b738cfa2818d,11550,8,fold_id|as_of_date|ticker|sector|target_21d_excess|label_top_quintile|model_name|prediction,as_of_date,2020-01-31T00:00:00,2026-05-29T00:00:00,"{""model_name"": [""core_percentile_ensemble"", ""equal_percentile_ensemble"", ""validation_weighted_ensemble""]}",model_research|robustness,
C:\Users\Usuario\Documents\PROYECTO_FINTECH\institutional-quant-equity\data\processed\robustness\feature_family_ablation\no_fundamentals_ensemble_predictions.parquet,data/processed/robustness/feature_family_ablation/no_fundamentals_ensemble_predictions.parquet,.parquet,148020,22fcd82333e6,11550,8,fold_id|as_of_date|ticker|sector|model_name|prediction|target_21d_excess|label_top_quintile,as_of_date,2020-01-31T00:00:00,2026-05-29T00:00:00,"{""model_name"": [""elastic_net"", ""lightgbm_ranker"", ""technical_equal_weight_composite""]}",model_research|robustness,
C:\Users\Usuario\Documents\PROYECTO_FINTECH\institutional-quant-equity\data\processed\robustness\feature_family_ablation\no_fundamentals_final_alpha_signal.parquet,data/processed/robustness/feature_family_ablation/no_fundamentals_final_alpha_signal.parquet,.parquet,372279,6ce7e38e6285,3850,14,fold_id|as_of_date|ticker|sector|raw_prediction|percentile_score|rank|composite_weight|elastic_net_weight|lightgbm_ranker_weight|composite_contribution|elastic_net_contribution|lightgbm_ranker_contribution|model_contributions,as_of_date,2020-01-31T00:00:00,2026-05-29T00:00:00,"{""model_contributions"": [""{\""elastic_net\"": {\""contribution\"": 0.0, \""percentile\"": 0.0, \""weight\"": 0.16666666666666666}, \""lightgbm_ranker\"": {\""contribution\"": 0.4325883319413211, \""percentile\"": 0.6530612244897959, \""weight\"": 0.662400883285148}, \""technical_composite\"": {\""contribution\"": 0.13255985922104163, \""percentile\"": 0.7755102040816326, \""weight\"": 0.17093245004818527}}"", ""{\""elastic_net\"": {\""contribution\"": 0.0, \""percentile\"": 0.0, \""weight\"": 0.16666666666666669}, \""lightgbm_ranker\"": {\""contribution\"": 0.4369447325887338, \""percentile\"": 0.7346938775510204, \""weight\"": 0.5947303304679987}, \""technical_composite\"": {\""contribution\"": 0.0, \""percentile\"": 0.0, \""weight\"": 0.23860300286533467}}"", ""{\""elastic_net\"": {\""contribution\"": 0.0, \""percentile\"": 0.0, \""weight\"": 0.16666666666666669}, \""lightgbm_ranker\"": {\""contribution\"": 0.443013409430244, \""percentile\"": 0.7448979591836735, \""weight\"": 0.5947303304679987}, \""technical_composite\"": {\""contribution\"": 0.009738898076136109, \""percentile\"": 0.04081632653061224, \""weight\"": 0.23860300286533467}}"", ""{\""elastic_net\"": {\""contribution\"": 0.0, \""percentile\"": 0.0, \""weight\"": 0.1694394260374457}, \""lightgbm_ranker\"": {\""contribution\"": 0.40646565752809455, \""percentile\"": 0.6122448979591837, \""weight\"": 0.6638939072958877}, \""technical_composite\"": {\""contribution\"": 0.0, \""percentile\"": 0.0, \""weight\"": 0.16666666666666669}}"", ""{\""elastic_net\"": {\""contribution\"": 0.0, \""percentile\"": 0.0, \""weight\"": 0.175677094191238}, \""lightgbm_ranker\"": {\""contribution\"": 0.08369945137802386, \""percentile\"": 0.14285714285714285, \""weight\"": 0.585896159646167}, \""technical_composite\"": {\""contribution\"": 0.019463407850007754, \""percentile\"": 0.08163265306122448, \""weight\"": 0.238426746162595}}"", ""{\""elastic_net\"": {\""contribution\"": 0.0, \""percentile\"": 0.0, \""weight\"": 0.18016093741492978}, \""lightgbm_ranker\"": {\""contribution\"": 0.3219023532766918, \""percentile\"": 0.5510204081632653, \""weight\"": 0.5841931596502926}, \""technical_composite\"": {\""contribution\"": 0.01442730017968026, \""percentile\"": 0.061224489795918366, \""weight\"": 0.2356459029347776}}"", ""{\""elastic_net\"": {\""contribution\"": 0.0, \""percentile\"": 0.0, \""weight\"": 0.2112420751852844}, \""lightgbm_ranker\"": {\""contribution\"": 0.1366874957858847, \""percentile\"": 0.2653061224489796, \""weight\"": 0.5152067148852577}, \""technical_composite\"": {\""contribution\"": 0.016748033260987224, \""percentile\"": 0.061224489795918366, \""weight\"": 0.273551209929458}}"", ""{\""elastic_net\"": {\""contribution\"": 0.0, \""percentile\"": 0.0, \""weight\"": 0.218489739165456}, \""lightgbm_ranker\"": {\""contribution\"": 0.05679675365037931, \""percentile\"": 0.11224489795918367, \""weight\"": 0.5060074416124702}, \""technical_composite\"": {\""contribution\"": 0.0224900260589448, \""percentile\"": 0.08163265306122448, \""weight\"": 0.2755028192220738}}"", ""{\""elastic_net\"": {\""contribution\"": 0.0, \""percentile\"": 0.0, \""weight\"": 0.218489739165456}, \""lightgbm_ranker\"": {\""contribution\"": 0.47502739416680884, \""percentile\"": 0.9387755102040817, \""weight\"": 0.5060074416124702}, \""technical_composite\"": {\""contribution\"": 0.0, \""percentile\"": 0.0, \""weight\"": 0.2755028192220738}}"", ""{\""elastic_net\"": {\""contribution\"": 0.0, \""percentile\"": 0.0, \""weight\"": 0.22447382866741591}, \""lightgbm_ranker\"": {\""contribution\"": 0.29821690024453096, \""percentile\"": 0.4897959183673469, \""weight\"": 0.6088595046659174}, \""technical_composite\"": {\""contribution\"": 0.047619047619047616, \""percentile\"": 0.2857142857142857, \""weight\"": 0.16666666666666666}}"", ""{\""elastic_net\"": {\""contribution\"": 0.0, \""percentile\"": 0.0, \""weight\"": 0.22447382866741591}, \""lightgbm_ranker\"": {\""contribution\"": 0.31064260442138647, \""percentile\"": 0.5102040816326531, \""weight\"": 0.6088595046659174}, \""technical_composite\"": {\""contribution\"": 0.027210884353741492, \""percentile\"": 0.16326530612244897, \""weight\"": 0.16666666666666666}}"", ""{\""elastic_net\"": {\""contribution\"": 0.0, \""percentile\"": 0.0, \""weight\"": 0.25050088728604947}, \""lightgbm_ranker\"": {\""contribution\"": 0.17841809572876038, \""percentile\"": 0.30612244897959184, \""weight\"": 0.5828324460472839}, \""technical_composite\"": {\""contribution\"": 0.054421768707482984, \""percentile\"": 0.32653061224489793, \""weight\"": 0.16666666666666666}}"", ""{\""elastic_net\"": {\""contribution\"": 0.0, \""percentile\"": 0.0, \""weight\"": 0.25050088728604947}, \""lightgbm_ranker\"": {\""contribution\"": 0.22599625458976313, \""percentile\"": 0.3877551020408163, \""weight\"": 0.5828324460472839}, \""technical_composite\"": {\""contribution\"": 0.11224489795918366, \""percentile\"": 0.673469387755102, \""weight\"": 0.16666666666666666}}"", ""{\""elastic_net\"": {\""contribution\"": 0.0, \""percentile\"": 0.0, \""weight\"": 0.2930942987009988}, \""lightgbm_ranker\"": {\""contribution\"": 0.01020408163265306, \""percentile\"": 0.061224489795918366, \""weight\"": 0.16666666666666666}, \""technical_composite\"": {\""contribution\"": 0.0, \""percentile\"": 0.0, \""weight\"": 0.5402390346323346}}"", ""{\""elastic_net\"": {\""contribution\"": 0.0, \""percentile\"": 0.0, \""weight\"": 0.2930942987009988}, \""lightgbm_ranker\"": {\""contribution\"": 0.07142857142857142, \""percentile\"": 0.42857142857142855, \""weight\"": 0.16666666666666666}, \""technical_composite\"": {\""contribution\"": 0.022050572842136105, \""percentile\"": 0.04081632653061224, \""weight\"": 0.5402390346323346}}"", ""{\""elastic_net\"": {\""contribution\"": 0.0, \""percentile\"": 0.0, \""weight\"": 0.29402973016642403}, \""lightgbm_ranker\"": {\""contribution\"": 0.056122448979591844, \""percentile\"": 0.336734693877551, \""weight\"": 0.16666666666666669}, \""technical_composite\"": {\""contribution\"": 0.0220123919659963, \""percentile\"": 0.04081632653061224, \""weight\"": 0.5393036031669094}}"", ""{\""elastic_net\"": {\""contribution\"": 0.0, \""percentile\"": 0.0, \""weight\"": 0.2949211905419127}, \""lightgbm_ranker\"": {\""contribution\"": 0.0, \""percentile\"": 0.0, \""weight\"": 0.31507991979977834}, \""technical_composite\"": {\""contribution\"": 0.0, \""percentile\"": 0.0, \""weight\"": 0.389998889658309}}"", ""{\""elastic_net\"": {\""contribution\"": 0.0, \""percentile\"": 0.0, \""weight\"": 0.2987312572087658}, \""lightgbm_ranker\"": {\""contribution\"": 0.04421768707482994, \""percentile\"": 0.2653061224489796, \""weight\"": 0.16666666666666669}, \""technical_composite\"": {\""contribution\"": 0.054551232257608946, \""percentile\"": 0.10204081632653061, \""weight\"": 0.5346020761245677}}"", ""{\""elastic_net\"": {\""contribution\"": 0.0, \""percentile\"": 0.0, \""weight\"": 0.3011668485429939}, \""lightgbm_ranker\"": {\""contribution\"": 0.05804834530681244, \""percentile\"": 0.17346938775510204, \""weight\"": 0.33463163765103643}, \""technical_composite\"": {\""contribution\"": 0.0, \""percentile\"": 0.0, \""weight\"": 0.36420151380596966}}"", ""{\""elastic_net\"": {\""contribution\"": 0.0, \""percentile\"": 0.0, \""weight\"": 0.31104129524169566}, \""lightgbm_ranker\"": {\""contribution\"": 0.1496166162234687, \""percentile\"": 0.42857142857142855, \""weight\"": 0.34910543785476034}, \""technical_composite\"": {\""contribution\"": 0.013871561914430366, \""percentile\"": 0.04081632653061224, \""weight\"": 0.339853266903544}}"", ""{\""elastic_net\"": {\""contribution\"": 0.0, \""percentile\"": 0.0, \""weight\"": 0.31104129524169566}, \""lightgbm_ranker\"": {\""contribution\"": 0.163865817768561, \""percentile\"": 0.46938775510204084, \""weight\"": 0.34910543785476034}, \""technical_composite\"": {\""contribution\"": 0.02080734287164555, \""percentile\"": 0.061224489795918366, \""weight\"": 0.339853266903544}}"", ""{\""elastic_net\"": {\""contribution\"": 0.0, \""percentile\"": 0.0, \""weight\"": 0.3175396419261682}, \""lightgbm_ranker\"": {\""contribution\"": 0.12105362145270206, \""percentile\"": 0.23469387755102042, \""weight\"": 0.5157936914071652}, \""technical_composite\"": {\""contribution\"": 0.04081632653061225, \""percentile\"": 0.24489795918367346, \""weight\"": 0.16666666666666669}}"", ""{\""elastic_net\"": {\""contribution\"": 0.0, \""percentile\"": 0.0, \""weight\"": 0.31764351433405186}, \""lightgbm_ranker\"": {\""contribution\"": 0.0525762415096053, \""percentile\"": 0.12244897959183673, \""weight\"": 0.42937263899510997}, \""technical_composite\"": {\""contribution\"": 0.010325871292687276, \""percentile\"": 0.04081632653061224, \""weight\"": 0.2529838466708383}}"", ""{\""elastic_net\"": {\""contribution\"": 0.0, \""percentile\"": 0.0, \""weight\"": 0.31962090747981964}, \""lightgbm_ranker\"": {\""contribution\"": 0.07346332236554931, \""percentile\"": 0.20408163265306123, \""weight\"": 0.3599702795911916}, \""technical_composite\"": {\""contribution\"": 0.10462328585436369, \""percentile\"": 0.32653061224489793, \""weight\"": 0.3204088129289888}}"", ""{\""elastic_net\"": {\""contribution\"": 0.0, \""percentile\"": 0.0, \""weight\"": 0.32136546266069255}, \""lightgbm_ranker\"": {\""contribution\"": 0.16840185505418706, \""percentile\"": 0.40816326530612246, \""weight\"": 0.4125845448827583}, \""technical_composite\"": {\""contribution\"": 0.021718366731146868, \""percentile\"": 0.08163265306122448, \""weight\"": 0.26604999245654914}}"", ""{\""elastic_net\"": {\""contribution\"": 0.0, \""percentile\"": 0.0, \""weight\"": 0.32136546266069255}, \""lightgbm_ranker\"": {\""contribution\"": 0.1978721796886698, \""percentile\"": 0.47959183673469385, \""weight\"": 0.4125845448827583}, \""technical_composite\"": {\""contribution\"": 0.0, \""percentile\"": 0.0, \""weight\"": 0.26604999245654914}}"", ""{\""elastic_net\"": {\""contribution\"": 0.0, \""percentile\"": 0.0, \""weight\"": 0.3219219357098262}, \""lightgbm_ranker\"": {\""contribution\"": 0.1290984392014572, \""percentile\"": 0.32653061224489793, \""weight\"": 0.3953639700544627}, \""technical_composite\"": {\""contribution\"": 0.017309026177696592, \""percentile\"": 0.061224489795918366, \""weight\"": 0.28271409423571103}}"", ""{\""elastic_net\"": {\""contribution\"": 0.0, \""percentile\"": 0.0, \""weight\"": 0.3219219357098262}, \""lightgbm_ranker\"": {\""contribution\"": 0.15330439655173045, \""percentile\"": 0.3877551020408163, \""weight\"": 0.3953639700544627}, \""technical_composite\"": {\""contribution\"": 0.028848376962827656, \""percentile\"": 0.10204081632653061, \""weight\"": 0.28271409423571103}}"", ""{\""elastic_net\"": {\""contribution\"": 0.0, \""percentile\"": 0.0, \""weight\"": 0.32502082370170754}, \""lightgbm_ranker\"": {\""contribution\"": 0.22677699802515683, \""percentile\"": 0.6020408163265306, \""weight\"": 0.3766804373977181}, \""technical_composite\"": {\""contribution\"": 0.0, \""percentile\"": 0.0, \""weight\"": 0.29829873890057446}}"", ""{\""elastic_net\"": {\""contribution\"": 0.0, \""percentile\"": 0.0, \""weight\"": 0.32600290912084806}, \""lightgbm_ranker\"": {\""contribution\"": 0.022239866415565926, \""percentile\"": 0.10204081632653061, \""weight\"": 0.21795069087254607}, \""technical_composite\"": {\""contribution\"": 0.027921208163669747, \""percentile\"": 0.061224489795918366, \""weight\"": 0.4560464000066059}}""]}",stock_ranking|robustness,
C:\Users\Usuario\Documents\PROYECTO_FINTECH\institutional-quant-equity\data\processed\robustness\feature_family_ablation\no_fundamentals_lightgbm_ranker_predictions.parquet,data/processed/robustness/feature_family_ablation/no_fundamentals_lightgbm_ranker_predictions.parquet,.parquet,71967,4cfc8d17f45a,3850,11,fold_id|as_of_date|ticker|sector|target_21d_excess|label_top_quintile|model_name|prediction|latest_fit_target_end_date|selected_candidate|selected_estimators,as_of_date|latest_fit_target_end_date,2020-01-31T00:00:00,2026-05-29T00:00:00,"{""model_name"": [""lightgbm_ranker""]}",robustness,
C:\Users\Usuario\Documents\PROYECTO_FINTECH\institutional-quant-equity\data\processed\robustness\feature_family_ablation\no_fundamentals_regularized_linear_predictions.parquet,data/processed/robustness/feature_family_ablation/no_fundamentals_regularized_linear_predictions.parquet,.parquet,123216,41434a5d70ac,7700,11,fold_id|as_of_date|ticker|sector|target_21d_excess|label_top_quintile|model_name|prediction|latest_fit_target_end_date|selected_alpha|selected_l1_ratio,as_of_date|latest_fit_target_end_date,2020-01-31T00:00:00,2026-05-29T00:00:00,"{""model_name"": [""elastic_net"", ""ridge""]}",robustness,
C:\Users\Usuario\Documents\PROYECTO_FINTECH\institutional-quant-equity\data\processed\robustness\feature_family_ablation\no_momentum_component_scores.parquet,data/processed/robustness/feature_family_ablation/no_momentum_component_scores.parquet,.parquet,154589,0b980928a662,3850,12,fold_id|as_of_date|ticker|sector|target_21d_excess|label_top_quintile|composite_raw|composite_percentile|elastic_net_raw|elastic_net_percentile|lightgbm_ranker_raw|lightgbm_ranker_percentile,as_of_date,2020-01-31T00:00:00,2026-05-29T00:00:00,{},robustness,
C:\Users\Usuario\Documents\PROYECTO_FINTECH\institutional-quant-equity\data\processed\robustness\feature_family_ablation\no_momentum_ensemble_ablation_candidates.parquet,data/processed/robustness/feature_family_ablation/no_momentum_ensemble_ablation_candidates.parquet,.parquet,156740,41f8db92511b,11550,8,fold_id|as_of_date|ticker|sector|target_21d_excess|label_top_quintile|model_name|prediction,as_of_date,2020-01-31T00:00:00,2026-05-29T00:00:00,"{""model_name"": [""without_composite"", ""without_elastic_net"", ""without_lightgbm_ranker""]}",model_research|robustness,
C:\Users\Usuario\Documents\PROYECTO_FINTECH\institutional-quant-equity\data\processed\robustness\feature_family_ablation\no_momentum_ensemble_candidates.parquet,data/processed/robustness/feature_family_ablation/no_momentum_ensemble_candidates.parquet,.parquet,100076,41becbfcedc9,11550,8,fold_id|as_of_date|ticker|sector|target_21d_excess|label_top_quintile|model_name|prediction,as_of_date,2020-01-31T00:00:00,2026-05-29T00:00:00,"{""model_name"": [""core_percentile_ensemble"", ""equal_percentile_ensemble"", ""validation_weighted_ensemble""]}",model_research|robustness,
C:\Users\Usuario\Documents\PROYECTO_FINTECH\institutional-quant-equity\data\processed\robustness\feature_family_ablation\no_momentum_ensemble_predictions.parquet,data/processed/robustness/feature_family_ablation/no_momentum_ensemble_predictions.parquet,.parquet,147328,c2f9e445bd38,11550,8,fold_id|as_of_date|ticker|sector|model_name|prediction|target_21d_excess|label_top_quintile,as_of_date,2020-01-31T00:00:00,2026-05-29T00:00:00,"{""model_name"": [""elastic_net"", ""lightgbm_ranker"", ""technical_equal_weight_composite""]}",model_research|robustness,
C:\Users\Usuario\Documents\PROYECTO_FINTECH\institutional-quant-equity\data\processed\robustness\feature_family_ablation\no_momentum_final_alpha_signal.parquet,data/processed/robustness/feature_family_ablation/no_momentum_final_alpha_signal.parquet,.parquet,376308,07d5a19b88a6,3850,14,fold_id|as_of_date|ticker|sector|raw_prediction|percentile_score|rank|composite_weight|elastic_net_weight|lightgbm_ranker_weight|composite_contribution|elastic_net_contribution|lightgbm_ranker_contribution|model_contributions,as_of_date,2020-01-31T00:00:00,2026-05-29T00:00:00,"{""model_contributions"": [""{\""elastic_net\"": {\""contribution\"": 0.0, \""percentile\"": 0.0, \""weight\"": 0.16666666666666666}, \""lightgbm_ranker\"": {\""contribution\"": 0.06008630426094008, \""percentile\"": 0.30612244897959184, \""weight\"": 0.19628192725240426}, \""technical_composite\"": {\""contribution\"": 0.3770304240070805, \""percentile\"": 0.5918367346938775, \""weight\"": 0.6370514060809291}}"", ""{\""elastic_net\"": {\""contribution\"": 0.0, \""percentile\"": 0.0, \""weight\"": 0.16666666666666666}, \""lightgbm_ranker\"": {\""contribution\"": 0.13619562299146418, \""percentile\"": 0.6938775510204082, \""weight\"": 0.19628192725240426}, \""technical_composite\"": {\""contribution\"": 0.33802727669600324, \""percentile\"": 0.5306122448979592, \""weight\"": 0.6370514060809291}}"", ""{\""elastic_net\"": {\""contribution\"": 0.0, \""percentile\"": 0.0, \""weight\"": 0.16666666666666666}, \""lightgbm_ranker\"": {\""contribution\"": 0.14879253058866918, \""percentile\"": 0.3673469387755102, \""weight\"": 0.40504633326915496}, \""technical_composite\"": {\""contribution\"": 0.24473542860810193, \""percentile\"": 0.5714285714285714, \""weight\"": 0.4282870000641784}}"", ""{\""elastic_net\"": {\""contribution\"": 0.0, \""percentile\"": 0.0, \""weight\"": 0.16666666666666666}, \""lightgbm_ranker\"": {\""contribution\"": 0.2882709682790572, \""percentile\"": 0.7551020408163265, \""weight\"": 0.3817642552884812}, \""technical_composite\"": {\""contribution\"": 0.26725516863879, \""percentile\"": 0.5918367346938775, \""weight\"": 0.45156907804485213}}"", ""{\""elastic_net\"": {\""contribution\"": 0.0, \""percentile\"": 0.0, \""weight\"": 0.16666666666666669}, \""lightgbm_ranker\"": {\""contribution\"": 0.06837085459281536, \""percentile\"": 0.12244897959183673, \""weight\"": 0.5583619791746588}, \""technical_composite\"": {\""contribution\"": 0.028058301444762717, \""percentile\"": 0.10204081632653061, \""weight\"": 0.27497135415867463}}"", ""{\""elastic_net\"": {\""contribution\"": 0.0, \""percentile\"": 0.0, \""weight\"": 0.16666666666666669}, \""lightgbm_ranker\"": {\""contribution\"": 0.3988299851247563, \""percentile\"": 0.7142857142857143, \""weight\"": 0.5583619791746588}, \""technical_composite\"": {\""contribution\"": 0.0, \""percentile\"": 0.0, \""weight\"": 0.27497135415867463}}"", ""{\""elastic_net\"": {\""contribution\"": 0.0, \""percentile\"": 0.0, \""weight\"": 0.1945936181453784}, \""lightgbm_ranker\"": {\""contribution\"": 0.2965311831294508, \""percentile\"": 0.46938775510204084, \""weight\"": 0.6317403466670909}, \""technical_composite\"": {\""contribution\"": 0.0035442047997455233, \""percentile\"": 0.02040816326530612, \""weight\"": 0.17366603518753065}}"", ""{\""elastic_net\"": {\""contribution\"": 0.0, \""percentile\"": 0.0, \""weight\"": 0.20259736901350864}, \""lightgbm_ranker\"": {\""contribution\"": 0.3572879054287115, \""percentile\"": 0.8979591836734694, \""weight\"": 0.39788880377288327}, \""technical_composite\"": {\""contribution\"": 0.26090698920072364, \""percentile\"": 0.6530612244897959, \""weight\"": 0.39951382721360806}}"", ""{\""elastic_net\"": {\""contribution\"": 0.0, \""percentile\"": 0.0, \""weight\"": 0.20259736901350864}, \""lightgbm_ranker\"": {\""contribution\"": 0.38164844443521456, \""percentile\"": 0.9591836734693877, \""weight\"": 0.39788880377288327}, \""technical_composite\"": {\""contribution\"": 0.18752689848802012, \""percentile\"": 0.46938775510204084, \""weight\"": 0.39951382721360806}}"", ""{\""elastic_net\"": {\""contribution\"": 0.0, \""percentile\"": 0.0, \""weight\"": 0.21364493197974144}, \""lightgbm_ranker\"": {\""contribution\"": 0.08166926919299432, \""percentile\"": 0.46938775510204084, \""weight\"": 0.17399105175898788}, \""technical_composite\"": {\""contribution\"": 0.2749389460764889, \""percentile\"": 0.4489795918367347, \""weight\"": 0.6123640162612707}}"", ""{\""elastic_net\"": {\""contribution\"": 0.0, \""percentile\"": 0.0, \""weight\"": 0.21816071524501685}, \""lightgbm_ranker\"": {\""contribution\"": 0.25473455990486543, \""percentile\"": 0.7142857142857143, \""weight\"": 0.35662838386681156}, \""technical_composite\"": {\""contribution\"": 0.29504429857546605, \""percentile\"": 0.6938775510204082, \""weight\"": 0.42521090088817165}}"", ""{\""elastic_net\"": {\""contribution\"": 0.0, \""percentile\"": 0.0, \""weight\"": 0.24159883114172404}, \""lightgbm_ranker\"": {\""contribution\"": 0.14086531293794916, \""percentile\"": 0.2653061224489796, \""weight\"": 0.5309538718430391}, \""technical_composite\"": {\""contribution\"": 0.013925344715218585, \""percentile\"": 0.061224489795918366, \""weight\"": 0.2274472970152369}}"", ""{\""elastic_net\"": {\""contribution\"": 0.0, \""percentile\"": 0.0, \""weight\"": 0.24489423619617287}, \""lightgbm_ranker\"": {\""contribution\"": 0.07132164481606602, \""percentile\"": 0.16326530612244897, \""weight\"": 0.43684507449840443}, \""technical_composite\"": {\""contribution\"": 0.006495116108273934, \""percentile\"": 0.02040816326530612, \""weight\"": 0.3182606893054228}}"", ""{\""elastic_net\"": {\""contribution\"": 0.0, \""percentile\"": 0.0, \""weight\"": 0.2459180443499573}, \""lightgbm_ranker\"": {\""contribution\"": 0.06010605263209544, \""percentile\"": 0.12244897959183673, \""weight\"": 0.4908660964954461}, \""technical_composite\"": {\""contribution\"": 0.17189607128463447, \""percentile\"": 0.6530612244897959, \""weight\"": 0.26321585915459655}}"", ""{\""elastic_net\"": {\""contribution\"": 0.0, \""percentile\"": 0.0, \""weight\"": 0.2459180443499573}, \""lightgbm_ranker\"": {\""contribution\"": 0.18031815789628633, \""percentile\"": 0.3673469387755102, \""weight\"": 0.4908660964954461}, \""technical_composite\"": {\""contribution\"": 0.02148700891057931, \""percentile\"": 0.08163265306122448, \""weight\"": 0.26321585915459655}}"", ""{\""elastic_net\"": {\""contribution\"": 0.0, \""percentile\"": 0.0, \""weight\"": 0.2605555284274948}, \""lightgbm_ranker\"": {\""contribution\"": 0.24224458570966845, \""percentile\"": 0.5102040816326531, \""weight\"": 0.4747993879909502}, \""technical_composite\"": {\""contribution\"": 0.021603680292371846, \""percentile\"": 0.08163265306122448, \""weight\"": 0.26464508358155514}}"", ""{\""elastic_net\"": {\""contribution\"": 0.0, \""percentile\"": 0.0, \""weight\"": 0.2629242706192301}, \""lightgbm_ranker\"": {\""contribution\"": 0.1667261355598022, \""percentile\"": 0.40816326530612246, \""weight\"": 0.4084790321215154}, \""technical_composite\"": {\""contribution\"": 0.16094532110657364, \""percentile\"": 0.4897959183673469, \""weight\"": 0.3285966972592545}}"", ""{\""elastic_net\"": {\""contribution\"": 0.0, \""percentile\"": 0.0, \""weight\"": 0.2634255302397717}, \""lightgbm_ranker\"": {\""contribution\"": 0.15701541513802209, \""percentile\"": 0.2755102040816326, \""weight\"": 0.5699078030935617}, \""technical_composite\"": {\""contribution\"": 0.10204081632653063, \""percentile\"": 0.6122448979591837, \""weight\"": 0.16666666666666669}}"", ""{\""elastic_net\"": {\""contribution\"": 0.0, \""percentile\"": 0.0, \""weight\"": 0.2682673217875476}, \""lightgbm_ranker\"": {\""contribution\"": 0.16619601473918227, \""percentile\"": 0.42857142857142855, \""weight\"": 0.387790701058092}, \""technical_composite\"": {\""contribution\"": 0.13336525644760913, \""percentile\"": 0.3877551020408163, \""weight\"": 0.3439419771543604}}"", ""{\""elastic_net\"": {\""contribution\"": 0.0, \""percentile\"": 0.0, \""weight\"": 0.27197555536246965}, \""lightgbm_ranker\"": {\""contribution\"": 0.03061224489795919, \""percentile\"": 0.1836734693877551, \""weight\"": 0.16666666666666669}, \""technical_composite\"": {\""contribution\"": 0.25203818602773476, \""percentile\"": 0.4489795918367347, \""weight\"": 0.5613577779708638}}"", ""{\""elastic_net\"": {\""contribution\"": 0.0, \""percentile\"": 0.0, \""weight\"": 0.27197555536246965}, \""lightgbm_ranker\"": {\""contribution\"": 0.051020408163265314, \""percentile\"": 0.30612244897959184, \""weight\"": 0.16666666666666669}, \""technical_composite\"": {\""contribution\"": 0.2176693424784982, \""percentile\"": 0.3877551020408163, \""weight\"": 0.5613577779708638}}"", ""{\""elastic_net\"": {\""contribution\"": 0.0, \""percentile\"": 0.0, \""weight\"": 0.2768719003484451}, \""lightgbm_ranker\"": {\""contribution\"": 0.05022735024275363, \""percentile\"": 0.12244897959183673, \""weight\"": 0.41019002698248797}, \""technical_composite\"": {\""contribution\"": 0.0, \""percentile\"": 0.0, \""weight\"": 0.3129380726690669}}"", ""{\""elastic_net\"": {\""contribution\"": 0.0, \""percentile\"": 0.0, \""weight\"": 0.2842068889612678}, \""lightgbm_ranker\"": {\""contribution\"": 0.0, \""percentile\"": 0.0, \""weight\"": 0.39427593608048717}, \""technical_composite\"": {\""contribution\"": 0.03280787499573929, \""percentile\"": 0.10204081632653061, \""weight\"": 0.32151717495824506}}"", ""{\""elastic_net\"": {\""contribution\"": 0.0, \""percentile\"": 0.0, \""weight\"": 0.2842068889612678}, \""lightgbm_ranker\"": {\""contribution\"": 0.02413934302533595, \""percentile\"": 0.061224489795918366, \""weight\"": 0.39427593608048717}, \""technical_composite\"": {\""contribution\"": 0.07217732499062644, \""percentile\"": 0.22448979591836735, \""weight\"": 0.32151717495824506}}"", ""{\""elastic_net\"": {\""contribution\"": 0.0, \""percentile\"": 0.0, \""weight\"": 0.28717599842266794}, \""lightgbm_ranker\"": {\""contribution\"": 0.2120481008947126, \""percentile\"": 0.42857142857142855, \""weight\"": 0.49477890208766273}, \""technical_composite\"": {\""contribution\"": 0.017799599958340354, \""percentile\"": 0.08163265306122448, \""weight\"": 0.21804509948966935}}"", ""{\""elastic_net\"": {\""contribution\"": 0.0, \""percentile\"": 0.0, \""weight\"": 0.29079139068147475}, \""lightgbm_ranker\"": {\""contribution\"": 0.4539636663005348, \""percentile\"": 0.8367346938775511, \""weight\"": 0.5425419426518586}, \""technical_composite\"": {\""contribution\"": 0.02040816326530612, \""percentile\"": 0.12244897959183673, \""weight\"": 0.16666666666666666}}"", ""{\""elastic_net\"": {\""contribution\"": 0.0, \""percentile\"": 0.0, \""weight\"": 0.2938961367076812}, \""lightgbm_ranker\"": {\""contribution\"": 0.10922356752372268, \""percentile\"": 0.23469387755102042, \""weight\"": 0.46538737466629665}, \""technical_composite\"": {\""contribution\"": 0.04912581400531065, \""percentile\"": 0.20408163265306123, \""weight\"": 0.24071648862602218}}"", ""{\""elastic_net\"": {\""contribution\"": 0.0, \""percentile\"": 0.0, \""weight\"": 0.2955274180290374}, \""lightgbm_ranker\"": {\""contribution\"": 0.2963420349635916, \""percentile\"": 0.5510204081632653, \""weight\"": 0.537805915304296}, \""technical_composite\"": {\""contribution\"": 0.0034013605442176874, \""percentile\"": 0.02040816326530612, \""weight\"": 0.16666666666666669}}"", ""{\""elastic_net\"": {\""contribution\"": 0.0, \""percentile\"": 0.0, \""weight\"": 0.30041546196293706}, \""lightgbm_ranker\"": {\""contribution\"": 0.39398600777742965, \""percentile\"": 0.7857142857142857, \""weight\"": 0.5014367371712741}, \""technical_composite\"": {\""contribution\"": 0.04852599204876463, \""percentile\"": 0.24489795918367346, \""weight\"": 0.1981478008657889}}"", ""{\""elastic_net\"": {\""contribution\"": 0.0, \""percentile\"": 0.0, \""weight\"": 0.3059064361526668}, \""lightgbm_ranker\"": {\""contribution\"": 0.11206927616497443, \""percentile\"": 0.2653061224489796, \""weight\"": 0.4224149640064421}, \""technical_composite\"": {\""contribution\"": 0.15524491419479491, \""percentile\"": 0.5714285714285714, \""weight\"": 0.2716785998408911}}""]}",stock_ranking|robustness,
C:\Users\Usuario\Documents\PROYECTO_FINTECH\institutional-quant-equity\data\processed\robustness\feature_family_ablation\no_momentum_lightgbm_ranker_predictions.parquet,data/processed/robustness/feature_family_ablation/no_momentum_lightgbm_ranker_predictions.parquet,.parquet,72693,70c828ae5312,3850,11,fold_id|as_of_date|ticker|sector|target_21d_excess|label_top_quintile|model_name|prediction|latest_fit_target_end_date|selected_candidate|selected_estimators,as_of_date|latest_fit_target_end_date,2020-01-31T00:00:00,2026-05-29T00:00:00,"{""model_name"": [""lightgbm_ranker""]}",robustness,
C:\Users\Usuario\Documents\PROYECTO_FINTECH\institutional-quant-equity\data\processed\robustness\feature_family_ablation\no_momentum_regularized_linear_predictions.parquet,data/processed/robustness/feature_family_ablation/no_momentum_regularized_linear_predictions.parquet,.parquet,121829,02f222b5dfeb,7700,11,fold_id|as_of_date|ticker|sector|target_21d_excess|label_top_quintile|model_name|prediction|latest_fit_target_end_date|selected_alpha|selected_l1_ratio,as_of_date|latest_fit_target_end_date,2020-01-31T00:00:00,2026-05-29T00:00:00,"{""model_name"": [""elastic_net"", ""ridge""]}",robustness,
C:\Users\Usuario\Documents\PROYECTO_FINTECH\institutional-quant-equity\data\processed\robustness_ensemble_ablation_signals.parquet,data/processed/robustness_ensemble_ablation_signals.parquet,.parquet,173328,ac541001bd9c,15400,8,fold_id|as_of_date|ticker|sector|raw_prediction|percentile_score|rank|scenario,as_of_date,2020-01-31T00:00:00,2026-05-29T00:00:00,"{""scenario"": [""full_ensemble"", ""without_composite"", ""without_elastic_net"", ""without_lightgbm_ranker""]}",model_research|robustness,
C:\Users\Usuario\Documents\PROYECTO_FINTECH\institutional-quant-equity\data\processed\robustness_ensemble_ablation_weights.parquet,data/processed/robustness_ensemble_ablation_weights.parquet,.parquet,61419,1ea70785019c,7700,8,as_of_date|ticker|sector|method|rank|percentile_score|raw_score_weight|weight,as_of_date,2020-01-31T00:00:00,2026-05-29T00:00:00,"{""method"": [""full_ensemble"", ""without_composite"", ""without_elastic_net"", ""without_lightgbm_ranker""]}",model_research|robustness,
C:\Users\Usuario\Documents\PROYECTO_FINTECH\institutional-quant-equity\data\processed\robustness_portfolio_construction_ablation_weights.parquet,data/processed/robustness_portfolio_construction_ablation_weights.parquet,.parquet,164491,48c812a385b3,7700,13,as_of_date|ticker|sector|method|rank|percentile_score|raw_score_weight|weight|annualized_alpha_proxy|previous_weight|beta_vs_spy|average_dollar_volume|position_adv_fraction,as_of_date,2020-01-31T00:00:00,2026-05-29T00:00:00,"{""method"": [""alpha_risk_turnover_no_penalty"", ""alpha_risk_turnover_penalized"", ""score_weighted_no_sector_control"", ""score_weighted_sector_controlled""]}",robustness,
C:\Users\Usuario\Documents\PROYECTO_FINTECH\institutional-quant-equity\data\processed\robustness_portfolio_parameter_weights.parquet,data/processed/robustness_portfolio_parameter_weights.parquet,.parquet,66322,09b44a7a3480,17325,8,as_of_date|ticker|sector|method|rank|percentile_score|raw_score_weight|weight,as_of_date,2020-01-31T00:00:00,2026-05-29T00:00:00,"{""method"": [""score_cap_1000bps"", ""score_cap_400bps"", ""score_cap_500bps"", ""score_cap_750bps"", ""top_n_10"", ""top_n_20"", ""top_n_25"", ""top_n_30"", ""top_n_40""]}",robustness,
C:\Users\Usuario\Documents\PROYECTO_FINTECH\institutional-quant-equity\data\processed\robustness_universe_exclusion_weights.parquet,data/processed/robustness_universe_exclusion_weights.parquet,.parquet,289575,59c8877c56f4,25025,8,as_of_date|ticker|sector|method|rank|percentile_score|raw_score_weight|weight,as_of_date,2020-01-31T00:00:00,2026-05-29T00:00:00,"{""method"": [""exclude_information_technology"", ""exclude_top5_adv"", ""full_universe"", ""leave_out_sector_communication_services"", ""leave_out_sector_consumer_discretionary"", ""leave_out_sector_consumer_staples"", ""leave_out_sector_energy"", ""leave_out_sector_financials"", ""leave_out_sector_health_care"", ""leave_out_sector_industrials"", ""leave_out_sector_materials"", ""leave_out_sector_real_estate"", ""leave_out_sector_utilities""]}",robustness,
C:\Users\Usuario\Documents\PROYECTO_FINTECH\institutional-quant-equity\data\processed\target_weights_all_methods.parquet,data/processed/target_weights_all_methods.parquet,.parquet,194994,b1d8a18339c2,9625,14,as_of_date|ticker|sector|method|rank|percentile_score|raw_score_weight|weight|annualized_alpha_proxy|previous_weight|beta_vs_spy|average_dollar_volume|position_adv_fraction|horizon_alpha_proxy,as_of_date,2020-01-31T00:00:00,2026-05-29T00:00:00,"{""method"": [""alpha_risk_turnover"", ""cvar"", ""median_mad_de"", ""score_weighted"", ""top_n_equal_weight""]}",portfolio,
C:\Users\Usuario\Documents\PROYECTO_FINTECH\institutional-quant-equity\data\processed\target_weights_baseline_methods.parquet,data/processed/target_weights_baseline_methods.parquet,.parquet,24584,afe5459247e0,3850,8,as_of_date|ticker|sector|method|rank|percentile_score|raw_score_weight|weight,as_of_date,2020-01-31T00:00:00,2026-05-29T00:00:00,"{""method"": [""score_weighted"", ""top_n_equal_weight""]}",,
C:\Users\Usuario\Documents\PROYECTO_FINTECH\institutional-quant-equity\data\processed\target_weights_core_methods.parquet,data/processed/target_weights_core_methods.parquet,.parquet,109320,154422435d0b,5775,13,as_of_date|ticker|sector|method|rank|percentile_score|raw_score_weight|weight|annualized_alpha_proxy|previous_weight|beta_vs_spy|average_dollar_volume|position_adv_fraction,as_of_date,2020-01-31T00:00:00,2026-05-29T00:00:00,"{""method"": [""alpha_risk_turnover"", ""score_weighted"", ""top_n_equal_weight""]}",,
C:\Users\Usuario\Documents\PROYECTO_FINTECH\institutional-quant-equity\data\processed\target_weights_cvar.parquet,data/processed/target_weights_cvar.parquet,.parquet,94865,5fe227b78f8f,1925,12,as_of_date|ticker|sector|method|rank|percentile_score|horizon_alpha_proxy|previous_weight|beta_vs_spy|average_dollar_volume|position_adv_fraction|weight,as_of_date,2020-01-31T00:00:00,2026-05-29T00:00:00,"{""method"": [""cvar""]}",,
C:\Users\Usuario\Documents\PROYECTO_FINTECH\institutional-quant-equity\data\processed\target_weights_four_methods.parquet,data/processed/target_weights_four_methods.parquet,.parquet,164774,6b4299520a65,7700,14,as_of_date|ticker|sector|method|rank|percentile_score|raw_score_weight|weight|annualized_alpha_proxy|previous_weight|beta_vs_spy|average_dollar_volume|position_adv_fraction|horizon_alpha_proxy,as_of_date,2020-01-31T00:00:00,2026-05-29T00:00:00,"{""method"": [""alpha_risk_turnover"", ""cvar"", ""score_weighted"", ""top_n_equal_weight""]}",,
C:\Users\Usuario\Documents\PROYECTO_FINTECH\institutional-quant-equity\data\processed\target_weights_median_mad.parquet,data/processed/target_weights_median_mad.parquet,.parquet,70398,6724f0cb9643,1925,11,as_of_date|ticker|sector|method|rank|percentile_score|previous_weight|beta_vs_spy|average_dollar_volume|position_adv_fraction|weight,as_of_date,2020-01-31T00:00:00,2026-05-29T00:00:00,"{""method"": [""median_mad_de""]}",,
C:\Users\Usuario\Documents\PROYECTO_FINTECH\institutional-quant-equity\data\processed\target_weights_optimized.parquet,data/processed/target_weights_optimized.parquet,.parquet,91510,442ac72b2682,1925,13,as_of_date|ticker|sector|method|rank|percentile_score|raw_score_weight|annualized_alpha_proxy|previous_weight|weight|beta_vs_spy|average_dollar_volume|position_adv_fraction,as_of_date,2020-01-31T00:00:00,2026-05-29T00:00:00,"{""method"": [""alpha_risk_turnover""]}",,
C:\Users\Usuario\Documents\PROYECTO_FINTECH\institutional-quant-equity\data\processed\technical_factor_research_panel.parquet,data/processed/technical_factor_research_panel.parquet,.parquet,674278,03bf62a6b4f8,3600,29,as_of_date|ticker|sector|latest_market_date|momentum_12_1_sector_neutral|momentum_6_1_sector_neutral|return_3m_sector_neutral|return_1m_sector_neutral|return_1w_sector_neutral|reversal_1m_sector_neutral|volatility_20d_sector_neutral|volatility_60d_sector_neutral|downside_volatility_60d_sector_neutral|beta_60d_market_sector_neutral|max_drawdown_126d_sector_neutral|distance_sma_50d_sector_neutral|distance_sma_200d_sector_neutral|sma_50_200_spread_sector_neutral|positive_day_ratio_60d_sector_neutral|average_dollar_volume_20d_sector_neutral|dollar_volume_change_20d_60d_sector_neutral|amihud_illiquidity_20d_sector_neutral|zero_volume_ratio_60d_sector_neutral|first_future_date|target_end_date|horizon_sessions|target_21d|target_21d_excess|label_top_quintile,as_of_date|latest_market_date|first_future_date|target_end_date,2014-01-31T00:00:00,2020-01-31T00:00:00,{},,
C:\Users\Usuario\Documents\PROYECTO_FINTECH\institutional-quant-equity\data\processed\technical_modeling_panel.parquet,data/processed/technical_modeling_panel.parquet,.parquet,742938,db3bc615a3c3,7450,22,as_of_date|ticker|sector|sample_period|first_future_date|target_end_date|horizon_sessions|amihud_illiquidity_20d_sector_neutral|reversal_1m_sector_neutral|volatility_60d_sector_neutral|distance_sma_50d_sector_neutral|beta_60d_market_sector_neutral|return_3m_sector_neutral|max_drawdown_126d_sector_neutral|average_dollar_volume_20d_sector_neutral|target_21d|target_21d_excess|target_rank|target_percentile|label_top_quintile|feature_missing_count|is_complete_feature_row,as_of_date|first_future_date|target_end_date,2014-01-31T00:00:00,2026-06-30T00:00:00,{},stock_ranking,
C:\Users\Usuario\Documents\PROYECTO_FINTECH\institutional-quant-equity\data\processed\trades_all_methods_net.parquet,data/processed/trades_all_methods_net.parquet,.parquet,1659627,84a1508e5b4f,10804,26,signal_date|execution_date|strategy_name|ticker|sector|side|execution_price|pre_trade_shares|target_shares|trade_shares|pre_trade_weight|target_weight|trade_notional|absolute_trade_notional|transaction_cost|annualized_volatility|average_dollar_volume|commission_cost|spread_cost|slippage_cost|market_impact_cost|total_execution_cost|linear_cost_bps|market_impact_bps|effective_cost_bps|order_adv_fraction,signal_date|execution_date,2020-01-31T00:00:00,2026-06-01T00:00:00,"{""strategy_name"": [""alpha_risk_turnover"", ""cvar"", ""median_mad_de"", ""score_weighted"", ""top_n_equal_weight""]}",trades_costs,
C:\Users\Usuario\Documents\PROYECTO_FINTECH\institutional-quant-equity\data\processed\trades_mvp.parquet,data/processed/trades_mvp.parquet,.parquet,833333,9fe023edb87b,12069,15,signal_date|execution_date|strategy_name|ticker|sector|side|execution_price|pre_trade_shares|target_shares|trade_shares|pre_trade_weight|target_weight|trade_notional|absolute_trade_notional|transaction_cost,signal_date|execution_date,2020-01-31T00:00:00,2026-06-01T00:00:00,"{""strategy_name"": [""elastic_net_score_weighted"", ""elastic_net_top20_equal_weight"", ""momentum_3m_top20_equal_weight"", ""ridge_top20_equal_weight"", ""universe_equal_weight""]}",,
C:\Users\Usuario\Documents\PROYECTO_FINTECH\institutional-quant-equity\data\processed\walk_forward_folds.parquet,data/processed/walk_forward_folds.parquet,.parquet,18734,320035408d82,77,22,fold_id|mode|train_start_date|train_end_date|validation_start_date|validation_end_date|test_date|train_date_count|validation_date_count|test_date_count|purged_date_count|train_rows|validation_rows|test_rows|train_cross_section_min|train_cross_section_max|validation_cross_section_min|validation_cross_section_max|test_cross_section_min|test_cross_section_max|max_train_target_end|max_validation_target_end,train_start_date|train_end_date|validation_start_date|validation_end_date|test_date|train_date_count|validation_date_count|test_date_count|purged_date_count,1970-01-01T00:00:00,2026-05-29T00:00:00,{},,
C:\Users\Usuario\Documents\PROYECTO_FINTECH\institutional-quant-equity\data\processed\walk_forward_preprocessing.parquet,data/processed/walk_forward_preprocessing.parquet,.parquet,15620,dd60d67a2b9d,77,19,fold_id|test_date|candidate_features|active_features|continuous_features|indicator_features|unavailable_features|constant_continuous_features|train_missing_before|validation_missing_before|test_missing_before|train_missing_after|validation_missing_after|test_missing_after|train_non_finite_after|validation_non_finite_after|test_non_finite_after|max_abs_train_scaled_mean|max_abs_train_scaled_std_error,test_date|candidate_features,1970-01-01T00:00:00.000000091,2026-05-29T00:00:00,{},,
C:\Users\Usuario\Documents\PROYECTO_FINTECH\institutional-quant-equity\reports\tables\all_method_portfolio_checks.csv,reports/tables/all_method_portfolio_checks.csv,.csv,2515,6a5af685b8b8,27,5,scope|check|status|violations|description,,,,{},data_quality,
C:\Users\Usuario\Documents\PROYECTO_FINTECH\institutional-quant-equity\reports\tables\all_method_portfolio_diagnostics.csv,reports/tables/all_method_portfolio_diagnostics.csv,.csv,60361,f61202c4b642,385,11,as_of_date|method|positions|weight_sum|maximum_weight|minimum_positive_weight|maximum_sector_weight|concentration_hhi|effective_positions|one_way_turnover|two_way_turnover,as_of_date,2020-01-31T00:00:00,2026-05-29T00:00:00,"{""method"": [""alpha_risk_turnover"", ""cvar"", ""median_mad_de"", ""score_weighted"", ""top_n_equal_weight""]}",portfolio,
C:\Users\Usuario\Documents\PROYECTO_FINTECH\institutional-quant-equity\reports\tables\all_method_risk_summary.csv,reports/tables/all_method_risk_summary.csv,.csv,114588,e78e553b4f35,385,18,as_of_date|positions|portfolio_value|predicted_volatility|predicted_variance|portfolio_beta_vs_spy|maximum_weight|minimum_weight|concentration_hhi|effective_positions|maximum_sector_weight|maximum_active_sector_weight|maximum_position_adv_fraction|weighted_position_adv_fraction|maximum_liquidation_days|weighted_liquidation_days|risk_contribution_sum|method,as_of_date,2020-01-31T00:00:00,2026-05-29T00:00:00,"{""method"": [""alpha_risk_turnover"", ""cvar"", ""median_mad_de"", ""score_weighted"", ""top_n_equal_weight""], ""portfolio_beta_vs_spy"": [""0.8500000008108205"", ""0.8500245638244516"", ""0.8501236115058481"", ""0.8501415688169226"", ""0.8502589217772408"", ""0.850368110312134"", ""0.8524412604882766"", ""0.8582504418435676"", ""0.8606167888088891"", ""0.8626209685199623"", ""0.8629225125332172"", ""0.8679142964593214"", ""0.8725971351086252"", ""0.8735124928786984"", ""0.8752986347582951"", ""0.8777025723437554"", ""0.8874568842893903"", ""0.8880295493701796"", ""0.8891759178830254"", ""0.8891843157571977"", ""0.8924917530111183"", ""0.8936081280919369"", ""0.8943798232116725"", ""0.8971751861955378"", ""0.9009240593489908"", ""0.9012334901082008"", ""0.9013896540192996"", ""0.9016788515006848"", ""0.9029071904505324"", ""0.9041369934014348""], ""portfolio_value"": [""1000000.0""]}",risk,
C:\Users\Usuario\Documents\PROYECTO_FINTECH\institutional-quant-equity\reports\tables\all_methods_execution_checks.csv,reports/tables/all_methods_execution_checks.csv,.csv,693,ed584e2f720f,8,4,check|status|violations|description,,,,{},trades_costs|data_quality,
C:\Users\Usuario\Documents\PROYECTO_FINTECH\institutional-quant-equity\reports\tables\all_methods_execution_cost_components.csv,reports/tables/all_methods_execution_cost_components.csv,.csv,1020,b9f43d236053,5,10,strategy_name|trades|traded_notional|commission_cost|spread_cost|slippage_cost|market_impact_cost|total_execution_cost|maximum_order_adv_fraction|effective_cost_bps,,,,"{""strategy_name"": [""alpha_risk_turnover"", ""cvar"", ""median_mad_de"", ""score_weighted"", ""top_n_equal_weight""]}",trades_costs,
C:\Users\Usuario\Documents\PROYECTO_FINTECH\institutional-quant-equity\reports\tables\all_methods_execution_summary.csv,reports/tables/all_methods_execution_summary.csv,.csv,1461,b097a06eac8e,5,17,strategy_name|start_date|end_date|trading_days|rebalances|initial_capital|final_portfolio_value|preliminary_total_return|total_transaction_cost|total_traded_notional|mean_two_way_turnover|mean_one_way_turnover|mean_holdings|minimum_holdings|maximum_holdings|maximum_absolute_cash|maximum_absolute_cash_weight,start_date|end_date|rebalances,1970-01-01T00:00:00.000000077,2026-06-30T00:00:00,"{""final_portfolio_value"": [""3288685.2266263985"", ""3445326.3420354966"", ""3611485.121311185"", ""3800724.296824217"", ""4040172.810593051""], ""strategy_name"": [""alpha_risk_turnover"", ""cvar"", ""median_mad_de"", ""score_weighted"", ""top_n_equal_weight""]}",trades_costs,
C:\Users\Usuario\Documents\PROYECTO_FINTECH\institutional-quant-equity\reports\tables\all_methods_gross_net_comparison.csv,reports/tables/all_methods_gross_net_comparison.csv,.csv,3998,143662dc72c2,5,35,strategy_name|gross_final_portfolio_value|gross_total_return|gross_cagr|gross_annualized_volatility|gross_sharpe_ratio|gross_sortino_ratio|gross_maximum_drawdown|gross_beta_vs_spy|gross_annualized_alpha_vs_spy|net_final_portfolio_value|net_total_return|net_cagr|net_annualized_volatility|net_sharpe_ratio|net_sortino_ratio|net_maximum_drawdown|net_beta_vs_spy|net_annualized_alpha_vs_spy|net_excess_cagr|rebalances|total_transaction_cost|total_traded_notional|mean_two_way_turnover|mean_one_way_turnover|maximum_absolute_cash|commission_cost|spread_cost|slippage_cost|market_impact_cost|effective_cost_bps|maximum_order_adv_fraction|total_return_cost_drag|cagr_cost_drag|transaction_cost_fraction_initial_capital,rebalances,1970-01-01T00:00:00.000000077,1970-01-01T00:00:00.000000077,"{""gross_final_portfolio_value"": [""3345205.151504975"", ""3515938.9028036115"", ""3695910.21926608"", ""3872287.801322437"", ""4121685.9462883943""], ""net_final_portfolio_value"": [""3288685.2266263985"", ""3445326.3420354966"", ""3611485.121311185"", ""3800724.296824217"", ""4040172.810593051""], ""strategy_name"": [""alpha_risk_turnover"", ""cvar"", ""median_mad_de"", ""score_weighted"", ""top_n_equal_weight""]}",overview|trades_costs,
C:\Users\Usuario\Documents\PROYECTO_FINTECH\institutional-quant-equity\reports\tables\all_methods_gross_performance.csv,reports/tables/all_methods_gross_performance.csv,.csv,2771,aa803af35de5,5,27,strategy_name|start_date|end_date|trading_days|initial_capital|final_portfolio_value|total_return|cagr|annualized_volatility|sharpe_ratio|sortino_ratio|maximum_drawdown|calmar_ratio|positive_day_ratio|beta_vs_spy|annualized_alpha_vs_spy|correlation_vs_spy|tracking_error_vs_spy|information_ratio_vs_spy|benchmark_total_return|excess_total_return|benchmark_cagr|excess_cagr|total_transaction_cost|total_traded_notional|total_two_way_turnover|mean_rebalance_two_way_turnover,start_date|end_date|mean_rebalance_two_way_turnover,1970-01-01T00:00:00,2026-06-30T00:00:00,"{""final_portfolio_value"": [""3345205.151504975"", ""3515938.9028036115"", ""3695910.21926608"", ""3872287.801322437"", ""4121685.9462883943""], ""strategy_name"": [""alpha_risk_turnover"", ""cvar"", ""median_mad_de"", ""score_weighted"", ""top_n_equal_weight""]}",,
C:\Users\Usuario\Documents\PROYECTO_FINTECH\institutional-quant-equity\reports\tables\all_methods_net_performance.csv,reports/tables/all_methods_net_performance.csv,.csv,2832,61f56a4a6558,5,27,strategy_name|start_date|end_date|trading_days|initial_capital|final_portfolio_value|total_return|cagr|annualized_volatility|sharpe_ratio|sortino_ratio|maximum_drawdown|calmar_ratio|positive_day_ratio|beta_vs_spy|annualized_alpha_vs_spy|correlation_vs_spy|tracking_error_vs_spy|information_ratio_vs_spy|benchmark_total_return|excess_total_return|benchmark_cagr|excess_cagr|total_transaction_cost|total_traded_notional|total_two_way_turnover|mean_rebalance_two_way_turnover,start_date|end_date|mean_rebalance_two_way_turnover,1970-01-01T00:00:00,2026-06-30T00:00:00,"{""final_portfolio_value"": [""3288685.2266263985"", ""3445326.3420354966"", ""3611485.121311185"", ""3800724.296824217"", ""4040172.810593051""], ""strategy_name"": [""alpha_risk_turnover"", ""cvar"", ""median_mad_de"", ""score_weighted"", ""top_n_equal_weight""]}",,
C:\Users\Usuario\Documents\PROYECTO_FINTECH\institutional-quant-equity\reports\tables\baseline_portfolio_checks.csv,reports/tables/baseline_portfolio_checks.csv,.csv,522,6acc0b826448,7,4,check|status|violations|description,,,,{},data_quality,
C:\Users\Usuario\Documents\PROYECTO_FINTECH\institutional-quant-equity\reports\tables\baseline_portfolio_diagnostics.csv,reports/tables/baseline_portfolio_diagnostics.csv,.csv,20172,ee8083309c03,154,11,as_of_date|method|positions|weight_sum|maximum_weight|minimum_positive_weight|maximum_sector_weight|concentration_hhi|effective_positions|one_way_turnover|two_way_turnover,as_of_date,2020-01-31T00:00:00,2026-05-29T00:00:00,"{""method"": [""score_weighted"", ""top_n_equal_weight""]}",portfolio,
C:\Users\Usuario\Documents\PROYECTO_FINTECH\institutional-quant-equity\reports\tables\baseline_portfolio_risk_summary.csv,reports/tables/baseline_portfolio_risk_summary.csv,.csv,44832,0124458ed027,154,18,as_of_date|positions|portfolio_value|predicted_volatility|predicted_variance|portfolio_beta_vs_spy|maximum_weight|minimum_weight|concentration_hhi|effective_positions|maximum_sector_weight|maximum_active_sector_weight|maximum_position_adv_fraction|weighted_position_adv_fraction|maximum_liquidation_days|weighted_liquidation_days|risk_contribution_sum|method,as_of_date,2020-01-31T00:00:00,2026-05-29T00:00:00,"{""method"": [""score_weighted"", ""top_n_equal_weight""], ""portfolio_beta_vs_spy"": [""0.8936081280919369"", ""0.9013896540192996"", ""0.92713145235995"", ""0.933518162217852"", ""0.9469197151190794"", ""0.9506099750937512"", ""0.9692687319950384"", ""0.970205550967008"", ""0.970640494098621"", ""0.9776289840213572"", ""0.9822307473974744"", ""0.9831788545882408"", ""0.9904596246886272"", ""0.990487490250988"", ""0.9913746368316412"", ""0.9921233257393453"", ""0.9924390220726272"", ""0.9931692071714132"", ""0.9932271374093788"", ""0.9941949684127476"", ""0.9989422183229716"", ""1.0015939394038686"", ""1.0028551653878597"", ""1.003736398339551"", ""1.0054715270913523"", ""1.005712788767973"", ""1.006860864939874"", ""1.0083572539913497"", ""1.0091096922475216"", ""1.0107203317072058""], ""portfolio_value"": [""1000000.0""]}",portfolio|risk,
C:\Users\Usuario\Documents\PROYECTO_FINTECH\institutional-quant-equity\reports\tables\bootstrap_monthly_returns.csv,reports/tables/bootstrap_monthly_returns.csv,.csv,10595,733834ac9ffd,77,7,month|alpha_risk_turnover|cvar|median_mad_de|score_weighted|top_n_equal_weight|spy_buy_and_hold,,,,{},robustness,
C:\Users\Usuario\Documents\PROYECTO_FINTECH\institutional-quant-equity\reports\tables\bootstrap_pairwise_comparison.csv,reports/tables/bootstrap_pairwise_comparison.csv,.csv,1942,bda7a6a5b9a8,10,10,method_a|method_b|mean_cagr_difference_a_minus_b|cagr_difference_ci_lower|cagr_difference_ci_upper|probability_cagr_a_greater_b|mean_sharpe_difference_a_minus_b|sharpe_difference_ci_lower|sharpe_difference_ci_upper|probability_sharpe_a_greater_b,,,,"{""method_a"": [""alpha_risk_turnover"", ""cvar"", ""median_mad_de"", ""score_weighted""], ""method_b"": [""cvar"", ""median_mad_de"", ""score_weighted"", ""top_n_equal_weight""]}",robustness,
C:\Users\Usuario\Documents\PROYECTO_FINTECH\institutional-quant-equity\reports\tables\bootstrap_rank_stability.csv,reports/tables/bootstrap_rank_stability.csv,.csv,232,7f5d9436ed42,5,3,strategy_name|probability_rank_1_by_annualized_return|probability_rank_1_by_sharpe,,,,"{""strategy_name"": [""alpha_risk_turnover"", ""cvar"", ""median_mad_de"", ""score_weighted"", ""top_n_equal_weight""]}",robustness,
C:\Users\Usuario\Documents\PROYECTO_FINTECH\institutional-quant-equity\reports\tables\bootstrap_robustness_checks.csv,reports/tables/bootstrap_robustness_checks.csv,.csv,792,67863cef3be6,8,4,check|status|violations|description,,,,{},robustness|data_quality,
C:\Users\Usuario\Documents\PROYECTO_FINTECH\institutional-quant-equity\reports\tables\bootstrap_strategy_summary.csv,reports/tables/bootstrap_strategy_summary.csv,.csv,2925,153d29577cd6,5,25,strategy_name|observed_annualized_return|observed_excess_annualized_return|observed_sharpe|observed_positive_month_ratio|observed_outperform_spy_ratio|observed_mean_excess_monthly_return|bootstrap_replications|bootstrap_months|annualized_return_bootstrap_mean|annualized_return_ci_lower|annualized_return_ci_upper|excess_annualized_return_bootstrap_mean|excess_annualized_return_ci_lower|excess_annualized_return_ci_upper|probability_excess_annualized_return_positive|sharpe_bootstrap_mean|sharpe_ci_lower|sharpe_ci_upper|positive_month_ratio_bootstrap_mean|outperform_spy_ratio_bootstrap_mean|mean_excess_monthly_return_bootstrap_mean|mean_excess_monthly_return_ci_lower|mean_excess_monthly_return_ci_upper|probability_mean_excess_monthly_return_positive,,,,"{""strategy_name"": [""alpha_risk_turnover"", ""cvar"", ""median_mad_de"", ""score_weighted"", ""top_n_equal_weight""]}",robustness,
C:\Users\Usuario\Documents\PROYECTO_FINTECH\institutional-quant-equity\reports\tables\capacity_analysis.csv,reports/tables/capacity_analysis.csv,.csv,11281,92c64e96f7f3,20,28,capital|strategy_name|gross_cagr|gross_sharpe_ratio|gross_sortino_ratio|gross_maximum_drawdown|net_final_portfolio_value|net_total_return|net_cagr|net_annualized_volatility|net_sharpe_ratio|net_sortino_ratio|net_maximum_drawdown|net_beta_vs_spy|net_annualized_alpha_vs_spy|net_excess_cagr|total_transaction_cost|total_traded_notional|mean_two_way_turnover|mean_one_way_turnover|maximum_absolute_cash|market_impact_cost|effective_cost_bps|maximum_order_adv_fraction|mean_order_adv_fraction|transaction_cost_fraction_initial_capital|cagr_cost_drag|sharpe_cost_drag,,,,"{""net_final_portfolio_value"": [""327316905.72506166"", ""32849473.479875155"", ""3288685.2266263985"", ""328986.8577813027"", ""342594157.19669026"", ""34406540.85143472"", ""3445326.3420354966"", ""344680.58228470536"", ""358824327.45654285"", ""36058806.16764107"", ""3611485.121311185"", ""361326.0142920029"", ""378217514.0558621"", ""37962553.56538032"", ""3800724.296824217"", ""380213.9144111445"", ""402072004.709305"", ""40354863.55014258"", ""4040172.810593051"", ""404165.6497757338""], ""strategy_name"": [""alpha_risk_turnover"", ""cvar"", ""median_mad_de"", ""score_weighted"", ""top_n_equal_weight""]}",trades_costs,
C:\Users\Usuario\Documents\PROYECTO_FINTECH\institutional-quant-equity\reports\tables\capacity_checks.csv,reports/tables/capacity_checks.csv,.csv,802,6f239c0831c0,8,4,check|status|violations|description,,,,{},trades_costs|data_quality,
C:\Users\Usuario\Documents\PROYECTO_FINTECH\institutional-quant-equity\reports\tables\capacity_cost_components.csv,reports/tables/capacity_cost_components.csv,.csv,4703,4ec507cd33b0,20,13,strategy_name|trades|traded_notional|commission_cost|spread_cost|slippage_cost|market_impact_cost|total_execution_cost|maximum_order_adv_fraction|mean_order_adv_fraction|capital|effective_cost_bps|transaction_cost_fraction_initial_capital,,,,"{""strategy_name"": [""alpha_risk_turnover"", ""cvar"", ""median_mad_de"", ""score_weighted"", ""top_n_equal_weight""]}",trades_costs,
C:\Users\Usuario\Documents\PROYECTO_FINTECH\institutional-quant-equity\reports\tables\core_portfolio_checks.csv,reports/tables/core_portfolio_checks.csv,.csv,822,765d27f255b0,10,4,check|status|violations|description,,,,{},data_quality,
C:\Users\Usuario\Documents\PROYECTO_FINTECH\institutional-quant-equity\reports\tables\core_portfolio_diagnostics.csv,reports/tables/core_portfolio_diagnostics.csv,.csv,34972,02d240905874,231,11,as_of_date|method|positions|weight_sum|maximum_weight|minimum_positive_weight|maximum_sector_weight|concentration_hhi|effective_positions|one_way_turnover|two_way_turnover,as_of_date,2020-01-31T00:00:00,2026-05-29T00:00:00,"{""method"": [""alpha_risk_turnover"", ""score_weighted"", ""top_n_equal_weight""]}",portfolio,
C:\Users\Usuario\Documents\PROYECTO_FINTECH\institutional-quant-equity\reports\tables\core_portfolio_risk_summary.csv,reports/tables/core_portfolio_risk_summary.csv,.csv,68976,c94f8166947a,231,18,as_of_date|positions|portfolio_value|predicted_volatility|predicted_variance|portfolio_beta_vs_spy|maximum_weight|minimum_weight|concentration_hhi|effective_positions|maximum_sector_weight|maximum_active_sector_weight|maximum_position_adv_fraction|weighted_position_adv_fraction|maximum_liquidation_days|weighted_liquidation_days|risk_contribution_sum|method,as_of_date,2020-01-31T00:00:00,2026-05-29T00:00:00,"{""method"": [""alpha_risk_turnover"", ""score_weighted"", ""top_n_equal_weight""], ""portfolio_beta_vs_spy"": [""0.8500000008108205"", ""0.8582504418435676"", ""0.8606167888088891"", ""0.8725971351086252"", ""0.8735124928786984"", ""0.8880295493701796"", ""0.8891759178830254"", ""0.8924917530111183"", ""0.8936081280919369"", ""0.8943798232116725"", ""0.8971751861955378"", ""0.9009240593489908"", ""0.9013896540192996"", ""0.9029071904505324"", ""0.9044503902922"", ""0.905217406651579"", ""0.9180800519938168"", ""0.9191851367387543"", ""0.927041823160683"", ""0.92713145235995"", ""0.9301064477284718"", ""0.9333817605733624"", ""0.933518162217852"", ""0.9341415751633398"", ""0.9392852943618604"", ""0.9406463530688168"", ""0.9437095289577332"", ""0.9457629543776382"", ""0.9461074807370832"", ""0.9469197151190794""], ""portfolio_value"": [""1000000.0""]}",portfolio|risk,
C:\Users\Usuario\Documents\PROYECTO_FINTECH\institutional-quant-equity\reports\tables\covariance_checks.csv,reports/tables/covariance_checks.csv,.csv,974,7b118f99dad2,11,4,check|status|violations|description,,,,{},data_quality,
C:\Users\Usuario\Documents\PROYECTO_FINTECH\institutional-quant-equity\reports\tables\covariance_diagnostics.csv,reports/tables/covariance_diagnostics.csv,.csv,16906,8a2fcb595a88,77,14,as_of_date|assets|observations|window_start_date|window_end_date|shrinkage|minimum_eigenvalue|maximum_eigenvalue|sample_condition_number|shrinkage_condition_number|mean_pairwise_correlation|median_pairwise_correlation|maximum_pairwise_correlation|minimum_pairwise_correlation,as_of_date|window_start_date|window_end_date,2019-02-01T00:00:00,2026-05-29T00:00:00,{},risk,
C:\Users\Usuario\Documents\PROYECTO_FINTECH\institutional-quant-equity\reports\tables\cvar_portfolio_diagnostics.csv,reports/tables/cvar_portfolio_diagnostics.csv,.csv,21130,1405564b6a97,77,18,as_of_date|solver_status|objective_value|scenario_count|confidence_level|horizon_days|predicted_alpha_proxy|var_loss|cvar_loss|mean_scenario_return|worst_scenario_return|one_way_turnover|portfolio_beta_vs_spy|maximum_position_adv_fraction|positions|maximum_weight|maximum_sector_weight|solver,as_of_date,2020-01-31T00:00:00,2026-05-29T00:00:00,"{""mean_scenario_return"": [""-0.0005336789300534"", ""-0.0006965169568072"", ""-0.0012476898014748"", ""-0.0020432236456134"", ""-0.0023428834663964"", ""0.0006663437523444"", ""0.0029818248799258"", ""0.0030945083641105"", ""0.0051339440467017"", ""0.0059745132338381"", ""0.0075801328971458"", ""0.0085608239048936"", ""0.0092630506731667"", ""0.0093553491806846"", ""0.0101177013809149"", ""0.0103321144257975"", ""0.0110715117799778"", ""0.0121814838490929"", ""0.0122249433686282"", ""0.0125150757616959"", ""0.0125657768377595"", ""0.0130048638874648"", ""0.0138247418810454"", ""0.0139523603986776"", ""0.0141172841740454"", ""0.0147445978301242"", ""0.0152197973897924"", ""0.016207152085479"", ""0.0165049817181058"", ""0.0165883503597651""], ""portfolio_beta_vs_spy"": [""0.8679142964593215"", ""0.8752986347582953"", ""0.8777025723437554"", ""0.8874568842893901"", ""0.8891843157571976"", ""0.9112169879179184"", ""0.9311402218816308"", ""0.9326698092436168"", ""0.9333715411895276"", ""0.9362135421963655"", ""0.9362797687510138"", ""0.9373693266342994"", ""0.9379823435584256"", ""0.9636621630568688"", ""0.9677441540829232"", ""0.9696062370551364"", ""0.9705277450992396"", ""0.972524393062598"", ""0.9767184016444832"", ""0.9772267181016506"", ""0.982471511335893"", ""0.9838894923900496"", ""0.9882511214223244"", ""0.989638956985824"", ""0.995574223873026"", ""0.997018984356421"", ""0.9974689605798585"", ""0.998481284851928"", ""1.0032629177928556"", ""1.0040500289539511""], ""scenario_count"": [""252""], ""worst_scenario_return"": [""-0.0265357962435742"", ""-0.0274317402334499"", ""-0.0351883008774744"", ""-0.0411561413568115"", ""-0.0439143029383341"", ""-0.0440190616518211"", ""-0.0454779633358102"", ""-0.0466573645607152"", ""-0.0467000028539954"", ""-0.0495866636507674"", ""-0.0522852979513332"", ""-0.0524349491468996"", ""-0.0525495221342647"", ""-0.0525952984898228"", ""-0.0562595127720542"", ""-0.0573427250776602"", ""-0.0590096937356005"", ""-0.0638942685016197"", ""-0.0645626713250575"", ""-0.0645992946749935"", ""-0.064619464522023"", ""-0.065639983765656"", ""-0.0696415674926833"", ""-0.0713025256392008"", ""-0.0714029078001124"", ""-0.071828022915503"", ""-0.0737972755508917"", ""-0.0771321192955253"", ""-0.0789660374324539"", ""-0.0811644357103293""]}",portfolio,
C:\Users\Usuario\Documents\PROYECTO_FINTECH\institutional-quant-equity\reports\tables\ensemble_ablation_summary.csv,reports/tables/ensemble_ablation_summary.csv,.csv,729,7e5bce88cb45,3,11,model_name|months|valid_ic_months|mean_ic|median_ic|std_ic|annualized_ic_ir|positive_ic_ratio|mean_top_bottom_spread|mean_top_quintile_precision|mean_top_quintile_turnover,,,,"{""model_name"": [""without_composite"", ""without_elastic_net"", ""without_lightgbm_ranker""]}",model_research|robustness,
C:\Users\Usuario\Documents\PROYECTO_FINTECH\institutional-quant-equity\reports\tables\ensemble_candidate_monthly_metrics.csv,reports/tables/ensemble_candidate_monthly_metrics.csv,.csv,47215,e896669bf98d,231,12,model_name|as_of_date|observations|ic|q1_mean_excess_return|q2_mean_excess_return|q3_mean_excess_return|q4_mean_excess_return|q5_mean_excess_return|top_bottom_spread|top_quintile_precision|top_quintile_turnover,as_of_date,2020-01-31T00:00:00,2026-05-29T00:00:00,"{""model_name"": [""core_percentile_ensemble"", ""equal_percentile_ensemble"", ""validation_weighted_ensemble""]}",model_research,
C:\Users\Usuario\Documents\PROYECTO_FINTECH\institutional-quant-equity\reports\tables\ensemble_candidate_summary.csv,reports/tables/ensemble_candidate_summary.csv,.csv,749,eb5760e9f137,3,11,model_name|months|valid_ic_months|mean_ic|median_ic|std_ic|annualized_ic_ir|positive_ic_ratio|mean_top_bottom_spread|mean_top_quintile_precision|mean_top_quintile_turnover,,,,"{""model_name"": [""core_percentile_ensemble"", ""equal_percentile_ensemble"", ""validation_weighted_ensemble""]}",model_research,
C:\Users\Usuario\Documents\PROYECTO_FINTECH\institutional-quant-equity\reports\tables\ensemble_sector_diagnostics.csv,reports/tables/ensemble_sector_diagnostics.csv,.csv,45354,4065229b80e0,847,6,as_of_date|sector|companies|mean_percentile_score|top_group_companies|top_group_share,as_of_date,2020-01-31T00:00:00,2026-05-29T00:00:00,{},model_research,
C:\Users\Usuario\Documents\PROYECTO_FINTECH\institutional-quant-equity\reports\tables\ensemble_signal_correlations.csv,reports/tables/ensemble_signal_correlations.csv,.csv,410,862e6b840f0f,3,7,signal_a|signal_b|months|mean_spearman|median_spearman|minimum_spearman|maximum_spearman,,,,{},model_research,
C:\Users\Usuario\Documents\PROYECTO_FINTECH\institutional-quant-equity\reports\tables\ensemble_validation_weights.csv,reports/tables/ensemble_validation_weights.csv,.csv,10541,d545ab7a5584,77,9,fold_id|test_date|composite_validation_ic|composite_validation_months|elastic_net_validation_ic|lightgbm_ranker_validation_ic|composite_weight|elastic_net_weight|lightgbm_ranker_weight,test_date,2020-01-31T00:00:00,2026-05-29T00:00:00,{},model_research,
C:\Users\Usuario\Documents\PROYECTO_FINTECH\institutional-quant-equity\reports\tables\factor_correlation_matrix.csv,reports/tables/factor_correlation_matrix.csv,.csv,7671,1d204ae85002,19,20,signal|momentum_12_1_sector_neutral|momentum_6_1_sector_neutral|return_3m_sector_neutral|return_1m_sector_neutral|return_1w_sector_neutral|reversal_1m_sector_neutral|volatility_20d_sector_neutral|volatility_60d_sector_neutral|downside_volatility_60d_sector_neutral|beta_60d_market_sector_neutral|max_drawdown_126d_sector_neutral|distance_sma_50d_sector_neutral|distance_sma_200d_sector_neutral|sma_50_200_spread_sector_neutral|positive_day_ratio_60d_sector_neutral|average_dollar_volume_20d_sector_neutral|dollar_volume_change_20d_60d_sector_neutral|amihud_illiquidity_20d_sector_neutral|zero_volume_ratio_60d_sector_neutral,,,,{},,
C:\Users\Usuario\Documents\PROYECTO_FINTECH\institutional-quant-equity\reports\tables\factor_correlations.csv,reports/tables/factor_correlations.csv,.csv,22676,7d2d8388663b,153,7,first_signal|second_signal|months|mean_correlation|median_correlation|mean_absolute_correlation|maximum_absolute_correlation,,,,{},,
C:\Users\Usuario\Documents\PROYECTO_FINTECH\institutional-quant-equity\reports\tables\factor_correlations_monthly.csv,reports/tables/factor_correlations_monthly.csv,.csv,1190837,bd796de7ca80,12312,5,as_of_date|first_signal|second_signal|observations|spearman_correlation,as_of_date,2014-01-31T00:00:00,2019-12-31T00:00:00,{},,
C:\Users\Usuario\Documents\PROYECTO_FINTECH\institutional-quant-equity\reports\tables\factor_ic.csv,reports/tables/factor_ic.csv,.csv,4052,90201409169b,19,11,signal|months|mean_ic|median_ic|std_ic|ic_ir|annualized_ic_ir|ic_t_stat|positive_month_ratio|abs_mean_ic|preferred_direction,,,,{},model_research,
C:\Users\Usuario\Documents\PROYECTO_FINTECH\institutional-quant-equity\reports\tables\factor_ic_by_sector.csv,reports/tables/factor_ic_by_sector.csv,.csv,20810,22562a298a11,144,8,signal|sector|months|mean_ic|median_ic|preferred_direction|directional_mean_ic|directional_month_ratio,,,,{},model_research,
C:\Users\Usuario\Documents\PROYECTO_FINTECH\institutional-quant-equity\reports\tables\factor_ic_by_sector_monthly.csv,reports/tables/factor_ic_by_sector_monthly.csv,.csv,1077714,7e30284edb44,15048,5,as_of_date|sector|signal|observations|ic,as_of_date,2014-01-31T00:00:00,2019-12-31T00:00:00,{},model_research,
C:\Users\Usuario\Documents\PROYECTO_FINTECH\institutional-quant-equity\reports\tables\factor_ic_by_subperiod.csv,reports/tables/factor_ic_by_subperiod.csv,.csv,6760,d02c93ab48fb,36,11,period|period_start|period_end|signal|months|mean_ic|median_ic|std_ic|preferred_direction|directional_mean_ic|directional_month_ratio,period_end,2016-12-31T00:00:00,2019-12-31T00:00:00,{},model_research,
C:\Users\Usuario\Documents\PROYECTO_FINTECH\institutional-quant-equity\reports\tables\factor_ic_by_year.csv,reports/tables/factor_ic_by_year.csv,.csv,18862,4a0312204d4d,107,11,period|period_start|period_end|signal|months|mean_ic|median_ic|std_ic|preferred_direction|directional_mean_ic|directional_month_ratio,period_end,2014-12-31T00:00:00,2019-12-31T00:00:00,{},model_research,
C:\Users\Usuario\Documents\PROYECTO_FINTECH\institutional-quant-equity\reports\tables\factor_ic_monthly.csv,reports/tables/factor_ic_monthly.csv,.csv,90359,de3c282c20db,1368,4,signal|as_of_date|observations|ic,as_of_date,2014-01-31T00:00:00,2019-12-31T00:00:00,{},model_research,
C:\Users\Usuario\Documents\PROYECTO_FINTECH\institutional-quant-equity\reports\tables\factor_quintiles.csv,reports/tables/factor_quintiles.csv,.csv,9851,80e1d769f5cc,90,7,signal|quintile|months|mean_target_21d_excess|median_target_21d_excess|mean_target_21d|mean_observations,,,,{},model_research,
C:\Users\Usuario\Documents\PROYECTO_FINTECH\institutional-quant-equity\reports\tables\factor_quintiles_monthly.csv,reports/tables/factor_quintiles_monthly.csv,.csv,698365,bd3f4947a681,6185,7,signal|as_of_date|quintile|observations|mean_target_21d_excess|median_target_21d_excess|mean_target_21d,as_of_date,2014-01-31T00:00:00,2019-12-31T00:00:00,{},model_research,
C:\Users\Usuario\Documents\PROYECTO_FINTECH\institutional-quant-equity\reports\tables\factor_selection_diagnostics.csv,reports/tables/factor_selection_diagnostics.csv,.csv,8001,2a02f29163a7,19,24,signal|preliminary_status|months|coverage_ratio|mean_ic|abs_mean_ic|annualized_ic_ir|ic_t_stat|preferred_direction|directional_month_ratio|directional_spread|directional_positive_spread_ratio|mean_quintile_monotonicity|mean_turnover|positive_year_ratio|worst_year_directional_ic|positive_subperiod_ratio|worst_subperiod_directional_ic|sectors_available|positive_sector_ratio|median_sector_directional_ic|strongest_correlated_signal|strongest_mean_correlation|strongest_mean_absolute_correlation,,,,{},,
C:\Users\Usuario\Documents\PROYECTO_FINTECH\institutional-quant-equity\reports\tables\factor_spreads.csv,reports/tables/factor_spreads.csv,.csv,2942,c56f9886fd74,18,8,signal|months|mean_top_bottom_spread|median_top_bottom_spread|spread_std|positive_spread_ratio|mean_quintile_monotonicity|positive_monotonicity_ratio,,,,{},,
C:\Users\Usuario\Documents\PROYECTO_FINTECH\institutional-quant-equity\reports\tables\factor_spreads_monthly.csv,reports/tables/factor_spreads_monthly.csv,.csv,150193,0582a76a21f8,1237,6,signal|as_of_date|bottom_quintile_return|top_quintile_return|top_bottom_spread|quintile_monotonicity,as_of_date,2014-01-31T00:00:00,2019-12-31T00:00:00,{},,
C:\Users\Usuario\Documents\PROYECTO_FINTECH\institutional-quant-equity\reports\tables\factor_turnover.csv,reports/tables/factor_turnover.csv,.csv,1727,63abffdea322,18,7,signal|transitions|mean_turnover|median_turnover|maximum_turnover|preferred_direction|selected_quantile,,,,{},,
C:\Users\Usuario\Documents\PROYECTO_FINTECH\institutional-quant-equity\reports\tables\factor_turnover_monthly.csv,reports/tables/factor_turnover_monthly.csv,.csv,113475,11704c46fb55,1219,9,signal|from_date|to_date|preferred_direction|selected_quantile|previous_members|current_members|overlapping_members|turnover,from_date|to_date,2014-01-31T00:00:00,2019-12-31T00:00:00,{},,
C:\Users\Usuario\Documents\PROYECTO_FINTECH\institutional-quant-equity\reports\tables\feature_family_ablation\economic_bootstrap_checks.csv,reports/tables/feature_family_ablation/economic_bootstrap_checks.csv,.csv,536,f68e487d7473,6,4,check|status|violations|description,,,,{},robustness|data_quality,
C:\Users\Usuario\Documents\PROYECTO_FINTECH\institutional-quant-equity\reports\tables\feature_family_ablation\economic_checks.csv,reports/tables/feature_family_ablation/economic_checks.csv,.csv,1012,9650cfb65ec5,11,4,check|status|violations|description,,,,{},robustness|data_quality,
C:\Users\Usuario\Documents\PROYECTO_FINTECH\institutional-quant-equity\reports\tables\feature_family_ablation\economic_comparison.csv,reports/tables/feature_family_ablation/economic_comparison.csv,.csv,1776,80246af1ae9f,3,25,strategy_name|final_portfolio_value|total_return|cagr|annualized_volatility|sharpe_ratio|sortino_ratio|maximum_drawdown|beta_vs_spy|annualized_alpha_vs_spy|excess_cagr|total_transaction_cost|total_traded_notional|mean_two_way_turnover|mean_one_way_turnover|mean_positions|maximum_weight|maximum_sector_weight|mean_effective_positions|construction_one_way_turnover|effective_cost_bps|cagr_difference_vs_full|sharpe_difference_vs_full|excess_cagr_difference_vs_full|is_baseline,,,,"{""final_portfolio_value"": [""4040172.810593051"", ""4203075.514248322"", ""4525468.330234049""], ""strategy_name"": [""full_ensemble"", ""no_fundamentals"", ""no_momentum""]}",robustness,
C:\Users\Usuario\Documents\PROYECTO_FINTECH\institutional-quant-equity\reports\tables\feature_family_ablation\economic_cost_deltas_vs_full.csv,reports/tables/feature_family_ablation/economic_cost_deltas_vs_full.csv,.csv,574,0d08c8713a11,2,9,scenario|total_transaction_cost|transaction_cost_difference_vs_full|total_traded_notional|traded_notional_difference_vs_full|mean_one_way_turnover|turnover_difference_vs_full|effective_cost_bps|effective_cost_bps_difference_vs_full,,,,"{""scenario"": [""no_fundamentals"", ""no_momentum""]}",robustness,
C:\Users\Usuario\Documents\PROYECTO_FINTECH\institutional-quant-equity\reports\tables\feature_family_ablation\economic_execution_summary.csv,reports/tables/feature_family_ablation/economic_execution_summary.csv,.csv,976,d1cc900ecca3,3,17,strategy_name|start_date|end_date|trading_days|rebalances|initial_capital|final_portfolio_value|preliminary_total_return|total_transaction_cost|total_traded_notional|mean_two_way_turnover|mean_one_way_turnover|mean_holdings|minimum_holdings|maximum_holdings|maximum_absolute_cash|maximum_absolute_cash_weight,start_date|end_date|rebalances,1970-01-01T00:00:00.000000077,2026-06-30T00:00:00,"{""final_portfolio_value"": [""4040172.810593051"", ""4203075.514248322"", ""4525468.330234049""], ""strategy_name"": [""full_ensemble"", ""no_fundamentals"", ""no_momentum""]}",trades_costs|robustness,
C:\Users\Usuario\Documents\PROYECTO_FINTECH\institutional-quant-equity\reports\tables\feature_family_ablation\economic_monthly_returns.csv,reports/tables/feature_family_ablation/economic_monthly_returns.csv,.csv,14662,84a1d3aaa101,308,3,month|strategy_name|monthly_return,,,,"{""strategy_name"": [""full_ensemble"", ""no_fundamentals"", ""no_momentum"", ""spy_buy_and_hold""]}",robustness,
C:\Users\Usuario\Documents\PROYECTO_FINTECH\institutional-quant-equity\reports\tables\feature_family_ablation\economic_paired_bootstrap.csv,reports/tables/feature_family_ablation/economic_paired_bootstrap.csv,.csv,1147,dbb129359a4c,2,17,scenario|months|bootstrap_replications|observed_mean_monthly_return_difference|mean_monthly_difference_ci_low|mean_monthly_difference_ci_high|probability_mean_monthly_difference_gt_zero|observed_annualized_geometric_return_difference|annualized_geometric_difference_ci_low|annualized_geometric_difference_ci_high|probability_annualized_geometric_difference_gt_zero|observed_annualized_monthly_sharpe_difference|annualized_monthly_sharpe_difference_ci_low|annualized_monthly_sharpe_difference_ci_high|probability_annualized_monthly_sharpe_difference_gt_zero|candidate_beats_full_month_frequency|candidate_ties_full_month_frequency,candidate_beats_full_month_frequency|candidate_ties_full_month_frequency,1970-01-01T00:00:00,1970-01-01T00:00:00,"{""scenario"": [""no_fundamentals"", ""no_momentum""]}",robustness,
C:\Users\Usuario\Documents\PROYECTO_FINTECH\institutional-quant-equity\reports\tables\feature_family_ablation\economic_portfolio_diagnostics.csv,reports/tables/feature_family_ablation/economic_portfolio_diagnostics.csv,.csv,40212,9017e234a260,231,11,as_of_date|method|positions|weight_sum|maximum_weight|minimum_positive_weight|maximum_sector_weight|concentration_hhi|effective_positions|one_way_turnover|two_way_turnover,as_of_date,2020-01-31T00:00:00,2026-05-29T00:00:00,"{""method"": [""full_ensemble"", ""no_fundamentals"", ""no_momentum""]}",portfolio|robustness,
C:\Users\Usuario\Documents\PROYECTO_FINTECH\institutional-quant-equity\reports\tables\feature_family_ablation\economic_yearly_stability.csv,reports/tables/feature_family_ablation/economic_yearly_stability.csv,.csv,1961,34958250bf3f,14,9,scenario|year|months|full_compounded_return|candidate_compounded_return|compounded_return_difference_vs_full|mean_monthly_return_difference_vs_full|candidate_beats_full_month_frequency|candidate_beats_full_year,candidate_compounded_return|candidate_beats_full_month_frequency,1970-01-01T00:00:00,1970-01-01T00:00:00,"{""scenario"": [""no_fundamentals"", ""no_momentum""]}",robustness,
C:\Users\Usuario\Documents\PROYECTO_FINTECH\institutional-quant-equity\reports\tables\feature_family_ablation\economic_yearly_summary.csv,reports/tables/feature_family_ablation/economic_yearly_summary.csv,.csv,3883,c5f7316943b5,28,9,strategy_name|year|trading_days|total_return|annualized_volatility|sharpe_ratio|maximum_drawdown|transaction_cost|two_way_turnover,,,,"{""strategy_name"": [""full_ensemble"", ""no_fundamentals"", ""no_momentum"", ""spy_buy_and_hold""]}",robustness,
C:\Users\Usuario\Documents\PROYECTO_FINTECH\institutional-quant-equity\reports\tables\feature_family_ablation\no_fundamentals_ensemble_checks.csv,reports/tables/feature_family_ablation/no_fundamentals_ensemble_checks.csv,.csv,1132,0591da7464d9,14,4,check|status|violations|description,,,,{},model_research|robustness|data_quality,
C:\Users\Usuario\Documents\PROYECTO_FINTECH\institutional-quant-equity\reports\tables\feature_family_ablation\no_fundamentals_feature_columns.csv,reports/tables/feature_family_ablation/no_fundamentals_feature_columns.csv,.csv,760,ed951b4030d8,19,1,feature,,,,{},robustness,
C:\Users\Usuario\Documents\PROYECTO_FINTECH\institutional-quant-equity\reports\tables\feature_family_ablation\no_fundamentals_lightgbm_ranker_feature_importance.csv,reports/tables/feature_family_ablation/no_fundamentals_lightgbm_ranker_feature_importance.csv,.csv,129232,29b6e4693e46,1463,6,fold_id|test_date|feature|gain|gain_share|split_count,test_date,2020-01-31T00:00:00,2026-05-29T00:00:00,{},model_research|robustness,
C:\Users\Usuario\Documents\PROYECTO_FINTECH\institutional-quant-equity\reports\tables\feature_family_ablation\no_fundamentals_lightgbm_ranker_hyperparameters.csv,reports/tables/feature_family_ablation/no_fundamentals_lightgbm_ranker_hyperparameters.csv,.csv,25755,af7a8e799e9c,308,11,fold_id|test_date|candidate_name|num_leaves|max_depth|min_child_samples|best_iteration|validation_mean_ic|validation_valid_months|validation_ndcg_at_10|selected,test_date,2020-01-31T00:00:00,2026-05-29T00:00:00,{},robustness,
C:\Users\Usuario\Documents\PROYECTO_FINTECH\institutional-quant-equity\reports\tables\feature_family_ablation\no_fundamentals_regularized_linear_coefficients.csv,reports/tables/feature_family_ablation/no_fundamentals_regularized_linear_coefficients.csv,.csv,323639,66e46116795b,2926,9,fold_id|test_date|model_name|feature|coefficient_standardized|absolute_coefficient|nonzero_coefficient|selected_alpha|selected_l1_ratio,test_date,2020-01-31T00:00:00,2026-05-29T00:00:00,"{""model_name"": [""elastic_net"", ""ridge""]}",robustness,
C:\Users\Usuario\Documents\PROYECTO_FINTECH\institutional-quant-equity\reports\tables\feature_family_ablation\no_fundamentals_regularized_linear_hyperparameters.csv,reports/tables/feature_family_ablation/no_fundamentals_regularized_linear_hyperparameters.csv,.csv,60658,8598d15ad5e9,1001,8,fold_id|test_date|model_name|alpha|l1_ratio|validation_mean_ic|validation_valid_months|selected,test_date,2020-01-31T00:00:00,2026-05-29T00:00:00,"{""model_name"": [""elastic_net"", ""ridge""]}",robustness,
C:\Users\Usuario\Documents\PROYECTO_FINTECH\institutional-quant-equity\reports\tables\feature_family_ablation\no_fundamentals_retraining_checks.csv,reports/tables/feature_family_ablation/no_fundamentals_retraining_checks.csv,.csv,847,eb999479a359,9,4,check|status|violations|description,,,,{},robustness|data_quality,
C:\Users\Usuario\Documents\PROYECTO_FINTECH\institutional-quant-equity\reports\tables\feature_family_ablation\no_fundamentals_validation_weights.csv,reports/tables/feature_family_ablation/no_fundamentals_validation_weights.csv,.csv,10542,343bd075f882,77,9,fold_id|test_date|composite_validation_ic|composite_validation_months|elastic_net_validation_ic|lightgbm_ranker_validation_ic|composite_weight|elastic_net_weight|lightgbm_ranker_weight,test_date,2020-01-31T00:00:00,2026-05-29T00:00:00,{},robustness,
C:\Users\Usuario\Documents\PROYECTO_FINTECH\institutional-quant-equity\reports\tables\feature_family_ablation\no_momentum_ensemble_checks.csv,reports/tables/feature_family_ablation/no_momentum_ensemble_checks.csv,.csv,1132,0591da7464d9,14,4,check|status|violations|description,,,,{},model_research|robustness|data_quality,
C:\Users\Usuario\Documents\PROYECTO_FINTECH\institutional-quant-equity\reports\tables\feature_family_ablation\no_momentum_feature_columns.csv,reports/tables/feature_family_ablation/no_momentum_feature_columns.csv,.csv,3007,edd48eae22ed,85,1,feature,,,,{},robustness,
C:\Users\Usuario\Documents\PROYECTO_FINTECH\institutional-quant-equity\reports\tables\feature_family_ablation\no_momentum_lightgbm_ranker_feature_importance.csv,reports/tables/feature_family_ablation/no_momentum_lightgbm_ranker_feature_importance.csv,.csv,467559,fa5a43d96231,6545,6,fold_id|test_date|feature|gain|gain_share|split_count,test_date,2020-01-31T00:00:00,2026-05-29T00:00:00,{},model_research|robustness,
C:\Users\Usuario\Documents\PROYECTO_FINTECH\institutional-quant-equity\reports\tables\feature_family_ablation\no_momentum_lightgbm_ranker_hyperparameters.csv,reports/tables/feature_family_ablation/no_momentum_lightgbm_ranker_hyperparameters.csv,.csv,25798,3bcec91cc95a,308,11,fold_id|test_date|candidate_name|num_leaves|max_depth|min_child_samples|best_iteration|validation_mean_ic|validation_valid_months|validation_ndcg_at_10|selected,test_date,2020-01-31T00:00:00,2026-05-29T00:00:00,{},robustness,
C:\Users\Usuario\Documents\PROYECTO_FINTECH\institutional-quant-equity\reports\tables\feature_family_ablation\no_momentum_regularized_linear_coefficients.csv,reports/tables/feature_family_ablation/no_momentum_regularized_linear_coefficients.csv,.csv,1384075,2995c5adbf39,13090,9,fold_id|test_date|model_name|feature|coefficient_standardized|absolute_coefficient|nonzero_coefficient|selected_alpha|selected_l1_ratio,test_date,2020-01-31T00:00:00,2026-05-29T00:00:00,"{""model_name"": [""elastic_net"", ""ridge""]}",robustness,
C:\Users\Usuario\Documents\PROYECTO_FINTECH\institutional-quant-equity\reports\tables\feature_family_ablation\no_momentum_regularized_linear_hyperparameters.csv,reports/tables/feature_family_ablation/no_momentum_regularized_linear_hyperparameters.csv,.csv,60814,0a7a9de8e8a6,1001,8,fold_id|test_date|model_name|alpha|l1_ratio|validation_mean_ic|validation_valid_months|selected,test_date,2020-01-31T00:00:00,2026-05-29T00:00:00,"{""model_name"": [""elastic_net"", ""ridge""]}",robustness,
C:\Users\Usuario\Documents\PROYECTO_FINTECH\institutional-quant-equity\reports\tables\feature_family_ablation\no_momentum_retraining_checks.csv,reports/tables/feature_family_ablation/no_momentum_retraining_checks.csv,.csv,843,2254a1da95b5,9,4,check|status|violations|description,,,,{},robustness|data_quality,
C:\Users\Usuario\Documents\PROYECTO_FINTECH\institutional-quant-equity\reports\tables\feature_family_ablation\no_momentum_validation_weights.csv,reports/tables/feature_family_ablation/no_momentum_validation_weights.csv,.csv,10580,0e798eee0bc7,77,9,fold_id|test_date|composite_validation_ic|composite_validation_months|elastic_net_validation_ic|lightgbm_ranker_validation_ic|composite_weight|elastic_net_weight|lightgbm_ranker_weight,test_date,2020-01-31T00:00:00,2026-05-29T00:00:00,{},robustness,
C:\Users\Usuario\Documents\PROYECTO_FINTECH\institutional-quant-equity\reports\tables\feature_family_ablation\official_predictive_comparison.csv,reports/tables/feature_family_ablation/official_predictive_comparison.csv,.csv,860,9b9d9ddbd0af,3,13,scenario|model_name|months|valid_ic_months|mean_ic|median_ic|std_ic|annualized_ic_ir|positive_ic_ratio|mean_top_bottom_spread|positive_spread_ratio|mean_top_quintile_precision|mean_top_quintile_turnover,,,,"{""model_name"": [""core_percentile_ensemble""], ""scenario"": [""full"", ""no_fundamentals"", ""no_momentum""]}",robustness,
C:\Users\Usuario\Documents\PROYECTO_FINTECH\institutional-quant-equity\reports\tables\feature_family_ablation\official_predictive_deltas_vs_full.csv,reports/tables/feature_family_ablation/official_predictive_deltas_vs_full.csv,.csv,528,644b59041559,2,8,scenario|delta_mean_ic_vs_full|delta_annualized_ic_ir_vs_full|delta_top_bottom_spread_vs_full|delta_top_quintile_precision_vs_full|delta_top_quintile_turnover_vs_full|ic_retention_ratio|spread_retention_ratio,,,,"{""scenario"": [""no_fundamentals"", ""no_momentum""]}",robustness,
C:\Users\Usuario\Documents\PROYECTO_FINTECH\institutional-quant-equity\reports\tables\feature_family_ablation\official_predictive_frozen_full_checks.csv,reports/tables/feature_family_ablation/official_predictive_frozen_full_checks.csv,.csv,506,6725fbd34851,5,6,check|status|observed|expected|absolute_difference|tolerance,,,,{},robustness|data_quality,
C:\Users\Usuario\Documents\PROYECTO_FINTECH\institutional-quant-equity\reports\tables\feature_family_ablation\official_predictive_full_candidate_match.csv,reports/tables/feature_family_ablation/official_predictive_full_candidate_match.csv,.csv,747,9dc02451d9a0,3,8,model_name|mean_ic_absolute_difference|annualized_ic_ir_absolute_difference|mean_top_bottom_spread_absolute_difference|mean_top_quintile_precision_absolute_difference|mean_top_quintile_turnover_absolute_difference|maximum_absolute_difference|matches_frozen_full,,,,"{""model_name"": [""core_percentile_ensemble"", ""equal_percentile_ensemble"", ""validation_weighted_ensemble""]}",robustness,
C:\Users\Usuario\Documents\PROYECTO_FINTECH\institutional-quant-equity\reports\tables\feature_family_ablation\official_predictive_key_checks.csv,reports/tables/feature_family_ablation/official_predictive_key_checks.csv,.csv,98,d30321ed2aa5,3,3,scenario|status|key_differences_vs_full,,,,"{""scenario"": [""full"", ""no_fundamentals"", ""no_momentum""]}",robustness|data_quality,
C:\Users\Usuario\Documents\PROYECTO_FINTECH\institutional-quant-equity\reports\tables\feature_family_ablation\official_predictive_monthly_metrics.csv,reports/tables/feature_family_ablation/official_predictive_monthly_metrics.csv,.csv,49448,a2704de3b368,231,13,scenario|model_name|as_of_date|observations|ic|q1_mean_excess_return|q2_mean_excess_return|q3_mean_excess_return|q4_mean_excess_return|q5_mean_excess_return|top_bottom_spread|top_quintile_precision|top_quintile_turnover,as_of_date,2020-01-31T00:00:00,2026-05-29T00:00:00,"{""model_name"": [""core_percentile_ensemble""], ""scenario"": [""full"", ""no_fundamentals"", ""no_momentum""]}",robustness,
C:\Users\Usuario\Documents\PROYECTO_FINTECH\institutional-quant-equity\reports\tables\feature_family_ablation\official_predictive_yearly_metrics.csv,reports/tables/feature_family_ablation/official_predictive_yearly_metrics.csv,.csv,2411,d909193b23e4,21,8,scenario|year|months|mean_ic|annualized_ic_ir|mean_top_bottom_spread|mean_top_quintile_precision|mean_top_quintile_turnover,,,,"{""scenario"": [""full"", ""no_fundamentals"", ""no_momentum""]}",robustness,
C:\Users\Usuario\Documents\PROYECTO_FINTECH\institutional-quant-equity\reports\tables\feature_family_ablation\predictive_comparison.csv,reports/tables/feature_family_ablation/predictive_comparison.csv,.csv,691,72cbdf8841b8,3,10,scenario|oos_dates|mean_ic|ic_std|annualized_ic_ir|positive_ic_frequency|mean_top_bottom_spread|positive_spread_frequency|mean_top_quintile_precision|mean_top_quintile_turnover,oos_dates,1970-01-01T00:00:00.000000077,1970-01-01T00:00:00.000000077,"{""scenario"": [""full"", ""no_fundamentals"", ""no_momentum""]}",robustness,
C:\Users\Usuario\Documents\PROYECTO_FINTECH\institutional-quant-equity\reports\tables\feature_family_ablation\predictive_deltas_vs_full.csv,reports/tables/feature_family_ablation/predictive_deltas_vs_full.csv,.csv,524,078964ddad21,2,8,scenario|delta_mean_ic_vs_full|delta_annualized_ic_ir_vs_full|delta_top_bottom_spread_vs_full|delta_top_quintile_precision_vs_full|delta_top_quintile_turnover_vs_full|ic_retention_ratio|spread_retention_ratio,,,,"{""scenario"": [""no_fundamentals"", ""no_momentum""]}",robustness,
C:\Users\Usuario\Documents\PROYECTO_FINTECH\institutional-quant-equity\reports\tables\feature_family_ablation\predictive_formula_checks.csv,reports/tables/feature_family_ablation/predictive_formula_checks.csv,.csv,497,e004b8f401f7,5,6,check|status|observed|expected|absolute_difference|tolerance,,,,{},robustness|data_quality,
C:\Users\Usuario\Documents\PROYECTO_FINTECH\institutional-quant-equity\reports\tables\feature_family_ablation\predictive_key_checks.csv,reports/tables/feature_family_ablation/predictive_key_checks.csv,.csv,98,d30321ed2aa5,3,3,scenario|status|key_differences_vs_full,,,,"{""scenario"": [""full"", ""no_fundamentals"", ""no_momentum""]}",robustness|data_quality,
C:\Users\Usuario\Documents\PROYECTO_FINTECH\institutional-quant-equity\reports\tables\feature_family_ablation\predictive_monthly_metrics.csv,reports/tables/feature_family_ablation/predictive_monthly_metrics.csv,.csv,18477,dfaf16e138ec,231,6,scenario|as_of_date|ic|top_bottom_spread|top_quintile_precision|top_quintile_turnover,as_of_date,2020-01-31T00:00:00,2026-05-29T00:00:00,"{""scenario"": [""full"", ""no_fundamentals"", ""no_momentum""]}",robustness,
C:\Users\Usuario\Documents\PROYECTO_FINTECH\institutional-quant-equity\reports\tables\feature_family_ablation\predictive_yearly_metrics.csv,reports/tables/feature_family_ablation/predictive_yearly_metrics.csv,.csv,2525,4bd4c05b2211,21,8,scenario|year|months|mean_ic|annualized_ic_ir|mean_top_bottom_spread|mean_top_quintile_precision|mean_top_quintile_turnover,,,,"{""scenario"": [""full"", ""no_fundamentals"", ""no_momentum""]}",robustness,
C:\Users\Usuario\Documents\PROYECTO_FINTECH\institutional-quant-equity\reports\tables\four_method_portfolio_checks.csv,reports/tables/four_method_portfolio_checks.csv,.csv,1492,da28ced8428a,16,5,scope|check|status|violations|description,,,,{},data_quality,
C:\Users\Usuario\Documents\PROYECTO_FINTECH\institutional-quant-equity\reports\tables\four_method_portfolio_diagnostics.csv,reports/tables/four_method_portfolio_diagnostics.csv,.csv,48137,3431656da976,308,11,as_of_date|method|positions|weight_sum|maximum_weight|minimum_positive_weight|maximum_sector_weight|concentration_hhi|effective_positions|one_way_turnover|two_way_turnover,as_of_date,2020-01-31T00:00:00,2026-05-29T00:00:00,"{""method"": [""alpha_risk_turnover"", ""cvar"", ""score_weighted"", ""top_n_equal_weight""]}",portfolio,
C:\Users\Usuario\Documents\PROYECTO_FINTECH\institutional-quant-equity\reports\tables\four_method_risk_summary.csv,reports/tables/four_method_risk_summary.csv,.csv,92327,b899f6091534,308,18,as_of_date|positions|portfolio_value|predicted_volatility|predicted_variance|portfolio_beta_vs_spy|maximum_weight|minimum_weight|concentration_hhi|effective_positions|maximum_sector_weight|maximum_active_sector_weight|maximum_position_adv_fraction|weighted_position_adv_fraction|maximum_liquidation_days|weighted_liquidation_days|risk_contribution_sum|method,as_of_date,2020-01-31T00:00:00,2026-05-29T00:00:00,"{""method"": [""alpha_risk_turnover"", ""cvar"", ""score_weighted"", ""top_n_equal_weight""], ""portfolio_beta_vs_spy"": [""0.8500000008108205"", ""0.8582504418435676"", ""0.8606167888088891"", ""0.8679142964593214"", ""0.8725971351086252"", ""0.8735124928786984"", ""0.8752986347582951"", ""0.8777025723437554"", ""0.8874568842893903"", ""0.8880295493701796"", ""0.8891759178830254"", ""0.8891843157571977"", ""0.8924917530111183"", ""0.8936081280919369"", ""0.8943798232116725"", ""0.8971751861955378"", ""0.9009240593489908"", ""0.9013896540192996"", ""0.9029071904505324"", ""0.9044503902922"", ""0.905217406651579"", ""0.9112169879179184"", ""0.9180800519938168"", ""0.9191851367387543"", ""0.927041823160683"", ""0.92713145235995"", ""0.9301064477284718"", ""0.9311402218816308"", ""0.9326698092436168"", ""0.9333715411895276""], ""portfolio_value"": [""1000000.0""]}",risk,
C:\Users\Usuario\Documents\PROYECTO_FINTECH\institutional-quant-equity\reports\tables\fundamental_base_coverage.csv,reports/tables/fundamental_base_coverage.csv,.csv,699,fd7f5adb17db,17,5,as_of_date|input|companies_available|companies_total|coverage_ratio,as_of_date,2026-07-27T00:00:00,2026-07-27T00:00:00,{},data_quality,
C:\Users\Usuario\Documents\PROYECTO_FINTECH\institutional-quant-equity\reports\tables\fundamental_canonical_coverage.csv,reports/tables/fundamental_canonical_coverage.csv,.csv,1061,aec24ccd8f2f,18,7,canonical_metric|observations|companies|concepts_used|first_filed_date|last_filed_date|statement_type_match_rate,first_filed_date|last_filed_date,2009-05-07T00:00:00,2026-08-10T00:00:00,{},data_quality,
C:\Users\Usuario\Documents\PROYECTO_FINTECH\institutional-quant-equity\reports\tables\fundamental_concept_usage.csv,reports/tables/fundamental_concept_usage.csv,.csv,1508,fe7310494660,29,5,canonical_metric|concept|concept_priority|observations|companies,,,,{},,
C:\Users\Usuario\Documents\PROYECTO_FINTECH\institutional-quant-equity\reports\tables\fundamental_factor_correlations.csv,reports/tables/fundamental_factor_correlations.csv,.csv,37388,876f9e87410d,276,8,factor_1|factor_2|dates_evaluated|mean_spearman|median_spearman|mean_abs_spearman|max_abs_spearman|same_sign_ratio,dates_evaluated,1970-01-01T00:00:00.000000127,1970-01-01T00:00:00.000000151,{},,
C:\Users\Usuario\Documents\PROYECTO_FINTECH\institutional-quant-equity\reports\tables\fundamental_feature_summary.csv,reports/tables/fundamental_feature_summary.csv,.csv,3371,12fa3f84fbfa,24,10,factor|family|overall_raw_coverage|mean_date_raw_coverage|minimum_date_raw_coverage|latest_raw_coverage|overall_global_zscore_coverage|overall_sector_zscore_coverage|first_valid_date|last_valid_date,mean_date_raw_coverage|minimum_date_raw_coverage|first_valid_date|last_valid_date,1970-01-01T00:00:00,2026-07-27T00:00:00,{},,
C:\Users\Usuario\Documents\PROYECTO_FINTECH\institutional-quant-equity\reports\tables\fundamental_growth_factor_coverage.csv,reports/tables/fundamental_growth_factor_coverage.csv,.csv,416,07a3212807e8,7,5,as_of_date|factor|companies_available|companies_total|coverage_ratio,as_of_date,2026-07-27T00:00:00,2026-07-27T00:00:00,{},data_quality,
C:\Users\Usuario\Documents\PROYECTO_FINTECH\institutional-quant-equity\reports\tables\fundamental_high_correlations.csv,reports/tables/fundamental_high_correlations.csv,.csv,441,caf4a9d4e9d8,3,8,factor_1|factor_2|dates_evaluated|mean_spearman|median_spearman|mean_abs_spearman|max_abs_spearman|same_sign_ratio,dates_evaluated,1970-01-01T00:00:00.000000151,1970-01-01T00:00:00.000000151,{},,
C:\Users\Usuario\Documents\PROYECTO_FINTECH\institutional-quant-equity\reports\tables\fundamental_pit_coverage.csv,reports/tables/fundamental_pit_coverage.csv,.csv,2816,88dd20e81f96,42,8,canonical_metric|duration_class|snapshot_rows|companies|as_of_dates|first_as_of_date|last_as_of_date|median_period_age_days,as_of_dates|first_as_of_date|last_as_of_date,1970-01-01T00:00:00.000000151,2026-07-27T00:00:00,{},data_quality,
C:\Users\Usuario\Documents\PROYECTO_FINTECH\institutional-quant-equity\reports\tables\fundamental_processed_feature_coverage.csv,reports/tables/fundamental_processed_feature_coverage.csv,.csv,2502,38260ef88b36,48,6,as_of_date|factor|version|companies_available|companies_total|coverage_ratio,as_of_date,2026-07-27T00:00:00,2026-07-27T00:00:00,{},data_quality,
C:\Users\Usuario\Documents\PROYECTO_FINTECH\institutional-quant-equity\reports\tables\fundamental_quarterly_methods.csv,reports/tables/fundamental_quarterly_methods.csv,.csv,952,dba8baf56681,28,4,canonical_metric|source_method|observations|companies,,,,"{""source_method"": [""derived_q2"", ""derived_q3"", ""derived_q4"", ""direct""]}",,
C:\Users\Usuario\Documents\PROYECTO_FINTECH\institutional-quant-equity\reports\tables\fundamental_raw_factor_coverage.csv,reports/tables/fundamental_raw_factor_coverage.csv,.csv,687,7da338e257ea,17,5,as_of_date|factor|companies_available|companies_total|coverage_ratio,as_of_date,2026-07-27T00:00:00,2026-07-27T00:00:00,{},data_quality,
C:\Users\Usuario\Documents\PROYECTO_FINTECH\institutional-quant-equity\reports\tables\fundamental_ttm_coverage.csv,reports/tables/fundamental_ttm_coverage.csv,.csv,148,c2572bda63ff,7,2,canonical_metric|companies,,,,{},data_quality,
C:\Users\Usuario\Documents\PROYECTO_FINTECH\institutional-quant-equity\reports\tables\fundamental_zscore_audit.csv,reports/tables/fundamental_zscore_audit.csv,.csv,3075,9eb1f69471b7,48,6,factor|version|groups_evaluated|max_abs_group_mean|mean_group_std|centering_violations,,,,{},,
C:\Users\Usuario\Documents\PROYECTO_FINTECH\institutional-quant-equity\reports\tables\lightgbm_feature_importance.csv,reports/tables/lightgbm_feature_importance.csv,.csv,595714,e2edeb5c4ccb,7007,8,fold_id|test_date|feature|gain|gain_share|split_count|selected_candidate|selected_estimators,test_date,2020-01-31T00:00:00,2026-05-29T00:00:00,{},model_research,
C:\Users\Usuario\Documents\PROYECTO_FINTECH\institutional-quant-equity\reports\tables\lightgbm_feature_importance_summary.csv,reports/tables/lightgbm_feature_importance_summary.csv,.csv,9502,8da2a7ed4b82,91,6,feature|mean_gain|mean_gain_share|median_gain_share|mean_split_count|folds_used,,,,{},model_research,
C:\Users\Usuario\Documents\PROYECTO_FINTECH\institutional-quant-equity\reports\tables\lightgbm_hyperparameters.csv,reports/tables/lightgbm_hyperparameters.csv,.csv,26410,5dd2cda51d8c,308,15,fold_id|test_date|candidate_name|num_leaves|max_depth|min_child_samples|learning_rate|reg_alpha|reg_lambda|colsample_bytree|subsample|best_iteration|validation_mean_ic|validation_valid_months|selected,test_date,2020-01-31T00:00:00,2026-05-29T00:00:00,{},,
C:\Users\Usuario\Documents\PROYECTO_FINTECH\institutional-quant-equity\reports\tables\lightgbm_ranker_feature_importance.csv,reports/tables/lightgbm_ranker_feature_importance.csv,.csv,505403,34e9dc5fe3ed,7007,6,fold_id|test_date|feature|gain|gain_share|split_count,test_date,2020-01-31T00:00:00,2026-05-29T00:00:00,{},model_research,
C:\Users\Usuario\Documents\PROYECTO_FINTECH\institutional-quant-equity\reports\tables\lightgbm_ranker_feature_importance_summary.csv,reports/tables/lightgbm_ranker_feature_importance_summary.csv,.csv,9558,e64b3a3cfdcd,91,6,feature|mean_gain|mean_gain_share|median_gain_share|mean_split_count|folds_used,,,,{},model_research,
C:\Users\Usuario\Documents\PROYECTO_FINTECH\institutional-quant-equity\reports\tables\lightgbm_ranker_hyperparameters.csv,reports/tables/lightgbm_ranker_hyperparameters.csv,.csv,25787,759c01a867c6,308,11,fold_id|test_date|candidate_name|num_leaves|max_depth|min_child_samples|best_iteration|validation_mean_ic|validation_valid_months|validation_ndcg_at_10|selected,test_date,2020-01-31T00:00:00,2026-05-29T00:00:00,{},,
C:\Users\Usuario\Documents\PROYECTO_FINTECH\institutional-quant-equity\reports\tables\linear_model_coefficient_stability.csv,reports/tables/linear_model_coefficient_stability.csv,.csv,2925,8d51c0e90fff,16,13,model_name|feature|folds|expected_direction|mean_coefficient|median_coefficient|std_coefficient|mean_absolute_coefficient|nonzero_ratio|positive_sign_ratio_nonzero|negative_sign_ratio_nonzero|sign_consistency_ratio|economic_direction_ratio,,,,"{""model_name"": [""elastic_net"", ""ridge""]}",,
C:\Users\Usuario\Documents\PROYECTO_FINTECH\institutional-quant-equity\reports\tables\linear_model_coefficients.csv,reports/tables/linear_model_coefficients.csv,.csv,271855,018fc08f145e,1232,14,fold_id|test_date|model_name|feature|alpha|l1_ratio|coefficient_standardized|coefficient_original_scale|imputation_median|scaler_mean|scaler_scale|intercept_standardized|intercept_original_scale|nonzero_coefficient,test_date,2020-01-31T00:00:00,2026-05-29T00:00:00,"{""model_name"": [""elastic_net"", ""ridge""]}",,
C:\Users\Usuario\Documents\PROYECTO_FINTECH\institutional-quant-equity\reports\tables\linear_model_monthly_metrics.csv,reports/tables/linear_model_monthly_metrics.csv,.csv,86386,27b8089270b4,385,18,model_name|as_of_date|observations|valid_ranking|unique_predictions|prediction_mean|prediction_std|target_mean|rmse|mae|information_coefficient|top_mean_target|bottom_mean_target|top_bottom_spread|top_quintile_precision|quintile_monotonicity|predicted_top_count|actual_top_count,as_of_date,2020-01-31T00:00:00,2026-05-29T00:00:00,"{""model_name"": [""constant"", ""elastic_net"", ""equal_weight_composite"", ""momentum_3m"", ""ridge""]}",,
C:\Users\Usuario\Documents\PROYECTO_FINTECH\institutional-quant-equity\reports\tables\linear_model_quintiles.csv,reports/tables/linear_model_quintiles.csv,.csv,2137,0a4ca0d8e52f,20,7,model_name|quintile|months|mean_target|median_month_target|std_month_target|positive_month_ratio,,,,"{""model_name"": [""elastic_net"", ""equal_weight_composite"", ""momentum_3m"", ""ridge""]}",,
C:\Users\Usuario\Documents\PROYECTO_FINTECH\institutional-quant-equity\reports\tables\linear_model_quintiles_monthly.csv,reports/tables/linear_model_quintiles_monthly.csv,.csv,117817,63b42418dbd2,1540,7,model_name|as_of_date|quintile|observations|mean_target|median_target|positive_target_ratio,as_of_date,2020-01-31T00:00:00,2026-05-29T00:00:00,"{""model_name"": [""elastic_net"", ""equal_weight_composite"", ""momentum_3m"", ""ridge""]}",,
C:\Users\Usuario\Documents\PROYECTO_FINTECH\institutional-quant-equity\reports\tables\linear_model_summary.csv,reports/tables/linear_model_summary.csv,.csv,2257,eb96a1946bb6,5,26,model_name|months|ranking_months|valid_ic_months|mean_ic|median_ic|std_ic|annualized_ic_ir|ic_t_stat|positive_ic_ratio|mean_top_target|mean_bottom_target|mean_top_bottom_spread|positive_spread_ratio|mean_top_quintile_precision|mean_quintile_monotonicity|positive_monotonicity_ratio|mean_rmse|mean_mae|transitions|valid_turnover_transitions|mean_top_quintile_turnover|median_top_quintile_turnover|maximum_top_quintile_turnover|mean_top_quintile_overlap|mean_absolute_percentile_change,,,,"{""model_name"": [""constant"", ""elastic_net"", ""equal_weight_composite"", ""momentum_3m"", ""ridge""]}",,
C:\Users\Usuario\Documents\PROYECTO_FINTECH\institutional-quant-equity\reports\tables\linear_model_turnover.csv,reports/tables/linear_model_turnover.csv,.csv,670,f4976fadf633,5,8,model_name|transitions|valid_turnover_transitions|mean_top_quintile_turnover|median_top_quintile_turnover|maximum_top_quintile_turnover|mean_top_quintile_overlap|mean_absolute_percentile_change,,,,"{""model_name"": [""constant"", ""elastic_net"", ""equal_weight_composite"", ""momentum_3m"", ""ridge""]}",,
C:\Users\Usuario\Documents\PROYECTO_FINTECH\institutional-quant-equity\reports\tables\linear_model_turnover_monthly.csv,reports/tables/linear_model_turnover_monthly.csv,.csv,25165,bb6f22326ee1,380,7,model_name|from_date|to_date|valid_transition|top_quintile_turnover|top_quintile_overlap_ratio|mean_absolute_percentile_change,from_date|to_date,2020-01-31T00:00:00,2026-05-29T00:00:00,"{""model_name"": [""constant"", ""elastic_net"", ""equal_weight_composite"", ""momentum_3m"", ""ridge""]}",,
C:\Users\Usuario\Documents\PROYECTO_FINTECH\institutional-quant-equity\reports\tables\linear_model_validation_grid.csv,reports/tables/linear_model_validation_grid.csv,.csv,110223,c1343622422a,1309,9,fold_id|test_date|model_name|alpha|l1_ratio|validation_mean_ic|validation_rmse|validation_valid_ic_months|selected,test_date,2020-01-31T00:00:00,2026-05-29T00:00:00,"{""model_name"": [""elastic_net"", ""ridge""]}",,
C:\Users\Usuario\Documents\PROYECTO_FINTECH\institutional-quant-equity\reports\tables\linear_model_yearly.csv,reports/tables/linear_model_yearly.csv,.csv,4983,c0cd7f56d999,35,12,model_name|year|months|ranking_months|mean_ic|positive_ic_ratio|mean_top_bottom_spread|positive_spread_ratio|mean_top_quintile_precision|mean_rmse|mean_top_quintile_turnover|mean_absolute_percentile_change,,,,"{""model_name"": [""constant"", ""elastic_net"", ""equal_weight_composite"", ""momentum_3m"", ""ridge""]}",model_research,
C:\Users\Usuario\Documents\PROYECTO_FINTECH\institutional-quant-equity\reports\tables\median_mad_portfolio_diagnostics.csv,reports/tables/median_mad_portfolio_diagnostics.csv,.csv,24891,c4dba8b9d58f,77,23,as_of_date|optimizer_success|optimizer_message|objective_value|function_evaluations|iterations|seed|observation_count|median_daily_return|mad_daily|mad_limit|mad_violation|mad_penalty_value|turnover_l1|one_way_turnover|turnover_penalty|turnover_penalty_value|portfolio_beta_vs_spy|maximum_position_adv_fraction|positions|weight_sum|maximum_weight|maximum_sector_weight,as_of_date,2020-01-31T00:00:00,2026-05-29T00:00:00,"{""portfolio_beta_vs_spy"": [""0.8500245638244517"", ""0.8501236115058479"", ""0.8501415688169229"", ""0.8502589217772409"", ""0.850368110312134"", ""0.8524412604882766"", ""0.8626209685199622"", ""0.8629225125332173"", ""0.9012334901082008"", ""0.9016788515006848"", ""0.9041369934014346"", ""0.9106796059711828"", ""0.9131998157947748"", ""0.9135545750635932"", ""0.9165630817110684"", ""0.920616245090581"", ""0.922801997667367"", ""0.9238493392184126"", ""0.9305613434017922"", ""0.9373072507955612"", ""0.9453558032806184"", ""0.9493100182039766"", ""0.949421697658957"", ""0.9582347486822812"", ""0.9631016270765372"", ""0.965586929820111"", ""0.968408438348519"", ""0.9726953807237576"", ""0.9780514915645172"", ""0.9803969866197164""]}",portfolio,
C:\Users\Usuario\Documents\PROYECTO_FINTECH\institutional-quant-equity\reports\tables\model_baseline_monthly_metrics.csv,reports/tables/model_baseline_monthly_metrics.csv,.csv,32979,fc241c38841c,231,12,model_name|as_of_date|observations|ic|q1_mean_excess_return|q2_mean_excess_return|q3_mean_excess_return|q4_mean_excess_return|q5_mean_excess_return|top_bottom_spread|top_quintile_precision|top_quintile_turnover,as_of_date,2020-01-31T00:00:00,2026-05-29T00:00:00,"{""model_name"": [""constant"", ""momentum_3m"", ""technical_equal_weight_composite""]}",,
C:\Users\Usuario\Documents\PROYECTO_FINTECH\institutional-quant-equity\reports\tables\model_baseline_summary.csv,reports/tables/model_baseline_summary.csv,.csv,578,fdb64dcb0b48,3,11,model_name|months|valid_ic_months|mean_ic|median_ic|std_ic|annualized_ic_ir|positive_ic_ratio|mean_top_bottom_spread|mean_top_quintile_precision|mean_top_quintile_turnover,,,,"{""model_name"": [""constant"", ""momentum_3m"", ""technical_equal_weight_composite""]}",,
C:\Users\Usuario\Documents\PROYECTO_FINTECH\institutional-quant-equity\reports\tables\model_comparison_monthly_metrics.csv,reports/tables/model_comparison_monthly_metrics.csv,.csv,91818,1fea8790958f,539,12,model_name|as_of_date|observations|ic|q1_mean_excess_return|q2_mean_excess_return|q3_mean_excess_return|q4_mean_excess_return|q5_mean_excess_return|top_bottom_spread|top_quintile_precision|top_quintile_turnover,as_of_date,2020-01-31T00:00:00,2026-05-29T00:00:00,"{""model_name"": [""constant"", ""elastic_net"", ""lightgbm_ranker"", ""lightgbm_regressor"", ""momentum_3m"", ""ridge"", ""technical_equal_weight_composite""]}",model_research,
C:\Users\Usuario\Documents\PROYECTO_FINTECH\institutional-quant-equity\reports\tables\model_comparison_summary.csv,reports/tables/model_comparison_summary.csv,.csv,1297,37b1678c6ed6,7,11,model_name|months|valid_ic_months|mean_ic|median_ic|std_ic|annualized_ic_ir|positive_ic_ratio|mean_top_bottom_spread|mean_top_quintile_precision|mean_top_quintile_turnover,,,,"{""model_name"": [""constant"", ""elastic_net"", ""lightgbm_ranker"", ""lightgbm_regressor"", ""momentum_3m"", ""ridge"", ""technical_equal_weight_composite""]}",model_research,
C:\Users\Usuario\Documents\PROYECTO_FINTECH\institutional-quant-equity\reports\tables\model_feature_concentration.csv,reports/tables/model_feature_concentration.csv,.csv,341,c282a0386dc3,3,6,model_name|features|top1_share|top5_share|top10_share|mean_nonzero_ratio,,,,"{""model_name"": [""elastic_net"", ""lightgbm_regressor"", ""ridge""]}",,
C:\Users\Usuario\Documents\PROYECTO_FINTECH\institutional-quant-equity\reports\tables\model_pairwise_ic_comparison.csv,reports/tables/model_pairwise_ic_comparison.csv,.csv,1811,7ca1da915f8a,10,10,model_a|model_b|paired_months|mean_ic_difference|median_ic_difference|model_a_win_ratio|model_b_win_ratio|tie_ratio|bootstrap_95_ci_lower|bootstrap_95_ci_upper,,,,"{""model_a"": [""elastic_net"", ""lightgbm_regressor"", ""momentum_3m"", ""ridge""], ""model_a_win_ratio"": [""0.4415584415584415"", ""0.4675324675324675"", ""0.4805194805194805"", ""0.4935064935064935"", ""0.5135135135135135"", ""0.527027027027027"", ""0.5324675324675324"", ""0.5540540540540541""], ""model_b"": [""lightgbm_regressor"", ""momentum_3m"", ""ridge"", ""technical_equal_weight_composite""], ""model_b_win_ratio"": [""0.4459459459459459"", ""0.4675324675324675"", ""0.4729729729729729"", ""0.5064935064935064"", ""0.5194805194805194"", ""0.5324675324675324"", ""0.5584415584415584""]}",,
C:\Users\Usuario\Documents\PROYECTO_FINTECH\institutional-quant-equity\reports\tables\model_sector_stability.csv,reports/tables/model_sector_stability.csv,.csv,4142,1e384dfeeeaf,48,7,model_name|sector|sector_months|valid_ic_months|mean_sector_ic|median_sector_ic|positive_ic_ratio,,,,"{""model_name"": [""constant"", ""elastic_net"", ""lightgbm_regressor"", ""momentum_3m"", ""ridge"", ""technical_equal_weight_composite""]}",model_research,
C:\Users\Usuario\Documents\PROYECTO_FINTECH\institutional-quant-equity\reports\tables\model_selection_scorecard.csv,reports/tables/model_selection_scorecard.csv,.csv,1683,bdc6b83cd5ae,6,19,model_name|months|valid_ic_months|mean_ic|median_ic|std_ic|annualized_ic_ir|positive_ic_ratio|mean_top_bottom_spread|mean_top_quintile_precision|mean_top_quintile_turnover|valid_years|positive_mean_ic_years|worst_year_mean_ic|best_year_mean_ic|valid_sectors|positive_mean_ic_sectors|worst_sector_mean_ic|best_sector_mean_ic,,,,"{""model_name"": [""constant"", ""elastic_net"", ""lightgbm_regressor"", ""momentum_3m"", ""ridge"", ""technical_equal_weight_composite""]}",,
C:\Users\Usuario\Documents\PROYECTO_FINTECH\institutional-quant-equity\reports\tables\model_yearly_stability.csv,reports/tables/model_yearly_stability.csv,.csv,5098,75ae1f6143b7,42,10,model_name|year|months|valid_ic_months|mean_ic|median_ic|positive_ic_ratio|mean_top_bottom_spread|mean_top_quintile_precision|mean_top_quintile_turnover,,,,"{""model_name"": [""constant"", ""elastic_net"", ""lightgbm_regressor"", ""momentum_3m"", ""ridge"", ""technical_equal_weight_composite""]}",model_research,
C:\Users\Usuario\Documents\PROYECTO_FINTECH\institutional-quant-equity\reports\tables\modeling_panel_data_dictionary.csv,reports/tables/modeling_panel_data_dictionary.csv,.csv,54829,b5d6a0943372,108,18,position|column|dtype|role|feature_group|family|source_dataset|source_column|model_input|availability_rule|calculation|missing_semantics|non_missing_count|missing_count|overall_coverage|latest_coverage|first_valid_date|last_valid_date,first_valid_date|last_valid_date,2014-01-31T00:00:00,2026-07-27T00:00:00,"{""model_input"": [""False"", ""True""]}",stock_ranking,
C:\Users\Usuario\Documents\PROYECTO_FINTECH\institutional-quant-equity\reports\tables\modeling_panel_feature_coverage.csv,reports/tables/modeling_panel_feature_coverage.csv,.csv,13376,199b85a0ca92,91,11,column|feature_group|family|source_column|dtype|non_missing_count|missing_count|overall_coverage|latest_coverage|first_valid_date|last_valid_date,first_valid_date|last_valid_date,2014-01-31T00:00:00,2026-07-27T00:00:00,{},stock_ranking|data_quality,
C:\Users\Usuario\Documents\PROYECTO_FINTECH\institutional-quant-equity\reports\tables\modeling_panel_leakage_checks.csv,reports/tables/modeling_panel_leakage_checks.csv,.csv,1921,745c481b9653,21,4,check|status|violations|description,,,,{},stock_ranking|data_quality,
C:\Users\Usuario\Documents\PROYECTO_FINTECH\institutional-quant-equity\reports\tables\modeling_panel_readiness_checks.csv,reports/tables/modeling_panel_readiness_checks.csv,.csv,1848,bc25d27b79df,17,4,check|status|violations|description,,,,{},stock_ranking|data_quality,
C:\Users\Usuario\Documents\PROYECTO_FINTECH\institutional-quant-equity\reports\tables\mvp_cost_sensitivity.csv,reports/tables/mvp_cost_sensitivity.csv,.csv,14614,b2f3191c16da,30,28,cost_bps|strategy_name|start_date|end_date|trading_days|initial_capital|final_portfolio_value|total_return|cagr|annualized_volatility|sharpe_ratio|sortino_ratio|maximum_drawdown|calmar_ratio|positive_day_ratio|beta_vs_spy|annualized_alpha_vs_spy|correlation_vs_spy|tracking_error_vs_spy|information_ratio_vs_spy|benchmark_total_return|excess_total_return|benchmark_cagr|excess_cagr|total_transaction_cost|total_traded_notional|total_two_way_turnover|mean_rebalance_two_way_turnover,start_date|end_date|mean_rebalance_two_way_turnover,1970-01-01T00:00:00,2026-06-30T00:00:00,"{""final_portfolio_value"": [""2130145.5677840197"", ""2484892.537161302"", ""2521053.122122328"", ""2528601.1853622147"", ""2531127.260472467"", ""2532392.1916371207"", ""2533658.387732939"", ""2615746.90377666"", ""2683724.0579853267"", ""2753460.313566008"", ""2925111.1497959886"", ""2969816.8226309223"", ""2984877.5916885203"", ""2992438.0338059464"", ""3000018.59603247"", ""3621793.021105271"", ""3721740.5237425626"", ""4099001.68083586"", ""4174717.2244296046"", ""4186230.0536183775"", ""4353621.353673719"", ""4377238.06752234"", ""4439815.337109506"", ""4482165.874780043"", ""4527719.371363327"", ""4589617.952479784"", ""4663545.224508457"", ""4868540.214600343"", ""4974401.219434318"", ""5082570.590591457""], ""strategy_name"": [""elastic_net_score_weighted"", ""elastic_net_top20_equal_weight"", ""momentum_3m_top20_equal_weight"", ""ridge_top20_equal_weight"", ""spy_buy_and_hold"", ""universe_equal_weight""]}",,
C:\Users\Usuario\Documents\PROYECTO_FINTECH\institutional-quant-equity\reports\tables\mvp_drawdowns.csv,reports/tables/mvp_drawdowns.csv,.csv,721762,c6efe9476098,9660,4,date|strategy_name|portfolio_value|drawdown,date,2020-02-03T00:00:00,2026-06-30T00:00:00,"{""portfolio_value"": [""1000337.83158062"", ""1000984.1275053712"", ""1001306.4661399276"", ""1001379.9066223332"", ""1001477.97680403"", ""1001587.6087190512"", ""1002191.4894520736"", ""1002217.307351647"", ""1002492.5816494232"", ""1002520.1657356644"", ""1002706.533757906"", ""1002736.5550396276"", ""1002981.656133324"", ""1004209.6408155196"", ""1004378.2705532413"", ""1004409.171365604"", ""1004615.2184655356"", ""1004925.464838412"", ""1006074.203405586"", ""1006199.4731258464"", ""1006390.3047100884"", ""1006524.2071581584"", ""1007613.72735545"", ""1008032.518640156"", ""1008080.0576755792"", ""1008260.98950694"", ""1008269.9683788144"", ""1008420.2872463526"", ""1008891.6267248078"", ""1008954.3337997696""], ""strategy_name"": [""elastic_net_score_weighted"", ""elastic_net_top20_equal_weight"", ""momentum_3m_top20_equal_weight"", ""ridge_top20_equal_weight"", ""spy_buy_and_hold"", ""universe_equal_weight""]}",,
C:\Users\Usuario\Documents\PROYECTO_FINTECH\institutional-quant-equity\reports\tables\mvp_execution_schedule.csv,reports/tables/mvp_execution_schedule.csv,.csv,3517,40e327d0ce20,77,4,signal_date|execution_date|next_signal_date|holding_end_date,signal_date|execution_date|next_signal_date|holding_end_date,2020-01-31T00:00:00,2026-06-30T00:00:00,{},trades_costs,
C:\Users\Usuario\Documents\PROYECTO_FINTECH\institutional-quant-equity\reports\tables\mvp_execution_summary.csv,reports/tables/mvp_execution_summary.csv,.csv,1488,b51fc3709f70,5,17,strategy_name|start_date|end_date|trading_days|rebalances|initial_capital|final_portfolio_value|preliminary_total_return|total_transaction_cost|total_traded_notional|mean_two_way_turnover|mean_one_way_turnover|mean_holdings|minimum_holdings|maximum_holdings|maximum_absolute_cash|maximum_absolute_cash_weight,start_date|end_date|rebalances,1970-01-01T00:00:00.000000077,2026-06-30T00:00:00,"{""final_portfolio_value"": [""2615746.90377666"", ""2984877.5916885203"", ""4353621.353673719"", ""4377238.06752234"", ""4868540.214600343""], ""strategy_name"": [""elastic_net_score_weighted"", ""elastic_net_top20_equal_weight"", ""momentum_3m_top20_equal_weight"", ""ridge_top20_equal_weight"", ""universe_equal_weight""]}",trades_costs,
C:\Users\Usuario\Documents\PROYECTO_FINTECH\institutional-quant-equity\reports\tables\mvp_monthly_returns.csv,reports/tables/mvp_monthly_returns.csv,.csv,26931,450e87ca8430,462,3,month|strategy_name|monthly_return,,,,"{""strategy_name"": [""elastic_net_score_weighted"", ""elastic_net_top20_equal_weight"", ""momentum_3m_top20_equal_weight"", ""ridge_top20_equal_weight"", ""spy_buy_and_hold"", ""universe_equal_weight""]}",,
C:\Users\Usuario\Documents\PROYECTO_FINTECH\institutional-quant-equity\reports\tables\mvp_performance_summary.csv,reports/tables/mvp_performance_summary.csv,.csv,3303,fea4da4d1c4a,6,27,strategy_name|start_date|end_date|trading_days|initial_capital|final_portfolio_value|total_return|cagr|annualized_volatility|sharpe_ratio|sortino_ratio|maximum_drawdown|calmar_ratio|positive_day_ratio|beta_vs_spy|annualized_alpha_vs_spy|correlation_vs_spy|tracking_error_vs_spy|information_ratio_vs_spy|benchmark_total_return|excess_total_return|benchmark_cagr|excess_cagr|total_transaction_cost|total_traded_notional|total_two_way_turnover|mean_rebalance_two_way_turnover,start_date|end_date|mean_rebalance_two_way_turnover,1970-01-01T00:00:00,2026-06-30T00:00:00,"{""final_portfolio_value"": [""2531127.260472467"", ""2615746.90377666"", ""2984877.5916885203"", ""4353621.353673719"", ""4377238.06752234"", ""4868540.214600343""], ""strategy_name"": [""elastic_net_score_weighted"", ""elastic_net_top20_equal_weight"", ""momentum_3m_top20_equal_weight"", ""ridge_top20_equal_weight"", ""spy_buy_and_hold"", ""universe_equal_weight""]}",overview,
C:\Users\Usuario\Documents\PROYECTO_FINTECH\institutional-quant-equity\reports\tables\mvp_rebalance_summary.csv,reports/tables/mvp_rebalance_summary.csv,.csv,111705,b702f85875e8,385,18,signal_date|execution_date|strategy_name|pre_trade_nav|post_cost_investable_value|cash_before|cash_after|transaction_cost|transaction_cost_fraction|buy_notional|sell_notional|traded_notional|two_way_turnover|one_way_turnover|holdings_before|holdings_after|maximum_target_weight|maximum_sector_target_weight,signal_date|execution_date,2020-01-31T00:00:00,2026-06-01T00:00:00,"{""strategy_name"": [""elastic_net_score_weighted"", ""elastic_net_top20_equal_weight"", ""momentum_3m_top20_equal_weight"", ""ridge_top20_equal_weight"", ""universe_equal_weight""]}",,
C:\Users\Usuario\Documents\PROYECTO_FINTECH\institutional-quant-equity\reports\tables\mvp_target_portfolio_constraints.csv,reports/tables/mvp_target_portfolio_constraints.csv,.csv,48168,0bce2fe635ab,385,15,strategy_name|as_of_date|constraint_set|holdings|weight_sum|minimum_weight|maximum_weight|maximum_sector_weight|top_ten_concentration|weight_sum_ok|long_only_ok|asset_cap_ok|sector_cap_required|sector_cap_ok|constraints_pass,as_of_date,2020-01-31T00:00:00,2026-05-29T00:00:00,"{""strategy_name"": [""elastic_net_score_weighted"", ""elastic_net_top20_equal_weight"", ""momentum_3m_top20_equal_weight"", ""ridge_top20_equal_weight"", ""universe_equal_weight""]}",,
C:\Users\Usuario\Documents\PROYECTO_FINTECH\institutional-quant-equity\reports\tables\mvp_target_portfolio_summary.csv,reports/tables/mvp_target_portfolio_summary.csv,.csv,738,5f8e4e6ffe2f,5,11,strategy_name|months|mean_holdings|minimum_holdings|maximum_holdings|mean_maximum_weight|maximum_observed_weight|mean_maximum_sector_weight|maximum_observed_sector_weight|mean_top_ten_concentration|constraint_pass_ratio,,,,"{""strategy_name"": [""elastic_net_score_weighted"", ""elastic_net_top20_equal_weight"", ""momentum_3m_top20_equal_weight"", ""ridge_top20_equal_weight"", ""universe_equal_weight""]}",,
C:\Users\Usuario\Documents\PROYECTO_FINTECH\institutional-quant-equity\reports\tables\mvp_yearly_performance.csv,reports/tables/mvp_yearly_performance.csv,.csv,6309,f29ee59df4be,42,9,strategy_name|year|trading_days|total_return|annualized_volatility|sharpe_ratio|maximum_drawdown|transaction_cost|two_way_turnover,,,,"{""strategy_name"": [""elastic_net_score_weighted"", ""elastic_net_top20_equal_weight"", ""momentum_3m_top20_equal_weight"", ""ridge_top20_equal_weight"", ""spy_buy_and_hold"", ""universe_equal_weight""]}",,
C:\Users\Usuario\Documents\PROYECTO_FINTECH\institutional-quant-equity\reports\tables\portfolio_optimizer_diagnostics.csv,reports/tables/portfolio_optimizer_diagnostics.csv,.csv,16034,d66d8e37919c,77,12,as_of_date|solver_status|objective_value|predicted_alpha_proxy|predicted_variance|predicted_volatility|one_way_turnover|portfolio_beta_vs_spy|maximum_position_adv_fraction|positions|maximum_weight|maximum_sector_weight,as_of_date,2020-01-31T00:00:00,2026-05-29T00:00:00,"{""portfolio_beta_vs_spy"": [""0.8500000008108203"", ""0.8582504418435676"", ""0.8606167888088893"", ""0.8725971351086252"", ""0.8735124928786985"", ""0.8880295493701796"", ""0.8891759178830253"", ""0.8924917530111182"", ""0.8943798232116724"", ""0.8971751861955378"", ""0.9009240593489904"", ""0.9029071904505324"", ""0.9044503902922"", ""0.9052174066515792"", ""0.9180800519938168"", ""0.9191851367387543"", ""0.9270418231606832"", ""0.9301064477284716"", ""0.9333817605733622"", ""0.9341415751633398"", ""0.9392852943618604"", ""0.9406463530688168"", ""0.9437095289577332"", ""0.9457629543776382"", ""0.9461074807370832"", ""0.9484894964049828"", ""0.9485285103429338"", ""0.9503723730741728"", ""0.950977673503604"", ""0.959556986678836""]}",,
C:\Users\Usuario\Documents\PROYECTO_FINTECH\institutional-quant-equity\reports\tables\portfolio_risk_checks.csv,reports/tables/portfolio_risk_checks.csv,.csv,882,1420bf6cd6ec,10,4,check|status|violations|description,,,,{},portfolio|risk|data_quality,
C:\Users\Usuario\Documents\PROYECTO_FINTECH\institutional-quant-equity\reports\tables\reference_portfolio_risk_contributions.csv,reports/tables/reference_portfolio_risk_contributions.csv,.csv,320250,f1dcc3f46bc6,1540,13,as_of_date|ticker|sector|weight|annualized_volatility|beta_vs_spy|marginal_risk|component_risk|risk_contribution_share|position_notional|average_dollar_volume|position_adv_fraction|liquidation_days,as_of_date,2020-01-31T00:00:00,2026-05-29T00:00:00,{},portfolio|risk,
C:\Users\Usuario\Documents\PROYECTO_FINTECH\institutional-quant-equity\reports\tables\reference_portfolio_risk_summary.csv,reports/tables/reference_portfolio_risk_summary.csv,.csv,20336,890ee7cfa126,77,17,as_of_date|positions|portfolio_value|predicted_volatility|predicted_variance|portfolio_beta_vs_spy|maximum_weight|minimum_weight|concentration_hhi|effective_positions|maximum_sector_weight|maximum_active_sector_weight|maximum_position_adv_fraction|weighted_position_adv_fraction|maximum_liquidation_days|weighted_liquidation_days|risk_contribution_sum,as_of_date,2020-01-31T00:00:00,2026-05-29T00:00:00,"{""portfolio_beta_vs_spy"": [""0.9427734854009988"", ""0.9530028114361052"", ""0.9691376876878118"", ""0.9833663862813244"", ""0.9854913366670232"", ""0.9969504525408148"", ""1.0049552840058564"", ""1.0097172659895932"", ""1.0114542813267502"", ""1.013096988703538"", ""1.0168894452285588"", ""1.0178045462906882"", ""1.02641340152177"", ""1.0288320877605368"", ""1.0337886469620166"", ""1.0360432885741022"", ""1.0369518007913447"", ""1.0406103034439398"", ""1.0428246662756526"", ""1.0432190504729384"", ""1.0447098828325263"", ""1.04563533115646"", ""1.0487837061417968"", ""1.0552512489648715"", ""1.059722154052237"", ""1.0602486404685842"", ""1.0655764765353903"", ""1.0673799436278808"", ""1.0682004421801845"", ""1.0693591528706714""], ""portfolio_value"": [""1000000.0""]}",portfolio|risk,
C:\Users\Usuario\Documents\PROYECTO_FINTECH\institutional-quant-equity\reports\tables\reference_portfolio_sector_exposures.csv,reports/tables/reference_portfolio_sector_exposures.csv,.csv,73330,7c1aea2cc4de,743,8,as_of_date|sector|portfolio_weight|universe_equal_weight|active_weight|positions|component_risk|risk_contribution_share,as_of_date,2020-01-31T00:00:00,2026-05-29T00:00:00,"{""portfolio_weight"": [""0.05"", ""0.1"", ""0.15"", ""0.2"", ""0.25"", ""0.3"", ""0.35""]}",,
C:\Users\Usuario\Documents\PROYECTO_FINTECH\institutional-quant-equity\reports\tables\regularized_linear_coefficient_summary.csv,reports/tables/regularized_linear_coefficient_summary.csv,.csv,18217,caadc8b11299,182,5,model_name|feature|mean_coefficient|mean_absolute_coefficient|nonzero_ratio,,,,"{""model_name"": [""elastic_net"", ""ridge""]}",,
C:\Users\Usuario\Documents\PROYECTO_FINTECH\institutional-quant-equity\reports\tables\regularized_linear_coefficients.csv,reports/tables/regularized_linear_coefficients.csv,.csv,1475377,3a617622396c,14014,9,fold_id|test_date|model_name|feature|coefficient_standardized|absolute_coefficient|nonzero_coefficient|selected_alpha|selected_l1_ratio,test_date,2020-01-31T00:00:00,2026-05-29T00:00:00,"{""model_name"": [""elastic_net"", ""ridge""]}",,
C:\Users\Usuario\Documents\PROYECTO_FINTECH\institutional-quant-equity\reports\tables\regularized_linear_hyperparameters.csv,reports/tables/regularized_linear_hyperparameters.csv,.csv,60859,797bc190bd4d,1001,8,fold_id|test_date|model_name|alpha|l1_ratio|validation_mean_ic|validation_valid_months|selected,test_date,2020-01-31T00:00:00,2026-05-29T00:00:00,"{""model_name"": [""elastic_net"", ""ridge""]}",,
C:\Users\Usuario\Documents\PROYECTO_FINTECH\institutional-quant-equity\reports\tables\risk_estimate_checks.csv,reports/tables/risk_estimate_checks.csv,.csv,980,5be3c6f39834,12,4,check|status|violations|description,,,,{},data_quality,
C:\Users\Usuario\Documents\PROYECTO_FINTECH\institutional-quant-equity\reports\tables\robustness_conditional_months.csv,reports/tables/robustness_conditional_months.csv,.csv,3452,6b93f7dccaa0,20,10,dimension|condition|strategy_name|months|mean_monthly_return|median_monthly_return|mean_spy_monthly_return|mean_excess_monthly_return|positive_month_ratio|outperform_spy_ratio,,,,"{""strategy_name"": [""alpha_risk_turnover"", ""cvar"", ""median_mad_de"", ""score_weighted"", ""top_n_equal_weight""]}",robustness,
C:\Users\Usuario\Documents\PROYECTO_FINTECH\institutional-quant-equity\reports\tables\robustness_ensemble_component_ablation.csv,reports/tables/robustness_ensemble_component_ablation.csv,.csv,2268,a968cd117792,4,25,strategy_name|final_portfolio_value|total_return|cagr|annualized_volatility|sharpe_ratio|sortino_ratio|maximum_drawdown|beta_vs_spy|annualized_alpha_vs_spy|excess_cagr|total_transaction_cost|total_traded_notional|mean_two_way_turnover|mean_one_way_turnover|mean_positions|maximum_weight|maximum_sector_weight|mean_effective_positions|construction_one_way_turnover|effective_cost_bps|cagr_difference_vs_full|sharpe_difference_vs_full|excess_cagr_difference_vs_full|is_baseline,,,,"{""final_portfolio_value"": [""3767327.810214452"", ""3960240.283659497"", ""4024251.708922376"", ""4040172.810593051""], ""strategy_name"": [""full_ensemble"", ""without_composite"", ""without_elastic_net"", ""without_lightgbm_ranker""]}",model_research|robustness,
C:\Users\Usuario\Documents\PROYECTO_FINTECH\institutional-quant-equity\reports\tables\robustness_ensemble_component_ablation_checks.csv,reports/tables/robustness_ensemble_component_ablation_checks.csv,.csv,774,b7edfc8ddb2a,9,4,check|status|violations|description,,,,{},model_research|robustness|data_quality,
C:\Users\Usuario\Documents\PROYECTO_FINTECH\institutional-quant-equity\reports\tables\robustness_ensemble_component_ablation_diagnostics.csv,reports/tables/robustness_ensemble_component_ablation_diagnostics.csv,.csv,55149,3ad4a275931b,308,11,as_of_date|method|positions|weight_sum|maximum_weight|minimum_positive_weight|maximum_sector_weight|concentration_hhi|effective_positions|one_way_turnover|two_way_turnover,as_of_date,2020-01-31T00:00:00,2026-05-29T00:00:00,"{""method"": [""full_ensemble"", ""without_composite"", ""without_elastic_net"", ""without_lightgbm_ranker""]}",model_research|robustness,
C:\Users\Usuario\Documents\PROYECTO_FINTECH\institutional-quant-equity\reports\tables\robustness_evaluation_check_inventory.csv,reports/tables/robustness_evaluation_check_inventory.csv,.csv,3318,601b0462618d,17,8,suite|category|artifact|artifact_exists|checks|passed_checks|failed_checks|suite_status,,,,{},robustness|data_quality,
C:\Users\Usuario\Documents\PROYECTO_FINTECH\institutional-quant-equity\reports\tables\robustness_evaluation_coverage.csv,reports/tables/robustness_evaluation_coverage.csv,.csv,1529,02d0a3bee23a,13,4,dimension|category|status|note,,,,{},robustness|data_quality,
C:\Users\Usuario\Documents\PROYECTO_FINTECH\institutional-quant-equity\reports\tables\robustness_feature_family_contract.csv,reports/tables/robustness_feature_family_contract.csv,.csv,8209,5c8f72f7179e,91,9,feature|canonical_technical_feature|family|is_fundamental|is_technical|is_momentum|included_full_model|included_no_fundamentals|included_no_momentum,,,,"{""included_full_model"": [""True""]}",robustness,
C:\Users\Usuario\Documents\PROYECTO_FINTECH\institutional-quant-equity\reports\tables\robustness_feature_family_contract_checks.csv,reports/tables/robustness_feature_family_contract_checks.csv,.csv,1179,6e3429a80019,11,4,check|status|violations|description,,,,{},robustness|data_quality,
C:\Users\Usuario\Documents\PROYECTO_FINTECH\institutional-quant-equity\reports\tables\robustness_final_signal_bootstrap.csv,reports/tables/robustness_final_signal_bootstrap.csv,.csv,863,e81bdfd34c7b,1,21,months|bootstrap_replications|block_length_months|confidence_level|observed_mean_ic|mean_ic_ci_lower|mean_ic_ci_upper|probability_mean_ic_positive|observed_annualized_ic_ir|annualized_ic_ir_ci_lower|annualized_ic_ir_ci_upper|observed_positive_ic_ratio|observed_mean_top_bottom_spread|top_bottom_spread_ci_lower|top_bottom_spread_ci_upper|probability_mean_spread_positive|observed_positive_spread_ratio|observed_mean_top_quintile_precision|top_quintile_precision_ci_lower|top_quintile_precision_ci_upper|probability_both_ic_and_spread_positive,,,,{},robustness,
C:\Users\Usuario\Documents\PROYECTO_FINTECH\institutional-quant-equity\reports\tables\robustness_final_signal_checks.csv,reports/tables/robustness_final_signal_checks.csv,.csv,888,1d2b22d54103,8,4,check|status|violations|description,,,,{},robustness|data_quality,
C:\Users\Usuario\Documents\PROYECTO_FINTECH\institutional-quant-equity\reports\tables\robustness_final_signal_monthly.csv,reports/tables/robustness_final_signal_monthly.csv,.csv,8282,002eb11f6cb3,77,8,as_of_date|cross_section_size|quintile_size|information_coefficient|top_bottom_spread|top_quintile_precision|top_quintile_mean_target|bottom_quintile_mean_target,as_of_date,2020-01-31T00:00:00,2026-05-29T00:00:00,{},robustness,
C:\Users\Usuario\Documents\PROYECTO_FINTECH\institutional-quant-equity\reports\tables\robustness_final_signal_sector.csv,reports/tables/robustness_final_signal_sector.csv,.csv,1043,3c07edd3ce67,8,8,sector|valid_months|mean_companies_per_month|mean_ic|median_ic|std_ic|annualized_ic_ir|positive_ic_ratio,,,,{},robustness,
C:\Users\Usuario\Documents\PROYECTO_FINTECH\institutional-quant-equity\reports\tables\robustness_final_signal_yearly.csv,reports/tables/robustness_final_signal_yearly.csv,.csv,1156,7e08ba74e7d6,7,10,year|months|mean_ic|median_ic|annualized_ic_ir|positive_ic_ratio|mean_top_bottom_spread|median_top_bottom_spread|positive_spread_ratio|mean_top_quintile_precision,,,,{},robustness,
C:\Users\Usuario\Documents\PROYECTO_FINTECH\institutional-quant-equity\reports\tables\robustness_portfolio_construction_ablation.csv,reports/tables/robustness_portfolio_construction_ablation.csv,.csv,3089,d3650e965a30,4,36,strategy_name|final_portfolio_value|total_return|cagr|annualized_volatility|sharpe_ratio|sortino_ratio|maximum_drawdown|beta_vs_spy|annualized_alpha_vs_spy|excess_cagr|total_transaction_cost|total_traded_notional|mean_two_way_turnover|mean_one_way_turnover|mean_positions|maximum_weight|maximum_sector_weight|mean_effective_positions|construction_one_way_turnover|mean_predicted_alpha_proxy|mean_predicted_volatility|optimizer_mean_one_way_turnover|optimizer_maximum_weight|optimizer_maximum_sector_weight|effective_cost_bps|experiment|is_controlled_baseline|configured_sector_cap|configured_turnover_penalty|baseline_cagr|baseline_sharpe|baseline_turnover|cagr_difference_vs_controlled|sharpe_difference_vs_controlled|turnover_difference_vs_controlled,,,,"{""final_portfolio_value"": [""3346910.3466440653"", ""3445326.3420354966"", ""4040172.810593051"", ""4044294.604275024""], ""strategy_name"": [""alpha_risk_turnover_no_penalty"", ""alpha_risk_turnover_penalized"", ""score_weighted_no_sector_control"", ""score_weighted_sector_controlled""]}",robustness,
C:\Users\Usuario\Documents\PROYECTO_FINTECH\institutional-quant-equity\reports\tables\robustness_portfolio_construction_ablation_checks.csv,reports/tables/robustness_portfolio_construction_ablation_checks.csv,.csv,946,25e2d52fbdb4,10,4,check|status|violations|description,,,,{},robustness|data_quality,
C:\Users\Usuario\Documents\PROYECTO_FINTECH\institutional-quant-equity\reports\tables\robustness_portfolio_construction_ablation_diagnostics.csv,reports/tables/robustness_portfolio_construction_ablation_diagnostics.csv,.csv,61008,657d7286531e,308,11,as_of_date|method|positions|weight_sum|maximum_weight|minimum_positive_weight|maximum_sector_weight|concentration_hhi|effective_positions|one_way_turnover|two_way_turnover,as_of_date,2020-01-31T00:00:00,2026-05-29T00:00:00,"{""method"": [""alpha_risk_turnover_no_penalty"", ""alpha_risk_turnover_penalized"", ""score_weighted_no_sector_control"", ""score_weighted_sector_controlled""]}",robustness,
C:\Users\Usuario\Documents\PROYECTO_FINTECH\institutional-quant-equity\reports\tables\robustness_portfolio_construction_optimizer_diagnostics.csv,reports/tables/robustness_portfolio_construction_optimizer_diagnostics.csv,.csv,36534,544f853f3b4b,154,13,as_of_date|solver_status|objective_value|predicted_alpha_proxy|predicted_variance|predicted_volatility|one_way_turnover|portfolio_beta_vs_spy|maximum_position_adv_fraction|positions|maximum_weight|maximum_sector_weight|scenario,as_of_date,2020-01-31T00:00:00,2026-05-29T00:00:00,"{""portfolio_beta_vs_spy"": [""0.8500000001272121"", ""0.8500000008108203"", ""0.8558731196951069"", ""0.8582504418435676"", ""0.8606167888088893"", ""0.8635829533162215"", ""0.8693935018813597"", ""0.8708773358745574"", ""0.8725971050320666"", ""0.8725971351086252"", ""0.8735124928786985"", ""0.8770200330212349"", ""0.882779767251334"", ""0.8878010550067652"", ""0.8880295296190658"", ""0.8880295493701796"", ""0.8891759178830253"", ""0.8924917530111182"", ""0.8943798232116724"", ""0.8971751861955378"", ""0.8994823681397841"", ""0.8997752112502596"", ""0.9007587066935342"", ""0.9009240593489904"", ""0.9029071904505324"", ""0.9044503902922"", ""0.9051185876406402"", ""0.9052174066515792"", ""0.9123952833204638"", ""0.9177308955227672""], ""scenario"": [""alpha_risk_turnover_no_penalty"", ""alpha_risk_turnover_penalized""]}",robustness,
C:\Users\Usuario\Documents\PROYECTO_FINTECH\institutional-quant-equity\reports\tables\robustness_portfolio_parameter_checks.csv,reports/tables/robustness_portfolio_parameter_checks.csv,.csv,770,2588ba1c8e78,9,4,check|status|violations|description,,,,{},robustness|data_quality,
C:\Users\Usuario\Documents\PROYECTO_FINTECH\institutional-quant-equity\reports\tables\robustness_portfolio_parameter_diagnostics.csv,reports/tables/robustness_portfolio_parameter_diagnostics.csv,.csv,99076,7a725b705eb5,693,11,as_of_date|method|positions|weight_sum|maximum_weight|minimum_positive_weight|maximum_sector_weight|concentration_hhi|effective_positions|one_way_turnover|two_way_turnover,as_of_date,2020-01-31T00:00:00,2026-05-29T00:00:00,"{""method"": [""score_cap_1000bps"", ""score_cap_400bps"", ""score_cap_500bps"", ""score_cap_750bps"", ""top_n_10"", ""top_n_20"", ""top_n_25"", ""top_n_30"", ""top_n_40""]}",robustness,
C:\Users\Usuario\Documents\PROYECTO_FINTECH\institutional-quant-equity\reports\tables\robustness_portfolio_parameter_sensitivity.csv,reports/tables/robustness_portfolio_parameter_sensitivity.csv,.csv,4723,633af1bf88cd,9,30,strategy_name|experiment|top_n|configured_security_cap|sector_cap|is_baseline|final_portfolio_value|total_return|cagr|annualized_volatility|sharpe_ratio|sortino_ratio|maximum_drawdown|beta_vs_spy|annualized_alpha_vs_spy|excess_cagr|total_transaction_cost|total_traded_notional|mean_two_way_turnover|mean_one_way_turnover|mean_positions|maximum_weight|maximum_sector_weight|mean_effective_positions|construction_one_way_turnover|effective_cost_bps|baseline_cagr|baseline_sharpe|cagr_difference_vs_baseline|sharpe_difference_vs_baseline,,,,"{""final_portfolio_value"": [""3168511.8088131333"", ""3441931.353057939"", ""3800724.296824213"", ""3800724.296824217"", ""3980466.406937105"", ""4040172.810593051"", ""4069730.5266116494"", ""4262639.274097821""], ""strategy_name"": [""score_cap_1000bps"", ""score_cap_400bps"", ""score_cap_500bps"", ""score_cap_750bps"", ""top_n_10"", ""top_n_20"", ""top_n_25"", ""top_n_30"", ""top_n_40""]}",robustness,
C:\Users\Usuario\Documents\PROYECTO_FINTECH\institutional-quant-equity\reports\tables\robustness_prediction_horizon_checks.csv,reports/tables/robustness_prediction_horizon_checks.csv,.csv,770,0cd38e29382f,8,4,check|status|violations|description,,,,{},robustness|data_quality,
C:\Users\Usuario\Documents\PROYECTO_FINTECH\institutional-quant-equity\reports\tables\robustness_prediction_horizon_monthly.csv,reports/tables/robustness_prediction_horizon_monthly.csv,.csv,24214,55f3d0a67538,228,8,horizon_sessions|as_of_date|cross_section_size|information_coefficient|top_bottom_spread|top_quintile_precision|top_quintile_mean_excess_return|bottom_quintile_mean_excess_return,as_of_date,2020-01-31T00:00:00,2026-04-30T00:00:00,{},robustness,
C:\Users\Usuario\Documents\PROYECTO_FINTECH\institutional-quant-equity\reports\tables\robustness_prediction_horizon_summary.csv,reports/tables/robustness_prediction_horizon_summary.csv,.csv,1461,fa2a3801c36f,3,21,horizon_sessions|months|mean_ic|median_ic|annualized_ic_ir|positive_ic_ratio|mean_ic_ci_lower|mean_ic_ci_upper|probability_mean_ic_positive|mean_top_bottom_spread|median_top_bottom_spread|positive_spread_ratio|spread_ci_lower|spread_ci_upper|probability_mean_spread_positive|mean_top_quintile_precision|precision_ci_lower|precision_ci_upper|mean_ic_difference_vs_21d|spread_difference_vs_21d|precision_difference_vs_21d,,,,{},robustness,
C:\Users\Usuario\Documents\PROYECTO_FINTECH\institutional-quant-equity\reports\tables\robustness_prediction_horizon_yearly.csv,reports/tables/robustness_prediction_horizon_yearly.csv,.csv,2020,7a9bef78ed4b,21,8,horizon_sessions|year|months|mean_ic|positive_ic_ratio|mean_top_bottom_spread|positive_spread_ratio|mean_top_quintile_precision,,,,{},robustness,
C:\Users\Usuario\Documents\PROYECTO_FINTECH\institutional-quant-equity\reports\tables\robustness_rebalance_frequency.csv,reports/tables/robustness_rebalance_frequency.csv,.csv,4362,06b0c769f70d,5,37,strategy_name|monthly_final_portfolio_value|monthly_total_return|monthly_cagr|monthly_annualized_volatility|monthly_sharpe_ratio|monthly_sortino_ratio|monthly_maximum_drawdown|monthly_beta_vs_spy|monthly_annualized_alpha_vs_spy|monthly_excess_cagr|monthly_rebalances|monthly_total_transaction_cost|monthly_total_traded_notional|monthly_mean_one_way_turnover|monthly_mean_two_way_turnover|monthly_effective_cost_bps|quarterly_final_portfolio_value|quarterly_total_return|quarterly_cagr|quarterly_annualized_volatility|quarterly_sharpe_ratio|quarterly_sortino_ratio|quarterly_maximum_drawdown|quarterly_beta_vs_spy|quarterly_annualized_alpha_vs_spy|quarterly_excess_cagr|quarterly_rebalances|quarterly_total_transaction_cost|quarterly_total_traded_notional|quarterly_mean_one_way_turnover|quarterly_mean_two_way_turnover|quarterly_effective_cost_bps|quarterly_minus_monthly_cagr|quarterly_minus_monthly_sharpe|quarterly_minus_monthly_drawdown|transaction_cost_reduction_fraction,monthly_rebalances|quarterly_rebalances,1970-01-01T00:00:00.000000025,1970-01-01T00:00:00.000000073,"{""monthly_final_portfolio_value"": [""3944847.518741141"", ""4185959.9784865454"", ""4287992.503610877"", ""4579163.963610643"", ""4855363.570247973""], ""quarterly_final_portfolio_value"": [""3939652.113913325"", ""4232612.05704892"", ""4258274.262585837"", ""4497883.585540921"", ""4958949.99629843""], ""strategy_name"": [""alpha_risk_turnover"", ""cvar"", ""median_mad_de"", ""score_weighted"", ""top_n_equal_weight""]}",robustness,
C:\Users\Usuario\Documents\PROYECTO_FINTECH\institutional-quant-equity\reports\tables\robustness_rebalance_frequency_checks.csv,reports/tables/robustness_rebalance_frequency_checks.csv,.csv,1007,4df644c0fe09,10,4,check|status|violations|description,,,,{},robustness|data_quality,
C:\Users\Usuario\Documents\PROYECTO_FINTECH\institutional-quant-equity\reports\tables\robustness_regime_performance.csv,reports/tables/robustness_regime_performance.csv,.csv,16201,8157b8af887b,30,31,regime|strategy_name|start_date|end_date|trading_days|initial_capital|final_portfolio_value|total_return|cagr|annualized_volatility|sharpe_ratio|sortino_ratio|maximum_drawdown|calmar_ratio|positive_day_ratio|beta_vs_spy|annualized_alpha_vs_spy|correlation_vs_spy|tracking_error_vs_spy|information_ratio_vs_spy|benchmark_total_return|excess_total_return|benchmark_cagr|excess_cagr|total_transaction_cost|total_traded_notional|total_two_way_turnover|mean_rebalance_two_way_turnover|window_start|window_end|short_sample_warning,start_date|end_date|mean_rebalance_two_way_turnover,1970-01-01T00:00:00,2026-06-30T00:00:00,"{""final_portfolio_value"": [""1055484.551709351"", ""1065224.283885548"", ""1067728.736576073"", ""1069627.3057706708"", ""1072465.4879932858"", ""1277253.528770465"", ""1289799.030278207"", ""1308535.1419755889"", ""1326774.103963046"", ""1347983.0650714836"", ""1530774.154388692"", ""1570535.5862681034"", ""1577043.8674086214"", ""1741087.7931284297"", ""1811916.740435639"", ""2491488.1068508057"", ""2522703.4382270724"", ""2534771.633736102"", ""2611494.133067454"", ""2670564.479910126"", ""666145.4039455352"", ""666376.7481810634"", ""672003.6008572142"", ""678680.1763057932"", ""680465.2692064038"", ""880864.8660037057"", ""888724.5354518453"", ""926356.58189266"", ""942383.9889951162"", ""945883.0698404304""], ""strategy_name"": [""alpha_risk_turnover"", ""cvar"", ""median_mad_de"", ""score_weighted"", ""top_n_equal_weight""]}",robustness,
C:\Users\Usuario\Documents\PROYECTO_FINTECH\institutional-quant-equity\reports\tables\robustness_rolling_window_checks.csv,reports/tables/robustness_rolling_window_checks.csv,.csv,763,be0ff207ecd7,8,4,check|status|violations|description,,,,{},robustness|data_quality,
C:\Users\Usuario\Documents\PROYECTO_FINTECH\institutional-quant-equity\reports\tables\robustness_rolling_window_results.csv,reports/tables/robustness_rolling_window_results.csv,.csv,407434,24566df656cb,810,31,window_months|window_number|strategy_name|start_date|end_date|trading_days|initial_capital|final_portfolio_value|total_return|cagr|annualized_volatility|sharpe_ratio|sortino_ratio|maximum_drawdown|calmar_ratio|positive_day_ratio|beta_vs_spy|annualized_alpha_vs_spy|correlation_vs_spy|tracking_error_vs_spy|information_ratio_vs_spy|benchmark_total_return|excess_total_return|benchmark_cagr|excess_cagr|total_transaction_cost|total_traded_notional|total_two_way_turnover|mean_rebalance_two_way_turnover|window_start|window_end,start_date|end_date|mean_rebalance_two_way_turnover,1970-01-01T00:00:00,2026-06-30T00:00:00,"{""final_portfolio_value"": [""1000936.5208076646"", ""1002033.9395059444"", ""1005693.2020129896"", ""1006815.2425690158"", ""1008312.0700672476"", ""1008540.3788255836"", ""1010278.1451196492"", ""1010440.7011036094"", ""1016016.6017004312"", ""1016924.46410389"", ""1017749.811481153"", ""1019607.5127930278"", ""1020264.5380481406"", ""1024755.9006131652"", ""1029662.8004386756"", ""1031003.7605491336"", ""1034457.9124418"", ""1034659.8651519592"", ""1036889.0813311408"", ""1039071.5557321184"", ""1040780.0623409516"", ""1047073.6448541672"", ""1061942.659113611"", ""1062844.5529249762"", ""1063180.393700844"", ""1066707.9289731046"", ""1067873.867774333"", ""1070800.7122848432"", ""1071612.912616428"", ""1076716.8989819882""], ""strategy_name"": [""alpha_risk_turnover"", ""cvar"", ""median_mad_de"", ""score_weighted"", ""top_n_equal_weight""]}",robustness,
C:\Users\Usuario\Documents\PROYECTO_FINTECH\institutional-quant-equity\reports\tables\robustness_rolling_window_summary.csv,reports/tables/robustness_rolling_window_summary.csv,.csv,3855,ddde16248858,15,15,window_months|strategy_name|windows|mean_cagr|median_cagr|cagr_10th_percentile|minimum_cagr|positive_cagr_window_ratio|mean_sharpe|median_sharpe|sharpe_10th_percentile|minimum_sharpe|positive_excess_cagr_window_ratio|median_excess_cagr|worst_maximum_drawdown,,,,"{""strategy_name"": [""alpha_risk_turnover"", ""cvar"", ""median_mad_de"", ""score_weighted"", ""top_n_equal_weight""]}",robustness,
C:\Users\Usuario\Documents\PROYECTO_FINTECH\institutional-quant-equity\reports\tables\robustness_temporal_checks.csv,reports/tables/robustness_temporal_checks.csv,.csv,734,513754845997,8,4,check|status|violations|description,,,,{},robustness|data_quality,
C:\Users\Usuario\Documents\PROYECTO_FINTECH\institutional-quant-equity\reports\tables\robustness_universe_exclusion_checks.csv,reports/tables/robustness_universe_exclusion_checks.csv,.csv,883,5226579a0a8c,10,4,check|status|violations|description,,,,{},robustness|data_quality,
C:\Users\Usuario\Documents\PROYECTO_FINTECH\institutional-quant-equity\reports\tables\robustness_universe_exclusion_diagnostics.csv,reports/tables/robustness_universe_exclusion_diagnostics.csv,.csv,187994,b5143538a238,1001,11,as_of_date|method|positions|weight_sum|maximum_weight|minimum_positive_weight|maximum_sector_weight|concentration_hhi|effective_positions|one_way_turnover|two_way_turnover,as_of_date,2020-01-31T00:00:00,2026-05-29T00:00:00,"{""method"": [""exclude_information_technology"", ""exclude_top5_adv"", ""full_universe"", ""leave_out_sector_communication_services"", ""leave_out_sector_consumer_discretionary"", ""leave_out_sector_consumer_staples"", ""leave_out_sector_energy"", ""leave_out_sector_financials"", ""leave_out_sector_health_care"", ""leave_out_sector_industrials"", ""leave_out_sector_materials"", ""leave_out_sector_real_estate"", ""leave_out_sector_utilities""]}",robustness,
C:\Users\Usuario\Documents\PROYECTO_FINTECH\institutional-quant-equity\reports\tables\robustness_universe_exclusion_results.csv,reports/tables/robustness_universe_exclusion_results.csv,.csv,7299,5bd49b79d314,13,31,strategy_name|scenario_type|excluded_group|is_baseline|minimum_eligible_stocks|mean_eligible_stocks|maximum_eligible_stocks|eligible_sectors|final_portfolio_value|total_return|cagr|annualized_volatility|sharpe_ratio|sortino_ratio|maximum_drawdown|beta_vs_spy|annualized_alpha_vs_spy|excess_cagr|total_transaction_cost|total_traded_notional|mean_two_way_turnover|mean_one_way_turnover|mean_positions|maximum_weight|maximum_sector_weight|mean_effective_positions|construction_one_way_turnover|effective_cost_bps|cagr_difference_vs_full|sharpe_difference_vs_full|drawdown_difference_vs_full,,,,"{""final_portfolio_value"": [""2984921.198183062"", ""3170995.574510248"", ""3756619.6018828014"", ""3829841.707749073"", ""3868863.329728737"", ""3946521.991812771"", ""3952648.8340110895"", ""3959352.994883333"", ""3992275.096674768"", ""3998371.727268838"", ""4020657.128541035"", ""4040172.810593051"", ""4085465.432230762""], ""scenario_type"": [""baseline"", ""leave_one_sector_out"", ""liquidity_concentration_proxy"", ""named_sector_exclusion""], ""strategy_name"": [""exclude_information_technology"", ""exclude_top5_adv"", ""full_universe"", ""leave_out_sector_communication_services"", ""leave_out_sector_consumer_discretionary"", ""leave_out_sector_consumer_staples"", ""leave_out_sector_energy"", ""leave_out_sector_financials"", ""leave_out_sector_health_care"", ""leave_out_sector_industrials"", ""leave_out_sector_materials"", ""leave_out_sector_real_estate"", ""leave_out_sector_utilities""]}",robustness,
C:\Users\Usuario\Documents\PROYECTO_FINTECH\institutional-quant-equity\reports\tables\robustness_yearly_performance.csv,reports/tables/robustness_yearly_performance.csv,.csv,18224,78182b7a7561,35,31,year|strategy_name|start_date|end_date|trading_days|initial_capital|final_portfolio_value|total_return|cagr|annualized_volatility|sharpe_ratio|sortino_ratio|maximum_drawdown|calmar_ratio|positive_day_ratio|beta_vs_spy|annualized_alpha_vs_spy|correlation_vs_spy|tracking_error_vs_spy|information_ratio_vs_spy|benchmark_total_return|excess_total_return|benchmark_cagr|excess_cagr|total_transaction_cost|total_traded_notional|total_two_way_turnover|mean_rebalance_two_way_turnover|window_start|window_end|partial_calendar_year,start_date|end_date|mean_rebalance_two_way_turnover,1970-01-01T00:00:00,2026-06-30T00:00:00,"{""final_portfolio_value"": [""1086212.668380004"", ""1097799.3002474292"", ""1099708.0757883005"", ""1114107.9806629878"", ""1129845.4449647658"", ""1157696.6081067545"", ""1161447.803186217"", ""1180805.6660100284"", ""1193068.5485159603"", ""1202042.5932114809"", ""1204676.7452336566"", ""1206653.6559034097"", ""1208576.1975472276"", ""1262818.6775119938"", ""1270633.621931669"", ""1273477.4649698103"", ""1297598.6225800237"", ""1298680.973936566"", ""1306956.523682766"", ""1309581.0276172657"", ""1322335.276395399"", ""1326875.7476679578"", ""1330054.243027968"", ""1341776.850584668"", ""1365551.1781115637"", ""1398148.8363397324"", ""1418032.2101600938"", ""1424640.7764250296"", ""1433378.088221935"", ""1442825.6210092648""], ""strategy_name"": [""alpha_risk_turnover"", ""cvar"", ""median_mad_de"", ""score_weighted"", ""top_n_equal_weight""]}",robustness,
C:\Users\Usuario\Documents\PROYECTO_FINTECH\institutional-quant-equity\reports\tables\sec_companyfacts_normalization_summary.csv,reports/tables/sec_companyfacts_normalization_summary.csv,.csv,5605,88cfd5cec519,50,14,ticker|cik|entity_name|observation_count|taxonomy_count|concept_count|unit_count|form_count|first_period_end|last_period_end|first_filed_date|last_filed_date|duration_fact_count|instant_fact_count,first_period_end|last_period_end|first_filed_date|last_filed_date,1995-12-31T00:00:00,2199-12-31T00:00:00,{},,
C:\Users\Usuario\Documents\PROYECTO_FINTECH\institutional-quant-equity\reports\tables\technical_feature_selection.csv,reports/tables/technical_feature_selection.csv,.csv,5634,74aa19099f4b,19,10,signal|decision|selected_order|family|economic_hypothesis|selection_reason|main_risk|research_start|research_end|selection_status,,,,{},,
C:\Users\Usuario\Documents\PROYECTO_FINTECH\institutional-quant-equity\reports\tables\transaction_cost_sensitivity.csv,reports/tables/transaction_cost_sensitivity.csv,.csv,9785,92c763cb76e3,30,19,scenario|linear_cost_bps|liquidity_model|strategy_name|final_portfolio_value|total_return|cagr|annualized_volatility|sharpe_ratio|sortino_ratio|maximum_drawdown|beta_vs_spy|annualized_alpha_vs_spy|excess_cagr|total_transaction_cost|total_traded_notional|mean_two_way_turnover|mean_one_way_turnover|realized_effective_cost_bps,,,,"{""final_portfolio_value"": [""2836185.526581777"", ""2888627.177502417"", ""2954704.1402641856"", ""3131406.142921021"", ""3231096.298865174"", ""3236529.8916789657"", ""3250070.8344114227"", ""3288685.2266263985"", ""3290416.0648937337"", ""3345205.151504975"", ""3379337.9406560585"", ""3380380.372310791"", ""3393619.880522474"", ""3445326.3420354966"", ""3447490.3689066004"", ""3515938.9028036115"", ""3534070.30199178"", ""3601741.436765434"", ""3611485.121311185"", ""3614081.4894968094"", ""3695910.21926608"", ""3734553.149406947"", ""3800724.296824217"", ""3802793.743528032"", ""3813368.630652884"", ""3872287.801322437"", ""3964528.701778311"", ""4040172.810593051"", ""4042342.9429409113"", ""4121685.9462883943""], ""liquidity_model"": [""False"", ""True""], ""scenario"": [""linear_0bps"", ""linear_10bps"", ""linear_20bps"", ""linear_50bps"", ""linear_5bps"", ""liquidity_model""], ""strategy_name"": [""alpha_risk_turnover"", ""cvar"", ""median_mad_de"", ""score_weighted"", ""top_n_equal_weight""]}",trades_costs,
C:\Users\Usuario\Documents\PROYECTO_FINTECH\institutional-quant-equity\reports\tables\transaction_cost_sensitivity_checks.csv,reports/tables/transaction_cost_sensitivity_checks.csv,.csv,693,b513eaf287b9,7,4,check|status|violations|description,,,,{},trades_costs|data_quality,
C:\Users\Usuario\Documents\PROYECTO_FINTECH\institutional-quant-equity\reports\tables\walk_forward_preprocessing_audit.csv,reports/tables/walk_forward_preprocessing_audit.csv,.csv,8265,87e3d0349806,77,19,fold_id|test_date|candidate_features|active_features|continuous_features|indicator_features|unavailable_features|constant_continuous_features|train_missing_before|validation_missing_before|test_missing_before|train_missing_after|validation_missing_after|test_missing_after|train_non_finite_after|validation_non_finite_after|test_non_finite_after|max_abs_train_scaled_mean|max_abs_train_scaled_std_error,test_date|candidate_features,1970-01-01T00:00:00.000000091,2026-05-29T00:00:00,{},,
C:\Users\Usuario\Documents\PROYECTO_FINTECH\institutional-quant-equity\reports\tables\walk_forward_readiness_checks.csv,reports/tables/walk_forward_readiness_checks.csv,.csv,1992,e5b75cb1c072,19,4,check|status|violations|description,,,,{},data_quality,
