area,relative_path,column,dtype,non_null,null_pct,n_unique,sample_values
overview,data/processed/backtest_all_methods_net_daily.parquet,date,datetime64[ms],8050,0.0,1610,"[""2020-02-03"", ""2020-02-04"", ""2020-02-05"", ""2020-02-06"", ""2020-02-07""]"
overview,data/processed/backtest_all_methods_net_daily.parquet,strategy_name,str,8050,0.0,5,"[""alpha_risk_turnover"", ""cvar"", ""median_mad_de"", ""score_weighted"", ""top_n_equal_weight""]"
overview,data/processed/backtest_all_methods_net_daily.parquet,active_signal_date,datetime64[ms],8050,0.0,77,"[""2020-01-31"", ""2020-02-28"", ""2020-03-31"", ""2020-04-30"", ""2020-05-29""]"
overview,data/processed/backtest_all_methods_net_daily.parquet,last_rebalance_date,datetime64[ms],8050,0.0,77,"[""2020-02-03"", ""2020-03-02"", ""2020-04-01"", ""2020-05-01"", ""2020-06-01""]"
overview,data/processed/backtest_all_methods_net_daily.parquet,is_rebalance,bool,8050,0.0,2,"[""True"", ""False""]"
overview,data/processed/backtest_all_methods_net_daily.parquet,portfolio_value,float64,8050,0.0,8050,"[""1010229.4865849346"", ""1003181.3413748221"", ""1013273.1099677082"", ""1010579.8661980013"", ""1009533.7988776442""]"
overview,data/processed/backtest_all_methods_net_daily.parquet,daily_return,float64,8050,0.0,8050,"[""0.01022948658493461"", ""0.0031813413748220665"", ""0.013273109967708141"", ""0.01057986619800122"", ""0.009533798877644273""]"
overview,data/processed/backtest_all_methods_net_daily.parquet,cash,float64,8050,0.0,385,"[""-4.136268216825556e-09"", ""2.2969288693275303e-09"", ""-4.5458818931365386e-09"", ""-4.0236045606434345e-09"", ""-8.218705715989927e-09""]"
overview,data/processed/backtest_all_methods_net_daily.parquet,cash_weight,float64,8050,0.0,8050,"[""-4.0943847628207205e-15"", ""2.2896447278212693e-15"", ""-4.4863342848221936e-15"", ""-3.981481024138172e-15"", ""-8.141090199384237e-15""]"
overview,data/processed/backtest_all_methods_net_daily.parquet,invested_value,float64,8050,0.0,8050,"[""1010229.4865849388"", ""1003181.3413748197"", ""1013273.1099677128"", ""1010579.8661980054"", ""1009533.7988776525""]"
overview,data/processed/backtest_all_methods_net_daily.parquet,gross_exposure,float64,8050,0.0,1714,"[""1.0000000000000042"", ""0.9999999999999977"", ""1.0000000000000044"", ""1.000000000000004"", ""1.0000000000000082""]"
overview,data/processed/backtest_all_methods_net_daily.parquet,holdings,int64,8050,0.0,5,"[""21"", ""22"", ""25"", ""23"", ""24""]"
overview,data/processed/backtest_all_methods_net_daily.parquet,transaction_cost,float64,8050,0.0,386,"[""511.6787914729829"", ""511.4379303115734"", ""510.22608136444455"", ""511.14463963529124"", ""510.52495158750077""]"
overview,data/processed/backtest_all_methods_net_daily.parquet,cumulative_transaction_cost,float64,8050,0.0,385,"[""511.6787914729829"", ""511.4379303115734"", ""510.22608136444455"", ""511.14463963529124"", ""510.52495158750077""]"
overview,data/processed/backtest_all_methods_net_daily.parquet,buy_notional,float64,8050,0.0,386,"[""999488.3212085313"", ""999488.562069686"", ""999489.7739186402"", ""999488.8553603687"", ""999489.4750484207""]"
overview,data/processed/backtest_all_methods_net_daily.parquet,sell_notional,float64,8050,0.0,381,"[""-0.0"", ""0.0"", ""257211.18681324171"", ""215178.08504589894"", ""232568.5815537217""]"
overview,data/processed/backtest_all_methods_net_daily.parquet,traded_notional,float64,8050,0.0,386,"[""999488.3212085312"", ""999488.5620696861"", ""999489.7739186401"", ""999488.8553603687"", ""999489.4750484207""]"
overview,data/processed/backtest_all_methods_net_daily.parquet,two_way_turnover,float64,8050,0.0,386,"[""0.9994883212085311"", ""0.9994885620696862"", ""0.9994897739186401"", ""0.9994888553603687"", ""0.9994894750484207""]"
overview,data/processed/backtest_all_methods_net_daily.parquet,one_way_turnover,float64,8050,0.0,386,"[""0.9994883212085313"", ""0.9994885620696861"", ""0.9994897739186402"", ""0.9994888553603687"", ""0.9994894750484207""]"
overview,data/processed/backtest_all_methods_gross_daily.parquet,date,datetime64[ms],8050,0.0,1610,"[""2020-02-03"", ""2020-02-04"", ""2020-02-05"", ""2020-02-06"", ""2020-02-07""]"
overview,data/processed/backtest_all_methods_gross_daily.parquet,strategy_name,str,8050,0.0,5,"[""alpha_risk_turnover"", ""cvar"", ""median_mad_de"", ""score_weighted"", ""top_n_equal_weight""]"
overview,data/processed/backtest_all_methods_gross_daily.parquet,active_signal_date,datetime64[ms],8050,0.0,77,"[""2020-01-31"", ""2020-02-28"", ""2020-03-31"", ""2020-04-30"", ""2020-05-29""]"
overview,data/processed/backtest_all_methods_gross_daily.parquet,last_rebalance_date,datetime64[ms],8050,0.0,77,"[""2020-02-03"", ""2020-03-02"", ""2020-04-01"", ""2020-05-01"", ""2020-06-01""]"
overview,data/processed/backtest_all_methods_gross_daily.parquet,is_rebalance,bool,8050,0.0,2,"[""True"", ""False""]"
overview,data/processed/backtest_all_methods_gross_daily.parquet,portfolio_value,float64,8050,0.0,8050,"[""1010746.6642165662"", ""1003694.6688989485"", ""1013790.3722566696"", ""1011096.6828475919"", ""1010049.454326415""]"
overview,data/processed/backtest_all_methods_gross_daily.parquet,daily_return,float64,8050,0.0,8050,"[""0.010746664216566337"", ""0.0036946688989485388"", ""0.013790372256669459"", ""0.011096682847592021"", ""0.010049454326414908""]"
overview,data/processed/backtest_all_methods_gross_daily.parquet,cash,float64,8050,0.0,86,"[""0.0"", ""1.1641532182693481e-10"", ""-1.1641532182693481e-10"", ""-0.0004734569229185581"", ""0.0008168311323970556""]"
overview,data/processed/backtest_all_methods_gross_daily.parquet,cash_weight,float64,8050,0.0,5191,"[""0.0"", ""1.1598678904476224e-16"", ""-1.1483174925778542e-16"", ""1.135831041498042e-16"", ""-1.1168089484429095e-16""]"
overview,data/processed/backtest_all_methods_gross_daily.parquet,invested_value,float64,8050,0.0,8050,"[""1010746.6642165662"", ""1003694.6688989484"", ""1013790.3722566697"", ""1011096.6828475919"", ""1010049.454326415""]"
overview,data/processed/backtest_all_methods_gross_daily.parquet,gross_exposure,float64,8050,0.0,1577,"[""1.0"", ""0.9999999999999999"", ""1.0000000000000002"", ""0.9999999999999998"", ""1.0000000004853817""]"
overview,data/processed/backtest_all_methods_gross_daily.parquet,holdings,int64,8050,0.0,5,"[""21"", ""22"", ""25"", ""23"", ""24""]"
overview,data/processed/backtest_all_methods_gross_daily.parquet,transaction_cost,float64,8050,0.0,1,"[""0.0""]"
overview,data/processed/backtest_all_methods_gross_daily.parquet,cumulative_transaction_cost,float64,8050,0.0,1,"[""0.0""]"
overview,data/processed/backtest_all_methods_gross_daily.parquet,buy_notional,float64,8050,0.0,384,"[""1000000.0"", ""1000000.0000000001"", ""999999.9999999999"", ""0.0"", ""257290.27802957292""]"
overview,data/processed/backtest_all_methods_gross_daily.parquet,sell_notional,float64,8050,0.0,381,"[""-0.0"", ""0.0"", ""257290.277556116"", ""215233.3918647294"", ""232616.0769910033""]"
overview,data/processed/backtest_all_methods_gross_daily.parquet,traded_notional,float64,8050,0.0,384,"[""1000000.0"", ""999999.9999999999"", ""1000000.0000000001"", ""0.0"", ""514580.5555856889""]"
overview,data/processed/backtest_all_methods_gross_daily.parquet,two_way_turnover,float64,8050,0.0,384,"[""1.0"", ""0.9999999999999999"", ""1.0000000000000002"", ""0.0"", ""0.5445011089373427""]"
overview,data/processed/backtest_all_methods_gross_daily.parquet,one_way_turnover,float64,8050,0.0,384,"[""1.0"", ""1.0000000000000002"", ""0.9999999999999999"", ""0.0"", ""0.27225055471916454""]"
overview,data/processed/benchmark_spy_daily.parquet,date,datetime64[ms],3159,0.0,3159,"[""2014-01-02"", ""2014-01-03"", ""2014-01-06"", ""2014-01-07"", ""2014-01-08""]"
overview,data/processed/benchmark_spy_daily.parquet,ticker,str,3159,0.0,1,"[""SPY""]"
overview,data/processed/benchmark_spy_daily.parquet,open,float64,3159,0.0,3007,"[""183.97999572753906"", ""183.22999572753906"", ""183.49000549316406"", ""183.08999633789062"", ""183.4499969482422""]"
overview,data/processed/benchmark_spy_daily.parquet,high,float64,3159,0.0,2985,"[""184.07000732421875"", ""183.60000610351562"", ""183.55999755859375"", ""183.7899932861328"", ""183.8300018310547""]"
overview,data/processed/benchmark_spy_daily.parquet,low,float64,3159,0.0,2991,"[""182.47999572753906"", ""182.6300048828125"", ""182.0800018310547"", ""182.9499969482422"", ""182.88999938964844""]"
overview,data/processed/benchmark_spy_daily.parquet,close,float64,3159,0.0,3017,"[""182.9199981689453"", ""182.88999938964844"", ""182.36000061035156"", ""183.47999572753906"", ""183.52000427246094""]"
overview,data/processed/benchmark_spy_daily.parquet,adjusted_close,float64,3159,0.0,3111,"[""148.19851684570312"", ""148.17420959472656"", ""147.74476623535156"", ""148.6521453857422"", ""148.68460083007812""]"
overview,data/processed/benchmark_spy_daily.parquet,volume,int64,3159,0.0,3156,"[""119636900"", ""81390600"", ""108028200"", ""86144200"", ""96582300""]"
overview,reports/tables/all_methods_gross_net_comparison.csv,strategy_name,str,5,0.0,5,"[""score_weighted"", ""top_n_equal_weight"", ""median_mad_de"", ""alpha_risk_turnover"", ""cvar""]"
overview,reports/tables/all_methods_gross_net_comparison.csv,gross_final_portfolio_value,float64,5,0.0,5,"[""4121685.9462883943"", ""3872287.801322437"", ""3695910.21926608"", ""3515938.9028036115"", ""3345205.151504975""]"
overview,reports/tables/all_methods_gross_net_comparison.csv,gross_total_return,float64,5,0.0,5,"[""3.1216859462883946"", ""2.8722878013224364"", ""2.6959102192660795"", ""2.515938902803612"", ""2.3452051515049748""]"
overview,reports/tables/all_methods_gross_net_comparison.csv,gross_cagr,float64,5,0.0,5,"[""0.2481667024194731"", ""0.2360320034639911"", ""0.2270457141777655"", ""0.2174954223434131"", ""0.2080462511184337""]"
overview,reports/tables/all_methods_gross_net_comparison.csv,gross_annualized_volatility,float64,5,0.0,5,"[""0.2244386723070121"", ""0.2184078146430769"", ""0.2130679219832574"", ""0.2143978458414608"", ""0.2137419205317643""]"
overview,reports/tables/all_methods_gross_net_comparison.csv,gross_sharpe_ratio,float64,5,0.0,5,"[""1.1008187233567162"", ""1.0802862696846935"", ""1.0676164401557742"", ""1.0259921313260971"", ""0.9918943034142692""]"
overview,reports/tables/all_methods_gross_net_comparison.csv,gross_sortino_ratio,float64,5,0.0,5,"[""1.575945092922444"", ""1.547534194426066"", ""1.5300675916887525"", ""1.4618385566338683"", ""1.4142039553564536""]"
overview,reports/tables/all_methods_gross_net_comparison.csv,gross_maximum_drawdown,float64,5,0.0,5,"[""-0.3433244069064179"", ""-0.3369829874761956"", ""-0.3271562363106809"", ""-0.341612245905633"", ""-0.3261296650529416""]"
overview,reports/tables/all_methods_gross_net_comparison.csv,gross_beta_vs_spy,float64,5,0.0,5,"[""1.0623595105368318"", ""1.0366125144162126"", ""1.0012888870189802"", ""1.00337028100453"", ""1.0043220895097114""]"
overview,reports/tables/all_methods_gross_net_comparison.csv,gross_annualized_alpha_vs_spy,float64,5,0.0,5,"[""0.0702643437431625"", ""0.0634259283304096"", ""0.0608364750654582"", ""0.0529857679137246"", ""0.0448662548572285""]"
overview,reports/tables/all_methods_gross_net_comparison.csv,net_final_portfolio_value,float64,5,0.0,5,"[""4040172.810593051"", ""3800724.296824217"", ""3611485.121311185"", ""3445326.3420354966"", ""3288685.2266263985""]"
overview,reports/tables/all_methods_gross_net_comparison.csv,net_total_return,float64,5,0.0,5,"[""3.0401728105930506"", ""2.8007242968242174"", ""2.611485121311185"", ""2.4453263420354965"", ""2.2886852266263986""]"
overview,reports/tables/all_methods_gross_net_comparison.csv,net_cagr,float64,5,0.0,5,"[""0.2442704105223554"", ""0.2324283847901076"", ""0.2226156650723088"", ""0.2136353868115676"", ""0.2048284960781756""]"
overview,reports/tables/all_methods_gross_net_comparison.csv,net_annualized_volatility,float64,5,0.0,5,"[""0.2244376929345491"", ""0.2184063476743309"", ""0.2130698433517807"", ""0.2143949660819117"", ""0.2137407349928877""]"
overview,reports/tables/all_methods_gross_net_comparison.csv,net_sharpe_ratio,float64,5,0.0,5,"[""1.086881074531349"", ""1.0669135128331848"", ""1.050621462915879"", ""1.0111812372990157"", ""0.9794120931369864""]"
overview,reports/tables/all_methods_gross_net_comparison.csv,net_sortino_ratio,float64,5,0.0,5,"[""1.5551819576923949"", ""1.52761100815851"", ""1.5046625193752572"", ""1.4399037850845982"", ""1.39571436330118""]"
overview,reports/tables/all_methods_gross_net_comparison.csv,net_maximum_drawdown,float64,5,0.0,5,"[""-0.3434979632110363"", ""-0.3371349201378669"", ""-0.3273252082835366"", ""-0.3417954255229525"", ""-0.3262874888658648""]"
overview,reports/tables/all_methods_gross_net_comparison.csv,net_beta_vs_spy,float64,5,0.0,5,"[""1.0622843768589336"", ""1.0365516237429124"", ""1.0012349170634995"", ""1.003290465339402"", ""1.0042817011542169""]"
overview,reports/tables/all_methods_gross_net_comparison.csv,net_annualized_alpha_vs_spy,float64,5,0.0,5,"[""0.0672309275417084"", ""0.0605950562294088"", ""0.0573048959535501"", ""0.0498993814359748"", ""0.0422825874610178""]"
overview,reports/tables/all_methods_gross_net_comparison.csv,net_excess_cagr,float64,5,0.0,5,"[""0.0877285178731861"", ""0.0758864921409383"", ""0.0660737724231395"", ""0.0570934941623983"", ""0.0482866034290063""]"
overview,reports/tables/all_methods_gross_net_comparison.csv,rebalances,int64,5,0.0,1,"[""77""]"
overview,reports/tables/all_methods_gross_net_comparison.csv,total_transaction_cost,float64,5,0.0,5,"[""42012.90342213739"", ""37921.48231667547"", ""43920.972431088434"", ""39028.737777649"", ""31302.25994937361""]"
overview,reports/tables/all_methods_gross_net_comparison.csv,total_traded_notional,float64,5,0.0,5,"[""81775981.91486195"", ""73629944.631301"", ""85124168.66447785"", ""75656641.48262064"", ""60689100.08107729""]"
overview,reports/tables/all_methods_gross_net_comparison.csv,mean_two_way_turnover,float64,5,0.0,5,"[""0.5048087659038759"", ""0.470314419458003"", ""0.581441329938686"", ""0.5105777139829167"", ""0.428880579378212""]"
overview,reports/tables/all_methods_gross_net_comparison.csv,mean_one_way_turnover,float64,5,0.0,5,"[""0.259020939917959"", ""0.2417651989986968"", ""0.2973575715309161"", ""0.2619074396770168"", ""0.2210377906608488""]"
overview,reports/tables/all_methods_gross_net_comparison.csv,maximum_absolute_cash,float64,5,0.0,5,"[""1.0109431514138125e-08"", ""9.729774319566786e-09"", ""9.67941105045611e-09"", ""0.0078418811419851"", ""1.0358689905842766e-08""]"
overview,reports/tables/all_methods_gross_net_comparison.csv,commission_cost,float64,5,0.0,5,"[""4088.799095743098"", ""3681.49723156505"", ""4256.208433223893"", ""3782.8320741310326"", ""3034.454998056344""]"
overview,reports/tables/all_methods_gross_net_comparison.csv,spread_cost,float64,5,0.0,5,"[""16355.196382972392"", ""14725.9889262602"", ""17024.83373289557"", ""15131.32829652413"", ""12137.819992225372""]"
overview,reports/tables/all_methods_gross_net_comparison.csv,slippage_cost,float64,5,0.0,5,"[""20443.99547871549"", ""18407.48615782525"", ""21281.042166119467"", ""18914.16037065516"", ""15172.274990281716""]"
overview,reports/tables/all_methods_gross_net_comparison.csv,market_impact_cost,float64,5,0.0,5,"[""1124.9124647064018"", ""1106.5100010249694"", ""1358.8880988495011"", ""1200.4170363386852"", ""957.7099088343252""]"
overview,reports/tables/all_methods_gross_net_comparison.csv,effective_cost_bps,float64,5,0.0,5,"[""5.137560251600227"", ""5.15027989041222"", ""5.159635990596941"", ""5.158666445247168"", ""5.157805917281318""]"
overview,reports/tables/all_methods_gross_net_comparison.csv,maximum_order_adv_fraction,float64,5,0.0,5,"[""0.0004337486498654"", ""0.000449330992968"", ""0.0005205522147061"", ""0.0005071792162864"", ""0.000483018999429""]"
overview,reports/tables/all_methods_gross_net_comparison.csv,total_return_cost_drag,float64,5,0.0,5,"[""0.081513135695344"", ""0.071563504498219"", ""0.0844250979548943"", ""0.0706125607681151"", ""0.0565199248785761""]"
overview,reports/tables/all_methods_gross_net_comparison.csv,cagr_cost_drag,float64,5,0.0,5,"[""0.0038962918971177"", ""0.0036036186738834"", ""0.0044300491054567"", ""0.0038600355318454"", ""0.0032177550402581""]"
overview,reports/tables/all_methods_gross_net_comparison.csv,transaction_cost_fraction_initial_capital,float64,5,0.0,5,"[""0.0420129034221373"", ""0.0379214823166754"", ""0.0439209724310884"", ""0.039028737777649"", ""0.0313022599493736""]"
stock_ranking,data/processed/final_alpha_signal.parquet,fold_id,str,3850,0.0,77,"[""1"", ""2"", ""3"", ""4"", ""5""]"
stock_ranking,data/processed/final_alpha_signal.parquet,as_of_date,datetime64[ms],3850,0.0,77,"[""2020-01-31"", ""2020-02-28"", ""2020-03-31"", ""2020-04-30"", ""2020-05-29""]"
stock_ranking,data/processed/final_alpha_signal.parquet,ticker,string,3850,0.0,50,"[""NFLX"", ""LOW"", ""EOG"", ""ABBV"", ""AVGO""]"
stock_ranking,data/processed/final_alpha_signal.parquet,sector,string,3850,0.0,11,"[""Communication Services"", ""Consumer Discretionary"", ""Energy"", ""Health Care"", ""Information Technology""]"
stock_ranking,data/processed/final_alpha_signal.parquet,raw_prediction,float64,3850,0.0,3820,"[""0.9379899905718954"", ""0.9091694958088334"", ""0.8963498971324407"", ""0.8392332776306134"", ""0.8384095107217711""]"
stock_ranking,data/processed/final_alpha_signal.parquet,percentile_score,float64,3850,0.0,56,"[""1.0"", ""0.9795918367346939"", ""0.9591836734693877"", ""0.9387755102040817"", ""0.9183673469387755""]"
stock_ranking,data/processed/final_alpha_signal.parquet,rank,int64,3850,0.0,50,"[""1"", ""2"", ""3"", ""4"", ""5""]"
stock_ranking,data/processed/final_alpha_signal.parquet,composite_weight,float64,3850,0.0,45,"[""0.2395074822596346"", ""0.2171631300926603"", ""0.25795462342677"", ""0.252962053421635"", ""0.21571594750718512""]"
stock_ranking,data/processed/final_alpha_signal.parquet,elastic_net_weight,float64,3850,0.0,52,"[""0.20101702028250273"", ""0.2640112754867646"", ""0.2606414629635042"", ""0.2524213555096364"", ""0.2713512988000051""]"
stock_ranking,data/processed/final_alpha_signal.parquet,lightgbm_ranker_weight,float64,3850,0.0,52,"[""0.5594754974578627"", ""0.5188255944205752"", ""0.4814039136097258"", ""0.49461659106872863"", ""0.5129327536928098""]"
stock_ranking,data/processed/final_alpha_signal.parquet,composite_contribution,float64,3850,0.0,2194,"[""0.21995585105476648"", ""0.2248437588559835"", ""0.2395074822596346"", ""0.1759646808438132"", ""0.20529212765111537""]"
stock_ranking,data/processed/final_alpha_signal.parquet,elastic_net_contribution,float64,3850,0.0,2502,"[""0.19281224394444138"", ""0.14768597408510406"", ""0.18870985577541075"", ""0.17230030309928804"", ""0.17640269126831873""]"
stock_ranking,data/processed/final_alpha_signal.parquet,lightgbm_ranker_contribution,float64,3850,0.0,1956,"[""0.5252218955726875"", ""0.5366397628677458"", ""0.4681325590973954"", ""0.49096829368751216"", ""0.4567146918023369""]"
stock_ranking,data/processed/final_alpha_signal.parquet,model_contributions,str,3850,0.0,3847,"[""{\""elastic_net\"": {\""contribution\"": 0.19281224394444138, \""percentile\"": 0.9591836734693877, \""weight\"": 0.20101702028250273}, \""lightgbm_ranker\"": {\""contribution\"": 0.5252218955726875, \""percentile\"": 0.9387755102040817, \""weight\"": 0.5594754974578627}, \""technical_composite\"": {\""contribution\"": 0.21995585105476648, \""percentile\"": 0.9183673469387755, \""weight\"": 0.2395074822596346}}"", ""{\""elastic_net\"": {\""contribution\"": 0.14768597408510406, \""percentile\"": 0.7346938775510204, \""weight\"": 0.20101702028250273}, \""lightgbm_ranker\"": {\""contribution\"": 0.5366397628677458, \""percentile\"": 0.9591836734693877, \""weight\"": 0.5594754974578627}, \""technical_composite\"": {\""contribution\"": 0.2248437588559835, \""percentile\"": 0.9387755102040817, \""weight\"": 0.2395074822596346}}"", ""{\""elastic_net\"": {\""contribution\"": 0.18870985577541075, \""percentile\"": 0.9387755102040817, \""weight\"": 0.20101702028250273}, \""lightgbm_ranker\"": {\""contribution\"": 0.4681325590973954, \""percentile\"": 0.8367346938775511, \""weight\"": 0.5594754974578627}, \""technical_composite\"": {\""contribution\"": 0.2395074822596346, \""percentile\"": 1.0, \""weight\"": 0.2395074822596346}}"", ""{\""elastic_net\"": {\""contribution\"": 0.17230030309928804, \""percentile\"": 0.8571428571428571, \""weight\"": 0.20101702028250273}, \""lightgbm_ranker\"": {\""contribution\"": 0.49096829368751216, \""percentile\"": 0.8775510204081632, \""weight\"": 0.5594754974578627}, \""technical_composite\"": {\""contribution\"": 0.1759646808438132, \""percentile\"": 0.7346938775510204, \""weight\"": 0.2395074822596346}}"", ""{\""elastic_net\"": {\""contribution\"": 0.17640269126831873, \""percentile\"": 0.8775510204081632, \""weight\"": 0.20101702028250273}, \""lightgbm_ranker\"": {\""contribution\"": 0.4567146918023369, \""percentile\"": 0.8163265306122449, \""weight\"": 0.5594754974578627}, \""technical_composite\"": {\""contribution\"": 0.20529212765111537, \""percentile\"": 0.8571428571428571, \""weight\"": 0.2395074822596346}}""]"
stock_ranking,data/processed/risk_estimates.parquet,as_of_date,datetime64[ms],3850,0.0,77,"[""2020-01-31"", ""2020-02-28"", ""2020-03-31"", ""2020-04-30"", ""2020-05-29""]"
stock_ranking,data/processed/risk_estimates.parquet,ticker,str,3850,0.0,50,"[""AAPL"", ""ABBV"", ""ABT"", ""AMZN"", ""APD""]"
stock_ranking,data/processed/risk_estimates.parquet,sector,str,3850,0.0,11,"[""Information Technology"", ""Health Care"", ""Consumer Discretionary"", ""Materials"", ""Financials""]"
stock_ranking,data/processed/risk_estimates.parquet,annualized_volatility,float64,3850,0.0,3850,"[""0.2342054568792623"", ""0.2506075220944388"", ""0.17988779509290456"", ""0.21863867875837878"", ""0.19289164583958535""]"
stock_ranking,data/processed/risk_estimates.parquet,annualized_downside_volatility,float64,3850,0.0,3850,"[""0.15324779874166644"", ""0.20237303885346836"", ""0.1286057838783796"", ""0.14714390230647573"", ""0.13183928180730678""]"
stock_ranking,data/processed/risk_estimates.parquet,beta_vs_spy,float64,3850,0.0,3850,"[""1.463500329743016"", ""0.8985770256153801"", ""0.9885464178428659"", ""1.0979532604611182"", ""0.8699614080616261""]"
stock_ranking,data/processed/risk_estimates.parquet,correlation_vs_spy,float64,3850,0.0,3850,"[""0.7403740363704263"", ""0.4248313657356495"", ""0.651104554970466"", ""0.5949935036562731"", ""0.5343698349057115""]"
stock_ranking,data/processed/risk_estimates.parquet,average_dollar_volume,float64,3850,0.0,3850,"[""8262776629.844869"", ""686482755.26474"", ""418613907.27775574"", ""6096037471.1458845"", ""260010082.51368204""]"
stock_ranking,data/processed/risk_estimates.parquet,median_dollar_volume,float64,3850,0.0,3778,"[""7977239362.445068"", ""633276352.3757935"", ""390444716.6469574"", ""5383750270.027161"", ""241688455.2772522""]"
stock_ranking,data/processed/risk_estimates.parquet,latest_close,float64,3850,0.0,3698,"[""77.37750244140625"", ""81.0199966430664"", ""87.13999938964844"", ""100.43599700927734"", ""238.7100067138672""]"
stock_ranking,data/processed/risk_estimates.parquet,latest_volume,float64,3850,0.0,3809,"[""199588400.0"", ""13870100.0"", ""5914100.0"", ""311346000.0"", ""1596400.0""]"
stock_ranking,data/processed/risk_estimates.parquet,return_observations,int64,3850,0.0,1,"[""252""]"
stock_ranking,data/processed/risk_estimates.parquet,beta_observations,int64,3850,0.0,1,"[""252""]"
stock_ranking,data/processed/risk_estimates.parquet,liquidity_observations,int64,3850,0.0,1,"[""60""]"
stock_ranking,data/processed/risk_estimates.parquet,risk_window_start_date,datetime64[ms],3850,0.0,77,"[""2019-02-01"", ""2019-03-01"", ""2019-04-02"", ""2019-05-02"", ""2019-05-31""]"
stock_ranking,data/processed/risk_estimates.parquet,risk_window_end_date,datetime64[ms],3850,0.0,77,"[""2020-01-31"", ""2020-02-28"", ""2020-03-31"", ""2020-04-30"", ""2020-05-29""]"
stock_ranking,data/processed/risk_estimates.parquet,latest_market_date,datetime64[ms],3850,0.0,77,"[""2020-01-31"", ""2020-02-28"", ""2020-03-31"", ""2020-04-30"", ""2020-05-29""]"
stock_ranking,data/processed/risk_estimates.parquet,latest_spy_date,datetime64[ms],3850,0.0,77,"[""2020-01-31"", ""2020-02-28"", ""2020-03-31"", ""2020-04-30"", ""2020-05-29""]"
stock_ranking,data/processed/modeling_panel.parquet,as_of_date,datetime64[ms],7550,0.0,151,"[""2014-01-31"", ""2014-02-28"", ""2014-03-31"", ""2014-04-30"", ""2014-05-30""]"
stock_ranking,data/processed/modeling_panel.parquet,ticker,string,7550,0.0,50,"[""AAPL"", ""ABBV"", ""ABT"", ""AMZN"", ""APD""]"
stock_ranking,data/processed/modeling_panel.parquet,sector,string,7550,0.0,11,"[""Information Technology"", ""Health Care"", ""Consumer Discretionary"", ""Materials"", ""Financials""]"
stock_ranking,data/processed/modeling_panel.parquet,technical_latest_market_date,datetime64[ms],7550,0.0,151,"[""2014-01-31"", ""2014-02-28"", ""2014-03-31"", ""2014-04-30"", ""2014-05-30""]"
stock_ranking,data/processed/modeling_panel.parquet,observations_available,int64,7550,0.0,152,"[""21"", ""40"", ""61"", ""82"", ""103""]"
stock_ranking,data/processed/modeling_panel.parquet,tech__momentum_12_1_sector_neutral,float64,6950,0.07947019867549669,6950,"[""1.454748540640169"", ""0.7817174535689675"", ""0.009261232052976465"", ""-2.324286047442361"", ""-0.12017053629214547""]"
stock_ranking,data/processed/modeling_panel.parquet,tech__momentum_6_1_sector_neutral,float64,7250,0.039735099337748346,7250,"[""1.2945353625258673"", ""0.4394988646014235"", ""-0.0814173162056942"", ""-1.9539406701499888"", ""0.4856745658435365""]"
stock_ranking,data/processed/modeling_panel.parquet,tech__return_3m_sector_neutral,float64,7400,0.019867549668874173,7400,"[""0.6337715268416353"", ""0.12071647280872855"", ""-0.07282822926374918"", ""-2.6356011913877113"", ""0.3274037092807143""]"
stock_ranking,data/processed/modeling_panel.parquet,tech__return_1m_sector_neutral,float64,7500,0.006622516556291391,7500,"[""-0.31523675825071995"", ""-0.3012285242194576"", ""0.29098533871451215"", ""-1.9355114220072933"", ""0.5987774683117371""]"
stock_ranking,data/processed/modeling_panel.parquet,tech__return_1w_sector_neutral,float64,7550,0.0,7550,"[""-1.9683416783938164"", ""0.5070262358286235"", ""-0.26476254448910375"", ""-1.6780932712073588"", ""0.34253732947918836""]"
stock_ranking,data/processed/modeling_panel.parquet,tech__reversal_1m_sector_neutral,float64,7500,0.006622516556291391,7500,"[""0.31523675825071984"", ""0.3012285242194575"", ""-0.2909853387145121"", ""1.9355114220072924"", ""-0.598777468311737""]"
stock_ranking,data/processed/modeling_panel.parquet,tech__volatility_20d_sector_neutral,float64,7550,0.0,7550,"[""0.8482184147975186"", ""0.22402923947014325"", ""-0.14371711326960177"", ""1.4357813691063008"", ""-0.11883871793534703""]"
stock_ranking,data/processed/modeling_panel.parquet,tech__volatility_60d_sector_neutral,float64,7450,0.013245033112582781,7450,"[""0.24603920900153162"", ""0.4025625287422956"", ""-0.3339645655662419"", ""0.9012819090106526"", ""0.0451138761715361""]"
stock_ranking,data/processed/modeling_panel.parquet,tech__downside_volatility_60d_sector_neutral,float64,7450,0.013245033112582781,7450,"[""1.2371878916493042"", ""1.114932158904057"", ""0.012314641490412559"", ""2.3029717465339155"", ""-0.03323020612495464""]"
stock_ranking,data/processed/modeling_panel.parquet,tech__beta_60d_market_sector_neutral,float64,7450,0.013245033112582781,7450,"[""-1.5243195282647355"", ""0.6461020250254315"", ""0.15762416715964192"", ""1.1115771373772998"", ""0.2455393911770321""]"
stock_ranking,data/processed/modeling_panel.parquet,tech__max_drawdown_126d_sector_neutral,float64,7250,0.039735099337748346,7250,"[""0.4107289533797709"", ""-0.7321051122597904"", ""0.1881317638184896"", ""-1.408424990735055"", ""0.28109140904364005""]"
stock_ranking,data/processed/modeling_panel.parquet,tech__distance_sma_50d_sector_neutral,float64,7450,0.013245033112582781,7450,"[""-0.8907619426027602"", ""-0.4364026025706105"", ""-0.8045543366524467"", ""-1.629864143756722"", ""0.25092356407170985""]"
stock_ranking,data/processed/modeling_panel.parquet,tech__distance_sma_200d_sector_neutral,float64,7100,0.059602649006622516,7100,"[""1.6380985820117338"", ""1.400824503089273"", ""-0.07464656859054516"", ""-2.1346696123103057"", ""-0.1736556402082401""]"
stock_ranking,data/processed/modeling_panel.parquet,tech__sma_50_200_spread_sector_neutral,float64,7100,0.059602649006622516,7100,"[""1.7561189057049638"", ""0.502709107623576"", ""-0.015520672896393223"", ""-1.9848973306918165"", ""-0.0929059252052688""]"
stock_ranking,data/processed/modeling_panel.parquet,tech__positive_day_ratio_60d_sector_neutral,float64,7450,0.013245033112582781,5910,"[""-0.16638322506567838"", ""-0.7130709645671918"", ""-1.2201436504816394"", ""-0.16638322506567754"", ""0.16638322506567893""]"
stock_ranking,data/processed/modeling_panel.parquet,tech__average_dollar_volume_20d_sector_neutral,float64,7550,0.0,7550,"[""4.622787139718406"", ""-0.09250634156159931"", ""-0.17578769911289277"", ""0.7556551748187004"", ""-0.012842878005040581""]"
stock_ranking,data/processed/modeling_panel.parquet,tech__dollar_volume_change_20d_60d_sector_neutral,float64,7450,0.013245033112582781,7450,"[""-2.6729198705728363"", ""-0.4335399121212719"", ""0.778038595972292"", ""-0.5711786695359398"", ""0.7879702051832641""]"
stock_ranking,data/processed/modeling_panel.parquet,tech__amihud_illiquidity_20d_sector_neutral,float64,7550,0.0,7550,"[""-1.3557108611909126"", ""0.2416849276126058"", ""0.23110562513489163"", ""-0.2687547423541729"", ""0.05648486587153134""]"
stock_ranking,data/processed/modeling_panel.parquet,tech__zero_volume_ratio_60d_sector_neutral,float64,7450,0.013245033112582781,1,"[""0.0""]"
stock_ranking,data/processed/modeling_panel.parquet,fund__earnings_yield_zscore,float64,7012,0.07125827814569537,6710,"[""-0.052344571489817145"", ""-0.22639879044671143"", ""-0.23328780448303757"", ""-0.23070388543827292"", ""-0.23072200765138492""]"
stock_ranking,data/processed/modeling_panel.parquet,fund__sales_yield_zscore,float64,6814,0.09748344370860927,6514,"[""-0.1643720814911898"", ""-0.2389020597388584"", ""-0.181654789882994"", ""-0.24040066930006662"", ""-0.24049993209290577""]"
stock_ranking,data/processed/modeling_panel.parquet,fund__book_to_market_zscore,float64,7103,0.059205298013245033,6801,"[""-0.09239210083464627"", ""-0.23758067286104728"", ""-0.23103052703313928"", ""-0.21856494464179893"", ""-0.23208926733137564""]"
stock_ranking,data/processed/modeling_panel.parquet,fund__fcf_yield_zscore,float64,5264,0.3027814569536424,5264,"[""0.6986907837581395"", ""-0.22438652981209456"", ""-0.2349155728958834"", ""-0.2326510681747621"", ""-0.2069670525049225""]"
stock_ranking,data/processed/modeling_panel.parquet,fund__roe_zscore,float64,7058,0.06516556291390728,6756,"[""1.0022988521260756"", ""0.6727618713971535"", ""-1.6315771918024253"", ""-0.4267122230924045"", ""-1.4077491841178131""]"
stock_ranking,data/processed/modeling_panel.parquet,fund__roa_zscore,float64,7317,0.03086092715231788,7015,"[""1.7851529529764503"", ""1.198326282366289"", ""-1.4724808458132543"", ""-0.4117488937249592"", ""-1.4733123548561031""]"
stock_ranking,data/processed/modeling_panel.parquet,fund__gross_profitability_zscore,float64,3364,0.5544370860927152,3343,"[""-0.36923591478167467"", ""1.229890348243097"", ""-1.1802820506035905"", ""-0.990222069954863"", ""-0.34070868646928043""]"
stock_ranking,data/processed/modeling_panel.parquet,fund__gross_margin_zscore,float64,3364,0.5544370860927152,3343,"[""-0.35360645151046427"", ""1.199130990082794"", ""-1.0453009539927531"", ""-0.9627505861283852"", ""1.1401701235357788""]"
stock_ranking,data/processed/modeling_panel.parquet,fund__operating_margin_zscore,float64,5767,0.236158940397351,5731,"[""0.6664110124526875"", ""0.14749544351314717"", ""-1.369563369956255"", ""-0.459264625398835"", ""-0.5435750603301656""]"
stock_ranking,data/processed/modeling_panel.parquet,fund__net_margin_zscore,float64,7047,0.0666225165562914,6745,"[""0.8955152207066877"", ""0.173192948494269"", ""-1.4574798516880905"", ""-0.3789627196514331"", ""-0.3530334398522992""]"
stock_ranking,data/processed/modeling_panel.parquet,fund__cash_conversion_zscore,float64,6754,0.10543046357615894,6478,"[""-0.4179047983602609"", ""2.7215342421337496"", ""-0.1558702530382972"", ""2.6311390187416808"", ""-0.6123991419199523""]"
stock_ranking,data/processed/modeling_panel.parquet,fund__debt_to_assets_zscore,float64,5074,0.32794701986754965,5074,"[""-1.0866442459766996"", ""-0.7791051992616174"", ""0.7689660730014196"", ""1.605168323381995"", ""-0.4379017064400885""]"
stock_ranking,data/processed/modeling_panel.parquet,fund__net_debt_to_assets_zscore,float64,5074,0.32794701986754965,5074,"[""-0.7015273498434852"", ""-0.8792613808140511"", ""1.2564037627746973"", ""1.8332947009057623"", ""-0.7717147627087331""]"
stock_ranking,data/processed/modeling_panel.parquet,fund__current_ratio_zscore,float64,6506,0.13827814569536423,6204,"[""-0.3437626419609987"", ""0.6266734572236243"", ""-0.07931509340764616"", ""-0.7906846173311222"", ""-0.8072025454304395""]"
stock_ranking,data/processed/modeling_panel.parquet,fund__interest_coverage_zscore,float64,4972,0.3414569536423841,4972,"[""-0.16712130981763598"", ""-0.4522236746649458"", ""-0.3945199070217172"", ""-0.17479770556092436"", ""-0.27605347790234425""]"
stock_ranking,data/processed/modeling_panel.parquet,fund__capex_to_assets_zscore,float64,6121,0.18927152317880794,5951,"[""-0.23809141481195567"", ""-0.4317920820645138"", ""2.7969363015192945"", ""1.2120142622076129"", ""-0.5792499365397408""]"
stock_ranking,data/processed/modeling_panel.parquet,fund__accruals_zscore,float64,6754,0.10543046357615894,6478,"[""-0.5590075178716587"", ""-2.559895162776873"", ""-0.022560053889695605"", ""0.6155642150246677"", ""1.0650162654643804""]"
stock_ranking,data/processed/modeling_panel.parquet,fund__revenue_growth_yoy_zscore,float64,6531,0.13496688741721855,6089,"[""0.42389093498854885"", ""-1.3247936762058294"", ""0.8562697505035092"", ""-0.3565538249855024"", ""-0.46408378952624313""]"
stock_ranking,data/processed/modeling_panel.parquet,fund__net_income_growth_yoy_zscore,float64,6707,0.11165562913907284,6429,"[""-0.046533432886918774"", ""-1.250033804788203"", ""-0.3518495237896026"", ""-0.9016178121456446"", ""-0.20693805579092464""]"
stock_ranking,data/processed/modeling_panel.parquet,fund__operating_cash_flow_growth_yoy_zscore,float64,6026,0.2018543046357616,5194,"[""-0.27844662018340166"", ""0.3356260266180493"", ""2.101041853140923"", ""0.24632113786220303"", ""0.875894055363174""]"
stock_ranking,data/processed/modeling_panel.parquet,fund__asset_growth_yoy_zscore,float64,6812,0.09774834437086093,6534,"[""0.1660316137004445"", ""-0.37939157617371805"", ""-0.5327358691512989"", ""0.5354806789422804"", ""-0.43099321956615466""]"
stock_ranking,data/processed/modeling_panel.parquet,fund__revenue_growth_acceleration_zscore,float64,5943,0.2128476821192053,5542,"[""0.9116182038421508"", ""1.5100984335318637"", ""0.36269285799007883"", ""-0.01634894678515222"", ""0.1535052338688632""]"
stock_ranking,data/processed/modeling_panel.parquet,fund__net_income_growth_acceleration_zscore,float64,6101,0.1919205298013245,5847,"[""0.16098430307237882"", ""2.080080715942952"", ""2.5367856347398194"", ""0.447125555128735"", ""0.1644951546919684""]"
stock_ranking,data/processed/modeling_panel.parquet,fund__operating_cash_flow_growth_acceleration_zscore,float64,5317,0.2957615894039735,4736,"[""0.1648803712024542"", ""0.9413679195672975"", ""-0.5980813616615029"", ""-0.6826939649332632"", ""-0.22915182771042306""]"
stock_ranking,data/processed/modeling_panel.parquet,fund__earnings_yield_sector_zscore,float64,6225,0.17549668874172186,6204,"[""1.7799961305428005"", ""1.6209011648652856"", ""-1.0072977824872036"", ""-0.84347890588609"", ""-0.49994290270805125""]"
stock_ranking,data/processed/modeling_panel.parquet,fund__sales_yield_sector_zscore,float64,6058,0.1976158940397351,6043,"[""1.0584156534172404"", ""0.09625280164102636"", ""2.2257445103792537"", ""-0.6550804562086573"", ""-0.49884548723926253""]"
stock_ranking,data/processed/modeling_panel.parquet,fund__book_to_market_sector_zscore,float64,6298,0.16582781456953644,6230,"[""0.6668384062721996"", ""-2.0150973422318517"", ""0.7470407412875428"", ""2.1528210758018234"", ""1.553810899900974""]"
stock_ranking,data/processed/modeling_panel.parquet,fund__fcf_yield_sector_zscore,float64,4338,0.42543046357615893,4338,"[""1.9999057099122899"", ""0.25690719935601775"", ""-1.131207994018947"", ""-0.4828791347354441"", ""0.5065280349605744""]"
stock_ranking,data/processed/modeling_panel.parquet,fund__roe_sector_zscore,float64,6271,0.16940397350993378,4644,"[""1.3320539617450946"", ""0.9998329568960636"", ""-1.2320614612237657"", ""-1.0127940847123504"", ""-0.5234006603419268""]"
stock_ranking,data/processed/modeling_panel.parquet,fund__roa_sector_zscore,float64,6530,0.13509933774834437,4670,"[""1.3771881268904909"", ""1.1664906159596853"", ""-1.2396409048688943"", ""-0.7969830980267727"", ""-0.2041476823278742""]"
stock_ranking,data/processed/modeling_panel.parquet,fund__gross_profitability_sector_zscore,float64,2794,0.6299337748344371,2085,"[""-1.0634302210926232"", ""1.2135994897507414"", ""-0.33339620617804894"", ""-0.9550359081784252"", ""0.6839019815457165""]"
stock_ranking,data/processed/modeling_panel.parquet,fund__gross_margin_sector_zscore,float64,2794,0.6299337748344371,2114,"[""-1.5972065228563763"", ""0.3979498369226117"", ""1.4035362228069155"", ""0.5515429474474645"", ""0.12234119695167929""]"
stock_ranking,data/processed/modeling_panel.parquet,fund__operating_margin_sector_zscore,float64,4882,0.3533774834437086,3631,"[""0.3030120914767623"", ""0.781707832936506"", ""-0.7729581476143305"", ""-1.413804883995976"", ""-0.5470572270049248""]"
stock_ranking,data/processed/modeling_panel.parquet,fund__net_margin_sector_zscore,float64,6321,0.16278145695364238,4636,"[""-0.07707970351995054"", ""0.3215880792623742"", ""-0.9946843247324607"", ""-1.0375546353948437"", ""-1.0008457414507956""]"
stock_ranking,data/processed/modeling_panel.parquet,fund__cash_conversion_sector_zscore,float64,6040,0.2,4561,"[""-0.008449454372591833"", ""2.1994275443476154"", ""1.495046096534328"", ""-0.8893806951017582"", ""-0.599384898161408""]"
stock_ranking,data/processed/modeling_panel.parquet,fund__debt_to_assets_sector_zscore,float64,3992,0.4712582781456954,3163,"[""-1.274001412163951"", ""-0.7805097324989196"", ""-0.9052825764286074"", ""-0.5804237136624015"", ""1.414212865158847""]"
stock_ranking,data/processed/modeling_panel.parquet,fund__net_debt_to_assets_sector_zscore,float64,3992,0.4712582781456954,3162,"[""-0.3426175614213484"", ""-0.5414970352407268"", ""-1.4111174265998783"", ""-0.40800947452622904"", ""1.3782478793774486""]"
stock_ranking,data/processed/modeling_panel.parquet,fund__current_ratio_sector_zscore,float64,5558,0.26384105960264903,4118,"[""-2.075386636318646"", ""0.9605881260877258"", ""-0.2533698563044607"", ""-0.5953896396778358"", ""0.06569304394262669""]"
stock_ranking,data/processed/modeling_panel.parquet,fund__interest_coverage_sector_zscore,float64,3987,0.4719205298013245,2948,"[""0.5759859869850241"", ""-0.483739015066446"", ""0.93599499667391"", ""-0.5815870392861593"", ""0.6680476988822872""]"
stock_ranking,data/processed/modeling_panel.parquet,fund__capex_to_assets_sector_zscore,float64,5356,0.2905960264900662,4185,"[""1.1318893650353705"", ""1.2613132924201211"", ""1.6381910767916692"", ""1.2775509619344834"", ""-0.34098377367366056""]"
stock_ranking,data/processed/modeling_panel.parquet,fund__accruals_sector_zscore,float64,6040,0.2,4520,"[""-1.1142905107737882"", ""-1.6740342306356273"", ""0.5326479007916476"", ""1.4563558876480533"", ""0.5988774813867249""]"
stock_ranking,data/processed/modeling_panel.parquet,fund__revenue_growth_yoy_sector_zscore,float64,5835,0.2271523178807947,4409,"[""1.3433729059008497"", ""-1.1013087392949272"", ""0.15454623988548097"", ""-0.7857064609095972"", ""0.42558400277407477""]"
stock_ranking,data/processed/modeling_panel.parquet,fund__net_income_growth_yoy_sector_zscore,float64,5984,0.20741721854304634,4672,"[""0.6150728876494473"", ""-1.6340055534485256"", ""-1.795314347484182"", ""-2.3368603586793153"", ""0.33807048580529714""]"
stock_ranking,data/processed/modeling_panel.parquet,fund__operating_cash_flow_growth_yoy_sector_zscore,float64,5364,0.2895364238410596,3743,"[""0.5530927782117367"", ""-0.09891737751867828"", ""1.6557868381462557"", ""0.021164844613509665"", ""-0.0050466928809582805""]"
stock_ranking,data/processed/modeling_panel.parquet,fund__asset_growth_yoy_sector_zscore,float64,6075,0.19536423841059603,4651,"[""0.7564350335768377"", ""-0.3911864106315606"", ""-0.6353906681768678"", ""-0.017528206349190483"", ""-0.8312183106033443""]"
stock_ranking,data/processed/modeling_panel.parquet,fund__revenue_growth_acceleration_sector_zscore,float64,5307,0.2970860927152318,4114,"[""0.9617542855733308"", ""0.9913852427035855"", ""0.3927704642683349"", ""-0.8551214689029001"", ""0.44251482519988855""]"
stock_ranking,data/processed/modeling_panel.parquet,fund__net_income_growth_acceleration_sector_zscore,float64,5438,0.27973509933774837,4265,"[""0.47366942670077217"", ""1.93871352912405"", ""1.826843602864278"", ""2.4405954682896516"", ""-0.3456892029482925""]"
stock_ranking,data/processed/modeling_panel.parquet,fund__operating_cash_flow_growth_acceleration_sector_zscore,float64,4699,0.3776158940397351,3473,"[""-0.133413550891643"", ""1.0048011645255532"", ""-0.8128487407158216"", ""-0.31567939428912145"", ""-0.4412179647431921""]"
stock_ranking,data/processed/modeling_panel.parquet,fund__earnings_yield_missing,int8,7550,0.0,2,"[""0"", ""1""]"
stock_ranking,data/processed/modeling_panel.parquet,fund__sales_yield_missing,int8,7550,0.0,2,"[""0"", ""1""]"
stock_ranking,data/processed/modeling_panel.parquet,fund__book_to_market_missing,int8,7550,0.0,2,"[""0"", ""1""]"
stock_ranking,data/processed/modeling_panel.parquet,fund__fcf_yield_missing,int8,7550,0.0,2,"[""0"", ""1""]"
stock_ranking,data/processed/modeling_panel.parquet,fund__roe_missing,int8,7550,0.0,2,"[""0"", ""1""]"
stock_ranking,data/processed/modeling_panel.parquet,fund__roa_missing,int8,7550,0.0,2,"[""0"", ""1""]"
stock_ranking,data/processed/modeling_panel.parquet,fund__gross_profitability_missing,int8,7550,0.0,2,"[""0"", ""1""]"
stock_ranking,data/processed/modeling_panel.parquet,fund__gross_margin_missing,int8,7550,0.0,2,"[""0"", ""1""]"
stock_ranking,data/processed/modeling_panel.parquet,fund__operating_margin_missing,int8,7550,0.0,2,"[""0"", ""1""]"
stock_ranking,data/processed/modeling_panel.parquet,fund__net_margin_missing,int8,7550,0.0,2,"[""0"", ""1""]"
stock_ranking,data/processed/modeling_panel.parquet,fund__cash_conversion_missing,int8,7550,0.0,2,"[""0"", ""1""]"
stock_ranking,data/processed/modeling_panel.parquet,fund__debt_to_assets_missing,int8,7550,0.0,2,"[""1"", ""0""]"
stock_ranking,data/processed/modeling_panel.parquet,fund__net_debt_to_assets_missing,int8,7550,0.0,2,"[""1"", ""0""]"
stock_ranking,data/processed/modeling_panel.parquet,fund__current_ratio_missing,int8,7550,0.0,2,"[""0"", ""1""]"
stock_ranking,data/processed/modeling_panel.parquet,fund__interest_coverage_missing,int8,7550,0.0,2,"[""1"", ""0""]"
stock_ranking,data/processed/modeling_panel.parquet,fund__capex_to_assets_missing,int8,7550,0.0,2,"[""0"", ""1""]"
stock_ranking,data/processed/modeling_panel.parquet,fund__accruals_missing,int8,7550,0.0,2,"[""0"", ""1""]"
stock_ranking,data/processed/modeling_panel.parquet,fund__revenue_growth_yoy_missing,int8,7550,0.0,2,"[""1"", ""0""]"
stock_ranking,data/processed/modeling_panel.parquet,fund__net_income_growth_yoy_missing,int8,7550,0.0,2,"[""1"", ""0""]"
stock_ranking,data/processed/modeling_panel.parquet,fund__operating_cash_flow_growth_yoy_missing,int8,7550,0.0,2,"[""1"", ""0""]"
stock_ranking,data/processed/modeling_panel.parquet,fund__asset_growth_yoy_missing,int8,7550,0.0,2,"[""1"", ""0""]"
stock_ranking,data/processed/modeling_panel.parquet,fund__revenue_growth_acceleration_missing,int8,7550,0.0,2,"[""1"", ""0""]"
stock_ranking,data/processed/modeling_panel.parquet,fund__net_income_growth_acceleration_missing,int8,7550,0.0,2,"[""1"", ""0""]"
stock_ranking,data/processed/modeling_panel.parquet,fund__operating_cash_flow_growth_acceleration_missing,int8,7550,0.0,2,"[""1"", ""0""]"
stock_ranking,data/processed/modeling_panel.parquet,first_future_date,datetime64[ms],7450,0.013245033112582781,149,"[""2014-02-03"", ""2014-03-03"", ""2014-04-01"", ""2014-05-01"", ""2014-06-02""]"
stock_ranking,data/processed/modeling_panel.parquet,target_end_date,datetime64[ms],7450,0.013245033112582781,149,"[""2014-03-04"", ""2014-03-31"", ""2014-04-30"", ""2014-05-30"", ""2014-06-30""]"
stock_ranking,data/processed/modeling_panel.parquet,horizon_sessions,float64,7450,0.013245033112582781,1,"[""21.0""]"
stock_ranking,data/processed/modeling_panel.parquet,target_21d,float64,7450,0.013245033112582781,7449,"[""0.06755871594966578"", ""0.04793843151074029"", ""0.09438121801810984"", ""0.014525075022522538"", ""0.16520835803248213""]"
stock_ranking,data/processed/modeling_panel.parquet,target_21d_excess,float64,7450,0.013245033112582781,7450,"[""0.019274440845994945"", ""-0.00034584359293055034"", ""0.046096942914439"", ""-0.0337592000811483"", ""0.11692408292881129""]"
stock_ranking,data/processed/modeling_panel.parquet,label_top_quintile,Int8,7450,0.013245033112582781,2,"[""0"", ""1""]"
stock_ranking,data/processed/modeling_panel.parquet,technical_missing_count,int16,7550,0.0,7,"[""15"", ""13"", ""6"", ""5"", ""3""]"
stock_ranking,data/processed/modeling_panel.parquet,fundamental_global_missing_count,int16,7550,0.0,23,"[""10"", ""22"", ""9"", ""7"", ""24""]"
stock_ranking,data/processed/modeling_panel.parquet,fundamental_sector_missing_count,int16,7550,0.0,23,"[""10"", ""22"", ""9"", ""24"", ""16""]"
stock_ranking,data/processed/modeling_panel.parquet,model_feature_missing_count,int16,7550,0.0,57,"[""35"", ""59"", ""33"", ""46"", ""63""]"
stock_ranking,data/processed/modeling_panel.parquet,has_target,int8,7550,0.0,2,"[""1"", ""0""]"
stock_ranking,data/processed/modeling_panel.parquet,sample_role,str,7550,0.0,2,"[""modeling"", ""inference_only""]"
portfolio,data/processed/target_weights_all_methods.parquet,as_of_date,datetime64[ms],9625,0.0,77,"[""2020-01-31"", ""2020-02-28"", ""2020-03-31"", ""2020-04-30"", ""2020-05-29""]"
portfolio,data/processed/target_weights_all_methods.parquet,ticker,str,9625,0.0,50,"[""AAPL"", ""ABBV"", ""AMZN"", ""AVGO"", ""BAC""]"
portfolio,data/processed/target_weights_all_methods.parquet,sector,string,9625,0.0,11,"[""Information Technology"", ""Health Care"", ""Consumer Discretionary"", ""Financials"", ""Industrials""]"
portfolio,data/processed/target_weights_all_methods.parquet,method,str,9625,0.0,5,"[""alpha_risk_turnover"", ""cvar"", ""median_mad_de"", ""score_weighted"", ""top_n_equal_weight""]"
portfolio,data/processed/target_weights_all_methods.parquet,rank,int64,9625,0.0,26,"[""13"", ""4"", ""17"", ""5"", ""26""]"
portfolio,data/processed/target_weights_all_methods.parquet,percentile_score,float64,9625,0.0,29,"[""0.7551020408163265"", ""0.9387755102040817"", ""0.673469387755102"", ""0.9183673469387755"", ""0.4897959183673469""]"
portfolio,data/processed/target_weights_all_methods.parquet,raw_score_weight,float64,3850,0.6,127,"[""0.04004329004329004"", ""0.049783549783549784"", ""0.03571428571428571"", ""0.048701298701298704"", ""0.025974025974025972""]"
portfolio,data/processed/target_weights_all_methods.parquet,weight,float64,9625,0.0,4094,"[""0.049999000000000016"", ""0.04999899999999999"", ""0.04999900000000001"", ""0.0"", ""0.049999""]"
portfolio,data/processed/target_weights_all_methods.parquet,annualized_alpha_proxy,float64,1925,0.8,29,"[""0.02551020408163265"", ""0.04387755102040817"", ""0.0173469387755102"", ""0.04183673469387755"", ""-0.0010204081632653073""]"
portfolio,data/processed/target_weights_all_methods.parquet,previous_weight,float64,5775,0.4,2903,"[""0.0"", ""0.049999000000000016"", ""0.04999899999999999"", ""0.04999900000000001"", ""0.049999""]"
portfolio,data/processed/target_weights_all_methods.parquet,beta_vs_spy,float64,5775,0.4,1925,"[""1.463500329743016"", ""0.8985770256153801"", ""1.0979532604611182"", ""1.4899059402322692"", ""1.349011350021773""]"
portfolio,data/processed/target_weights_all_methods.parquet,average_dollar_volume,float64,5775,0.4,1925,"[""8262776629.844869"", ""686482755.26474"", ""6096037471.1458845"", ""763649834.9453291"", ""1521984381.971976""]"
portfolio,data/processed/target_weights_all_methods.parquet,position_adv_fraction,float64,5775,0.4,5082,"[""6.051113595326457e-06"", ""7.283358484470309e-05"", ""8.201885279849104e-06"", ""6.547372593039258e-05"", ""0.0""]"
portfolio,data/processed/target_weights_all_methods.parquet,horizon_alpha_proxy,float64,1925,0.8,29,"[""0.002125850340136054"", ""0.003656462585034014"", ""0.0014455782312925167"", ""0.003486394557823129"", ""-8.503401360544227e-05""]"
portfolio,data/processed/positions_all_methods_net.parquet,date,datetime64[ms],186898,0.0,1610,"[""2020-02-03"", ""2020-02-04"", ""2020-02-05"", ""2020-02-06"", ""2020-02-07""]"
portfolio,data/processed/positions_all_methods_net.parquet,strategy_name,str,186898,0.0,5,"[""alpha_risk_turnover"", ""cvar"", ""median_mad_de"", ""score_weighted"", ""top_n_equal_weight""]"
portfolio,data/processed/positions_all_methods_net.parquet,active_signal_date,datetime64[ms],186898,0.0,77,"[""2020-01-31"", ""2020-02-28"", ""2020-03-31"", ""2020-04-30"", ""2020-05-29""]"
portfolio,data/processed/positions_all_methods_net.parquet,last_rebalance_date,datetime64[ms],186898,0.0,77,"[""2020-02-03"", ""2020-03-02"", ""2020-04-01"", ""2020-05-01"", ""2020-06-01""]"
portfolio,data/processed/positions_all_methods_net.parquet,ticker,str,186898,0.0,50,"[""AAPL"", ""ABBV"", ""AMZN"", ""AVGO"", ""CAT""]"
portfolio,data/processed/positions_all_methods_net.parquet,sector,str,186898,0.0,11,"[""Information Technology"", ""Health Care"", ""Consumer Discretionary"", ""Industrials"", ""Consumer Staples""]"
portfolio,data/processed/positions_all_methods_net.parquet,shares,float64,186898,0.0,8939,"[""681.9036412610812"", ""796.1222248799997"", ""497.09954420487725"", ""1907.5885701931459"", ""430.33005662491706""]"
portfolio,data/processed/positions_all_methods_net.parquet,valuation_price,float64,186898,0.0,39516,"[""74.33518981933594"", ""63.535316467285156"", ""100.20999908447266"", ""26.16288185119629"", ""114.65265655517578""]"
portfolio,data/processed/positions_all_methods_net.parquet,market_value,float64,186898,0.0,185173,"[""50689.436611638834"", ""50581.877504389944"", ""49814.34486966252"", ""49908.01438265573"", ""49338.484187585964""]"
portfolio,data/processed/positions_all_methods_net.parquet,actual_weight,float64,186898,0.0,186898,"[""0.05017616025344271"", ""0.05006969027936534"", ""0.0493099296062513"", ""0.049402650630768076"", ""0.048838887443657934""]"
portfolio,data/processed/positions_all_methods_net.parquet,target_weight,float64,186898,0.0,4093,"[""0.049999000000000016"", ""0.04999899999999999"", ""0.04999900000000001"", ""0.049999"", ""0.03938814524352944""]"
portfolio,data/processed/positions_all_methods_net.parquet,weight_drift,float64,186898,0.0,186898,"[""0.00017716025344269304"", ""7.069027936535549e-05"", ""-0.0006890703937486864"", ""-0.0005963493692319327"", ""-0.0011601125563420675""]"
portfolio,reports/tables/all_method_portfolio_diagnostics.csv,as_of_date,str,385,0.0,77,"[""2020-01-31"", ""2020-02-28"", ""2020-03-31"", ""2020-04-30"", ""2020-05-29""]"
portfolio,reports/tables/all_method_portfolio_diagnostics.csv,method,str,385,0.0,5,"[""alpha_risk_turnover"", ""cvar"", ""median_mad_de"", ""score_weighted"", ""top_n_equal_weight""]"
portfolio,reports/tables/all_method_portfolio_diagnostics.csv,positions,int64,385,0.0,5,"[""21"", ""22"", ""23"", ""24"", ""25""]"
portfolio,reports/tables/all_method_portfolio_diagnostics.csv,weight_sum,float64,385,0.0,78,"[""1.0"", ""1.0000000005009864"", ""0.99999999896342"", ""0.999999999321504"", ""1.0000000001912008""]"
portfolio,reports/tables/all_method_portfolio_diagnostics.csv,maximum_weight,float64,385,0.0,162,"[""0.049999"", ""0.0499989999597568"", ""0.049999002038084"", ""0.0499990006872804"", ""0.0499990000249045""]"
portfolio,reports/tables/all_method_portfolio_diagnostics.csv,minimum_positive_weight,float64,385,0.0,252,"[""0.0106308547564704"", ""2.000312837403313e-05"", ""0.0183893497960008"", ""0.0183893512641703"", ""0.0175214951372789""]"
portfolio,reports/tables/all_method_portfolio_diagnostics.csv,maximum_sector_weight,float64,385,0.0,246,"[""0.2000159999999999"", ""0.2499949991910793"", ""0.1683863506271319"", ""0.2316256440978311"", ""0.2499949991661455""]"
portfolio,reports/tables/all_method_portfolio_diagnostics.csv,concentration_hhi,float64,385,0.0,253,"[""0.0491625410775785"", ""0.0499980001573916"", ""0.0488051361667072"", ""0.0488367030756452"", ""0.0488611905954745""]"
portfolio,reports/tables/all_method_portfolio_diagnostics.csv,effective_positions,float64,385,0.0,259,"[""20.34068984396065"", ""20.00079996903959"", ""20.48964675734593"", ""20.476402726266286"", ""20.466140669372457""]"
portfolio,reports/tables/all_method_portfolio_diagnostics.csv,one_way_turnover,float64,380,0.012987012987012988,311,"[""0.2500150016480618"", ""0.2509186951300011"", ""0.28162464544948"", ""0.1500170009056525"", ""0.3175154943402315""]"
portfolio,reports/tables/all_method_portfolio_diagnostics.csv,two_way_turnover,float64,380,0.012987012987012988,313,"[""0.5000300032961236"", ""0.5018373902600022"", ""0.5632492908989601"", ""0.3000340018113051"", ""0.635030988680463""]"
portfolio,reports/tables/all_method_risk_summary.csv,as_of_date,str,385,0.0,77,"[""2020-01-31"", ""2020-02-28"", ""2020-03-31"", ""2020-04-30"", ""2020-05-29""]"
portfolio,reports/tables/all_method_risk_summary.csv,positions,int64,385,0.0,1,"[""25""]"
portfolio,reports/tables/all_method_risk_summary.csv,portfolio_value,float64,385,0.0,1,"[""1000000.0""]"
portfolio,reports/tables/all_method_risk_summary.csv,predicted_volatility,float64,385,0.0,385,"[""0.1351932374705512"", ""0.1523733775445281"", ""0.3098359945582762"", ""0.3128999456794469"", ""0.3132841017365017""]"
portfolio,reports/tables/all_method_risk_summary.csv,predicted_variance,float64,385,0.0,385,"[""0.0182772114577688"", ""0.0232176461843273"", ""0.0959983435239162"", ""0.0979063760062008"", ""0.0981469284008467""]"
portfolio,reports/tables/all_method_risk_summary.csv,portfolio_beta_vs_spy,float64,385,0.0,385,"[""1.0955139388923965"", ""1.0919645962669975"", ""1.0926331281277817"", ""1.0195962945758854"", ""1.0063916474268106""]"
portfolio,reports/tables/all_method_risk_summary.csv,maximum_weight,float64,385,0.0,162,"[""0.049999"", ""0.0499989999597568"", ""0.049999002038084"", ""0.0499990006872804"", ""0.0499990000249045""]"
portfolio,reports/tables/all_method_risk_summary.csv,minimum_weight,float64,385,0.0,38,"[""0.0"", ""1.4271921635231614e-08"", ""1.5113044596599638e-08"", ""1.6680220892850665e-08"", ""3.22322345862645e-08""]"
portfolio,reports/tables/all_method_risk_summary.csv,concentration_hhi,float64,385,0.0,253,"[""0.0491625410775785"", ""0.0499980001573916"", ""0.0488051361667072"", ""0.0488367030756452"", ""0.0488611905954745""]"
portfolio,reports/tables/all_method_risk_summary.csv,effective_positions,float64,385,0.0,259,"[""20.34068984396065"", ""20.00079996903959"", ""20.48964675734593"", ""20.476402726266286"", ""20.466140669372457""]"
portfolio,reports/tables/all_method_risk_summary.csv,maximum_sector_weight,float64,385,0.0,246,"[""0.2000159999999999"", ""0.2499949991910793"", ""0.1683863506271319"", ""0.2316256440978311"", ""0.2499949991661455""]"
portfolio,reports/tables/all_method_risk_summary.csv,maximum_active_sector_weight,float64,385,0.0,261,"[""0.090001"", ""0.1"", ""0.0699970024533852"", ""0.1116256440978311"", ""0.1099949991661455""]"
portfolio,reports/tables/all_method_risk_summary.csv,maximum_position_adv_fraction,float64,385,0.0,383,"[""0.0002030454231681"", ""0.0001733530168632"", ""0.0001444252826642"", ""0.0001512274958152"", ""0.0001379350606258""]"
portfolio,reports/tables/all_method_risk_summary.csv,weighted_position_adv_fraction,float64,385,0.0,385,"[""7.147351262894168e-05"", ""7.178357850229038e-05"", ""5.0907046045129785e-05"", ""4.950309083230282e-05"", ""4.778469766365538e-05""]"
portfolio,reports/tables/all_method_risk_summary.csv,maximum_liquidation_days,float64,385,0.0,383,"[""0.002030454231681"", ""0.0017335301686328"", ""0.0014442528266428"", ""0.0015122749581526"", ""0.0013793506062581""]"
portfolio,reports/tables/all_method_risk_summary.csv,weighted_liquidation_days,float64,385,0.0,385,"[""0.0007147351262894"", ""0.0007178357850229"", ""0.0005090704604512"", ""0.000495030908323"", ""0.0004778469766365""]"
portfolio,reports/tables/all_method_risk_summary.csv,risk_contribution_sum,float64,385,0.0,385,"[""0.1351932374705512"", ""0.1523733775445281"", ""0.3098359945582762"", ""0.3128999456794469"", ""0.3132841017365017""]"
portfolio,reports/tables/all_method_risk_summary.csv,method,str,385,0.0,5,"[""alpha_risk_turnover"", ""cvar"", ""median_mad_de"", ""score_weighted"", ""top_n_equal_weight""]"
model_research,data/processed/predictions_oos_model_comparison.parquet,fold_id,str,23100,0.0,77,"[""1"", ""2"", ""3"", ""4"", ""5""]"
model_research,data/processed/predictions_oos_model_comparison.parquet,as_of_date,datetime64[ms],23100,0.0,77,"[""2020-01-31"", ""2020-02-28"", ""2020-03-31"", ""2020-04-30"", ""2020-05-29""]"
model_research,data/processed/predictions_oos_model_comparison.parquet,ticker,string,23100,0.0,50,"[""AAPL"", ""ABBV"", ""ABT"", ""AMZN"", ""APD""]"
model_research,data/processed/predictions_oos_model_comparison.parquet,sector,string,23100,0.0,11,"[""Information Technology"", ""Health Care"", ""Consumer Discretionary"", ""Materials"", ""Financials""]"
model_research,data/processed/predictions_oos_model_comparison.parquet,model_name,str,23100,0.0,6,"[""constant"", ""momentum_3m"", ""technical_equal_weight_composite"", ""elastic_net"", ""ridge""]"
model_research,data/processed/predictions_oos_model_comparison.parquet,prediction,float64,23100,0.0,17707,"[""0.0"", ""1.61255519531599"", ""-0.4174714507160426"", ""-0.3243450970231189"", ""-0.31665646743291215""]"
model_research,data/processed/predictions_oos_model_comparison.parquet,target_21d_excess,float64,23100,0.0,3850,"[""0.0010883318945900666"", ""0.14494649261206366"", ""-0.04090076012504534"", ""0.014453855592953813"", ""0.01655489234398938""]"
model_research,data/processed/predictions_oos_model_comparison.parquet,label_top_quintile,Int8,23100,0.0,2,"[""0"", ""1""]"
model_research,data/processed/predictions_oos_model_comparison.parquet,latest_fit_target_end_date,datetime64[ms],11550,0.5,55,"[""2020-01-31"", ""2020-03-30"", ""2020-04-30"", ""2020-06-29"", ""2020-07-30""]"
model_research,data/processed/predictions_oos_model_comparison.parquet,selected_alpha,float64,7700,0.6666666666666666,7,"[""0.001"", ""100.0"", ""0.01"", ""0.0001"", ""10.0""]"
model_research,data/processed/predictions_oos_model_comparison.parquet,selected_l1_ratio,float64,3850,0.8333333333333334,3,"[""0.5"", ""0.1"", ""0.9""]"
model_research,data/processed/predictions_oos_model_comparison.parquet,selected_candidate,str,3850,0.8333333333333334,4,"[""regularized"", ""balanced"", ""shallow"", ""flexible""]"
model_research,data/processed/predictions_oos_model_comparison.parquet,selected_estimators,float64,3850,0.8333333333333334,36,"[""67.0"", ""86.0"", ""42.0"", ""94.0"", ""123.0""]"
model_research,reports/tables/model_comparison_summary.csv,model_name,str,7,0.0,7,"[""constant"", ""elastic_net"", ""lightgbm_ranker"", ""lightgbm_regressor"", ""momentum_3m""]"
model_research,reports/tables/model_comparison_summary.csv,months,int64,7,0.0,1,"[""77""]"
model_research,reports/tables/model_comparison_summary.csv,valid_ic_months,int64,7,0.0,3,"[""0"", ""74"", ""77""]"
model_research,reports/tables/model_comparison_summary.csv,mean_ic,float64,6,0.14285714285714285,6,"[""0.0370708283313325"", ""0.0278429726180549"", ""0.0153139257635061"", ""-0.0046578631452581"", ""0.0197620866528429""]"
model_research,reports/tables/model_comparison_summary.csv,median_ic,float64,6,0.14285714285714285,6,"[""0.0424489795918367"", ""0.0152359959712637"", ""0.0307803121248499"", ""0.0057142857142857"", ""0.0043697478991596""]"
model_research,reports/tables/model_comparison_summary.csv,std_ic,float64,6,0.14285714285714285,6,"[""0.1871638369505872"", ""0.2334041696174414"", ""0.1955154979239669"", ""0.1935885008366962"", ""0.1697202901677736""]"
model_research,reports/tables/model_comparison_summary.csv,annualized_ic_ir,float64,6,0.14285714285714285,6,"[""0.6861214131390487"", ""0.4132354900708384"", ""0.2713288487856409"", ""-0.0833485004266361"", ""0.4033570542740228""]"
model_research,reports/tables/model_comparison_summary.csv,positive_ic_ratio,float64,6,0.14285714285714285,5,"[""0.5675675675675675"", ""0.5324675324675324"", ""0.5194805194805194"", ""0.5064935064935064"", ""0.5454545454545454""]"
model_research,reports/tables/model_comparison_summary.csv,mean_top_bottom_spread,float64,6,0.14285714285714285,6,"[""0.0105474344532927"", ""0.0113047140281838"", ""0.0054360780649666"", ""0.0045455919951683"", ""0.0094742455603726""]"
model_research,reports/tables/model_comparison_summary.csv,mean_top_quintile_precision,float64,6,0.14285714285714285,6,"[""0.2648648648648649"", ""0.2597402597402597"", ""0.2376623376623376"", ""0.2246753246753246"", ""0.251948051948052""]"
model_research,reports/tables/model_comparison_summary.csv,mean_top_quintile_turnover,float64,6,0.14285714285714285,6,"[""0.2690140845070422"", ""0.4368421052631578"", ""0.4171052631578948"", ""0.4407894736842105"", ""0.2907894736842105""]"
model_research,reports/tables/model_comparison_monthly_metrics.csv,model_name,str,539,0.0,7,"[""constant"", ""elastic_net"", ""lightgbm_ranker"", ""lightgbm_regressor"", ""momentum_3m""]"
model_research,reports/tables/model_comparison_monthly_metrics.csv,as_of_date,str,539,0.0,77,"[""2020-01-31"", ""2020-02-28"", ""2020-03-31"", ""2020-04-30"", ""2020-05-29""]"
model_research,reports/tables/model_comparison_monthly_metrics.csv,observations,int64,539,0.0,1,"[""50""]"
model_research,reports/tables/model_comparison_monthly_metrics.csv,ic,float64,459,0.14842300556586271,451,"[""0.1075150060024009"", ""-0.0650660264105642"", ""0.0723649459783913"", ""0.1963505402160864"", ""0.3350300120048019""]"
model_research,reports/tables/model_comparison_monthly_metrics.csv,q1_mean_excess_return,float64,459,0.14842300556586271,447,"[""-0.0170550428981987"", ""-0.0416817485553442"", ""0.0082738769897366"", ""0.0214851310943814"", ""0.0146591599328823""]"
model_research,reports/tables/model_comparison_monthly_metrics.csv,q2_mean_excess_return,float64,459,0.14842300556586271,456,"[""0.0037790968488078"", ""0.0443591180929572"", ""0.0125385686767383"", ""-0.0062634633522604"", ""-0.0154022241803719""]"
model_research,reports/tables/model_comparison_monthly_metrics.csv,q3_mean_excess_return,float64,459,0.14842300556586271,457,"[""0.0085703292158462"", ""0.0333514906430609"", ""-0.0016885971571506"", ""0.0055550380151321"", ""0.0034497702690461""]"
model_research,reports/tables/model_comparison_monthly_metrics.csv,q4_mean_excess_return,float64,459,0.14842300556586271,455,"[""-0.0179340686895273"", ""0.0124611796504649"", ""-0.0182164030263817"", ""0.0118716871926411"", ""0.0227136829216033""]"
model_research,reports/tables/model_comparison_monthly_metrics.csv,q5_mean_excess_return,float64,459,0.14842300556586271,445,"[""0.0414905213955179"", ""-0.0534129773575272"", ""0.0424118226382691"", ""0.0425535441216369"", ""0.0810854815619281""]"
model_research,reports/tables/model_comparison_monthly_metrics.csv,top_bottom_spread,float64,459,0.14842300556586271,452,"[""0.0585455642937167"", ""-0.0117312288021829"", ""0.0341379456485325"", ""0.0210684130272555"", ""0.0664263216290458""]"
model_research,reports/tables/model_comparison_monthly_metrics.csv,top_quintile_precision,float64,459,0.14842300556586271,8,"[""0.4"", ""0.1"", ""0.2"", ""0.6"", ""0.3""]"
model_research,reports/tables/model_comparison_monthly_metrics.csv,top_quintile_turnover,float64,451,0.16326530612244897,10,"[""0.3"", ""0.4"", ""0.1999999999999999"", ""0.0999999999999999"", ""0.5""]"
model_research,reports/tables/model_yearly_stability.csv,model_name,str,42,0.0,6,"[""constant"", ""elastic_net"", ""lightgbm_regressor"", ""momentum_3m"", ""ridge""]"
model_research,reports/tables/model_yearly_stability.csv,year,int64,42,0.0,7,"[""2020"", ""2021"", ""2022"", ""2023"", ""2024""]"
model_research,reports/tables/model_yearly_stability.csv,months,int64,42,0.0,2,"[""12"", ""5""]"
model_research,reports/tables/model_yearly_stability.csv,valid_ic_months,int64,42,0.0,5,"[""0"", ""12"", ""10"", ""4"", ""5""]"
model_research,reports/tables/model_yearly_stability.csv,mean_ic,float64,35,0.16666666666666666,35,"[""0.0785674269707882"", ""0.0393837535014005"", ""-0.0405378151260504"", ""0.0395118047218887"", ""0.0933813525410163""]"
model_research,reports/tables/model_yearly_stability.csv,median_ic,float64,35,0.16666666666666666,35,"[""0.0939735894357742"", ""0.0141656662665065"", ""-0.0448019207683073"", ""-0.0167106842737094"", ""0.1258103241296518""]"
model_research,reports/tables/model_yearly_stability.csv,positive_ic_ratio,float64,35,0.16666666666666666,10,"[""0.75"", ""0.5"", ""0.4166666666666667"", ""0.5833333333333334"", ""0.25""]"
model_research,reports/tables/model_yearly_stability.csv,mean_top_bottom_spread,float64,35,0.16666666666666666,35,"[""0.0256443628000921"", ""0.0043732368914786"", ""-0.0116820152813889"", ""0.0190704246545031"", ""0.0226949915162248""]"
model_research,reports/tables/model_yearly_stability.csv,mean_top_quintile_precision,float64,35,0.16666666666666666,22,"[""0.3166666666666667"", ""0.2749999999999999"", ""0.19"", ""0.2416666666666667"", ""0.3083333333333333""]"
model_research,reports/tables/model_yearly_stability.csv,mean_top_quintile_turnover,float64,35,0.16666666666666666,29,"[""0.2727272727272726"", ""0.2666666666666665"", ""0.2777777777777778"", ""0.2583333333333332"", ""0.2833333333333332""]"
model_research,reports/tables/model_sector_stability.csv,model_name,str,48,0.0,6,"[""constant"", ""elastic_net"", ""lightgbm_regressor"", ""momentum_3m"", ""ridge""]"
model_research,reports/tables/model_sector_stability.csv,sector,str,48,0.0,8,"[""Communication Services"", ""Consumer Discretionary"", ""Consumer Staples"", ""Energy"", ""Financials""]"
model_research,reports/tables/model_sector_stability.csv,sector_months,int64,48,0.0,1,"[""77""]"
model_research,reports/tables/model_sector_stability.csv,valid_ic_months,int64,48,0.0,8,"[""0"", ""74"", ""75"", ""67"", ""66""]"
model_research,reports/tables/model_sector_stability.csv,mean_sector_ic,float64,40,0.16666666666666666,39,"[""0.0162162162162162"", ""0.0247104247104247"", ""0.1027027027027027"", ""0.0067567567567567"", ""0.0106177606177606""]"
model_research,reports/tables/model_sector_stability.csv,median_sector_ic,float64,40,0.16666666666666666,19,"[""0.0999999999999999"", ""0.0285714285714285"", ""0.5"", ""0.0"", ""-0.0499999999999999""]"
model_research,reports/tables/model_sector_stability.csv,positive_ic_ratio,float64,40,0.16666666666666666,27,"[""0.5"", ""0.5540540540540541"", ""0.527027027027027"", ""0.5135135135135135"", ""0.4864864864864865""]"
model_research,reports/tables/lightgbm_ranker_feature_importance_summary.csv,feature,str,91,0.0,91,"[""tech__average_dollar_volume_20d_sector_neutral"", ""tech__amihud_illiquidity_20d_sector_neutral"", ""tech__volatility_60d_sector_neutral"", ""tech__momentum_6_1_sector_neutral"", ""tech__sma_50_200_spread_sector_neutral""]"
model_research,reports/tables/lightgbm_ranker_feature_importance_summary.csv,mean_gain,float64,91,0.0,84,"[""188.1087290836232"", ""141.00551887417768"", ""124.42657334076894"", ""83.30658726916684"", ""61.79621129850676""]"
model_research,reports/tables/lightgbm_ranker_feature_importance_summary.csv,mean_gain_share,float64,91,0.0,84,"[""0.1845879933783155"", ""0.1348548153617209"", ""0.0909240101074004"", ""0.0658751301980435"", ""0.051605954393035""]"
model_research,reports/tables/lightgbm_ranker_feature_importance_summary.csv,median_gain_share,float64,91,0.0,41,"[""0.1797770970641257"", ""0.143704437286651"", ""0.096073836749756"", ""0.0512381350581495"", ""0.0460611931617791""]"
model_research,reports/tables/lightgbm_ranker_feature_importance_summary.csv,mean_split_count,float64,91,0.0,68,"[""16.207792207792206"", ""17.376623376623378"", ""9.987012987012989"", ""10.181818181818182"", ""9.584415584415584""]"
model_research,reports/tables/lightgbm_ranker_feature_importance_summary.csv,folds_used,int64,91,0.0,49,"[""75"", ""67"", ""64"", ""69"", ""77""]"
model_research,reports/tables/ensemble_candidate_summary.csv,model_name,str,3,0.0,3,"[""core_percentile_ensemble"", ""equal_percentile_ensemble"", ""validation_weighted_ensemble""]"
model_research,reports/tables/ensemble_candidate_summary.csv,months,int64,3,0.0,1,"[""77""]"
model_research,reports/tables/ensemble_candidate_summary.csv,valid_ic_months,int64,3,0.0,1,"[""77""]"
model_research,reports/tables/ensemble_candidate_summary.csv,mean_ic,float64,3,0.0,3,"[""0.0463795222658556"", ""0.0438202043248026"", ""0.0405140856535997""]"
model_research,reports/tables/ensemble_candidate_summary.csv,median_ic,float64,3,0.0,3,"[""0.0605100132455382"", ""0.0553260979712295"", ""0.0188715486194477""]"
model_research,reports/tables/ensemble_candidate_summary.csv,std_ic,float64,3,0.0,3,"[""0.1694196479951235"", ""0.1985522313346874"", ""0.2088568584464107""]"
model_research,reports/tables/ensemble_candidate_summary.csv,annualized_ic_ir,float64,3,0.0,3,"[""0.9483160890234664"", ""0.7645224612023588"", ""0.6719669662391017""]"
model_research,reports/tables/ensemble_candidate_summary.csv,positive_ic_ratio,float64,3,0.0,2,"[""0.5844155844155844"", ""0.5454545454545454""]"
model_research,reports/tables/ensemble_candidate_summary.csv,mean_top_bottom_spread,float64,3,0.0,3,"[""0.0135655255399571"", ""0.0117799543516973"", ""0.0123083855880075""]"
model_research,reports/tables/ensemble_candidate_summary.csv,mean_top_quintile_precision,float64,3,0.0,2,"[""0.2545454545454546"", ""0.2597402597402597""]"
model_research,reports/tables/ensemble_candidate_summary.csv,mean_top_quintile_turnover,float64,3,0.0,3,"[""0.4092105263157894"", ""0.3657894736842106"", ""0.3697368421052631""]"
model_research,reports/tables/ensemble_signal_correlations.csv,signal_a,str,3,0.0,2,"[""composite"", ""elastic_net""]"
model_research,reports/tables/ensemble_signal_correlations.csv,signal_b,str,3,0.0,2,"[""elastic_net"", ""lightgbm_ranker""]"
model_research,reports/tables/ensemble_signal_correlations.csv,months,int64,3,0.0,2,"[""74"", ""77""]"
model_research,reports/tables/ensemble_signal_correlations.csv,mean_spearman,float64,3,0.0,3,"[""0.507007559780669"", ""0.376752217341916"", ""0.4191575658249332""]"
model_research,reports/tables/ensemble_signal_correlations.csv,median_spearman,float64,3,0.0,3,"[""0.5089555822328932"", ""0.4002654750826395"", ""0.4398159417463323""]"
model_research,reports/tables/ensemble_signal_correlations.csv,minimum_spearman,float64,3,0.0,3,"[""-0.0084033613445378"", ""-0.2250116316099098"", ""-0.0653737089536266""]"
model_research,reports/tables/ensemble_signal_correlations.csv,maximum_spearman,float64,3,0.0,3,"[""0.758079231692677"", ""0.6873949579831932"", ""0.7844879935060445""]"
risk,data/processed/risk_estimates.parquet,as_of_date,datetime64[ms],3850,0.0,77,"[""2020-01-31"", ""2020-02-28"", ""2020-03-31"", ""2020-04-30"", ""2020-05-29""]"
risk,data/processed/risk_estimates.parquet,ticker,str,3850,0.0,50,"[""AAPL"", ""ABBV"", ""ABT"", ""AMZN"", ""APD""]"
risk,data/processed/risk_estimates.parquet,sector,str,3850,0.0,11,"[""Information Technology"", ""Health Care"", ""Consumer Discretionary"", ""Materials"", ""Financials""]"
risk,data/processed/risk_estimates.parquet,annualized_volatility,float64,3850,0.0,3850,"[""0.2342054568792623"", ""0.2506075220944388"", ""0.17988779509290456"", ""0.21863867875837878"", ""0.19289164583958535""]"
risk,data/processed/risk_estimates.parquet,annualized_downside_volatility,float64,3850,0.0,3850,"[""0.15324779874166644"", ""0.20237303885346836"", ""0.1286057838783796"", ""0.14714390230647573"", ""0.13183928180730678""]"
risk,data/processed/risk_estimates.parquet,beta_vs_spy,float64,3850,0.0,3850,"[""1.463500329743016"", ""0.8985770256153801"", ""0.9885464178428659"", ""1.0979532604611182"", ""0.8699614080616261""]"
risk,data/processed/risk_estimates.parquet,correlation_vs_spy,float64,3850,0.0,3850,"[""0.7403740363704263"", ""0.4248313657356495"", ""0.651104554970466"", ""0.5949935036562731"", ""0.5343698349057115""]"
risk,data/processed/risk_estimates.parquet,average_dollar_volume,float64,3850,0.0,3850,"[""8262776629.844869"", ""686482755.26474"", ""418613907.27775574"", ""6096037471.1458845"", ""260010082.51368204""]"
risk,data/processed/risk_estimates.parquet,median_dollar_volume,float64,3850,0.0,3778,"[""7977239362.445068"", ""633276352.3757935"", ""390444716.6469574"", ""5383750270.027161"", ""241688455.2772522""]"
risk,data/processed/risk_estimates.parquet,latest_close,float64,3850,0.0,3698,"[""77.37750244140625"", ""81.0199966430664"", ""87.13999938964844"", ""100.43599700927734"", ""238.7100067138672""]"
risk,data/processed/risk_estimates.parquet,latest_volume,float64,3850,0.0,3809,"[""199588400.0"", ""13870100.0"", ""5914100.0"", ""311346000.0"", ""1596400.0""]"
risk,data/processed/risk_estimates.parquet,return_observations,int64,3850,0.0,1,"[""252""]"
risk,data/processed/risk_estimates.parquet,beta_observations,int64,3850,0.0,1,"[""252""]"
risk,data/processed/risk_estimates.parquet,liquidity_observations,int64,3850,0.0,1,"[""60""]"
risk,data/processed/risk_estimates.parquet,risk_window_start_date,datetime64[ms],3850,0.0,77,"[""2019-02-01"", ""2019-03-01"", ""2019-04-02"", ""2019-05-02"", ""2019-05-31""]"
risk,data/processed/risk_estimates.parquet,risk_window_end_date,datetime64[ms],3850,0.0,77,"[""2020-01-31"", ""2020-02-28"", ""2020-03-31"", ""2020-04-30"", ""2020-05-29""]"
risk,data/processed/risk_estimates.parquet,latest_market_date,datetime64[ms],3850,0.0,77,"[""2020-01-31"", ""2020-02-28"", ""2020-03-31"", ""2020-04-30"", ""2020-05-29""]"
risk,data/processed/risk_estimates.parquet,latest_spy_date,datetime64[ms],3850,0.0,77,"[""2020-01-31"", ""2020-02-28"", ""2020-03-31"", ""2020-04-30"", ""2020-05-29""]"
risk,reports/tables/all_method_risk_summary.csv,as_of_date,str,385,0.0,77,"[""2020-01-31"", ""2020-02-28"", ""2020-03-31"", ""2020-04-30"", ""2020-05-29""]"
risk,reports/tables/all_method_risk_summary.csv,positions,int64,385,0.0,1,"[""25""]"
risk,reports/tables/all_method_risk_summary.csv,portfolio_value,float64,385,0.0,1,"[""1000000.0""]"
risk,reports/tables/all_method_risk_summary.csv,predicted_volatility,float64,385,0.0,385,"[""0.1351932374705512"", ""0.1523733775445281"", ""0.3098359945582762"", ""0.3128999456794469"", ""0.3132841017365017""]"
risk,reports/tables/all_method_risk_summary.csv,predicted_variance,float64,385,0.0,385,"[""0.0182772114577688"", ""0.0232176461843273"", ""0.0959983435239162"", ""0.0979063760062008"", ""0.0981469284008467""]"
risk,reports/tables/all_method_risk_summary.csv,portfolio_beta_vs_spy,float64,385,0.0,385,"[""1.0955139388923965"", ""1.0919645962669975"", ""1.0926331281277817"", ""1.0195962945758854"", ""1.0063916474268106""]"
risk,reports/tables/all_method_risk_summary.csv,maximum_weight,float64,385,0.0,162,"[""0.049999"", ""0.0499989999597568"", ""0.049999002038084"", ""0.0499990006872804"", ""0.0499990000249045""]"
risk,reports/tables/all_method_risk_summary.csv,minimum_weight,float64,385,0.0,38,"[""0.0"", ""1.4271921635231614e-08"", ""1.5113044596599638e-08"", ""1.6680220892850665e-08"", ""3.22322345862645e-08""]"
risk,reports/tables/all_method_risk_summary.csv,concentration_hhi,float64,385,0.0,253,"[""0.0491625410775785"", ""0.0499980001573916"", ""0.0488051361667072"", ""0.0488367030756452"", ""0.0488611905954745""]"
risk,reports/tables/all_method_risk_summary.csv,effective_positions,float64,385,0.0,259,"[""20.34068984396065"", ""20.00079996903959"", ""20.48964675734593"", ""20.476402726266286"", ""20.466140669372457""]"
risk,reports/tables/all_method_risk_summary.csv,maximum_sector_weight,float64,385,0.0,246,"[""0.2000159999999999"", ""0.2499949991910793"", ""0.1683863506271319"", ""0.2316256440978311"", ""0.2499949991661455""]"
risk,reports/tables/all_method_risk_summary.csv,maximum_active_sector_weight,float64,385,0.0,261,"[""0.090001"", ""0.1"", ""0.0699970024533852"", ""0.1116256440978311"", ""0.1099949991661455""]"
risk,reports/tables/all_method_risk_summary.csv,maximum_position_adv_fraction,float64,385,0.0,383,"[""0.0002030454231681"", ""0.0001733530168632"", ""0.0001444252826642"", ""0.0001512274958152"", ""0.0001379350606258""]"
risk,reports/tables/all_method_risk_summary.csv,weighted_position_adv_fraction,float64,385,0.0,385,"[""7.147351262894168e-05"", ""7.178357850229038e-05"", ""5.0907046045129785e-05"", ""4.950309083230282e-05"", ""4.778469766365538e-05""]"
risk,reports/tables/all_method_risk_summary.csv,maximum_liquidation_days,float64,385,0.0,383,"[""0.002030454231681"", ""0.0017335301686328"", ""0.0014442528266428"", ""0.0015122749581526"", ""0.0013793506062581""]"
risk,reports/tables/all_method_risk_summary.csv,weighted_liquidation_days,float64,385,0.0,385,"[""0.0007147351262894"", ""0.0007178357850229"", ""0.0005090704604512"", ""0.000495030908323"", ""0.0004778469766365""]"
risk,reports/tables/all_method_risk_summary.csv,risk_contribution_sum,float64,385,0.0,385,"[""0.1351932374705512"", ""0.1523733775445281"", ""0.3098359945582762"", ""0.3128999456794469"", ""0.3132841017365017""]"
risk,reports/tables/all_method_risk_summary.csv,method,str,385,0.0,5,"[""alpha_risk_turnover"", ""cvar"", ""median_mad_de"", ""score_weighted"", ""top_n_equal_weight""]"
risk,reports/tables/covariance_diagnostics.csv,as_of_date,str,77,0.0,77,"[""2020-01-31"", ""2020-02-28"", ""2020-03-31"", ""2020-04-30"", ""2020-05-29""]"
risk,reports/tables/covariance_diagnostics.csv,assets,int64,77,0.0,1,"[""50""]"
risk,reports/tables/covariance_diagnostics.csv,observations,int64,77,0.0,1,"[""252""]"
risk,reports/tables/covariance_diagnostics.csv,window_start_date,str,77,0.0,77,"[""2019-02-01"", ""2019-03-01"", ""2019-04-02"", ""2019-05-02"", ""2019-05-31""]"
risk,reports/tables/covariance_diagnostics.csv,window_end_date,str,77,0.0,77,"[""2020-01-31"", ""2020-02-28"", ""2020-03-31"", ""2020-04-30"", ""2020-05-29""]"
risk,reports/tables/covariance_diagnostics.csv,shrinkage,float64,77,0.0,77,"[""0.0568667959383315"", ""0.0564606247359243"", ""0.0968854451035656"", ""0.076892686632678"", ""0.0733704875930188""]"
risk,reports/tables/covariance_diagnostics.csv,minimum_eigenvalue,float64,77,0.0,77,"[""0.005288431109841"", ""0.0059381799486803"", ""0.0186965852584174"", ""0.017629819816556"", ""0.0177720404462117""]"
risk,reports/tables/covariance_diagnostics.csv,maximum_eigenvalue,float64,77,0.0,77,"[""0.8271928837984657"", ""1.055437781980836"", ""4.527249328886393"", ""5.309156287645415"", ""5.472594983258068""]"
risk,reports/tables/covariance_diagnostics.csv,sample_condition_number,float64,77,0.0,77,"[""358.0425370904893"", ""418.87750638047686"", ""1543.3486338606767"", ""1523.2338380231906"", ""1426.6179520219505""]"
risk,reports/tables/covariance_diagnostics.csv,shrinkage_condition_number,float64,77,0.0,77,"[""156.41555437097077"", ""177.73758813344674"", ""242.1431114993678"", ""301.146372616901"", ""307.9328454051866""]"
risk,reports/tables/covariance_diagnostics.csv,mean_pairwise_correlation,float64,77,0.0,77,"[""0.2713662805096656"", ""0.3212655924164985"", ""0.5418012135843053"", ""0.5630739188381498"", ""0.5588783774256286""]"
risk,reports/tables/covariance_diagnostics.csv,median_pairwise_correlation,float64,77,0.0,77,"[""0.2726473161927005"", ""0.3239826262911967"", ""0.5491526646350621"", ""0.5772550784682944"", ""0.5719101951616162""]"
risk,reports/tables/covariance_diagnostics.csv,maximum_pairwise_correlation,float64,77,0.0,77,"[""0.8288121203155432"", ""0.838814936659164"", ""0.8721019773734837"", ""0.8952875773588334"", ""0.9017989691057428""]"
risk,reports/tables/covariance_diagnostics.csv,minimum_pairwise_correlation,float64,77,0.0,77,"[""-0.2545164938190484"", ""-0.1698409094488682"", ""0.1079404015220016"", ""0.1267031425458206"", ""0.1217528951932187""]"
risk,reports/tables/reference_portfolio_risk_contributions.csv,as_of_date,str,1540,0.0,77,"[""2020-01-31"", ""2020-02-28"", ""2020-03-31"", ""2020-04-30"", ""2020-05-29""]"
risk,reports/tables/reference_portfolio_risk_contributions.csv,ticker,str,1540,0.0,48,"[""NVDA"", ""TSLA"", ""QCOM"", ""AVGO"", ""EOG""]"
risk,reports/tables/reference_portfolio_risk_contributions.csv,sector,str,1540,0.0,11,"[""Information Technology"", ""Consumer Discretionary"", ""Energy"", ""Communication Services"", ""Industrials""]"
risk,reports/tables/reference_portfolio_risk_contributions.csv,weight,float64,1540,0.0,1,"[""0.05""]"
risk,reports/tables/reference_portfolio_risk_contributions.csv,annualized_volatility,float64,1540,0.0,1540,"[""0.3550224153675146"", ""0.4924909398905464"", ""0.3989169580682462"", ""0.2865840281688944"", ""0.344801017491229""]"
risk,reports/tables/reference_portfolio_risk_contributions.csv,beta_vs_spy,float64,1540,0.0,1540,"[""2.191999900159055"", ""1.3088685177662378"", ""1.4168428743145831"", ""1.4899059402322692"", ""1.360714997248098""]"
risk,reports/tables/reference_portfolio_risk_contributions.csv,marginal_risk,float64,1540,0.0,1540,"[""0.2747513628127737"", ""0.228300600262049"", ""0.2196783364817674"", ""0.1871611755620747"", ""0.1756112524128349""]"
risk,reports/tables/reference_portfolio_risk_contributions.csv,component_risk,float64,1540,0.0,1540,"[""0.0137375681406386"", ""0.0114150300131024"", ""0.0109839168240883"", ""0.0093580587781037"", ""0.0087805626206417""]"
risk,reports/tables/reference_portfolio_risk_contributions.csv,risk_contribution_share,float64,1540,0.0,1540,"[""0.0944984184843088"", ""0.0785220697102908"", ""0.0755565146620839"", ""0.0643725108811648"", ""0.0604000120369562""]"
risk,reports/tables/reference_portfolio_risk_contributions.csv,position_notional,float64,1540,0.0,1,"[""50000.0""]"
risk,reports/tables/reference_portfolio_risk_contributions.csv,average_dollar_volume,float64,1540,0.0,1540,"[""1822566390.4758136"", ""5761000837.53128"", ""869261694.6102778"", ""763649834.9453291"", ""315053247.7028529""]"
risk,reports/tables/reference_portfolio_risk_contributions.csv,position_adv_fraction,float64,1540,0.0,1540,"[""2.7433842882917755e-05"", ""8.679047514498564e-06"", ""5.752007745195404e-05"", ""6.54750354311012e-05"", ""0.0001587033314671""]"
risk,reports/tables/reference_portfolio_risk_contributions.csv,liquidation_days,float64,1540,0.0,1540,"[""0.0002743384288291"", ""8.679047514498565e-05"", ""0.0005752007745195"", ""0.000654750354311"", ""0.0015870333146718""]"
execution,data/processed/trades_all_methods_net.parquet,signal_date,datetime64[ms],10804,0.0,77,"[""2020-01-31"", ""2020-02-28"", ""2020-03-31"", ""2020-04-30"", ""2020-05-29""]"
execution,data/processed/trades_all_methods_net.parquet,execution_date,datetime64[ms],10804,0.0,77,"[""2020-02-03"", ""2020-03-02"", ""2020-04-01"", ""2020-05-01"", ""2020-06-01""]"
execution,data/processed/trades_all_methods_net.parquet,strategy_name,str,10804,0.0,5,"[""alpha_risk_turnover"", ""cvar"", ""median_mad_de"", ""score_weighted"", ""top_n_equal_weight""]"
execution,data/processed/trades_all_methods_net.parquet,ticker,str,10804,0.0,50,"[""AAPL"", ""ABBV"", ""AMZN"", ""AVGO"", ""CAT""]"
execution,data/processed/trades_all_methods_net.parquet,sector,str,10804,0.0,11,"[""Information Technology"", ""Health Care"", ""Consumer Discretionary"", ""Industrials"", ""Consumer Staples""]"
execution,data/processed/trades_all_methods_net.parquet,side,str,10804,0.0,2,"[""BUY"", ""SELL""]"
execution,data/processed/trades_all_methods_net.parquet,execution_price,float64,10804,0.0,2314,"[""73.28515870612867"", ""62.77103566558249"", ""100.52999877929688"", ""26.19716712133869"", ""116.12811097613623""]"
execution,data/processed/trades_all_methods_net.parquet,pre_trade_shares,float64,10804,0.0,8790,"[""0.0"", ""681.9036412610812"", ""796.1222248799997"", ""497.09954420487725"", ""1907.5885701931459""]"
execution,data/processed/trades_all_methods_net.parquet,target_shares,float64,10804,0.0,8907,"[""681.9036412610812"", ""796.1222248799997"", ""497.09954420487725"", ""1907.5885701931459"", ""430.33005662491706""]"
execution,data/processed/trades_all_methods_net.parquet,trade_shares,float64,10804,0.0,10804,"[""681.9036412610812"", ""796.1222248799997"", ""497.09954420487725"", ""1907.5885701931459"", ""430.33005662491706""]"
execution,data/processed/trades_all_methods_net.parquet,pre_trade_weight,float64,10804,0.0,8790,"[""0.0"", ""0.049194252420936946"", ""0.055957865080348515"", ""0.05016670520366182"", ""0.04790868288325985""]"
execution,data/processed/trades_all_methods_net.parquet,target_weight,float64,10804,0.0,4061,"[""0.049999000000000016"", ""0.04999899999999999"", ""0.04999900000000001"", ""0.049999"", ""0.03938814524352944""]"
execution,data/processed/trades_all_methods_net.parquet,trade_notional,float64,10804,0.0,10170,"[""49973.41657210537"", ""49973.41657210534"", ""49973.416572105365"", ""49973.41657210536"", ""39367.991164973035""]"
execution,data/processed/trades_all_methods_net.parquet,absolute_trade_notional,float64,10804,0.0,10170,"[""49973.41657210537"", ""49973.41657210534"", ""49973.416572105365"", ""49973.41657210536"", ""39367.991164973035""]"
execution,data/processed/trades_all_methods_net.parquet,transaction_cost,float64,10804,0.0,10804,"[""25.168026860699694"", ""25.659820667672513"", ""25.18377418248747"", ""25.716523889867535"", ""25.82525138227408""]"
execution,data/processed/trades_all_methods_net.parquet,annualized_volatility,float64,10804,0.0,2314,"[""0.2342054568792623"", ""0.2506075220944388"", ""0.21863867875837878"", ""0.28658402816889444"", ""0.2420477633353527""]"
execution,data/processed/trades_all_methods_net.parquet,average_dollar_volume,float64,10804,0.0,2314,"[""8262776629.844869"", ""686482755.26474"", ""6096037471.1458845"", ""763649834.9453291"", ""412636801.2186432""]"
execution,data/processed/trades_all_methods_net.parquet,commission_cost,float64,10804,0.0,10169,"[""2.4986708286052686"", ""2.4986708286052672"", ""2.498670828605268"", ""1.9683995582486518"", ""2.4986708286052677""]"
execution,data/processed/trades_all_methods_net.parquet,spread_cost,float64,10804,0.0,10169,"[""9.994683314421074"", ""9.994683314421069"", ""9.994683314421072"", ""7.873598232994607"", ""9.99468331442107""]"
execution,data/processed/trades_all_methods_net.parquet,slippage_cost,float64,10804,0.0,10170,"[""12.493354143026343"", ""12.493354143026336"", ""12.493354143026341"", ""12.49335414302634"", ""9.841997791243259""]"
execution,data/processed/trades_all_methods_net.parquet,market_impact_cost,float64,10804,0.0,10804,"[""0.1813185746470096"", ""0.67311238161984"", ""0.19706589643479605"", ""0.7298156038148517"", ""0.8385430962214053""]"
execution,data/processed/trades_all_methods_net.parquet,total_execution_cost,float64,10804,0.0,10804,"[""25.168026860699694"", ""25.659820667672513"", ""25.18377418248747"", ""25.716523889867535"", ""25.825251382274086""]"
execution,data/processed/trades_all_methods_net.parquet,linear_cost_bps,float64,10804,0.0,1,"[""5.0""]"
execution,data/processed/trades_all_methods_net.parquet,market_impact_bps,float64,10804,0.0,10804,"[""0.03628300546259222"", ""0.13469408893598933"", ""0.039434145182059906"", ""0.1460407660464478"", ""0.16779783207567828""]"
execution,data/processed/trades_all_methods_net.parquet,effective_cost_bps,float64,10804,0.0,10804,"[""5.036283005462592"", ""5.13469408893599"", ""5.03943414518206"", ""5.146040766046449"", ""5.167797832075679""]"
execution,data/processed/trades_all_methods_net.parquet,order_adv_fraction,float64,10804,0.0,10804,"[""6.048017368834962e-06"", ""7.279631744403141e-05"", ""8.197688549101346e-06"", ""6.544022441343557e-05"", ""0.0001211075125255879""]"
execution,reports/tables/all_methods_execution_summary.csv,strategy_name,str,5,0.0,5,"[""alpha_risk_turnover"", ""cvar"", ""median_mad_de"", ""score_weighted"", ""top_n_equal_weight""]"
execution,reports/tables/all_methods_execution_summary.csv,start_date,str,5,0.0,1,"[""2020-02-03""]"
execution,reports/tables/all_methods_execution_summary.csv,end_date,str,5,0.0,1,"[""2026-06-30""]"
execution,reports/tables/all_methods_execution_summary.csv,trading_days,int64,5,0.0,1,"[""1610""]"
execution,reports/tables/all_methods_execution_summary.csv,rebalances,int64,5,0.0,1,"[""77""]"
execution,reports/tables/all_methods_execution_summary.csv,initial_capital,float64,5,0.0,1,"[""1000000.0""]"
execution,reports/tables/all_methods_execution_summary.csv,final_portfolio_value,float64,5,0.0,5,"[""3445326.3420354966"", ""3288685.2266263985"", ""3611485.121311185"", ""4040172.810593051"", ""3800724.296824217""]"
execution,reports/tables/all_methods_execution_summary.csv,preliminary_total_return,float64,5,0.0,5,"[""2.4453263420354965"", ""2.2886852266263986"", ""2.611485121311185"", ""3.0401728105930506"", ""2.8007242968242174""]"
execution,reports/tables/all_methods_execution_summary.csv,total_transaction_cost,float64,5,0.0,5,"[""39028.737777649"", ""31302.25994937361"", ""43920.972431088434"", ""42012.90342213739"", ""37921.48231667547""]"
execution,reports/tables/all_methods_execution_summary.csv,total_traded_notional,float64,5,0.0,5,"[""75656641.48262064"", ""60689100.08107729"", ""85124168.66447785"", ""81775981.91486195"", ""73629944.631301""]"
execution,reports/tables/all_methods_execution_summary.csv,mean_two_way_turnover,float64,5,0.0,5,"[""0.5105777139829167"", ""0.428880579378212"", ""0.581441329938686"", ""0.5048087659038759"", ""0.470314419458003""]"
execution,reports/tables/all_methods_execution_summary.csv,mean_one_way_turnover,float64,5,0.0,5,"[""0.2619074396770168"", ""0.2210377906608488"", ""0.2973575715309161"", ""0.259020939917959"", ""0.2417651989986968""]"
execution,reports/tables/all_methods_execution_summary.csv,mean_holdings,float64,5,0.0,4,"[""21.40124223602485"", ""23.396273291925464"", ""21.288198757763976"", ""25.0""]"
execution,reports/tables/all_methods_execution_summary.csv,minimum_holdings,int64,5,0.0,2,"[""21"", ""25""]"
execution,reports/tables/all_methods_execution_summary.csv,maximum_holdings,int64,5,0.0,3,"[""23"", ""25"", ""22""]"
execution,reports/tables/all_methods_execution_summary.csv,maximum_absolute_cash,float64,5,0.0,5,"[""0.0078418811419851"", ""1.0358689905842766e-08"", ""9.67941105045611e-09"", ""1.0109431514138125e-08"", ""9.729774319566786e-09""]"
execution,reports/tables/all_methods_execution_summary.csv,maximum_absolute_cash_weight,float64,5,0.0,5,"[""3.376079138761248e-09"", ""9.971349040087216e-15"", ""1.2991404306198736e-14"", ""6.0592082960476274e-15"", ""1.2044931844724403e-14""]"
execution,reports/tables/all_methods_execution_cost_components.csv,strategy_name,str,5,0.0,5,"[""alpha_risk_turnover"", ""cvar"", ""median_mad_de"", ""score_weighted"", ""top_n_equal_weight""]"
execution,reports/tables/all_methods_execution_cost_components.csv,trades,int64,5,0.0,4,"[""2004"", ""2117"", ""2055"", ""2314""]"
execution,reports/tables/all_methods_execution_cost_components.csv,traded_notional,float64,5,0.0,5,"[""75656641.48262064"", ""60689099.961126864"", ""85124168.66447785"", ""81775981.91486196"", ""73629944.631301""]"
execution,reports/tables/all_methods_execution_cost_components.csv,commission_cost,float64,5,0.0,5,"[""3782.8320741310326"", ""3034.454998056344"", ""4256.208433223893"", ""4088.799095743098"", ""3681.49723156505""]"
execution,reports/tables/all_methods_execution_cost_components.csv,spread_cost,float64,5,0.0,5,"[""15131.32829652413"", ""12137.819992225372"", ""17024.83373289557"", ""16355.196382972392"", ""14725.9889262602""]"
execution,reports/tables/all_methods_execution_cost_components.csv,slippage_cost,float64,5,0.0,5,"[""18914.16037065516"", ""15172.274990281716"", ""21281.042166119467"", ""20443.99547871549"", ""18407.48615782525""]"
execution,reports/tables/all_methods_execution_cost_components.csv,market_impact_cost,float64,5,0.0,5,"[""1200.4170363386852"", ""957.7099088343252"", ""1358.8880988495011"", ""1124.9124647064018"", ""1106.5100010249694""]"
execution,reports/tables/all_methods_execution_cost_components.csv,total_execution_cost,float64,5,0.0,5,"[""39028.73777764901"", ""31302.25988939776"", ""43920.972431088434"", ""42012.90342213738"", ""37921.48231667547""]"
execution,reports/tables/all_methods_execution_cost_components.csv,maximum_order_adv_fraction,float64,5,0.0,5,"[""0.0005071792162864"", ""0.000483018999429"", ""0.0005205522147061"", ""0.0004337486498654"", ""0.000449330992968""]"
execution,reports/tables/all_methods_execution_cost_components.csv,effective_cost_bps,float64,5,0.0,5,"[""5.158666445247168"", ""5.157805917281318"", ""5.159635990596941"", ""5.137560251600227"", ""5.15027989041222""]"
execution,reports/tables/transaction_cost_sensitivity.csv,scenario,str,30,0.0,6,"[""linear_0bps"", ""linear_5bps"", ""linear_10bps"", ""linear_20bps"", ""linear_50bps""]"
execution,reports/tables/transaction_cost_sensitivity.csv,linear_cost_bps,float64,30,0.0,5,"[""0.0"", ""5.0"", ""10.0"", ""20.0"", ""50.0""]"
execution,reports/tables/transaction_cost_sensitivity.csv,liquidity_model,bool,30,0.0,2,"[""False"", ""True""]"
execution,reports/tables/transaction_cost_sensitivity.csv,strategy_name,str,30,0.0,5,"[""alpha_risk_turnover"", ""cvar"", ""median_mad_de"", ""score_weighted"", ""top_n_equal_weight""]"
execution,reports/tables/transaction_cost_sensitivity.csv,final_portfolio_value,float64,30,0.0,30,"[""3515938.9028036115"", ""3447490.3689066004"", ""3380380.372310791"", ""3250070.8344114227"", ""2888627.177502417""]"
execution,reports/tables/transaction_cost_sensitivity.csv,total_return,float64,30,0.0,30,"[""2.515938902803612"", ""2.4474903689066005"", ""2.3803803723107912"", ""2.250070834411422"", ""1.8886271775024173""]"
execution,reports/tables/transaction_cost_sensitivity.csv,cagr,float64,30,0.0,30,"[""0.2174954223434131"", ""0.21375467025463"", ""0.2100257464782242"", ""0.2026032008742713"", ""0.1806148285872351""]"
execution,reports/tables/transaction_cost_sensitivity.csv,annualized_volatility,float64,30,0.0,30,"[""0.2143978458414608"", ""0.2143951410900722"", ""0.2143962300095192"", ""0.2144097706984997"", ""0.2145409341784087""]"
execution,reports/tables/transaction_cost_sensitivity.csv,sharpe_ratio,float64,30,0.0,30,"[""1.0259921313260971"", ""1.0116393195432858"", ""0.9972737538376056"", ""0.9685073713442612"", ""0.8819809281942805""]"
execution,reports/tables/transaction_cost_sensitivity.csv,sortino_ratio,float64,30,0.0,30,"[""1.4618385566338683"", ""1.4405815007173433"", ""1.4193324746544551"", ""1.376860188191692"", ""1.2496699784461094""]"
execution,reports/tables/transaction_cost_sensitivity.csv,maximum_drawdown,float64,30,0.0,30,"[""-0.341612245905633"", ""-0.341791438578222"", ""-0.3419705237982455"", ""-0.3423283722669712"", ""-0.3433993488364217""]"
execution,reports/tables/transaction_cost_sensitivity.csv,beta_vs_spy,float64,30,0.0,30,"[""1.00337028100453"", ""1.003293361536464"", ""1.003216458174184"", ""1.0030627011711826"", ""1.002601843034931""]"
execution,reports/tables/transaction_cost_sensitivity.csv,annualized_alpha_vs_spy,float64,30,0.0,30,"[""0.0529857679137246"", ""0.0499972872391835"", ""0.0470098398682667"", ""0.0410380188564961"", ""0.0231467641500998""]"
execution,reports/tables/transaction_cost_sensitivity.csv,excess_cagr,float64,30,0.0,30,"[""0.060863036800395"", ""0.0572127776054607"", ""0.0535742944356636"", ""0.0463324734083463"", ""0.0248850257951258""]"
execution,reports/tables/transaction_cost_sensitivity.csv,total_transaction_cost,float64,30,0.0,26,"[""0.0"", ""37842.65405367555"", ""74799.7970665432"", ""146133.54833304026"", ""340787.00621032657""]"
execution,reports/tables/transaction_cost_sensitivity.csv,total_traded_notional,float64,30,0.0,30,"[""76583811.97101326"", ""75685308.10735112"", ""74799797.06654319"", ""73066774.16652012"", ""68157401.24206533""]"
execution,reports/tables/transaction_cost_sensitivity.csv,mean_two_way_turnover,float64,30,0.0,30,"[""0.5106746585555434"", ""0.5105806846752291"", ""0.5104873767350683"", ""0.5103018590995306"", ""0.5097526176845593""]"
execution,reports/tables/transaction_cost_sensitivity.csv,mean_one_way_turnover,float64,30,0.0,30,"[""0.2618308363131427"", ""0.2619050037468716"", ""0.2619794645163639"", ""0.262128815726583"", ""0.2625795848806656""]"
execution,reports/tables/transaction_cost_sensitivity.csv,realized_effective_cost_bps,float64,30,0.0,15,"[""0.0"", ""4.999999999999998"", ""10.0"", ""20.000000000000004"", ""49.99999999999999""]"
execution,reports/tables/capacity_analysis.csv,capital,float64,20,0.0,4,"[""100000.0"", ""1000000.0"", ""10000000.0"", ""100000000.0""]"
execution,reports/tables/capacity_analysis.csv,strategy_name,str,20,0.0,5,"[""score_weighted"", ""top_n_equal_weight"", ""median_mad_de"", ""alpha_risk_turnover"", ""cvar""]"
execution,reports/tables/capacity_analysis.csv,gross_cagr,float64,20,0.0,5,"[""0.2481667024194731"", ""0.2360320034639911"", ""0.2270457141777655"", ""0.2174954223434131"", ""0.2080462511184337""]"
execution,reports/tables/capacity_analysis.csv,gross_sharpe_ratio,float64,20,0.0,5,"[""1.1008187233567162"", ""1.0802862696846935"", ""1.0676164401557742"", ""1.0259921313260971"", ""0.9918943034142692""]"
execution,reports/tables/capacity_analysis.csv,gross_sortino_ratio,float64,20,0.0,5,"[""1.575945092922444"", ""1.547534194426066"", ""1.5300675916887525"", ""1.4618385566338683"", ""1.4142039553564536""]"
execution,reports/tables/capacity_analysis.csv,gross_maximum_drawdown,float64,20,0.0,5,"[""-0.3433244069064179"", ""-0.3369829874761956"", ""-0.3271562363106809"", ""-0.341612245905633"", ""-0.3261296650529416""]"
execution,reports/tables/capacity_analysis.csv,net_final_portfolio_value,float64,20,0.0,20,"[""404165.6497757338"", ""380213.9144111445"", ""361326.0142920029"", ""344680.58228470536"", ""328986.8577813027""]"
execution,reports/tables/capacity_analysis.csv,net_total_return,float64,20,0.0,20,"[""3.041656497757338"", ""2.8021391441114445"", ""2.613260142920029"", ""2.446805822847053"", ""2.289868577813027""]"
execution,reports/tables/capacity_analysis.csv,net_cagr,float64,20,0.0,20,"[""0.2443419201610848"", ""0.2325001826309876"", ""0.2227097007008198"", ""0.2137169441848549"", ""0.2048963422492469""]"
execution,reports/tables/capacity_analysis.csv,net_annualized_volatility,float64,20,0.0,20,"[""0.2244377648124535"", ""0.218406433898306"", ""0.2130698202190768"", ""0.2143950853328562"", ""0.2137408405583011""]"
execution,reports/tables/capacity_analysis.csv,net_sharpe_ratio,float64,20,0.0,20,"[""1.0871370641791294"", ""1.0671801136510204"", ""1.0509827790983317"", ""1.0114944471873186"", ""0.9796753383760785""]"
execution,reports/tables/capacity_analysis.csv,net_sortino_ratio,float64,20,0.0,20,"[""1.5555627513888797"", ""1.5280074809873436"", ""1.5052017706113463"", ""1.4403671646133294"", ""1.396103981184867""]"
execution,reports/tables/capacity_analysis.csv,net_maximum_drawdown,float64,20,0.0,20,"[""-0.3434958028350746"", ""-0.3371330308381024"", ""-0.3273230852707868"", ""-0.3417926993714204"", ""-0.3262855079713864""]"
execution,reports/tables/capacity_analysis.csv,net_beta_vs_spy,float64,20,0.0,20,"[""1.0622860648849937"", ""1.0365531429087067"", ""1.0012361599740731"", ""1.0032924456375791"", ""1.0042831218610653""]"
execution,reports/tables/capacity_analysis.csv,net_annualized_alpha_vs_spy,float64,20,0.0,20,"[""0.0672881786133814"", ""0.0606531228505408"", ""0.0573816504713762"", ""0.0499663232674668"", ""0.0423387207836425""]"
execution,reports/tables/capacity_analysis.csv,net_excess_cagr,float64,20,0.0,20,"[""0.0878000275119155"", ""0.0759582899818183"", ""0.0661678080516505"", ""0.0571750515356856"", ""0.0483544496000776""]"
execution,reports/tables/capacity_analysis.csv,total_transaction_cost,float64,20,0.0,20,"[""4125.305025886415"", ""3717.33447961666"", ""4300.464589514029"", ""3821.787268477317"", ""3065.410790761885""]"
execution,reports/tables/capacity_analysis.csv,total_traded_notional,float64,20,0.0,20,"[""8179440.201896533"", ""7364663.218394024"", ""8514947.273635298"", ""7567624.080102351"", ""6070231.178367962""]"
execution,reports/tables/capacity_analysis.csv,mean_two_way_turnover,float64,20,0.0,20,"[""0.5048101414468853"", ""0.4703160707742918"", ""0.5814437752009922"", ""0.5105797451643648"", ""0.4288822039721193""]"
execution,reports/tables/capacity_analysis.csv,mean_one_way_turnover,float64,20,0.0,20,"[""0.2590193453344855"", ""0.2417637041577435"", ""0.2973556974737462"", ""0.2619057741501689"", ""0.2210363712248358""]"
execution,reports/tables/capacity_analysis.csv,maximum_absolute_cash,float64,20,0.0,20,"[""9.9287120747249e-09"", ""9.827722635691316e-09"", ""9.880871232326172e-09"", ""0.0007844977513542"", ""1.0032778163804323e-08""]"
execution,reports/tables/capacity_analysis.csv,market_impact_cost,float64,20,0.0,20,"[""35.5849249381483"", ""35.00287041964852"", ""42.99095269638087"", ""37.9752284261422"", ""30.295201576480213""]"
execution,reports/tables/capacity_analysis.csv,effective_cost_bps,float64,20,0.0,20,"[""5.043505330511368"", ""5.047528134527897"", ""5.050488806700534"", ""5.050181177109459"", ""5.049907825276607""]"
execution,reports/tables/capacity_analysis.csv,maximum_order_adv_fraction,float64,20,0.0,20,"[""4.339079369391815e-05"", ""4.4947932608182414e-05"", ""5.208080627571634e-05"", ""5.073722633508673e-05"", ""4.831760733357618e-05""]"
execution,reports/tables/capacity_analysis.csv,mean_order_adv_fraction,float64,20,0.0,20,"[""3.740862013486388e-06"", ""3.4468442752929315e-06"", ""4.387171641381165e-06"", ""4.031874481878167e-06"", ""3.456199824583278e-06""]"
execution,reports/tables/capacity_analysis.csv,transaction_cost_fraction_initial_capital,float64,20,0.0,20,"[""0.0412530502588641"", ""0.0371733447961666"", ""0.0430046458951403"", ""0.0382178726847731"", ""0.0306541057762956""]"
execution,reports/tables/capacity_analysis.csv,cagr_cost_drag,float64,20,0.0,20,"[""0.0038247822583883"", ""0.0035318208330035"", ""0.0043360134769456"", ""0.0037784781585581"", ""0.0031499088691868""]"
execution,reports/tables/capacity_analysis.csv,sharpe_cost_drag,float64,20,0.0,20,"[""0.0136816591775867"", ""0.0131061560336731"", ""0.0166336610574424"", ""0.0144976841387787"", ""0.0122189650381909""]"
robustness,reports/tables/robustness_evaluation_check_inventory.csv,suite,str,17,0.0,17,"[""temporal_robustness"", ""transaction_cost_sensitivity"", ""monthly_portfolio_bootstrap"", ""final_signal_statistics"", ""portfolio_parameter_sensitivity""]"
robustness,reports/tables/robustness_evaluation_check_inventory.csv,category,str,17,0.0,5,"[""temporal"", ""parameters"", ""statistics"", ""universe"", ""ablation""]"
robustness,reports/tables/robustness_evaluation_check_inventory.csv,artifact,str,17,0.0,17,"[""C:\\Users\\Usuario\\Documents\\PROYECTO_FINTECH\\institutional-quant-equity\\reports\\tables\\robustness_temporal_checks.csv"", ""C:\\Users\\Usuario\\Documents\\PROYECTO_FINTECH\\institutional-quant-equity\\reports\\tables\\transaction_cost_sensitivity_checks.csv"", ""C:\\Users\\Usuario\\Documents\\PROYECTO_FINTECH\\institutional-quant-equity\\reports\\tables\\bootstrap_robustness_checks.csv"", ""C:\\Users\\Usuario\\Documents\\PROYECTO_FINTECH\\institutional-quant-equity\\reports\\tables\\robustness_final_signal_checks.csv"", ""C:\\Users\\Usuario\\Documents\\PROYECTO_FINTECH\\institutional-quant-equity\\reports\\tables\\robustness_portfolio_parameter_checks.csv""]"
robustness,reports/tables/robustness_evaluation_check_inventory.csv,artifact_exists,bool,17,0.0,1,"[""True""]"
robustness,reports/tables/robustness_evaluation_check_inventory.csv,checks,int64,17,0.0,9,"[""8"", ""7"", ""9"", ""10"", ""11""]"
robustness,reports/tables/robustness_evaluation_check_inventory.csv,passed_checks,int64,17,0.0,9,"[""8"", ""7"", ""9"", ""10"", ""11""]"
robustness,reports/tables/robustness_evaluation_check_inventory.csv,failed_checks,int64,17,0.0,1,"[""0""]"
robustness,reports/tables/robustness_evaluation_check_inventory.csv,suite_status,str,17,0.0,1,"[""PASS""]"
robustness,reports/tables/robustness_evaluation_coverage.csv,dimension,str,13,0.0,13,"[""calendar_years_and_market_regimes"", ""transaction_cost_assumptions"", ""top_n_and_security_caps"", ""rebalance_frequency"", ""evaluation_windows""]"
robustness,reports/tables/robustness_evaluation_coverage.csv,category,str,13,0.0,5,"[""temporal"", ""parameters"", ""universe"", ""statistics"", ""ablation""]"
robustness,reports/tables/robustness_evaluation_coverage.csv,status,str,13,0.0,2,"[""COMPLETE"", ""DEFERRED_LIMITATION""]"
robustness,reports/tables/robustness_evaluation_coverage.csv,note,str,13,0.0,13,"[""Calendar years, COVID-related periods, up/down markets and high-volatility conditions."", ""Linear cost scenarios plus the liquidity-dependent execution model."", ""Top-N and maximum-security-weight sensitivity."", ""Monthly versus calendar-quarter rebalancing."", ""Overlapping 12-, 24- and 36-month evaluation windows.""]"
robustness,reports/tables/bootstrap_strategy_summary.csv,strategy_name,str,5,0.0,5,"[""score_weighted"", ""top_n_equal_weight"", ""median_mad_de"", ""alpha_risk_turnover"", ""cvar""]"
robustness,reports/tables/bootstrap_strategy_summary.csv,observed_annualized_return,float64,5,0.0,5,"[""0.2430937616828783"", ""0.231313906669841"", ""0.2215523327540047"", ""0.2126185642838884"", ""0.2038570074199466""]"
robustness,reports/tables/bootstrap_strategy_summary.csv,observed_excess_annualized_return,float64,5,0.0,5,"[""0.0872797827502596"", ""0.0754999277372223"", ""0.065738353821386"", ""0.0568045853512697"", ""0.0480430284873278""]"
robustness,reports/tables/bootstrap_strategy_summary.csv,observed_sharpe,float64,5,0.0,5,"[""1.235600336304591"", ""1.2119594074896882"", ""1.2101154981062627"", ""1.1604836053092902"", ""1.0814786686511275""]"
robustness,reports/tables/bootstrap_strategy_summary.csv,observed_positive_month_ratio,float64,5,0.0,4,"[""0.6753246753246753"", ""0.6883116883116883"", ""0.6493506493506493"", ""0.6623376623376623""]"
robustness,reports/tables/bootstrap_strategy_summary.csv,observed_outperform_spy_ratio,float64,5,0.0,5,"[""0.6883116883116883"", ""0.6623376623376623"", ""0.6233766233766234"", ""0.5584415584415584"", ""0.5714285714285714""]"
robustness,reports/tables/bootstrap_strategy_summary.csv,observed_mean_excess_monthly_return,float64,5,0.0,5,"[""0.0064319103032384"", ""0.0055456403766139"", ""0.0047521459998268"", ""0.0041608198045655"", ""0.0036596965281294""]"
robustness,reports/tables/bootstrap_strategy_summary.csv,bootstrap_replications,int64,5,0.0,1,"[""10000""]"
robustness,reports/tables/bootstrap_strategy_summary.csv,bootstrap_months,int64,5,0.0,1,"[""77""]"
robustness,reports/tables/bootstrap_strategy_summary.csv,annualized_return_bootstrap_mean,float64,5,0.0,5,"[""0.2456927121093248"", ""0.2338079741217264"", ""0.2241805220924427"", ""0.2150490560118485"", ""0.2066246680580295""]"
robustness,reports/tables/bootstrap_strategy_summary.csv,annualized_return_ci_lower,float64,5,0.0,5,"[""0.0665430618581842"", ""0.0612108481567076"", ""0.0634994693189765"", ""0.0522477514745476"", ""0.0394555003768262""]"
robustness,reports/tables/bootstrap_strategy_summary.csv,annualized_return_ci_upper,float64,5,0.0,5,"[""0.4399366576248416"", ""0.4203778453078872"", ""0.4013491753698509"", ""0.3935166383458247"", ""0.3909635355208523""]"
robustness,reports/tables/bootstrap_strategy_summary.csv,excess_annualized_return_bootstrap_mean,float64,5,0.0,5,"[""0.0877530576993149"", ""0.0758683197117165"", ""0.0662408676824328"", ""0.0571094016018386"", ""0.0486850136480195""]"
robustness,reports/tables/bootstrap_strategy_summary.csv,excess_annualized_return_ci_lower,float64,5,0.0,5,"[""0.0403978056506625"", ""0.0319046403702438"", ""0.0191791464640689"", ""0.0106300294367787"", ""-0.0045724112407923""]"
robustness,reports/tables/bootstrap_strategy_summary.csv,excess_annualized_return_ci_upper,float64,5,0.0,5,"[""0.1414142167030682"", ""0.1241188020996955"", ""0.1176384672787277"", ""0.1065803922390621"", ""0.1064217104888956""]"
robustness,reports/tables/bootstrap_strategy_summary.csv,probability_excess_annualized_return_positive,float64,5,0.0,5,"[""1.0"", ""0.9997"", ""0.9977"", ""0.9924"", ""0.9637""]"
robustness,reports/tables/bootstrap_strategy_summary.csv,sharpe_bootstrap_mean,float64,5,0.0,5,"[""1.2553639624090154"", ""1.2305191701184246"", ""1.2261840831349395"", ""1.179861864854029"", ""1.09669955386832""]"
robustness,reports/tables/bootstrap_strategy_summary.csv,sharpe_ci_lower,float64,5,0.0,5,"[""0.4280671396329029"", ""0.4057635394282785"", ""0.4262167436560507"", ""0.3656380462321441"", ""0.2941453218764359""]"
robustness,reports/tables/bootstrap_strategy_summary.csv,sharpe_ci_upper,float64,5,0.0,5,"[""2.1482244325757143"", ""2.112678951716878"", ""2.0754990086223857"", ""2.056350785745046"", ""1.9499394680947857""]"
robustness,reports/tables/bootstrap_strategy_summary.csv,positive_month_ratio_bootstrap_mean,float64,5,0.0,5,"[""0.6749428571428572"", ""0.6879727272727273"", ""0.6491077922077922"", ""0.6619896103896105"", ""0.6621688311688311""]"
robustness,reports/tables/bootstrap_strategy_summary.csv,outperform_spy_ratio_bootstrap_mean,float64,5,0.0,5,"[""0.6880194805194806"", ""0.6619870129870131"", ""0.6239025974025973"", ""0.5585493506493506"", ""0.5716012987012987""]"
robustness,reports/tables/bootstrap_strategy_summary.csv,mean_excess_monthly_return_bootstrap_mean,float64,5,0.0,5,"[""0.006409665847723"", ""0.0055302155662506"", ""0.0047696748709567"", ""0.0041598837881359"", ""0.0036655168981091""]"
robustness,reports/tables/bootstrap_strategy_summary.csv,mean_excess_monthly_return_ci_lower,float64,5,0.0,5,"[""0.0032394349481506"", ""0.0024939093701242"", ""0.0013956403934355"", ""0.0008489702526541"", ""-0.0001682811754996""]"
robustness,reports/tables/bootstrap_strategy_summary.csv,mean_excess_monthly_return_ci_upper,float64,5,0.0,5,"[""0.0096137932465313"", ""0.0085189577240346"", ""0.0081859971758542"", ""0.0075102924341322"", ""0.0075426047647302""]"
robustness,reports/tables/bootstrap_strategy_summary.csv,probability_mean_excess_monthly_return_positive,float64,5,0.0,5,"[""1.0"", ""0.9998"", ""0.9978"", ""0.9933"", ""0.969""]"
robustness,reports/tables/bootstrap_pairwise_comparison.csv,method_a,str,10,0.0,4,"[""alpha_risk_turnover"", ""cvar"", ""median_mad_de"", ""score_weighted""]"
robustness,reports/tables/bootstrap_pairwise_comparison.csv,method_b,str,10,0.0,4,"[""cvar"", ""median_mad_de"", ""score_weighted"", ""top_n_equal_weight""]"
robustness,reports/tables/bootstrap_pairwise_comparison.csv,mean_cagr_difference_a_minus_b,float64,10,0.0,10,"[""0.008424387953819"", ""-0.0091314660805942"", ""-0.0306436560974762"", ""-0.0187589181098778"", ""-0.0175558540344132""]"
robustness,reports/tables/bootstrap_pairwise_comparison.csv,cagr_difference_ci_lower,float64,10,0.0,10,"[""-0.020191753311371"", ""-0.0412527976829217"", ""-0.0674485299809938"", ""-0.0533111436949188"", ""-0.0463382168770199""]"
robustness,reports/tables/bootstrap_pairwise_comparison.csv,cagr_difference_ci_upper,float64,10,0.0,10,"[""0.0358964240944978"", ""0.022253652856497"", ""0.0026929235737191"", ""0.0127080144971762"", ""0.0131314124553042""]"
robustness,reports/tables/bootstrap_pairwise_comparison.csv,probability_cagr_a_greater_b,float64,10,0.0,10,"[""0.7263"", ""0.2865"", ""0.036"", ""0.1298"", ""0.1209""]"
robustness,reports/tables/bootstrap_pairwise_comparison.csv,mean_sharpe_difference_a_minus_b,float64,10,0.0,10,"[""0.0831623109857095"", ""-0.0463222182809099"", ""-0.0755020975549859"", ""-0.0506573052643949"", ""-0.1294845292666195""]"
robustness,reports/tables/bootstrap_pairwise_comparison.csv,sharpe_difference_ci_lower,float64,10,0.0,10,"[""-0.0513857552536408"", ""-0.1889952534614297"", ""-0.2200930243431247"", ""-0.1923501546133011"", ""-0.2534780677342228""]"
robustness,reports/tables/bootstrap_pairwise_comparison.csv,sharpe_difference_ci_upper,float64,10,0.0,10,"[""0.2253830091809463"", ""0.1024515753523517"", ""0.0602591662757362"", ""0.0887224594588753"", ""-0.0051926904147933""]"
robustness,reports/tables/bootstrap_pairwise_comparison.csv,probability_sharpe_a_greater_b,float64,10,0.0,10,"[""0.8864"", ""0.2644"", ""0.1383"", ""0.2362"", ""0.0219""]"
robustness,reports/tables/robustness_final_signal_bootstrap.csv,months,int64,1,0.0,1,"[""77""]"
robustness,reports/tables/robustness_final_signal_bootstrap.csv,bootstrap_replications,int64,1,0.0,1,"[""10000""]"
robustness,reports/tables/robustness_final_signal_bootstrap.csv,block_length_months,int64,1,0.0,1,"[""3""]"
robustness,reports/tables/robustness_final_signal_bootstrap.csv,confidence_level,float64,1,0.0,1,"[""0.95""]"
robustness,reports/tables/robustness_final_signal_bootstrap.csv,observed_mean_ic,float64,1,0.0,1,"[""0.0405140856535997""]"
robustness,reports/tables/robustness_final_signal_bootstrap.csv,mean_ic_ci_lower,float64,1,0.0,1,"[""-0.0020997336055971""]"
robustness,reports/tables/robustness_final_signal_bootstrap.csv,mean_ic_ci_upper,float64,1,0.0,1,"[""0.0815433071248518""]"
robustness,reports/tables/robustness_final_signal_bootstrap.csv,probability_mean_ic_positive,float64,1,0.0,1,"[""0.9682""]"
robustness,reports/tables/robustness_final_signal_bootstrap.csv,observed_annualized_ic_ir,float64,1,0.0,1,"[""0.6719669662391017""]"
robustness,reports/tables/robustness_final_signal_bootstrap.csv,annualized_ic_ir_ci_lower,float64,1,0.0,1,"[""-0.0333210593827282""]"
robustness,reports/tables/robustness_final_signal_bootstrap.csv,annualized_ic_ir_ci_upper,float64,1,0.0,1,"[""1.4116844288710475""]"
robustness,reports/tables/robustness_final_signal_bootstrap.csv,observed_positive_ic_ratio,float64,1,0.0,1,"[""0.5454545454545454""]"
robustness,reports/tables/robustness_final_signal_bootstrap.csv,observed_mean_top_bottom_spread,float64,1,0.0,1,"[""0.0123083855880075""]"
robustness,reports/tables/robustness_final_signal_bootstrap.csv,top_bottom_spread_ci_lower,float64,1,0.0,1,"[""0.0033453140163975""]"
robustness,reports/tables/robustness_final_signal_bootstrap.csv,top_bottom_spread_ci_upper,float64,1,0.0,1,"[""0.0209125507167765""]"
robustness,reports/tables/robustness_final_signal_bootstrap.csv,probability_mean_spread_positive,float64,1,0.0,1,"[""0.9968""]"
robustness,reports/tables/robustness_final_signal_bootstrap.csv,observed_positive_spread_ratio,float64,1,0.0,1,"[""0.5974025974025974""]"
robustness,reports/tables/robustness_final_signal_bootstrap.csv,observed_mean_top_quintile_precision,float64,1,0.0,1,"[""0.2597402597402597""]"
robustness,reports/tables/robustness_final_signal_bootstrap.csv,top_quintile_precision_ci_lower,float64,1,0.0,1,"[""0.2350649350649351""]"
robustness,reports/tables/robustness_final_signal_bootstrap.csv,top_quintile_precision_ci_upper,float64,1,0.0,1,"[""0.2857142857142857""]"
robustness,reports/tables/robustness_final_signal_bootstrap.csv,probability_both_ic_and_spread_positive,float64,1,0.0,1,"[""0.9679""]"
robustness,reports/tables/robustness_final_signal_yearly.csv,year,int64,7,0.0,7,"[""2020"", ""2021"", ""2022"", ""2023"", ""2024""]"
robustness,reports/tables/robustness_final_signal_yearly.csv,months,int64,7,0.0,2,"[""12"", ""5""]"
robustness,reports/tables/robustness_final_signal_yearly.csv,mean_ic,float64,7,0.0,7,"[""0.0803521408563425"", ""0.0372789115646258"", ""0.0319061373481458"", ""-0.0004801920768307"", ""0.0779991996798719""]"
robustness,reports/tables/robustness_final_signal_yearly.csv,median_ic,float64,7,0.0,7,"[""0.0618967587034813"", ""-0.0141656662665066"", ""0.0011287073477074"", ""-0.0347178871548619"", ""0.0850900360144057""]"
robustness,reports/tables/robustness_final_signal_yearly.csv,annualized_ic_ir,float64,7,0.0,7,"[""1.5638038307157618"", ""0.4901634716660998"", ""0.4675895842074657"", ""-0.0088113108039086"", ""2.024653615349949""]"
robustness,reports/tables/robustness_final_signal_yearly.csv,positive_ic_ratio,float64,7,0.0,5,"[""0.6666666666666666"", ""0.5"", ""0.4166666666666667"", ""0.75"", ""0.4""]"
robustness,reports/tables/robustness_final_signal_yearly.csv,mean_top_bottom_spread,float64,7,0.0,7,"[""0.0283837284096386"", ""0.0033482688589695"", ""0.0092960970511702"", ""0.005122877455267"", ""0.0199831197722522""]"
robustness,reports/tables/robustness_final_signal_yearly.csv,median_top_bottom_spread,float64,7,0.0,7,"[""0.0342558749179597"", ""-0.0009467984033583"", ""0.0015789480508059"", ""-0.0044091053632591"", ""0.0240146497768518""]"
robustness,reports/tables/robustness_final_signal_yearly.csv,positive_spread_ratio,float64,7,0.0,4,"[""0.75"", ""0.5"", ""0.5833333333333334"", ""0.6""]"
robustness,reports/tables/robustness_final_signal_yearly.csv,mean_top_quintile_precision,float64,7,0.0,7,"[""0.2833333333333333"", ""0.2666666666666666"", ""0.2166666666666666"", ""0.2499999999999999"", ""0.275""]"
robustness,reports/tables/robustness_final_signal_sector.csv,sector,str,8,0.0,8,"[""Industrials"", ""Financials"", ""Consumer Staples"", ""Health Care"", ""Information Technology""]"
robustness,reports/tables/robustness_final_signal_sector.csv,valid_months,int64,8,0.0,1,"[""77""]"
robustness,reports/tables/robustness_final_signal_sector.csv,mean_companies_per_month,float64,8,0.0,6,"[""5.0"", ""7.0"", ""8.0"", ""6.0"", ""3.0""]"
robustness,reports/tables/robustness_final_signal_sector.csv,mean_ic,float64,8,0.0,8,"[""0.122077922077922"", ""0.1080705009276438"", ""0.0493506493506493"", ""0.036178107606679"", ""0.0262832405689548""]"
robustness,reports/tables/robustness_final_signal_sector.csv,median_ic,float64,8,0.0,6,"[""0.0999999999999999"", ""0.1428571428571428"", ""0.0357142857142857"", ""0.0"", ""0.0285714285714285""]"
robustness,reports/tables/robustness_final_signal_sector.csv,std_ic,float64,8,0.0,8,"[""0.5128925650874081"", ""0.5230641135939723"", ""0.5454653678580038"", ""0.4282381813118972"", ""0.4346818714746637""]"
robustness,reports/tables/robustness_final_signal_sector.csv,annualized_ic_ir,float64,8,0.0,8,"[""0.8245202910491031"", ""0.7157195209587616"", ""0.3134124991198062"", ""0.2926517215466294"", ""0.2094585076600728""]"
robustness,reports/tables/robustness_final_signal_sector.csv,positive_ic_ratio,float64,8,0.0,6,"[""0.5454545454545454"", ""0.5584415584415584"", ""0.5194805194805194"", ""0.4805194805194805"", ""0.5064935064935064""]"
robustness,reports/tables/feature_family_ablation/official_predictive_comparison.csv,scenario,str,3,0.0,3,"[""full"", ""no_fundamentals"", ""no_momentum""]"
robustness,reports/tables/feature_family_ablation/official_predictive_comparison.csv,model_name,str,3,0.0,1,"[""core_percentile_ensemble""]"
robustness,reports/tables/feature_family_ablation/official_predictive_comparison.csv,months,int64,3,0.0,1,"[""77""]"
robustness,reports/tables/feature_family_ablation/official_predictive_comparison.csv,valid_ic_months,int64,3,0.0,1,"[""77""]"
robustness,reports/tables/feature_family_ablation/official_predictive_comparison.csv,mean_ic,float64,3,0.0,3,"[""0.0463795222658556"", ""0.0484887717748381"", ""0.0456480915873522""]"
robustness,reports/tables/feature_family_ablation/official_predictive_comparison.csv,median_ic,float64,3,0.0,3,"[""0.0605100132455382"", ""0.0363094958912206"", ""0.0576890774329757""]"
robustness,reports/tables/feature_family_ablation/official_predictive_comparison.csv,std_ic,float64,3,0.0,3,"[""0.1694196479951235"", ""0.1543757965235913"", ""0.1728635501923492""]"
robustness,reports/tables/feature_family_ablation/official_predictive_comparison.csv,annualized_ic_ir,float64,3,0.0,3,"[""0.9483160890234664"", ""1.088059374615723"", ""0.914765591819378""]"
robustness,reports/tables/feature_family_ablation/official_predictive_comparison.csv,positive_ic_ratio,float64,3,0.0,3,"[""0.5844155844155844"", ""0.6103896103896104"", ""0.5974025974025974""]"
robustness,reports/tables/feature_family_ablation/official_predictive_comparison.csv,mean_top_bottom_spread,float64,3,0.0,3,"[""0.0135655255399571"", ""0.0174947775086283"", ""0.0116839481380349""]"
robustness,reports/tables/feature_family_ablation/official_predictive_comparison.csv,positive_spread_ratio,float64,3,0.0,1,"[""0.6363636363636364""]"
robustness,reports/tables/feature_family_ablation/official_predictive_comparison.csv,mean_top_quintile_precision,float64,3,0.0,3,"[""0.2545454545454546"", ""0.2753246753246753"", ""0.2506493506493507""]"
robustness,reports/tables/feature_family_ablation/official_predictive_comparison.csv,mean_top_quintile_turnover,float64,3,0.0,3,"[""0.4092105263157894"", ""0.4197368421052631"", ""0.3144736842105263""]"
robustness,reports/tables/feature_family_ablation/economic_comparison.csv,strategy_name,str,3,0.0,3,"[""full_ensemble"", ""no_fundamentals"", ""no_momentum""]"
robustness,reports/tables/feature_family_ablation/economic_comparison.csv,final_portfolio_value,float64,3,0.0,3,"[""4040172.810593051"", ""4525468.330234049"", ""4203075.514248322""]"
robustness,reports/tables/feature_family_ablation/economic_comparison.csv,total_return,float64,3,0.0,3,"[""3.0401728105930506"", ""3.525468330234049"", ""3.2030755142483214""]"
robustness,reports/tables/feature_family_ablation/economic_comparison.csv,cagr,float64,3,0.0,3,"[""0.2442704105223554"", ""0.266559497829425"", ""0.251992771615642""]"
robustness,reports/tables/feature_family_ablation/economic_comparison.csv,annualized_volatility,float64,3,0.0,3,"[""0.2244376929345491"", ""0.2252388563823362"", ""0.2271452591171422""]"
robustness,reports/tables/feature_family_ablation/economic_comparison.csv,sharpe_ratio,float64,3,0.0,3,"[""1.086881074531349"", ""1.1626296009352193"", ""1.103857680352892""]"
robustness,reports/tables/feature_family_ablation/economic_comparison.csv,sortino_ratio,float64,3,0.0,3,"[""1.5551819576923949"", ""1.6740412981095651"", ""1.5831743688340978""]"
robustness,reports/tables/feature_family_ablation/economic_comparison.csv,maximum_drawdown,float64,3,0.0,3,"[""-0.3434979632110363"", ""-0.346865976029137"", ""-0.3455204320435497""]"
robustness,reports/tables/feature_family_ablation/economic_comparison.csv,beta_vs_spy,float64,3,0.0,3,"[""1.0622843768589336"", ""1.063710176155014"", ""1.0758393008165663""]"
robustness,reports/tables/feature_family_ablation/economic_comparison.csv,annualized_alpha_vs_spy,float64,3,0.0,3,"[""0.0672309275417084"", ""0.0849260331910599"", ""0.0717750858336695""]"
robustness,reports/tables/feature_family_ablation/economic_comparison.csv,excess_cagr,float64,3,0.0,3,"[""0.0877285178731861"", ""0.1100176051802557"", ""0.0954508789664727""]"
robustness,reports/tables/feature_family_ablation/economic_comparison.csv,total_transaction_cost,float64,3,0.0,3,"[""42012.90342213739"", ""44460.46500162924"", ""39400.4021305096""]"
robustness,reports/tables/feature_family_ablation/economic_comparison.csv,total_traded_notional,float64,3,0.0,3,"[""81775981.91486195"", ""86545456.30481124"", ""76734031.84244648""]"
robustness,reports/tables/feature_family_ablation/economic_comparison.csv,mean_two_way_turnover,float64,3,0.0,3,"[""0.5048087659038759"", ""0.5087088214905187"", ""0.4612309291489525""]"
robustness,reports/tables/feature_family_ablation/economic_comparison.csv,mean_one_way_turnover,float64,3,0.0,3,"[""0.259020939917959"", ""0.2609719556463681"", ""0.2372207638945462""]"
robustness,reports/tables/feature_family_ablation/economic_comparison.csv,mean_positions,float64,3,0.0,1,"[""25.0""]"
robustness,reports/tables/feature_family_ablation/economic_comparison.csv,maximum_weight,float64,3,0.0,1,"[""0.05""]"
robustness,reports/tables/feature_family_ablation/economic_comparison.csv,maximum_sector_weight,float64,3,0.0,2,"[""0.2500000000000001"", ""0.25""]"
robustness,reports/tables/feature_family_ablation/economic_comparison.csv,mean_effective_positions,float64,3,0.0,3,"[""24.17602535713524"", ""24.168598176517843"", ""24.17111698285975""]"
robustness,reports/tables/feature_family_ablation/economic_comparison.csv,construction_one_way_turnover,float64,3,0.0,3,"[""0.2332246231397226"", ""0.234478187305602"", ""0.2116355995888523""]"
robustness,reports/tables/feature_family_ablation/economic_comparison.csv,effective_cost_bps,float64,3,0.0,3,"[""5.137560251600228"", ""5.137238498696043"", ""5.134671173203586""]"
robustness,reports/tables/feature_family_ablation/economic_comparison.csv,cagr_difference_vs_full,float64,3,0.0,3,"[""0.0"", ""0.0222890873070695"", ""0.0077223610932866""]"
robustness,reports/tables/feature_family_ablation/economic_comparison.csv,sharpe_difference_vs_full,float64,3,0.0,3,"[""0.0"", ""0.0757485264038702"", ""0.0169766058215428""]"
robustness,reports/tables/feature_family_ablation/economic_comparison.csv,excess_cagr_difference_vs_full,float64,3,0.0,3,"[""0.0"", ""0.0222890873070695"", ""0.0077223610932866""]"
robustness,reports/tables/feature_family_ablation/economic_comparison.csv,is_baseline,bool,3,0.0,2,"[""True"", ""False""]"
robustness,reports/tables/robustness_portfolio_construction_ablation.csv,strategy_name,str,4,0.0,4,"[""score_weighted_sector_controlled"", ""score_weighted_no_sector_control"", ""alpha_risk_turnover_penalized"", ""alpha_risk_turnover_no_penalty""]"
robustness,reports/tables/robustness_portfolio_construction_ablation.csv,final_portfolio_value,float64,4,0.0,4,"[""4040172.810593051"", ""4044294.604275024"", ""3445326.3420354966"", ""3346910.3466440653""]"
robustness,reports/tables/robustness_portfolio_construction_ablation.csv,total_return,float64,4,0.0,4,"[""3.0401728105930506"", ""3.044294604275024"", ""2.4453263420354965"", ""2.3469103466440653""]"
robustness,reports/tables/robustness_portfolio_construction_ablation.csv,cagr,float64,4,0.0,4,"[""0.2442704105223554"", ""0.2444690149669919"", ""0.2136353868115676"", ""0.2081426154272954""]"
robustness,reports/tables/robustness_portfolio_construction_ablation.csv,annualized_volatility,float64,4,0.0,4,"[""0.2244376929345491"", ""0.2246252557909792"", ""0.2143949660819117"", ""0.2139566554752309""]"
robustness,reports/tables/robustness_portfolio_construction_ablation.csv,sharpe_ratio,float64,4,0.0,4,"[""1.086881074531349"", ""1.086876880300624"", ""1.0111812372990157"", ""0.991551926704865""]"
robustness,reports/tables/robustness_portfolio_construction_ablation.csv,sortino_ratio,float64,4,0.0,4,"[""1.5551819576923949"", ""1.5550872909392466"", ""1.4399037850845982"", ""1.412107473726914""]"
robustness,reports/tables/robustness_portfolio_construction_ablation.csv,maximum_drawdown,float64,4,0.0,4,"[""-0.3434979632110363"", ""-0.3420404447866764"", ""-0.3417954255229525"", ""-0.3455709596721877""]"
robustness,reports/tables/robustness_portfolio_construction_ablation.csv,beta_vs_spy,float64,4,0.0,4,"[""1.0622843768589336"", ""1.063158389337962"", ""1.003290465339402"", ""1.0021808921201636""]"
robustness,reports/tables/robustness_portfolio_construction_ablation.csv,annualized_alpha_vs_spy,float64,4,0.0,4,"[""0.0672309275417084"", ""0.0672884559473104"", ""0.0498993814359748"", ""0.0454409207666045""]"
robustness,reports/tables/robustness_portfolio_construction_ablation.csv,excess_cagr,float64,4,0.0,4,"[""0.0877285178731861"", ""0.0879271223178226"", ""0.0570934941623983"", ""0.0516007227781261""]"
robustness,reports/tables/robustness_portfolio_construction_ablation.csv,total_transaction_cost,float64,4,0.0,4,"[""42012.90342213739"", ""42149.33963937591"", ""39028.737777649"", ""46739.98602349362""]"
robustness,reports/tables/robustness_portfolio_construction_ablation.csv,total_traded_notional,float64,4,0.0,4,"[""81775981.91486195"", ""82039852.05616765"", ""75656641.48262064"", ""90623016.260685""]"
robustness,reports/tables/robustness_portfolio_construction_ablation.csv,mean_two_way_turnover,float64,4,0.0,4,"[""0.5048087659038759"", ""0.5050924315588217"", ""0.5105777139829167"", ""0.6075437222511014""]"
robustness,reports/tables/robustness_portfolio_construction_ablation.csv,mean_one_way_turnover,float64,4,0.0,4,"[""0.259020939917959"", ""0.2591628505014501"", ""0.2619074396770168"", ""0.3104154347460737""]"
robustness,reports/tables/robustness_portfolio_construction_ablation.csv,mean_positions,float64,4,0.0,3,"[""25.0"", ""21.4025974025974"", ""21.454545454545453""]"
robustness,reports/tables/robustness_portfolio_construction_ablation.csv,maximum_weight,float64,4,0.0,3,"[""0.05"", ""0.049999002038084"", ""0.0499990019845997""]"
robustness,reports/tables/robustness_portfolio_construction_ablation.csv,maximum_sector_weight,float64,4,0.0,4,"[""0.2500000000000001"", ""0.2915601965601966"", ""0.2499990009959724"", ""0.2499990003521602""]"
robustness,reports/tables/robustness_portfolio_construction_ablation.csv,mean_effective_positions,float64,4,0.0,4,"[""24.17602535713524"", ""24.1687156242648"", ""20.4249872136292"", ""20.42691945382772""]"
robustness,reports/tables/robustness_portfolio_construction_ablation.csv,construction_one_way_turnover,float64,4,0.0,4,"[""0.2332246231397226"", ""0.2333777317987844"", ""0.2270736739326124"", ""0.2782958934429009""]"
robustness,reports/tables/robustness_portfolio_construction_ablation.csv,mean_predicted_alpha_proxy,float64,2,0.5,2,"[""0.0285273316840217"", ""0.0285971125482977""]"
robustness,reports/tables/robustness_portfolio_construction_ablation.csv,mean_predicted_volatility,float64,2,0.5,2,"[""0.1902355408763449"", ""0.1892980889266304""]"
robustness,reports/tables/robustness_portfolio_construction_ablation.csv,optimizer_mean_one_way_turnover,float64,2,0.5,2,"[""0.2270736739326124"", ""0.2782958934429009""]"
robustness,reports/tables/robustness_portfolio_construction_ablation.csv,optimizer_maximum_weight,float64,2,0.5,2,"[""0.049999002038084"", ""0.0499990019845997""]"
robustness,reports/tables/robustness_portfolio_construction_ablation.csv,optimizer_maximum_sector_weight,float64,2,0.5,2,"[""0.2499990009959724"", ""0.2499990003521602""]"
robustness,reports/tables/robustness_portfolio_construction_ablation.csv,effective_cost_bps,float64,4,0.0,4,"[""5.137560251600228"", ""5.137666461236284"", ""5.158666445247167"", ""5.157628597247522""]"
robustness,reports/tables/robustness_portfolio_construction_ablation.csv,experiment,str,4,0.0,2,"[""sector_control"", ""turnover_penalty""]"
robustness,reports/tables/robustness_portfolio_construction_ablation.csv,is_controlled_baseline,bool,4,0.0,2,"[""True"", ""False""]"
robustness,reports/tables/robustness_portfolio_construction_ablation.csv,configured_sector_cap,float64,4,0.0,2,"[""0.25"", ""1.0""]"
robustness,reports/tables/robustness_portfolio_construction_ablation.csv,configured_turnover_penalty,float64,2,0.5,2,"[""0.01"", ""0.0""]"
robustness,reports/tables/robustness_portfolio_construction_ablation.csv,baseline_cagr,float64,4,0.0,2,"[""0.2442704105223554"", ""0.2136353868115676""]"
robustness,reports/tables/robustness_portfolio_construction_ablation.csv,baseline_sharpe,float64,4,0.0,2,"[""1.086881074531349"", ""1.0111812372990157""]"
robustness,reports/tables/robustness_portfolio_construction_ablation.csv,baseline_turnover,float64,4,0.0,2,"[""0.259020939917959"", ""0.2619074396770168""]"
robustness,reports/tables/robustness_portfolio_construction_ablation.csv,cagr_difference_vs_controlled,float64,4,0.0,3,"[""0.0"", ""0.0001986044446364"", ""-0.0054927713842722""]"
robustness,reports/tables/robustness_portfolio_construction_ablation.csv,sharpe_difference_vs_controlled,float64,4,0.0,3,"[""0.0"", ""-4.194230724952064e-06"", ""-0.0196293105941506""]"
robustness,reports/tables/robustness_portfolio_construction_ablation.csv,turnover_difference_vs_controlled,float64,4,0.0,3,"[""0.0"", ""0.0001419105834911"", ""0.0485079950690569""]"
robustness,reports/tables/robustness_prediction_horizon_summary.csv,horizon_sessions,int64,3,0.0,3,"[""10"", ""21"", ""42""]"
robustness,reports/tables/robustness_prediction_horizon_summary.csv,months,int64,3,0.0,1,"[""76""]"
robustness,reports/tables/robustness_prediction_horizon_summary.csv,mean_ic,float64,3,0.0,3,"[""0.0501582222756144"", ""0.0438720851694499"", ""0.05261467683391""]"
robustness,reports/tables/robustness_prediction_horizon_summary.csv,median_ic,float64,3,0.0,3,"[""0.0568067226890756"", ""0.0213685474189675"", ""0.053781512605042""]"
robustness,reports/tables/robustness_prediction_horizon_summary.csv,annualized_ic_ir,float64,3,0.0,3,"[""0.8507271547659443"", ""0.730163011559776"", ""1.0433276603156552""]"
robustness,reports/tables/robustness_prediction_horizon_summary.csv,positive_ic_ratio,float64,3,0.0,3,"[""0.6052631578947368"", ""0.5526315789473685"", ""0.618421052631579""]"
robustness,reports/tables/robustness_prediction_horizon_summary.csv,mean_ic_ci_lower,float64,3,0.0,3,"[""0.0082069352659007"", ""0.0009893695184556"", ""0.0087962771209981""]"
robustness,reports/tables/robustness_prediction_horizon_summary.csv,mean_ic_ci_upper,float64,3,0.0,3,"[""0.0899553444650874"", ""0.0855281515116371"", ""0.0955787262593442""]"
robustness,reports/tables/robustness_prediction_horizon_summary.csv,probability_mean_ic_positive,float64,3,0.0,3,"[""0.9895"", ""0.9776"", ""0.9889""]"
robustness,reports/tables/robustness_prediction_horizon_summary.csv,mean_top_bottom_spread,float64,3,0.0,3,"[""0.0085441139919527"", ""0.0133518157255274"", ""0.0278309680642958""]"
robustness,reports/tables/robustness_prediction_horizon_summary.csv,median_top_bottom_spread,float64,3,0.0,3,"[""0.0093980184554132"", ""0.0147946590457184"", ""0.0304542185964815""]"
robustness,reports/tables/robustness_prediction_horizon_summary.csv,positive_spread_ratio,float64,3,0.0,3,"[""0.5921052631578947"", ""0.6052631578947368"", ""0.6710526315789473""]"
robustness,reports/tables/robustness_prediction_horizon_summary.csv,spread_ci_lower,float64,3,0.0,3,"[""0.0027706755139345"", ""0.0044222309745004"", ""0.0125435287550686""]"
robustness,reports/tables/robustness_prediction_horizon_summary.csv,spread_ci_upper,float64,3,0.0,3,"[""0.0139210012747945"", ""0.0220670385873469"", ""0.0430646299273233""]"
robustness,reports/tables/robustness_prediction_horizon_summary.csv,probability_mean_spread_positive,float64,3,0.0,3,"[""0.9983"", ""0.9981"", ""0.9996""]"
robustness,reports/tables/robustness_prediction_horizon_summary.csv,mean_top_quintile_precision,float64,3,0.0,3,"[""0.2802631578947368"", ""0.2605263157894737"", ""0.2842105263157894""]"
robustness,reports/tables/robustness_prediction_horizon_summary.csv,precision_ci_lower,float64,3,0.0,3,"[""0.2539473684210526"", ""0.2355263157894737"", ""0.2565789473684211""]"
robustness,reports/tables/robustness_prediction_horizon_summary.csv,precision_ci_upper,float64,3,0.0,3,"[""0.3052631578947368"", ""0.2855263157894737"", ""0.3118421052631578""]"
robustness,reports/tables/robustness_prediction_horizon_summary.csv,mean_ic_difference_vs_21d,float64,3,0.0,3,"[""0.0062861371061644"", ""0.0"", ""0.0087425916644601""]"
robustness,reports/tables/robustness_prediction_horizon_summary.csv,spread_difference_vs_21d,float64,3,0.0,3,"[""-0.0048077017335746"", ""0.0"", ""0.0144791523387684""]"
robustness,reports/tables/robustness_prediction_horizon_summary.csv,precision_difference_vs_21d,float64,3,0.0,3,"[""0.0197368421052631"", ""0.0"", ""0.0236842105263157""]"
robustness,reports/tables/robustness_rebalance_frequency.csv,strategy_name,str,5,0.0,5,"[""alpha_risk_turnover"", ""cvar"", ""median_mad_de"", ""score_weighted"", ""top_n_equal_weight""]"
robustness,reports/tables/robustness_rebalance_frequency.csv,monthly_final_portfolio_value,float64,5,0.0,5,"[""4185959.9784865454"", ""3944847.518741141"", ""4287992.503610877"", ""4855363.570247973"", ""4579163.963610643""]"
robustness,reports/tables/robustness_rebalance_frequency.csv,monthly_total_return,float64,5,0.0,5,"[""3.1859599784865464"", ""2.944847518741141"", ""3.287992503610877"", ""3.855363570247973"", ""3.5791639636106423""]"
robustness,reports/tables/robustness_rebalance_frequency.csv,monthly_cagr,float64,5,0.0,5,"[""0.2663313387103037"", ""0.2540018517433668"", ""0.2713708784520077"", ""0.2976951989667293"", ""0.2852210435834776""]"
robustness,reports/tables/robustness_rebalance_frequency.csv,monthly_annualized_volatility,float64,5,0.0,5,"[""0.1832822956296049"", ""0.186031733274094"", ""0.1826952351516132"", ""0.1944966079308157"", ""0.1883123514623859""]"
robustness,reports/tables/robustness_rebalance_frequency.csv,monthly_sharpe_ratio,float64,5,0.0,5,"[""1.3803709350441202"", ""1.3100748291895437"", ""1.4059757379115192"", ""1.4375889035714162"", ""1.4271931845256194""]"
robustness,reports/tables/robustness_rebalance_frequency.csv,monthly_sortino_ratio,float64,5,0.0,5,"[""2.0583834684819915"", ""1.9432227747699808"", ""2.095835659713681"", ""2.143848437557508"", ""2.1282661997690373""]"
robustness,reports/tables/robustness_rebalance_frequency.csv,monthly_maximum_drawdown,float64,5,0.0,5,"[""-0.2097215610265811"", ""-0.228194154605275"", ""-0.2081396944447892"", ""-0.231466705669166"", ""-0.2270298205631551""]"
robustness,reports/tables/robustness_rebalance_frequency.csv,monthly_beta_vs_spy,float64,5,0.0,5,"[""0.9792734643765592"", ""0.9961029468929758"", ""0.9803160475980106"", ""1.0538539123803905"", ""1.0234344223577252""]"
robustness,reports/tables/robustness_rebalance_frequency.csv,monthly_annualized_alpha_vs_spy,float64,5,0.0,5,"[""0.0524038211051848"", ""0.039674418367476"", ""0.0560577733034112"", ""0.0637354227119744"", ""0.0591184702766035""]"
robustness,reports/tables/robustness_rebalance_frequency.csv,monthly_excess_cagr,float64,5,0.0,5,"[""0.0579422999925511"", ""0.0456128130256143"", ""0.0629818397342552"", ""0.0893061602489768"", ""0.0768320048657251""]"
robustness,reports/tables/robustness_rebalance_frequency.csv,monthly_rebalances,int64,5,0.0,1,"[""73""]"
robustness,reports/tables/robustness_rebalance_frequency.csv,monthly_total_transaction_cost,float64,5,0.0,5,"[""36339.63310513358"", ""29098.575478442704"", ""41136.09392941149"", ""39008.67104743337"", ""35310.23726781629""]"
robustness,reports/tables/robustness_rebalance_frequency.csv,monthly_total_traded_notional,float64,5,0.0,5,"[""70429645.26893939"", ""56406016.16414866"", ""79710399.29407312"", ""75926919.62708102"", ""68548249.76886837""]"
robustness,reports/tables/robustness_rebalance_frequency.csv,monthly_mean_one_way_turnover,float64,5,0.0,5,"[""0.2514911594141348"", ""0.2104103215655283"", ""0.2891650658721689"", ""0.248627721176278"", ""0.231729525398509""]"
robustness,reports/tables/robustness_rebalance_frequency.csv,monthly_mean_two_way_turnover,float64,5,0.0,5,"[""0.5027228320293474"", ""0.4206035446999942"", ""0.5780317160287393"", ""0.4970000238027556"", ""0.4632203871950067""]"
robustness,reports/tables/robustness_rebalance_frequency.csv,monthly_effective_cost_bps,float64,5,0.0,5,"[""5.159706962369146"", ""5.158771609354959"", ""5.160693497174612"", ""5.137660165725999"", ""5.151150815210552""]"
robustness,reports/tables/robustness_rebalance_frequency.csv,quarterly_final_portfolio_value,float64,5,0.0,5,"[""4258274.262585837"", ""4232612.05704892"", ""3939652.113913325"", ""4958949.99629843"", ""4497883.585540921""]"
robustness,reports/tables/robustness_rebalance_frequency.csv,quarterly_total_return,float64,5,0.0,5,"[""3.2582742625858376"", ""3.23261205704892"", ""2.939652113913325"", ""3.958949996298429"", ""3.4978835855409214""]"
robustness,reports/tables/robustness_rebalance_frequency.csv,quarterly_cagr,float64,5,0.0,5,"[""0.269913478307453"", ""0.2686481386056505"", ""0.2537293285408388"", ""0.3022209967415887"", ""0.2814305435713133""]"
robustness,reports/tables/robustness_rebalance_frequency.csv,quarterly_annualized_volatility,float64,5,0.0,5,"[""0.1845449530474356"", ""0.1862443142860072"", ""0.1851513047516474"", ""0.1942513361472087"", ""0.1887821385741134""]"
robustness,reports/tables/robustness_rebalance_frequency.csv,quarterly_sharpe_ratio,float64,5,0.0,5,"[""1.3875376083598308"", ""1.3712111998697476"", ""1.3142891409812278"", ""1.4571322400937647"", ""1.4084874457289622""]"
robustness,reports/tables/robustness_rebalance_frequency.csv,quarterly_sortino_ratio,float64,5,0.0,5,"[""2.067529959710172"", ""2.04015070849604"", ""1.9419336089678776"", ""2.171175449530425"", ""2.092700925789541""]"
robustness,reports/tables/robustness_rebalance_frequency.csv,quarterly_maximum_drawdown,float64,5,0.0,5,"[""-0.2316015241129183"", ""-0.2494845221227024"", ""-0.256399162016014"", ""-0.2587622635818045"", ""-0.2553742506709332""]"
robustness,reports/tables/robustness_rebalance_frequency.csv,quarterly_beta_vs_spy,float64,5,0.0,5,"[""0.9934576717288588"", ""1.0032897423580414"", ""0.996895124748742"", ""1.057529106374111"", ""1.029217957576257""]"
robustness,reports/tables/robustness_rebalance_frequency.csv,quarterly_annualized_alpha_vs_spy,float64,5,0.0,5,"[""0.0525638463865707"", ""0.049867078376994"", ""0.039139007256964"", ""0.0664263176280604"", ""0.0550729423148019""]"
robustness,reports/tables/robustness_rebalance_frequency.csv,quarterly_excess_cagr,float64,5,0.0,5,"[""0.0615244395897005"", ""0.060259099887898"", ""0.0453402898230863"", ""0.0938319580238362"", ""0.0730415048535608""]"
robustness,reports/tables/robustness_rebalance_frequency.csv,quarterly_rebalances,int64,5,0.0,1,"[""25""]"
robustness,reports/tables/robustness_rebalance_frequency.csv,quarterly_total_transaction_cost,float64,5,0.0,5,"[""22869.613680044084"", ""20084.026498075724"", ""21997.68556053835"", ""21593.095267358756"", ""19557.69303745384""]"
robustness,reports/tables/robustness_rebalance_frequency.csv,quarterly_total_traded_notional,float64,5,0.0,5,"[""44140327.43548109"", ""38763491.021402605"", ""42540376.77316088"", ""41854351.235656135"", ""37877446.52770856""]"
robustness,reports/tables/robustness_rebalance_frequency.csv,quarterly_mean_one_way_turnover,float64,5,0.0,5,"[""0.3788907493715366"", ""0.3472503641603993"", ""0.4040790887181599"", ""0.3394216925312291"", ""0.3299476681542686""]"
robustness,reports/tables/robustness_rebalance_frequency.csv,quarterly_mean_two_way_turnover,float64,5,0.0,5,"[""0.7174510359311526"", ""0.6542028638841749"", ""0.7678022754716199"", ""0.638555217314549"", ""0.6196166049590289""]"
robustness,reports/tables/robustness_rebalance_frequency.csv,quarterly_effective_cost_bps,float64,5,0.0,5,"[""5.181115548694575"", ""5.181170727627878"", ""5.171013335833193"", ""5.159104042918095"", ""5.163413806985844""]"
robustness,reports/tables/robustness_rebalance_frequency.csv,quarterly_minus_monthly_cagr,float64,5,0.0,5,"[""0.0035821395971493"", ""0.0146462868622836"", ""-0.0176415499111688"", ""0.0045257977748593"", ""-0.0037905000121642""]"
robustness,reports/tables/robustness_rebalance_frequency.csv,quarterly_minus_monthly_sharpe,float64,5,0.0,5,"[""0.0071666733157105"", ""0.0611363706802039"", ""-0.0916865969302913"", ""0.0195433365223485"", ""-0.0187057387966571""]"
robustness,reports/tables/robustness_rebalance_frequency.csv,quarterly_minus_monthly_drawdown,float64,5,0.0,5,"[""-0.0218799630863372"", ""-0.0212903675174274"", ""-0.0482594675712247"", ""-0.0272955579126384"", ""-0.028344430107778""]"
robustness,reports/tables/robustness_rebalance_frequency.csv,transaction_cost_reduction_fraction,float64,5,0.0,5,"[""0.3706702097437145"", ""0.3097934806824234"", ""0.4652461267157298"", ""0.4464539629893518"", ""0.4461183342067257""]"
robustness,reports/tables/robustness_rolling_window_summary.csv,window_months,int64,15,0.0,3,"[""12"", ""24"", ""36""]"
robustness,reports/tables/robustness_rolling_window_summary.csv,strategy_name,str,15,0.0,5,"[""score_weighted"", ""top_n_equal_weight"", ""median_mad_de"", ""cvar"", ""alpha_risk_turnover""]"
robustness,reports/tables/robustness_rolling_window_summary.csv,windows,int64,15,0.0,3,"[""66"", ""54"", ""42""]"
robustness,reports/tables/robustness_rolling_window_summary.csv,mean_cagr,float64,15,0.0,15,"[""0.2670885219218405"", ""0.2558123899778642"", ""0.2372565664888774"", ""0.2186988493441486"", ""0.233292590936958""]"
robustness,reports/tables/robustness_rolling_window_summary.csv,median_cagr,float64,15,0.0,15,"[""0.282334881725457"", ""0.267805106302464"", ""0.2333475703804868"", ""0.208017917274726"", ""0.2170487984497915""]"
robustness,reports/tables/robustness_rolling_window_summary.csv,cagr_10th_percentile,float64,15,0.0,15,"[""0.0080992317890884"", ""0.0126688928024504"", ""0.0379803185316296"", ""0.0044245910374801"", ""0.0274310404792514""]"
robustness,reports/tables/robustness_rolling_window_summary.csv,minimum_cagr,float64,15,0.0,15,"[""-0.1195801953675133"", ""-0.1116930596817771"", ""-0.0578387869807788"", ""-0.0739256962498704"", ""-0.0543265700934491""]"
robustness,reports/tables/robustness_rolling_window_summary.csv,positive_cagr_window_ratio,float64,15,0.0,4,"[""0.9090909090909092"", ""0.9393939393939394"", ""0.9242424242424242"", ""1.0""]"
robustness,reports/tables/robustness_rolling_window_summary.csv,mean_sharpe,float64,15,0.0,15,"[""1.4707280907798024"", ""1.4645766966780172"", ""1.403680071385585"", ""1.2772227495297237"", ""1.374415131413479""]"
robustness,reports/tables/robustness_rolling_window_summary.csv,median_sharpe,float64,15,0.0,15,"[""1.4628864918291122"", ""1.4369405369514747"", ""1.162906007085032"", ""1.1302210285306598"", ""1.1244832413346726""]"
robustness,reports/tables/robustness_rolling_window_summary.csv,sharpe_10th_percentile,float64,15,0.0,15,"[""0.161072280447388"", ""0.1757678859488336"", ""0.2808792324068054"", ""0.1372676654907179"", ""0.2308744059989572""]"
robustness,reports/tables/robustness_rolling_window_summary.csv,minimum_sharpe,float64,15,0.0,15,"[""-0.3466955496794617"", ""-0.3310298091635076"", ""-0.1265023589935979"", ""-0.1837075895080228"", ""-0.1030029346574987""]"
robustness,reports/tables/robustness_rolling_window_summary.csv,positive_excess_cagr_window_ratio,float64,15,0.0,10,"[""1.0"", ""0.9696969696969696"", ""0.9090909090909092"", ""0.7727272727272727"", ""0.8181818181818182""]"
robustness,reports/tables/robustness_rolling_window_summary.csv,median_excess_cagr,float64,15,0.0,15,"[""0.0832079880322836"", ""0.0785576587192867"", ""0.0533080244756326"", ""0.0341797113946925"", ""0.050124179289307""]"
robustness,reports/tables/robustness_rolling_window_summary.csv,worst_maximum_drawdown,float64,15,0.0,5,"[""-0.3434979632110362"", ""-0.3371349201378667"", ""-0.3273252082835365"", ""-0.3262874888658646"", ""-0.3417954255229526""]"
robustness,reports/tables/robustness_universe_exclusion_results.csv,strategy_name,str,13,0.0,13,"[""full_universe"", ""leave_out_sector_communication_services"", ""leave_out_sector_consumer_discretionary"", ""leave_out_sector_consumer_staples"", ""leave_out_sector_energy""]"
robustness,reports/tables/robustness_universe_exclusion_results.csv,scenario_type,str,13,0.0,4,"[""baseline"", ""leave_one_sector_out"", ""liquidity_concentration_proxy"", ""named_sector_exclusion""]"
robustness,reports/tables/robustness_universe_exclusion_results.csv,excluded_group,str,12,0.07692307692307693,12,"[""Communication Services"", ""Consumer Discretionary"", ""Consumer Staples"", ""Energy"", ""Financials""]"
robustness,reports/tables/robustness_universe_exclusion_results.csv,is_baseline,bool,13,0.0,2,"[""True"", ""False""]"
robustness,reports/tables/robustness_universe_exclusion_results.csv,minimum_eligible_stocks,int64,13,0.0,9,"[""50"", ""46"", ""44"", ""45"", ""47""]"
robustness,reports/tables/robustness_universe_exclusion_results.csv,mean_eligible_stocks,float64,13,0.0,9,"[""50.0"", ""46.0"", ""44.0"", ""45.0"", ""47.0""]"
robustness,reports/tables/robustness_universe_exclusion_results.csv,maximum_eligible_stocks,int64,13,0.0,9,"[""50"", ""46"", ""44"", ""45"", ""47""]"
robustness,reports/tables/robustness_universe_exclusion_results.csv,eligible_sectors,int64,13,0.0,2,"[""11"", ""10""]"
robustness,reports/tables/robustness_universe_exclusion_results.csv,final_portfolio_value,float64,13,0.0,13,"[""4040172.810593051"", ""3992275.096674768"", ""3756619.6018828014"", ""3998371.727268838"", ""3952648.8340110895""]"
robustness,reports/tables/robustness_universe_exclusion_results.csv,total_return,float64,13,0.0,13,"[""3.0401728105930506"", ""2.9922750966747684"", ""2.7566196018828024"", ""2.9983717272688377"", ""2.952648834011089""]"
robustness,reports/tables/robustness_universe_exclusion_results.csv,cagr,float64,13,0.0,13,"[""0.2442704105223554"", ""0.2419498860023805"", ""0.2301788626855889"", ""0.242246552583756"", ""0.2400122744979724""]"
robustness,reports/tables/robustness_universe_exclusion_results.csv,annualized_volatility,float64,13,0.0,13,"[""0.2244376929345491"", ""0.2202835821074739"", ""0.2138794125793081"", ""0.2283709999773104"", ""0.2245438408628004""]"
robustness,reports/tables/robustness_universe_exclusion_results.csv,sharpe_ratio,float64,13,0.0,13,"[""1.086881074531349"", ""1.0946664112134048"", ""1.0762328252734374"", ""1.0649366086351857"", ""1.0710953733787194""]"
robustness,reports/tables/robustness_universe_exclusion_results.csv,sortino_ratio,float64,13,0.0,13,"[""1.5551819576923949"", ""1.5684787521758348"", ""1.5485830147331752"", ""1.5231396529057244"", ""1.5397442256859175""]"
robustness,reports/tables/robustness_universe_exclusion_results.csv,maximum_drawdown,float64,13,0.0,13,"[""-0.3434979632110363"", ""-0.3542839896849625"", ""-0.3369682994092245"", ""-0.3424811569053457"", ""-0.3318821237291165""]"
robustness,reports/tables/robustness_universe_exclusion_results.csv,beta_vs_spy,float64,13,0.0,13,"[""1.0622843768589336"", ""1.0381634263942567"", ""1.0116000802396643"", ""1.0809888500884652"", ""1.0642838493928506""]"
robustness,reports/tables/robustness_universe_exclusion_results.csv,annualized_alpha_vs_spy,float64,13,0.0,13,"[""0.0672309275417084"", ""0.0684432948739949"", ""0.0619089923522966"", ""0.0633830812309248"", ""0.0634691126265553""]"
robustness,reports/tables/robustness_universe_exclusion_results.csv,excess_cagr,float64,13,0.0,13,"[""0.0877285178731861"", ""0.0854079933532112"", ""0.0736369700364196"", ""0.0857046599345867"", ""0.0834703818488031""]"
robustness,reports/tables/robustness_universe_exclusion_results.csv,total_transaction_cost,float64,13,0.0,13,"[""42012.90342213739"", ""38338.12444955552"", ""34900.00807579801"", ""38402.42046593698"", ""39528.89885160695""]"
robustness,reports/tables/robustness_universe_exclusion_results.csv,total_traded_notional,float64,13,0.0,13,"[""81775981.91486195"", ""74706056.16075908"", ""68067188.40999237"", ""74786078.43897307"", ""77071623.17919424""]"
robustness,reports/tables/robustness_universe_exclusion_results.csv,mean_two_way_turnover,float64,13,0.0,13,"[""0.5048087659038759"", ""0.4723559566641355"", ""0.4650383572058668"", ""0.4668859894513299"", ""0.4903264516476563""]"
robustness,reports/tables/robustness_universe_exclusion_results.csv,mean_one_way_turnover,float64,13,0.0,13,"[""0.259020939917959"", ""0.2427860945872292"", ""0.239125286436729"", ""0.2400497626655116"", ""0.2517758565552102""]"
robustness,reports/tables/robustness_universe_exclusion_results.csv,mean_positions,float64,13,0.0,1,"[""25.0""]"
robustness,reports/tables/robustness_universe_exclusion_results.csv,maximum_weight,float64,13,0.0,1,"[""0.05""]"
robustness,reports/tables/robustness_universe_exclusion_results.csv,maximum_sector_weight,float64,13,0.0,3,"[""0.2500000000000001"", ""0.2500000000000002"", ""0.2476039260969977""]"
robustness,reports/tables/robustness_universe_exclusion_results.csv,mean_effective_positions,float64,13,0.0,13,"[""24.17602535713524"", ""24.01032114867664"", ""23.99695953441156"", ""24.04383412411306"", ""24.090336812066692""]"
robustness,reports/tables/robustness_universe_exclusion_results.csv,construction_one_way_turnover,float64,13,0.0,13,"[""0.2332246231397226"", ""0.2168435719850379"", ""0.214045555232591"", ""0.2131141521758678"", ""0.2260781557530214""]"
robustness,reports/tables/robustness_universe_exclusion_results.csv,effective_cost_bps,float64,13,0.0,13,"[""5.137560251600228"", ""5.1318629867244185"", ""5.1272880356954245"", ""5.134969136973015"", ""5.128852516794783""]"
robustness,reports/tables/robustness_universe_exclusion_results.csv,cagr_difference_vs_full,float64,13,0.0,13,"[""0.0"", ""-0.0023205245199748"", ""-0.0140915478367664"", ""-0.0020238579385993"", ""-0.0042581360243829""]"
robustness,reports/tables/robustness_universe_exclusion_results.csv,sharpe_difference_vs_full,float64,13,0.0,13,"[""0.0"", ""0.0077853366820557"", ""-0.0106482492579116"", ""-0.0219444658961636"", ""-0.0157857011526296""]"
robustness,reports/tables/robustness_universe_exclusion_results.csv,drawdown_difference_vs_full,float64,13,0.0,13,"[""0.0"", ""-0.0107860264739262"", ""0.0065296638018117"", ""0.0010168063056905"", ""0.0116158394819197""]"
robustness,reports/tables/robustness_regime_performance.csv,regime,str,30,0.0,6,"[""bear_market_2022"", ""covid_crash"", ""covid_recovery_2020_2021"", ""expansion_2023_2024"", ""pre_covid_available""]"
robustness,reports/tables/robustness_regime_performance.csv,strategy_name,str,30,0.0,5,"[""alpha_risk_turnover"", ""cvar"", ""median_mad_de"", ""score_weighted"", ""top_n_equal_weight""]"
robustness,reports/tables/robustness_regime_performance.csv,start_date,str,30,0.0,6,"[""2022-01-03"", ""2020-02-19"", ""2020-03-24"", ""2023-01-03"", ""2020-02-03""]"
robustness,reports/tables/robustness_regime_performance.csv,end_date,str,30,0.0,6,"[""2022-12-30"", ""2020-03-23"", ""2021-12-31"", ""2024-12-31"", ""2020-02-18""]"
robustness,reports/tables/robustness_regime_performance.csv,trading_days,int64,30,0.0,6,"[""251"", ""24"", ""449"", ""502"", ""11""]"
robustness,reports/tables/robustness_regime_performance.csv,initial_capital,float64,30,0.0,1,"[""1000000.0""]"
robustness,reports/tables/robustness_regime_performance.csv,final_portfolio_value,float64,30,0.0,30,"[""945883.0698404304"", ""926356.58189266"", ""942383.9889951162"", ""880864.8660037057"", ""888724.5354518453""]"
robustness,reports/tables/robustness_regime_performance.csv,total_return,float64,30,0.0,30,"[""-0.0541169301595695"", ""-0.0736434181073401"", ""-0.0576160110048837"", ""-0.1191351339962943"", ""-0.1112754645481547""]"
robustness,reports/tables/robustness_regime_performance.csv,cagr,float64,30,0.0,30,"[""-0.0543265700934491"", ""-0.0739256962498704"", ""-0.0578387869807788"", ""-0.1195801953675133"", ""-0.1116930596817771""]"
robustness,reports/tables/robustness_regime_performance.csv,annualized_volatility,float64,30,0.0,30,"[""0.2471264763204662"", ""0.2493942125203819"", ""0.2414241684685983"", ""0.2658115157873121"", ""0.2577696079305196""]"
robustness,reports/tables/robustness_regime_performance.csv,sharpe_ratio,float64,30,0.0,30,"[""-0.1030029346574987"", ""-0.1837075895080228"", ""-0.1265023589935979"", ""-0.3466955496794617"", ""-0.3310298091635076""]"
robustness,reports/tables/robustness_regime_performance.csv,sortino_ratio,float64,30,0.0,30,"[""-0.1479783631792217"", ""-0.2610528361198507"", ""-0.1793237956469094"", ""-0.4919003880619876"", ""-0.4690311600643903""]"
robustness,reports/tables/robustness_regime_performance.csv,maximum_drawdown,float64,30,0.0,30,"[""-0.2097215610265815"", ""-0.228194154605275"", ""-0.2081396944447895"", ""-0.2314667056691662"", ""-0.2270298205631541""]"
robustness,reports/tables/robustness_regime_performance.csv,calmar_ratio,float64,30,0.0,30,"[""-0.2590414158063766"", ""-0.3239596403235893"", ""-0.2778844618517538"", ""-0.5166194205849562"", ""-0.4919752806248941""]"
robustness,reports/tables/robustness_regime_performance.csv,positive_day_ratio,float64,30,0.0,25,"[""0.4581673306772908"", ""0.4661354581673306"", ""0.4741035856573705"", ""0.4422310756972111"", ""0.4541832669322709""]"
robustness,reports/tables/robustness_regime_performance.csv,beta_vs_spy,float64,30,0.0,30,"[""0.99402856280736"", ""1.006368270706128"", ""0.9710422774612189"", ""1.0747488975535795"", ""1.0439370370200451""]"
robustness,reports/tables/robustness_regime_performance.csv,annualized_alpha_vs_spy,float64,30,0.0,30,"[""0.1455434763617741"", ""0.1273053630604033"", ""0.1365032753323234"", ""0.0927285124336526"", ""0.0942543331631481""]"
robustness,reports/tables/robustness_regime_performance.csv,correlation_vs_spy,float64,30,0.0,30,"[""0.9751359933883283"", ""0.9782642093204263"", ""0.9750861650935502"", ""0.9802092947355016"", ""0.9818116813748125""]"
robustness,reports/tables/robustness_regime_performance.csv,tracking_error_vs_spy,float64,30,0.0,30,"[""0.0547841608211464"", ""0.0517380049191549"", ""0.0540124297414689"", ""0.0556539659256535"", ""0.050085209340417""]"
robustness,reports/tables/robustness_regime_performance.csv,information_ratio_vs_spy,float64,30,0.0,30,"[""2.6754213889954626"", ""2.439403268631636"", ""2.619484844127728"", ""1.4351142281813256"", ""1.730970978298068""]"
robustness,reports/tables/robustness_regime_performance.csv,benchmark_total_return,float64,30,0.0,6,"[""-0.1817539295653512"", ""-0.3340034351875559"", ""1.1861991345067628"", ""0.5757652233478756"", ""0.0408586472676872""]"
robustness,reports/tables/robustness_regime_performance.csv,excess_total_return,float64,30,0.0,30,"[""0.1276369994057816"", ""0.1081105114580111"", ""0.1241379185604674"", ""0.0626187955690568"", ""0.0704784650171964""]"
robustness,reports/tables/robustness_regime_performance.csv,benchmark_cagr,float64,30,0.0,6,"[""-0.182407587673546"", ""-0.9859894273786836"", ""0.551136111250637"", ""0.256432509889801"", ""1.5028181010109467""]"
robustness,reports/tables/robustness_regime_performance.csv,excess_cagr,float64,30,0.0,30,"[""0.1280810175800969"", ""0.1084818914236755"", ""0.1245688006927672"", ""0.0628273923060327"", ""0.0707145279917689""]"
robustness,reports/tables/robustness_regime_performance.csv,total_transaction_cost,float64,30,0.0,30,"[""5888.569052704408"", ""4418.001502835424"", ""6256.660337476547"", ""5669.580885765636"", ""5227.867082420501""]"
robustness,reports/tables/robustness_regime_performance.csv,total_traded_notional,float64,30,0.0,30,"[""11445446.98824048"", ""8581820.630474333"", ""12156048.760756988"", ""11066976.08180255"", ""10181985.769364338""]"
robustness,reports/tables/robustness_regime_performance.csv,total_two_way_turnover,float64,30,0.0,30,"[""6.9250947612820095"", ""5.252284968564041"", ""7.370394816077442"", ""6.45785922449649"", ""6.032801233623401""]"
robustness,reports/tables/robustness_regime_performance.csv,mean_rebalance_two_way_turnover,float64,30,0.0,30,"[""0.5770912301068342"", ""0.4376904140470034"", ""0.6141995680064535"", ""0.5381549353747074"", ""0.5027334361352834""]"
robustness,reports/tables/robustness_regime_performance.csv,window_start,str,30,0.0,6,"[""2022-01-03"", ""2020-02-19"", ""2020-03-24"", ""2023-01-03"", ""2020-02-03""]"
robustness,reports/tables/robustness_regime_performance.csv,window_end,str,30,0.0,6,"[""2022-12-30"", ""2020-03-23"", ""2021-12-31"", ""2024-12-31"", ""2020-02-18""]"
robustness,reports/tables/robustness_regime_performance.csv,short_sample_warning,bool,30,0.0,2,"[""False"", ""True""]"
data_quality,reports/tables/modeling_panel_leakage_checks.csv,check,str,21,0.0,21,"[""unique_panel_keys"", ""valid_panel_identifiers"", ""technical_point_in_time"", ""binary_has_target"", ""complete_target_tuples""]"
data_quality,reports/tables/modeling_panel_leakage_checks.csv,status,str,21,0.0,1,"[""PASS""]"
data_quality,reports/tables/modeling_panel_leakage_checks.csv,violations,int64,21,0.0,1,"[""0""]"
data_quality,reports/tables/modeling_panel_leakage_checks.csv,description,str,21,0.0,21,"[""Every modeling row must have a unique as_of_date-ticker key."", ""Dates, tickers and sectors must be valid."", ""Technical market information must not extend beyond as_of_date."", ""has_target must contain only 0 or 1."", ""Modeling rows need complete targets and inference rows must contain none.""]"
data_quality,reports/tables/modeling_panel_readiness_checks.csv,check,str,17,0.0,17,"[""canonical_column_order"", ""unique_column_names"", ""candidate_feature_count"", ""numeric_predictors"", ""finite_predictors""]"
data_quality,reports/tables/modeling_panel_readiness_checks.csv,status,str,17,0.0,1,"[""PASS""]"
data_quality,reports/tables/modeling_panel_readiness_checks.csv,violations,int64,17,0.0,1,"[""0""]"
data_quality,reports/tables/modeling_panel_readiness_checks.csv,description,str,17,0.0,17,"[""The stored panel must follow the canonical MODELING_PANEL_COLUMNS schema exactly."", ""The modeling panel must not contain duplicated column names."", ""The current master-panel contract expects exactly 91 candidate predictors."", ""Every non-missing candidate predictor must be numeric."", ""Candidate predictors may be NaN but must never contain infinity.""]"
data_quality,reports/tables/walk_forward_readiness_checks.csv,check,str,19,0.0,19,"[""folds_exist"", ""sequential_fold_ids"", ""unique_test_dates"", ""strictly_increasing_test_dates"", ""complete_oos_date_coverage""]"
data_quality,reports/tables/walk_forward_readiness_checks.csv,status,str,19,0.0,1,"[""PASS""]"
data_quality,reports/tables/walk_forward_readiness_checks.csv,violations,int64,19,0.0,1,"[""0""]"
data_quality,reports/tables/walk_forward_readiness_checks.csv,description,str,19,0.0,19,"[""At least one definitive walk-forward fold must exist."", ""Fold IDs must be sequential and deterministic."", ""Every out-of-sample month must be tested exactly once."", ""Out-of-sample test dates must advance strictly through time."", ""Every completed modeling month from the first OOS date onward must be tested.""]"
data_quality,reports/tables/risk_estimate_checks.csv,check,str,12,0.0,12,"[""unique_keys"", ""signal_coverage"", ""market_point_in_time"", ""spy_point_in_time"", ""risk_window_point_in_time""]"
data_quality,reports/tables/risk_estimate_checks.csv,status,str,12,0.0,1,"[""PASS""]"
data_quality,reports/tables/risk_estimate_checks.csv,violations,int64,12,0.0,1,"[""0""]"
data_quality,reports/tables/risk_estimate_checks.csv,description,str,12,0.0,12,"[""Risk estimates must have one row per date and ticker."", ""Risk estimates must exactly match the final signal universe."", ""Market observations must not extend beyond as_of_date."", ""SPY observations must not extend beyond as_of_date."", ""Risk estimation windows must end on or before as_of_date.""]"
data_quality,reports/tables/covariance_checks.csv,check,str,11,0.0,11,"[""unique_matrix_keys"", ""signal_date_coverage"", ""matrix_dimensions"", ""ticker_coverage"", ""matrix_symmetry""]"
data_quality,reports/tables/covariance_checks.csv,status,str,11,0.0,1,"[""PASS""]"
data_quality,reports/tables/covariance_checks.csv,violations,int64,11,0.0,1,"[""0""]"
data_quality,reports/tables/covariance_checks.csv,description,str,11,0.0,11,"[""Every date and ticker pair must appear exactly once."", ""Covariance dates must exactly match the final alpha signal dates."", ""Every covariance matrix must contain the complete cross-product of assets."", ""Every matrix must contain exactly the signal universe for that date."", ""Every covariance matrix must be symmetric.""]"
data_quality,reports/tables/all_method_portfolio_checks.csv,scope,str,27,0.0,4,"[""all_methods"", ""alpha_risk_turnover"", ""cvar"", ""median_mad_de""]"
data_quality,reports/tables/all_method_portfolio_checks.csv,check,str,27,0.0,18,"[""unique_weight_keys"", ""fully_invested"", ""long_only"", ""security_weight_limit"", ""sector_weight_limit""]"
data_quality,reports/tables/all_method_portfolio_checks.csv,status,str,27,0.0,1,"[""PASS""]"
data_quality,reports/tables/all_method_portfolio_checks.csv,violations,int64,27,0.0,1,"[""0""]"
data_quality,reports/tables/all_method_portfolio_checks.csv,description,str,27,0.0,27,"[""Target weights must have unique method-date-ticker keys."", ""Every portfolio must sum to one."", ""Portfolio weights must be long-only."", ""No security may exceed its maximum weight."", ""No sector may exceed its maximum portfolio weight.""]"
data_quality,reports/tables/all_methods_execution_checks.csv,check,str,8,0.0,8,"[""expected_methods"", ""aligned_backtest_dates"", ""expected_rebalances"", ""positive_portfolio_values"", ""nonnegative_transaction_costs""]"
data_quality,reports/tables/all_methods_execution_checks.csv,status,str,8,0.0,1,"[""PASS""]"
data_quality,reports/tables/all_methods_execution_checks.csv,violations,int64,8,0.0,1,"[""0""]"
data_quality,reports/tables/all_methods_execution_checks.csv,description,str,8,0.0,8,"[""Gross and net backtests must contain all five portfolio methods."", ""All methods must use identical trading dates."", ""Every method must execute every scheduled rebalance."", ""Gross and net portfolio values must remain positive."", ""Execution costs cannot be negative.""]"
data_quality,reports/tables/robustness_evaluation_check_inventory.csv,suite,str,17,0.0,17,"[""temporal_robustness"", ""transaction_cost_sensitivity"", ""monthly_portfolio_bootstrap"", ""final_signal_statistics"", ""portfolio_parameter_sensitivity""]"
data_quality,reports/tables/robustness_evaluation_check_inventory.csv,category,str,17,0.0,5,"[""temporal"", ""parameters"", ""statistics"", ""universe"", ""ablation""]"
data_quality,reports/tables/robustness_evaluation_check_inventory.csv,artifact,str,17,0.0,17,"[""C:\\Users\\Usuario\\Documents\\PROYECTO_FINTECH\\institutional-quant-equity\\reports\\tables\\robustness_temporal_checks.csv"", ""C:\\Users\\Usuario\\Documents\\PROYECTO_FINTECH\\institutional-quant-equity\\reports\\tables\\transaction_cost_sensitivity_checks.csv"", ""C:\\Users\\Usuario\\Documents\\PROYECTO_FINTECH\\institutional-quant-equity\\reports\\tables\\bootstrap_robustness_checks.csv"", ""C:\\Users\\Usuario\\Documents\\PROYECTO_FINTECH\\institutional-quant-equity\\reports\\tables\\robustness_final_signal_checks.csv"", ""C:\\Users\\Usuario\\Documents\\PROYECTO_FINTECH\\institutional-quant-equity\\reports\\tables\\robustness_portfolio_parameter_checks.csv""]"
data_quality,reports/tables/robustness_evaluation_check_inventory.csv,artifact_exists,bool,17,0.0,1,"[""True""]"
data_quality,reports/tables/robustness_evaluation_check_inventory.csv,checks,int64,17,0.0,9,"[""8"", ""7"", ""9"", ""10"", ""11""]"
data_quality,reports/tables/robustness_evaluation_check_inventory.csv,passed_checks,int64,17,0.0,9,"[""8"", ""7"", ""9"", ""10"", ""11""]"
data_quality,reports/tables/robustness_evaluation_check_inventory.csv,failed_checks,int64,17,0.0,1,"[""0""]"
data_quality,reports/tables/robustness_evaluation_check_inventory.csv,suite_status,str,17,0.0,1,"[""PASS""]"
