signal,as_of_date,bottom_quintile_return,top_quintile_return,top_bottom_spread,quintile_monotonicity
momentum_12_1_sector_neutral,2015-01-30,0.0010941028904734695,0.026574266056346673,0.025480163165873204,0.09999999999999999
momentum_12_1_sector_neutral,2015-02-27,-0.011843035840581806,0.014977664877558949,0.026820700718140755,0.8999999999999998
momentum_12_1_sector_neutral,2015-03-31,0.048267482155471275,0.0021219931447828966,-0.04614548901068838,-0.39999999999999997
momentum_12_1_sector_neutral,2015-04-30,-0.0033440796388819693,0.03055945176172715,0.03390353140060912,0.6
momentum_12_1_sector_neutral,2015-05-29,0.002400196464442628,0.004443790465128716,0.0020435940006860885,0.49999999999999994
momentum_12_1_sector_neutral,2015-06-30,0.0053287939012668815,0.01112053729552911,0.005791743394262228,0.3
momentum_12_1_sector_neutral,2015-07-31,-0.006089201767859764,0.01161406190823754,0.017703263676097303,0.6
momentum_12_1_sector_neutral,2015-08-31,-0.019869329205498987,0.00687024268744788,0.026739571892946866,0.3
momentum_12_1_sector_neutral,2015-09-30,-0.0004663141789377101,-0.015006672010163258,-0.014540357831225547,-0.49999999999999994
momentum_12_1_sector_neutral,2015-10-30,-0.012034915105611466,0.04099942014713309,0.053034335252744556,0.39999999999999997
momentum_12_1_sector_neutral,2015-11-30,-0.004672917225118134,0.021632123144612103,0.026305040369730238,0.49999999999999994
momentum_12_1_sector_neutral,2015-12-31,0.015074867848406826,-0.018821888124945486,-0.033896755973352316,-0.09999999999999999
momentum_12_1_sector_neutral,2016-01-29,0.023288215298609603,-0.0019561256347871204,-0.025244340933396725,-0.19999999999999998
momentum_12_1_sector_neutral,2016-02-29,0.01217476475685022,0.010162598183674343,-0.0020121665731758775,-0.39999999999999997
momentum_12_1_sector_neutral,2016-03-31,-0.0138871183139889,-0.012304292321277055,0.0015828259927118445,0.0
momentum_12_1_sector_neutral,2016-04-29,0.004466783121427398,0.044892106533211,0.0404253234117836,0.3
momentum_12_1_sector_neutral,2016-05-31,-0.037737478958054405,0.000856923500618012,0.03859440245867242,0.6
momentum_12_1_sector_neutral,2016-06-30,0.006711155858643014,0.025890075530425792,0.019178919671782778,0.09999999999999999
momentum_12_1_sector_neutral,2016-07-29,0.011403697810827385,-0.002410209711801059,-0.013813907522628444,-0.49999999999999994
momentum_12_1_sector_neutral,2016-08-31,-0.005004867262497115,0.030356051021019338,0.03536091828351645,0.7999999999999999
momentum_12_1_sector_neutral,2016-09-30,0.015168057682211345,0.0028397991866821793,-0.012328258495529166,-0.6
momentum_12_1_sector_neutral,2016-10-31,0.003930842253609479,-0.005413896048603451,-0.00934473830221293,-0.49999999999999994
momentum_12_1_sector_neutral,2016-11-30,0.013763429344723698,-0.0031874652407468673,-0.016950894585470565,-0.8999999999999998
momentum_12_1_sector_neutral,2016-12-30,0.03633093194024922,0.019836431141126966,-0.016494500799122257,-0.7
momentum_12_1_sector_neutral,2017-01-31,0.03171336033580241,-0.015457043047962504,-0.047170403383764915,-0.8999999999999998
momentum_12_1_sector_neutral,2017-02-28,0.0031076531649960604,-0.004192239909037531,-0.007299893074033592,-0.7
momentum_12_1_sector_neutral,2017-03-31,-0.02084237559823828,-0.01970699035403134,0.001135385244206942,0.09999999999999999
momentum_12_1_sector_neutral,2017-04-28,-0.024891088969791864,0.029560932616801493,0.05445202158659336,0.8999999999999998
momentum_12_1_sector_neutral,2017-05-31,0.020686510522520518,0.014761393247890265,-0.005925117274630253,-0.3
momentum_12_1_sector_neutral,2017-06-30,-0.007188421219232521,0.021917198159371508,0.02910561937860403,0.6
momentum_12_1_sector_neutral,2017-07-31,-0.016251936542978396,0.008351411904364359,0.024603348447342757,0.49999999999999994
momentum_12_1_sector_neutral,2017-08-31,0.009990822698860502,-0.009098305067076661,-0.019089127765937165,-0.49999999999999994
momentum_12_1_sector_neutral,2017-09-29,-0.030080259351001403,0.021855000718804262,0.051935260069805665,0.8999999999999998
momentum_12_1_sector_neutral,2017-10-31,0.041591876207559976,-0.012235306739285013,-0.05382718294684499,-0.7
momentum_12_1_sector_neutral,2017-11-30,0.02212680918562835,0.005150947511122795,-0.016975861674505557,-0.3
momentum_12_1_sector_neutral,2017-12-29,-0.0002655937480443793,0.08997380303544418,0.09023939678348857,0.3
momentum_12_1_sector_neutral,2018-01-31,-0.012633616452157237,0.014863872275215451,0.02749748872737269,0.9999999999999999
momentum_12_1_sector_neutral,2018-02-28,-0.015872014116168898,-0.009494294023730188,0.006377720092438709,0.3
momentum_12_1_sector_neutral,2018-03-29,-0.0021806236379827704,0.01930129886852373,0.0214819225065065,0.6
momentum_12_1_sector_neutral,2018-04-30,0.01409887437923496,0.02334044290027649,0.009241568521041531,0.09999999999999999
momentum_12_1_sector_neutral,2018-05-31,0.0108632786626231,-0.011119462921290568,-0.021982741583913668,-0.7
momentum_12_1_sector_neutral,2018-06-29,0.001669851593096927,-0.030382105227324728,-0.032051956820421654,-0.49999999999999994
momentum_12_1_sector_neutral,2018-07-31,-0.00998761135852394,0.04877495901946958,0.05876257037799352,0.9999999999999999
momentum_12_1_sector_neutral,2018-08-31,0.0009471554879433519,0.0015015100966833338,0.0005543546087399819,0.09999999999999999
momentum_12_1_sector_neutral,2018-09-28,0.07293019356490439,-0.056509883856617996,-0.1294400774215224,-0.8999999999999998
momentum_12_1_sector_neutral,2018-10-31,-0.010623190176725883,-0.037696588276992606,-0.027073398100266724,-0.8999999999999998
momentum_12_1_sector_neutral,2018-11-30,0.018486237761770774,-0.007876119998507758,-0.02636235776027853,-0.6
momentum_12_1_sector_neutral,2018-12-31,-0.01280326444207649,0.014921797879412313,0.027725062321488803,0.7
momentum_12_1_sector_neutral,2019-01-31,-0.01691187306395996,0.021316031555076907,0.03822790461903687,0.49999999999999994
momentum_12_1_sector_neutral,2019-02-28,-0.007393922071294401,-0.002560602972818349,0.004833319098476052,0.49999999999999994
momentum_12_1_sector_neutral,2019-03-29,0.038072305096941775,-0.021845762860334593,-0.05991806795727637,-0.8999999999999998
momentum_12_1_sector_neutral,2019-04-30,-0.03446339509463235,0.0035431138984235886,0.03800650899305594,0.7999999999999999
momentum_12_1_sector_neutral,2019-05-31,0.02453883602910286,-0.00990426432607604,-0.034443100355178904,-0.7
momentum_12_1_sector_neutral,2019-06-28,0.007599847503498391,0.003030712985498396,-0.004569134517999995,-0.39999999999999997
momentum_12_1_sector_neutral,2019-07-31,-0.02926570004268474,0.020995543565938413,0.05026124360862315,0.7
momentum_12_1_sector_neutral,2019-08-30,0.02386662003725489,-0.02943066333738521,-0.0532972833746401,-0.7
momentum_12_1_sector_neutral,2019-09-30,0.07798427071542914,-0.02446031617705713,-0.10244458689248627,-0.8999999999999998
momentum_12_1_sector_neutral,2019-10-31,0.030098254199862052,-0.017209984065173867,-0.04730823826503592,-0.7
momentum_12_1_sector_neutral,2019-11-29,0.03760230570154779,-0.006915647218784715,-0.044517952920332504,-0.6
momentum_12_1_sector_neutral,2019-12-31,0.035468469712015935,0.014990781580829482,-0.02047768813118645,-0.39999999999999997
momentum_6_1_sector_neutral,2014-07-31,-0.011242628986921854,0.040042784934696,0.05128541392161785,0.9999999999999999
momentum_6_1_sector_neutral,2014-08-29,-0.024470510695020063,0.0016774902682468174,0.02614800096326688,0.7999999999999999
momentum_6_1_sector_neutral,2014-09-30,-0.025322047401856264,-0.006883023468288396,0.018439023933567868,0.19999999999999998
momentum_6_1_sector_neutral,2014-10-31,-0.01934118936277217,-0.021353245202495996,-0.002012055839723824,-0.09999999999999999
momentum_6_1_sector_neutral,2014-11-28,-0.022206065678057517,0.0034057793776283373,0.025611845055685853,0.6
momentum_6_1_sector_neutral,2014-12-31,0.02346282570515381,0.006283264451377546,-0.017179561253776263,-0.3
momentum_6_1_sector_neutral,2015-01-30,-0.0036514821208857517,0.029025529171172005,0.03267701129205776,0.0
momentum_6_1_sector_neutral,2015-02-27,-0.01464454027578338,0.019907509639272757,0.034552049915056136,0.9999999999999999
momentum_6_1_sector_neutral,2015-03-31,0.0582637880027439,-0.022703784819679294,-0.0809675728224232,-0.7
momentum_6_1_sector_neutral,2015-04-30,-0.0037480139133069914,0.03198333747173189,0.035731351385038884,0.8999999999999998
momentum_6_1_sector_neutral,2015-05-29,0.023838682638756492,0.007681102619951208,-0.016157580018805285,-0.19999999999999998
momentum_6_1_sector_neutral,2015-06-30,0.024464127899471767,0.007513295529081343,-0.016950832370390426,-0.3
momentum_6_1_sector_neutral,2015-07-31,-0.0073404427511394085,0.015400000145944847,0.022740442897084254,0.19999999999999998
momentum_6_1_sector_neutral,2015-08-31,0.009961228063658257,-0.025237471260871513,-0.03519869932452977,-0.49999999999999994
momentum_6_1_sector_neutral,2015-09-30,-0.00757017985450793,-0.02430186450215166,-0.01673168464764373,-0.7
momentum_6_1_sector_neutral,2015-10-30,-0.03018957848126529,0.04047103054955818,0.07066060903082347,0.7
momentum_6_1_sector_neutral,2015-11-30,0.006226566825408219,0.00474879272982578,-0.0014777740955824398,-0.09999999999999999
momentum_6_1_sector_neutral,2015-12-31,-0.02011294871828324,-0.016926731715206932,0.003186217003076308,0.3
momentum_6_1_sector_neutral,2016-01-29,0.030828067277186077,-0.0035076771421335474,-0.03433574441931962,-0.39999999999999997
momentum_6_1_sector_neutral,2016-02-29,0.009002037526652473,0.013670326075481154,0.004668288548828682,0.19999999999999998
momentum_6_1_sector_neutral,2016-03-31,0.012452830919768454,0.008058135994801107,-0.004394694924967347,-0.09999999999999999
momentum_6_1_sector_neutral,2016-04-29,-0.01499508768847252,0.03296074055381924,0.04795582824229176,0.6
momentum_6_1_sector_neutral,2016-05-31,-0.031843977932304104,0.01817836305030136,0.05002234098260547,0.7
momentum_6_1_sector_neutral,2016-06-30,0.01203523741932433,-0.007336290669830037,-0.019371528089154367,-0.19999999999999998
momentum_6_1_sector_neutral,2016-07-29,0.0074765126735761075,-0.011919232596617313,-0.019395745270193422,-0.49999999999999994
momentum_6_1_sector_neutral,2016-08-31,-0.0202700880864364,0.012096306870509888,0.032366394956946286,0.7999999999999999
momentum_6_1_sector_neutral,2016-09-30,0.03783968267160466,0.0009348667493106144,-0.03690481592229405,-0.09999999999999999
momentum_6_1_sector_neutral,2016-10-31,0.014632223954463475,0.0434850882704214,0.028852864315957925,0.19999999999999998
momentum_6_1_sector_neutral,2016-11-30,-0.002049530523936727,0.006447989806312826,0.008497520330249553,0.09999999999999999
momentum_6_1_sector_neutral,2016-12-30,0.029707593148848188,-0.0028439121392713094,-0.032551505288119495,-0.6
momentum_6_1_sector_neutral,2017-01-31,0.023581719544740844,-0.013384508089627534,-0.03696622763436838,-0.7999999999999999
momentum_6_1_sector_neutral,2017-02-28,0.005311013696387734,-0.006724897536056018,-0.012035911232443752,-0.8999999999999998
momentum_6_1_sector_neutral,2017-03-31,0.005088192896323296,0.002311726763442601,-0.002776466132880695,-0.09999999999999999
momentum_6_1_sector_neutral,2017-04-28,0.010650497086566957,0.022567737355324524,0.011917240268757567,0.09999999999999999
momentum_6_1_sector_neutral,2017-05-31,-0.0056334766314437455,-0.0006378564389543318,0.004995620192489413,0.09999999999999999
momentum_6_1_sector_neutral,2017-06-30,-0.010800177247048081,0.03645704042347803,0.04725721767052611,0.7
momentum_6_1_sector_neutral,2017-07-31,-0.02034294997623698,0.019154019514355837,0.039496969490592816,0.7999999999999999
momentum_6_1_sector_neutral,2017-08-31,0.03415535031894525,-0.004391023702229291,-0.03854637402117454,-0.9999999999999999
momentum_6_1_sector_neutral,2017-09-29,-0.03583671468809295,0.006565897380892793,0.04240261206898574,0.7
momentum_6_1_sector_neutral,2017-10-31,0.04079280004890469,-0.022246483119467288,-0.06303928316837198,-0.7
momentum_6_1_sector_neutral,2017-11-30,0.01094750718524241,0.015528130724364353,0.004580623539121942,0.3
momentum_6_1_sector_neutral,2017-12-29,-0.025175831165698315,0.08465939133321661,0.10983522249891492,0.8999999999999998
momentum_6_1_sector_neutral,2018-01-31,-0.008828916867804616,0.0025153441136044454,0.01134426098140906,0.49999999999999994
momentum_6_1_sector_neutral,2018-02-28,-0.02586110631435713,-0.020421485115283487,0.005439621199073642,0.3
momentum_6_1_sector_neutral,2018-03-29,0.0284695592137169,0.020507617584714966,-0.007961941629001934,-0.3
momentum_6_1_sector_neutral,2018-04-30,-0.010715313052255992,0.021488093557919495,0.03220340661017548,0.8999999999999998
momentum_6_1_sector_neutral,2018-05-31,0.01907700210411355,0.019470587349405256,0.00039358524529170547,0.09999999999999999
momentum_6_1_sector_neutral,2018-06-29,-0.015072078947370993,-0.02922363303880259,-0.014151554091431595,-0.09999999999999999
momentum_6_1_sector_neutral,2018-07-31,0.01518334051807425,0.048372234981752624,0.03318889446367837,0.3
momentum_6_1_sector_neutral,2018-08-31,0.003890846784152702,0.0125491515442685,0.008658304760115799,-0.09999999999999999
momentum_6_1_sector_neutral,2018-09-28,0.009204880981271257,-0.024533600856093362,-0.03373848183736462,-0.49999999999999994
momentum_6_1_sector_neutral,2018-10-31,-0.008605716150272214,-0.05154415234810602,-0.0429384361978338,-0.49999999999999994
momentum_6_1_sector_neutral,2018-11-30,0.008127916162391436,0.005705136624698626,-0.0024227795376928103,-0.3
momentum_6_1_sector_neutral,2018-12-31,0.04395029240734807,-0.026442004009312504,-0.07039229641666057,-0.9999999999999999
momentum_6_1_sector_neutral,2019-01-31,-0.015310807323793862,-0.004723785272715253,0.01058702205107861,0.8999999999999998
momentum_6_1_sector_neutral,2019-02-28,0.031486913315835766,0.003598057514182007,-0.027888855801653758,-0.09999999999999999
momentum_6_1_sector_neutral,2019-03-29,0.03274508781087082,-0.02223319109215699,-0.05497827890302781,-0.8999999999999998
momentum_6_1_sector_neutral,2019-04-30,-0.05384371422071643,0.004640506673906752,0.058484220894623185,0.49999999999999994
momentum_6_1_sector_neutral,2019-05-31,0.0024444626222132394,0.021392846291465983,0.018948383669252743,0.19999999999999998
momentum_6_1_sector_neutral,2019-06-28,0.01586076222465941,-0.02880394310672768,-0.04466470533138709,-0.8999999999999998
momentum_6_1_sector_neutral,2019-07-31,-0.013017186821381976,0.003281769544828317,0.016298956366210295,0.6
momentum_6_1_sector_neutral,2019-08-30,0.016095808026059255,-0.031766448578127784,-0.04786225660418704,-0.7
momentum_6_1_sector_neutral,2019-09-30,0.06527524451288504,-0.01053221407121745,-0.07580745858410248,-0.7
momentum_6_1_sector_neutral,2019-10-31,0.008996295778920527,-0.009342154824998583,-0.01833845060391911,-0.7999999999999999
momentum_6_1_sector_neutral,2019-11-29,-0.0011097581311659166,0.024857934729444996,0.025967692860610913,0.3
momentum_6_1_sector_neutral,2019-12-31,0.014145992587671163,0.022898025655806085,0.008752033068134922,0.09999999999999999
return_3m_sector_neutral,2014-04-30,0.02905788261225064,-0.0012251187643193772,-0.030283001376570015,-0.7
return_3m_sector_neutral,2014-05-30,0.006937425040220146,0.002320212002801125,-0.004617213037419021,0.09999999999999999
return_3m_sector_neutral,2014-06-30,-0.006798843184823678,-0.022532650267304777,-0.0157338070824811,-0.09999999999999999
return_3m_sector_neutral,2014-07-31,-0.004961194994090701,0.04078636657240298,0.04574756156649368,0.39999999999999997
return_3m_sector_neutral,2014-08-29,-0.008269360623083777,-0.006869612538797943,0.0013997480842858345,-0.09999999999999999
return_3m_sector_neutral,2014-09-30,-0.01921969185618715,0.011395397138611185,0.030615088994798333,0.8999999999999998
return_3m_sector_neutral,2014-10-31,-0.011977724231470454,0.014084366678020488,0.026062090909490944,0.49999999999999994
return_3m_sector_neutral,2014-11-28,-0.042824439111914546,-0.013660731487335409,0.029163707624579135,0.3
return_3m_sector_neutral,2014-12-31,0.017257304220271153,-0.005262128257479981,-0.022519432477751136,-0.19999999999999998
return_3m_sector_neutral,2015-01-30,0.006747571375346295,0.0152892718641655,0.008541700488819205,0.3
return_3m_sector_neutral,2015-02-27,-0.006676898102586881,0.010930658905175684,0.017607557007762564,0.7999999999999999
return_3m_sector_neutral,2015-03-31,0.06303745433641797,0.012399761237421092,-0.05063769309899688,-0.49999999999999994
return_3m_sector_neutral,2015-04-30,-0.015592495133413587,0.005229720534917581,0.020822215668331166,0.7999999999999999
return_3m_sector_neutral,2015-05-29,0.003888519155354331,0.028120117773546716,0.024231598618192386,0.7
return_3m_sector_neutral,2015-06-30,0.033655805769523886,0.011726675829333455,-0.02192912994019043,-0.3
return_3m_sector_neutral,2015-07-31,0.002375701493722715,0.010382265079138975,0.00800656358541626,0.39999999999999997
return_3m_sector_neutral,2015-08-31,-0.00887113410622269,-0.002541628245104055,0.006329505861118635,0.6
return_3m_sector_neutral,2015-09-30,-0.03793438479665658,0.010185331655174223,0.0481197164518308,0.49999999999999994
return_3m_sector_neutral,2015-10-30,0.0054060100450937345,0.02977816015742003,0.024372150112326296,0.3
return_3m_sector_neutral,2015-11-30,-0.00417204334330884,0.013274281501137509,0.01744632484444635,0.49999999999999994
return_3m_sector_neutral,2015-12-31,-0.0010355359045167046,-0.0002849451042578055,0.0007505908002588991,0.6
return_3m_sector_neutral,2016-01-29,0.02037929882463686,-0.005185882689136489,-0.02556518151377335,-0.49999999999999994
return_3m_sector_neutral,2016-02-29,0.014441477683454707,0.00022836682503948324,-0.014213110858415224,-0.7999999999999999
return_3m_sector_neutral,2016-03-31,0.011410594222567304,0.006682729512449426,-0.004727864710117879,0.0
return_3m_sector_neutral,2016-04-29,0.00125674410937473,0.023091428033739425,0.021834683924364696,0.3
return_3m_sector_neutral,2016-05-31,-0.007790903928444304,-0.02450790517899083,-0.016717001250546523,-0.09999999999999999
return_3m_sector_neutral,2016-06-30,0.021869484607181255,0.021702864892103223,-0.0001666197150780313,-0.3
return_3m_sector_neutral,2016-07-29,0.0037466251718583756,-0.010975920710610387,-0.014722545882468761,-0.49999999999999994
return_3m_sector_neutral,2016-08-31,-0.01082239550507601,0.02098747563768768,0.03180987114276369,0.8999999999999998
return_3m_sector_neutral,2016-09-30,-0.009535998284442937,0.01263673806516168,0.022172736349604615,0.0
return_3m_sector_neutral,2016-10-31,0.026204926354700554,0.07957101593748112,0.053366089582780565,0.3
return_3m_sector_neutral,2016-11-30,-0.002128934518781089,0.023145901056866813,0.025274835575647903,0.3
return_3m_sector_neutral,2016-12-30,0.010630645058016785,0.009278447032819537,-0.0013521980251972477,-0.49999999999999994
return_3m_sector_neutral,2017-01-31,0.0032769012192310765,-0.00929161502258814,-0.012568516241819216,-0.8999999999999998
return_3m_sector_neutral,2017-02-28,0.01573887641733853,0.010930258298077922,-0.004808618119260609,-0.39999999999999997
return_3m_sector_neutral,2017-03-31,-0.004778160914437657,0.014168506575928686,0.01894666749036634,0.49999999999999994
return_3m_sector_neutral,2017-04-28,0.02271962700422796,0.01059647718560972,-0.01212314981861824,-0.39999999999999997
return_3m_sector_neutral,2017-05-31,0.02234486579599283,0.008689204457600996,-0.013655661338391833,-0.7
return_3m_sector_neutral,2017-06-30,-0.009173584184159967,0.0026160153909474348,0.011789599575107402,0.3
return_3m_sector_neutral,2017-07-31,-0.009490655637929857,0.0009404449890464739,0.01043110062697633,0.19999999999999998
return_3m_sector_neutral,2017-08-31,0.02943452385602292,0.010036548126742062,-0.019397975729280856,-0.7
return_3m_sector_neutral,2017-09-29,-0.03235893007605215,0.021871292027762924,0.054230222103815076,0.6
return_3m_sector_neutral,2017-10-31,0.040113420613253924,0.01002099363914819,-0.030092426974105732,-0.3
return_3m_sector_neutral,2017-11-30,-0.013265820410328522,0.010011277681093911,0.023277098091422435,0.8999999999999998
return_3m_sector_neutral,2017-12-29,-0.04504056614826994,0.021969296189729558,0.06700986233799949,0.49999999999999994
return_3m_sector_neutral,2018-01-31,0.006211329082126493,0.02128679822775309,0.015075469145626597,0.49999999999999994
return_3m_sector_neutral,2018-02-28,-0.004653081265834957,-0.017358477748819944,-0.012705396482984986,-0.3
return_3m_sector_neutral,2018-03-29,0.023327641337919112,0.031564357633648954,0.008236716295729841,0.3
return_3m_sector_neutral,2018-04-30,0.013165184023115128,0.009895224527535284,-0.003269959495579844,-0.09999999999999999
return_3m_sector_neutral,2018-05-31,-0.004873593359629913,-0.0007366567126338097,0.004136936646996103,0.09999999999999999
return_3m_sector_neutral,2018-06-29,0.03093576382941925,-0.03681221741710098,-0.06774798124652023,-0.8999999999999998
return_3m_sector_neutral,2018-07-31,0.005771838817505981,0.023637660969655305,0.017865822152149324,0.3
return_3m_sector_neutral,2018-08-31,0.00017784353472743986,0.006116059131074769,0.005938215596347329,0.49999999999999994
return_3m_sector_neutral,2018-09-28,0.04098526178232714,-0.014241267630130738,-0.055226529412457884,-0.7
return_3m_sector_neutral,2018-10-31,-0.01299355498032615,-0.02581521219904631,-0.012821657218720162,-0.09999999999999999
return_3m_sector_neutral,2018-11-30,-0.003937478518067183,0.012464875462324521,0.016402353980391703,0.6
return_3m_sector_neutral,2018-12-31,0.04509934663565938,-0.04556027296802304,-0.09065961960368242,-0.8999999999999998
return_3m_sector_neutral,2019-01-31,-0.0004051413207362131,0.01047956773282488,0.010884709053561092,0.09999999999999999
return_3m_sector_neutral,2019-02-28,-0.027247060965597824,0.002370585564848571,0.029617646530446396,0.3
return_3m_sector_neutral,2019-03-29,0.044316863758671186,0.0007907037287945062,-0.04352616002987668,-0.09999999999999999
return_3m_sector_neutral,2019-04-30,-0.015795904277773797,-0.034141408019042196,-0.0183455037412684,-0.09999999999999999
return_3m_sector_neutral,2019-05-31,0.038883403805663706,0.0034065178720064982,-0.03547688593365721,-0.6
return_3m_sector_neutral,2019-06-28,0.022901517538094794,-0.015621319195078776,-0.03852283673317357,-0.6
return_3m_sector_neutral,2019-07-31,0.021398834245292465,0.010007511392420865,-0.0113913228528716,0.0
return_3m_sector_neutral,2019-08-30,0.0022070767861288366,-0.0061245198974094195,-0.008331596683538256,-0.49999999999999994
return_3m_sector_neutral,2019-09-30,0.020517302012670612,0.0029398566927618442,-0.017577445319908767,-0.8999999999999998
return_3m_sector_neutral,2019-10-31,-0.006913951393884699,0.014363305906079527,0.021277257299964228,0.19999999999999998
return_3m_sector_neutral,2019-11-29,0.013287093833659214,0.04582441150991049,0.03253731767625127,0.0
return_3m_sector_neutral,2019-12-31,-0.012042239736406913,0.029783371613724796,0.04182561135013171,0.9999999999999999
return_1m_sector_neutral,2014-02-28,-0.03340424863845746,-0.04968038977678455,-0.016276141138327094,-0.09999999999999999
return_1m_sector_neutral,2014-03-31,-0.01907180563718821,-0.007424647202854828,0.011647158434333381,0.19999999999999998
return_1m_sector_neutral,2014-04-30,0.030870267748375056,-0.0007379287054006478,-0.0316081964537757,-0.7
return_1m_sector_neutral,2014-05-30,0.0027741980855677693,0.0020425055708649166,-0.0007316925147028528,0.09999999999999999
return_1m_sector_neutral,2014-06-30,-0.0036621099472511466,0.0030811349506519536,0.0067432448979031,0.0
return_1m_sector_neutral,2014-07-31,0.045065532443319734,-0.002640849676374124,-0.04770638211969386,-0.7
return_1m_sector_neutral,2014-08-29,-0.0005129601500152182,-0.02496892079521701,-0.02445596064520179,-0.7
return_1m_sector_neutral,2014-09-30,-0.023060812810555366,-0.009392841775342697,0.013667971035212669,0.09999999999999999
return_1m_sector_neutral,2014-10-31,-0.008344736212185655,0.009964049629173476,0.01830878584135913,0.6
return_1m_sector_neutral,2014-11-28,-0.010417506719485558,-0.022004926967327733,-0.011587420247842175,-0.19999999999999998
return_1m_sector_neutral,2014-12-31,0.003989753463055634,0.004514472837503047,0.0005247193744474131,-0.09999999999999999
return_1m_sector_neutral,2015-01-30,-0.00508340731800081,0.0050083970697646805,0.01009180438776549,-0.19999999999999998
return_1m_sector_neutral,2015-02-27,0.005845251181568334,0.015822676784899938,0.009977425603331603,0.3
return_1m_sector_neutral,2015-03-31,0.0906170706608247,-0.03014458082393623,-0.12076165148476092,-0.8999999999999998
return_1m_sector_neutral,2015-04-30,0.027246220910667817,0.006923888276864953,-0.020322332633802863,0.0
return_1m_sector_neutral,2015-05-29,-0.005167178425219942,0.014458145087010965,0.019625323512230907,0.7999999999999999
return_1m_sector_neutral,2015-06-30,0.027853509838093406,-0.02627386320828695,-0.05412737304638036,-0.7
return_1m_sector_neutral,2015-07-31,-0.009948492133425968,0.004170944143347855,0.014119436276773822,-0.09999999999999999
return_1m_sector_neutral,2015-08-31,-0.03208306016402636,-0.022300324863954113,0.009782735300072246,0.39999999999999997
return_1m_sector_neutral,2015-09-30,0.0022253296151452996,-0.015353622596460082,-0.01757895221160538,0.09999999999999999
return_1m_sector_neutral,2015-10-30,0.022799600838726376,0.01955665791854686,-0.0032429429201795146,-0.3
return_1m_sector_neutral,2015-11-30,-0.014597703820606923,0.010771588043161296,0.02536929186376822,0.7
return_1m_sector_neutral,2015-12-31,-0.020816303613836695,0.02119103690654429,0.042007340520380985,0.7
return_1m_sector_neutral,2016-01-29,0.006512871532499043,-0.016115974228209505,-0.022628845760708546,-0.7999999999999999
return_1m_sector_neutral,2016-02-29,0.008720736057536416,0.005192676995133838,-0.003528059062402578,-0.6
return_1m_sector_neutral,2016-03-31,0.022075200036370146,0.008166171882667283,-0.013909028153702863,-0.7
return_1m_sector_neutral,2016-04-29,0.018998841719475378,0.03007519759239726,0.011076355872921884,0.39999999999999997
return_1m_sector_neutral,2016-05-31,-0.004641223410718998,-0.01498996422929324,-0.010348740818574242,-0.6
return_1m_sector_neutral,2016-06-30,0.026474645542383678,-0.01934217195808836,-0.045816817500472035,-0.8999999999999998
return_1m_sector_neutral,2016-07-29,0.007231013717719859,-0.0009224547732662125,-0.008153468490986072,-0.6
return_1m_sector_neutral,2016-08-31,-6.140100177067786e-05,0.012022300225989746,0.012083701227760424,0.49999999999999994
return_1m_sector_neutral,2016-09-30,0.002500276100011556,-0.003000909119820749,-0.005501185219832306,-0.6
return_1m_sector_neutral,2016-10-31,0.011233003652000561,0.057255890635427485,0.04602288698342692,0.39999999999999997
return_1m_sector_neutral,2016-11-30,0.010633349144094695,0.02240385812358363,0.011770508979488937,0.09999999999999999
return_1m_sector_neutral,2016-12-30,0.0037366601142149293,0.028568426755947774,0.024831766641732846,0.09999999999999999
return_1m_sector_neutral,2017-01-31,-0.0005900774669212794,-0.010624786129160357,-0.010034708662239078,-0.3
return_1m_sector_neutral,2017-02-28,0.02844371048037374,-0.005176585916342768,-0.03362029639671651,-0.49999999999999994
return_1m_sector_neutral,2017-03-31,-0.0012212968796993962,0.0006342742096544396,0.0018555710893538358,0.6
return_1m_sector_neutral,2017-04-28,0.014900015709941017,0.004641947954295345,-0.010258067755645672,-0.09999999999999999
return_1m_sector_neutral,2017-05-31,0.038514274315948394,0.001778977038341789,-0.036735297277606604,-0.8999999999999998
return_1m_sector_neutral,2017-06-30,0.025633975782537854,-0.010468402423266021,-0.03610237820580388,-0.6
return_1m_sector_neutral,2017-07-31,-3.1380631381860978e-06,0.0005136265659931083,0.0005167646291312943,0.3
return_1m_sector_neutral,2017-08-31,0.01309053809500893,0.0011755723355164616,-0.011914965759492469,-0.49999999999999994
return_1m_sector_neutral,2017-09-29,-0.01257091837593971,-0.002471153352462241,0.01009976502347747,0.39999999999999997
return_1m_sector_neutral,2017-10-31,0.04337958798059188,0.0018138232572478263,-0.041565764723344056,-0.7
return_1m_sector_neutral,2017-11-30,0.0012657399512236323,0.008700113781785502,0.0074343738305618695,0.3
return_1m_sector_neutral,2017-12-29,0.007056721158527801,0.0010050559301569063,-0.006051665228370895,-0.6
return_1m_sector_neutral,2018-01-31,0.005625996785948162,0.034455463758930195,0.028829466972982033,0.09999999999999999
return_1m_sector_neutral,2018-02-28,0.001920141498468042,-0.0231193673228944,-0.025039508821362442,-0.49999999999999994
return_1m_sector_neutral,2018-03-29,0.013373447228931811,0.043005356627515964,0.029631909398584153,0.09999999999999999
return_1m_sector_neutral,2018-04-30,0.01861415172735551,-0.010491856701841195,-0.02910600842919671,-0.7999999999999999
return_1m_sector_neutral,2018-05-31,0.005512859836723827,-0.004927786499624398,-0.010440646336348225,0.19999999999999998
return_1m_sector_neutral,2018-06-29,-0.008522345076796268,-0.0450603152903465,-0.036537970213550236,-0.3
return_1m_sector_neutral,2018-07-31,0.0175554645875007,0.022117906853282153,0.004562442265781452,0.09999999999999999
return_1m_sector_neutral,2018-08-31,0.0013847977522979948,-0.0022330514438246075,-0.0036178491961226023,-0.19999999999999998
return_1m_sector_neutral,2018-09-28,0.03470597191270226,-0.042660824545501255,-0.07736679645820352,-0.8999999999999998
return_1m_sector_neutral,2018-10-31,-0.027928852712114684,-0.05092204443944306,-0.022993191727328374,-0.3
return_1m_sector_neutral,2018-11-30,0.0005956956257714751,0.007402203768174897,0.0068065081424034226,0.7
return_1m_sector_neutral,2018-12-31,0.036164764571559836,-0.04933776143031319,-0.08550252600187302,-0.8999999999999998
return_1m_sector_neutral,2019-01-31,-0.01087586849495047,-0.03171398956793721,-0.02083812107298674,-0.3
return_1m_sector_neutral,2019-02-28,-0.007619061943078409,0.023196656461849742,0.030815718404928152,0.49999999999999994
return_1m_sector_neutral,2019-03-29,0.010944098166186555,0.008191146319657294,-0.0027529518465292616,0.09999999999999999
return_1m_sector_neutral,2019-04-30,-0.040669108303550375,-0.02204790300504994,0.018621205298500434,0.09999999999999999
return_1m_sector_neutral,2019-05-31,0.062012570088876465,-0.00921977523565778,-0.07123234532453425,-0.6
return_1m_sector_neutral,2019-06-28,-0.011682013766761345,-0.01309238828283863,-0.001410374516077284,-0.49999999999999994
return_1m_sector_neutral,2019-07-31,-0.005980766934461068,-0.013616558780456589,-0.007635791845995521,-0.49999999999999994
return_1m_sector_neutral,2019-08-30,-0.0013161995191200537,-0.014077445964784895,-0.012761246445664842,-0.49999999999999994
return_1m_sector_neutral,2019-09-30,0.00503419398086512,0.06261820534287703,0.05758401136201191,0.3
return_1m_sector_neutral,2019-10-31,0.0029686631985512135,0.029768303584392263,0.02679964038584105,0.3
return_1m_sector_neutral,2019-11-29,0.01716639173440545,0.031873178473554586,0.014706786739149137,0.3
return_1m_sector_neutral,2019-12-31,-0.018456156248879252,0.0501487658894598,0.06860492213833905,0.7
return_1w_sector_neutral,2014-01-31,0.0036368160061392985,0.0494404716157207,0.045803655609581405,0.8999999999999998
return_1w_sector_neutral,2014-02-28,-0.01413573058184936,-0.034206989566159585,-0.020071258984310225,-0.6
return_1w_sector_neutral,2014-03-31,-0.009998593511106125,0.01324215070717275,0.023240744218278875,0.9999999999999999
return_1w_sector_neutral,2014-04-30,0.04426523796828321,0.006877369613443573,-0.037387868354839635,-0.3
return_1w_sector_neutral,2014-05-30,-0.004830360437432468,0.004132558124216756,0.008962918561649224,0.49999999999999994
return_1w_sector_neutral,2014-06-30,-0.008440764846537396,-0.011071894376871883,-0.0026311295303344875,-0.6
return_1w_sector_neutral,2014-07-31,0.007311584199261034,0.027736241614965094,0.02042465741570406,0.19999999999999998
return_1w_sector_neutral,2014-08-29,1.5618846793319376e-05,-0.019369004677587332,-0.01938462352438065,-0.7
return_1w_sector_neutral,2014-09-30,-0.006871953992003077,-0.03119826018777372,-0.02432630619577064,-0.3
return_1w_sector_neutral,2014-10-31,-0.002648288427073664,0.0020575375277638195,0.004705825954837484,-0.09999999999999999
return_1w_sector_neutral,2014-11-28,-0.018990751309059705,-0.012230725939371079,0.006760025369688626,0.7
return_1w_sector_neutral,2014-12-31,-0.001985938119496522,0.022620862152270594,0.024606800271767117,0.3
return_1w_sector_neutral,2015-01-30,0.015315699511021408,0.017292151570742854,0.0019764520597214466,0.0
return_1w_sector_neutral,2015-02-27,-0.006987185217546266,0.010643480126750326,0.01763066534429659,0.9999999999999999
return_1w_sector_neutral,2015-03-31,0.08205753567128674,0.016130197585891924,-0.0659273380853948,-0.3
return_1w_sector_neutral,2015-04-30,0.038284185144693915,0.002633334314457969,-0.03565085083023595,-0.19999999999999998
return_1w_sector_neutral,2015-05-29,-0.002541429388238492,0.008557954650869504,0.011099384039107995,0.3
return_1w_sector_neutral,2015-06-30,0.007472387238401412,-0.025402042483241162,-0.032874429721642576,-0.8999999999999998
return_1w_sector_neutral,2015-07-31,-0.005384159510401276,0.03410168875603501,0.03948584826643629,0.09999999999999999
return_1w_sector_neutral,2015-08-31,-0.009168834664231452,-0.011184943271069203,-0.002016108606837751,-0.3
return_1w_sector_neutral,2015-09-30,-0.01186450209592722,-0.00030826698782853156,0.011556235108098688,-0.09999999999999999
return_1w_sector_neutral,2015-10-30,0.008044223075055312,0.013739933267082649,0.005695710192027336,0.49999999999999994
return_1w_sector_neutral,2015-11-30,-0.018667353080975724,0.009387897817394585,0.02805525089837031,0.7
return_1w_sector_neutral,2015-12-31,-0.004684285811566646,-0.02495952169097987,-0.020275235879413222,-0.49999999999999994
return_1w_sector_neutral,2016-01-29,0.007146976712645548,-0.02233138784797467,-0.029478364560620217,-0.6
return_1w_sector_neutral,2016-02-29,0.005714419737367837,0.025329035817058965,0.01961461607969113,0.09999999999999999
return_1w_sector_neutral,2016-03-31,0.023694014788540597,0.018620432811396838,-0.005073581977143759,-0.3
return_1w_sector_neutral,2016-04-29,0.015594608923537622,0.05007523138087054,0.03448062245733292,0.3
return_1w_sector_neutral,2016-05-31,0.003954589749951665,-0.02533271807337719,-0.029287307823328855,-0.8999999999999998
return_1w_sector_neutral,2016-06-30,0.019335416136244697,-0.02806066282995916,-0.04739607896620386,-0.7999999999999999
return_1w_sector_neutral,2016-07-29,0.004987744350388357,-0.006660417380601602,-0.01164816173098996,-0.3
return_1w_sector_neutral,2016-08-31,-0.00019123486594091466,0.004240236484544102,0.004431471350485017,-0.19999999999999998
return_1w_sector_neutral,2016-09-30,-0.006047317534745078,0.026990314645800317,0.033037632180545395,0.3
return_1w_sector_neutral,2016-10-31,0.045930410505027344,-0.005601496516580584,-0.051531907021607926,-0.09999999999999999
return_1w_sector_neutral,2016-11-30,0.0015084403589462724,0.005818287142743217,0.004309846783796944,0.19999999999999998
return_1w_sector_neutral,2016-12-30,-0.013510447140029792,0.006698128614749443,0.020208575754779235,0.3
return_1w_sector_neutral,2017-01-31,-0.010610256450201905,-0.026602664634184127,-0.01599240818398222,-0.39999999999999997
return_1w_sector_neutral,2017-02-28,0.018369648018506546,0.0002840885541255278,-0.018085559464381017,-0.3
return_1w_sector_neutral,2017-03-31,-0.019263304062281595,0.0030703899231349753,0.02233369398541657,0.19999999999999998
return_1w_sector_neutral,2017-04-28,-0.029669625384554976,-0.0016072681938995692,0.028062357190655408,0.49999999999999994
return_1w_sector_neutral,2017-05-31,0.015860055723704747,-0.010199622209394577,-0.026059677933099323,-0.49999999999999994
return_1w_sector_neutral,2017-06-30,0.02879565500498048,0.00024893091105652185,-0.028546724093923958,-0.19999999999999998
return_1w_sector_neutral,2017-07-31,-0.0027654724863796385,-0.007667651194144387,-0.004902178707764749,-0.3
return_1w_sector_neutral,2017-08-31,-0.006851590620573722,0.0053505432147950005,0.012202133835368723,0.6
return_1w_sector_neutral,2017-09-29,-0.011729790453719835,-0.017026754168843406,-0.0052969637151235715,-0.3
return_1w_sector_neutral,2017-10-31,0.027662301955798708,0.005844551794271779,-0.021817750161526928,-0.49999999999999994
return_1w_sector_neutral,2017-11-30,0.0020163723079400066,0.022951330506499203,0.020934958198559197,0.49999999999999994
return_1w_sector_neutral,2017-12-29,-0.0204872959411428,0.032501356799874426,0.05298865274101723,0.9999999999999999
return_1w_sector_neutral,2018-01-31,0.0022359670545970324,0.03543296112072368,0.033196994066126646,0.3
return_1w_sector_neutral,2018-02-28,-0.01865732921113782,-0.023666403992966024,-0.005009074781828205,-0.3
return_1w_sector_neutral,2018-03-29,0.021068481830809293,0.006287610230040508,-0.014780871600768785,-0.8999999999999998
return_1w_sector_neutral,2018-04-30,0.009169102988738475,0.0006009584909843601,-0.008568144497754115,-0.6
return_1w_sector_neutral,2018-05-31,-0.02532231781539366,-0.006924291925592652,0.01839802588980101,0.7
return_1w_sector_neutral,2018-06-29,-0.006154533741182133,-0.02577217986528907,-0.019617646124106936,0.19999999999999998
return_1w_sector_neutral,2018-07-31,0.027819579959393048,-0.0015896841871228418,-0.02940926414651589,-0.8999999999999998
return_1w_sector_neutral,2018-08-31,-0.023896074244070763,0.005576268733959777,0.02947234297803054,0.49999999999999994
return_1w_sector_neutral,2018-09-28,0.03914295424722077,-0.0259620645745973,-0.06510501882181807,-0.8999999999999998
return_1w_sector_neutral,2018-10-31,-0.01255013769454293,-0.05433755194933328,-0.04178741425479035,-0.6
return_1w_sector_neutral,2018-11-30,0.008913248493048188,-0.013246738419576753,-0.02215998691262494,-0.7
return_1w_sector_neutral,2018-12-31,0.004926114650863211,0.00031623807870384546,-0.004609876572159366,-0.49999999999999994
return_1w_sector_neutral,2019-01-31,0.009820829906718953,0.002044584584797282,-0.007776245321921671,-0.6
return_1w_sector_neutral,2019-02-28,0.007836472375419878,0.0021382604856254204,-0.005698211889794458,-0.09999999999999999
return_1w_sector_neutral,2019-03-29,0.00480976149392881,0.007133421081427493,0.002323659587498683,0.0
return_1w_sector_neutral,2019-04-30,-0.04508660501484153,0.020975725758604312,0.06606233077344584,0.6
return_1w_sector_neutral,2019-05-31,0.024637676742759372,-0.01704538784147308,-0.04168306458423245,-0.6
return_1w_sector_neutral,2019-06-28,0.009424976716011457,-0.010513586685960152,-0.019938563401971608,-0.39999999999999997
return_1w_sector_neutral,2019-07-31,-0.0010955787362635027,0.026524757501821216,0.027620336238084717,0.19999999999999998
return_1w_sector_neutral,2019-08-30,-0.004036173236656093,-0.01839555549666656,-0.014359382260010467,-0.09999999999999999
return_1w_sector_neutral,2019-09-30,0.033655860889855414,0.00447707900159382,-0.029178781888261594,-0.6
return_1w_sector_neutral,2019-10-31,0.019408227290826453,0.008811775614517004,-0.01059645167630945,-0.09999999999999999
return_1w_sector_neutral,2019-11-29,0.018175459389780248,0.01243943081254395,-0.005736028577236298,-0.09999999999999999
return_1w_sector_neutral,2019-12-31,0.03561383421382418,0.019998858679532827,-0.01561497553429135,0.0
reversal_1m_sector_neutral,2014-02-28,-0.04968038977678455,-0.03340424863845746,0.016276141138327094,0.09999999999999999
reversal_1m_sector_neutral,2014-03-31,-0.007424647202854828,-0.01907180563718821,-0.011647158434333381,-0.19999999999999998
reversal_1m_sector_neutral,2014-04-30,-0.0007379287054006478,0.030870267748375056,0.0316081964537757,0.7
reversal_1m_sector_neutral,2014-05-30,0.0020425055708649166,0.0027741980855677693,0.0007316925147028528,-0.09999999999999999
reversal_1m_sector_neutral,2014-06-30,0.0030811349506519536,-0.0036621099472511466,-0.0067432448979031,0.0
reversal_1m_sector_neutral,2014-07-31,-0.002640849676374124,0.045065532443319734,0.04770638211969386,0.7
reversal_1m_sector_neutral,2014-08-29,-0.02496892079521701,-0.0005129601500152182,0.02445596064520179,0.7
reversal_1m_sector_neutral,2014-09-30,-0.009392841775342697,-0.023060812810555366,-0.013667971035212669,-0.09999999999999999
reversal_1m_sector_neutral,2014-10-31,0.009964049629173476,-0.008344736212185655,-0.01830878584135913,-0.6
reversal_1m_sector_neutral,2014-11-28,-0.022004926967327733,-0.010417506719485558,0.011587420247842175,0.19999999999999998
reversal_1m_sector_neutral,2014-12-31,0.004514472837503047,0.003989753463055634,-0.0005247193744474131,0.09999999999999999
reversal_1m_sector_neutral,2015-01-30,0.0050083970697646805,-0.00508340731800081,-0.01009180438776549,0.19999999999999998
reversal_1m_sector_neutral,2015-02-27,0.015822676784899938,0.005845251181568334,-0.009977425603331603,-0.3
reversal_1m_sector_neutral,2015-03-31,-0.03014458082393623,0.0906170706608247,0.12076165148476092,0.8999999999999998
reversal_1m_sector_neutral,2015-04-30,0.006923888276864953,0.027246220910667817,0.020322332633802863,0.0
reversal_1m_sector_neutral,2015-05-29,0.014458145087010965,-0.005167178425219942,-0.019625323512230907,-0.7999999999999999
reversal_1m_sector_neutral,2015-06-30,-0.02627386320828695,0.027853509838093406,0.05412737304638036,0.7
reversal_1m_sector_neutral,2015-07-31,0.004170944143347855,-0.009948492133425968,-0.014119436276773822,0.09999999999999999
reversal_1m_sector_neutral,2015-08-31,-0.022300324863954113,-0.03208306016402636,-0.009782735300072246,-0.39999999999999997
reversal_1m_sector_neutral,2015-09-30,-0.015353622596460082,0.0022253296151452996,0.01757895221160538,-0.09999999999999999
reversal_1m_sector_neutral,2015-10-30,0.01955665791854686,0.022799600838726376,0.0032429429201795146,0.3
reversal_1m_sector_neutral,2015-11-30,0.010771588043161296,-0.014597703820606923,-0.02536929186376822,-0.7
reversal_1m_sector_neutral,2015-12-31,0.02119103690654429,-0.020816303613836695,-0.042007340520380985,-0.7
reversal_1m_sector_neutral,2016-01-29,-0.016115974228209505,0.006512871532499043,0.022628845760708546,0.7999999999999999
reversal_1m_sector_neutral,2016-02-29,0.005192676995133838,0.008720736057536416,0.003528059062402578,0.6
reversal_1m_sector_neutral,2016-03-31,0.008166171882667283,0.022075200036370146,0.013909028153702863,0.7
reversal_1m_sector_neutral,2016-04-29,0.03007519759239726,0.018998841719475378,-0.011076355872921884,-0.39999999999999997
reversal_1m_sector_neutral,2016-05-31,-0.01498996422929324,-0.004641223410718998,0.010348740818574242,0.6
reversal_1m_sector_neutral,2016-06-30,-0.01934217195808836,0.026474645542383678,0.045816817500472035,0.8999999999999998
reversal_1m_sector_neutral,2016-07-29,-0.0009224547732662125,0.007231013717719859,0.008153468490986072,0.6
reversal_1m_sector_neutral,2016-08-31,0.012022300225989746,-6.140100177067786e-05,-0.012083701227760424,-0.49999999999999994
reversal_1m_sector_neutral,2016-09-30,-0.003000909119820749,0.002500276100011556,0.005501185219832306,0.6
reversal_1m_sector_neutral,2016-10-31,0.057255890635427485,0.011233003652000561,-0.04602288698342692,-0.39999999999999997
reversal_1m_sector_neutral,2016-11-30,0.02240385812358363,0.010633349144094695,-0.011770508979488937,-0.09999999999999999
reversal_1m_sector_neutral,2016-12-30,0.028568426755947774,0.0037366601142149293,-0.024831766641732846,-0.09999999999999999
reversal_1m_sector_neutral,2017-01-31,-0.010624786129160357,-0.0005900774669212794,0.010034708662239078,0.3
reversal_1m_sector_neutral,2017-02-28,-0.005176585916342768,0.02844371048037374,0.03362029639671651,0.49999999999999994
reversal_1m_sector_neutral,2017-03-31,0.0006342742096544396,-0.0012212968796993962,-0.0018555710893538358,-0.6
reversal_1m_sector_neutral,2017-04-28,0.004641947954295345,0.014900015709941017,0.010258067755645672,0.09999999999999999
reversal_1m_sector_neutral,2017-05-31,0.001778977038341789,0.038514274315948394,0.036735297277606604,0.8999999999999998
reversal_1m_sector_neutral,2017-06-30,-0.010468402423266021,0.025633975782537854,0.03610237820580388,0.6
reversal_1m_sector_neutral,2017-07-31,0.0005136265659931083,-3.1380631381860978e-06,-0.0005167646291312943,-0.3
reversal_1m_sector_neutral,2017-08-31,0.0011755723355164616,0.01309053809500893,0.011914965759492469,0.49999999999999994
reversal_1m_sector_neutral,2017-09-29,-0.002471153352462241,-0.01257091837593971,-0.01009976502347747,-0.39999999999999997
reversal_1m_sector_neutral,2017-10-31,0.0018138232572478263,0.04337958798059188,0.041565764723344056,0.7
reversal_1m_sector_neutral,2017-11-30,0.008700113781785502,0.0012657399512236323,-0.0074343738305618695,-0.3
reversal_1m_sector_neutral,2017-12-29,0.0010050559301569063,0.007056721158527801,0.006051665228370895,0.6
reversal_1m_sector_neutral,2018-01-31,0.034455463758930195,0.005625996785948162,-0.028829466972982033,-0.09999999999999999
reversal_1m_sector_neutral,2018-02-28,-0.0231193673228944,0.001920141498468042,0.025039508821362442,0.49999999999999994
reversal_1m_sector_neutral,2018-03-29,0.043005356627515964,0.013373447228931811,-0.029631909398584153,-0.09999999999999999
reversal_1m_sector_neutral,2018-04-30,-0.010491856701841195,0.01861415172735551,0.02910600842919671,0.7999999999999999
reversal_1m_sector_neutral,2018-05-31,-0.004927786499624398,0.005512859836723827,0.010440646336348225,-0.19999999999999998
reversal_1m_sector_neutral,2018-06-29,-0.0450603152903465,-0.008522345076796268,0.036537970213550236,0.3
reversal_1m_sector_neutral,2018-07-31,0.022117906853282153,0.0175554645875007,-0.004562442265781452,-0.09999999999999999
reversal_1m_sector_neutral,2018-08-31,-0.0022330514438246075,0.0013847977522979948,0.0036178491961226023,0.19999999999999998
reversal_1m_sector_neutral,2018-09-28,-0.042660824545501255,0.03470597191270226,0.07736679645820352,0.8999999999999998
reversal_1m_sector_neutral,2018-10-31,-0.05092204443944306,-0.027928852712114684,0.022993191727328374,0.3
reversal_1m_sector_neutral,2018-11-30,0.007402203768174897,0.0005956956257714751,-0.0068065081424034226,-0.7
reversal_1m_sector_neutral,2018-12-31,-0.04933776143031319,0.036164764571559836,0.08550252600187302,0.8999999999999998
reversal_1m_sector_neutral,2019-01-31,-0.03171398956793721,-0.01087586849495047,0.02083812107298674,0.3
reversal_1m_sector_neutral,2019-02-28,0.023196656461849742,-0.007619061943078409,-0.030815718404928152,-0.49999999999999994
reversal_1m_sector_neutral,2019-03-29,0.008191146319657294,0.010944098166186555,0.0027529518465292616,-0.09999999999999999
reversal_1m_sector_neutral,2019-04-30,-0.02204790300504994,-0.040669108303550375,-0.018621205298500434,-0.09999999999999999
reversal_1m_sector_neutral,2019-05-31,-0.00921977523565778,0.062012570088876465,0.07123234532453425,0.6
reversal_1m_sector_neutral,2019-06-28,-0.01309238828283863,-0.011682013766761345,0.001410374516077284,0.49999999999999994
reversal_1m_sector_neutral,2019-07-31,-0.013616558780456589,-0.005980766934461068,0.007635791845995521,0.49999999999999994
reversal_1m_sector_neutral,2019-08-30,-0.014077445964784895,-0.0013161995191200537,0.012761246445664842,0.49999999999999994
reversal_1m_sector_neutral,2019-09-30,0.06261820534287703,0.00503419398086512,-0.05758401136201191,-0.3
reversal_1m_sector_neutral,2019-10-31,0.029768303584392263,0.0029686631985512135,-0.02679964038584105,-0.3
reversal_1m_sector_neutral,2019-11-29,0.031873178473554586,0.01716639173440545,-0.014706786739149137,-0.3
reversal_1m_sector_neutral,2019-12-31,0.0501487658894598,-0.018456156248879252,-0.06860492213833905,-0.7
volatility_20d_sector_neutral,2014-01-31,0.010722691944705287,0.05345106164991444,0.04272836970520916,0.7
volatility_20d_sector_neutral,2014-02-28,-0.01251988247130803,-0.04419164603482395,-0.03167176356351592,-0.6
volatility_20d_sector_neutral,2014-03-31,0.005149328767561567,-0.02625584224352482,-0.031405171011086384,-0.7999999999999999
volatility_20d_sector_neutral,2014-04-30,0.003382464322291179,0.04649549171265457,0.043113027390363386,0.0
volatility_20d_sector_neutral,2014-05-30,0.004689359145031269,0.028439418100592705,0.023750058955561437,0.7
volatility_20d_sector_neutral,2014-06-30,-0.0026302309851429896,-0.004412269983564842,-0.0017820389984218527,-0.3
volatility_20d_sector_neutral,2014-07-31,0.004824975388143804,0.051273480369977545,0.04644850498183374,0.09999999999999999
volatility_20d_sector_neutral,2014-08-29,-0.01301208771929786,-0.02495415938352158,-0.01194207166422372,-0.3
volatility_20d_sector_neutral,2014-09-30,8.918643027556738e-05,-0.01683290614830617,-0.016922092578581738,0.19999999999999998
volatility_20d_sector_neutral,2014-10-31,-0.015810935176357788,-0.015325183596796521,0.0004857515795612666,0.3
volatility_20d_sector_neutral,2014-11-28,-0.023991874388580213,-0.016045696459654403,0.00794617792892581,0.09999999999999999
volatility_20d_sector_neutral,2014-12-31,-0.01721001660573379,0.01701212152806416,0.03422213813379795,0.8999999999999998
volatility_20d_sector_neutral,2015-01-30,-0.0037460333421954982,0.005008090591826453,0.008754123934021951,0.19999999999999998
volatility_20d_sector_neutral,2015-02-27,0.0011395744635606109,-0.011655854509020225,-0.012795428972580836,-0.3
volatility_20d_sector_neutral,2015-03-31,0.02938418710346663,0.07842305211599512,0.04903886501252849,0.0
volatility_20d_sector_neutral,2015-04-30,-0.00034326010330532064,0.016368488211022526,0.016711748314327847,0.7
volatility_20d_sector_neutral,2015-05-29,-0.009853683570810878,-0.0014298668296604754,0.008423816741150402,0.3
volatility_20d_sector_neutral,2015-06-30,0.024508741393291657,-0.013782161099998358,-0.038290902493290015,-0.3
volatility_20d_sector_neutral,2015-07-31,-0.0017582513953880107,0.007379862026494733,0.009138113421882744,0.39999999999999997
volatility_20d_sector_neutral,2015-08-31,0.00018413118365834258,-0.00935748251131745,-0.009541613694975793,-0.6
volatility_20d_sector_neutral,2015-09-30,0.018458723515879006,-0.038500937426841055,-0.056959660942720064,-0.8999999999999998
volatility_20d_sector_neutral,2015-10-30,-0.013749834535713323,0.04310274553354417,0.056852580069257495,0.6
volatility_20d_sector_neutral,2015-11-30,-0.015339452676849885,0.01866777418923863,0.034007226866088515,0.09999999999999999
volatility_20d_sector_neutral,2015-12-31,0.035807264087155066,-0.03058787821175918,-0.06639514229891424,-0.6
volatility_20d_sector_neutral,2016-01-29,0.00660524311471602,0.012884828201192754,0.0062795850864767345,-0.09999999999999999
volatility_20d_sector_neutral,2016-02-29,0.014642421443016551,0.032370873438711215,0.017728451995694665,0.0
volatility_20d_sector_neutral,2016-03-31,0.013430329237024263,0.022973891785189514,0.009543562548165251,0.39999999999999997
volatility_20d_sector_neutral,2016-04-29,-0.011597881576307967,0.008723385241933234,0.0203212668182412,0.7
volatility_20d_sector_neutral,2016-05-31,0.011015482009273237,-0.027800025320353527,-0.03881550732962676,-0.7
volatility_20d_sector_neutral,2016-06-30,-0.030796123838448385,0.01614251557608548,0.04693863941453387,0.6
volatility_20d_sector_neutral,2016-07-29,0.0014004482537317898,0.0021707889429311124,0.0007703406891993226,0.3
volatility_20d_sector_neutral,2016-08-31,0.006549175313918187,0.0018248462937895727,-0.004724329020128615,-0.6
volatility_20d_sector_neutral,2016-09-30,0.019020262179488136,0.03174778905997015,0.012727526880482017,0.09999999999999999
volatility_20d_sector_neutral,2016-10-31,-0.018354260246914646,0.049399232255718975,0.06775349250263363,0.7
volatility_20d_sector_neutral,2016-11-30,-0.004977481991123278,0.026581842571944226,0.0315593245630675,0.8999999999999998
volatility_20d_sector_neutral,2016-12-30,0.0012932269123850705,0.037462945122549475,0.0361697182101644,0.3
volatility_20d_sector_neutral,2017-01-31,0.01914894979024262,-0.023316198366886455,-0.042465148157129075,-0.8999999999999998
volatility_20d_sector_neutral,2017-02-28,0.013478914051555723,-0.006090097712239661,-0.019569011763795385,-0.49999999999999994
volatility_20d_sector_neutral,2017-03-31,0.010147840472995318,-0.0054034032456853785,-0.015551243718680698,-0.19999999999999998
volatility_20d_sector_neutral,2017-04-28,-0.020531592904496344,0.03384088759555874,0.05437248050005508,0.9999999999999999
volatility_20d_sector_neutral,2017-05-31,0.007244453017370767,0.016543975744819972,0.009299522727449206,0.6
volatility_20d_sector_neutral,2017-06-30,-0.006020293276745514,0.01947564446124598,0.025495937737991494,0.39999999999999997
volatility_20d_sector_neutral,2017-07-31,-0.0055819396356061035,-0.006658806167526066,-0.0010768665319199622,-0.3
volatility_20d_sector_neutral,2017-08-31,-0.010517437558105847,0.01211767049264908,0.02263510805075493,0.7
volatility_20d_sector_neutral,2017-09-29,-0.009466394865060434,0.009023017504426478,0.01848941236948691,0.8999999999999998
volatility_20d_sector_neutral,2017-10-31,0.014345832283292703,0.0303453856598791,0.015999553376586394,0.3
volatility_20d_sector_neutral,2017-11-30,-0.008942339818161837,-0.0007478713701175143,0.008194468448044324,0.49999999999999994
volatility_20d_sector_neutral,2017-12-29,-0.00818371552540087,0.035462446066477804,0.043646161591878674,0.3
volatility_20d_sector_neutral,2018-01-31,0.009611815147872604,0.023623981187259634,0.01401216603938703,0.09999999999999999
volatility_20d_sector_neutral,2018-02-28,0.0028334645899736,-0.0482191511293127,-0.0510526157192863,-0.6
volatility_20d_sector_neutral,2018-03-29,0.019315766599108608,0.018554698671316584,-0.0007610679277920245,0.19999999999999998
volatility_20d_sector_neutral,2018-04-30,-0.011685851326984575,0.03679973959207296,0.048485590919057533,0.8999999999999998
volatility_20d_sector_neutral,2018-05-31,0.010282377285286026,0.0003041285441597319,-0.009978248741126294,-0.3
volatility_20d_sector_neutral,2018-06-29,0.001437456895932665,-0.04903711241617116,-0.050474569312103826,-0.3
volatility_20d_sector_neutral,2018-07-31,0.01957010814629768,-0.003694268430002523,-0.023264376576300205,-0.8999999999999998
volatility_20d_sector_neutral,2018-08-31,0.0025150270105979366,-0.01654444507399403,-0.019059472084591966,-0.09999999999999999
volatility_20d_sector_neutral,2018-09-28,-0.007890401757220467,0.0073369194575407136,0.01522732121476118,0.0
volatility_20d_sector_neutral,2018-10-31,-0.021806483229044594,-0.008185242213245281,0.013621241015799312,0.7999999999999999
volatility_20d_sector_neutral,2018-11-30,-0.003445783917179768,-0.015286776959591153,-0.011840993042411384,-0.3
volatility_20d_sector_neutral,2018-12-31,-0.046738880063706176,0.017274233798867167,0.06401311386257334,0.8999999999999998
volatility_20d_sector_neutral,2019-01-31,0.0008927141480055579,-0.020474222307320832,-0.02136693645532639,-0.19999999999999998
volatility_20d_sector_neutral,2019-02-28,-0.00477104837964607,-0.00802578208455409,-0.00325473370490802,-0.6
volatility_20d_sector_neutral,2019-03-29,0.010008393225396706,-0.029508674754401075,-0.03951706797979778,-0.8999999999999998
volatility_20d_sector_neutral,2019-04-30,-0.009607402798334585,-0.05814744636183394,-0.048540043563499356,0.0
volatility_20d_sector_neutral,2019-05-31,-0.001759808609546143,0.02977067213269171,0.031530480742237854,0.39999999999999997
volatility_20d_sector_neutral,2019-06-28,-0.025792177930164882,-0.0016881438916412916,0.02410403403852359,0.7
volatility_20d_sector_neutral,2019-07-31,0.001080295833225675,-0.00798558770017017,-0.009065883533395845,-0.3
volatility_20d_sector_neutral,2019-08-30,-0.0035992000390763557,0.009130127234988484,0.012729327274064839,-0.19999999999999998
volatility_20d_sector_neutral,2019-09-30,-0.007621978988041578,0.06851250685769729,0.07613448584573887,0.8999999999999998
volatility_20d_sector_neutral,2019-10-31,0.0007001703642021684,0.01719390067296973,0.01649373030876756,0.6
volatility_20d_sector_neutral,2019-11-29,0.0022197301693896664,0.0453088154871373,0.04308908531774763,0.3
volatility_20d_sector_neutral,2019-12-31,0.025722873203235297,0.04368236311119515,0.017959489907959855,0.09999999999999999
volatility_60d_sector_neutral,2014-03-31,-0.0012934492473743008,-0.013010140099360624,-0.011716690851986324,-0.8999999999999998
volatility_60d_sector_neutral,2014-04-30,0.003722940955275045,0.04369541476979459,0.039972473814519544,0.09999999999999999
volatility_60d_sector_neutral,2014-05-30,-0.007818456356542991,0.024549157932211074,0.032367614288754065,0.6
volatility_60d_sector_neutral,2014-06-30,-0.0044034669433064555,-0.0023362432415791725,0.002067223701727283,-0.09999999999999999
volatility_60d_sector_neutral,2014-07-31,0.007598626306118528,0.03561764982510689,0.02801902351898836,0.6
volatility_60d_sector_neutral,2014-08-29,-0.000857448637128666,-0.018421589592623865,-0.0175641409554952,-0.9999999999999999
volatility_60d_sector_neutral,2014-09-30,-0.0028042142215827792,-0.04019945068424594,-0.03739523646266316,-0.09999999999999999
volatility_60d_sector_neutral,2014-10-31,-0.011065545609577464,-0.020642414006992082,-0.009576868397414617,-0.09999999999999999
volatility_60d_sector_neutral,2014-11-28,0.008980596872230717,-0.026095556086127136,-0.03507615295835785,-0.6
volatility_60d_sector_neutral,2014-12-31,-0.015003425508430679,0.02910139585278467,0.04410482136121535,0.7
volatility_60d_sector_neutral,2015-01-30,0.016152549282712803,0.0009605758634174232,-0.01519197341929538,-0.09999999999999999
volatility_60d_sector_neutral,2015-02-27,0.023103554850497133,-0.01984022908483144,-0.04294378393532858,-0.7
volatility_60d_sector_neutral,2015-03-31,-0.01724898514557971,0.09388081913101717,0.11112980427659688,0.8999999999999998
volatility_60d_sector_neutral,2015-04-30,0.00038633007797510553,0.04221989558278237,0.04183356550480727,0.0
volatility_60d_sector_neutral,2015-05-29,0.016131990409931674,0.000566681783195655,-0.015565308626736019,-0.39999999999999997
volatility_60d_sector_neutral,2015-06-30,0.024388100847221195,0.013516520719879788,-0.010871580127341407,-0.09999999999999999
volatility_60d_sector_neutral,2015-07-31,-0.006043002445784007,0.028397448358872847,0.03444045080465685,0.7999999999999999
volatility_60d_sector_neutral,2015-08-31,0.001956939502718735,-0.0018663151753776975,-0.0038232546780964326,-0.7
volatility_60d_sector_neutral,2015-09-30,0.012651568919060097,-0.0292446536719135,-0.0418962225909736,-0.8999999999999998
volatility_60d_sector_neutral,2015-10-30,-0.01564829321046335,0.05137907116998998,0.06702736438045333,0.8999999999999998
volatility_60d_sector_neutral,2015-11-30,-0.011392938296552902,0.017773013634714008,0.02916595193126691,0.39999999999999997
volatility_60d_sector_neutral,2015-12-31,0.015232463384696315,-0.045544958459373806,-0.06077742184407012,-0.6
volatility_60d_sector_neutral,2016-01-29,0.005149660263180622,0.01850762069058911,0.013357960427408487,0.09999999999999999
volatility_60d_sector_neutral,2016-02-29,0.003846889990914404,0.027916170163310917,0.024069280172396512,0.09999999999999999
volatility_60d_sector_neutral,2016-03-31,-0.002980930112189528,0.02642591077068982,0.02940684088287935,0.7999999999999999
volatility_60d_sector_neutral,2016-04-29,-0.006217511970694112,0.02927642771417277,0.03549393968486688,0.8999999999999998
volatility_60d_sector_neutral,2016-05-31,0.008278968974655087,-0.022599728494035798,-0.030878697468690885,-0.8999999999999998
volatility_60d_sector_neutral,2016-06-30,-0.019739117611272117,0.024517791616315954,0.04425690922758807,0.8999999999999998
volatility_60d_sector_neutral,2016-07-29,-0.005099786845954068,0.0074323476418721056,0.012532134487826174,0.6
volatility_60d_sector_neutral,2016-08-31,-0.004317525603914995,0.03192707759870318,0.03624460320261818,0.09999999999999999
volatility_60d_sector_neutral,2016-09-30,0.010254282332643205,0.0312882339659065,0.021033951633263295,0.09999999999999999
volatility_60d_sector_neutral,2016-10-31,-0.0076603586917506905,0.0941960152155565,0.10185637390730719,0.3
volatility_60d_sector_neutral,2016-11-30,-0.00835208068697887,0.03389821564743212,0.042250296334410985,0.7
volatility_60d_sector_neutral,2016-12-30,-0.0061036386388859665,0.03788676060250873,0.043990399241394695,0.49999999999999994
volatility_60d_sector_neutral,2017-01-31,0.013841708468423641,-0.02569736057327987,-0.03953906904170351,-0.8999999999999998
volatility_60d_sector_neutral,2017-02-28,0.007815400335064827,-0.0016966541215324594,-0.009512054456597287,-0.7999999999999999
volatility_60d_sector_neutral,2017-03-31,0.0070453965504081225,-0.005684975472814613,-0.012730372023222736,-0.8999999999999998
volatility_60d_sector_neutral,2017-04-28,-0.0012815928005749043,0.015615211514310879,0.016896804314885782,0.3
volatility_60d_sector_neutral,2017-05-31,-0.0031281849506452075,0.030938487924285496,0.034066672874930704,0.8999999999999998
volatility_60d_sector_neutral,2017-06-30,-0.0015677811041143852,0.019236373340678993,0.020804154444793378,0.3
volatility_60d_sector_neutral,2017-07-31,0.012696930629045543,-0.01650154896924031,-0.029198479598285854,-0.8999999999999998
volatility_60d_sector_neutral,2017-08-31,-0.001956986009419637,0.01087632163684057,0.012833307646260207,0.7999999999999999
volatility_60d_sector_neutral,2017-09-29,-0.017629205161918605,0.0033730547658866183,0.021002259927805224,0.49999999999999994
volatility_60d_sector_neutral,2017-10-31,0.013027995362721234,0.0030437342219258754,-0.00998426114079536,-0.19999999999999998
volatility_60d_sector_neutral,2017-11-30,0.0005851987064791287,0.007556145470100894,0.006970946763621765,0.6
volatility_60d_sector_neutral,2017-12-29,-0.02408766970943064,0.05969173290150561,0.08377940261093625,0.8999999999999998
volatility_60d_sector_neutral,2018-01-31,0.008030292166001606,0.013456088765370421,0.005425796599368815,0.09999999999999999
volatility_60d_sector_neutral,2018-02-28,-0.013409234627713729,-0.040089772170694704,-0.026680537542980977,-0.09999999999999999
volatility_60d_sector_neutral,2018-03-29,0.01837138592684111,-0.0026328576578456774,-0.021004243584686787,0.19999999999999998
volatility_60d_sector_neutral,2018-04-30,-0.008859784721141994,0.027285730926020248,0.036145515647162244,0.49999999999999994
volatility_60d_sector_neutral,2018-05-31,0.011134711165214728,0.005647621031806637,-0.00548709013340809,-0.09999999999999999
volatility_60d_sector_neutral,2018-06-29,0.016633446214251734,-0.04368591502553833,-0.060319361239790065,-0.8999999999999998
volatility_60d_sector_neutral,2018-07-31,0.029509995054121864,0.01638005674656049,-0.013129938307561373,-0.09999999999999999
volatility_60d_sector_neutral,2018-08-31,0.0037523971550381895,0.005209611833492856,0.0014572146784546662,0.19999999999999998
volatility_60d_sector_neutral,2018-09-28,0.004247505008840991,-0.0006637957561542396,-0.004911300764995231,-0.49999999999999994
volatility_60d_sector_neutral,2018-10-31,-0.011983751610443173,-0.019154550804542814,-0.007170799194099641,-0.7
volatility_60d_sector_neutral,2018-11-30,0.013355087786636655,-0.013384944333611325,-0.026740032120247982,-0.3
volatility_60d_sector_neutral,2018-12-31,-0.017184314329104233,0.00013204062441711794,0.01731635495352135,0.8999999999999998
volatility_60d_sector_neutral,2019-01-31,0.005505681680110386,-0.02450499906871544,-0.030010680748825826,-0.19999999999999998
volatility_60d_sector_neutral,2019-02-28,-0.0009710477611500568,-0.00586847794084282,-0.004897430179692763,-0.09999999999999999
volatility_60d_sector_neutral,2019-03-29,0.06371271449535754,-0.026211961618892166,-0.0899246761142497,-0.7
volatility_60d_sector_neutral,2019-04-30,0.0077921779947620175,-0.06391647883003418,-0.0717086568247962,-0.7
volatility_60d_sector_neutral,2019-05-31,0.0012276170264901465,0.04506654434789041,0.04383892732140027,0.7
volatility_60d_sector_neutral,2019-06-28,-0.01488362279384341,0.0025715629972290154,0.017455185791072424,0.19999999999999998
volatility_60d_sector_neutral,2019-07-31,-0.0004899957106931252,-0.004265232544567998,-0.003775236833874873,-0.6
volatility_60d_sector_neutral,2019-08-30,-0.011134700832978872,0.007388082696276954,0.018522783529255828,0.7
volatility_60d_sector_neutral,2019-09-30,-0.018345673964765562,0.06956517372782665,0.08791084769259222,0.7
volatility_60d_sector_neutral,2019-10-31,-0.00046773840193610195,0.030290718437346542,0.030758456839282643,0.19999999999999998
volatility_60d_sector_neutral,2019-11-29,-0.006528706125832428,0.05109795177085459,0.05762665789668702,0.8999999999999998
volatility_60d_sector_neutral,2019-12-31,0.015892784233640045,0.03151957138369551,0.015626787150055464,0.09999999999999999
downside_volatility_60d_sector_neutral,2014-03-31,-0.0038565365048209175,-0.0015565503223598175,0.0022999861824611,-0.19999999999999998
downside_volatility_60d_sector_neutral,2014-04-30,0.005102885866414775,0.0465837295539608,0.04148084368754602,0.09999999999999999
downside_volatility_60d_sector_neutral,2014-05-30,-0.0018509639604959993,0.02819108457839592,0.03004204853889192,0.3
downside_volatility_60d_sector_neutral,2014-06-30,0.005584999004508329,-0.008102587351351286,-0.013687586355859614,-0.49999999999999994
downside_volatility_60d_sector_neutral,2014-07-31,0.012617471680102688,0.03846225794187748,0.02584478626177479,0.3
downside_volatility_60d_sector_neutral,2014-08-29,-0.015378639406018024,-0.02731765547567999,-0.011939016069661967,-0.39999999999999997
downside_volatility_60d_sector_neutral,2014-09-30,0.004646131504705353,-0.032725778341513315,-0.037371909846218666,-0.3
downside_volatility_60d_sector_neutral,2014-10-31,-0.025167628304322686,-0.021219959275871704,0.003947669028450982,0.09999999999999999
downside_volatility_60d_sector_neutral,2014-11-28,-0.009760897665681667,-0.03389028394386512,-0.02412938627818345,-0.6
downside_volatility_60d_sector_neutral,2014-12-31,-0.016511465971078422,0.03564021999732756,0.052151685968405984,0.3
downside_volatility_60d_sector_neutral,2015-01-30,0.0034477135673562586,-0.004984587233510496,-0.008432300800866755,-0.6
downside_volatility_60d_sector_neutral,2015-02-27,0.008988212833905551,-0.03171862821880241,-0.040706841052707964,-0.8999999999999998
downside_volatility_60d_sector_neutral,2015-03-31,-0.0008782453474152629,0.10248899250202455,0.10336723784943981,0.7
downside_volatility_60d_sector_neutral,2015-04-30,-0.005012466048688302,0.0309179902637692,0.035930456312457504,0.3
downside_volatility_60d_sector_neutral,2015-05-29,-0.010932863820439186,-0.011388197111343912,-0.00045533329090472613,-0.09999999999999999
downside_volatility_60d_sector_neutral,2015-06-30,-0.007929262655769154,-0.03163486845320103,-0.023705605797431875,-0.09999999999999999
downside_volatility_60d_sector_neutral,2015-07-31,-0.0007544985905657998,0.011963718168874904,0.012718216759440704,0.6
downside_volatility_60d_sector_neutral,2015-08-31,0.010726038252100311,-0.03505876561986735,-0.045784803871967664,-0.9999999999999999
downside_volatility_60d_sector_neutral,2015-09-30,0.0009448105828278042,-0.0310236017567308,-0.031968412339558605,-0.7
downside_volatility_60d_sector_neutral,2015-10-30,0.011634472295248898,0.015427183920751342,0.003792711625502444,0.7
downside_volatility_60d_sector_neutral,2015-11-30,0.0014050595722153614,0.00501217734169922,0.0036071177694838585,0.0
downside_volatility_60d_sector_neutral,2015-12-31,0.03571388510039991,-0.03341707099178269,-0.0691309560921826,-0.8999999999999998
downside_volatility_60d_sector_neutral,2016-01-29,-0.0010265936863306014,0.001951857406936952,0.0029784510932675534,0.09999999999999999
downside_volatility_60d_sector_neutral,2016-02-29,0.0006784218487252414,0.015671000930907897,0.014992579082182655,0.09999999999999999
downside_volatility_60d_sector_neutral,2016-03-31,0.000694507721916704,0.03209860735183896,0.03140409962992226,0.3
downside_volatility_60d_sector_neutral,2016-04-29,-0.004345760055238202,-0.0032449862793103245,0.0011007737759278773,0.3
downside_volatility_60d_sector_neutral,2016-05-31,0.0024705701302450978,-0.019135250177278885,-0.021605820307523983,-0.6
downside_volatility_60d_sector_neutral,2016-06-30,-0.029550985621374926,0.020184812516034344,0.04973579813740927,0.49999999999999994
downside_volatility_60d_sector_neutral,2016-07-29,-0.01375055092988331,0.013501408184107045,0.027251959113990355,0.8999999999999998
downside_volatility_60d_sector_neutral,2016-08-31,-0.008779233217269079,0.014312992143768,0.023092225361037076,0.8999999999999998
downside_volatility_60d_sector_neutral,2016-09-30,0.008323007112874037,0.019247142769180325,0.010924135656306289,0.19999999999999998
downside_volatility_60d_sector_neutral,2016-10-31,0.007610719749182782,0.056013461736895434,0.048402741987712654,0.6
downside_volatility_60d_sector_neutral,2016-11-30,0.0002252486275869381,0.03078870384551329,0.03056345521792635,0.49999999999999994
downside_volatility_60d_sector_neutral,2016-12-30,-0.0313889407361395,0.0493714524119949,0.08076039314813441,0.7
downside_volatility_60d_sector_neutral,2017-01-31,0.013693281678934344,-0.021570400614929985,-0.035263682293864326,-0.9999999999999999
downside_volatility_60d_sector_neutral,2017-02-28,1.5040971018742689e-05,0.00940012927657644,0.009385088305557699,0.09999999999999999
downside_volatility_60d_sector_neutral,2017-03-31,0.01311426685517777,0.0006747111445814302,-0.01243955571059634,-0.3
downside_volatility_60d_sector_neutral,2017-04-28,-0.0013035550374059235,0.021114172933390973,0.022417727970796896,0.49999999999999994
downside_volatility_60d_sector_neutral,2017-05-31,0.00841252228593361,0.020622603205613245,0.012210080919679634,0.39999999999999997
downside_volatility_60d_sector_neutral,2017-06-30,-0.0019609055582926805,0.01144959592392547,0.01341050148221815,-0.09999999999999999
downside_volatility_60d_sector_neutral,2017-07-31,0.0003460203131082862,-0.01371998131765333,-0.014066001630761616,-0.09999999999999999
downside_volatility_60d_sector_neutral,2017-08-31,-0.013807445136362862,0.02339413503702805,0.03720158017339091,0.8999999999999998
downside_volatility_60d_sector_neutral,2017-09-29,-0.00839359942249065,-0.0023317268407688886,0.006061872581721761,0.3
downside_volatility_60d_sector_neutral,2017-10-31,0.002561691116876874,0.007184185532821863,0.004622494415944989,0.09999999999999999
downside_volatility_60d_sector_neutral,2017-11-30,0.006342610893051404,-0.008077745549066895,-0.014420356442118299,-0.09999999999999999
downside_volatility_60d_sector_neutral,2017-12-29,-0.010517527828076667,0.08141138235260052,0.09192891018067718,0.09999999999999999
downside_volatility_60d_sector_neutral,2018-01-31,0.012213683089289606,0.041192392214372264,0.028978709125082658,0.09999999999999999
downside_volatility_60d_sector_neutral,2018-02-28,0.0034323856431215825,-0.0412127942794868,-0.04464517992260838,-0.7
downside_volatility_60d_sector_neutral,2018-03-29,0.021932563327200193,0.01595923587327226,-0.005973327453927934,-0.49999999999999994
downside_volatility_60d_sector_neutral,2018-04-30,-0.010858832908814797,0.03506044843343055,0.04591928134224535,0.7
downside_volatility_60d_sector_neutral,2018-05-31,0.015764645153242506,0.009364739507982833,-0.006399905645259673,0.0
downside_volatility_60d_sector_neutral,2018-06-29,0.013504341393242048,-0.024140805803072974,-0.037645147196315024,-0.19999999999999998
downside_volatility_60d_sector_neutral,2018-07-31,0.027155263779196658,0.012328819150705873,-0.014826444628490785,-0.7
downside_volatility_60d_sector_neutral,2018-08-31,0.005904056812373592,0.0044080665003007665,-0.001495990312072826,-0.3
downside_volatility_60d_sector_neutral,2018-09-28,-0.006728417328119585,-0.010369036593854653,-0.003640619265735068,-0.49999999999999994
downside_volatility_60d_sector_neutral,2018-10-31,-0.03099850015134146,-0.008782406946699628,0.02221609320464183,0.09999999999999999
downside_volatility_60d_sector_neutral,2018-11-30,-0.000982877310570196,-0.014909029932304762,-0.013926152621734566,-0.7
downside_volatility_60d_sector_neutral,2018-12-31,-0.017581037584347092,0.03130140831923776,0.04888244590358485,0.7999999999999999
downside_volatility_60d_sector_neutral,2019-01-31,0.010590036957455551,-0.027020226440939175,-0.037610263398394725,-0.3
downside_volatility_60d_sector_neutral,2019-02-28,0.004734527851056947,0.006283342873929254,0.0015488150228723076,0.09999999999999999
downside_volatility_60d_sector_neutral,2019-03-29,0.003849837783379062,-0.037964914087618394,-0.04181475187099746,-0.49999999999999994
downside_volatility_60d_sector_neutral,2019-04-30,0.015988371621060336,-0.04627383270320375,-0.06226220432426409,-0.9999999999999999
downside_volatility_60d_sector_neutral,2019-05-31,-0.0022859189156611893,0.04196856783100642,0.04425448674666761,0.7
downside_volatility_60d_sector_neutral,2019-06-28,-0.017271373840644012,0.00905325853060931,0.02632463237125332,0.8999999999999998
downside_volatility_60d_sector_neutral,2019-07-31,-0.0060264013393716565,-0.020084226335151813,-0.014057824995780156,-0.49999999999999994
downside_volatility_60d_sector_neutral,2019-08-30,-0.007208037065939343,0.011078355265838747,0.01828639233177809,0.7999999999999999
downside_volatility_60d_sector_neutral,2019-09-30,-0.013018853009672805,0.07856623722824035,0.09158509023791316,0.7
downside_volatility_60d_sector_neutral,2019-10-31,0.013392476466146896,0.007801392575704946,-0.0055910838904419495,0.09999999999999999
downside_volatility_60d_sector_neutral,2019-11-29,0.005297589164998206,0.0494583107834863,0.044160721618488094,0.49999999999999994
downside_volatility_60d_sector_neutral,2019-12-31,0.009704274560982506,0.04884255430865435,0.03913827974767184,0.7
beta_60d_market_sector_neutral,2014-03-31,0.006960597606370733,-0.019371277883229232,-0.026331875489599966,-0.7999999999999999
beta_60d_market_sector_neutral,2014-04-30,0.010353696200140029,0.04454344695327228,0.034189750753132256,0.0
beta_60d_market_sector_neutral,2014-05-30,-0.002849546132582237,0.015293552284368494,0.01814309841695073,0.09999999999999999
beta_60d_market_sector_neutral,2014-06-30,-0.005851015465510745,0.00046628945208940784,0.006317304917600152,-0.19999999999999998
beta_60d_market_sector_neutral,2014-07-31,0.0072861692527807055,0.029604382279077024,0.02231821302629632,0.3
beta_60d_market_sector_neutral,2014-08-29,-0.017721848474297298,-0.009243845333499512,0.008478003140797786,0.3
beta_60d_market_sector_neutral,2014-09-30,-0.01884371171947602,-0.024923863412553437,-0.006080151693077417,0.0
beta_60d_market_sector_neutral,2014-10-31,0.020159629872325245,-0.0009808414017647427,-0.021140471274089988,-0.3
beta_60d_market_sector_neutral,2014-11-28,-0.01139974988073118,-0.02230443241160642,-0.010904682530875242,-0.3
beta_60d_market_sector_neutral,2014-12-31,0.009237907290895376,0.03226782946235394,0.023029922171458564,0.3
beta_60d_market_sector_neutral,2015-01-30,-0.0015162047555343228,0.02463677235442896,0.026152977109963282,0.3
beta_60d_market_sector_neutral,2015-02-27,0.004934228682904796,-0.02609323856481919,-0.031027467247723983,-0.3
beta_60d_market_sector_neutral,2015-03-31,0.010937871231835516,0.06956482113915323,0.05862694990731771,0.7
beta_60d_market_sector_neutral,2015-04-30,-0.006838895665236389,0.03368319498744887,0.040522090652685264,0.8999999999999998
beta_60d_market_sector_neutral,2015-05-29,0.0029069232889634366,-0.009267738753071842,-0.012174662042035279,-0.09999999999999999
beta_60d_market_sector_neutral,2015-06-30,-0.007301559133249336,0.051106506513662955,0.05840806564691229,0.0
beta_60d_market_sector_neutral,2015-07-31,0.006532711763168941,0.017230466585093685,0.010697754821924744,0.09999999999999999
beta_60d_market_sector_neutral,2015-08-31,0.006965921685319887,-0.010458384528451025,-0.01742430621377091,-0.3
beta_60d_market_sector_neutral,2015-09-30,0.006900141796253245,-0.022058130615197503,-0.02895827241145075,-0.6
beta_60d_market_sector_neutral,2015-10-30,-0.01938484471004811,0.027258748811925193,0.0466435935219733,0.9999999999999999
beta_60d_market_sector_neutral,2015-11-30,-0.018426101638608083,0.003017722251702537,0.02144382389031062,0.3
beta_60d_market_sector_neutral,2015-12-31,0.001561363063028609,-0.04834278544951124,-0.049904148512539846,-0.7
beta_60d_market_sector_neutral,2016-01-29,0.01838790080461792,-0.0057983607193354825,-0.024186261523953402,-0.7999999999999999
beta_60d_market_sector_neutral,2016-02-29,-0.008568184049596295,0.03110998442284325,0.039678168472439546,0.49999999999999994
beta_60d_market_sector_neutral,2016-03-31,-0.005884863093958526,0.016887140407929324,0.02277200350188785,0.49999999999999994
beta_60d_market_sector_neutral,2016-04-29,-0.007290445812185331,0.0010643640990739445,0.008354809911259276,0.3
beta_60d_market_sector_neutral,2016-05-31,0.0018767165810940956,-0.02627738507068724,-0.028154101651781338,-0.3
beta_60d_market_sector_neutral,2016-06-30,-0.016650182762348885,0.01199488300770155,0.028645065770050437,0.7
beta_60d_market_sector_neutral,2016-07-29,-0.015566647429158198,0.02624332890430824,0.041809976333466434,0.7
beta_60d_market_sector_neutral,2016-08-31,0.012017059565739974,0.005169767310444317,-0.006847292255295657,0.19999999999999998
beta_60d_market_sector_neutral,2016-09-30,-0.006161371163152652,0.013299501284601844,0.019460872447754497,0.0
beta_60d_market_sector_neutral,2016-10-31,-0.01340653291105488,0.04268565990657758,0.05609219281763246,0.39999999999999997
beta_60d_market_sector_neutral,2016-11-30,-0.0038749994436267253,0.016314330187461902,0.020189329631088628,0.7
beta_60d_market_sector_neutral,2016-12-30,-0.007727452975361126,0.04653219491943039,0.05425964789479152,0.7999999999999999
beta_60d_market_sector_neutral,2017-01-31,0.014793194506292073,-0.023304435078477327,-0.0380976295847694,-0.7
beta_60d_market_sector_neutral,2017-02-28,0.003904034388016764,0.016216081834131445,0.012312047446114681,0.19999999999999998
beta_60d_market_sector_neutral,2017-03-31,0.008569211952501033,-0.014683435134359568,-0.023252647086860603,-0.19999999999999998
beta_60d_market_sector_neutral,2017-04-28,-0.01847002356263281,0.006819976126524696,0.025289999689157506,0.7
beta_60d_market_sector_neutral,2017-05-31,0.012711261259338347,0.0063909333537501166,-0.006320327905588231,0.09999999999999999
beta_60d_market_sector_neutral,2017-06-30,-0.0012449573545413207,0.016291620091186065,0.017536577445727387,0.7999999999999999
beta_60d_market_sector_neutral,2017-07-31,-0.013050131096854689,0.011049298463166601,0.024099429560021292,0.7
beta_60d_market_sector_neutral,2017-08-31,-0.010996990993056788,0.0010372472247010545,0.012034238217757842,0.3
beta_60d_market_sector_neutral,2017-09-29,-0.02747545336413081,0.026701650969499446,0.05417710433363025,0.6
beta_60d_market_sector_neutral,2017-10-31,0.005480206513921171,0.0004973062168846743,-0.004982900297036496,-0.3
beta_60d_market_sector_neutral,2017-11-30,0.013562069125942943,0.006577249841421129,-0.006984819284521814,0.0
beta_60d_market_sector_neutral,2017-12-29,-0.027695134951926624,0.08285996716192949,0.11055510211385611,0.9999999999999999
beta_60d_market_sector_neutral,2018-01-31,0.0013150801892858666,0.028869232987295636,0.027554152798009768,0.19999999999999998
beta_60d_market_sector_neutral,2018-02-28,0.002128148277969577,-0.03165812806087045,-0.03378627633884002,-0.3
beta_60d_market_sector_neutral,2018-03-29,0.004228911283975789,0.02250746214548649,0.0182785508615107,0.49999999999999994
beta_60d_market_sector_neutral,2018-04-30,-0.0044669580419085305,0.011832378207597772,0.016299336249506302,0.6
beta_60d_market_sector_neutral,2018-05-31,0.0022915629970398864,0.004628803538492354,0.0023372405414524675,-0.09999999999999999
beta_60d_market_sector_neutral,2018-06-29,0.022671556528019852,-0.02159308469365807,-0.04426464122167792,-0.39999999999999997
beta_60d_market_sector_neutral,2018-07-31,-0.008576274470269717,0.0260561648758032,0.03463243934607292,0.0
beta_60d_market_sector_neutral,2018-08-31,-0.005209412043754291,0.005703107052136702,0.010912519095890992,-0.19999999999999998
beta_60d_market_sector_neutral,2018-09-28,0.028548407460993196,0.0028918191985807472,-0.02565658826241245,-0.7999999999999999
beta_60d_market_sector_neutral,2018-10-31,-0.0273991269020597,-0.04096941651926622,-0.013570289617206521,-0.3
beta_60d_market_sector_neutral,2018-11-30,0.009115714915987528,-0.017500318564877205,-0.026616033480864734,-0.09999999999999999
beta_60d_market_sector_neutral,2018-12-31,-0.02022515609966049,0.009112651002330652,0.02933780710199114,0.49999999999999994
beta_60d_market_sector_neutral,2019-01-31,-0.001624403376079986,-0.0024339630873490004,-0.0008095597112690144,-0.49999999999999994
beta_60d_market_sector_neutral,2019-02-28,-0.003835611736484346,0.014288125019339303,0.018123736755823648,0.19999999999999998
beta_60d_market_sector_neutral,2019-03-29,0.05047457409048545,-0.024734218050510258,-0.07520879214099571,-0.6
beta_60d_market_sector_neutral,2019-04-30,0.018318022386871535,-0.07512091765086396,-0.0934389400377355,-0.7
beta_60d_market_sector_neutral,2019-05-31,-0.023791974763873524,0.05197306502615555,0.07576503979002908,0.6
beta_60d_market_sector_neutral,2019-06-28,-0.016434924656762995,-0.030136443643140498,-0.013701518986377503,-0.09999999999999999
beta_60d_market_sector_neutral,2019-07-31,0.016440571352109412,-0.013019468812257028,-0.02946004016436644,-0.39999999999999997
beta_60d_market_sector_neutral,2019-08-30,-0.013125647179627942,0.018550501860343162,0.031676149039971103,0.9999999999999999
beta_60d_market_sector_neutral,2019-09-30,-0.018796598589827206,0.0534374051843744,0.07223400377420161,0.7
beta_60d_market_sector_neutral,2019-10-31,0.01009800799221563,0.015926835610275393,0.005828827618059763,0.7
beta_60d_market_sector_neutral,2019-11-29,-0.01641690944540227,0.029926442793554088,0.04634335223895636,0.8999999999999998
beta_60d_market_sector_neutral,2019-12-31,0.010631635276228069,0.05783913493741222,0.04720749966118415,0.09999999999999999
max_drawdown_126d_sector_neutral,2014-07-31,0.04850177988357087,0.009904241875004393,-0.03859753800856648,-0.3
max_drawdown_126d_sector_neutral,2014-08-29,-0.027028796226566877,0.007539958735465713,0.03456875496203259,0.7
max_drawdown_126d_sector_neutral,2014-09-30,-0.034664161993879096,0.021979777970549084,0.05664393996442818,0.7
max_drawdown_126d_sector_neutral,2014-10-31,-0.025781966401823352,-0.003144363188976673,0.02263760321284668,0.3
max_drawdown_126d_sector_neutral,2014-11-28,-0.03708025917950812,-0.00461771113184577,0.032462548047662354,0.7
max_drawdown_126d_sector_neutral,2014-12-31,0.04761875400245411,-0.023195007304993832,-0.07081376130744794,-0.3
max_drawdown_126d_sector_neutral,2015-01-30,0.013564619086494867,0.02208341560489511,0.008518796518400241,0.09999999999999999
max_drawdown_126d_sector_neutral,2015-02-27,-0.027790550182545615,0.010586346804021884,0.0383768969865675,0.7999999999999999
max_drawdown_126d_sector_neutral,2015-03-31,0.1010364163919188,-0.020492593418323424,-0.12152900981024223,-0.8999999999999998
max_drawdown_126d_sector_neutral,2015-04-30,0.005233020211630146,0.005695525411711422,0.00046250520008127554,0.49999999999999994
max_drawdown_126d_sector_neutral,2015-05-29,0.013470082975047658,0.016904221294773723,0.003434138319726065,0.3
max_drawdown_126d_sector_neutral,2015-06-30,0.021429897482379567,0.014110569218802016,-0.00731932826357755,0.0
max_drawdown_126d_sector_neutral,2015-07-31,0.018725769769004873,-0.013823729774635729,-0.0325494995436406,-0.8999999999999998
max_drawdown_126d_sector_neutral,2015-08-31,-0.010399370286195985,0.02404303407416216,0.03444240436035814,0.7
max_drawdown_126d_sector_neutral,2015-09-30,-0.07118990504931968,-3.277056504064069e-05,0.07115713448427904,0.09999999999999999
max_drawdown_126d_sector_neutral,2015-10-30,0.004599969671258597,0.007595083238589639,0.002995113567331042,0.6
max_drawdown_126d_sector_neutral,2015-11-30,0.006791118649845185,-0.0062726478500828246,-0.01306376649992801,-0.3
max_drawdown_126d_sector_neutral,2015-12-31,-0.041127364826849935,0.04561155342373631,0.08673891825058624,0.9999999999999999
max_drawdown_126d_sector_neutral,2016-01-29,0.0007659366463288908,-0.009509620185776524,-0.010275556832105416,-0.7
max_drawdown_126d_sector_neutral,2016-02-29,0.0013933368607142338,0.0015198436682027471,0.0001265068074885133,-0.09999999999999999
max_drawdown_126d_sector_neutral,2016-03-31,0.023151622028075892,-0.008027865459025119,-0.03117948748710101,-0.3
max_drawdown_126d_sector_neutral,2016-04-29,0.004711445222711852,8.265665664674016e-05,-0.004628788566065112,-0.7999999999999999
max_drawdown_126d_sector_neutral,2016-05-31,-0.02884957817594308,-0.00804996418627547,0.02079961398966761,0.0
max_drawdown_126d_sector_neutral,2016-06-30,0.025220588271614375,-0.036025526442440635,-0.061246114714055014,-0.8999999999999998
max_drawdown_126d_sector_neutral,2016-07-29,0.02096633854314921,-0.017083339488539774,-0.03804967803168899,-0.6
max_drawdown_126d_sector_neutral,2016-08-31,-0.001684150036255705,0.007972527989597477,0.009656678025853183,0.6
max_drawdown_126d_sector_neutral,2016-09-30,0.04428291127420997,0.005685124735105273,-0.03859778653910469,-0.3
max_drawdown_126d_sector_neutral,2016-10-31,0.023351530221814475,0.016809423406165404,-0.0065421068156490715,-0.6
max_drawdown_126d_sector_neutral,2016-11-30,0.03244042517605537,-0.0059306917747547925,-0.03837111695081016,-0.3
max_drawdown_126d_sector_neutral,2016-12-30,0.030868427678139798,-0.02419169844073432,-0.05506012611887412,-0.6
max_drawdown_126d_sector_neutral,2017-01-31,-0.008014193473688013,-0.0031793697727248715,0.004834823700963142,0.39999999999999997
max_drawdown_126d_sector_neutral,2017-02-28,0.012124093233556033,-0.0021747055778073452,-0.014298798811363377,-0.49999999999999994
max_drawdown_126d_sector_neutral,2017-03-31,-0.017669502679432115,-0.0004383662859432258,0.01723113639348889,0.09999999999999999
max_drawdown_126d_sector_neutral,2017-04-28,0.03148009319829975,-0.007505340288530826,-0.038985433486830576,-0.49999999999999994
max_drawdown_126d_sector_neutral,2017-05-31,0.02998720359267041,-0.0018582245440605272,-0.031845428136730934,-0.7
max_drawdown_126d_sector_neutral,2017-06-30,-0.021080248849408623,0.0020559390257689934,0.023136187875177617,0.3
max_drawdown_126d_sector_neutral,2017-07-31,-0.011640602129209587,0.009180834163585616,0.020821436292795203,0.6
max_drawdown_126d_sector_neutral,2017-08-31,0.043799785683339476,-0.01576290685530605,-0.059562692538645524,-0.9999999999999999
max_drawdown_126d_sector_neutral,2017-09-29,-0.0383139418356004,-0.011546941838559633,0.026766999997040766,0.09999999999999999
max_drawdown_126d_sector_neutral,2017-10-31,0.03750452516983828,0.008473999216889072,-0.029030525952949207,-0.3
max_drawdown_126d_sector_neutral,2017-11-30,0.0030460514482228197,-0.012275576611144345,-0.015321628059367164,-0.49999999999999994
max_drawdown_126d_sector_neutral,2017-12-29,0.021266378166839184,-0.014994227411067328,-0.036260605577906516,-0.8999999999999998
max_drawdown_126d_sector_neutral,2018-01-31,0.010657901554333216,0.000646571248442529,-0.010011330305890687,-0.6
max_drawdown_126d_sector_neutral,2018-02-28,-0.021125409603765077,-0.009753641596414297,0.01137176800735078,0.09999999999999999
max_drawdown_126d_sector_neutral,2018-03-29,0.012267293433772909,0.016499965140474006,0.004232671706701097,0.19999999999999998
max_drawdown_126d_sector_neutral,2018-04-30,0.01957316404025252,-0.006479604222594438,-0.026052768262846956,-0.6
max_drawdown_126d_sector_neutral,2018-05-31,0.0015921755734702226,0.016054958508084093,0.014462782934613871,0.09999999999999999
max_drawdown_126d_sector_neutral,2018-06-29,-0.01859378218777218,-0.0068225953146623716,0.011771186873109808,0.3
max_drawdown_126d_sector_neutral,2018-07-31,0.013198124607944029,0.038486640652578154,0.025288516044634127,0.39999999999999997
max_drawdown_126d_sector_neutral,2018-08-31,0.000635912309394171,0.0032463823541924786,0.0026104700447983076,0.6
max_drawdown_126d_sector_neutral,2018-09-28,0.013444345361749632,-0.019290251758249843,-0.03273459711999947,-0.19999999999999998
max_drawdown_126d_sector_neutral,2018-10-31,-0.013038958012394441,-0.02718521730814103,-0.01414625929574659,-0.39999999999999997
max_drawdown_126d_sector_neutral,2018-11-30,-0.0004034793610401599,0.017763473406242902,0.018166952767283064,0.3
max_drawdown_126d_sector_neutral,2018-12-31,0.05040602105008636,-0.019616218544742936,-0.0700222395948293,-0.39999999999999997
max_drawdown_126d_sector_neutral,2019-01-31,-0.02087352654267931,-0.002265780036514775,0.018607746506164535,0.7
max_drawdown_126d_sector_neutral,2019-02-28,0.02292643993708219,0.006239428845718831,-0.01668701109136336,-0.09999999999999999
max_drawdown_126d_sector_neutral,2019-03-29,0.01598330488033183,0.02716164928368685,0.011178344403355023,0.0
max_drawdown_126d_sector_neutral,2019-04-30,-0.03186272875880096,-0.028457784693234,0.003404944065566958,0.39999999999999997
max_drawdown_126d_sector_neutral,2019-05-31,0.041271237041769895,-0.002703483774542692,-0.04397472081631259,-0.6
max_drawdown_126d_sector_neutral,2019-06-28,0.007427479999744857,-0.01822882408101989,-0.025656304080764747,-0.49999999999999994
max_drawdown_126d_sector_neutral,2019-07-31,-0.014144068196093484,-0.008702604302790583,0.005441463893302901,0.49999999999999994
max_drawdown_126d_sector_neutral,2019-08-30,0.005794071519123145,-0.012167915018433218,-0.017961986537556363,-0.6
max_drawdown_126d_sector_neutral,2019-09-30,0.08508258300143044,-0.022569397391066826,-0.10765198039249727,-0.7
max_drawdown_126d_sector_neutral,2019-10-31,0.019759609517471476,0.0007382054422573781,-0.019021404075214098,-0.7
max_drawdown_126d_sector_neutral,2019-11-29,0.05241364968209381,-0.010142530460750521,-0.06255618014284434,-0.3
max_drawdown_126d_sector_neutral,2019-12-31,0.029408309211796935,0.008710855247993721,-0.020697453963803215,-0.3
distance_sma_50d_sector_neutral,2014-03-31,-0.017767271062876032,-0.018927823026840096,-0.001160551963964064,-0.09999999999999999
distance_sma_50d_sector_neutral,2014-04-30,0.03651994242571584,-0.006368572943407258,-0.042888515369123095,-0.7
distance_sma_50d_sector_neutral,2014-05-30,0.00872405100466549,0.002406535775396923,-0.006317515229268567,-0.09999999999999999
distance_sma_50d_sector_neutral,2014-06-30,-0.0005614691715278731,-0.01991869755501675,-0.019357228383488877,-0.19999999999999998
distance_sma_50d_sector_neutral,2014-07-31,0.02032731137901119,0.0192001041099787,-0.0011272072690324923,-0.39999999999999997
distance_sma_50d_sector_neutral,2014-08-29,-0.00017189981699244905,-0.009462346498534679,-0.00929044668154223,-0.09999999999999999
distance_sma_50d_sector_neutral,2014-09-30,-0.005108916197416602,-0.0027710732572296727,0.0023378429401869293,0.6
distance_sma_50d_sector_neutral,2014-10-31,-0.009231167944970165,0.013016496385007126,0.02224766432997729,0.7
distance_sma_50d_sector_neutral,2014-11-28,-0.02979017924553734,-0.015697536442095428,0.014092642803441913,0.3
distance_sma_50d_sector_neutral,2014-12-31,0.0439709937760845,0.010918798568041089,-0.033052195208043415,-0.09999999999999999
distance_sma_50d_sector_neutral,2015-01-30,0.00039300631447907185,0.017535255600359366,0.017142249285880293,0.19999999999999998
distance_sma_50d_sector_neutral,2015-02-27,-0.009248380883022479,0.002336378776858028,0.011584759659880506,0.09999999999999999
distance_sma_50d_sector_neutral,2015-03-31,0.09592377899397705,-0.026213541566967667,-0.12213732056094473,-0.8999999999999998
distance_sma_50d_sector_neutral,2015-04-30,0.02219854057040782,-0.0011308036287702606,-0.023329344199178082,-0.49999999999999994
distance_sma_50d_sector_neutral,2015-05-29,0.00047419936106538605,0.026135059603623244,0.025660860242557856,0.49999999999999994
distance_sma_50d_sector_neutral,2015-06-30,0.022250123754321005,0.0014341050374361841,-0.02081601871688482,-0.3
distance_sma_50d_sector_neutral,2015-07-31,-0.0029160896592503537,0.0006038756087577979,0.0035199652680081516,0.6
distance_sma_50d_sector_neutral,2015-08-31,-0.02864433875425232,-0.005897232735608682,0.02274710601864364,0.7
distance_sma_50d_sector_neutral,2015-09-30,-0.012032332202892316,-0.021929804946249777,-0.009897472743357462,-0.19999999999999998
distance_sma_50d_sector_neutral,2015-10-30,0.004556532662035618,0.020835428871004404,0.016278896208968788,0.09999999999999999
distance_sma_50d_sector_neutral,2015-11-30,-0.008712813082587822,-0.010396011417954843,-0.001683198335367021,0.19999999999999998
distance_sma_50d_sector_neutral,2015-12-31,-0.006956282696382976,0.0009190381590292284,0.007875320855412205,0.49999999999999994
distance_sma_50d_sector_neutral,2016-01-29,-0.009161387017189205,-0.023859366971238825,-0.01469797995404962,-0.39999999999999997
distance_sma_50d_sector_neutral,2016-02-29,0.018721342203935454,-0.013019856403873865,-0.031741198607809315,-0.7
distance_sma_50d_sector_neutral,2016-03-31,0.004337554805464505,-0.009528474620834814,-0.01386602942629932,-0.3
distance_sma_50d_sector_neutral,2016-04-29,0.0208245022183558,0.03146848223060291,0.01064398001224711,0.09999999999999999
distance_sma_50d_sector_neutral,2016-05-31,-0.016477195637162954,-0.023491750565369583,-0.007014554928206629,-0.09999999999999999
distance_sma_50d_sector_neutral,2016-06-30,0.019168136475523713,0.011209848218028017,-0.007958288257495696,-0.39999999999999997
distance_sma_50d_sector_neutral,2016-07-29,0.02056831834211421,-0.012886983564161814,-0.033455301906276026,-0.49999999999999994
distance_sma_50d_sector_neutral,2016-08-31,-0.009944498181328787,0.02421333773484886,0.034157835916177645,0.49999999999999994
distance_sma_50d_sector_neutral,2016-09-30,0.004776005820404161,0.0019969420307603624,-0.0027790637896437987,0.19999999999999998
distance_sma_50d_sector_neutral,2016-10-31,0.05008972532385915,0.031283233601664275,-0.018806491722194875,0.0
distance_sma_50d_sector_neutral,2016-11-30,0.001042053677207988,0.03053703229259037,0.029494978615382382,0.19999999999999998
distance_sma_50d_sector_neutral,2016-12-30,0.017163336090305913,0.011213682763882637,-0.0059496533264232765,-0.3
distance_sma_50d_sector_neutral,2017-01-31,0.005924483040397455,-0.017696149592919697,-0.02362063263331715,-0.7999999999999999
distance_sma_50d_sector_neutral,2017-02-28,0.02053895272669254,0.010888579633542117,-0.009650373093150422,-0.39999999999999997
distance_sma_50d_sector_neutral,2017-03-31,0.004438546933108645,0.00011783129491944599,-0.004320715638189199,0.09999999999999999
distance_sma_50d_sector_neutral,2017-04-28,-0.029385876303081558,0.0034964684421778026,0.03288234474525936,0.6
distance_sma_50d_sector_neutral,2017-05-31,0.03919848182116821,-0.0021661873672597976,-0.04136466918842801,-0.8999999999999998
distance_sma_50d_sector_neutral,2017-06-30,-0.0037704535229939663,0.005848973704788452,0.009619427227782418,-0.19999999999999998
distance_sma_50d_sector_neutral,2017-07-31,0.007281954361226317,-0.005235751064472627,-0.012517705425698945,-0.7
distance_sma_50d_sector_neutral,2017-08-31,0.02046984781365966,-0.011644900529878544,-0.0321147483435382,-0.49999999999999994
distance_sma_50d_sector_neutral,2017-09-29,-0.014675672201811884,-0.003797684024290748,0.010877988177521135,0.49999999999999994
distance_sma_50d_sector_neutral,2017-10-31,0.018310466699234862,0.012050900354190075,-0.006259566345044787,-0.6
distance_sma_50d_sector_neutral,2017-11-30,-0.0016293123891097272,0.005559649643226505,0.007188962032336232,0.7999999999999999
distance_sma_50d_sector_neutral,2017-12-29,0.007141046920185201,-0.013725329039767632,-0.020866375959952832,-0.3
distance_sma_50d_sector_neutral,2018-01-31,0.005596891289306127,0.012379059271787628,0.006782167982481501,0.49999999999999994
distance_sma_50d_sector_neutral,2018-02-28,-0.009445596881502427,-0.007468162438247905,0.0019774344432545218,-0.19999999999999998
distance_sma_50d_sector_neutral,2018-03-29,0.039634652665604765,0.03285418537110183,-0.006780467294502934,-0.09999999999999999
distance_sma_50d_sector_neutral,2018-04-30,0.021440036714374146,-0.015275296156854712,-0.036715332871228856,-0.7
distance_sma_50d_sector_neutral,2018-05-31,-0.0007507693885639322,0.0011786181538001373,0.0019293875423640695,0.7999999999999999
distance_sma_50d_sector_neutral,2018-06-29,0.018315088935451772,-0.028309058255972484,-0.046624147191424256,-0.7
distance_sma_50d_sector_neutral,2018-07-31,0.017196589440058797,0.021589096113327565,0.004392506673268768,0.0
distance_sma_50d_sector_neutral,2018-08-31,-0.003789789796729048,-0.0036146110332247574,0.00017517876350429083,0.49999999999999994
distance_sma_50d_sector_neutral,2018-09-28,0.039310068078967766,-0.042660824545501255,-0.08197089262446902,-0.9999999999999999
distance_sma_50d_sector_neutral,2018-10-31,-0.022086669596633756,-0.01872651403724601,0.0033601555593877445,0.0
distance_sma_50d_sector_neutral,2018-11-30,-0.007159282215710783,0.012097389406979709,0.019256671622690492,0.0
distance_sma_50d_sector_neutral,2018-12-31,0.03727241694703838,-0.05823047597585625,-0.09550289292289463,-0.7999999999999999
distance_sma_50d_sector_neutral,2019-01-31,-0.012467347138016394,-0.01501755272224874,-0.0025502055842323464,-0.09999999999999999
distance_sma_50d_sector_neutral,2019-02-28,-0.031008658043556236,-0.0015475394253552156,0.02946111861820102,0.3
distance_sma_50d_sector_neutral,2019-03-29,-0.018118590495925548,-0.004255501294138231,0.013863089201787316,0.19999999999999998
distance_sma_50d_sector_neutral,2019-04-30,-0.02538855725954353,-0.015872217471552263,0.009516339787991268,0.6
distance_sma_50d_sector_neutral,2019-05-31,0.04890722585292662,-0.011784388761789333,-0.06069161461471595,-0.09999999999999999
distance_sma_50d_sector_neutral,2019-06-28,0.0012151901803183595,-0.021443943915423914,-0.022659134095742273,-0.19999999999999998
distance_sma_50d_sector_neutral,2019-07-31,-0.023569238587996443,-0.007152777505758212,0.01641646108223823,0.0
distance_sma_50d_sector_neutral,2019-08-30,-0.010488203120691587,-0.003285672830206654,0.0072025302904849325,-0.19999999999999998
distance_sma_50d_sector_neutral,2019-09-30,0.0036444331115778605,0.01932332500929721,0.01567889189771935,0.3
distance_sma_50d_sector_neutral,2019-10-31,0.00571796885230681,0.027052925974907095,0.021334957122600286,0.3
distance_sma_50d_sector_neutral,2019-11-29,0.006351567756638077,0.034729029483574946,0.028377461726936868,0.19999999999999998
distance_sma_50d_sector_neutral,2019-12-31,-0.015020593369078994,0.06070247308540483,0.07572306645448382,0.7
distance_sma_200d_sector_neutral,2014-10-31,0.0016243128388247375,0.007934081934181658,0.006309769095356921,0.3
distance_sma_200d_sector_neutral,2014-11-28,-0.03459505095927377,-0.0022758630695451807,0.03231918788972859,0.8999999999999998
distance_sma_200d_sector_neutral,2014-12-31,0.028677800426794166,-0.0038072126343190794,-0.032485013061113246,-0.19999999999999998
distance_sma_200d_sector_neutral,2015-01-30,0.007586296030028495,0.02359109957839144,0.016004803548362943,0.09999999999999999
distance_sma_200d_sector_neutral,2015-02-27,-0.013613338249669127,0.010361854558782158,0.023975192808451284,0.49999999999999994
distance_sma_200d_sector_neutral,2015-03-31,0.06324458247978851,-0.03056715748750364,-0.09381173996729214,-0.8999999999999998
distance_sma_200d_sector_neutral,2015-04-30,0.0005060091235682185,0.041276040201701336,0.040770031078133116,0.7
distance_sma_200d_sector_neutral,2015-05-29,-0.006360782776549301,0.007578459689894035,0.013939242466443336,0.7
distance_sma_200d_sector_neutral,2015-06-30,0.022250123754321005,0.00866309699904696,-0.013587026755274045,-0.39999999999999997
distance_sma_200d_sector_neutral,2015-07-31,-0.00998853122426494,0.015873290007950635,0.025861821232215573,0.6
distance_sma_200d_sector_neutral,2015-08-31,0.0019496655184424005,-0.001533812707190174,-0.0034834782256325746,-0.19999999999999998
distance_sma_200d_sector_neutral,2015-09-30,-0.014984213640071176,-0.024056587104779627,-0.00907237346470845,-0.09999999999999999
distance_sma_200d_sector_neutral,2015-10-30,-0.011005736987198455,0.024505815657720264,0.03551155264491872,0.9999999999999999
distance_sma_200d_sector_neutral,2015-11-30,-0.021951919980133915,-0.0009927495975505574,0.020959170382583357,0.39999999999999997
distance_sma_200d_sector_neutral,2015-12-31,-0.015701594114574967,-0.00751808729676331,0.008183506817811657,0.3
distance_sma_200d_sector_neutral,2016-01-29,0.023236731923159892,-0.004937513432751906,-0.028174245355911797,-0.7
distance_sma_200d_sector_neutral,2016-02-29,0.006094600439625697,0.006123363284028183,2.876284440248532e-05,0.09999999999999999
distance_sma_200d_sector_neutral,2016-03-31,0.015717448904844167,0.005559608361749191,-0.010157840543094977,-0.7
distance_sma_200d_sector_neutral,2016-04-29,0.006118647303962765,0.036753294971457774,0.030634647667495008,0.3
distance_sma_200d_sector_neutral,2016-05-31,-0.018205893604476796,0.006217573647661767,0.024423467252138564,0.9999999999999999
distance_sma_200d_sector_neutral,2016-06-30,0.013688414523537418,0.005418527999613287,-0.00826988652392413,-0.7
distance_sma_200d_sector_neutral,2016-07-29,0.004334270053101608,-0.0034414481290257924,-0.0077757181821274,-0.49999999999999994
distance_sma_200d_sector_neutral,2016-08-31,0.0017108382225568652,0.033164881865753906,0.03145404364319704,0.39999999999999997
distance_sma_200d_sector_neutral,2016-09-30,0.014439785716782227,-0.0019360656359381668,-0.016375851352720395,-0.19999999999999998
distance_sma_200d_sector_neutral,2016-10-31,0.032857288597503684,0.045033006285066346,0.012175717687562662,0.3
distance_sma_200d_sector_neutral,2016-11-30,0.013342004671358865,0.015914551091856723,0.0025725464204978572,0.09999999999999999
distance_sma_200d_sector_neutral,2016-12-30,0.03231897820233709,0.004526877433632903,-0.027792100768704187,-0.49999999999999994
distance_sma_200d_sector_neutral,2017-01-31,0.00962825236275675,-0.014707028497212482,-0.024335280859969232,-0.7
distance_sma_200d_sector_neutral,2017-02-28,0.01903576183767619,0.0022212340038758605,-0.01681452783380033,-0.39999999999999997
distance_sma_200d_sector_neutral,2017-03-31,-0.00014026616711673156,-0.0006408289754807229,-0.0005005628083639913,0.09999999999999999
distance_sma_200d_sector_neutral,2017-04-28,-0.007341808548070083,0.05148886362794082,0.0588306721760109,0.7999999999999999
distance_sma_200d_sector_neutral,2017-05-31,0.01741725341917678,-0.015873384411596136,-0.03329063783077292,-0.7
distance_sma_200d_sector_neutral,2017-06-30,-0.007840526531155656,-0.0009637311301176399,0.006876795401038017,0.6
distance_sma_200d_sector_neutral,2017-07-31,-0.016546431714724218,0.015057758919870611,0.031604190634594825,0.8999999999999998
distance_sma_200d_sector_neutral,2017-08-31,0.018532690625268532,-0.008478977229826556,-0.027011667855095088,-0.7999999999999999
distance_sma_200d_sector_neutral,2017-09-29,-0.02955642913523051,0.014017350203968226,0.04357377933919873,0.7
distance_sma_200d_sector_neutral,2017-10-31,0.042687122688979715,0.004826600895530275,-0.03786052179344944,-0.49999999999999994
distance_sma_200d_sector_neutral,2017-11-30,0.013514020833334394,-0.004568897259496529,-0.018082918092830923,0.19999999999999998
distance_sma_200d_sector_neutral,2017-12-29,-0.03778689825953585,0.018374890100395315,0.056161788359931165,0.8999999999999998
distance_sma_200d_sector_neutral,2018-01-31,0.005736875432461186,0.004887703378559238,-0.0008491720539019476,0.19999999999999998
distance_sma_200d_sector_neutral,2018-02-28,-0.011270601237905575,-0.007358289720830224,0.003912311517075351,0.8999999999999998
distance_sma_200d_sector_neutral,2018-03-29,0.012408557063140313,0.029085129958646226,0.016676572895505913,0.3
distance_sma_200d_sector_neutral,2018-04-30,0.019607524048956392,0.014327231184434441,-0.005280292864521951,0.0
distance_sma_200d_sector_neutral,2018-05-31,0.012126429018212726,0.022222643021503043,0.010096214003290317,0.09999999999999999
distance_sma_200d_sector_neutral,2018-06-29,0.01910439569256811,-0.029371867411683194,-0.04847626310425131,-0.6
distance_sma_200d_sector_neutral,2018-07-31,-0.01085898806860901,0.03774403874402625,0.04860302681263526,0.8999999999999998
distance_sma_200d_sector_neutral,2018-08-31,0.003890846784152702,-0.001018698872871948,-0.0049095456570246495,0.09999999999999999
distance_sma_200d_sector_neutral,2018-09-28,0.042113371592082095,-0.03281891107385497,-0.07493228266593707,-0.8999999999999998
distance_sma_200d_sector_neutral,2018-10-31,-0.01299355498032615,-0.02348694447949291,-0.01049338949916676,-0.7
distance_sma_200d_sector_neutral,2018-11-30,0.002599387236102968,0.0015554673842700152,-0.0010439198518329526,0.19999999999999998
distance_sma_200d_sector_neutral,2018-12-31,0.0626054433207931,-0.055788472610382014,-0.11839391593117511,-0.8999999999999998
distance_sma_200d_sector_neutral,2019-01-31,-0.0030164524531224313,0.005634805718899139,0.008651258172021569,0.6
distance_sma_200d_sector_neutral,2019-02-28,0.01681184330516111,0.0046707209958247176,-0.012141122309336394,0.0
distance_sma_200d_sector_neutral,2019-03-29,0.0071313148796078975,-0.022184915215273982,-0.02931623009488188,-0.7999999999999999
distance_sma_200d_sector_neutral,2019-04-30,-0.03720120930327394,-0.007158870843356524,0.030042338459917415,0.19999999999999998
distance_sma_200d_sector_neutral,2019-05-31,0.020789137733940633,0.00038201936999020524,-0.020407118363950427,-0.3
distance_sma_200d_sector_neutral,2019-06-28,0.017976752785249017,-0.01922971533592751,-0.03720646812117653,-0.49999999999999994
distance_sma_200d_sector_neutral,2019-07-31,-0.02505368186158301,0.015010153887005218,0.040063835748588225,0.8999999999999998
distance_sma_200d_sector_neutral,2019-08-30,0.020572630531288348,-0.023253488295743675,-0.04382611882703202,-0.7
distance_sma_200d_sector_neutral,2019-09-30,0.055993348112151634,-0.006999249756857196,-0.06299259786900883,-0.9999999999999999
distance_sma_200d_sector_neutral,2019-10-31,-0.004952724047643142,-0.0044190792845608005,0.0005336447630823419,0.09999999999999999
distance_sma_200d_sector_neutral,2019-11-29,0.025868836401052697,0.03684238119755332,0.010973544796500624,0.3
distance_sma_200d_sector_neutral,2019-12-31,0.031120572904989853,0.030105153443430586,-0.0010154194615592665,-0.09999999999999999
sma_50_200_spread_sector_neutral,2014-10-31,-0.01009556434764366,-0.01344643820132393,-0.0033508738536802696,-0.3
sma_50_200_spread_sector_neutral,2014-11-28,-0.02705906217089644,-0.004659520985571863,0.022399541185324577,0.7999999999999999
sma_50_200_spread_sector_neutral,2014-12-31,0.030474323381117684,0.006283264451377546,-0.024191058929740137,-0.3
sma_50_200_spread_sector_neutral,2015-01-30,-0.007421538297264485,0.029025529171172005,0.03644706746843649,0.49999999999999994
sma_50_200_spread_sector_neutral,2015-02-27,-0.029836915932773843,0.0125516727426223,0.04238858867539615,0.7999999999999999
sma_50_200_spread_sector_neutral,2015-03-31,0.060922283238915464,-0.029237672847690445,-0.0901599560866059,-0.7
sma_50_200_spread_sector_neutral,2015-04-30,-0.004563914797073898,0.036337781195937835,0.04090169599301173,0.7
sma_50_200_spread_sector_neutral,2015-05-29,0.017773732142691366,-0.0023883525500633662,-0.020162084692754732,0.19999999999999998
sma_50_200_spread_sector_neutral,2015-06-30,0.03479364377123613,0.006543555868704953,-0.028250087902531175,-0.09999999999999999
sma_50_200_spread_sector_neutral,2015-07-31,-0.007525342320398665,0.01593176104811008,0.023457103368508744,0.3
sma_50_200_spread_sector_neutral,2015-08-31,0.0022014105107706515,-0.004737256024599179,-0.0069386665353698305,-0.6
sma_50_200_spread_sector_neutral,2015-09-30,-0.01737975157452759,-0.004600611584542102,0.012779139989985488,0.19999999999999998
sma_50_200_spread_sector_neutral,2015-10-30,-0.01764045440843587,0.04171173739001026,0.05935219179844613,0.7
sma_50_200_spread_sector_neutral,2015-11-30,-0.016373461836302672,-0.004420849727882703,0.011952612108419969,0.09999999999999999
sma_50_200_spread_sector_neutral,2015-12-31,-0.015701594114574967,0.018787711272402786,0.03448930538697775,0.6
sma_50_200_spread_sector_neutral,2016-01-29,0.030828067277186077,-0.00484585411690025,-0.03567392139408633,-0.49999999999999994
sma_50_200_spread_sector_neutral,2016-02-29,0.003632374048916964,0.00964413508519093,0.0060117610362739665,0.3
sma_50_200_spread_sector_neutral,2016-03-31,0.004392843963117376,-0.008653300261028174,-0.01304614422414555,-0.6
sma_50_200_spread_sector_neutral,2016-04-29,0.0052450515661844775,0.030672642771606428,0.02542759120542195,0.49999999999999994
sma_50_200_spread_sector_neutral,2016-05-31,-0.029696989593122548,0.013017824540077227,0.042714814133199774,0.8999999999999998
sma_50_200_spread_sector_neutral,2016-06-30,0.01203523741932433,0.006223726947437847,-0.005811510471886483,-0.09999999999999999
sma_50_200_spread_sector_neutral,2016-07-29,0.018610206555481502,-0.011979158992451366,-0.030589365547932866,-0.3
sma_50_200_spread_sector_neutral,2016-08-31,-0.0018707400504132444,0.029003425562575392,0.030874165612988638,0.7
sma_50_200_spread_sector_neutral,2016-09-30,0.041225732748997546,-0.013687646395060659,-0.05491337914405821,-0.39999999999999997
sma_50_200_spread_sector_neutral,2016-10-31,0.013079390535610635,0.05868713859598042,0.04560774806036978,0.09999999999999999
sma_50_200_spread_sector_neutral,2016-11-30,0.005569735721461133,0.0015087052635578413,-0.004061030457903292,-0.6
sma_50_200_spread_sector_neutral,2016-12-30,0.041410417888351335,0.014629482833316654,-0.02678093505503468,-0.6
sma_50_200_spread_sector_neutral,2017-01-31,0.024515885300154028,-0.01938106776180145,-0.04389695306195548,-0.9999999999999999
sma_50_200_spread_sector_neutral,2017-02-28,0.016383701697593022,-0.013160012024298562,-0.029543713721891584,-0.7
sma_50_200_spread_sector_neutral,2017-03-31,-0.008278535260177277,0.008152444959415106,0.016430980219592384,-0.19999999999999998
sma_50_200_spread_sector_neutral,2017-04-28,0.002837450746984005,0.03754460954598223,0.034707158798998224,0.09999999999999999
sma_50_200_spread_sector_neutral,2017-05-31,0.007307632654796714,0.015293770487519565,0.00798613783272285,0.19999999999999998
sma_50_200_spread_sector_neutral,2017-06-30,-0.0001076728058920784,0.03164742833134123,0.03175510113723331,0.49999999999999994
sma_50_200_spread_sector_neutral,2017-07-31,-0.019729330415766987,0.016938865571609972,0.03666819598737696,0.9999999999999999
sma_50_200_spread_sector_neutral,2017-08-31,0.026150353278642947,-0.008478977229826556,-0.0346293305084695,-0.6
sma_50_200_spread_sector_neutral,2017-09-29,-0.04934720840841247,0.014017350203968226,0.06336455861238069,0.39999999999999997
sma_50_200_spread_sector_neutral,2017-10-31,0.042687122688979715,-0.01483079924033417,-0.05751792192931388,-0.8999999999999998
sma_50_200_spread_sector_neutral,2017-11-30,0.006997163908413162,0.004438348392782865,-0.002558815515630297,0.19999999999999998
sma_50_200_spread_sector_neutral,2017-12-29,-0.022046091030630342,0.0885103413142562,0.11055643234488655,0.8999999999999998
sma_50_200_spread_sector_neutral,2018-01-31,-0.0019039982692421243,0.0202837521861579,0.022187750455400026,0.6
sma_50_200_spread_sector_neutral,2018-02-28,-0.008970694174308468,-0.020421485115283487,-0.011450790940975019,-0.3
sma_50_200_spread_sector_neutral,2018-03-29,0.0284695592137169,0.020081660305850492,-0.008387898907866408,0.0
sma_50_200_spread_sector_neutral,2018-04-30,0.0065876608643927635,0.02826044955056468,0.021672788686171916,0.3
sma_50_200_spread_sector_neutral,2018-05-31,0.014836368247594944,0.019470587349405256,0.004634219101810312,0.09999999999999999
sma_50_200_spread_sector_neutral,2018-06-29,0.002169648814518521,-0.02253536965714923,-0.024705018471667752,-0.49999999999999994
sma_50_200_spread_sector_neutral,2018-07-31,-0.009706348779992647,0.036788161023591726,0.04649450980358437,0.6
sma_50_200_spread_sector_neutral,2018-08-31,0.005529239858848944,0.007050841972286459,0.001521602113437515,0.7
sma_50_200_spread_sector_neutral,2018-09-28,0.03469819669816954,-0.024880122528597094,-0.05957831922676663,-0.7999999999999999
sma_50_200_spread_sector_neutral,2018-10-31,-0.0035820842299588485,-0.0445463756275851,-0.04096429139762625,-0.6
sma_50_200_spread_sector_neutral,2018-11-30,-0.009648646206870271,-0.0008727219972499922,0.008775924209620279,0.49999999999999994
sma_50_200_spread_sector_neutral,2018-12-31,0.047942314390558696,-0.051298180682649096,-0.09924049507320779,-0.7
sma_50_200_spread_sector_neutral,2019-01-31,-0.023302398717952054,-0.0011318851835378397,0.022170513534414214,0.6
sma_50_200_spread_sector_neutral,2019-02-28,0.029482308034236227,0.004894331536133567,-0.02458797649810266,-0.09999999999999999
sma_50_200_spread_sector_neutral,2019-03-29,0.010665850691136524,-0.016202607605419327,-0.02686845829655585,-0.6
sma_50_200_spread_sector_neutral,2019-04-30,-0.03393845934870073,0.015102871292038722,0.049041330640739456,0.6
sma_50_200_spread_sector_neutral,2019-05-31,0.015436468727640828,0.013942605271446817,-0.0014938634561940112,-0.3
sma_50_200_spread_sector_neutral,2019-06-28,0.02833010812993052,-0.020197822697343104,-0.04852793082727362,-0.3
sma_50_200_spread_sector_neutral,2019-07-31,-0.012357578855248196,0.02324670650961853,0.035604285364866727,0.7999999999999999
sma_50_200_spread_sector_neutral,2019-08-30,0.011415429338814943,-0.027909867864368942,-0.03932529720318388,-0.7
sma_50_200_spread_sector_neutral,2019-09-30,0.04188835360497517,-0.020453617976969207,-0.06234197158194438,-0.8999999999999998
sma_50_200_spread_sector_neutral,2019-10-31,0.01318914765464051,0.0037257974005840077,-0.009463350254056502,-0.6
sma_50_200_spread_sector_neutral,2019-11-29,0.013843183174947992,0.028695774002612372,0.01485259082766438,0.09999999999999999
sma_50_200_spread_sector_neutral,2019-12-31,0.011005673251030712,0.039465511111121634,0.028459837860090924,0.09999999999999999
positive_day_ratio_60d_sector_neutral,2014-03-31,-0.011094342443359962,-0.003183557180523189,0.007910785262836773,0.49999999999999994
positive_day_ratio_60d_sector_neutral,2014-04-30,0.03325709892373772,-0.005848094965858319,-0.03910519388959604,-0.7
positive_day_ratio_60d_sector_neutral,2014-05-30,0.0026638317180023964,0.0005592462119710651,-0.0021045855060313314,-0.6
positive_day_ratio_60d_sector_neutral,2014-06-30,0.009264736317387123,-0.014183170351154396,-0.02344790666854152,-0.7
positive_day_ratio_60d_sector_neutral,2014-07-31,-0.0009379970406719562,0.029937936420072163,0.030875933460744118,0.39999999999999997
positive_day_ratio_60d_sector_neutral,2014-08-29,-0.004361655221422622,-0.01448598404417647,-0.010124328822753848,-0.3
positive_day_ratio_60d_sector_neutral,2014-09-30,-0.004667148844241076,-0.00170623159357991,0.002960917250661166,0.6
positive_day_ratio_60d_sector_neutral,2014-10-31,-0.004579086906197305,0.006335421746814307,0.010914508653011613,0.3
positive_day_ratio_60d_sector_neutral,2014-11-28,-0.03715227737407427,-0.005752208390097391,0.031400068983976875,0.09999999999999999
positive_day_ratio_60d_sector_neutral,2014-12-31,0.025149774805591496,-0.0009050607912629794,-0.026054835596854474,-0.09999999999999999
positive_day_ratio_60d_sector_neutral,2015-01-30,0.005330236383803188,0.006628040901068511,0.0012978045172653222,0.49999999999999994
positive_day_ratio_60d_sector_neutral,2015-02-27,-0.0029875580926351673,0.005750357073374668,0.008737915166009835,0.7999999999999999
positive_day_ratio_60d_sector_neutral,2015-03-31,0.07463592592182514,-0.02071429745935909,-0.09535022338118422,-0.6
positive_day_ratio_60d_sector_neutral,2015-04-30,-0.006510223647347024,0.01146261330091276,0.017972836948259782,0.39999999999999997
positive_day_ratio_60d_sector_neutral,2015-05-29,-0.0015038886272545904,-0.003136639687492815,-0.0016327510602382246,-0.09999999999999999
positive_day_ratio_60d_sector_neutral,2015-06-30,0.023505517652049602,-0.01951664804794854,-0.043022165699998144,-0.6
positive_day_ratio_60d_sector_neutral,2015-07-31,0.009164210198181866,-0.0003216983067376611,-0.009485908504919528,0.09999999999999999
positive_day_ratio_60d_sector_neutral,2015-08-31,0.004054699147457108,0.015876924376395884,0.011822225228938776,0.3
positive_day_ratio_60d_sector_neutral,2015-09-30,-0.003479840447075977,0.02909892809799781,0.032578768545073786,0.3
positive_day_ratio_60d_sector_neutral,2015-10-30,-0.008667519206334994,0.027225247634071848,0.03589276684040684,0.3
positive_day_ratio_60d_sector_neutral,2015-11-30,-0.008406070606520755,0.00757587613645141,0.015981946742972167,0.3
positive_day_ratio_60d_sector_neutral,2015-12-31,-0.003700115134370485,0.0160765170018377,0.019776632136208182,0.7999999999999999
positive_day_ratio_60d_sector_neutral,2016-01-29,0.020233724502262518,-0.004630927265470186,-0.024864651767732705,-0.49999999999999994
positive_day_ratio_60d_sector_neutral,2016-02-29,-0.0037327975000745472,-0.008044283241130601,-0.004311485741056054,-0.3
positive_day_ratio_60d_sector_neutral,2016-03-31,0.04063692360812471,-0.003212206005817386,-0.04384912961394209,-0.3
positive_day_ratio_60d_sector_neutral,2016-04-29,0.004138856971049187,0.009951620626213742,0.005812763655164555,0.09999999999999999
positive_day_ratio_60d_sector_neutral,2016-05-31,-0.009812461715580912,-0.010505758378693431,-0.0006932966631125193,-0.39999999999999997
positive_day_ratio_60d_sector_neutral,2016-06-30,0.02833998410406282,0.027144718045349514,-0.0011952660587133054,-0.39999999999999997
positive_day_ratio_60d_sector_neutral,2016-07-29,0.015472715165645357,-5.4265566391764605e-06,-0.015478141722284533,-0.7
positive_day_ratio_60d_sector_neutral,2016-08-31,0.007714250352296193,0.02077495280034488,0.013060702448048687,0.7
positive_day_ratio_60d_sector_neutral,2016-09-30,0.014887263996090538,0.014858703609078917,-2.8560387011621058e-05,0.09999999999999999
positive_day_ratio_60d_sector_neutral,2016-10-31,0.04321858107154497,0.014697833167002562,-0.02852074790454241,-0.6
positive_day_ratio_60d_sector_neutral,2016-11-30,0.010437398331443226,0.007308967156334045,-0.0031284311751091807,0.19999999999999998
positive_day_ratio_60d_sector_neutral,2016-12-30,0.03730742343472624,-0.02917372189104933,-0.06648114532577556,-0.7
positive_day_ratio_60d_sector_neutral,2017-01-31,0.0019981053287966956,-0.006868725206461879,-0.008866830535258574,-0.8999999999999998
positive_day_ratio_60d_sector_neutral,2017-02-28,-0.004244511792933758,0.01193504477430033,0.016179556567234087,0.49999999999999994
positive_day_ratio_60d_sector_neutral,2017-03-31,-0.017495574404745595,0.0172597799948778,0.03475535439962339,0.7999999999999999
positive_day_ratio_60d_sector_neutral,2017-04-28,0.005708918292432874,0.025149698992047175,0.019440780699614302,0.39999999999999997
positive_day_ratio_60d_sector_neutral,2017-05-31,0.022530270637213145,-0.00957277020345304,-0.03210304084066619,-0.8999999999999998
positive_day_ratio_60d_sector_neutral,2017-06-30,-0.004096555420718994,0.01443094290112279,0.018527498321841786,0.09999999999999999
positive_day_ratio_60d_sector_neutral,2017-07-31,-0.021825448194005746,0.011546545731591796,0.033371993925597546,0.8999999999999998
positive_day_ratio_60d_sector_neutral,2017-08-31,0.012181062470978776,0.00813493857505242,-0.004046123895926356,0.09999999999999999
positive_day_ratio_60d_sector_neutral,2017-09-29,-0.008761355426657602,0.00042662357916773975,0.00918797900582534,0.0
positive_day_ratio_60d_sector_neutral,2017-10-31,0.0057083438922701625,0.022382709224536036,0.016674365332265875,0.3
positive_day_ratio_60d_sector_neutral,2017-11-30,-0.010834703628879016,0.014754358469711426,0.025589062098590444,0.19999999999999998
positive_day_ratio_60d_sector_neutral,2017-12-29,-0.03240709595240131,-0.008549751455990528,0.02385734449641078,0.3
positive_day_ratio_60d_sector_neutral,2018-01-31,-0.019272859857041746,0.04778134814126578,0.06705420799830752,0.3
positive_day_ratio_60d_sector_neutral,2018-02-28,-0.025824017520409838,-0.007201112154839884,0.018622905365569955,0.49999999999999994
positive_day_ratio_60d_sector_neutral,2018-03-29,-0.003647596798567465,0.007249924562998278,0.010897521361565743,0.6
positive_day_ratio_60d_sector_neutral,2018-04-30,0.027062898057154516,-0.014993093234111554,-0.04205599129126607,-0.8999999999999998
positive_day_ratio_60d_sector_neutral,2018-05-31,0.007417421325072659,-0.0042444047025072314,-0.01166182602757989,-0.7
positive_day_ratio_60d_sector_neutral,2018-06-29,0.012696695260647761,-0.029768340986778496,-0.04246503624742626,-0.7
positive_day_ratio_60d_sector_neutral,2018-07-31,0.01469247743483595,0.019581261280964445,0.004888783846128496,0.09999999999999999
positive_day_ratio_60d_sector_neutral,2018-08-31,0.01867016835428297,-0.00420018410540256,-0.02287035245968553,-0.3
positive_day_ratio_60d_sector_neutral,2018-09-28,0.03798566923085508,-0.006731876747412491,-0.04471754597826757,-0.7
positive_day_ratio_60d_sector_neutral,2018-10-31,-0.00037197498060153044,-0.036627437224980554,-0.036255462244379026,0.0
positive_day_ratio_60d_sector_neutral,2018-11-30,-0.005641318679350149,0.009081957984107391,0.01472327666345754,0.8999999999999998
positive_day_ratio_60d_sector_neutral,2018-12-31,0.02821796716678131,-0.03220539565902092,-0.060423362825802227,-0.6
positive_day_ratio_60d_sector_neutral,2019-01-31,0.01794366112037966,-0.013069229212580857,-0.031012890332960518,-0.3
positive_day_ratio_60d_sector_neutral,2019-02-28,-0.017012406280279092,0.01713428066504019,0.034146686945319284,0.49999999999999994
positive_day_ratio_60d_sector_neutral,2019-03-29,0.04726163440702056,-0.0019311966846041416,-0.0491928310916247,-0.09999999999999999
positive_day_ratio_60d_sector_neutral,2019-04-30,-0.04087385247131966,0.01916435360522124,0.060038206076540895,0.7
positive_day_ratio_60d_sector_neutral,2019-05-31,0.04643896224193591,0.014762413117581774,-0.031676549124354136,-0.09999999999999999
positive_day_ratio_60d_sector_neutral,2019-06-28,0.027080211540473575,-0.00495571181007467,-0.032035923350548244,-0.49999999999999994
positive_day_ratio_60d_sector_neutral,2019-07-31,-0.0002687544286861687,0.03633704718571551,0.036605801614401676,0.09999999999999999
positive_day_ratio_60d_sector_neutral,2019-08-30,0.02725635831047568,-0.01097115748280315,-0.038227515793278835,-0.7
positive_day_ratio_60d_sector_neutral,2019-09-30,0.010482617184158504,-0.027620533027638082,-0.03810315021179658,-0.3
positive_day_ratio_60d_sector_neutral,2019-10-31,0.017231544271066435,-0.0019373771680170292,-0.019168921439083463,-0.09999999999999999
positive_day_ratio_60d_sector_neutral,2019-11-29,0.023064178871378748,-0.002600171215565594,-0.025664350086944343,-0.7
positive_day_ratio_60d_sector_neutral,2019-12-31,0.023431441943115795,0.08782610340828365,0.06439466146516785,0.0
average_dollar_volume_20d_sector_neutral,2014-01-31,0.048931858189490106,0.03175392870904893,-0.017177929480441174,-0.39999999999999997
average_dollar_volume_20d_sector_neutral,2014-02-28,-0.03349389072149646,-0.03743227763378378,-0.003938386912287324,0.0
average_dollar_volume_20d_sector_neutral,2014-03-31,-0.019634669793629322,-0.01990204123993964,-0.00026737144631031745,0.0
average_dollar_volume_20d_sector_neutral,2014-04-30,0.04826498012981284,-0.015381399611486801,-0.06364637974129964,-0.8999999999999998
average_dollar_volume_20d_sector_neutral,2014-05-30,-0.015173512164421633,0.022080806494871496,0.03725431865929313,0.9999999999999999
average_dollar_volume_20d_sector_neutral,2014-06-30,-0.007736897847525803,0.009322514721635755,0.017059412569161558,0.3
average_dollar_volume_20d_sector_neutral,2014-07-31,0.0254516139578989,0.02423583089681929,-0.0012157830610796116,-0.3
average_dollar_volume_20d_sector_neutral,2014-08-29,-0.006821722335798319,-0.00786250255575437,-0.0010407802199560506,-0.49999999999999994
average_dollar_volume_20d_sector_neutral,2014-09-30,-0.010144869143029034,-0.014589350688623515,-0.004444481545594481,-0.39999999999999997
average_dollar_volume_20d_sector_neutral,2014-10-31,0.0165939384739622,-0.016587806496467815,-0.03318174497043001,-0.6
average_dollar_volume_20d_sector_neutral,2014-11-28,0.0024041331349163642,-0.04082171315739848,-0.043225846292314844,-0.49999999999999994
average_dollar_volume_20d_sector_neutral,2014-12-31,0.020936414051419362,-0.01945238018614568,-0.04038879423756504,-0.8999999999999998
average_dollar_volume_20d_sector_neutral,2015-01-30,0.04405063203234273,-0.001705992344183871,-0.045756624376526604,-0.7
average_dollar_volume_20d_sector_neutral,2015-02-27,0.0076481898690546005,-0.007403542239884697,-0.015051732108939297,-0.6
average_dollar_volume_20d_sector_neutral,2015-03-31,5.0763520613617e-05,0.0686938241256,0.06864306060498639,0.49999999999999994
average_dollar_volume_20d_sector_neutral,2015-04-30,0.01991946516050951,0.021182242188190082,0.0012627770276805728,0.0
average_dollar_volume_20d_sector_neutral,2015-05-29,-0.020783198136055503,0.026411338444827914,0.04719453658088342,0.6
average_dollar_volume_20d_sector_neutral,2015-06-30,0.027298997143135717,0.03469089201607746,0.007391894872941743,0.0
average_dollar_volume_20d_sector_neutral,2015-07-31,0.021698688255366506,-0.012317521283594968,-0.03401620953896148,-0.19999999999999998
average_dollar_volume_20d_sector_neutral,2015-08-31,0.026176712417009494,-0.015429242309756331,-0.04160595472676583,-0.49999999999999994
average_dollar_volume_20d_sector_neutral,2015-09-30,0.011277111903598846,0.02724695590035444,0.015969843996755592,0.0
average_dollar_volume_20d_sector_neutral,2015-10-30,-0.004493522411461948,0.031617025442638044,0.03611054785409999,0.49999999999999994
average_dollar_volume_20d_sector_neutral,2015-11-30,-0.0012635508334017053,-0.010198765935862475,-0.008935215102460769,0.19999999999999998
average_dollar_volume_20d_sector_neutral,2015-12-31,-0.0239200298986739,0.0047720748347525824,0.028692104733426482,0.6
average_dollar_volume_20d_sector_neutral,2016-01-29,0.03661832434165778,-0.016753478223769113,-0.053371802565426896,-0.3
average_dollar_volume_20d_sector_neutral,2016-02-29,0.02496813249025718,5.090777336029806e-05,-0.02491722471689688,-0.49999999999999994
average_dollar_volume_20d_sector_neutral,2016-03-31,-0.010429394897595024,-0.00028776404678593215,0.010141630850809092,0.49999999999999994
average_dollar_volume_20d_sector_neutral,2016-04-29,0.048064497192354186,0.011052335869891872,-0.037012161322462316,-0.39999999999999997
average_dollar_volume_20d_sector_neutral,2016-05-31,-0.0034803769472743105,-0.02720437588837248,-0.023723998941098168,0.09999999999999999
average_dollar_volume_20d_sector_neutral,2016-06-30,0.03998323719578047,0.009216041957757881,-0.030767195238022592,0.0
average_dollar_volume_20d_sector_neutral,2016-07-29,0.00373103451423773,0.01752193831107248,0.013790903796834751,0.0
average_dollar_volume_20d_sector_neutral,2016-08-31,0.0038086877850423196,0.015074873878647399,0.01126618609360508,0.3
average_dollar_volume_20d_sector_neutral,2016-09-30,0.006262039044819023,0.016294514664869763,0.010032475620050739,-0.09999999999999999
average_dollar_volume_20d_sector_neutral,2016-10-31,0.023559823575788962,0.002197613638247864,-0.021362209937541097,-0.19999999999999998
average_dollar_volume_20d_sector_neutral,2016-11-30,0.0011879231322485917,0.010095719919596046,0.008907796787347455,0.0
average_dollar_volume_20d_sector_neutral,2016-12-30,-0.004984397837421828,0.024153542167098207,0.029137940004520035,0.49999999999999994
average_dollar_volume_20d_sector_neutral,2017-01-31,0.01713995573601691,0.0023618117507804848,-0.014778143985236424,-0.39999999999999997
average_dollar_volume_20d_sector_neutral,2017-02-28,0.027151026083497908,0.02206263300020551,-0.005088393083292397,-0.3
average_dollar_volume_20d_sector_neutral,2017-03-31,-0.0007089338748560769,-0.00013636677302659718,0.0005725671018294797,0.6
average_dollar_volume_20d_sector_neutral,2017-04-28,-0.015991655105723878,0.03709252739392287,0.05308418249964675,0.7
average_dollar_volume_20d_sector_neutral,2017-05-31,2.4178176084399538e-05,0.021057208026740604,0.021033029850656203,0.7
average_dollar_volume_20d_sector_neutral,2017-06-30,-0.0036514839823882815,0.010362087908520456,0.014013571890908738,0.0
average_dollar_volume_20d_sector_neutral,2017-07-31,-0.023175022462663876,0.010766468587855038,0.03394149105051891,0.8999999999999998
average_dollar_volume_20d_sector_neutral,2017-08-31,-0.010577314245805436,-0.006728387662207946,0.0038489265835974897,0.09999999999999999
average_dollar_volume_20d_sector_neutral,2017-09-29,0.002338578420701587,0.021728511889465608,0.019389933468764022,0.3
average_dollar_volume_20d_sector_neutral,2017-10-31,0.05381086648794078,-0.018805410946471247,-0.07261627743441203,-0.6
average_dollar_volume_20d_sector_neutral,2017-11-30,0.00875707254226844,-0.0004740102233149912,-0.009231082765583432,0.0
average_dollar_volume_20d_sector_neutral,2017-12-29,-0.004735862940142032,0.030306046586996704,0.03504190952713874,0.3
average_dollar_volume_20d_sector_neutral,2018-01-31,0.0035820106372523195,0.020816342091164564,0.017234331453912243,0.6
average_dollar_volume_20d_sector_neutral,2018-02-28,-0.012705050720454702,-0.016436337821701084,-0.0037312871012463826,0.09999999999999999
average_dollar_volume_20d_sector_neutral,2018-03-29,-0.0038051292404809533,0.0067168997044612325,0.010522028944942186,0.49999999999999994
average_dollar_volume_20d_sector_neutral,2018-04-30,0.024374753909488532,0.016812380069749333,-0.007562373839739199,0.0
average_dollar_volume_20d_sector_neutral,2018-05-31,-0.006932497715290998,-0.002540774460659334,0.004391723254631663,0.39999999999999997
average_dollar_volume_20d_sector_neutral,2018-06-29,-0.028081915138692803,-0.036188288947861434,-0.008106373809168631,-0.39999999999999997
average_dollar_volume_20d_sector_neutral,2018-07-31,0.023284202444091694,0.022331322698479074,-0.0009528797456126205,-0.3
average_dollar_volume_20d_sector_neutral,2018-08-31,0.017150801413182516,-0.024314913285208316,-0.04146571469839083,-0.8999999999999998
average_dollar_volume_20d_sector_neutral,2018-09-28,-0.016775465287030677,0.01544706748907152,0.032222532776102195,0.7
average_dollar_volume_20d_sector_neutral,2018-10-31,-0.021120160842216396,-0.0645105157732381,-0.04339035493102171,-0.09999999999999999
average_dollar_volume_20d_sector_neutral,2018-11-30,0.03847167607333044,-0.018737984101611992,-0.05720966017494243,-0.39999999999999997
average_dollar_volume_20d_sector_neutral,2018-12-31,-0.014877998674950077,0.04766126938137975,0.06253926805632982,0.3
average_dollar_volume_20d_sector_neutral,2019-01-31,0.006838707821725775,-0.014878367969543737,-0.02171707579126951,-0.7
average_dollar_volume_20d_sector_neutral,2019-02-28,0.0036716386609805586,0.0008237472158228343,-0.002847891445157724,-0.49999999999999994
average_dollar_volume_20d_sector_neutral,2019-03-29,0.05767783988175368,0.0055799858653233,-0.05209785401643038,-0.39999999999999997
average_dollar_volume_20d_sector_neutral,2019-04-30,-0.03099297541353415,-0.049737532645778106,-0.018744557232243955,-0.09999999999999999
average_dollar_volume_20d_sector_neutral,2019-05-31,0.016067326420583262,0.01074263092550567,-0.005324695495077593,-0.09999999999999999
average_dollar_volume_20d_sector_neutral,2019-06-28,0.001153416077724978,-0.005085743739343141,-0.006239159817068119,-0.09999999999999999
average_dollar_volume_20d_sector_neutral,2019-07-31,0.00728533782952463,-0.02863871084459856,-0.03592404867412319,-0.7999999999999999
average_dollar_volume_20d_sector_neutral,2019-08-30,0.004571805530652983,-0.0085923320866243,-0.013164137617277282,-0.7
average_dollar_volume_20d_sector_neutral,2019-09-30,-0.029338251259020252,0.03709000576438208,0.06642825702340233,0.7999999999999999
average_dollar_volume_20d_sector_neutral,2019-10-31,-0.00570658702254877,0.029368297731054583,0.035074884753603354,0.39999999999999997
average_dollar_volume_20d_sector_neutral,2019-11-29,-0.0031656895239082104,0.04457767113944515,0.04774336066335336,0.19999999999999998
average_dollar_volume_20d_sector_neutral,2019-12-31,4.082360729287249e-05,0.07192733338399135,0.07188650977669847,0.3
dollar_volume_change_20d_60d_sector_neutral,2014-03-31,-0.0076704134389917415,6.052981804116619e-07,0.007671018737172153,0.19999999999999998
dollar_volume_change_20d_60d_sector_neutral,2014-04-30,0.0032959527067418113,0.0420149916897629,0.03871903898302109,0.3
dollar_volume_change_20d_60d_sector_neutral,2014-05-30,-0.002625761483009448,0.00935884953458227,0.011984611017591717,0.0
dollar_volume_change_20d_60d_sector_neutral,2014-06-30,0.0005963889243895126,-0.009056650394132582,-0.009653039318522095,-0.19999999999999998
dollar_volume_change_20d_60d_sector_neutral,2014-07-31,0.04450562157357507,-0.0012873891845997076,-0.04579301075817478,-0.3
dollar_volume_change_20d_60d_sector_neutral,2014-08-29,-0.003793796961096385,-0.011282152141540458,-0.007488355180444073,-0.6
dollar_volume_change_20d_60d_sector_neutral,2014-09-30,-0.008643249868358604,0.0059543430654767525,0.014597592933835356,0.09999999999999999
dollar_volume_change_20d_60d_sector_neutral,2014-10-31,-0.0016402666566864622,-0.011015863160980199,-0.009375596504293737,0.09999999999999999
dollar_volume_change_20d_60d_sector_neutral,2014-11-28,-0.01662492824282489,0.009617631132673743,0.02624255937549863,0.7
dollar_volume_change_20d_60d_sector_neutral,2014-12-31,0.010769242009877878,-0.0022370093343063724,-0.01300625134418425,-0.6
dollar_volume_change_20d_60d_sector_neutral,2015-01-30,0.02651227219854039,0.005296204683445415,-0.021216067515094972,-0.3
dollar_volume_change_20d_60d_sector_neutral,2015-02-27,-0.004910016829904007,0.004713723962124017,0.009623740792028025,0.19999999999999998
dollar_volume_change_20d_60d_sector_neutral,2015-03-31,0.042851542724433145,0.00019313359087307357,-0.042658409133560074,-0.19999999999999998
dollar_volume_change_20d_60d_sector_neutral,2015-04-30,0.03038552163340764,0.004845295804138528,-0.02554022582926911,-0.3
dollar_volume_change_20d_60d_sector_neutral,2015-05-29,-0.006959511114057304,-0.009611094907798023,-0.002651583793740719,-0.09999999999999999
dollar_volume_change_20d_60d_sector_neutral,2015-06-30,0.023837721255638024,-0.012876916763453095,-0.03671463801909112,-0.9999999999999999
dollar_volume_change_20d_60d_sector_neutral,2015-07-31,0.01799886663449979,0.000624059370771679,-0.017374807263728108,-0.49999999999999994
dollar_volume_change_20d_60d_sector_neutral,2015-08-31,-0.004122115288643424,-0.009672879326402994,-0.0055507640377595695,-0.3
dollar_volume_change_20d_60d_sector_neutral,2015-09-30,-0.006054761540020126,-0.017830128983853454,-0.011775367443833328,-0.3
dollar_volume_change_20d_60d_sector_neutral,2015-10-30,-0.027658711860095265,0.03490836930313512,0.06256708116323038,0.8999999999999998
dollar_volume_change_20d_60d_sector_neutral,2015-11-30,-0.011261615617344733,-0.0036794907138686717,0.007582124903476062,0.7999999999999999
dollar_volume_change_20d_60d_sector_neutral,2015-12-31,0.013363576969681578,0.03125139691670955,0.01788781994702797,0.19999999999999998
dollar_volume_change_20d_60d_sector_neutral,2016-01-29,0.03490768899576878,-0.0036948811044572373,-0.03860257010022602,-0.39999999999999997
dollar_volume_change_20d_60d_sector_neutral,2016-02-29,-0.012033027190476919,0.012784030194013241,0.02481705738449016,0.7
dollar_volume_change_20d_60d_sector_neutral,2016-03-31,-0.012258234519335142,-0.004140068951995301,0.008118165567339842,0.09999999999999999
dollar_volume_change_20d_60d_sector_neutral,2016-04-29,-0.005848444915658013,-0.007998757921564592,-0.002150313005906579,0.0
dollar_volume_change_20d_60d_sector_neutral,2016-05-31,0.010677961581341289,0.0046163474419736224,-0.006061614139367667,-0.49999999999999994
dollar_volume_change_20d_60d_sector_neutral,2016-06-30,0.05256136990773976,0.005176469721379651,-0.04738490018636011,-0.39999999999999997
dollar_volume_change_20d_60d_sector_neutral,2016-07-29,0.013807653983310608,-0.006512332373824692,-0.0203199863571353,-0.7999999999999999
dollar_volume_change_20d_60d_sector_neutral,2016-08-31,0.011818127868984207,0.006856439005593196,-0.004961688863391011,-0.49999999999999994
dollar_volume_change_20d_60d_sector_neutral,2016-09-30,0.002857255824860705,-0.017875983574275722,-0.020733239399136426,-0.49999999999999994
dollar_volume_change_20d_60d_sector_neutral,2016-10-31,-0.006019784567561392,0.003256323945120787,0.00927610851268218,-0.19999999999999998
dollar_volume_change_20d_60d_sector_neutral,2016-11-30,-0.004050943038690047,0.017628379824220032,0.021679322862910078,0.6
dollar_volume_change_20d_60d_sector_neutral,2016-12-30,0.0127011563504277,0.004149315858360381,-0.008551840492067319,-0.09999999999999999
dollar_volume_change_20d_60d_sector_neutral,2017-01-31,0.02335903376475875,0.0016064532198842296,-0.02175258054487452,-0.19999999999999998
dollar_volume_change_20d_60d_sector_neutral,2017-02-28,0.009114094886230517,0.011376422854924583,0.0022623279686940657,0.09999999999999999
dollar_volume_change_20d_60d_sector_neutral,2017-03-31,-0.004016442091800287,0.00015299782629875082,0.004169439918099038,0.09999999999999999
dollar_volume_change_20d_60d_sector_neutral,2017-04-28,0.007330321768970327,0.010394815093608045,0.0030644933246377175,0.3
dollar_volume_change_20d_60d_sector_neutral,2017-05-31,0.03248637699943827,-0.006340941178947535,-0.038827318178385806,-0.6
dollar_volume_change_20d_60d_sector_neutral,2017-06-30,-0.0032115756630668015,-0.002804755361993505,0.0004068203010732965,-0.19999999999999998
dollar_volume_change_20d_60d_sector_neutral,2017-07-31,-0.008091232554064997,0.0019714753326830923,0.010062707886748089,0.6
dollar_volume_change_20d_60d_sector_neutral,2017-08-31,-0.002385893019932905,-0.005715561907639,-0.0033296688877060944,-0.3
dollar_volume_change_20d_60d_sector_neutral,2017-09-29,0.002677205477621347,-0.009243014767855162,-0.01192022024547651,-0.3
dollar_volume_change_20d_60d_sector_neutral,2017-10-31,0.01418915801051025,0.044273063172707086,0.030083905162196837,0.3
dollar_volume_change_20d_60d_sector_neutral,2017-11-30,0.00483685575588112,-0.0017092171449799797,-0.006546072900861099,0.19999999999999998
dollar_volume_change_20d_60d_sector_neutral,2017-12-29,0.09013543412519717,-0.011433897648515146,-0.10156933177371232,-0.09999999999999999
dollar_volume_change_20d_60d_sector_neutral,2018-01-31,-0.027246317707735234,0.02566678578706927,0.052913103494804506,0.8999999999999998
dollar_volume_change_20d_60d_sector_neutral,2018-02-28,-0.02379615445002554,-0.03240058343499101,-0.008604428984965471,-0.3
dollar_volume_change_20d_60d_sector_neutral,2018-03-29,0.0059297222748658784,0.03466716179389915,0.02873743951903327,0.6
dollar_volume_change_20d_60d_sector_neutral,2018-04-30,0.007521491561118321,0.0019112107311289983,-0.0056102808299893225,-0.19999999999999998
dollar_volume_change_20d_60d_sector_neutral,2018-05-31,0.005272262680278239,0.00411000709385122,-0.001162255586427019,-0.09999999999999999
dollar_volume_change_20d_60d_sector_neutral,2018-06-29,-0.005273850612156916,-0.0421024212047175,-0.03682857059256058,-0.39999999999999997
dollar_volume_change_20d_60d_sector_neutral,2018-07-31,0.04815158534644605,0.004667735787098837,-0.04348384955934721,-0.19999999999999998
dollar_volume_change_20d_60d_sector_neutral,2018-08-31,0.0032829718992260504,-0.0030384836430912055,-0.0063214555423172555,-0.49999999999999994
dollar_volume_change_20d_60d_sector_neutral,2018-09-28,0.007988770515071653,0.004283977459734589,-0.0037047930553370636,-0.09999999999999999
dollar_volume_change_20d_60d_sector_neutral,2018-10-31,-0.004826597181381842,0.011881097810924224,0.016707694992306066,0.7
dollar_volume_change_20d_60d_sector_neutral,2018-11-30,-0.00740875370853874,-0.019207899594873668,-0.011799145886334928,-0.3
dollar_volume_change_20d_60d_sector_neutral,2018-12-31,-0.019803418001667916,-0.006646956507858515,0.0131564614938094,0.3
dollar_volume_change_20d_60d_sector_neutral,2019-01-31,0.0058654073757835375,-0.008528431846341045,-0.014393839222124583,0.0
dollar_volume_change_20d_60d_sector_neutral,2019-02-28,0.012541935404562365,0.016099000037839928,0.0035570646332775627,0.3
dollar_volume_change_20d_60d_sector_neutral,2019-03-29,0.0268844072313562,0.005838703916169951,-0.02104570331518625,-0.7
dollar_volume_change_20d_60d_sector_neutral,2019-04-30,-0.024386096884722874,-0.014777425709941661,0.009608671174781213,0.3
dollar_volume_change_20d_60d_sector_neutral,2019-05-31,0.006259775441829929,-0.008074871516540872,-0.0143346469583708,0.0
dollar_volume_change_20d_60d_sector_neutral,2019-06-28,0.010487852774410455,-0.010431577208437792,-0.020919429982848247,-0.09999999999999999
dollar_volume_change_20d_60d_sector_neutral,2019-07-31,-0.001403685869936011,-0.007495404892460955,-0.0060917190225249435,-0.8999999999999998
dollar_volume_change_20d_60d_sector_neutral,2019-08-30,0.018738672340510965,0.003286579755977781,-0.015452092584533183,-0.3
dollar_volume_change_20d_60d_sector_neutral,2019-09-30,0.0007668971125905144,-0.0017599267889794711,-0.0025268239015699854,-0.3
dollar_volume_change_20d_60d_sector_neutral,2019-10-31,0.006211298497299722,-0.0004900969165186897,-0.006701395413818412,-0.19999999999999998
dollar_volume_change_20d_60d_sector_neutral,2019-11-29,0.005148010788508917,-0.008452625873882614,-0.01360063666239153,0.0
dollar_volume_change_20d_60d_sector_neutral,2019-12-31,0.00603695375737825,0.07865513078944959,0.07261817703207134,0.7
amihud_illiquidity_20d_sector_neutral,2014-01-31,-0.002501965605210088,0.05695760994773411,0.0594595755529442,0.8999999999999998
amihud_illiquidity_20d_sector_neutral,2014-02-28,0.008783630935071595,-0.02612808896333091,-0.034911719898402506,-0.3
amihud_illiquidity_20d_sector_neutral,2014-03-31,0.01587493839281734,-0.009648723752196942,-0.02552366214501428,-0.39999999999999997
amihud_illiquidity_20d_sector_neutral,2014-04-30,-0.0020947016417215193,0.019142266039322453,0.021236967681043974,0.8999999999999998
amihud_illiquidity_20d_sector_neutral,2014-05-30,-0.004399109156228864,-0.0019238569469614442,0.00247525220926742,0.0
amihud_illiquidity_20d_sector_neutral,2014-06-30,0.005175437627345447,-0.002504516222607911,-0.0076799538499533575,-0.19999999999999998
amihud_illiquidity_20d_sector_neutral,2014-07-31,-0.006981652030465746,0.006859677955484855,0.013841329985950602,0.3
amihud_illiquidity_20d_sector_neutral,2014-08-29,-0.014719287973032402,-0.003963133652732409,0.010756154320299994,0.8999999999999998
amihud_illiquidity_20d_sector_neutral,2014-09-30,-0.012993446886112092,0.0060003030213040985,0.01899374990741619,0.7999999999999999
amihud_illiquidity_20d_sector_neutral,2014-10-31,0.0018344036572420785,0.008741866312137248,0.006907462654895169,0.09999999999999999
amihud_illiquidity_20d_sector_neutral,2014-11-28,-0.01996459858595061,0.0003169133551901737,0.020281511941140785,0.6
amihud_illiquidity_20d_sector_neutral,2014-12-31,0.004705577114504933,0.04379606278355328,0.039090485669048346,0.39999999999999997
amihud_illiquidity_20d_sector_neutral,2015-01-30,0.018288914057134665,0.016040031399721644,-0.0022488826574130205,-0.09999999999999999
amihud_illiquidity_20d_sector_neutral,2015-02-27,-0.01623710213045636,0.025384273438069538,0.041621375568525895,0.7
amihud_illiquidity_20d_sector_neutral,2015-03-31,0.05966915061067455,-0.006018886162462045,-0.06568803677313659,-0.7
amihud_illiquidity_20d_sector_neutral,2015-04-30,-0.0118221769136039,0.011088865626259515,0.022911042539863414,0.8999999999999998
amihud_illiquidity_20d_sector_neutral,2015-05-29,-0.016115811942792647,-0.009031894618756286,0.007083917324036361,0.0
amihud_illiquidity_20d_sector_neutral,2015-06-30,0.006753739124611857,-0.003931157722605294,-0.010684896847217152,-0.19999999999999998
amihud_illiquidity_20d_sector_neutral,2015-07-31,-0.020635389674639328,0.037431896136641475,0.0580672858112808,0.9999999999999999
amihud_illiquidity_20d_sector_neutral,2015-08-31,-0.02276434738429476,0.025268944477890586,0.04803329186218534,0.39999999999999997
amihud_illiquidity_20d_sector_neutral,2015-09-30,0.04188294482979431,-0.006985714054609593,-0.0488686588844039,-0.09999999999999999
amihud_illiquidity_20d_sector_neutral,2015-10-30,0.004235684644534376,0.014629842420048578,0.010394157775514203,0.6
amihud_illiquidity_20d_sector_neutral,2015-11-30,-0.0063669610902736705,0.00012034082265365287,0.006487301912927323,0.39999999999999997
amihud_illiquidity_20d_sector_neutral,2015-12-31,-0.0059659842719904654,-0.026952174960231456,-0.02098619068824099,-0.6
amihud_illiquidity_20d_sector_neutral,2016-01-29,0.0138478906640766,0.0013312524531358227,-0.012516638210940779,-0.3
amihud_illiquidity_20d_sector_neutral,2016-02-29,0.007843792297640451,0.037993315337202224,0.030149523039561775,0.3
amihud_illiquidity_20d_sector_neutral,2016-03-31,-0.000554302064510015,0.02946789840209376,0.030022200466603775,0.09999999999999999
amihud_illiquidity_20d_sector_neutral,2016-04-29,0.016743601389021413,0.04105966345703661,0.0243160620680152,0.09999999999999999
amihud_illiquidity_20d_sector_neutral,2016-05-31,-0.028617203418431957,-0.006039290662946573,0.022577912755485385,0.19999999999999998
amihud_illiquidity_20d_sector_neutral,2016-06-30,-0.0016553122103114214,0.018541778199704196,0.020197090410015616,0.7
amihud_illiquidity_20d_sector_neutral,2016-07-29,0.011216956813366508,0.012453076048911549,0.0012361192355450409,0.0
amihud_illiquidity_20d_sector_neutral,2016-08-31,0.012040770713243476,0.019902247848969223,0.007861477135725747,0.39999999999999997
amihud_illiquidity_20d_sector_neutral,2016-09-30,0.007403224824613463,0.027828320306334964,0.0204250954817215,0.09999999999999999
amihud_illiquidity_20d_sector_neutral,2016-10-31,0.008389925158223654,0.00924810616099726,0.0008581810027736055,0.49999999999999994
amihud_illiquidity_20d_sector_neutral,2016-11-30,0.005022322028229398,-0.0025802573298081334,-0.007602579358037532,0.09999999999999999
amihud_illiquidity_20d_sector_neutral,2016-12-30,0.005919347911604411,-0.0017561390713733526,-0.007675486982977764,-0.3
amihud_illiquidity_20d_sector_neutral,2017-01-31,0.01718598769106707,0.01400610491843679,-0.003179882772630281,-0.39999999999999997
amihud_illiquidity_20d_sector_neutral,2017-02-28,0.007346684861218955,0.002461786410078459,-0.004884898451140495,-0.3
amihud_illiquidity_20d_sector_neutral,2017-03-31,0.00394615025592514,-0.01359802762286999,-0.01754417787879513,-0.09999999999999999
amihud_illiquidity_20d_sector_neutral,2017-04-28,0.002918759024429307,-0.006479264662925632,-0.009398023687354939,-0.6
amihud_illiquidity_20d_sector_neutral,2017-05-31,0.004505682517082688,0.010717416463879737,0.006211733946797049,-0.09999999999999999
amihud_illiquidity_20d_sector_neutral,2017-06-30,-0.005156614342149801,0.00486751540238084,0.010024129744530642,0.49999999999999994
amihud_illiquidity_20d_sector_neutral,2017-07-31,0.017468236238439783,-0.020485585110345574,-0.03795382134878536,-0.8999999999999998
amihud_illiquidity_20d_sector_neutral,2017-08-31,-0.013610828789339969,0.03540931825606384,0.049020147045403806,0.8999999999999998
amihud_illiquidity_20d_sector_neutral,2017-09-29,0.010772704405594125,-0.010408785407823617,-0.02118148981341774,-0.6
amihud_illiquidity_20d_sector_neutral,2017-10-31,0.009452004472104125,0.0288576450300021,0.019405640557897973,0.8999999999999998
amihud_illiquidity_20d_sector_neutral,2017-11-30,-0.001868264625400673,0.009950597315028486,0.01181886194042916,0.3
amihud_illiquidity_20d_sector_neutral,2017-12-29,-0.005730160640878268,0.008732733560028372,0.014462894200906639,0.39999999999999997
amihud_illiquidity_20d_sector_neutral,2018-01-31,0.01903029076937187,0.0022282286265695285,-0.016802062142802342,-0.09999999999999999
amihud_illiquidity_20d_sector_neutral,2018-02-28,-0.0011139329216556027,0.017982081297594422,0.019096014219250026,0.8999999999999998
amihud_illiquidity_20d_sector_neutral,2018-03-29,0.025531093965524464,-0.010505043024785743,-0.036036136990310205,-0.39999999999999997
amihud_illiquidity_20d_sector_neutral,2018-04-30,0.011643933779777627,0.033784397890625414,0.022140464110847788,0.3
amihud_illiquidity_20d_sector_neutral,2018-05-31,-0.017806362565735867,-0.004553117847693333,0.013253244718042534,0.19999999999999998
amihud_illiquidity_20d_sector_neutral,2018-06-29,0.0014413552186031242,0.010077034320681844,0.00863567910207872,0.7
amihud_illiquidity_20d_sector_neutral,2018-07-31,0.022054443407686686,0.010574582260631371,-0.011479861147055315,-0.39999999999999997
amihud_illiquidity_20d_sector_neutral,2018-08-31,-0.0010035861712397788,0.003590797905137599,0.004594384076377378,0.6
amihud_illiquidity_20d_sector_neutral,2018-09-28,0.01797853644717078,-0.0030745871149445827,-0.02105312356211536,-0.39999999999999997
amihud_illiquidity_20d_sector_neutral,2018-10-31,-0.0058693531365915375,0.008754280302984007,0.014623633439575545,0.09999999999999999
amihud_illiquidity_20d_sector_neutral,2018-11-30,-0.014537281969016158,0.010504954747073136,0.025042236716089294,0.6
amihud_illiquidity_20d_sector_neutral,2018-12-31,-0.02524823273815241,0.020951612652924268,0.046199845391076674,0.6
amihud_illiquidity_20d_sector_neutral,2019-01-31,-0.0016813978645606076,0.007351259704320512,0.00903265756888112,0.49999999999999994
amihud_illiquidity_20d_sector_neutral,2019-02-28,0.002115601286610469,0.007464785318481859,0.00534918403187139,0.0
amihud_illiquidity_20d_sector_neutral,2019-03-29,-0.01933074488059313,-0.0064207637243241635,0.012909981156268967,0.39999999999999997
amihud_illiquidity_20d_sector_neutral,2019-04-30,0.026932555250341474,-0.025179869199789772,-0.05211242445013124,-0.8999999999999998
amihud_illiquidity_20d_sector_neutral,2019-05-31,-0.01810391497431063,0.012385566377506063,0.030489481351816693,0.19999999999999998
amihud_illiquidity_20d_sector_neutral,2019-06-28,-0.025181875208618375,0.019381281709949995,0.04456315691856837,0.39999999999999997
amihud_illiquidity_20d_sector_neutral,2019-07-31,-0.019003936271709255,0.011335007625610738,0.030338943897319993,0.9999999999999999
amihud_illiquidity_20d_sector_neutral,2019-08-30,0.0018344238142837255,0.001204793592148079,-0.0006296302221356464,-0.49999999999999994
amihud_illiquidity_20d_sector_neutral,2019-09-30,0.02727558351350452,-0.013825378624759011,-0.04110096213826353,-0.9999999999999999
amihud_illiquidity_20d_sector_neutral,2019-10-31,0.02092506927715889,0.007441426487067604,-0.013483642790091286,-0.19999999999999998
amihud_illiquidity_20d_sector_neutral,2019-11-29,0.03436563097022509,0.018332443447917825,-0.016033187522307264,-0.3
amihud_illiquidity_20d_sector_neutral,2019-12-31,0.079261240828789,-0.018996019384980866,-0.09825726021376988,-0.7
