signal,as_of_date,quintile,observations,mean_target_21d_excess,median_target_21d_excess,mean_target_21d
momentum_12_1_sector_neutral,2015-01-30,1,10,0.0010941028904734695,0.009768021981294561,0.06157296271707598
momentum_12_1_sector_neutral,2015-01-30,2,10,0.008979712414766217,0.008349599110844097,0.06945857224136873
momentum_12_1_sector_neutral,2015-01-30,3,10,-0.021753772789401514,-0.009818979777830084,0.03872508703720099
momentum_12_1_sector_neutral,2015-01-30,4,10,-0.028542495570280667,-0.01234665913712385,0.031936364256321834
momentum_12_1_sector_neutral,2015-01-30,5,10,0.026574266056346673,0.024124610160892734,0.08705312588294918
momentum_12_1_sector_neutral,2015-02-27,1,10,-0.011843035840581806,-0.007146516686081683,-0.021561349984769808
momentum_12_1_sector_neutral,2015-02-27,2,10,-0.015938256339151656,-0.00030616654055942716,-0.025656570483339657
momentum_12_1_sector_neutral,2015-02-27,3,10,0.003832390533841079,0.005362165740036617,-0.005885923610346922
momentum_12_1_sector_neutral,2015-02-27,4,10,0.01090036389902672,0.0003762319710848838,0.001182049754838721
momentum_12_1_sector_neutral,2015-02-27,5,10,0.014977664877558949,0.016557077684232313,0.0052593507333709485
momentum_12_1_sector_neutral,2015-03-31,1,10,0.048267482155471275,0.027252498635952083,0.045776575172698786
momentum_12_1_sector_neutral,2015-03-31,2,10,0.002107096005120157,-0.01539250209698928,-0.0003838109776523324
momentum_12_1_sector_neutral,2015-03-31,3,10,0.03542378204744333,0.027441378488840817,0.03293287506467084
momentum_12_1_sector_neutral,2015-03-31,4,10,0.007720927003198386,0.0006569893433938101,0.005230020020425896
momentum_12_1_sector_neutral,2015-03-31,5,10,0.0021219931447828966,-0.03370743752552774,-0.0003689138379895929
momentum_12_1_sector_neutral,2015-04-30,1,10,-0.0033440796388819693,-0.010604516536529163,0.017792711046602717
momentum_12_1_sector_neutral,2015-04-30,2,10,-0.010835325731389877,-0.010065270913223068,0.010301464954094808
momentum_12_1_sector_neutral,2015-04-30,3,10,-0.015527296498260535,-0.007489490759719275,0.005609494187224151
momentum_12_1_sector_neutral,2015-04-30,4,10,0.013978589713995616,0.009517402289295762,0.0351153803994803
momentum_12_1_sector_neutral,2015-04-30,5,10,0.03055945176172715,0.018853502598808358,0.05169624244721184
momentum_12_1_sector_neutral,2015-05-29,1,10,0.002400196464442628,0.010024070564514043,-0.023638298967882877
momentum_12_1_sector_neutral,2015-05-29,2,10,-0.006513175943049343,-0.008223433950225512,-0.03255167137537485
momentum_12_1_sector_neutral,2015-05-29,3,10,-0.01184110957199278,-0.01840243901429206,-0.037879605004318286
momentum_12_1_sector_neutral,2015-05-29,4,10,0.03684110344047833,0.03379708181925101,0.010802608008152826
momentum_12_1_sector_neutral,2015-05-29,5,10,0.004443790465128716,0.0004928790284859375,-0.021594704967196787
momentum_12_1_sector_neutral,2015-06-30,1,10,0.0053287939012668815,-0.005757114659830975,0.03926099795750852
momentum_12_1_sector_neutral,2015-06-30,2,10,0.0012365200875581906,0.0023144458122618117,0.03516872414379983
momentum_12_1_sector_neutral,2015-06-30,3,10,-0.01998547165068666,0.003406099116695427,0.013946732405554985
momentum_12_1_sector_neutral,2015-06-30,4,10,0.002788567327803149,0.004259852056985425,0.036720771384044795
momentum_12_1_sector_neutral,2015-06-30,5,10,0.01112053729552911,-0.0009601096687976707,0.04505274135177075
momentum_12_1_sector_neutral,2015-07-31,1,10,-0.006089201767859764,-0.0060985056650876834,-0.05962328951173107
momentum_12_1_sector_neutral,2015-07-31,2,10,-0.012866987699373333,-0.009546299207381814,-0.06640107544324464
momentum_12_1_sector_neutral,2015-07-31,3,10,0.016196228678149148,0.0016160080705095448,-0.03733785906572216
momentum_12_1_sector_neutral,2015-07-31,4,10,-0.0021094821444067715,0.0016762854369382074,-0.05564356988827808
momentum_12_1_sector_neutral,2015-07-31,5,10,0.01161406190823754,0.01331679349360404,-0.04192002583563377
momentum_12_1_sector_neutral,2015-08-31,1,10,-0.019869329205498987,-0.012648694937821725,-0.027590722744223462
momentum_12_1_sector_neutral,2015-08-31,2,10,0.006708180079551573,0.011198870962181973,-0.0010132134591729013
momentum_12_1_sector_neutral,2015-08-31,3,10,-0.011276212486253222,-0.01741061453517967,-0.018997606024977697
momentum_12_1_sector_neutral,2015-08-31,4,10,-0.031051192499957813,-0.0075563756119260694,-0.03877258603868229
momentum_12_1_sector_neutral,2015-08-31,5,10,0.00687024268744788,0.010254721527234834,-0.0008511508512765942
momentum_12_1_sector_neutral,2015-09-30,1,10,-0.0004663141789377101,0.02075357096752306,0.09097609655727847
momentum_12_1_sector_neutral,2015-09-30,2,10,-0.011512696299704228,-0.011256759154251283,0.07992971443651195
momentum_12_1_sector_neutral,2015-09-30,3,10,0.005730075652295952,0.019836626339006402,0.09717248638851213
momentum_12_1_sector_neutral,2015-09-30,4,10,-0.008791186670044504,-0.01822040871011721,0.08265122406617167
momentum_12_1_sector_neutral,2015-09-30,5,10,-0.015006672010163258,-0.00046289827258183536,0.07643573872605292
momentum_12_1_sector_neutral,2015-10-30,1,10,-0.012034915105611466,-0.009042134573161054,0.009281239214076453
momentum_12_1_sector_neutral,2015-10-30,2,10,2.2649826743681435e-05,0.004969671025796929,0.0213388041464316
momentum_12_1_sector_neutral,2015-10-30,3,10,0.0023427663094435893,0.0045088284306231685,0.023658920629131507
momentum_12_1_sector_neutral,2015-10-30,4,10,-0.012212405791564563,-0.017969779130457775,0.009103748528123356
momentum_12_1_sector_neutral,2015-10-30,5,10,0.04099942014713309,0.028207737291474078,0.06231557446682101
momentum_12_1_sector_neutral,2015-11-30,1,10,-0.004672917225118134,0.015264033002118316,0.003747614920976039
momentum_12_1_sector_neutral,2015-11-30,2,10,-0.028312034922863983,-0.01624737092493378,-0.01989150277676981
momentum_12_1_sector_neutral,2015-11-30,3,10,-0.002874677613840626,-0.0042995291758578524,0.005545854532253547
momentum_12_1_sector_neutral,2015-11-30,4,10,-0.025992409261781445,-0.0046707449237631815,-0.017571877115687272
momentum_12_1_sector_neutral,2015-11-30,5,10,0.021632123144612103,0.018312383981962332,0.030052655290706276
momentum_12_1_sector_neutral,2015-12-31,1,10,0.015074867848406826,0.009030584927053498,-0.05934135764994132
momentum_12_1_sector_neutral,2015-12-31,2,10,0.017647242489569837,0.025213534701036378,-0.056768983008778306
momentum_12_1_sector_neutral,2015-12-31,3,10,-0.019662229818302967,-0.027655121503847635,-0.09407845531665111
momentum_12_1_sector_neutral,2015-12-31,4,10,0.033997561644749784,0.037922848729649905,-0.04041866385359836
momentum_12_1_sector_neutral,2015-12-31,5,10,-0.018821888124945486,-0.006858141633538928,-0.09323811362329362
momentum_12_1_sector_neutral,2016-01-29,1,10,0.023288215298609603,0.013087084102913482,0.04004647531129626
momentum_12_1_sector_neutral,2016-01-29,2,10,-0.00898030852338837,-0.019812231487398135,0.007777951489298285
momentum_12_1_sector_neutral,2016-01-29,3,10,-0.009848308729548127,0.007608351546934622,0.006909951283138527
momentum_12_1_sector_neutral,2016-01-29,4,10,0.009027259622085193,0.0,0.025785519634771846
momentum_12_1_sector_neutral,2016-01-29,5,10,-0.0019561256347871204,-0.00875367983810782,0.014802134377899534
momentum_12_1_sector_neutral,2016-02-29,1,10,0.01217476475685022,0.003910287968807213,0.08936735708614821
momentum_12_1_sector_neutral,2016-02-29,2,10,0.0052850682304854905,0.003613511944301151,0.08247766055978348
momentum_12_1_sector_neutral,2016-02-29,3,10,-9.615520611871986e-06,-0.006113695426065768,0.0771829768086861
momentum_12_1_sector_neutral,2016-02-29,4,10,-0.009770604511246072,-0.018265155017158752,0.0674219878180519
momentum_12_1_sector_neutral,2016-02-29,5,10,0.010162598183674343,0.01158583213175235,0.08735519051297233
momentum_12_1_sector_neutral,2016-03-31,1,10,-0.0138871183139889,-0.013811347898356086,-0.002531641251515371
momentum_12_1_sector_neutral,2016-03-31,2,10,0.02809334952429332,0.019314218474409617,0.03944882658676685
momentum_12_1_sector_neutral,2016-03-31,3,10,0.009165957070448904,0.0106968012060914,0.020521434132922435
momentum_12_1_sector_neutral,2016-03-31,4,10,-0.008908657456787806,-0.003496131039553374,0.002446819605685724
momentum_12_1_sector_neutral,2016-03-31,5,10,-0.012304292321277055,-0.0077901104526334475,-0.0009488152588035259
momentum_12_1_sector_neutral,2016-04-29,1,10,0.004466783121427398,0.008032530677835714,0.016518856940662963
momentum_12_1_sector_neutral,2016-04-29,2,10,-0.010896321557576482,0.0052292507897852,0.0011557522616590821
momentum_12_1_sector_neutral,2016-04-29,3,10,0.0003363212618512468,-0.006303745636337621,0.01238839508108681
momentum_12_1_sector_neutral,2016-04-29,4,10,-0.0027355731631518833,-0.012123895235103488,0.009316500656083682
momentum_12_1_sector_neutral,2016-04-29,5,10,0.044892106533211,0.007413997501953817,0.05694418035244656
momentum_12_1_sector_neutral,2016-05-31,1,10,-0.037737478958054405,-0.026866020731857343,-0.039033731596711474
momentum_12_1_sector_neutral,2016-05-31,2,10,-0.013135786357961421,0.0013925528353868066,-0.01443203899661849
momentum_12_1_sector_neutral,2016-05-31,3,10,0.015472259248235632,0.022660626889926982,0.014176006609578563
momentum_12_1_sector_neutral,2016-05-31,4,10,0.0021643389071104744,0.01228056176116643,0.0008680862684534052
momentum_12_1_sector_neutral,2016-05-31,5,10,0.000856923500618012,-0.004426823926067691,-0.00043932913803905737
momentum_12_1_sector_neutral,2016-06-30,1,10,0.006711155858643014,0.01333719471436079,0.053807034314256375
momentum_12_1_sector_neutral,2016-06-30,2,10,0.006201533051868236,0.007603295526564691,0.053297411507481594
momentum_12_1_sector_neutral,2016-06-30,3,10,-0.02477056165476117,-0.023871008758322043,0.02232531680085219
momentum_12_1_sector_neutral,2016-06-30,4,10,-0.010794266278015307,-0.02156301299073171,0.03630161217759805
momentum_12_1_sector_neutral,2016-06-30,5,10,0.025890075530425792,0.029249854817412047,0.07298595398603916
momentum_12_1_sector_neutral,2016-07-29,1,10,0.011403697810827385,0.023301718917290715,0.022142156044475992
momentum_12_1_sector_neutral,2016-07-29,2,10,0.0005730768102570116,0.008271729687234997,0.011311535043905618
momentum_12_1_sector_neutral,2016-07-29,3,10,-0.010343489536113647,-0.0233775170832613,0.00039496869753495866
momentum_12_1_sector_neutral,2016-07-29,4,10,0.005987378978474034,-0.0017060275774835043,0.01672583721212264
momentum_12_1_sector_neutral,2016-07-29,5,10,-0.002410209711801059,0.0006330840662670534,0.008328248521847548
momentum_12_1_sector_neutral,2016-08-31,1,10,-0.005004867262497115,-0.009687562204487354,-0.0005738131112519973
momentum_12_1_sector_neutral,2016-08-31,2,10,-0.019773239953795752,-0.011847080328928894,-0.015342185802550635
momentum_12_1_sector_neutral,2016-08-31,3,10,-0.00217799235342534,-0.0040824115704871655,0.0022530617978197775
momentum_12_1_sector_neutral,2016-08-31,4,10,-0.004531449675915955,-0.006242129164979626,-0.00010039552467083768
momentum_12_1_sector_neutral,2016-08-31,5,10,0.030356051021019338,0.01568933019462082,0.03478710517226445
momentum_12_1_sector_neutral,2016-09-30,1,10,0.015168057682211345,0.004564650495055722,0.0006356197231708772
momentum_12_1_sector_neutral,2016-09-30,2,10,0.025529603562231364,0.018109579237347684,0.010997165603190895
momentum_12_1_sector_neutral,2016-09-30,3,10,-0.01122421215490168,-0.007243678414386778,-0.025756650113942146
momentum_12_1_sector_neutral,2016-09-30,4,10,-0.011819105940319364,-0.010261216170387222,-0.02635154389935983
momentum_12_1_sector_neutral,2016-09-30,5,10,0.0028397991866821793,0.009106078865311507,-0.011692638772358288
momentum_12_1_sector_neutral,2016-10-31,1,10,0.003930842253609479,-0.01479812096836075,0.03409940289502685
momentum_12_1_sector_neutral,2016-10-31,2,10,0.018813329721279172,-0.0013269411752837579,0.04898189036269655
momentum_12_1_sector_neutral,2016-10-31,3,10,0.0033506214722186733,0.028484546795174315,0.03351918211363605
momentum_12_1_sector_neutral,2016-10-31,4,10,0.01593553484402498,0.03223646416792114,0.04610409548544235
momentum_12_1_sector_neutral,2016-10-31,5,10,-0.005413896048603451,-0.04163019435108911,0.024754664592813926
momentum_12_1_sector_neutral,2016-11-30,1,10,0.013763429344723698,0.015111210040006484,0.0360375252478848
momentum_12_1_sector_neutral,2016-11-30,2,10,0.016261494773168426,0.00644765351213894,0.03853559067632952
momentum_12_1_sector_neutral,2016-11-30,3,10,-7.5652264795667e-06,-0.002776682871377334,0.02226653067668153
momentum_12_1_sector_neutral,2016-11-30,4,10,-0.0015084443309330564,-0.002180252252518722,0.02076565157222804
momentum_12_1_sector_neutral,2016-11-30,5,10,-0.0031874652407468673,-0.017308510820578216,0.019086630662414228
momentum_12_1_sector_neutral,2016-12-30,1,10,0.03633093194024922,0.026346948897768563,0.05905836429302408
momentum_12_1_sector_neutral,2016-12-30,2,10,0.026816891496150796,-0.002495675495032934,0.04954432384892565
momentum_12_1_sector_neutral,2016-12-30,3,10,-0.015001096027499439,-0.01809256151010924,0.007726336325275418
momentum_12_1_sector_neutral,2016-12-30,4,10,-0.045877496779548,-0.02938760843826088,-0.023150064426773143
momentum_12_1_sector_neutral,2016-12-30,5,10,0.019836431141126966,0.012178200550145957,0.04256386349390182
momentum_12_1_sector_neutral,2017-01-31,1,10,0.03171336033580241,0.030322984379762552,0.07988975655564035
momentum_12_1_sector_neutral,2017-01-31,2,10,-0.008353515766984999,-0.007751356847054303,0.03982288045285294
momentum_12_1_sector_neutral,2017-01-31,3,10,0.00021532341189191008,-0.0023447759068560003,0.04839171963172985
momentum_12_1_sector_neutral,2017-01-31,4,10,-0.008491779496446306,0.0023222384193146706,0.03968461672339163
momentum_12_1_sector_neutral,2017-01-31,5,10,-0.015457043047962504,-0.016665605046894183,0.03271935317187543
momentum_12_1_sector_neutral,2017-02-28,1,10,0.0031076531649960604,0.009372671523609766,0.00802771792515089
momentum_12_1_sector_neutral,2017-02-28,2,10,0.00890075303205532,0.0029541348210292417,0.013820817792210149
momentum_12_1_sector_neutral,2017-02-28,3,10,0.004624108626135148,0.0,0.009544173386289979
momentum_12_1_sector_neutral,2017-02-28,4,10,-0.0034944192749569725,-0.00658570033008099,0.0014256454851978573
momentum_12_1_sector_neutral,2017-02-28,5,10,-0.004192239909037531,-0.019875542668544077,0.000727824851117298
momentum_12_1_sector_neutral,2017-03-31,1,10,-0.02084237559823828,-0.021982226042648156,0.007377001954840956
momentum_12_1_sector_neutral,2017-03-31,2,10,0.028206146576520506,0.02330139027254008,0.056425524129599745
momentum_12_1_sector_neutral,2017-03-31,3,10,-0.014372804756904788,-0.0075317279909163926,0.01384657279617445
momentum_12_1_sector_neutral,2017-03-31,4,10,0.013036779051548176,0.02143813029332553,0.04125615660462741
momentum_12_1_sector_neutral,2017-03-31,5,10,-0.01970699035403134,-0.03428949965245215,0.0085123871990479
momentum_12_1_sector_neutral,2017-04-28,1,10,-0.024891088969791864,-0.020601780163734484,0.0005239334508195803
momentum_12_1_sector_neutral,2017-04-28,2,10,0.004045156573873288,0.005908536587109436,0.02946017899448473
momentum_12_1_sector_neutral,2017-04-28,3,10,-0.015215497275023216,-0.003675097866670196,0.010199525145588228
momentum_12_1_sector_neutral,2017-04-28,4,10,0.004886739312263244,0.013194513713519873,0.030301761732874688
momentum_12_1_sector_neutral,2017-04-28,5,10,0.029560932616801493,-0.0048306689722641405,0.05497595503741294
momentum_12_1_sector_neutral,2017-05-31,1,10,0.020686510522520518,0.00568850032220225,0.016503373756301454
momentum_12_1_sector_neutral,2017-05-31,2,10,0.005207276908287118,-0.0013163748178237067,0.0010241401420680528
momentum_12_1_sector_neutral,2017-05-31,3,10,0.011290501389160091,0.005889059515060191,0.007107364622941026
momentum_12_1_sector_neutral,2017-05-31,4,10,0.0016209384077547685,-0.007257177645519475,-0.002562198358464296
momentum_12_1_sector_neutral,2017-05-31,5,10,0.014761393247890265,0.013249730432167928,0.0105782564816712
momentum_12_1_sector_neutral,2017-06-30,1,10,-0.007188421219232521,-0.009950630083895184,0.014618017004771333
momentum_12_1_sector_neutral,2017-06-30,2,10,0.01980587383314092,0.015169965775393202,0.041612312057144774
momentum_12_1_sector_neutral,2017-06-30,3,10,-0.005871138628542405,-0.0010120703759746164,0.01593529959546145
momentum_12_1_sector_neutral,2017-06-30,4,10,-0.006392061058128784,-0.010581834850333816,0.01541437716587507
momentum_12_1_sector_neutral,2017-06-30,5,10,0.021917198159371508,0.011118062541670803,0.04372363638337536
momentum_12_1_sector_neutral,2017-07-31,1,10,-0.016251936542978396,-0.00907730605648277,-0.016902691723291164
momentum_12_1_sector_neutral,2017-07-31,2,10,0.006322882312047529,0.009498610056856593,0.005672127131734761
momentum_12_1_sector_neutral,2017-07-31,3,10,0.011150265458902353,0.012243764239715849,0.010499510278589586
momentum_12_1_sector_neutral,2017-07-31,4,10,-0.013848022616491174,-0.008735215790333761,-0.014498777796803941
momentum_12_1_sector_neutral,2017-07-31,5,10,0.008351411904364359,0.016874071070760666,0.007700656724051591
momentum_12_1_sector_neutral,2017-08-31,1,10,0.009990822698860502,0.009303489679653665,0.03099446419382553
momentum_12_1_sector_neutral,2017-08-31,2,10,0.030784089048815667,0.014217889190627941,0.0517877305437807
momentum_12_1_sector_neutral,2017-08-31,3,10,-0.0028781841036552348,-0.02803270163496835,0.018125457391309795
momentum_12_1_sector_neutral,2017-08-31,4,10,0.025879992534473418,0.035601720504014556,0.046883634029438445
momentum_12_1_sector_neutral,2017-08-31,5,10,-0.009098305067076661,-0.016208088827812106,0.01190533642788837
momentum_12_1_sector_neutral,2017-09-29,1,10,-0.030080259351001403,-0.022142524812254205,0.008877474595268265
momentum_12_1_sector_neutral,2017-09-29,2,10,0.005950842285740343,-0.0008364776663080109,0.044908576232010014
momentum_12_1_sector_neutral,2017-09-29,3,10,-0.011914266473650648,-0.02206298098286541,0.027043467472619022
momentum_12_1_sector_neutral,2017-09-29,4,10,0.012315139556560006,-0.006672545315543399,0.05127287350282968
momentum_12_1_sector_neutral,2017-09-29,5,10,0.021855000718804262,0.03648673635667676,0.060812734665073934
momentum_12_1_sector_neutral,2017-10-31,1,10,0.041591876207559976,0.011213923499141187,0.07063020889904656
momentum_12_1_sector_neutral,2017-10-31,2,10,-0.0050342008043887665,-0.0039999251640270295,0.024004131887097824
momentum_12_1_sector_neutral,2017-10-31,3,10,-0.007166682410323977,-0.013185720115593713,0.021871650281162613
momentum_12_1_sector_neutral,2017-10-31,4,10,0.030699638139031503,0.0172733384123811,0.05973797083051809
momentum_12_1_sector_neutral,2017-10-31,5,10,-0.012235306739285013,0.0001950163228255919,0.016803025952201577
momentum_12_1_sector_neutral,2017-11-30,1,10,0.02212680918562835,0.016004525878397624,0.04324687508945877
momentum_12_1_sector_neutral,2017-11-30,2,10,0.0017766123526706146,0.01261449419077909,0.022896678256501036
momentum_12_1_sector_neutral,2017-11-30,3,10,-0.007847910679642989,-0.003965660872706334,0.013272155224187432
momentum_12_1_sector_neutral,2017-11-30,4,10,0.0010190501082718794,-0.006245010020636821,0.0221391160121023
momentum_12_1_sector_neutral,2017-11-30,5,10,0.005150947511122795,-0.0049067800401725314,0.026271013414953213
momentum_12_1_sector_neutral,2017-12-29,1,10,-0.0002655937480443793,0.0006580381730552087,0.06639724752293272
momentum_12_1_sector_neutral,2017-12-29,2,10,-0.0522731653888396,-0.06731538651580232,0.014389675882137498
momentum_12_1_sector_neutral,2017-12-29,3,10,-0.003422301096120561,-0.003041272748445012,0.06324054017485654
momentum_12_1_sector_neutral,2017-12-29,4,10,-0.016852966842505757,-0.037468749112809396,0.049809874428471346
momentum_12_1_sector_neutral,2017-12-29,5,10,0.08997380303544418,0.03968652922261484,0.15663664430642127
momentum_12_1_sector_neutral,2018-01-31,1,10,-0.012633616452157237,0.0031617939904574066,-0.06430675251475557
momentum_12_1_sector_neutral,2018-01-31,2,10,-0.005803909799978746,-0.0020292852962673358,-0.05747704586257707
momentum_12_1_sector_neutral,2018-01-31,3,10,-0.003187553819976763,-0.01309616626053961,-0.05486068988257509
momentum_12_1_sector_neutral,2018-01-31,4,10,0.014431601696521657,0.005480633419967407,-0.03724153436607667
momentum_12_1_sector_neutral,2018-01-31,5,10,0.014863872275215451,0.019007217042692537,-0.036809263787382876
momentum_12_1_sector_neutral,2018-02-28,1,10,-0.015872014116168898,-0.00606161491393109,-0.037919287345665076
momentum_12_1_sector_neutral,2018-02-28,2,10,-0.0038201142285960834,0.013377461694604409,-0.02586738745809226
momentum_12_1_sector_neutral,2018-02-28,3,10,-0.005013967914095152,0.011266870712875854,-0.02706124114359133
momentum_12_1_sector_neutral,2018-02-28,4,10,0.005743483352215228,0.0,-0.01630378987728095
momentum_12_1_sector_neutral,2018-02-28,5,10,-0.009494294023730188,-0.01296346234997059,-0.03154156725322636
momentum_12_1_sector_neutral,2018-03-29,1,10,-0.0021806236379827704,-0.007808613735643344,0.0007873845747351504
momentum_12_1_sector_neutral,2018-03-29,2,10,-0.003359453818240976,-0.019425496513591656,-0.0003914456055230553
momentum_12_1_sector_neutral,2018-03-29,3,10,0.029543054623478948,0.022522265395014895,0.03251106283619687
momentum_12_1_sector_neutral,2018-03-29,4,10,0.017232173217907553,0.01877884877050162,0.020200181430625474
momentum_12_1_sector_neutral,2018-03-29,5,10,0.01930129886852373,0.008410010949673197,0.02226930708124165
momentum_12_1_sector_neutral,2018-04-30,1,10,0.01409887437923496,0.0031826186101137077,0.04978675716231251
momentum_12_1_sector_neutral,2018-04-30,2,10,0.00431939734428064,-0.013501057849584663,0.04000728012735819
momentum_12_1_sector_neutral,2018-04-30,3,10,-0.02932162326331903,-0.032453106458472436,0.006366259519758522
momentum_12_1_sector_neutral,2018-04-30,4,10,0.0037948705494444844,-0.0019805907344427887,0.03948275333252203
momentum_12_1_sector_neutral,2018-04-30,5,10,0.02334044290027649,0.03165590665493612,0.059028325683354047
momentum_12_1_sector_neutral,2018-05-31,1,10,0.0108632786626231,0.007218221367440547,0.024102581652392596
momentum_12_1_sector_neutral,2018-05-31,2,10,0.0003603629069477754,-0.009451270994528138,0.013599665896717272
momentum_12_1_sector_neutral,2018-05-31,3,10,-0.002925844893717855,0.007562215488076229,0.010313458096051642
momentum_12_1_sector_neutral,2018-05-31,4,10,0.0008515897319632204,-0.010404762528043454,0.014090892721732718
momentum_12_1_sector_neutral,2018-05-31,5,10,-0.011119462921290568,0.00023287155450268937,0.0021198400684789287
momentum_12_1_sector_neutral,2018-06-29,1,10,0.001669851593096927,0.03967134199120714,0.04778762290380597
momentum_12_1_sector_neutral,2018-06-29,2,10,-0.00464535921566821,0.0013716401664716216,0.041472412095040836
momentum_12_1_sector_neutral,2018-06-29,3,10,0.01788918478811068,0.015516092087165978,0.06400695609881972
momentum_12_1_sector_neutral,2018-06-29,4,10,-0.0028949240143237185,0.0018796900037972852,0.04322284729638533
momentum_12_1_sector_neutral,2018-06-29,5,10,-0.030382105227324728,-0.013122414033847507,0.015735666083384316
momentum_12_1_sector_neutral,2018-07-31,1,10,-0.00998761135852394,-0.004656241743303924,0.018409881691100416
momentum_12_1_sector_neutral,2018-07-31,2,10,-0.00718291178118966,0.005192946226908579,0.021214581268434694
momentum_12_1_sector_neutral,2018-07-31,3,10,-0.005937707159484729,-0.019698397021550518,0.022459785890139628
momentum_12_1_sector_neutral,2018-07-31,4,10,0.012943180995186631,0.00907115516915169,0.04134067404481099
momentum_12_1_sector_neutral,2018-07-31,5,10,0.04877495901946958,0.05188026967539172,0.07717245206909393
momentum_12_1_sector_neutral,2018-08-31,1,10,0.0009471554879433519,0.005830411894658827,0.02119088197403831
momentum_12_1_sector_neutral,2018-08-31,2,10,-0.008775580801954086,0.010674811751647195,0.011468145684140873
momentum_12_1_sector_neutral,2018-08-31,3,10,0.018291969497372874,0.008343591406744122,0.03853569598346783
momentum_12_1_sector_neutral,2018-08-31,4,10,-0.011971389823758904,-0.02421176015830967,0.008272336662336056
momentum_12_1_sector_neutral,2018-08-31,5,10,0.0015015100966833338,0.0026407685891939314,0.021745236582778292
momentum_12_1_sector_neutral,2018-09-28,1,10,0.07293019356490439,0.054442007802733394,-0.02161746041228767
momentum_12_1_sector_neutral,2018-09-28,2,10,0.05503105948035929,0.08916475743732566,-0.03951659449683277
momentum_12_1_sector_neutral,2018-09-28,3,10,-0.049732744724042544,-0.043791532275150036,-0.1442803987012346
momentum_12_1_sector_neutral,2018-09-28,4,10,0.028095870544066613,0.02297572107222201,-0.06645178343312544
momentum_12_1_sector_neutral,2018-09-28,5,10,-0.056509883856617996,-0.03895597445018528,-0.15105753783381007
momentum_12_1_sector_neutral,2018-10-31,1,10,-0.010623190176725883,0.005065424716530598,0.031839532340493394
momentum_12_1_sector_neutral,2018-10-31,2,10,0.011897292621219791,0.0203228173222767,0.05436001513843906
momentum_12_1_sector_neutral,2018-10-31,3,10,-0.012159997130032097,-0.01682165736678576,0.03030272538718718
momentum_12_1_sector_neutral,2018-10-31,4,10,-0.03245702748640296,0.024598490006044083,0.01000569503081632
momentum_12_1_sector_neutral,2018-10-31,5,10,-0.037696588276992606,-0.026864805771281808,0.004766134240226672
momentum_12_1_sector_neutral,2018-11-30,1,10,0.018486237761770774,0.017767770589949605,-0.0852000655271854
momentum_12_1_sector_neutral,2018-11-30,2,10,-0.00649280851533246,-0.0038144486279725887,-0.11017911180428863
momentum_12_1_sector_neutral,2018-11-30,3,10,-0.002107309239836119,-0.012913950102741767,-0.1057936125287923
momentum_12_1_sector_neutral,2018-11-30,4,10,0.01628759246693622,0.01846986329813871,-0.08739871082201996
momentum_12_1_sector_neutral,2018-11-30,5,10,-0.007876119998507758,-0.013314463570852475,-0.11156242328746394
momentum_12_1_sector_neutral,2018-12-31,1,10,-0.01280326444207649,-0.0070877950306283966,0.055694662819470976
momentum_12_1_sector_neutral,2018-12-31,2,10,0.008324471076074303,-0.00282105443527636,0.07682239833762176
momentum_12_1_sector_neutral,2018-12-31,3,10,-0.007124546936529396,0.006270606861695449,0.061373380325018066
momentum_12_1_sector_neutral,2018-12-31,4,10,-0.0054476018263673875,-0.005262932728855807,0.06305032543518008
momentum_12_1_sector_neutral,2018-12-31,5,10,0.014921797879412313,0.0011275062235628353,0.08341972514095977
momentum_12_1_sector_neutral,2019-01-31,1,10,-0.01691187306395996,-0.026621359698522196,0.022288630456348168
momentum_12_1_sector_neutral,2019-01-31,2,10,0.012844547872314682,0.010640571124744702,0.05204505139262281
momentum_12_1_sector_neutral,2019-01-31,3,10,-0.018213056842042285,-0.006384874470992008,0.020987446678265843
momentum_12_1_sector_neutral,2019-01-31,4,10,-0.01611341034763446,-0.01658105981545921,0.023087093172673667
momentum_12_1_sector_neutral,2019-01-31,5,10,0.021316031555076907,0.024209089293493857,0.060516535075385035
momentum_12_1_sector_neutral,2019-02-28,1,10,-0.007393922071294401,-0.010042322721680375,0.022693729392787142
momentum_12_1_sector_neutral,2019-02-28,2,10,-0.013972989813066827,-0.002223709228714621,0.016114661651014717
momentum_12_1_sector_neutral,2019-02-28,3,10,0.011531882367991552,0.005676049322889787,0.0416195338320731
momentum_12_1_sector_neutral,2019-02-28,4,10,-0.0020519522758410736,0.0015484827181291294,0.02803569918824047
momentum_12_1_sector_neutral,2019-02-28,5,10,-0.002560602972818349,-0.001314388836915592,0.027527048491263195
momentum_12_1_sector_neutral,2019-03-29,1,10,0.038072305096941775,-0.019677791663565203,0.08099810428556804
momentum_12_1_sector_neutral,2019-03-29,2,10,0.03623373442950097,0.03737837411413958,0.07915953361812725
momentum_12_1_sector_neutral,2019-03-29,3,10,0.003938187444035091,-0.007831192034510326,0.04686398663266136
momentum_12_1_sector_neutral,2019-03-29,4,10,-0.024742538512908863,-0.006579477253319532,0.018183260675717405
momentum_12_1_sector_neutral,2019-03-29,5,10,-0.021845762860334593,0.0,0.021080036328291675
momentum_12_1_sector_neutral,2019-04-30,1,10,-0.03446339509463235,-0.019897179608774018,-0.0865448211304559
momentum_12_1_sector_neutral,2019-04-30,2,10,-0.007456397711406493,-0.009100952691134312,-0.059537823747230045
momentum_12_1_sector_neutral,2019-04-30,3,10,-0.011002042880064278,-0.012578994296809087,-0.06308346891588783
momentum_12_1_sector_neutral,2019-04-30,4,10,0.007166348420262014,0.009575401536101869,-0.04491507761556154
momentum_12_1_sector_neutral,2019-04-30,5,10,0.0035431138984235886,0.029818524680384706,-0.048538312137399967
momentum_12_1_sector_neutral,2019-05-31,1,10,0.02453883602910286,0.03950772415298265,0.11354111798644835
momentum_12_1_sector_neutral,2019-05-31,2,10,0.0010267368084541984,0.006503249345375828,0.09002901876579969
momentum_12_1_sector_neutral,2019-05-31,3,10,-0.014764646862159659,-0.021273316868836822,0.07423763509518584
momentum_12_1_sector_neutral,2019-05-31,4,10,-0.0025687360660641588,0.005353575053954507,0.08643354589128134
momentum_12_1_sector_neutral,2019-05-31,5,10,-0.00990426432607604,-0.015783688716874744,0.07909801763126946
momentum_12_1_sector_neutral,2019-06-28,1,10,0.007599847503498391,0.020439920540667567,0.04369537432115321
momentum_12_1_sector_neutral,2019-06-28,2,10,0.0003361997118835558,0.01883392630272218,0.036431726529538376
momentum_12_1_sector_neutral,2019-06-28,3,10,-0.018815815269972846,-0.008095717307815442,0.017279711547681976
momentum_12_1_sector_neutral,2019-06-28,4,10,-0.025910353834285426,-0.028195603550879245,0.010185172983369396
momentum_12_1_sector_neutral,2019-06-28,5,10,0.003030712985498396,0.009050261401221116,0.03912623980315322
momentum_12_1_sector_neutral,2019-07-31,1,10,-0.02926570004268474,-0.016205223947132752,-0.04045286233572541
momentum_12_1_sector_neutral,2019-07-31,2,10,-1.4455711184946374e-05,-0.0021668606492195597,-0.011201618004225622
momentum_12_1_sector_neutral,2019-07-31,3,10,0.01167742740264851,0.025063414144252227,0.0004902651096078348
momentum_12_1_sector_neutral,2019-07-31,4,10,-0.015731751209036825,-0.01038745191095991,-0.0269189135020775
momentum_12_1_sector_neutral,2019-07-31,5,10,0.020995543565938413,0.03412640137871176,0.009808381272897737
momentum_12_1_sector_neutral,2019-08-30,1,10,0.02386662003725489,0.029838610735387072,0.030590472445269544
momentum_12_1_sector_neutral,2019-08-30,2,10,-0.007981657444629631,0.005437381559656007,-0.0012578050366149785
momentum_12_1_sector_neutral,2019-08-30,3,10,0.018279197761877475,0.026460470644478762,0.025003050169892127
momentum_12_1_sector_neutral,2019-08-30,4,10,-0.006517339316423887,-0.007117918378946708,0.00020651309159076537
momentum_12_1_sector_neutral,2019-08-30,5,10,-0.02943066333738521,-0.0381051574983679,-0.022706810929370557
momentum_12_1_sector_neutral,2019-09-30,1,10,0.07798427071542914,0.034995715148179674,0.09409363404246286
momentum_12_1_sector_neutral,2019-09-30,2,10,0.015741289319919437,0.0006391786288042489,0.03185065264695316
momentum_12_1_sector_neutral,2019-09-30,3,10,-0.011125122000529074,-0.015474983411847387,0.004984241326504646
momentum_12_1_sector_neutral,2019-09-30,4,10,0.002920889065177024,-7.365034527251346e-05,0.019030252392210744
momentum_12_1_sector_neutral,2019-09-30,5,10,-0.02446031617705713,-0.010606387483957258,-0.008350952850023408
momentum_12_1_sector_neutral,2019-10-31,1,10,0.030098254199862052,0.02787010828568659,0.058144255194719593
momentum_12_1_sector_neutral,2019-10-31,2,10,0.0019107941748291001,0.005865200133487902,0.029956795169686645
momentum_12_1_sector_neutral,2019-10-31,3,10,-0.008822928493749837,-0.017464280579619684,0.019223072501107708
momentum_12_1_sector_neutral,2019-10-31,4,10,0.009644735582283537,-0.003612361370106676,0.03769073657714108
momentum_12_1_sector_neutral,2019-10-31,5,10,-0.017209984065173867,-0.011207840794527413,0.010836016929683678
momentum_12_1_sector_neutral,2019-11-29,1,10,0.03760230570154779,0.018314025100533704,0.06477400353131482
momentum_12_1_sector_neutral,2019-11-29,2,10,-0.0023125941039021437,-0.008932985242642189,0.024859103725864883
momentum_12_1_sector_neutral,2019-11-29,3,10,0.006349748678678158,0.0,0.033521446508445185
momentum_12_1_sector_neutral,2019-11-29,4,10,0.009055816006348217,0.007495338020150344,0.03622751383611524
momentum_12_1_sector_neutral,2019-11-29,5,10,-0.006915647218784715,-0.007103684988671755,0.02025605061098231
momentum_12_1_sector_neutral,2019-12-31,1,10,0.035468469712015935,-0.0151641796124376,0.02888067796018239
momentum_12_1_sector_neutral,2019-12-31,2,10,0.006692503819350548,0.03644350313418743,0.0001047120675169988
momentum_12_1_sector_neutral,2019-12-31,3,10,0.0016604665205853131,-0.015503331602608472,-0.0049273252312482365
momentum_12_1_sector_neutral,2019-12-31,4,10,-0.00015989461988150656,-0.01659506154065421,-0.006747686371715056
momentum_12_1_sector_neutral,2019-12-31,5,10,0.014990781580829482,0.02872185296331642,0.008402989828995932
momentum_6_1_sector_neutral,2014-07-31,1,10,-0.011242628986921854,-0.0113650204359671,0.030595530459188502
momentum_6_1_sector_neutral,2014-07-31,2,10,-0.0034605995326705942,-0.004546116867677807,0.03837755991343976
momentum_6_1_sector_neutral,2014-07-31,3,10,0.006754058830061571,-0.007249109542595167,0.048592218276171925
momentum_6_1_sector_neutral,2014-07-31,4,10,0.008366926368620931,0.0077371185321123415,0.050205085814731286
momentum_6_1_sector_neutral,2014-07-31,5,10,0.040042784934696,0.02784002807862551,0.08188094438080636
momentum_6_1_sector_neutral,2014-08-29,1,10,-0.024470510695020063,-0.023776525243656477,-0.02045329653516128
momentum_6_1_sector_neutral,2014-08-29,2,10,-0.03073713508990531,-0.02018075083230042,-0.026719920930046527
momentum_6_1_sector_neutral,2014-08-29,3,10,-0.005521988527721988,0.004818371243693775,-0.0015047743678632043
momentum_6_1_sector_neutral,2014-08-29,4,10,0.010688909674821301,0.012862331584445386,0.014706123834680085
momentum_6_1_sector_neutral,2014-08-29,5,10,0.0016774902682468174,0.005977473795598098,0.005694704428105601
momentum_6_1_sector_neutral,2014-09-30,1,10,-0.025322047401856264,-0.012694965453453833,-0.01490951615935352
momentum_6_1_sector_neutral,2014-09-30,2,10,0.004555913753989826,0.00236633628694638,0.01496844499649257
momentum_6_1_sector_neutral,2014-09-30,3,10,0.010583608994459015,0.014711826006403306,0.02099614023696176
momentum_6_1_sector_neutral,2014-09-30,4,10,-0.010738551579706268,-0.004716329616047177,-0.0003260203372035253
momentum_6_1_sector_neutral,2014-09-30,5,10,-0.006883023468288396,0.005018097695128398,0.0035295077742143466
momentum_6_1_sector_neutral,2014-10-31,1,10,-0.01934118936277217,-0.016375729737988842,0.024370877285483827
momentum_6_1_sector_neutral,2014-10-31,2,10,0.004349058837086983,0.0025677719575532,0.048061125485342984
momentum_6_1_sector_neutral,2014-10-31,3,10,-0.0075821038457776655,0.01387256446462981,0.036129962802478335
momentum_6_1_sector_neutral,2014-10-31,4,10,0.009807256964763433,0.012616725380191651,0.053519323613019434
momentum_6_1_sector_neutral,2014-10-31,5,10,-0.021353245202495996,-0.011476420424528011,0.022358821445760003
momentum_6_1_sector_neutral,2014-11-28,1,10,-0.022206065678057517,-0.02872961311126354,-0.00015664279503715405
momentum_6_1_sector_neutral,2014-11-28,2,10,-0.02786248314089531,-0.036130207789454416,-0.005813060257874947
momentum_6_1_sector_neutral,2014-11-28,3,10,0.0045302554540928245,0.0029356245967816497,0.026579678337113187
momentum_6_1_sector_neutral,2014-11-28,4,10,-0.008491162132166219,0.0005405768859461091,0.013558260750854145
momentum_6_1_sector_neutral,2014-11-28,5,10,0.0034057793776283373,0.012224577640334355,0.0254552022606487
momentum_6_1_sector_neutral,2014-12-31,1,10,0.02346282570515381,-0.01687145014465774,0.014540638688337016
momentum_6_1_sector_neutral,2014-12-31,2,10,-0.007545449085606171,0.016431668563568813,-0.016467636102422967
momentum_6_1_sector_neutral,2014-12-31,3,10,0.0014911383623697262,0.007181676515950974,-0.00743104865444707
momentum_6_1_sector_neutral,2014-12-31,4,10,-0.02532317719924927,-0.02168427712466653,-0.03424536421606607
momentum_6_1_sector_neutral,2014-12-31,5,10,0.006283264451377546,0.005244975265339513,-0.0026389225654392503
momentum_6_1_sector_neutral,2015-01-30,1,10,-0.0036514821208857517,0.012649975813529335,0.056827377705716754
momentum_6_1_sector_neutral,2015-01-30,2,10,-0.003917000655168079,-0.009818979777830084,0.05656185917143443
momentum_6_1_sector_neutral,2015-01-30,3,10,-0.009708616359964317,0.007296323740361821,0.050770243466638186
momentum_6_1_sector_neutral,2015-01-30,4,10,-0.02539661703324968,-0.02548025548276267,0.03508224279335283
momentum_6_1_sector_neutral,2015-01-30,5,10,0.029025529171172005,0.01304002259997361,0.0895043889977745
momentum_6_1_sector_neutral,2015-02-27,1,10,-0.01464454027578338,-0.002764148975115399,-0.02436285441997138
momentum_6_1_sector_neutral,2015-02-27,2,10,-0.009962223689050798,-0.002254448592927505,-0.0196805378332388
momentum_6_1_sector_neutral,2015-02-27,3,10,-0.007460973402495441,-0.008643743656183589,-0.017179287546683443
momentum_6_1_sector_neutral,2015-02-27,4,10,0.014089354858750147,-0.0005192979528100827,0.004371040714562147
momentum_6_1_sector_neutral,2015-02-27,5,10,0.019907509639272757,0.02749938334941815,0.010189195495084758
momentum_6_1_sector_neutral,2015-03-31,1,10,0.0582637880027439,0.03812781460884124,0.05577288101997141
momentum_6_1_sector_neutral,2015-03-31,2,10,0.013705659388355839,-0.0048111983198902974,0.01121475240558335
momentum_6_1_sector_neutral,2015-03-31,3,10,0.02832568024593507,0.00010234436752598608,0.02583477326316258
momentum_6_1_sector_neutral,2015-03-31,4,10,0.01804993753866053,-0.0035767895852809595,0.015559030555888042
momentum_6_1_sector_neutral,2015-03-31,5,10,-0.022703784819679294,-0.03882366425010736,-0.025194691802451784
momentum_6_1_sector_neutral,2015-04-30,1,10,-0.0037480139133069914,-0.012824914255062603,0.017388776772177695
momentum_6_1_sector_neutral,2015-04-30,2,10,-0.010281242849303752,-0.006803960394539232,0.010855547836180934
momentum_6_1_sector_neutral,2015-04-30,3,10,-0.0021228920909009295,-0.007172250001763691,0.019013898594583755
momentum_6_1_sector_neutral,2015-04-30,4,10,-0.0009998490110298297,0.010720689301496389,0.020136941674454855
momentum_6_1_sector_neutral,2015-04-30,5,10,0.03198333747173189,0.008994023653099537,0.053120128157216576
momentum_6_1_sector_neutral,2015-05-29,1,10,0.023838682638756492,0.023367289103194078,-0.0021998127935690115
momentum_6_1_sector_neutral,2015-05-29,2,10,-0.00037759584315743,-0.014112684101465489,-0.026416091275482934
momentum_6_1_sector_neutral,2015-05-29,3,10,-0.027756719410915908,-0.03013925844345855,-0.053795214843241415
momentum_6_1_sector_neutral,2015-05-29,4,10,0.02194533485037319,0.028340954303135102,-0.0040931605819523155
momentum_6_1_sector_neutral,2015-05-29,5,10,0.007681102619951208,0.0010060936787718022,-0.018357392812374296
momentum_6_1_sector_neutral,2015-06-30,1,10,0.024464127899471767,-0.0034704411689167047,0.05839633195571341
momentum_6_1_sector_neutral,2015-06-30,2,10,0.007375651377198411,0.013993043054978949,0.04130785543344005
momentum_6_1_sector_neutral,2015-06-30,3,10,-0.030747169838692457,-0.0029867086683849076,0.0031850342175491876
momentum_6_1_sector_neutral,2015-06-30,4,10,-0.008116958005588393,-0.004205973126574669,0.025815246050653252
momentum_6_1_sector_neutral,2015-06-30,5,10,0.007513295529081343,-0.010923434062014459,0.04144549958532299
momentum_6_1_sector_neutral,2015-07-31,1,10,-0.0073404427511394085,-0.009076075699173902,-0.060874530495010716
momentum_6_1_sector_neutral,2015-07-31,2,10,-0.0026559059903977,0.00313827099504399,-0.05618999373426901
momentum_6_1_sector_neutral,2015-07-31,3,10,0.01909053423540631,-0.0009858181379145958,-0.034443553508464994
momentum_6_1_sector_neutral,2015-07-31,4,10,-0.01774956666506723,-0.006101364422428701,-0.07128365440893854
momentum_6_1_sector_neutral,2015-07-31,5,10,0.015400000145944847,0.008366294796488871,-0.038134087597926455
momentum_6_1_sector_neutral,2015-08-31,1,10,0.009961228063658257,0.004274563770765238,0.0022398345249337813
momentum_6_1_sector_neutral,2015-08-31,2,10,-0.003300842619400024,-0.003534637075606306,-0.011022236158124499
momentum_6_1_sector_neutral,2015-08-31,3,10,-0.026887178993001713,-0.01748423687294992,-0.03460857253172619
momentum_6_1_sector_neutral,2015-08-31,4,10,-0.0031540466150955736,0.012615154034610943,-0.010875440153820049
momentum_6_1_sector_neutral,2015-08-31,5,10,-0.025237471260871513,-0.015324548656144243,-0.03295886479959599
momentum_6_1_sector_neutral,2015-09-30,1,10,-0.00757017985450793,0.019836626339006402,0.08387223088170824
momentum_6_1_sector_neutral,2015-09-30,2,10,0.00768941206052356,-0.0021122244774997023,0.09913182279673974
momentum_6_1_sector_neutral,2015-09-30,3,10,0.00582926819256262,0.0064102002354952115,0.09727167892877879
momentum_6_1_sector_neutral,2015-09-30,4,10,-0.011693429402980338,-0.00046289827258183536,0.07974898133323584
momentum_6_1_sector_neutral,2015-09-30,5,10,-0.02430186450215166,-0.02215625856413128,0.06714054623406451
momentum_6_1_sector_neutral,2015-10-30,1,10,-0.03018957848126529,-0.017118645065148375,-0.00887342416157737
momentum_6_1_sector_neutral,2015-10-30,2,10,0.012743454806164234,0.006496834192044276,0.03405960912585215
momentum_6_1_sector_neutral,2015-10-30,3,10,-0.004581069222143741,0.00550961880098666,0.016735085097544178
momentum_6_1_sector_neutral,2015-10-30,4,10,0.0006736777338309463,-5.782128344089532e-05,0.021989832053518864
momentum_6_1_sector_neutral,2015-10-30,5,10,0.04047103054955818,0.028207737291474078,0.0617871848692461
momentum_6_1_sector_neutral,2015-11-30,1,10,0.006226566825408219,0.0101914388278187,0.014647098971502393
momentum_6_1_sector_neutral,2015-11-30,2,10,-0.0476392126640288,-0.03835406470162722,-0.039218680517934625
momentum_6_1_sector_neutral,2015-11-30,3,10,0.004286694668705016,-0.003957581174822922,0.012707226814799188
momentum_6_1_sector_neutral,2015-11-30,4,10,-0.007842757438902304,0.01065380277727479,0.0005777747071918693
momentum_6_1_sector_neutral,2015-11-30,5,10,0.00474879272982578,0.019068440369036432,0.013169324875919953
momentum_6_1_sector_neutral,2015-12-31,1,10,-0.02011294871828324,-0.024836249633556517,-0.09452917421663139
momentum_6_1_sector_neutral,2015-12-31,2,10,-0.00554256309298955,-0.017944746560083547,-0.07995878859133769
momentum_6_1_sector_neutral,2015-12-31,3,10,0.04770601242803264,0.037922848729649905,-0.026710213070315503
momentum_6_1_sector_neutral,2015-12-31,4,10,0.023111785137925077,0.035998614128547934,-0.051304440360423066
momentum_6_1_sector_neutral,2015-12-31,5,10,-0.016926731715206932,-0.00835278670350531,-0.09134295721355508
momentum_6_1_sector_neutral,2016-01-29,1,10,0.030828067277186077,0.01554464579637671,0.047586327289872735
momentum_6_1_sector_neutral,2016-01-29,2,10,-0.021118547615107286,-0.0016326987118712166,-0.004360287602420632
momentum_6_1_sector_neutral,2016-01-29,3,10,0.006894552435015744,-0.01805412595276029,0.023652812447702398
momentum_6_1_sector_neutral,2016-01-29,4,10,-0.0015656629219898076,-0.0017788270941917483,0.015192597090696846
momentum_6_1_sector_neutral,2016-01-29,5,10,-0.0035076771421335474,-0.007132396443028988,0.013250582870553107
momentum_6_1_sector_neutral,2016-02-29,1,10,0.009002037526652473,0.003910287968807213,0.08619462985595046
momentum_6_1_sector_neutral,2016-02-29,2,10,0.012936311076982076,0.014702148556102301,0.09012890340628006
momentum_6_1_sector_neutral,2016-02-29,3,10,-0.013120136250411096,-0.018265155017158752,0.06407245607888688
momentum_6_1_sector_neutral,2016-02-29,4,10,-0.004646327289552499,-0.014854317308050091,0.07254626503974548
momentum_6_1_sector_neutral,2016-02-29,5,10,0.013670326075481154,0.0055676285486251365,0.09086291840477914
momentum_6_1_sector_neutral,2016-03-31,1,10,0.012452830919768454,0.03244697163518517,0.023808307982241983
momentum_6_1_sector_neutral,2016-03-31,2,10,-0.026121827653575912,-0.0341990526641775,-0.014766350591102383
momentum_6_1_sector_neutral,2016-03-31,3,10,0.022975917976479566,0.019604097180383695,0.03433139503895309
momentum_6_1_sector_neutral,2016-03-31,4,10,-0.015205818734784748,-0.009770420938837343,-0.0038503416723112195
momentum_6_1_sector_neutral,2016-03-31,5,10,0.008058135994801107,0.003519621500594039,0.019413613057274636
momentum_6_1_sector_neutral,2016-04-29,1,10,-0.01499508768847252,-0.024159559662287555,-0.0029430138692369545
momentum_6_1_sector_neutral,2016-04-29,2,10,0.02316222183879695,0.012183548364994246,0.03521429565803251
momentum_6_1_sector_neutral,2016-04-29,3,10,0.0037863639086020084,-0.0020457514450072933,0.015838437727837572
momentum_6_1_sector_neutral,2016-04-29,4,10,-0.008850922416984408,0.00354055982423529,0.0032011514022511566
momentum_6_1_sector_neutral,2016-04-29,5,10,0.03296074055381924,-0.0005108304162365629,0.04501281437305481
momentum_6_1_sector_neutral,2016-05-31,1,10,-0.031843977932304104,-0.03528499047059114,-0.033140230570961174
momentum_6_1_sector_neutral,2016-05-31,2,10,0.002346197497560132,0.005491411597954632,0.0010499448589030625
momentum_6_1_sector_neutral,2016-05-31,3,10,-0.016590049479938897,-0.012848008260768096,-0.017886302118595966
momentum_6_1_sector_neutral,2016-05-31,4,10,-0.004470276795670203,-0.016360505515181256,-0.005766529434327272
momentum_6_1_sector_neutral,2016-05-31,5,10,0.01817836305030136,0.018785336973394906,0.01688211041164429
momentum_6_1_sector_neutral,2016-06-30,1,10,0.01203523741932433,0.018705244738667637,0.05913111587493769
momentum_6_1_sector_neutral,2016-06-30,2,10,-5.380428433987561e-05,-0.000663690284660623,0.047042074171273485
momentum_6_1_sector_neutral,2016-06-30,3,10,-0.01366337208381393,-0.02653938473621098,0.03343250637179943
momentum_6_1_sector_neutral,2016-06-30,4,10,0.012256166126820078,0.0168919358884555,0.05935204458243344
momentum_6_1_sector_neutral,2016-06-30,5,10,-0.007336290669830037,-0.022015876710468563,0.039759587785783326
momentum_6_1_sector_neutral,2016-07-29,1,10,0.0074765126735761075,0.010762481060311968,0.018214970907224716
momentum_6_1_sector_neutral,2016-07-29,2,10,-0.0032431050472976454,0.000843967583409877,0.007495353186350961
momentum_6_1_sector_neutral,2016-07-29,3,10,0.00934264676124381,-0.010121140929522654,0.020081104994892417
momentum_6_1_sector_neutral,2016-07-29,4,10,0.003553632560738762,0.007835437846606008,0.014292090794387369
momentum_6_1_sector_neutral,2016-07-29,5,10,-0.011919232596617313,-0.01068010964130317,-0.0011807743629687062
momentum_6_1_sector_neutral,2016-08-31,1,10,-0.0202700880864364,-0.014197257224063842,-0.01583903393519128
momentum_6_1_sector_neutral,2016-08-31,2,10,0.0041200937347115165,-0.0031717136621466357,0.008551147885956633
momentum_6_1_sector_neutral,2016-08-31,3,10,-0.020234666158949054,-0.026434380593664153,-0.015803612007703936
momentum_6_1_sector_neutral,2016-08-31,4,10,0.023156855415549227,0.018326477253689744,0.027587909566794345
momentum_6_1_sector_neutral,2016-08-31,5,10,0.012096306870509888,0.008520658617435783,0.016527361021755005
momentum_6_1_sector_neutral,2016-09-30,1,10,0.03783968267160466,0.01764508546129151,0.02330724471256419
momentum_6_1_sector_neutral,2016-09-30,2,10,-0.009182880283766093,0.006068162439085534,-0.02371531824280656
momentum_6_1_sector_neutral,2016-09-30,3,10,-0.004002020398617812,-0.01771863871939472,-0.018534458357658278
momentum_6_1_sector_neutral,2016-09-30,4,10,-0.005095506402627526,-0.007226517041451719,-0.019627944361667992
momentum_6_1_sector_neutral,2016-09-30,5,10,0.0009348667493106144,0.0032510572736602072,-0.013597571209729853
momentum_6_1_sector_neutral,2016-10-31,1,10,0.014632223954463475,0.023122213542234205,0.04480078459588085
momentum_6_1_sector_neutral,2016-10-31,2,10,0.030474238899295625,0.030160149005766357,0.060642799540713
momentum_6_1_sector_neutral,2016-10-31,3,10,-0.026607095939705127,-0.02151717943056025,0.0035614647017122468
momentum_6_1_sector_neutral,2016-10-31,4,10,-0.02536802294194652,-0.06759614799747421,0.0048005376994708525
momentum_6_1_sector_neutral,2016-10-31,5,10,0.0434850882704214,-0.00955221500676029,0.07365364891183877
momentum_6_1_sector_neutral,2016-11-30,1,10,-0.002049530523936727,0.0010744170590667457,0.020224565379224367
momentum_6_1_sector_neutral,2016-11-30,2,10,0.010808284887763165,0.0009015366245845868,0.03308238079092426
momentum_6_1_sector_neutral,2016-11-30,3,10,0.010390022846948399,0.007405134231609045,0.032664118750109494
momentum_6_1_sector_neutral,2016-11-30,4,10,-0.00027531769735502645,0.0007230672984368525,0.02199877820580607
momentum_6_1_sector_neutral,2016-11-30,5,10,0.006447989806312826,-0.011698791729189861,0.028722085709473922
momentum_6_1_sector_neutral,2016-12-30,1,10,0.029707593148848188,0.008080599734218374,0.052435025501623045
momentum_6_1_sector_neutral,2016-12-30,2,10,0.02499728541868772,0.009955324609561056,0.047724717771462574
momentum_6_1_sector_neutral,2016-12-30,3,10,-0.02016092363946457,-0.03697464762444869,0.002566508713310289
momentum_6_1_sector_neutral,2016-12-30,4,10,-0.009594381018320487,-0.004732235521056505,0.01313305133445437
momentum_6_1_sector_neutral,2016-12-30,5,10,-0.0028439121392713094,0.012178200550145957,0.019883520213503546
momentum_6_1_sector_neutral,2017-01-31,1,10,0.023581719544740844,0.022270757100348426,0.07175811576457877
momentum_6_1_sector_neutral,2017-01-31,2,10,0.0038179440639568795,-0.007751356847054303,0.051994340283794814
momentum_6_1_sector_neutral,2017-01-31,3,10,0.004557052301015163,-0.0005504223864705171,0.0527334485208531
momentum_6_1_sector_neutral,2017-01-31,4,10,-0.018945862383784838,-0.018230905989263024,0.029230533836053098
momentum_6_1_sector_neutral,2017-01-31,5,10,-0.013384508089627534,-0.005167159611766725,0.034791888130210405
momentum_6_1_sector_neutral,2017-02-28,1,10,0.005311013696387734,0.005053550498793191,0.010231078456542564
momentum_6_1_sector_neutral,2017-02-28,2,10,0.005257815221396933,-0.004770010398644331,0.010177879981551763
momentum_6_1_sector_neutral,2017-02-28,3,10,0.0005605787552791397,0.006198102858081311,0.005480643515433969
momentum_6_1_sector_neutral,2017-02-28,4,10,0.004541345502184236,0.008109821069522627,0.009461410262339065
momentum_6_1_sector_neutral,2017-02-28,5,10,-0.006724897536056018,-0.019875542668544077,-0.0018048327759011885
momentum_6_1_sector_neutral,2017-03-31,1,10,0.005088192896323296,0.01857913504159625,0.03330757044940254
momentum_6_1_sector_neutral,2017-03-31,2,10,-0.002777940323260275,-0.0006609601481689653,0.025441437229818963
momentum_6_1_sector_neutral,2017-03-31,3,10,-0.015605905020447609,-0.03755326513248797,0.01261347253263163
momentum_6_1_sector_neutral,2017-03-31,4,10,-0.0026953193971637423,0.018192435245626637,0.025524058155915498
momentum_6_1_sector_neutral,2017-03-31,5,10,0.002311726763442601,0.0,0.03053110431652184
momentum_6_1_sector_neutral,2017-04-28,1,10,0.010650497086566957,0.01188004923230035,0.0360655195071784
momentum_6_1_sector_neutral,2017-04-28,2,10,-0.009110124457064517,0.005908536587109436,0.01630489796354693
momentum_6_1_sector_neutral,2017-04-28,3,10,-0.007548309345316473,-0.007933145063162561,0.01786671307529497
momentum_6_1_sector_neutral,2017-04-28,4,10,-0.018173558381387546,-0.011134896411280737,0.0072414640392239
momentum_6_1_sector_neutral,2017-04-28,5,10,0.022567737355324524,-0.025523340973538422,0.04798275977593597
momentum_6_1_sector_neutral,2017-05-31,1,10,-0.0056334766314437455,-0.002796274332628801,-0.00981661339766281
momentum_6_1_sector_neutral,2017-05-31,2,10,0.019543501602492307,0.004295086485673838,0.015360364836273243
momentum_6_1_sector_neutral,2017-05-31,3,10,0.03486001816513009,0.010537662868549014,0.030676881398911025
momentum_6_1_sector_neutral,2017-05-31,4,10,0.005434433778388437,0.00089360052711146,0.0012512970121693722
momentum_6_1_sector_neutral,2017-05-31,5,10,-0.0006378564389543318,-0.0035323801109858888,-0.0048209932051733965
momentum_6_1_sector_neutral,2017-06-30,1,10,-0.010800177247048081,-0.007900018574672818,0.011006260976955774
momentum_6_1_sector_neutral,2017-06-30,2,10,0.0017629285591195143,0.008273083029289863,0.02356936678312337
momentum_6_1_sector_neutral,2017-06-30,3,10,-0.00590352563605413,-0.0032519797916420456,0.015902912587949725
momentum_6_1_sector_neutral,2017-06-30,4,10,0.0007551849871133886,0.0004999824723572743,0.022561623211117245
momentum_6_1_sector_neutral,2017-06-30,5,10,0.03645704042347803,0.04517776646625116,0.05826347864748188
momentum_6_1_sector_neutral,2017-07-31,1,10,-0.02034294997623698,-0.012875528520619961,-0.020993705156549747
momentum_6_1_sector_neutral,2017-07-31,2,10,-0.012717760372347564,0.009498610056856593,-0.013368515552660332
momentum_6_1_sector_neutral,2017-07-31,3,10,-0.018652838084429125,-0.013596592352040304,-0.019303593264741892
momentum_6_1_sector_neutral,2017-07-31,4,10,0.0282841294345025,0.01955142515166164,0.027633374254189734
momentum_6_1_sector_neutral,2017-07-31,5,10,0.019154019514355837,0.01909949981379122,0.01850326433404307
momentum_6_1_sector_neutral,2017-08-31,1,10,0.03415535031894525,0.04790866371622049,0.055158991813910284
momentum_6_1_sector_neutral,2017-08-31,2,10,0.0153580816815583,0.016226668891116014,0.03636172317652333
momentum_6_1_sector_neutral,2017-08-31,3,10,0.013792248432891674,0.014217889190627941,0.034795889927856705
momentum_6_1_sector_neutral,2017-08-31,4,10,-0.004236241619748249,-0.03259207720725632,0.016767399875216783
momentum_6_1_sector_neutral,2017-08-31,5,10,-0.004391023702229291,-0.009201687965940675,0.01661261779273574
momentum_6_1_sector_neutral,2017-09-29,1,10,-0.03583671468809295,-0.03088698274116175,0.003121019258176716
momentum_6_1_sector_neutral,2017-09-29,2,10,-0.006493787962516517,-0.00750902298185141,0.03246394598375315
momentum_6_1_sector_neutral,2017-09-29,3,10,0.014959242445552723,0.023711837709247785,0.05391697639182239
momentum_6_1_sector_neutral,2017-09-29,4,10,0.018931819560616514,0.0027649224892394297,0.05788955350688618
momentum_6_1_sector_neutral,2017-09-29,5,10,0.006565897380892793,0.019361355136289005,0.04552363132716246
momentum_6_1_sector_neutral,2017-10-31,1,10,0.04079280004890469,0.012087177672352567,0.06983113274039128
momentum_6_1_sector_neutral,2017-10-31,2,10,0.009472756730768838,-0.006654358604879729,0.03851108942225543
momentum_6_1_sector_neutral,2017-10-31,3,10,0.006546228794740072,-0.0005375089325959648,0.035584561486226664
momentum_6_1_sector_neutral,2017-10-31,4,10,0.013290021937647412,0.008573816950137925,0.042328354629134
momentum_6_1_sector_neutral,2017-10-31,5,10,-0.022246483119467288,-0.010549814016934111,0.006791849572019304
momentum_6_1_sector_neutral,2017-11-30,1,10,0.01094750718524241,0.010709137836955374,0.032067573089072834
momentum_6_1_sector_neutral,2017-11-30,2,10,-0.0023219926282498473,0.00030719372670728884,0.018798073275580574
momentum_6_1_sector_neutral,2017-11-30,3,10,-1.0498129183245108e-05,-0.0034540731194506735,0.021109567774647175
momentum_6_1_sector_neutral,2017-11-30,4,10,-0.0019176386741230234,-0.011125756225081385,0.019202427229707397
momentum_6_1_sector_neutral,2017-11-30,5,10,0.015528130724364353,0.007253624168278572,0.036648196628194775
momentum_6_1_sector_neutral,2017-12-29,1,10,-0.025175831165698315,-0.02154778788519296,0.04148701010527879
momentum_6_1_sector_neutral,2017-12-29,2,10,-0.030288764748853114,-0.0072673581355614525,0.03637407652212399
momentum_6_1_sector_neutral,2017-12-29,3,10,-0.007870913204368358,-0.03008334221618203,0.05879192806660875
momentum_6_1_sector_neutral,2017-12-29,4,10,-0.004164106254362943,0.0020813831583847975,0.06249873501661416
momentum_6_1_sector_neutral,2017-12-29,5,10,0.08465939133321661,0.03223461419723983,0.1513222326041937
momentum_6_1_sector_neutral,2018-01-31,1,10,-0.008828916867804616,-0.0020292852962673358,-0.060502052930402936
momentum_6_1_sector_neutral,2018-01-31,2,10,-0.014290624682228026,-0.01309616626053961,-0.06596376074482635
momentum_6_1_sector_neutral,2018-01-31,3,10,0.023695561677409736,0.02171101517070989,-0.027977574385188587
momentum_6_1_sector_neutral,2018-01-31,4,10,0.004579029658642819,0.011417492603886858,-0.047094106403955505
momentum_6_1_sector_neutral,2018-01-31,5,10,0.0025153441136044454,0.013847715094288338,-0.049157791948993876
momentum_6_1_sector_neutral,2018-02-28,1,10,-0.02586110631435713,-0.00606161491393109,-0.04790837954385331
momentum_6_1_sector_neutral,2018-02-28,2,10,0.007468676716039124,0.01641991941330867,-0.014578596513457054
momentum_6_1_sector_neutral,2018-02-28,3,10,-0.0024981414310717544,0.013958601629536938,-0.02454541466056793
momentum_6_1_sector_neutral,2018-02-28,4,10,0.012855149214298155,0.0020021597413536485,-0.009192124015198023
momentum_6_1_sector_neutral,2018-02-28,5,10,-0.020421485115283487,-0.019637001065725468,-0.042468758344779665
momentum_6_1_sector_neutral,2018-03-29,1,10,0.0284695592137169,0.03618354731233253,0.03143756742643482
momentum_6_1_sector_neutral,2018-03-29,2,10,0.004908624271675832,-0.013737789793033528,0.007876632484393752
momentum_6_1_sector_neutral,2018-03-29,3,10,0.005722522216550718,-0.004912522057060498,0.00869053042926864
momentum_6_1_sector_neutral,2018-03-29,4,10,0.0009281259670280706,-0.004094621632519224,0.0038961341797459914
momentum_6_1_sector_neutral,2018-03-29,5,10,0.020507617584714966,0.027026957528031637,0.023475625797432887
momentum_6_1_sector_neutral,2018-04-30,1,10,-0.010715313052255992,-0.01336004973694993,0.02497256973082156
momentum_6_1_sector_neutral,2018-04-30,2,10,-0.0033448729235879713,-0.009032581893795855,0.03234300985948958
momentum_6_1_sector_neutral,2018-04-30,3,10,0.00566931666653483,-0.02899948852404255,0.04135719944961238
momentum_6_1_sector_neutral,2018-04-30,4,10,0.0031347376613071855,0.010449136257721259,0.03882262044438474
momentum_6_1_sector_neutral,2018-04-30,5,10,0.021488093557919495,0.019811253144211727,0.057175976340997046
momentum_6_1_sector_neutral,2018-05-31,1,10,0.01907700210411355,0.002517986513094872,0.032316305093883044
momentum_6_1_sector_neutral,2018-05-31,2,10,-0.014251647390290768,-0.008587351338158133,-0.00101234440052127
momentum_6_1_sector_neutral,2018-05-31,3,10,-0.005531140289700786,0.002143921075215993,0.007708162700068711
momentum_6_1_sector_neutral,2018-05-31,4,10,-0.02073487828700158,-0.01994927201190405,-0.007495575297232082
momentum_6_1_sector_neutral,2018-05-31,5,10,0.019470587349405256,0.02013796127268641,0.03270989033917475
momentum_6_1_sector_neutral,2018-06-29,1,10,-0.015072078947370993,0.008785940454335228,0.03104569236333805
momentum_6_1_sector_neutral,2018-06-29,2,10,-0.00442675398159621,0.00675961886669596,0.04169101732911283
momentum_6_1_sector_neutral,2018-06-29,3,10,0.02816676934233574,0.029923690617244314,0.07428454065304478
momentum_6_1_sector_neutral,2018-06-29,4,10,0.0021923445493249984,-0.0029600549473087767,0.048310115860034045
momentum_6_1_sector_neutral,2018-06-29,5,10,-0.02922363303880259,-0.008875111535931346,0.016894138271906455
momentum_6_1_sector_neutral,2018-07-31,1,10,0.01518334051807425,0.004530597207706766,0.04358083356769861
momentum_6_1_sector_neutral,2018-07-31,2,10,-0.011014916816183763,-0.007257392813350361,0.017382576233440594
momentum_6_1_sector_neutral,2018-07-31,3,10,-0.02719948544868439,-0.029088223781511158,0.0011980076009399654
momentum_6_1_sector_neutral,2018-07-31,4,10,0.013268736480499154,0.00907115516915169,0.041666229530123514
momentum_6_1_sector_neutral,2018-07-31,5,10,0.048372234981752624,0.04826317723643492,0.07676972803137698
momentum_6_1_sector_neutral,2018-08-31,1,10,0.003890846784152702,0.005830411894658827,0.02413457327024766
momentum_6_1_sector_neutral,2018-08-31,2,10,0.01313103355219979,0.007914642807954397,0.033374760038294746
momentum_6_1_sector_neutral,2018-08-31,3,10,-0.025601053506736325,-0.02513937973838587,-0.005357327020641367
momentum_6_1_sector_neutral,2018-08-31,4,10,-0.003976313917598095,-0.004169459602336167,0.016267412568496863
momentum_6_1_sector_neutral,2018-08-31,5,10,0.0125491515442685,0.003240946129153821,0.03279287803036346
momentum_6_1_sector_neutral,2018-09-28,1,10,0.009204880981271257,-0.0022307092111242266,-0.0853427729959208
momentum_6_1_sector_neutral,2018-09-28,2,10,0.015610216668773224,0.02234187293353579,-0.07893743730841883
momentum_6_1_sector_neutral,2018-09-28,3,10,0.0820531596762675,0.07777797412336007,-0.012494494300924575
momentum_6_1_sector_neutral,2018-09-28,4,10,-0.03252016146154883,-0.04283277168418881,-0.12706781543874088
momentum_6_1_sector_neutral,2018-09-28,5,10,-0.024533600856093362,-0.021045913346666445,-0.11908125483328544
momentum_6_1_sector_neutral,2018-10-31,1,10,-0.008605716150272214,0.002965153076945226,0.033857006366947065
momentum_6_1_sector_neutral,2018-10-31,2,10,0.007581191756573491,0.006679572203549644,0.05004391427379277
momentum_6_1_sector_neutral,2018-10-31,3,10,-0.02265490366762938,0.009356792476765352,0.019807818849589896
momentum_6_1_sector_neutral,2018-10-31,4,10,-0.005815930039499628,-0.0048837343954523105,0.036646792477719646
momentum_6_1_sector_neutral,2018-10-31,5,10,-0.05154415234810602,-0.03832575294767476,-0.009081429830886745
momentum_6_1_sector_neutral,2018-11-30,1,10,0.008127916162391436,0.00917570713201038,-0.09555838712656474
momentum_6_1_sector_neutral,2018-11-30,2,10,-0.005567187794911943,-0.01344509466538013,-0.1092534910838681
momentum_6_1_sector_neutral,2018-11-30,3,10,0.008069766744497919,0.0013563646935367268,-0.09561653654445826
momentum_6_1_sector_neutral,2018-11-30,4,10,0.001961960738354618,-0.004646020199546019,-0.10172434255060155
momentum_6_1_sector_neutral,2018-11-30,5,10,0.005705136624698626,0.031501047975999674,-0.09798116666425755
momentum_6_1_sector_neutral,2018-12-31,1,10,0.04395029240734807,0.0220899894200407,0.11244821966889554
momentum_6_1_sector_neutral,2018-12-31,2,10,0.016063514941472845,0.009329579985135061,0.08456144220302031
momentum_6_1_sector_neutral,2018-12-31,3,10,-0.015328745136190291,-0.026535584358832742,0.05316918212535717
momentum_6_1_sector_neutral,2018-12-31,4,10,-0.02037220245280478,-0.007143587967225584,0.048125724808742686
momentum_6_1_sector_neutral,2018-12-31,5,10,-0.026442004009312504,-0.036530964112396314,0.042055923252234964
momentum_6_1_sector_neutral,2019-01-31,1,10,-0.015310807323793862,-0.026980625799852165,0.023889696196514265
momentum_6_1_sector_neutral,2019-01-31,2,10,-0.01512804835678394,-0.0024922974199015346,0.024072455163524187
momentum_6_1_sector_neutral,2019-01-31,3,10,-0.005964264661879115,-0.006384874470992008,0.03323623885842901
momentum_6_1_sector_neutral,2019-01-31,4,10,0.024049144788927057,0.026085858318490418,0.06324964830923518
momentum_6_1_sector_neutral,2019-01-31,5,10,-0.004723785272715253,-0.014162687319878575,0.03447671824759287
momentum_6_1_sector_neutral,2019-02-28,1,10,0.031486913315835766,0.031050655001998106,0.06157456477991731
momentum_6_1_sector_neutral,2019-02-28,2,10,-0.01118869585198543,-0.005749526986323805,0.018898955612096112
momentum_6_1_sector_neutral,2019-02-28,3,10,-0.03173910700605551,-0.030867047409809112,-0.0016514555419739675
momentum_6_1_sector_neutral,2019-02-28,4,10,-0.006604752737005925,0.0049891318367890625,0.023482898727075617
momentum_6_1_sector_neutral,2019-02-28,5,10,0.003598057514182007,0.0015484827181291294,0.03368570897826355
momentum_6_1_sector_neutral,2019-03-29,1,10,0.03274508781087082,-0.0077078477179565175,0.07567088699949709
momentum_6_1_sector_neutral,2019-03-29,2,10,0.012185253646507067,-0.0004930098174714681,0.05511105283513333
momentum_6_1_sector_neutral,2019-03-29,3,10,-0.0001532889256949832,-0.000882043699649504,0.04277251026293129
momentum_6_1_sector_neutral,2019-03-29,4,10,0.009112064157708466,0.012877918709377711,0.052037863346334735
momentum_6_1_sector_neutral,2019-03-29,5,10,-0.02223319109215699,-0.005342943468255035,0.020692608096469278
momentum_6_1_sector_neutral,2019-04-30,1,10,-0.05384371422071643,-0.04493728977869965,-0.10592514025653998
momentum_6_1_sector_neutral,2019-04-30,2,10,0.002470495924857208,-0.010162192057622366,-0.049610930110966345
momentum_6_1_sector_neutral,2019-04-30,3,10,0.009923493880451583,0.008997596666160457,-0.04215793215537197
momentum_6_1_sector_neutral,2019-04-30,4,10,-0.005403155625916633,0.00775647088447351,-0.05748458166174018
momentum_6_1_sector_neutral,2019-04-30,5,10,0.004640506673906752,0.03191889274567716,-0.0474409193619168
momentum_6_1_sector_neutral,2019-05-31,1,10,0.0024444626222132394,-0.0017026247508079573,0.09144674457955873
momentum_6_1_sector_neutral,2019-05-31,2,10,0.006322363548871146,0.0030719126279946662,0.09532464550621664
momentum_6_1_sector_neutral,2019-05-31,3,10,-0.02123692141514354,-0.019158839136870554,0.06776536054220196
momentum_6_1_sector_neutral,2019-05-31,4,10,-0.010594825464149627,-0.004873878463106718,0.07840745649319587
momentum_6_1_sector_neutral,2019-05-31,5,10,0.021392846291465983,0.004429354255676032,0.11039512824881148
momentum_6_1_sector_neutral,2019-06-28,1,10,0.01586076222465941,0.011720983345485991,0.05195628904231423
momentum_6_1_sector_neutral,2019-06-28,2,10,-0.003720550167711845,0.0014577391070214052,0.032374976649942974
momentum_6_1_sector_neutral,2019-06-28,3,10,-0.009987961941851609,-0.010132588993717717,0.026107564875803214
momentum_6_1_sector_neutral,2019-06-28,4,10,-0.007107715911746204,0.006065203935488261,0.028987810905908618
momentum_6_1_sector_neutral,2019-06-28,5,10,-0.02880394310672768,-0.013706692881669036,0.007291583710927141
momentum_6_1_sector_neutral,2019-07-31,1,10,-0.013017186821381976,-0.010061268630921938,-0.024204349114422652
momentum_6_1_sector_neutral,2019-07-31,2,10,-0.0635676391524885,-0.06615411483232397,-0.07475480144552918
momentum_6_1_sector_neutral,2019-07-31,3,10,0.0138900185055984,0.0034964555057105384,0.002702856212557725
momentum_6_1_sector_neutral,2019-07-31,4,10,0.04707410192912418,0.056960613099465374,0.035886939636083505
momentum_6_1_sector_neutral,2019-07-31,5,10,0.003281769544828317,-0.01029057338635625,-0.007905392748212359
momentum_6_1_sector_neutral,2019-08-30,1,10,0.016095808026059255,0.01554761484179945,0.022819660434073907
momentum_6_1_sector_neutral,2019-08-30,2,10,0.01950941887976726,0.025697441562065215,0.026233271287781912
momentum_6_1_sector_neutral,2019-08-30,3,10,0.017235467657302717,0.021959329709355768,0.02395932006531737
momentum_6_1_sector_neutral,2019-08-30,4,10,-0.02285808828430781,-0.03017254440578887,-0.016134235876293156
momentum_6_1_sector_neutral,2019-08-30,5,10,-0.031766448578127784,-0.04315154678110916,-0.02504259617011313
momentum_6_1_sector_neutral,2019-09-30,1,10,0.06527524451288504,0.034995715148179674,0.08138460783991876
momentum_6_1_sector_neutral,2019-09-30,2,10,0.002813447820879789,-0.003635563731903435,0.01892281114791351
momentum_6_1_sector_neutral,2019-09-30,3,10,-0.00025441305704460015,-0.016908025904917467,0.01585495026998912
momentum_6_1_sector_neutral,2019-09-30,4,10,0.0037589457174366236,0.007059887515357355,0.019868309044470345
momentum_6_1_sector_neutral,2019-09-30,5,10,-0.01053221407121745,-0.005919751644742344,0.005577149255816272
momentum_6_1_sector_neutral,2019-10-31,1,10,0.008996295778920527,0.01632490848918744,0.03704229677377807
momentum_6_1_sector_neutral,2019-10-31,2,10,0.014846524560569086,0.00984907733424345,0.04289252555542663
momentum_6_1_sector_neutral,2019-10-31,3,10,-0.005031421843581685,-0.011995574481873494,0.02301457915127586
momentum_6_1_sector_neutral,2019-10-31,4,10,0.00615162772714164,-0.010390777606573254,0.03419762872199918
momentum_6_1_sector_neutral,2019-10-31,5,10,-0.009342154824998583,-0.00328718802247574,0.018703846169858963
momentum_6_1_sector_neutral,2019-11-29,1,10,-0.0011097581311659166,-0.0004735108449774872,0.02606193969860111
momentum_6_1_sector_neutral,2019-11-29,2,10,0.015795817594343498,0.0015292186815867304,0.04296751542411052
momentum_6_1_sector_neutral,2019-11-29,3,10,0.006600201931357819,0.004455025396134071,0.033771899761124845
momentum_6_1_sector_neutral,2019-11-29,4,10,-0.0023645670600930925,-0.005346623186970767,0.024807130769673936
momentum_6_1_sector_neutral,2019-11-29,5,10,0.024857934729444996,0.0007911576954728883,0.05202963255921202
momentum_6_1_sector_neutral,2019-12-31,1,10,0.014145992587671163,0.011704452897177864,0.007558200835837614
momentum_6_1_sector_neutral,2019-12-31,2,10,0.01766290693486009,0.029902656194596533,0.01107511518302654
momentum_6_1_sector_neutral,2019-12-31,3,10,0.00979927726044385,-0.018096263508224908,0.003211485508610301
momentum_6_1_sector_neutral,2019-12-31,4,10,-0.005853875425881417,-0.004448191828590187,-0.012441667177714966
momentum_6_1_sector_neutral,2019-12-31,5,10,0.022898025655806085,-0.052446407758854896,0.016310233903972536
return_3m_sector_neutral,2014-04-30,1,10,0.02905788261225064,0.005168805581663327,0.05456330255833244
return_3m_sector_neutral,2014-04-30,2,10,0.0033454510032690844,0.0005812679522056996,0.028850870949350883
return_3m_sector_neutral,2014-04-30,3,10,-0.00655706733465875,-0.0002478649326335125,0.018948352611423046
return_3m_sector_neutral,2014-04-30,4,10,0.0016782397024682205,-0.0044409152631028626,0.027183659648550018
return_3m_sector_neutral,2014-04-30,5,10,-0.0012251187643193772,-0.006020578663875953,0.024280301181762422
return_3m_sector_neutral,2014-05-30,1,10,0.006937425040220146,-0.005949523900994014,0.026101425249236133
return_3m_sector_neutral,2014-05-30,2,10,0.0009100712186565052,0.0033464483103368137,0.02007407142767249
return_3m_sector_neutral,2014-05-30,3,10,0.00026042124694890533,-0.005817659475912285,0.01942442145596489
return_3m_sector_neutral,2014-05-30,4,10,0.006961866400225369,0.004060001413146552,0.026125866609241356
return_3m_sector_neutral,2014-05-30,5,10,0.002320212002801125,0.0031323323713129403,0.02148421221181711
return_3m_sector_neutral,2014-06-30,1,10,-0.006798843184823678,0.005851114563312554,0.0009573137429300993
return_3m_sector_neutral,2014-06-30,2,10,0.0019089367817937241,0.002405618028421208,0.0096650937095475
return_3m_sector_neutral,2014-06-30,3,10,0.000936370313241408,0.005038337062215237,0.008692527240995184
return_3m_sector_neutral,2014-06-30,4,10,0.0031333033534374556,0.0005247306973427124,0.010889460281191232
return_3m_sector_neutral,2014-06-30,5,10,-0.022532650267304777,-0.025660210729039623,-0.014776493339551
return_3m_sector_neutral,2014-07-31,1,10,-0.004961194994090701,-0.009049932093131985,0.036876964452019656
return_3m_sector_neutral,2014-07-31,2,10,0.011562450287018633,0.013788097717131298,0.05340060973312899
return_3m_sector_neutral,2014-07-31,3,10,0.014822013373011788,0.01106606272873989,0.05666017281912215
return_3m_sector_neutral,2014-07-31,4,10,-0.021749093624556647,-0.01616094720527217,0.02008906582155371
return_3m_sector_neutral,2014-07-31,5,10,0.04078636657240298,0.030839329544547933,0.08262452601851333
return_3m_sector_neutral,2014-08-29,1,10,-0.008269360623083777,-0.010756147759375001,-0.004252146463224993
return_3m_sector_neutral,2014-08-29,2,10,-0.004693646421089381,0.006586008239787833,-0.0006764322612305973
return_3m_sector_neutral,2014-08-29,3,10,-0.017049892496120368,-0.015770229690037718,-0.013032678336261583
return_3m_sector_neutral,2014-08-29,4,10,-0.011480722290487777,0.0031290301129885956,-0.007463508130628993
return_3m_sector_neutral,2014-08-29,5,10,-0.006869612538797943,0.005853626939144263,-0.002852398378939158
return_3m_sector_neutral,2014-09-30,1,10,-0.01921969185618715,-0.0020425683315412613,-0.008807160613684407
return_3m_sector_neutral,2014-09-30,2,10,-0.01862127012551067,-0.016043909748023166,-0.008208738883007927
return_3m_sector_neutral,2014-09-30,3,10,-0.017446269152484206,-0.01243598425975695,-0.007033737909981463
return_3m_sector_neutral,2014-09-30,4,10,0.016087734294168755,0.0066466016694888275,0.026500265536671497
return_3m_sector_neutral,2014-09-30,5,10,0.011395397138611185,0.011838934086146669,0.02180792838111393
return_3m_sector_neutral,2014-10-31,1,10,-0.011977724231470454,-0.005184252381462362,0.03173434241678554
return_3m_sector_neutral,2014-10-31,2,10,-0.009575824239305086,-0.009683381745140829,0.03413624240895091
return_3m_sector_neutral,2014-10-31,3,10,-0.016194464918688367,-0.007659233526792653,0.02751760172956763
return_3m_sector_neutral,2014-10-31,4,10,-0.010456575897751997,0.0015820450000708641,0.033255490750504005
return_3m_sector_neutral,2014-10-31,5,10,0.014084366678020488,0.01655038452639801,0.057796433326276486
return_3m_sector_neutral,2014-11-28,1,10,-0.042824439111914546,-0.04862015677385062,-0.02077501622889418
return_3m_sector_neutral,2014-11-28,2,10,-0.0022328389503215697,0.002098791336317407,0.019816583932698795
return_3m_sector_neutral,2014-11-28,3,10,-0.008126782380781239,0.0005405768859461091,0.013922640502239125
return_3m_sector_neutral,2014-11-28,4,10,0.016221115810954877,0.020782614935605737,0.038270538693975245
return_3m_sector_neutral,2014-11-28,5,10,-0.013660731487335409,-0.002169803958994021,0.008388691395684955
return_3m_sector_neutral,2014-12-31,1,10,0.017257304220271153,-0.01642147921602871,0.008335117203454357
return_3m_sector_neutral,2014-12-31,2,10,-0.031646754675651645,-0.020799154976042455,-0.04056894169246844
return_3m_sector_neutral,2014-12-31,3,10,0.018307028430537397,0.017351692680024566,0.0093848414137206
return_3m_sector_neutral,2014-12-31,4,10,-0.00028684748363128065,0.007428602420325503,-0.009209034500448077
return_3m_sector_neutral,2014-12-31,5,10,-0.005262128257479981,-0.0056469568768185985,-0.014184315274296777
return_3m_sector_neutral,2015-01-30,1,10,0.006747571375346295,0.007253342598958379,0.0672264312019488
return_3m_sector_neutral,2015-01-30,2,10,-0.014081621738720008,-0.014556097629861986,0.0463972380878825
return_3m_sector_neutral,2015-01-30,3,10,-0.017929768402233683,-0.01640123238132607,0.04254909142436882
return_3m_sector_neutral,2015-01-30,4,10,-0.0036736400966539294,0.001438864617844926,0.05680521972994858
return_3m_sector_neutral,2015-01-30,5,10,0.0152892718641655,0.01774238758036384,0.075768131690768
return_3m_sector_neutral,2015-02-27,1,10,-0.006676898102586881,-0.007146516686081683,-0.01639521224677488
return_3m_sector_neutral,2015-02-27,2,10,-0.01029332053791352,-0.0008254644933695099,-0.02001163468210152
return_3m_sector_neutral,2015-02-27,3,10,0.006693280585258287,0.0026145642621908105,-0.0030250335589297127
return_3m_sector_neutral,2015-02-27,4,10,0.0012754062807597167,0.00404624916127172,-0.008442907863428283
return_3m_sector_neutral,2015-02-27,5,10,0.010930658905175684,0.016557077684232313,0.0012123447609876826
return_3m_sector_neutral,2015-03-31,1,10,0.06303745433641797,0.03855141759571551,0.060546547353645466
return_3m_sector_neutral,2015-03-31,2,10,0.0053158248946659995,-0.002731015428513117,0.0028249179118935096
return_3m_sector_neutral,2015-03-31,3,10,0.016055074732294304,0.024282508374247225,0.013564167749521816
return_3m_sector_neutral,2015-03-31,4,10,-0.0011668348447833043,-0.005491620954541809,-0.003657741827555794
return_3m_sector_neutral,2015-03-31,5,10,0.012399761237421092,-0.04035486072459371,0.009908854254648602
return_3m_sector_neutral,2015-04-30,1,10,-0.015592495133413587,-0.011610833449092417,0.005544295552071099
return_3m_sector_neutral,2015-04-30,2,10,-0.0007623491030042783,0.000828881621514066,0.020374441582480408
return_3m_sector_neutral,2015-04-30,3,10,-0.006734946209339732,-0.00108498231091958,0.014401844476144954
return_3m_sector_neutral,2015-04-30,4,10,0.0326914095180304,0.016556660257241895,0.053828200203515086
return_3m_sector_neutral,2015-04-30,5,10,0.005229720534917581,0.0,0.026366511220402268
return_3m_sector_neutral,2015-05-29,1,10,0.003888519155354331,-0.0037491187456159536,-0.022149976276971173
return_3m_sector_neutral,2015-05-29,2,10,-0.006126476009931603,-0.00741741089735759,-0.032164971442257106
return_3m_sector_neutral,2015-05-29,3,10,-0.005384721890499588,-0.016993833236592315,-0.03142321732282509
return_3m_sector_neutral,2015-05-29,4,10,0.004833365826537694,0.0010060936787718022,-0.02120512960578781
return_3m_sector_neutral,2015-05-29,5,10,0.028120117773546716,0.03400913162356245,0.002081622341221212
return_3m_sector_neutral,2015-06-30,1,10,0.033655805769523886,0.014808137579203628,0.06758800982576553
return_3m_sector_neutral,2015-06-30,2,10,0.002193329526216081,-0.005757114659830975,0.03612553358245772
return_3m_sector_neutral,2015-06-30,3,10,-0.02488792018013043,-0.0002307570497351863,0.009044283876111215
return_3m_sector_neutral,2015-06-30,4,10,-0.02219894398347232,0.0006427251753072794,0.011733260072769324
return_3m_sector_neutral,2015-06-30,5,10,0.011726675829333455,-0.014869332697262094,0.0456588798855751
return_3m_sector_neutral,2015-07-31,1,10,0.002375701493722715,-0.012619275390999662,-0.05115838625014859
return_3m_sector_neutral,2015-07-31,2,10,0.0025541261371558655,0.007766268949677357,-0.05097996160671544
return_3m_sector_neutral,2015-07-31,3,10,0.002988098064576339,-0.004422220228149476,-0.05054598967929497
return_3m_sector_neutral,2015-07-31,4,10,-0.011555571799847075,-0.006101364422428701,-0.06508965954371838
return_3m_sector_neutral,2015-07-31,5,10,0.010382265079138975,0.006645808791721608,-0.04315182266473233
return_3m_sector_neutral,2015-08-31,1,10,-0.00887113410622269,0.004589326571084629,-0.016592527644947164
return_3m_sector_neutral,2015-08-31,2,10,-0.034702292189465536,-0.017460819211005174,-0.04242368572819001
return_3m_sector_neutral,2015-08-31,3,10,-0.011465227609194828,0.002115028406829089,-0.019186621147919303
return_3m_sector_neutral,2015-08-31,4,10,0.008961970725276536,0.019731326091038115,0.001240577186552061
return_3m_sector_neutral,2015-08-31,5,10,-0.002541628245104055,-0.0005471082884871414,-0.01026302178382853
return_3m_sector_neutral,2015-09-30,1,10,-0.03793438479665658,0.011495406926603446,0.05350802593955959
return_3m_sector_neutral,2015-09-30,2,10,-0.012366815275390441,-0.012745203565192376,0.07907559546082574
return_3m_sector_neutral,2015-09-30,3,10,0.029805277887062463,0.03787088367196356,0.12124768862327864
return_3m_sector_neutral,2015-09-30,4,10,-0.01973620297674341,-0.020957594129439427,0.07170620775947276
return_3m_sector_neutral,2015-09-30,5,10,0.010185331655174223,0.010729539275611155,0.10162774239139041
return_3m_sector_neutral,2015-10-30,1,10,0.0054060100450937345,-0.006696457503921671,0.026722164364781652
return_3m_sector_neutral,2015-10-30,2,10,-0.012777736117717143,-0.007122270522320062,0.008538418201970776
return_3m_sector_neutral,2015-10-30,3,10,0.004141574444972285,-0.002364813328464277,0.025457728764660202
return_3m_sector_neutral,2015-10-30,4,10,-0.007430493143624572,-0.004161038093577152,0.013885661176063347
return_3m_sector_neutral,2015-10-30,5,10,0.02977816015742003,0.008642549707490677,0.05109431447710795
return_3m_sector_neutral,2015-11-30,1,10,-0.00417204334330884,0.01090460257675896,0.004248488802785333
return_3m_sector_neutral,2015-11-30,2,10,-0.03517030316766602,-0.025471218327149492,-0.026749771021571844
return_3m_sector_neutral,2015-11-30,3,10,-0.0003643982720134442,-0.00334439604698189,0.008056133874080728
return_3m_sector_neutral,2015-11-30,4,10,-0.013787452597141292,-0.0015425898194676435,-0.005366920451047119
return_3m_sector_neutral,2015-11-30,5,10,0.013274281501137509,0.020810295409546486,0.021694813647231682
return_3m_sector_neutral,2015-12-31,1,10,-0.0010355359045167046,-0.014314834002977561,-0.07545176140286484
return_3m_sector_neutral,2015-12-31,2,10,-0.00643968175666737,0.02488894959337007,-0.08085590725501551
return_3m_sector_neutral,2015-12-31,3,10,0.007148263787296816,0.008160622603243017,-0.06726796171105133
return_3m_sector_neutral,2015-12-31,4,10,0.028847453017623058,0.01310948025510461,-0.045568772480725085
return_3m_sector_neutral,2015-12-31,5,10,-0.0002849451042578055,-0.01507607192507232,-0.07470117060260595
return_3m_sector_neutral,2016-01-29,1,10,0.02037929882463686,0.021980550875821847,0.03713755883732352
return_3m_sector_neutral,2016-01-29,2,10,0.0021981625134356976,-0.0004504544228240981,0.01895642252612235
return_3m_sector_neutral,2016-01-29,3,10,-0.020307211544227433,-0.019948966672367507,-0.0035489515315407782
return_3m_sector_neutral,2016-01-29,4,10,0.014446364928262545,0.008547984396087505,0.0312046249409492
return_3m_sector_neutral,2016-01-29,5,10,-0.005185882689136489,-0.011653902112727543,0.011572377323550164
return_3m_sector_neutral,2016-02-29,1,10,0.014441477683454707,0.0049756496857590315,0.09163407001275269
return_3m_sector_neutral,2016-02-29,2,10,0.004265024225769798,0.001792260236087806,0.08145761655506778
return_3m_sector_neutral,2016-02-29,3,10,0.011410064232030458,0.010558307957795443,0.08860265656132844
return_3m_sector_neutral,2016-02-29,4,10,-0.012502721827142339,-0.021122264302415816,0.06468987050215565
return_3m_sector_neutral,2016-02-29,5,10,0.00022836682503948324,-0.005172664813097527,0.07742095915433747
return_3m_sector_neutral,2016-03-31,1,10,0.011410594222567304,0.03579529381699598,0.022766071285040834
return_3m_sector_neutral,2016-03-31,2,10,-0.014282227228893907,-0.00915217930971085,-0.0029267501664203776
return_3m_sector_neutral,2016-03-31,3,10,-0.004965513096524788,-0.00033175127484741385,0.006389963965948741
return_3m_sector_neutral,2016-03-31,4,10,0.0033136550930904286,-0.006025783462105694,0.014669132155563957
return_3m_sector_neutral,2016-03-31,5,10,0.006682729512449426,0.012086965294448637,0.018038206574922954
return_3m_sector_neutral,2016-04-29,1,10,0.00125674410937473,-0.0020004208150070646,0.013308817928610295
return_3m_sector_neutral,2016-04-29,2,10,0.00967337224684075,0.0015875085647774068,0.021725446066076314
return_3m_sector_neutral,2016-04-29,3,10,0.007946320795320238,0.0072056310523680445,0.019998394614555805
return_3m_sector_neutral,2016-04-29,4,10,-0.005904548989513869,-0.010019261498334875,0.0061475248297216956
return_3m_sector_neutral,2016-04-29,5,10,0.023091428033739425,0.011323870498386457,0.03514350185297499
return_3m_sector_neutral,2016-05-31,1,10,-0.007790903928444304,-0.004990188145966634,-0.009087156567101374
return_3m_sector_neutral,2016-05-31,2,10,-0.014714581562752693,-0.022464402161524566,-0.016010834201409762
return_3m_sector_neutral,2016-05-31,3,10,-2.5598151267691716e-05,0.015183393562707814,-0.001321850789924761
return_3m_sector_neutral,2016-05-31,4,10,0.014659245161403812,0.010316548268793468,0.013362992522746742
return_3m_sector_neutral,2016-05-31,5,10,-0.02450790517899083,-0.022391028378216493,-0.0258041578176479
return_3m_sector_neutral,2016-06-30,1,10,0.021869484607181255,0.035632179381201334,0.06896536306279462
return_3m_sector_neutral,2016-06-30,2,10,-0.009262669738996077,0.004025994739122796,0.037833208716617286
return_3m_sector_neutral,2016-06-30,3,10,-0.020100643370949987,-0.01871004380469299,0.026995235084663373
return_3m_sector_neutral,2016-06-30,4,10,-0.010971099881177847,-0.029803113606151954,0.03612477857443551
return_3m_sector_neutral,2016-06-30,5,10,0.021702864892103223,0.008266985811225314,0.06879874334771659
return_3m_sector_neutral,2016-07-29,1,10,0.0037466251718583756,0.007850227064085447,0.014485083405506981
return_3m_sector_neutral,2016-07-29,2,10,0.012739226725192421,0.013275169086706562,0.023477684958841026
return_3m_sector_neutral,2016-07-29,3,10,-0.004690365318240741,-0.006922791523548855,0.0060480929154078655
return_3m_sector_neutral,2016-07-29,4,10,0.0043908884834440555,0.0018043932235493054,0.015129346717092661
return_3m_sector_neutral,2016-07-29,5,10,-0.010975920710610387,-0.006258967218069622,-0.0002374624769617806
return_3m_sector_neutral,2016-08-31,1,10,-0.01082239550507601,-0.020934691643762326,-0.006391341353830893
return_3m_sector_neutral,2016-08-31,2,10,-0.0017298702176829495,0.004780991720747418,0.002701183933562168
return_3m_sector_neutral,2016-08-31,3,10,-0.008586769313810283,-0.008859586006788545,-0.004155715162565165
return_3m_sector_neutral,2016-08-31,4,10,-0.000979938825733262,-0.0015106487979944516,0.0034511153255118556
return_3m_sector_neutral,2016-08-31,5,10,0.02098747563768768,0.01308796705114934,0.025418529788932796
return_3m_sector_neutral,2016-09-30,1,10,-0.009535998284442937,0.004564650495055722,-0.024068436243483406
return_3m_sector_neutral,2016-09-30,2,10,0.036175627814215086,0.010701402058437559,0.021643189855174615
return_3m_sector_neutral,2016-09-30,3,10,0.00883062938600947,0.0050715633933732795,-0.005701808573030998
return_3m_sector_neutral,2016-09-30,4,10,-0.02761285464503945,-0.02868429658297983,-0.04214529260407992
return_3m_sector_neutral,2016-09-30,5,10,0.01263673806516168,0.019770006898153558,-0.0018956998938787883
return_3m_sector_neutral,2016-10-31,1,10,0.026204926354700554,0.03377427005787614,0.056373486996117925
return_3m_sector_neutral,2016-10-31,2,10,-0.04667359289062312,-0.05715531234920401,-0.016505032249205742
return_3m_sector_neutral,2016-10-31,3,10,-0.00485363754341106,-0.021006864432782324,0.025314923098006314
return_3m_sector_neutral,2016-10-31,4,10,-0.01763227961561864,-0.06112092286711357,0.012536281025798734
return_3m_sector_neutral,2016-10-31,5,10,0.07957101593748112,0.07354232668508154,0.10973957657889848
return_3m_sector_neutral,2016-11-30,1,10,-0.002128934518781089,-0.0044716998284876075,0.020145161384380005
return_3m_sector_neutral,2016-11-30,2,10,0.010785731976724722,-0.002776682871377334,0.03305982787988582
return_3m_sector_neutral,2016-11-30,3,10,0.009108722674898628,0.00829191347792091,0.031382818578059725
return_3m_sector_neutral,2016-11-30,4,10,-0.015589971869976437,-0.02198800448279309,0.006684124033184658
return_3m_sector_neutral,2016-11-30,5,10,0.023145901056866813,0.01762041684760407,0.04541999696002791
return_3m_sector_neutral,2016-12-30,1,10,0.010630645058016785,0.011756446154604805,0.033358077410791644
return_3m_sector_neutral,2016-12-30,2,10,0.03669489724434779,0.02824744892233466,0.059422329597122646
return_3m_sector_neutral,2016-12-30,3,10,-0.019391576496378137,-0.013998840556994963,0.0033358558563967187
return_3m_sector_neutral,2016-12-30,4,10,-0.01510675106832643,-0.0378885119246698,0.007620681284448427
return_3m_sector_neutral,2016-12-30,5,10,0.009278447032819537,-0.001855820868434277,0.03200587938559439
return_3m_sector_neutral,2017-01-31,1,10,0.0032769012192310765,4.352684799902029e-05,0.05145329743906901
return_3m_sector_neutral,2017-01-31,2,10,0.02192490044936186,0.020619325775519504,0.0701012966691998
return_3m_sector_neutral,2017-01-31,3,10,-0.0075049461347500125,-0.01639699214502288,0.04067145008508792
return_3m_sector_neutral,2017-01-31,4,10,-0.008778895074954274,-0.004619010648409749,0.03939750114488366
return_3m_sector_neutral,2017-01-31,5,10,-0.00929161502258814,-0.01562580999789398,0.03888478119724979
return_3m_sector_neutral,2017-02-28,1,10,0.01573887641733853,0.0052456526173074725,0.02065894117749336
return_3m_sector_neutral,2017-02-28,2,10,0.007798123416685987,0.013217700065306759,0.012718188176840816
return_3m_sector_neutral,2017-02-28,3,10,-0.004332366955638633,-0.008891917577560526,0.0005876978045161963
return_3m_sector_neutral,2017-02-28,4,10,-0.021189035537271785,-0.012121681500901038,-0.016268970777116955
return_3m_sector_neutral,2017-02-28,5,10,0.010930258298077922,0.008134342737877165,0.01585032305823275
return_3m_sector_neutral,2017-03-31,1,10,-0.004778160914437657,0.002316371556105201,0.02344121663864158
return_3m_sector_neutral,2017-03-31,2,10,-0.018902947573271767,-0.032821334839763405,0.009316429979807472
return_3m_sector_neutral,2017-03-31,3,10,0.004817065853888547,0.020048085516245262,0.033036443406967785
return_3m_sector_neutral,2017-03-31,4,10,-0.008983709023213538,0.004168451800807382,0.0192356685298657
return_3m_sector_neutral,2017-03-31,5,10,0.014168506575928686,0.007248604727786767,0.04238788412900792
return_3m_sector_neutral,2017-04-28,1,10,0.02271962700422796,-0.012134416645777524,0.0481346494248394
return_3m_sector_neutral,2017-04-28,2,10,-0.006101072058778434,0.0038724060588096743,0.01931395036183301
return_3m_sector_neutral,2017-04-28,3,10,-0.014090164761836787,-0.02810927568694671,0.011324857658774657
return_3m_sector_neutral,2017-04-28,4,10,-0.014738625111099513,0.002550668562599223,0.01067639730951193
return_3m_sector_neutral,2017-04-28,5,10,0.01059647718560972,0.007739636557762997,0.036011499606221166
return_3m_sector_neutral,2017-05-31,1,10,0.02234486579599283,0.00568850032220225,0.018161729029773765
return_3m_sector_neutral,2017-05-31,2,10,0.020233668045238795,-0.0024940611612667696,0.01605053127901973
return_3m_sector_neutral,2017-05-31,3,10,-0.01663296759869822,-0.0051606312726433234,-0.020816104364917286
return_3m_sector_neutral,2017-05-31,4,10,0.01893184977547836,0.006704432141869665,0.014748713009259295
return_3m_sector_neutral,2017-05-31,5,10,0.008689204457600996,0.0035492301853093933,0.004506067691381932
return_3m_sector_neutral,2017-06-30,1,10,-0.009173584184159967,-0.01028128384169058,0.012632854039843888
return_3m_sector_neutral,2017-06-30,2,10,0.008229752640286825,-0.002594186969685608,0.030036190864290678
return_3m_sector_neutral,2017-06-30,3,10,0.0030830550734584406,0.006708980447253987,0.024889493297462296
return_3m_sector_neutral,2017-06-30,4,10,0.017516212166075983,0.02082102333578917,0.03932265039007984
return_3m_sector_neutral,2017-06-30,5,10,0.0026160153909474348,0.005635507471630219,0.024422453614951288
return_3m_sector_neutral,2017-07-31,1,10,-0.009490655637929857,-0.02099210822382125,-0.010141410818242625
return_3m_sector_neutral,2017-07-31,2,10,-0.001970377668931422,-0.0066555543688198715,-0.0026211328492441897
return_3m_sector_neutral,2017-07-31,3,10,0.017939671312329188,0.019085976364034418,0.01728891613201642
return_3m_sector_neutral,2017-07-31,4,10,-0.01169448247866971,-0.008132073372169313,-0.012345237658982478
return_3m_sector_neutral,2017-07-31,5,10,0.0009404449890464739,0.01955142515166164,0.0002896898087337063
return_3m_sector_neutral,2017-08-31,1,10,0.02943452385602292,0.017302065137742906,0.050438165350987954
return_3m_sector_neutral,2017-08-31,2,10,0.02142805210164612,0.03402497503646695,0.042431693596611156
return_3m_sector_neutral,2017-08-31,3,10,0.0016573918578287605,0.007028035670828214,0.02266103335279379
return_3m_sector_neutral,2017-08-31,4,10,-0.007878100830822177,-0.005147639137374149,0.013125540664142853
return_3m_sector_neutral,2017-08-31,5,10,0.010036548126742062,-0.01849335570266908,0.03104018962170709
return_3m_sector_neutral,2017-09-29,1,10,-0.03235893007605215,-0.016458938806138135,0.006598803870217518
return_3m_sector_neutral,2017-09-29,2,10,0.015169529634308954,0.025539195359122968,0.05412726358057862
return_3m_sector_neutral,2017-09-29,3,10,0.009443957744271226,-0.016133335168378227,0.04840169169054089
return_3m_sector_neutral,2017-09-29,4,10,-0.01599939259383839,-0.020302509395729862,0.02295834135243128
return_3m_sector_neutral,2017-09-29,5,10,0.021871292027762924,0.01563917015265004,0.06082902597403259
return_3m_sector_neutral,2017-10-31,1,10,0.040113420613253924,0.018679949827335895,0.06915175330474052
return_3m_sector_neutral,2017-10-31,2,10,-0.008038488146793277,-0.0014815742236652385,0.020999844544693315
return_3m_sector_neutral,2017-10-31,3,10,0.01103119707836372,-0.0034906793403666203,0.04006952976985031
return_3m_sector_neutral,2017-10-31,4,10,-0.005271798791378834,-0.006089592402407029,0.023766533900107755
return_3m_sector_neutral,2017-10-31,5,10,0.01002099363914819,-0.0008483825175814586,0.03905932633063478
return_3m_sector_neutral,2017-11-30,1,10,-0.013265820410328522,-0.01084469414884881,0.007854245493501898
return_3m_sector_neutral,2017-11-30,2,10,-0.007917819600157828,-0.008959205631142608,0.013202246303672593
return_3m_sector_neutral,2017-11-30,3,10,0.005630470759151818,0.005666939557732675,0.026750536662982237
return_3m_sector_neutral,2017-11-30,4,10,0.027767400048291268,0.021256782158867504,0.04888746595212169
return_3m_sector_neutral,2017-11-30,5,10,0.010011277681093911,-0.0009081861839431715,0.03113134358492433
return_3m_sector_neutral,2017-12-29,1,10,-0.04504056614826994,-0.04337668690775964,0.021622275122707157
return_3m_sector_neutral,2017-12-29,2,10,0.007891900347162495,-0.020320989107424525,0.0745547416181396
return_3m_sector_neutral,2017-12-29,3,10,0.04162032355241722,0.016369131511369872,0.10828316482339431
return_3m_sector_neutral,2017-12-29,4,10,-0.009281177981105448,-0.013161287986332537,0.057381663289871654
return_3m_sector_neutral,2017-12-29,5,10,0.021969296189729558,0.010097632214304375,0.08863213746070667
return_3m_sector_neutral,2018-01-31,1,10,0.006211329082126493,-0.0028837335126160046,-0.04546180698047183
return_3m_sector_neutral,2018-01-31,2,10,-0.024386573546778888,-0.030252634944717693,-0.07605970960937722
return_3m_sector_neutral,2018-01-31,3,10,0.009566328196758978,0.009952205165080164,-0.04210680786583935
return_3m_sector_neutral,2018-01-31,4,10,-0.00500748806023531,0.005480633419967407,-0.05668062412283363
return_3m_sector_neutral,2018-01-31,5,10,0.02128679822775309,0.020221121720785218,-0.030386337834845234
return_3m_sector_neutral,2018-02-28,1,10,-0.004653081265834957,0.01107617354668372,-0.026700354495331136
return_3m_sector_neutral,2018-02-28,2,10,-0.0024174349518593765,0.00027811970219460136,-0.024464708181355554
return_3m_sector_neutral,2018-02-28,3,10,-0.015746819771117693,0.008259002584239894,-0.03779409300061387
return_3m_sector_neutral,2018-02-28,4,10,0.011718906807256879,0.0070878234627224646,-0.0103283664222393
return_3m_sector_neutral,2018-02-28,5,10,-0.017358477748819944,-0.020985624569044903,-0.039405750978316126
return_3m_sector_neutral,2018-03-29,1,10,0.023327641337919112,0.020395423342411012,0.026295649550637033
return_3m_sector_neutral,2018-03-29,2,10,-0.009589498541980468,-0.012310949951372885,-0.006621490329262547
return_3m_sector_neutral,2018-03-29,3,10,0.010636263577029004,-0.010159408542418868,0.013604271789746925
return_3m_sector_neutral,2018-03-29,4,10,0.004597685247069883,-0.0023592361615067947,0.007565693459787803
return_3m_sector_neutral,2018-03-29,5,10,0.031564357633648954,0.03217839565323133,0.034532365846366875
return_3m_sector_neutral,2018-04-30,1,10,0.013165184023115128,0.015191239570533033,0.04885306680619268
return_3m_sector_neutral,2018-04-30,2,10,-0.010081793496020942,-0.011549338848697133,0.02560608928705661
return_3m_sector_neutral,2018-04-30,3,10,0.0036615466808838314,-0.006415919293137118,0.03934942946396138
return_3m_sector_neutral,2018-04-30,4,10,-0.0004081998255957564,-0.010405821187923103,0.035279682957481795
return_3m_sector_neutral,2018-04-30,5,10,0.009895224527535284,0.0046812739197189535,0.04558310731061284
return_3m_sector_neutral,2018-05-31,1,10,-0.004873593359629913,-0.02415230817031494,0.008365709630139584
return_3m_sector_neutral,2018-05-31,2,10,0.011582597532528516,0.01345733377749092,0.02482190052229801
return_3m_sector_neutral,2018-05-31,3,10,-0.013465381707220314,-0.008938991030237542,-0.0002260787174508172
return_3m_sector_neutral,2018-05-31,4,10,0.005522957733481193,-0.000566301058465668,0.01876226072325069
return_3m_sector_neutral,2018-05-31,5,10,-0.0007366567126338097,0.007144696343189372,0.012502646277135687
return_3m_sector_neutral,2018-06-29,1,10,0.03093576382941925,0.04049200127009722,0.07705353514012829
return_3m_sector_neutral,2018-06-29,2,10,0.007207304376464852,-0.0011514074508234273,0.053325075687173894
return_3m_sector_neutral,2018-06-29,3,10,-0.013514512094682286,-0.004592522681282962,0.03260325921602676
return_3m_sector_neutral,2018-06-29,4,10,-0.006179690770209889,-0.0028376149971997,0.03993808054049915
return_3m_sector_neutral,2018-06-29,5,10,-0.03681221741710098,-0.013863585898250541,0.009305553893608065
return_3m_sector_neutral,2018-07-31,1,10,0.005771838817505981,-0.0037344287915949126,0.03416933186713034
return_3m_sector_neutral,2018-07-31,2,10,0.003842494637752747,-0.003451743753431602,0.032239987687377104
return_3m_sector_neutral,2018-07-31,3,10,0.008150245535915035,-0.003119877160059681,0.03654773858553939
return_3m_sector_neutral,2018-07-31,4,10,-0.0027923302453711886,0.006078108231504675,0.02560516280425317
return_3m_sector_neutral,2018-07-31,5,10,0.023637660969655305,0.02636912194287555,0.05203515401927966
return_3m_sector_neutral,2018-08-31,1,10,0.00017784353472743986,-0.012212471873090991,0.0204215700208224
return_3m_sector_neutral,2018-08-31,2,10,0.003221472688301763,0.002532302640512407,0.023465199174396722
return_3m_sector_neutral,2018-08-31,3,10,-0.012605105034788766,-0.0014125179281772038,0.007638621451306194
return_3m_sector_neutral,2018-08-31,4,10,0.0030833941369713624,0.005015073782027146,0.02332712062306632
return_3m_sector_neutral,2018-08-31,5,10,0.006116059131074769,0.003240946129153821,0.02635978561716973
return_3m_sector_neutral,2018-09-28,1,10,0.04098526178232714,0.01821961024954699,-0.053562392194864916
return_3m_sector_neutral,2018-09-28,2,10,0.014527443426053433,-0.0019824007323401838,-0.08002021055113863
return_3m_sector_neutral,2018-09-28,3,10,-0.008445366497484808,-0.017829890120521108,-0.10299302047467687
return_3m_sector_neutral,2018-09-28,4,10,0.016988423927904738,0.02297572107222201,-0.07755923004928732
return_3m_sector_neutral,2018-09-28,5,10,-0.014241267630130738,-0.021045913346666445,-0.10878892160732279
return_3m_sector_neutral,2018-10-31,1,10,-0.01299355498032615,0.0027368385298938147,0.029469167536893125
return_3m_sector_neutral,2018-10-31,2,10,-0.0032375317028939922,0.0020026716322564253,0.03922519081432528
return_3m_sector_neutral,2018-10-31,3,10,-0.03851223851278812,-0.020937372915228014,0.003950484004431154
return_3m_sector_neutral,2018-10-31,4,10,-0.00048097305387917455,0.006679572203549644,0.0419817494633401
return_3m_sector_neutral,2018-10-31,5,10,-0.02581521219904631,0.011849054082620936,0.016647510318172964
return_3m_sector_neutral,2018-11-30,1,10,-0.003937478518067183,0.005825952966298009,-0.10762378180702337
return_3m_sector_neutral,2018-11-30,2,10,-0.00035187052631155955,-0.012377540750655946,-0.10403817381526773
return_3m_sector_neutral,2018-11-30,3,10,-0.004255577943892375,-0.0038144486279725887,-0.10794188123284854
return_3m_sector_neutral,2018-11-30,4,10,0.014377644000977251,0.017840635307976582,-0.08930865928797892
return_3m_sector_neutral,2018-11-30,5,10,0.012464875462324521,0.019280773942622786,-0.09122142782663165
return_3m_sector_neutral,2018-12-31,1,10,0.04509934663565938,0.01877668430238355,0.11359727389720684
return_3m_sector_neutral,2018-12-31,2,10,0.03114700508215369,0.038123899718402576,0.09964493234370116
return_3m_sector_neutral,2018-12-31,3,10,-0.0308601966660375,-0.026321001070450656,0.03763773059550997
return_3m_sector_neutral,2018-12-31,4,10,-0.001955026333239185,0.0037973159948262447,0.06654290092830828
return_3m_sector_neutral,2018-12-31,5,10,-0.04556027296802304,-0.042082795641201765,0.022937654293524422
return_3m_sector_neutral,2019-01-31,1,10,-0.0004051413207362131,0.013236203436680971,0.038795362199571914
return_3m_sector_neutral,2019-01-31,2,10,-0.009792062639168786,-0.01848067524820074,0.029408440881139343
return_3m_sector_neutral,2019-01-31,3,10,-0.007102243140999531,0.002307519472595443,0.032098260379308595
return_3m_sector_neutral,2019-01-31,4,10,-0.010257881458165464,-0.006173065026688018,0.028942622062142664
return_3m_sector_neutral,2019-01-31,5,10,0.01047956773282488,0.004593302880369188,0.04968007125313301
return_3m_sector_neutral,2019-02-28,1,10,-0.027247060965597824,-0.015292462910750815,0.002840590498483719
return_3m_sector_neutral,2019-02-28,2,10,0.023200531489133803,0.008736517756833706,0.05328818295321534
return_3m_sector_neutral,2019-02-28,3,10,-0.0011363897544194202,0.002928017623711976,0.028951261709662123
return_3m_sector_neutral,2019-02-28,4,10,-0.011635251098994225,0.0,0.01845240036508732
return_3m_sector_neutral,2019-02-28,5,10,0.002370585564848571,0.005696176112181761,0.032458237028930116
return_3m_sector_neutral,2019-03-29,1,10,0.044316863758671186,-0.0018300854858445126,0.08724266294729745
return_3m_sector_neutral,2019-03-29,2,10,-0.014494123976477435,-0.01710418221012766,0.028431675212148833
return_3m_sector_neutral,2019-03-29,3,10,-0.004758282780135614,-0.0030983699399173004,0.038167516408490657
return_3m_sector_neutral,2019-03-29,4,10,0.005800764866381735,0.022777859395387345,0.048726564055008005
return_3m_sector_neutral,2019-03-29,5,10,0.0007907037287945062,-0.0018896651662750896,0.043716502917420776
return_3m_sector_neutral,2019-04-30,1,10,-0.015795904277773797,-0.012881452684413763,-0.06787733031359736
return_3m_sector_neutral,2019-04-30,2,10,-0.028858311249089698,-0.019110340991625563,-0.08093973728491324
return_3m_sector_neutral,2019-04-30,3,10,0.013920174605830471,0.016372777904811564,-0.03816125142999308
return_3m_sector_neutral,2019-04-30,4,10,0.022663075572657697,0.03052182978051754,-0.029418350463165856
return_3m_sector_neutral,2019-04-30,5,10,-0.034141408019042196,0.003982887717788097,-0.08622283405486575
return_3m_sector_neutral,2019-05-31,1,10,0.038883403805663706,0.02107195563254327,0.1278856857630092
return_3m_sector_neutral,2019-05-31,2,10,0.0045534328639883605,0.012414534178027514,0.09355571482133386
return_3m_sector_neutral,2019-05-31,3,10,-0.028037785275790605,-0.02846527695160095,0.06096449668155489
return_3m_sector_neutral,2019-05-31,4,10,-0.020477643682610756,-0.008819642741026312,0.06852463827473473
return_3m_sector_neutral,2019-05-31,5,10,0.0034065178720064982,-0.008480404297743216,0.09240879982935199
return_3m_sector_neutral,2019-06-28,1,10,0.022901517538094794,0.018386169433161736,0.058997044355749616
return_3m_sector_neutral,2019-06-28,2,10,-0.015539235088741988,-0.005887167824169093,0.020556291728912834
return_3m_sector_neutral,2019-06-28,3,10,-0.014221627494141454,0.0028466281919512504,0.021873899323513368
return_3m_sector_neutral,2019-06-28,4,10,-0.011278744663510509,-0.01697502923631511,0.02481678215414431
return_3m_sector_neutral,2019-06-28,5,10,-0.015621319195078776,-0.012904578795990274,0.020474207622576047
return_3m_sector_neutral,2019-07-31,1,10,0.021398834245292465,0.004272277974815886,0.010211671952251788
return_3m_sector_neutral,2019-07-31,2,10,-0.055025739573446766,-0.04134106168374735,-0.06621290186648746
return_3m_sector_neutral,2019-07-31,3,10,0.0027660110212282653,0.038222062097616194,-0.008421151271812411
return_3m_sector_neutral,2019-07-31,4,10,0.008514446920185593,0.013231311357544129,-0.0026727153728550836
return_3m_sector_neutral,2019-07-31,5,10,0.010007511392420865,0.005034932821933125,-0.001179650900619811
return_3m_sector_neutral,2019-08-30,1,10,0.0022070767861288366,-0.0022179141096039245,0.008930929194143488
return_3m_sector_neutral,2019-08-30,2,10,0.004547427051794473,0.007737156166618964,0.011271279459809125
return_3m_sector_neutral,2019-08-30,3,10,0.0048372656630396695,0.021959329709355768,0.01156111807105432
return_3m_sector_neutral,2019-08-30,4,10,-0.007251091902859918,-0.008803497528880933,-0.0005272394948452663
return_3m_sector_neutral,2019-08-30,5,10,-0.0061245198974094195,-0.025995944220824463,0.0005993325106052327
return_3m_sector_neutral,2019-09-30,1,10,0.020517302012670612,0.013506555307477464,0.03662666533970434
return_3m_sector_neutral,2019-09-30,2,10,0.017384420864006246,0.012220970484114524,0.03349378419103997
return_3m_sector_neutral,2019-09-30,3,10,0.0076520410927987115,-0.016261735341570605,0.023761404419832433
return_3m_sector_neutral,2019-09-30,4,10,0.012567390260701982,-0.0058901868572116545,0.028676753587735703
return_3m_sector_neutral,2019-09-30,5,10,0.0029398566927618442,0.00846227177280301,0.019049220019795567
return_3m_sector_neutral,2019-10-31,1,10,-0.006913951393884699,-0.01403820851830695,0.021132049600972848
return_3m_sector_neutral,2019-10-31,2,10,0.017588218648139087,0.0043854773535244584,0.04563421964299663
return_3m_sector_neutral,2019-10-31,3,10,-0.009119014899893996,-0.012321735728080596,0.01892698609496355
return_3m_sector_neutral,2019-10-31,4,10,-0.000297686862388935,0.009933096781504447,0.02774831413246861
return_3m_sector_neutral,2019-10-31,5,10,0.014363305906079527,0.011531514114497599,0.04240930690093707
return_3m_sector_neutral,2019-11-29,1,10,0.013287093833659214,-0.007103684988671755,0.04045879166342624
return_3m_sector_neutral,2019-11-29,2,10,0.009641680101447603,0.005515179018034999,0.03681337793121463
return_3m_sector_neutral,2019-11-29,3,10,-0.005401734336219832,0.00025820610986548864,0.021769963493547196
return_3m_sector_neutral,2019-11-29,4,10,-0.01957182204491017,-0.021222117585528832,0.007599875784856857
return_3m_sector_neutral,2019-11-29,5,10,0.04582441150991049,0.03321705819035037,0.07299610933967751
return_3m_sector_neutral,2019-12-31,1,10,-0.012042239736406913,-0.013433991504445741,-0.01863003148824046
return_3m_sector_neutral,2019-12-31,2,10,0.010705337680709104,0.012301288890276152,0.004117545928875555
return_3m_sector_neutral,2019-12-31,3,10,0.014937839136586483,0.009899777648247343,0.008350047384752934
return_3m_sector_neutral,2019-12-31,4,10,0.015268018318286303,0.010713965937009962,0.008680226566452754
return_3m_sector_neutral,2019-12-31,5,10,0.029783371613724796,-0.049544985659116525,0.023195579861891247
return_1m_sector_neutral,2014-02-28,1,10,-0.03340424863845746,0.0042439770541592425,-0.015022344478189153
return_1m_sector_neutral,2014-02-28,2,10,0.0026313599009655576,0.01217166747261178,0.021013264061233862
return_1m_sector_neutral,2014-02-28,3,10,-0.004436533538014398,0.003979659357952747,0.013945370622253905
return_1m_sector_neutral,2014-02-28,4,10,0.004777777549318763,0.01276480479830977,0.023159681709587064
return_1m_sector_neutral,2014-02-28,5,10,-0.04968038977678455,-0.03745821101836683,-0.03129848561651625
return_1m_sector_neutral,2014-03-31,1,10,-0.01907180563718821,-0.011450748482557449,-0.015910343097527667
return_1m_sector_neutral,2014-03-31,2,10,0.009591482175134081,0.005253443422675086,0.012752944714794623
return_1m_sector_neutral,2014-03-31,3,10,0.017523218475470292,0.01486103248935089,0.020684681015130834
return_1m_sector_neutral,2014-03-31,4,10,-0.01250877163456221,-0.011176423050495987,-0.009347309094901668
return_1m_sector_neutral,2014-03-31,5,10,-0.007424647202854828,0.0032136896370560386,-0.004263184663194286
return_1m_sector_neutral,2014-04-30,1,10,0.030870267748375056,0.0011004136171798296,0.056375687694456854
return_1m_sector_neutral,2014-04-30,2,10,0.012213488981663611,0.002642085847854969,0.03771890892774541
return_1m_sector_neutral,2014-04-30,3,10,-0.017992355838984155,-0.020826000531495747,0.007513064107097645
return_1m_sector_neutral,2014-04-30,4,10,0.0019459150333559494,0.004230283804211754,0.027451334979437747
return_1m_sector_neutral,2014-04-30,5,10,-0.0007379287054006478,-0.006020578663875953,0.02476749124068115
return_1m_sector_neutral,2014-05-30,1,10,0.0027741980855677693,0.0004142306852887856,0.021938198294583756
return_1m_sector_neutral,2014-05-30,2,10,0.0011868544575334371,-0.0026209849360415705,0.02035085466654942
return_1m_sector_neutral,2014-05-30,3,10,0.0006933201894067209,-0.006043535900384311,0.019857320398422706
return_1m_sector_neutral,2014-05-30,4,10,0.010693117605479207,0.017780915943293563,0.029857117814495193
return_1m_sector_neutral,2014-05-30,5,10,0.0020425055708649166,0.00233588220442682,0.021206505779880903
return_1m_sector_neutral,2014-06-30,1,10,-0.0036621099472511466,0.0031567354645686274,0.00409404698050263
return_1m_sector_neutral,2014-06-30,2,10,-0.004270404964974684,0.004626926375695617,0.0034857519627790935
return_1m_sector_neutral,2014-06-30,3,10,-0.006631079035728437,-0.011383467233589628,0.001125077892025339
return_1m_sector_neutral,2014-06-30,4,10,-0.011870424006353552,-0.0128705982412467,-0.004114267078599776
return_1m_sector_neutral,2014-06-30,5,10,0.0030811349506519536,0.002635206047835903,0.01083729187840573
return_1m_sector_neutral,2014-07-31,1,10,0.045065532443319734,0.017171221589158958,0.08690369188943009
return_1m_sector_neutral,2014-07-31,2,10,0.006457795317228588,0.01394626125786258,0.04829595476333894
return_1m_sector_neutral,2014-07-31,3,10,-0.003991348371098014,-0.0007502079831751551,0.037846811075012345
return_1m_sector_neutral,2014-07-31,4,10,-0.0044305880992901335,-0.014905427103629854,0.037407571346820226
return_1m_sector_neutral,2014-07-31,5,10,-0.002640849676374124,-0.007124744399138239,0.03919730976973623
return_1m_sector_neutral,2014-08-29,1,10,-0.0005129601500152182,0.006108726342910598,0.003504254009843566
return_1m_sector_neutral,2014-08-29,2,10,-0.003618641011527912,-0.017548381266740187,0.0003985731483308719
return_1m_sector_neutral,2014-08-29,3,10,-0.01775520793995795,-0.0021017281389524856,-0.013737993780099166
return_1m_sector_neutral,2014-08-29,4,10,-0.001507504472861154,0.0036767811580855625,0.00250970968699763
return_1m_sector_neutral,2014-08-29,5,10,-0.02496892079521701,-0.011315170626669091,-0.020951706635358225
return_1m_sector_neutral,2014-09-30,1,10,-0.023060812810555366,0.004775780772238836,-0.012648281568052621
return_1m_sector_neutral,2014-09-30,2,10,0.012195612656532651,0.010460524381579628,0.022608143899035392
return_1m_sector_neutral,2014-09-30,3,10,-0.006102409756647409,-0.006336942248844624,0.0043101214858553335
return_1m_sector_neutral,2014-09-30,4,10,-0.001443648015389265,0.0010518126185483645,0.008968883227113478
return_1m_sector_neutral,2014-09-30,5,10,-0.009392841775342697,-0.009367668156303133,0.0010196894671600453
return_1m_sector_neutral,2014-10-31,1,10,-0.008344736212185655,0.014924896147383127,0.03536733043607034
return_1m_sector_neutral,2014-10-31,2,10,-0.008953813808984069,-0.014360664842061333,0.03475825283927193
return_1m_sector_neutral,2014-10-31,3,10,-0.02011122645831994,-0.015197467941922338,0.023600840189936058
return_1m_sector_neutral,2014-10-31,4,10,-0.0066744957588792285,0.005495144544225172,0.03703757088937677
return_1m_sector_neutral,2014-10-31,5,10,0.009964049629173476,0.005175875560767151,0.05367611627742948
return_1m_sector_neutral,2014-11-28,1,10,-0.010417506719485558,0.003383613432015431,0.011631916163534806
return_1m_sector_neutral,2014-11-28,2,10,-0.012939320104623685,0.002363043149892996,0.009110102778396679
return_1m_sector_neutral,2014-11-28,3,10,-0.00011535931788977382,0.0011131583328347627,0.021934063565130592
return_1m_sector_neutral,2014-11-28,4,10,-0.0051465630100711365,-0.002169803958994021,0.016902859872949226
return_1m_sector_neutral,2014-11-28,5,10,-0.022004926967327733,-0.025396682182592556,4.449591569263278e-05
return_1m_sector_neutral,2014-12-31,1,10,0.003989753463055634,-0.01932586872320191,-0.004932433553761162
return_1m_sector_neutral,2014-12-31,2,10,0.021331980785746663,-0.004888676386517188,0.012409793768929867
return_1m_sector_neutral,2014-12-31,3,10,-0.01712708239761528,-0.018636378205411308,-0.026049269414432075
return_1m_sector_neutral,2014-12-31,4,10,-0.014340522454644422,-0.004064530629280805,-0.023262709471461217
return_1m_sector_neutral,2014-12-31,5,10,0.004514472837503047,0.017351692680024566,-0.004407714179313749
return_1m_sector_neutral,2015-01-30,1,10,-0.00508340731800081,-0.018229833625881264,0.05539545250860169
return_1m_sector_neutral,2015-01-30,2,10,0.008975856305974684,0.007947610833139107,0.06945471613257719
return_1m_sector_neutral,2015-01-30,3,10,-0.008566794610759442,-0.009818979777830084,0.05191206521584306
return_1m_sector_neutral,2015-01-30,4,10,-0.013982238445074935,-0.0011218849238184836,0.04649662138152757
return_1m_sector_neutral,2015-01-30,5,10,0.0050083970697646805,0.01774238758036384,0.06548725689636718
return_1m_sector_neutral,2015-02-27,1,10,0.005845251181568334,0.0005317385263213237,-0.0038730629626196667
return_1m_sector_neutral,2015-02-27,2,10,-0.00432024944800663,0.0003986935454857732,-0.01403856359219463
return_1m_sector_neutral,2015-02-27,3,10,-0.019111594035542488,-0.006312547272883162,-0.02882990817973049
return_1m_sector_neutral,2015-02-27,4,10,0.003693042647774136,-0.0035730659712153168,-0.0060252714964138645
return_1m_sector_neutral,2015-02-27,5,10,0.015822676784899938,0.00404624916127172,0.006104362640711935
return_1m_sector_neutral,2015-03-31,1,10,0.0906170706608247,0.056440765079961486,0.0881261636780522
return_1m_sector_neutral,2015-03-31,2,10,0.02975974398202367,0.00010234436752598608,0.02726883699925118
return_1m_sector_neutral,2015-03-31,3,10,-0.008304594370258234,-0.01859521695105326,-0.010795501353030723
return_1m_sector_neutral,2015-03-31,4,10,0.013713640907362146,0.011817865431188623,0.011222733924589657
return_1m_sector_neutral,2015-03-31,5,10,-0.03014458082393623,-0.045085827765490194,-0.03263548780670872
return_1m_sector_neutral,2015-04-30,1,10,0.027246220910667817,0.0023466700639944715,0.048383011596152506
return_1m_sector_neutral,2015-04-30,2,10,-0.019797983768625092,-0.008213673452440728,0.0013388069168595918
return_1m_sector_neutral,2015-04-30,3,10,-0.0014920110528312991,0.004852934244464979,0.019644779632653386
return_1m_sector_neutral,2015-04-30,4,10,0.0019512252411140075,0.011348607611838313,0.023088015926598694
return_1m_sector_neutral,2015-04-30,5,10,0.006923888276864953,-0.004759704946271537,0.02806067896234964
return_1m_sector_neutral,2015-05-29,1,10,-0.005167178425219942,-0.019554165582787664,-0.031205673857545448
return_1m_sector_neutral,2015-05-29,2,10,-0.0010944591628300527,0.009728529468905456,-0.027132954595155558
return_1m_sector_neutral,2015-05-29,3,10,-0.003114626497647377,-0.0033848156853308886,-0.02915312192997288
return_1m_sector_neutral,2015-05-29,4,10,0.020248923853693958,0.026133451121171714,-0.0057895715786315475
return_1m_sector_neutral,2015-05-29,5,10,0.014458145087010965,0.004136576247808499,-0.011580350345314539
return_1m_sector_neutral,2015-06-30,1,10,0.027853509838093406,0.0038823102180327584,0.06178571389433505
return_1m_sector_neutral,2015-06-30,2,10,0.004084027922821909,0.0004126366130838832,0.03801623197906355
return_1m_sector_neutral,2015-06-30,3,10,-0.022898823966351768,0.0,0.011033380089889877
return_1m_sector_neutral,2015-06-30,4,10,0.017724096375194075,0.008499526315553951,0.05165630043143572
return_1m_sector_neutral,2015-06-30,5,10,-0.02627386320828695,-0.029026520792944488,0.007658340847954692
return_1m_sector_neutral,2015-07-31,1,10,-0.009948492133425968,-0.011670014519524596,-0.06348257987729727
return_1m_sector_neutral,2015-07-31,2,10,0.009309408775934558,0.012083028917052097,-0.04422467896793675
return_1m_sector_neutral,2015-07-31,3,10,0.027575020731668752,0.009965185540985688,-0.025959067012202554
return_1m_sector_neutral,2015-07-31,4,10,-0.02436226254277838,-0.02608999017941882,-0.07789635028664968
return_1m_sector_neutral,2015-07-31,5,10,0.004170944143347855,0.005805768972877157,-0.04936314360052345
return_1m_sector_neutral,2015-08-31,1,10,-0.03208306016402636,-0.006629879389200011,-0.03980445370275083
return_1m_sector_neutral,2015-08-31,2,10,-0.01168848702258477,-0.014910238686466348,-0.019409880561309246
return_1m_sector_neutral,2015-08-31,3,10,0.007636059141569884,-0.0017565702432553731,-8.533439715459057e-05
return_1m_sector_neutral,2015-08-31,4,10,0.009817501484284785,0.011406779118671495,0.0020961079455603104
return_1m_sector_neutral,2015-08-31,5,10,-0.022300324863954113,-0.0018267520451073493,-0.030021718402678588
return_1m_sector_neutral,2015-09-30,1,10,0.0022253296151452996,0.010448969774677574,0.09366774035136147
return_1m_sector_neutral,2015-09-30,2,10,-0.047114241406462684,-0.01822040871011721,0.04432816932975349
return_1m_sector_neutral,2015-09-30,3,10,0.019158303174227998,0.004433358412829547,0.11060071391044417
return_1m_sector_neutral,2015-09-30,4,10,0.011037437706995723,0.031121887709457674,0.1024798484432119
return_1m_sector_neutral,2015-09-30,5,10,-0.015353622596460082,-0.01534763487894164,0.07608878813975609
return_1m_sector_neutral,2015-10-30,1,10,0.022799600838726376,0.004124624818496847,0.044115755158414295
return_1m_sector_neutral,2015-10-30,2,10,0.008938157547819191,0.007109045411864745,0.03025431186750711
return_1m_sector_neutral,2015-10-30,3,10,-0.019002230284378318,-0.0030634256254089554,0.0023139240353096
return_1m_sector_neutral,2015-10-30,4,10,-0.013174670634569775,-0.01682999441325822,0.008141483685118144
return_1m_sector_neutral,2015-10-30,5,10,0.01955665791854686,0.006496834192044276,0.04087281223823478
return_1m_sector_neutral,2015-11-30,1,10,-0.014597703820606923,-0.006377606250548229,-0.006177171674512749
return_1m_sector_neutral,2015-11-30,2,10,-0.011961614776053665,0.00490990369937816,-0.003541082629959491
return_1m_sector_neutral,2015-11-30,3,10,-0.01714574638980395,-0.00590132112686409,-0.008725214243709778
return_1m_sector_neutral,2015-11-30,4,10,-0.007286438935688843,-0.015830049671418045,0.001134093210405329
return_1m_sector_neutral,2015-11-30,5,10,0.010771588043161296,0.009762560382523211,0.01919212018925547
return_1m_sector_neutral,2015-12-31,1,10,-0.020816303613836695,-0.011340359071702222,-0.09523252911218484
return_1m_sector_neutral,2015-12-31,2,10,-0.01026271221050048,-0.0073278441039053566,-0.08467893770884863
return_1m_sector_neutral,2015-12-31,3,10,0.02986724122475539,0.02488894959337007,-0.04454898427359275
return_1m_sector_neutral,2015-12-31,4,10,0.008256291732515486,0.00954500924519558,-0.06615993376583265
return_1m_sector_neutral,2015-12-31,5,10,0.02119103690654429,-0.01507607192507232,-0.05322518859180385
return_1m_sector_neutral,2016-01-29,1,10,0.006512871532499043,0.0021575071791607447,0.023271131545185696
return_1m_sector_neutral,2016-01-29,2,10,0.02598622151436154,0.0030518080094180666,0.0427444815270482
return_1m_sector_neutral,2016-01-29,3,10,-0.004393256250865419,0.0014422447474408129,0.012365003761821236
return_1m_sector_neutral,2016-01-29,4,10,-0.00045913053481447805,-0.00461944737593567,0.016299129477872175
return_1m_sector_neutral,2016-01-29,5,10,-0.016115974228209505,-0.00866715344866309,0.0006422857844771479
return_1m_sector_neutral,2016-02-29,1,10,0.008720736057536416,0.0055676285486251365,0.0859133283868344
return_1m_sector_neutral,2016-02-29,2,10,0.011600043421054607,-0.004691819097132011,0.0887926357503526
return_1m_sector_neutral,2016-02-29,3,10,0.004445647217048943,0.003396093641514275,0.08163823954634693
return_1m_sector_neutral,2016-02-29,4,10,-0.012116892551621693,-0.03602780761427671,0.06507569977767629
return_1m_sector_neutral,2016-02-29,5,10,0.005192676995133838,0.0028608655332855726,0.08238526932443183
return_1m_sector_neutral,2016-03-31,1,10,0.022075200036370146,0.02332375354933247,0.033430677098843675
return_1m_sector_neutral,2016-03-31,2,10,0.017188261326628873,0.0117540930772001,0.028543738389102402
return_1m_sector_neutral,2016-03-31,3,10,-0.010161742317141731,-0.004044694813491678,0.0011937347453317981
return_1m_sector_neutral,2016-03-31,4,10,-0.03510865242583611,-0.014655318204198575,-0.023753175363362578
return_1m_sector_neutral,2016-03-31,5,10,0.008166171882667283,0.012086965294448637,0.019521648945140812
return_1m_sector_neutral,2016-04-29,1,10,0.018998841719475378,0.00924069259036342,0.031050915538710942
return_1m_sector_neutral,2016-04-29,2,10,-0.014089819278851556,-0.017141087428414747,-0.0020377454596159916
return_1m_sector_neutral,2016-04-29,3,10,-0.002776266893739876,0.0,0.009275806925495688
return_1m_sector_neutral,2016-04-29,4,10,0.0038553630564800655,0.005159879607360751,0.01590743687571563
return_1m_sector_neutral,2016-04-29,5,10,0.03007519759239726,0.011665790687620414,0.042127271411632826
return_1m_sector_neutral,2016-05-31,1,10,-0.004641223410718998,0.003309682370116529,-0.005937476049376067
return_1m_sector_neutral,2016-05-31,2,10,-0.008522643880598157,-0.005434856118515963,-0.009818896519255226
return_1m_sector_neutral,2016-05-31,3,10,0.014786386292915853,0.024868164310811958,0.013490133654258784
return_1m_sector_neutral,2016-05-31,4,10,-0.019012298432357168,-0.020075056421042514,-0.020308551071014237
return_1m_sector_neutral,2016-05-31,5,10,-0.01498996422929324,-0.004426823926067691,-0.016286216867950308
return_1m_sector_neutral,2016-06-30,1,10,0.026474645542383678,0.035632179381201334,0.07357052399799704
return_1m_sector_neutral,2016-06-30,2,10,0.009818951886050475,0.010238233028157073,0.056914830341663836
return_1m_sector_neutral,2016-06-30,3,10,-0.01841234802695082,-0.015468795445183425,0.02868353042866254
return_1m_sector_neutral,2016-06-30,4,10,0.004698859064765593,-0.006890099612714584,0.051794737520378956
return_1m_sector_neutral,2016-06-30,5,10,-0.01934217195808836,-0.03437949742849722,0.027753706497525
return_1m_sector_neutral,2016-07-29,1,10,0.007231013717719859,-0.0012472178198351669,0.017969471951368464
return_1m_sector_neutral,2016-07-29,2,10,0.007744602664995959,0.02389036706564074,0.018483060898644564
return_1m_sector_neutral,2016-07-29,3,10,-0.0030809841689418025,0.002021662824103654,0.007657474064706804
return_1m_sector_neutral,2016-07-29,4,10,-0.005761723088864079,-0.005941518398422718,0.004976735144784528
return_1m_sector_neutral,2016-07-29,5,10,-0.0009224547732662125,-0.005853818699956714,0.009816003460382394
return_1m_sector_neutral,2016-08-31,1,10,-6.140100177067786e-05,0.008363118819846305,0.004369653149474439
return_1m_sector_neutral,2016-08-31,2,10,-0.007413319735242807,-0.011681981037773681,-0.0029822655839976896
return_1m_sector_neutral,2016-08-31,3,10,0.0006389842451604011,-0.0004922676950170901,0.0050700383964055185
return_1m_sector_neutral,2016-08-31,4,10,-0.006318061958751486,-0.0040824115704871655,-0.001887007807506369
return_1m_sector_neutral,2016-08-31,5,10,0.012022300225989746,0.0018312150279845563,0.016453354377234865
return_1m_sector_neutral,2016-09-30,1,10,0.002500276100011556,-0.001011920276788314,-0.012032161859028912
return_1m_sector_neutral,2016-09-30,2,10,0.0014157202870205832,0.004559176312734947,-0.013116717672019884
return_1m_sector_neutral,2016-09-30,3,10,0.023421077636574462,0.009848795024113566,0.008888639677533994
return_1m_sector_neutral,2016-09-30,4,10,-0.0038420225678820084,-0.004777231630740286,-0.018374460526922477
return_1m_sector_neutral,2016-09-30,5,10,-0.003000909119820749,0.0006825069441411258,-0.017533347078861217
return_1m_sector_neutral,2016-10-31,1,10,0.011233003652000561,0.049515222620930666,0.04140156429341794
return_1m_sector_neutral,2016-10-31,2,10,-0.036452008840972897,-0.026624136134506537,-0.006283448199555519
return_1m_sector_neutral,2016-10-31,3,10,-0.004281049567523787,-0.031680449142202305,0.025887511073893588
return_1m_sector_neutral,2016-10-31,4,10,0.008860596363597484,-0.024767196093579857,0.03902915700501486
return_1m_sector_neutral,2016-10-31,5,10,0.057255890635427485,0.04904132391003613,0.08742445127684487
return_1m_sector_neutral,2016-11-30,1,10,0.010633349144094695,-0.010430325116905559,0.03290744504725579
return_1m_sector_neutral,2016-11-30,2,10,0.00450879250026377,0.010890125494679381,0.026782888403424864
return_1m_sector_neutral,2016-11-30,3,10,-0.012023057468475817,-0.003030254417478284,0.010251038434685278
return_1m_sector_neutral,2016-11-30,4,10,-0.00020149297973364176,-0.0015404924132422781,0.022072602923427453
return_1m_sector_neutral,2016-11-30,5,10,0.02240385812358363,0.010776373422930474,0.04467795402674472
return_1m_sector_neutral,2016-12-30,1,10,0.0037366601142149293,0.023307012825952822,0.026464092466989785
return_1m_sector_neutral,2016-12-30,2,10,0.005739247831636573,0.005445356313119931,0.02846668018441143
return_1m_sector_neutral,2016-12-30,3,10,0.0013824832458117942,0.0005060668120568934,0.02410991559858665
return_1m_sector_neutral,2016-12-30,4,10,-0.017321156177131525,-0.03703713032283362,0.005406276175643332
return_1m_sector_neutral,2016-12-30,5,10,0.028568426755947774,0.03857826171996526,0.05129585910872263
return_1m_sector_neutral,2017-01-31,1,10,-0.0005900774669212794,0.001280519118783352,0.047586318752916655
return_1m_sector_neutral,2017-01-31,2,10,-0.005593981623384825,0.0020350148965357917,0.04258241459645311
return_1m_sector_neutral,2017-01-31,3,10,-0.003174491939556168,-0.007838902107172752,0.045001904280281765
return_1m_sector_neutral,2017-01-31,4,10,0.01960968259532314,0.01971476595949162,0.06778607881516108
return_1m_sector_neutral,2017-01-31,5,10,-0.010624786129160357,-0.006939987475010678,0.037551610090677576
return_1m_sector_neutral,2017-02-28,1,10,0.02844371048037374,0.016666955309704523,0.03336377524052857
return_1m_sector_neutral,2017-02-28,2,10,-0.002567871123078269,-0.01606006585125247,0.0023521936370765606
return_1m_sector_neutral,2017-02-28,3,10,-0.012159725303440871,-0.015410392191955447,-0.007239660543286041
return_1m_sector_neutral,2017-02-28,4,10,0.0004063275016801926,0.0023341986284070027,0.0053263922618350225
return_1m_sector_neutral,2017-02-28,5,10,-0.005176585916342768,-0.009751181116807062,-0.0002565211561879388
return_1m_sector_neutral,2017-03-31,1,10,-0.0012212968796993962,-0.018569743760346258,0.026998080673379842
return_1m_sector_neutral,2017-03-31,2,10,-0.013131349152946881,-0.015289235798395973,0.015088028400132358
return_1m_sector_neutral,2017-03-31,3,10,-0.0029915147843983638,0.006646559805481567,0.025227862768680876
return_1m_sector_neutral,2017-03-31,4,10,0.0030306415262844723,-0.009019528496239215,0.031250019079363714
return_1m_sector_neutral,2017-03-31,5,10,0.0006342742096544396,0.01629096316094958,0.02885365176273368
return_1m_sector_neutral,2017-04-28,1,10,0.014900015709941017,-0.024082573025574705,0.04031503813055246
return_1m_sector_neutral,2017-04-28,2,10,-0.019561451841754462,-0.003675097866670196,0.005853570578856981
return_1m_sector_neutral,2017-04-28,3,10,0.0032437715866914683,-0.0007087674887978901,0.028658794007302913
return_1m_sector_neutral,2017-04-28,4,10,-0.004838041151050421,-0.007933145063162561,0.020576981269561024
return_1m_sector_neutral,2017-04-28,5,10,0.004641947954295345,0.01468538863384028,0.03005697037490679
return_1m_sector_neutral,2017-05-31,1,10,0.038514274315948394,0.027259597102563426,0.03433113754972933
return_1m_sector_neutral,2017-05-31,2,10,0.01584619448797433,-0.0034471993229709397,0.011663057721755266
return_1m_sector_neutral,2017-05-31,3,10,0.0029160756487801474,-0.0031944336635416626,-0.0012670611174389168
return_1m_sector_neutral,2017-05-31,4,10,-0.0054889010154319014,0.006704432141869665,-0.009672037781650966
return_1m_sector_neutral,2017-05-31,5,10,0.001778977038341789,-0.005644302770553056,-0.0024041597278772753
return_1m_sector_neutral,2017-06-30,1,10,0.025633975782537854,0.013689200897719633,0.04744041400654171
return_1m_sector_neutral,2017-06-30,2,10,-0.009193265107662418,-0.005940159133051237,0.012613173116341437
return_1m_sector_neutral,2017-06-30,3,10,0.0026486593995688314,0.003639593926112572,0.024455097623572685
return_1m_sector_neutral,2017-06-30,4,10,0.013650483435430471,0.01064835484328841,0.03545692165943433
return_1m_sector_neutral,2017-06-30,5,10,-0.010468402423266021,-0.010771923095086122,0.011338035800737833
return_1m_sector_neutral,2017-07-31,1,10,-3.1380631381860978e-06,-0.009312093435857594,-0.0006538932434509536
return_1m_sector_neutral,2017-07-31,2,10,-0.010290267604337933,-0.008460299506095337,-0.0109410227846507
return_1m_sector_neutral,2017-07-31,3,10,0.007514642798236082,0.0007700530584411336,0.006863887617923314
return_1m_sector_neutral,2017-07-31,4,10,-0.0020102631809084002,0.01691364786456684,-0.002661018361221168
return_1m_sector_neutral,2017-07-31,5,10,0.0005136265659931083,0.016874071070760666,-0.00013712861431965928
return_1m_sector_neutral,2017-08-31,1,10,0.01309053809500893,-0.0028283877968022786,0.03409417958997396
return_1m_sector_neutral,2017-08-31,2,10,0.002602211188859138,0.001453376059041278,0.023605852683824168
return_1m_sector_neutral,2017-08-31,3,10,0.03187130000966434,0.03410122395277415,0.05287494150462937
return_1m_sector_neutral,2017-08-31,4,10,0.005938793482368821,0.018839236944903304,0.02694243497733385
return_1m_sector_neutral,2017-08-31,5,10,0.0011755723355164616,-0.009382483829698529,0.022179213830481492
return_1m_sector_neutral,2017-09-29,1,10,-0.01257091837593971,0.0033572246892771274,0.026386815570329958
return_1m_sector_neutral,2017-09-29,2,10,-0.00164047617386901,0.011046406702875933,0.03731725777240066
return_1m_sector_neutral,2017-09-29,3,10,0.005819638919420167,0.01563917015265004,0.044777372865689835
return_1m_sector_neutral,2017-09-29,4,10,0.008989365719303356,0.0071910403002803935,0.04794709966557302
return_1m_sector_neutral,2017-09-29,5,10,-0.002471153352462241,-0.022142524812254205,0.036486580593807424
return_1m_sector_neutral,2017-10-31,1,10,0.04337958798059188,0.013487342738411345,0.07241792067207847
return_1m_sector_neutral,2017-10-31,2,10,0.010410685175647971,-2.8263108935555614e-05,0.03944901786713456
return_1m_sector_neutral,2017-10-31,3,10,-0.010941332486926136,-0.015842866628791086,0.018097000204560454
return_1m_sector_neutral,2017-10-31,4,10,0.0031925604660321795,0.0014563008989436632,0.03223089315751877
return_1m_sector_neutral,2017-10-31,5,10,0.0018138232572478263,-0.0024691528847695654,0.030852155948734417
return_1m_sector_neutral,2017-11-30,1,10,0.0012657399512236323,-0.004532692067293231,0.022385805855054054
return_1m_sector_neutral,2017-11-30,2,10,0.00663370722621971,-0.0014065379990390037,0.02775377313005013
return_1m_sector_neutral,2017-11-30,3,10,0.004559784843702719,0.0036194044373210055,0.02567985074753314
return_1m_sector_neutral,2017-11-30,4,10,0.0010661626751190868,0.00030719372670728884,0.02218622857894951
return_1m_sector_neutral,2017-11-30,5,10,0.008700113781785502,0.010337586320664949,0.02982017968561592
return_1m_sector_neutral,2017-12-29,1,10,0.007056721158527801,0.0006580381730552087,0.0737195624295049
return_1m_sector_neutral,2017-12-29,2,10,0.004963694923329698,-9.581455253537818e-05,0.0716265361943068
return_1m_sector_neutral,2017-12-29,3,10,0.01192967768830997,0.0077262554462471655,0.07859251895928707
return_1m_sector_neutral,2017-12-29,4,10,-0.0077953737403904984,-0.014414240068023165,0.0588674675305866
return_1m_sector_neutral,2017-12-29,5,10,0.0010050559301569063,0.005445543724729385,0.067667897201134
return_1m_sector_neutral,2018-01-31,1,10,0.005625996785948162,-0.0019370523248549154,-0.04604713927665016
return_1m_sector_neutral,2018-01-31,2,10,-0.00766261400998487,-0.011236333469978932,-0.059335750072583196
return_1m_sector_neutral,2018-01-31,3,10,-0.005133843157108442,-0.0042791847439742625,-0.05680697921970677
return_1m_sector_neutral,2018-01-31,4,10,-0.019614609478160683,-0.013318276174028532,-0.071287745540759
return_1m_sector_neutral,2018-01-31,5,10,0.034455463758930195,0.029530123091476068,-0.01721767230366813
return_1m_sector_neutral,2018-02-28,1,10,0.001920141498468042,0.009469565317399176,-0.020127131731028137
return_1m_sector_neutral,2018-02-28,2,10,-0.02140869019149777,-0.020512211364992594,-0.04345596342099395
return_1m_sector_neutral,2018-02-28,3,10,0.02125071465117905,0.02487699701258994,-0.0007965585783171302
return_1m_sector_neutral,2018-02-28,4,10,-0.00709970556563001,-0.013293596170553978,-0.029146978795126188
return_1m_sector_neutral,2018-02-28,5,10,-0.0231193673228944,-0.005524960181542027,-0.04516664055239058
return_1m_sector_neutral,2018-03-29,1,10,0.013373447228931811,-0.0011875767538248594,0.016341455441649732
return_1m_sector_neutral,2018-03-29,2,10,0.010908543244560564,-0.007001253488618353,0.013876551457278485
return_1m_sector_neutral,2018-03-29,3,10,-0.013526132750654197,-0.01301061661857078,-0.010558124537936276
return_1m_sector_neutral,2018-03-29,4,10,0.006775234903332339,-2.40505699072302e-05,0.00974324311605026
return_1m_sector_neutral,2018-03-29,5,10,0.043005356627515964,0.03618354731233253,0.045973364840233885
return_1m_sector_neutral,2018-04-30,1,10,0.01861415172735551,0.017557995645810953,0.05430203451043306
return_1m_sector_neutral,2018-04-30,2,10,0.020697352418596947,0.03083202748224756,0.0563852352016745
return_1m_sector_neutral,2018-04-30,3,10,0.0011147632162692989,-0.005048221540936981,0.03680264599934685
return_1m_sector_neutral,2018-04-30,4,10,-0.013702448750463014,-0.021426832748450253,0.021985434032614538
return_1m_sector_neutral,2018-04-30,5,10,-0.010491856701841195,-0.012277507771528584,0.025196026081236354
return_1m_sector_neutral,2018-05-31,1,10,0.005512859836723827,-0.0023038059664688415,0.018752162826493324
return_1m_sector_neutral,2018-05-31,2,10,-0.017103694978927185,-0.028300719305794197,-0.0038643919891576894
return_1m_sector_neutral,2018-05-31,3,10,-0.008941935430769344,0.005054664034066403,0.004297367559000153
return_1m_sector_neutral,2018-05-31,4,10,0.023490480559122773,0.01707327850848428,0.03672978354889227
return_1m_sector_neutral,2018-05-31,5,10,-0.004927786499624398,-0.008587351338158133,0.0083115164901451
return_1m_sector_neutral,2018-06-29,1,10,-0.008522345076796268,0.003182303455751323,0.03759542623391278
return_1m_sector_neutral,2018-06-29,2,10,0.0207402251185388,0.022157482718332067,0.06685799642924785
return_1m_sector_neutral,2018-06-29,3,10,0.006988342351857846,0.0018867376172204686,0.05310611366256689
return_1m_sector_neutral,2018-06-29,4,10,0.007490740820637065,-0.0044684642574199795,0.05360851213134611
return_1m_sector_neutral,2018-06-29,5,10,-0.0450603152903465,-0.02503352479694887,0.001057456020362546
return_1m_sector_neutral,2018-07-31,1,10,0.0175554645875007,0.012721233462952397,0.04595295763712506
return_1m_sector_neutral,2018-07-31,2,10,0.019460259851592433,0.008583034064519768,0.047857752901216785
return_1m_sector_neutral,2018-07-31,3,10,-0.0015003539267722577,-4.258525276157332e-05,0.026897139122852097
return_1m_sector_neutral,2018-07-31,4,10,-0.019023367650145152,-0.00886231322885278,0.009374125399479205
return_1m_sector_neutral,2018-07-31,5,10,0.022117906853282153,0.016881897030229576,0.05051539990290651
return_1m_sector_neutral,2018-08-31,1,10,0.0013847977522979948,-0.023966282342235745,0.021628524238392954
return_1m_sector_neutral,2018-08-31,2,10,-0.008777796467311161,0.010758455046430249,0.011465930018783798
return_1m_sector_neutral,2018-08-31,3,10,0.01153744083963788,0.004847635989109866,0.03178116732573284
return_1m_sector_neutral,2018-08-31,4,10,-0.0019177262245135384,-0.0016888749979839801,0.01832600026158142
return_1m_sector_neutral,2018-08-31,5,10,-0.0022330514438246075,0.00295284123521522,0.01801067504227035
return_1m_sector_neutral,2018-09-28,1,10,0.03470597191270226,-0.009804728905016269,-0.059841682064489796
return_1m_sector_neutral,2018-09-28,2,10,0.03858930174752664,0.032422891544076404,-0.05595835222966542
return_1m_sector_neutral,2018-09-28,3,10,0.01164713271370299,0.01423763705684361,-0.08290052126348907
return_1m_sector_neutral,2018-09-28,4,10,0.007532913180239131,-0.014590743572220621,-0.08701474079695293
return_1m_sector_neutral,2018-09-28,5,10,-0.042660824545501255,-0.041853437934182613,-0.13720847852269333
return_1m_sector_neutral,2018-10-31,1,10,-0.027928852712114684,-0.026864805771281808,0.014533869805104594
return_1m_sector_neutral,2018-10-31,2,10,-0.005634576732705987,0.0039008239694872104,0.03682814578451329
return_1m_sector_neutral,2018-10-31,3,10,0.009739445728484486,0.01915719459087728,0.05220216824570376
return_1m_sector_neutral,2018-10-31,4,10,-0.006293482293154506,0.002965153076945226,0.03616924022406477
return_1m_sector_neutral,2018-10-31,5,10,-0.05092204443944306,-0.02560110603969812,-0.008459321922223784
return_1m_sector_neutral,2018-11-30,1,10,0.0005956956257714751,0.01660996966864553,-0.1030906076631847
return_1m_sector_neutral,2018-11-30,2,10,0.004510417310245407,-0.013746375340786599,-0.09917588597871077
return_1m_sector_neutral,2018-11-30,3,10,0.002393602853190424,0.002725199283667379,-0.10129270043576574
return_1m_sector_neutral,2018-11-30,4,10,0.0033956729176484513,0.014959384312438373,-0.10029063037130773
return_1m_sector_neutral,2018-11-30,5,10,0.007402203768174897,-0.0010675539147241841,-0.09628409952078128
return_1m_sector_neutral,2018-12-31,1,10,0.036164764571559836,0.022696161258248804,0.10466269183310731
return_1m_sector_neutral,2018-12-31,2,10,0.011256826255826668,0.007506918083039937,0.07975475351737413
return_1m_sector_neutral,2018-12-31,3,10,0.031480277972199856,0.013784991789451806,0.09997820523374731
return_1m_sector_neutral,2018-12-31,4,10,-0.031693251618759834,-0.039269546448454706,0.03680467564278763
return_1m_sector_neutral,2018-12-31,5,10,-0.04933776143031319,-0.023276025805938683,0.019160165831234276
return_1m_sector_neutral,2019-01-31,1,10,-0.01087586849495047,-0.014375885769516317,0.028324635025357658
return_1m_sector_neutral,2019-01-31,2,10,0.007932243689303741,0.01888135782210798,0.04713274720961187
return_1m_sector_neutral,2019-01-31,3,10,0.011092087746203317,0.015072836966513625,0.05029259126651144
return_1m_sector_neutral,2019-01-31,4,10,0.006487765801135503,0.011419037913769192,0.04568826932144363
return_1m_sector_neutral,2019-01-31,5,10,-0.03171398956793721,-0.01823186855822101,0.007486513952370921
return_1m_sector_neutral,2019-02-28,1,10,-0.007619061943078409,-0.009217201681335663,0.022468589521003134
return_1m_sector_neutral,2019-02-28,2,10,-0.016919588015360542,-0.01382988112197775,0.013168063448721002
return_1m_sector_neutral,2019-02-28,3,10,-0.0024261776949498935,-0.005749526986323805,0.02766147376913165
return_1m_sector_neutral,2019-02-28,4,10,-0.010679413573489994,-0.00143372477942183,0.01940823789059155
return_1m_sector_neutral,2019-02-28,5,10,0.023196656461849742,0.012192774739224088,0.053284307925931286
return_1m_sector_neutral,2019-03-29,1,10,0.010944098166186555,0.005790282088413257,0.053869897354812825
return_1m_sector_neutral,2019-03-29,2,10,0.004007995503987183,0.00015240499525204232,0.046933794692613454
return_1m_sector_neutral,2019-03-29,3,10,-0.05322064952568193,-0.04036932495916401,-0.01029485033705566
return_1m_sector_neutral,2019-03-29,4,10,0.06173333513308528,0.012314367463158948,0.10465913432171155
return_1m_sector_neutral,2019-03-29,5,10,0.008191146319657294,0.014705983522136257,0.051116945508283565
return_1m_sector_neutral,2019-04-30,1,10,-0.040669108303550375,-0.012881452684413763,-0.09275053433937393
return_1m_sector_neutral,2019-04-30,2,10,0.012238879344087007,0.039884552093633174,-0.03984254669173655
return_1m_sector_neutral,2019-04-30,3,10,0.015685313458546034,0.02045580236726907,-0.03639611257727752
return_1m_sector_neutral,2019-04-30,4,10,-0.007419554861450251,0.011129637159160988,-0.059500980897273806
return_1m_sector_neutral,2019-04-30,5,10,-0.02204790300504994,-0.005506780089649499,-0.07412932904087349
return_1m_sector_neutral,2019-05-31,1,10,0.062012570088876465,0.04952080016326843,0.15101485204622195
return_1m_sector_neutral,2019-05-31,2,10,0.008062178148909504,0.006503249345375828,0.097064460106255
return_1m_sector_neutral,2019-05-31,3,10,-0.04231981714422432,-0.03368488558711302,0.046682464813121174
return_1m_sector_neutral,2019-05-31,4,10,-0.02020723027464666,-0.014068618001745192,0.06879505168269884
return_1m_sector_neutral,2019-05-31,5,10,-0.00921977523565778,-0.011883212893125772,0.07978250672168771
return_1m_sector_neutral,2019-06-28,1,10,-0.011682013766761345,-0.005675078479336904,0.024413513050893475
return_1m_sector_neutral,2019-06-28,2,10,0.02483367965371124,0.012681678459105394,0.06092920647136606
return_1m_sector_neutral,2019-06-28,3,10,-0.017540338239489174,-0.018433068234567918,0.018555188578165648
return_1m_sector_neutral,2019-06-28,4,10,-0.01627834826800002,-0.013613366260458726,0.019817178549654802
return_1m_sector_neutral,2019-06-28,5,10,-0.01309238828283863,0.002822857044724958,0.02300313853481619
return_1m_sector_neutral,2019-07-31,1,10,-0.005980766934461068,-0.00262971582650684,-0.017167929227501745
return_1m_sector_neutral,2019-07-31,2,10,0.0030010980881539752,-0.004139874149658163,-0.008186064204886701
return_1m_sector_neutral,2019-07-31,3,10,0.025186553867876982,0.0459495026575481,0.013999391574836307
return_1m_sector_neutral,2019-07-31,4,10,-0.02092926223543289,-0.024685156866797342,-0.03211642452847356
return_1m_sector_neutral,2019-07-31,5,10,-0.013616558780456589,-0.006241532289249452,-0.024803721073497265
return_1m_sector_neutral,2019-08-30,1,10,-0.0013161995191200537,0.017369660276218224,0.005407652888894598
return_1m_sector_neutral,2019-08-30,2,10,0.009430638139976766,0.014679873442015046,0.016154490547991417
return_1m_sector_neutral,2019-08-30,3,10,-0.0017844426389992062,-0.010895008519001659,0.004939409769015446
return_1m_sector_neutral,2019-08-30,4,10,0.0059636076836210306,0.007884917943363878,0.012687460091635683
return_1m_sector_neutral,2019-08-30,5,10,-0.014077445964784895,-0.02492168096506192,-0.007353593556770244
return_1m_sector_neutral,2019-09-30,1,10,0.00503419398086512,0.005059590412486381,0.021143557307898842
return_1m_sector_neutral,2019-09-30,2,10,-0.0072072355912657145,-0.017406181553439426,0.008902127735768007
return_1m_sector_neutral,2019-09-30,3,10,0.0006636802071448899,-0.0031506528875887563,0.016773043534178612
return_1m_sector_neutral,2019-09-30,4,10,-4.783301668193074e-05,-0.015940232158884515,0.01606153031035179
return_1m_sector_neutral,2019-09-30,5,10,0.06261820534287703,0.051039407777279555,0.07872756866991075
return_1m_sector_neutral,2019-10-31,1,10,0.0029686631985512135,-0.00012625305395574937,0.03101466419340876
return_1m_sector_neutral,2019-10-31,2,10,-0.0039040908062816237,-0.010390777606573254,0.02414191018857592
return_1m_sector_neutral,2019-10-31,3,10,-0.012622267645318342,0.0031240628088911038,0.015423733349539203
return_1m_sector_neutral,2019-10-31,4,10,-0.0005897369332925284,-0.008309790035327058,0.027456264061565018
return_1m_sector_neutral,2019-10-31,5,10,0.029768303584392263,0.02984554425376329,0.05781430457924981
return_1m_sector_neutral,2019-11-29,1,10,0.01716639173440545,0.0007911576954728883,0.04433808956417248
return_1m_sector_neutral,2019-11-29,2,10,-0.004968839679926462,-0.0014663555668376071,0.022202858149840566
return_1m_sector_neutral,2019-11-29,3,10,0.0023362184616994687,-0.0003182866104509685,0.029507916291466495
return_1m_sector_neutral,2019-11-29,4,10,-0.002627319925845739,-0.0026525951962237393,0.024544377903921288
return_1m_sector_neutral,2019-11-29,5,10,0.031873178473554586,0.010498183012335183,0.059044876303321614
return_1m_sector_neutral,2019-12-31,1,10,-0.018456156248879252,-0.02309953856844227,-0.0250439480007128
return_1m_sector_neutral,2019-12-31,2,10,0.0022630817519745496,-0.0003479472016091334,-0.004324709999859
return_1m_sector_neutral,2019-12-31,3,10,0.022750325538889747,0.01597203326068597,0.016162533787056198
return_1m_sector_neutral,2019-12-31,4,10,0.0019463100814549271,0.0002944965162801627,-0.004641481670378622
return_1m_sector_neutral,2019-12-31,5,10,0.0501487658894598,0.0051996282426777785,0.04356097413762625
return_1w_sector_neutral,2014-01-31,1,10,0.0036368160061392985,-0.008536941176712665,0.051921091109810136
return_1w_sector_neutral,2014-01-31,2,10,0.013894041006996382,0.006307947656055357,0.06217831611066722
return_1w_sector_neutral,2014-01-31,3,10,0.003887890032036101,0.006412069483074823,0.05217216513570694
return_1w_sector_neutral,2014-01-31,4,10,0.026333391526175733,-0.0038213388006180793,0.07461766662984656
return_1w_sector_neutral,2014-01-31,5,10,0.0494404716157207,0.03438331572277831,0.09772474671939155
return_1w_sector_neutral,2014-02-28,1,10,-0.01413573058184936,0.008169706910346353,0.004246173578418944
return_1w_sector_neutral,2014-02-28,2,10,-0.012472385354971593,-0.010311559861474806,0.005909518805296709
return_1w_sector_neutral,2014-02-28,3,10,-0.004841945833118399,0.015270524131731134,0.013539958327149904
return_1w_sector_neutral,2014-02-28,4,10,-0.014454983166873148,-0.027505933821369233,0.003926920993395156
return_1w_sector_neutral,2014-02-28,5,10,-0.034206989566159585,-0.0068552238945572275,-0.01582508540589128
return_1w_sector_neutral,2014-03-31,1,10,-0.009998593511106125,-0.008322824003818508,-0.006837130971445582
return_1w_sector_neutral,2014-03-31,2,10,-0.008391435246105704,0.00334376428715244,-0.005229972706445163
return_1w_sector_neutral,2014-03-31,3,10,-0.007526520267130199,-0.003911670626393859,-0.004365057727469657
return_1w_sector_neutral,2014-03-31,4,10,0.0007838744931684017,0.0012786534686550777,0.003945337032828944
return_1w_sector_neutral,2014-03-31,5,10,0.01324215070717275,0.017526317090352794,0.016403613246833294
return_1w_sector_neutral,2014-04-30,1,10,0.04426523796828321,0.008042693744648166,0.06977065791436501
return_1w_sector_neutral,2014-04-30,2,10,-0.005427903795076272,-0.011052280520882918,0.020077516151005524
return_1w_sector_neutral,2014-04-30,3,10,0.004738502122379695,0.0005812679522056996,0.030243922068461493
return_1w_sector_neutral,2014-04-30,4,10,-0.02415381869002039,-0.027493362910251562,0.0013516012560614078
return_1w_sector_neutral,2014-04-30,5,10,0.006877369613443573,0.01003940460814512,0.03238278955952537
return_1w_sector_neutral,2014-05-30,1,10,-0.004830360437432468,-0.004828573191613006,0.014333639771583518
return_1w_sector_neutral,2014-05-30,2,10,-0.0009786167024162795,0.0008447467299930178,0.018185383506599706
return_1w_sector_neutral,2014-05-30,3,10,0.020911174355689188,0.016635742914427043,0.04007517456470518
return_1w_sector_neutral,2014-05-30,4,10,-0.0018447594312051452,-0.008848206969613859,0.01731924077781084
return_1w_sector_neutral,2014-05-30,5,10,0.004132558124216756,-0.0017418336185004435,0.023296558333232742
return_1w_sector_neutral,2014-06-30,1,10,-0.008440764846537396,-0.008450914074022875,-0.0006846079187836196
return_1w_sector_neutral,2014-06-30,2,10,0.0008675746266567974,0.0032092676104596984,0.008623731554410574
return_1w_sector_neutral,2014-06-30,3,10,0.004514052288355897,0.008793486988705301,0.012270209216109672
return_1w_sector_neutral,2014-06-30,4,10,-0.009221850695259281,-0.014356193826439323,-0.0014656937675055048
return_1w_sector_neutral,2014-06-30,5,10,-0.011071894376871883,-0.002719998931319967,-0.0033157374491181056
return_1w_sector_neutral,2014-07-31,1,10,0.007311584199261034,-0.005984161575685265,0.04914974364537139
return_1w_sector_neutral,2014-07-31,2,10,0.01465157897734921,0.012661118291277362,0.05648973842345957
return_1w_sector_neutral,2014-07-31,3,10,-0.01563461627463899,-0.015662528288862276,0.026203543171471368
return_1w_sector_neutral,2014-07-31,4,10,0.006395753096849699,0.003138881959500739,0.048233912542960056
return_1w_sector_neutral,2014-07-31,5,10,0.027736241614965094,-0.012667240511306743,0.06957440106107546
return_1w_sector_neutral,2014-08-29,1,10,1.5618846793319376e-05,0.0018865204244947753,0.004032833006652104
return_1w_sector_neutral,2014-08-29,2,10,-0.0011169303234213946,0.0061963580499847515,0.0029002838364373894
return_1w_sector_neutral,2014-08-29,3,10,-0.019524084578767375,-0.020999723779793755,-0.01550687041890859
return_1w_sector_neutral,2014-08-29,4,10,-0.008368833636596462,0.0012425096884938203,-0.004351619476737678
return_1w_sector_neutral,2014-08-29,5,10,-0.019369004677587332,0.002262227024373842,-0.015351790517728548
return_1w_sector_neutral,2014-09-30,1,10,-0.006871953992003077,0.009584991103924523,0.0035405772504996658
return_1w_sector_neutral,2014-09-30,2,10,0.012291439671412519,0.013520254215535377,0.02270397091391526
return_1w_sector_neutral,2014-09-30,3,10,-0.003808720369689933,-0.0009083170612492752,0.00660381087281281
return_1w_sector_neutral,2014-09-30,4,10,0.001783395176652125,-0.008131216953251863,0.012195926419154868
return_1w_sector_neutral,2014-09-30,5,10,-0.03119826018777372,-0.02731442562761044,-0.020785728945270976
return_1w_sector_neutral,2014-10-31,1,10,-0.002648288427073664,-0.005184252381462362,0.04106377822118233
return_1w_sector_neutral,2014-10-31,2,10,0.00531960214584164,-0.007659233526792653,0.049031668794097635
return_1w_sector_neutral,2014-10-31,3,10,-0.030181161505082054,-0.047394677464922486,0.013530905143173944
return_1w_sector_neutral,2014-10-31,4,10,-0.008667912350645157,0.009759069963249156,0.03504415429761084
return_1w_sector_neutral,2014-10-31,5,10,0.0020575375277638195,0.015378454684925269,0.045769604176019815
return_1w_sector_neutral,2014-11-28,1,10,-0.018990751309059705,-0.011995356894502152,0.0030586715739606583
return_1w_sector_neutral,2014-11-28,2,10,-0.018100174072792498,-0.006072422701571933,0.003949248810227868
return_1w_sector_neutral,2014-11-28,3,10,-0.004321391814854192,0.0005725814468886536,0.017728031068166172
return_1w_sector_neutral,2014-11-28,4,10,0.003019367016679586,0.004807440751864123,0.02506878989969995
return_1w_sector_neutral,2014-11-28,5,10,-0.012230725939371079,-0.003940616990545265,0.009818696943649285
return_1w_sector_neutral,2014-12-31,1,10,-0.001985938119496522,0.006010294971740604,-0.010908125136313318
return_1w_sector_neutral,2014-12-31,2,10,-0.01562870081863621,-0.01016126143408036,-0.024550887835453006
return_1w_sector_neutral,2014-12-31,3,10,0.017342800588722906,0.03279438028560666,0.00842061357190611
return_1w_sector_neutral,2014-12-31,4,10,-0.023980421568815125,-0.010535633263335786,-0.03290260858563192
return_1w_sector_neutral,2014-12-31,5,10,0.022620862152270594,-0.00995037658197373,0.013698675135453798
return_1w_sector_neutral,2015-01-30,1,10,0.015315699511021408,0.011519537582168282,0.07579455933762391
return_1w_sector_neutral,2015-01-30,2,10,-0.007140708840643018,-0.011541734338128218,0.05333815098595949
return_1w_sector_neutral,2015-01-30,3,10,-0.01371615308432259,-0.011224774213305366,0.04676270674227991
return_1w_sector_neutral,2015-01-30,4,10,-0.025399176154894475,-0.02464432641583625,0.03507968367170803
return_1w_sector_neutral,2015-01-30,5,10,0.017292151570742854,0.019188775474035302,0.07777101139734535
return_1w_sector_neutral,2015-02-27,1,10,-0.006987185217546266,-0.006053086549904718,-0.016705499361734266
return_1w_sector_neutral,2015-02-27,2,10,-0.003917973516204221,-0.0024715156588603904,-0.01363628766039222
return_1w_sector_neutral,2015-02-27,3,10,0.0009152050572852732,-0.004291826792179987,-0.008803109086902728
return_1w_sector_neutral,2015-02-27,4,10,0.0012756006804081732,0.00647492655479226,-0.008442713463779828
return_1w_sector_neutral,2015-02-27,5,10,0.010643480126750326,0.005783118213241234,0.0009251659825623259
return_1w_sector_neutral,2015-03-31,1,10,0.08205753567128674,0.055897411144017195,0.07956662868851425
return_1w_sector_neutral,2015-03-31,2,10,0.011557416151630796,0.01381700122429158,0.009066509168858306
return_1w_sector_neutral,2015-03-31,3,10,-0.013726295576120729,-0.02722015156542723,-0.016217202558893216
return_1w_sector_neutral,2015-03-31,4,10,-0.00037757347667268795,-0.004690189787232624,-0.0028684804594451773
return_1w_sector_neutral,2015-03-31,5,10,0.016130197585891924,0.002283342156874313,0.013639290603119436
return_1w_sector_neutral,2015-04-30,1,10,0.038284185144693915,0.024495653280700025,0.0594209758301786
return_1w_sector_neutral,2015-04-30,2,10,-0.005465489648800714,0.007915432593389116,0.01567130103668397
return_1w_sector_neutral,2015-04-30,3,10,-0.025562890454653653,-0.012128283710403531,-0.004426099769168967
return_1w_sector_neutral,2015-04-30,4,10,0.004942200251492867,-0.010382511671178651,0.026078990936977554
return_1w_sector_neutral,2015-04-30,5,10,0.002633334314457969,0.0,0.023770124999942653
return_1w_sector_neutral,2015-05-29,1,10,-0.002541429388238492,-0.008312182034458493,-0.028579924820563995
return_1w_sector_neutral,2015-05-29,2,10,0.009340324706180524,0.003119874317442317,-0.01669817072614498
return_1w_sector_neutral,2015-05-29,3,10,0.007614881472367707,0.0026577328245510623,-0.018423613959957796
return_1w_sector_neutral,2015-05-29,4,10,0.0023590734138283056,-0.00031314402438198385,-0.0236794220184972
return_1w_sector_neutral,2015-05-29,5,10,0.008557954650869504,0.012074005742240934,-0.017480540781456
return_1w_sector_neutral,2015-06-30,1,10,0.007472387238401412,-0.005757114659830975,0.04140459129464306
return_1w_sector_neutral,2015-06-30,2,10,0.03710073414399816,0.023435725484808323,0.0710329382002398
return_1w_sector_neutral,2015-06-30,3,10,-0.0062059642074156485,0.005048502312058112,0.027726239848825995
return_1w_sector_neutral,2015-06-30,4,10,-0.012476167730272093,-0.004176655684982822,0.02145603632596955
return_1w_sector_neutral,2015-06-30,5,10,-0.025402042483241162,-0.03038404080266549,0.008530161573000484
return_1w_sector_neutral,2015-07-31,1,10,-0.005384159510401276,-0.011670014519524596,-0.05891824725427258
return_1w_sector_neutral,2015-07-31,2,10,-0.005831210172032308,-0.007448589541902972,-0.059365297915903614
return_1w_sector_neutral,2015-07-31,3,10,-0.008168751024789301,-0.003476960456708811,-0.0617028387686606
return_1w_sector_neutral,2015-07-31,4,10,-0.007972949074065306,-0.012619275390999662,-0.06150703681793661
return_1w_sector_neutral,2015-07-31,5,10,0.03410168875603501,0.013895224609111356,-0.019432398987836295
return_1w_sector_neutral,2015-08-31,1,10,-0.009168834664231452,-0.0013792843017115808,-0.016890228202955927
return_1w_sector_neutral,2015-08-31,2,10,-0.014474607777378412,0.004201536480317458,-0.022196001316102887
return_1w_sector_neutral,2015-08-31,3,10,0.0030538262564370087,0.0069973344818645145,-0.004667567282287466
return_1w_sector_neutral,2015-08-31,4,10,-0.01684375196846851,-0.026105283802123902,-0.024565145507192986
return_1w_sector_neutral,2015-08-31,5,10,-0.011184943271069203,0.00414185882768886,-0.01890633680979368
return_1w_sector_neutral,2015-09-30,1,10,-0.01186450209592722,0.0023883198632081992,0.07957790864028895
return_1w_sector_neutral,2015-09-30,2,10,0.017448528786788285,0.031121887709457674,0.10889093952300447
return_1w_sector_neutral,2015-09-30,3,10,-0.022330393635279465,-0.007760810978021171,0.0691120171009367
return_1w_sector_neutral,2015-09-30,4,10,-0.012992159574306817,-0.015904081296590933,0.07845025116190936
return_1w_sector_neutral,2015-09-30,5,10,-0.00030826698782853156,0.008037523633581012,0.09113414374838764
return_1w_sector_neutral,2015-10-30,1,10,0.008044223075055312,0.0008093435215008604,0.02936037739474323
return_1w_sector_neutral,2015-10-30,2,10,0.0020859225619772716,-0.0001624365228904967,0.02340207688166519
return_1w_sector_neutral,2015-10-30,3,10,-0.024580650958878104,-0.015495975742911339,-0.0032644966391901843
return_1w_sector_neutral,2015-10-30,4,10,0.019828087440907204,0.011242766688732253,0.04114424176059513
return_1w_sector_neutral,2015-10-30,5,10,0.013739933267082649,-0.002831222070256434,0.03505608758677057
return_1w_sector_neutral,2015-11-30,1,10,-0.018667353080975724,-0.017951569882365515,-0.010246820934881551
return_1w_sector_neutral,2015-11-30,2,10,-0.010109725738655173,-0.0005287522121305566,-0.0016891935925610001
return_1w_sector_neutral,2015-11-30,3,10,-0.007491113620398393,-0.0018723748928853867,0.0009294185256957799
return_1w_sector_neutral,2015-11-30,4,10,-0.013339621256357381,-0.0006161005864259161,-0.004919089110263208
return_1w_sector_neutral,2015-11-30,5,10,0.009387897817394585,0.019410769191216093,0.017808429963488758
return_1w_sector_neutral,2015-12-31,1,10,-0.004684285811566646,-0.007368618531955307,-0.07910051130991479
return_1w_sector_neutral,2015-12-31,2,10,0.04167128651421305,0.04621162966561204,-0.032744938984135094
return_1w_sector_neutral,2015-12-31,3,10,-0.023630233429029878,-0.030958527662472035,-0.09804645892737802
return_1w_sector_neutral,2015-12-31,4,10,0.039838308456841345,0.0232903844004288,-0.0345779170415068
return_1w_sector_neutral,2015-12-31,5,10,-0.02495952169097987,-0.033743924038718565,-0.09937574718932803
return_1w_sector_neutral,2016-01-29,1,10,0.007146976712645548,0.005905806552162662,0.0239052367253322
return_1w_sector_neutral,2016-01-29,2,10,0.012630195941704591,0.00440331613067968,0.029388455954391247
return_1w_sector_neutral,2016-01-29,3,10,0.024922938356140713,0.004160020583654944,0.04168119836882737
return_1w_sector_neutral,2016-01-29,4,10,-0.010837991129545,-0.009659153473932036,0.005920268883141655
return_1w_sector_neutral,2016-01-29,5,10,-0.02233138784797467,-0.01882023146212919,-0.0055731278352880165
return_1w_sector_neutral,2016-02-29,1,10,0.005714419737367837,0.0055676285486251365,0.08290701206666581
return_1w_sector_neutral,2016-02-29,2,10,0.0020768426535257454,0.010558307957795443,0.07926943498282372
return_1w_sector_neutral,2016-02-29,3,10,-0.010521630871652999,-0.006199874999322175,0.06667096145764498
return_1w_sector_neutral,2016-02-29,4,10,-0.004756456197147441,-0.007236562892353526,0.07243613613215054
return_1w_sector_neutral,2016-02-29,5,10,0.025329035817058965,0.0006982077281560972,0.10252162814635694
return_1w_sector_neutral,2016-03-31,1,10,0.023694014788540597,0.016177481198378252,0.03504949185101412
return_1w_sector_neutral,2016-03-31,2,10,-0.011270291387667386,-0.004527226784193483,8.518567480614303e-05
return_1w_sector_neutral,2016-03-31,3,10,0.005523987755517157,-0.00033175127484741385,0.016879464817990686
return_1w_sector_neutral,2016-03-31,4,10,-0.03440890546509874,-0.04424762791231057,-0.02305342840262521
return_1w_sector_neutral,2016-03-31,5,10,0.018620432811396838,0.016774926804112078,0.029975909873870367
return_1w_sector_neutral,2016-04-29,1,10,0.015594608923537622,0.005367254912644892,0.02764668274277319
return_1w_sector_neutral,2016-04-29,2,10,-0.013210674356981722,-0.010441550054521742,-0.0011586005377461571
return_1w_sector_neutral,2016-04-29,3,10,-0.005350046710419065,-0.000756369562656678,0.006702027108816499
return_1w_sector_neutral,2016-04-29,4,10,-0.011045803041246105,-0.01990354980053971,0.0010062707779894598
return_1w_sector_neutral,2016-04-29,5,10,0.05007523138087054,0.027110514423920207,0.062127305200106106
return_1w_sector_neutral,2016-05-31,1,10,0.003954589749951665,0.004706889726576069,0.0026583371112945953
return_1w_sector_neutral,2016-05-31,2,10,0.005278482298479004,0.008686256387132052,0.003982229659821934
return_1w_sector_neutral,2016-05-31,3,10,0.0009646452287993435,0.01453431374496239,-0.000331607409857726
return_1w_sector_neutral,2016-05-31,4,10,-0.017244742863904528,-0.021396523458761363,-0.018540995502561598
return_1w_sector_neutral,2016-05-31,5,10,-0.02533271807337719,-0.020976284758486174,-0.02662897071203426
return_1w_sector_neutral,2016-06-30,1,10,0.019335416136244697,0.03277351321318711,0.06643129459185806
return_1w_sector_neutral,2016-06-30,2,10,0.03778914855286235,0.019694029722999273,0.08488502700847571
return_1w_sector_neutral,2016-06-30,3,10,-0.015298316655420242,-0.03263544056661116,0.03179756180019312
return_1w_sector_neutral,2016-06-30,4,10,-0.010527648695567082,-0.017188186770594305,0.03656822976004628
return_1w_sector_neutral,2016-06-30,5,10,-0.02806066282995916,-0.035742660774707,0.0190352156256542
return_1w_sector_neutral,2016-07-29,1,10,0.004987744350388357,0.000843967583409877,0.015726202584036963
return_1w_sector_neutral,2016-07-29,2,10,0.0140694147498299,0.029158955656966024,0.02480787298347851
return_1w_sector_neutral,2016-07-29,3,10,-0.012707240958475141,-0.01068010964130317,-0.0019687827248265344
return_1w_sector_neutral,2016-07-29,4,10,0.005520953590502209,-0.003371063753874859,0.016259411824150815
return_1w_sector_neutral,2016-07-29,5,10,-0.006660417380601602,-0.007035694586667973,0.004078040853047004
return_1w_sector_neutral,2016-08-31,1,10,-0.00019123486594091466,0.00990665275615421,0.004239819285304203
return_1w_sector_neutral,2016-08-31,2,10,0.007070153981570393,0.0013888666394855642,0.011501208132815511
return_1w_sector_neutral,2016-08-31,3,10,-0.001945284090795607,-0.004304196917895853,0.0024857700604495104
return_1w_sector_neutral,2016-08-31,4,10,-0.010305369733992797,-0.0041050185209347,-0.00587431558274768
return_1w_sector_neutral,2016-08-31,5,10,0.004240236484544102,0.0056657512013108535,0.00867129063578922
return_1w_sector_neutral,2016-09-30,1,10,-0.006047317534745078,0.007647242928573383,-0.020579755493785545
return_1w_sector_neutral,2016-09-30,2,10,0.00913921916855589,-0.004875560675442814,-0.005393218790484577
return_1w_sector_neutral,2016-09-30,3,10,-0.0032983244636285436,0.004559176312734947,-0.01783076242266901
return_1w_sector_neutral,2016-09-30,4,10,-0.006289749480078743,0.0008234670873982219,-0.020822187439119212
return_1w_sector_neutral,2016-09-30,5,10,0.026990314645800317,0.003437410991390333,0.01245787668675985
return_1w_sector_neutral,2016-10-31,1,10,0.045930410505027344,0.04408705346521502,0.07609897114644472
return_1w_sector_neutral,2016-10-31,2,10,-0.033282709059931956,-0.07132314564814962,-0.003114148418514584
return_1w_sector_neutral,2016-10-31,3,10,-0.008024293361175838,-0.021214801681004147,0.022144267280241537
return_1w_sector_neutral,2016-10-31,4,10,0.03759452067518989,0.015358046447970009,0.06776308131660727
return_1w_sector_neutral,2016-10-31,5,10,-0.005601496516580584,-0.0003283118880521574,0.02456706412483679
return_1w_sector_neutral,2016-11-30,1,10,0.0015084403589462724,-0.007716347220432462,0.023782536262107367
return_1w_sector_neutral,2016-11-30,2,10,0.02383915109850616,0.010890125494679381,0.04611324700166726
return_1w_sector_neutral,2016-11-30,3,10,-0.00946148094021787,-0.009427147656146717,0.012812614962943225
return_1w_sector_neutral,2016-11-30,4,10,0.0036170516597548554,0.012503279177399018,0.02589114756291595
return_1w_sector_neutral,2016-11-30,5,10,0.005818287142743217,0.002963901096134647,0.028092383045904314
return_1w_sector_neutral,2016-12-30,1,10,-0.013510447140029792,0.0,0.009216985212745065
return_1w_sector_neutral,2016-12-30,2,10,0.02229724102049868,0.00868421007799458,0.04502467337327354
return_1w_sector_neutral,2016-12-30,3,10,-0.013385572085852494,-0.012892615052016554,0.009341860266922363
return_1w_sector_neutral,2016-12-30,4,10,0.020006311361113704,0.0030286472118820074,0.042733743713888564
return_1w_sector_neutral,2016-12-30,5,10,0.006698128614749443,0.01456457849046111,0.0294255609675243
return_1w_sector_neutral,2017-01-31,1,10,-0.010610256450201905,-0.012585799231191519,0.037566139769636034
return_1w_sector_neutral,2017-01-31,2,10,0.017757637116400916,0.01895406687990908,0.06593403333623885
return_1w_sector_neutral,2017-01-31,3,10,0.010542547180793439,0.022680197863687024,0.05871894340063137
return_1w_sector_neutral,2017-01-31,4,10,0.00853908222349219,0.009768531297730254,0.05671547844333012
return_1w_sector_neutral,2017-01-31,5,10,-0.026602664634184127,-0.009352237455271584,0.02157373158565381
return_1w_sector_neutral,2017-02-28,1,10,0.018369648018506546,-0.0013163036871736145,0.023289712778661376
return_1w_sector_neutral,2017-02-28,2,10,-0.02245954853947074,-0.028818182532284353,-0.017539483779315912
return_1w_sector_neutral,2017-02-28,3,10,0.0019147219552992367,0.009372671523609766,0.0068347867154540665
return_1w_sector_neutral,2017-02-28,4,10,0.010836945650731455,0.008235695335420345,0.015757010410886285
return_1w_sector_neutral,2017-02-28,5,10,0.0002840885541255278,0.007531670791724454,0.005204153314280357
return_1w_sector_neutral,2017-03-31,1,10,-0.019263304062281595,-0.02818702460027983,0.008956073490797644
return_1w_sector_neutral,2017-03-31,2,10,0.001664565851329125,0.007248604727786767,0.029883943404408364
return_1w_sector_neutral,2017-03-31,3,10,0.02572520853428888,0.035163501713108,0.053944586087368115
return_1w_sector_neutral,2017-03-31,4,10,-0.024876105327577114,-0.03572996293814751,0.003343272225502125
return_1w_sector_neutral,2017-03-31,5,10,0.0030703899231349753,0.009042358433162812,0.03128976747621422
return_1w_sector_neutral,2017-04-28,1,10,-0.029669625384554976,-0.024082573025574705,-0.004254602963943532
return_1w_sector_neutral,2017-04-28,2,10,-0.001573513998164211,0.0021299883275144316,0.023841508422447234
return_1w_sector_neutral,2017-04-28,3,10,-0.009252820047321286,-0.0007001993373485504,0.016162202373290156
return_1w_sector_neutral,2017-04-28,4,10,0.04048946988206299,0.022036098053515474,0.06590449230267444
return_1w_sector_neutral,2017-04-28,5,10,-0.0016072681938995692,0.014232302382342632,0.023807754226711875
return_1w_sector_neutral,2017-05-31,1,10,0.015860055723704747,-0.0021169380855548536,0.011676918957485682
return_1w_sector_neutral,2017-05-31,2,10,0.031424246604232,0.03878490726500505,0.027241109838012933
return_1w_sector_neutral,2017-05-31,3,10,-0.000510373963239219,-0.0013163748178237067,-0.004693510729458283
return_1w_sector_neutral,2017-05-31,4,10,0.016992314320309808,0.0034628206857166277,0.012809177554090745
return_1w_sector_neutral,2017-05-31,5,10,-0.010199622209394577,-0.005644302770553056,-0.014382758975613641
return_1w_sector_neutral,2017-06-30,1,10,0.02879565500498048,0.019517052466818008,0.05060209322898433
return_1w_sector_neutral,2017-06-30,2,10,-0.002254662185567835,-0.012145905144894664,0.019551776038436018
return_1w_sector_neutral,2017-06-30,3,10,-0.005254224837358168,-0.003978422696498174,0.016552213386645687
return_1w_sector_neutral,2017-06-30,4,10,0.0007357521934977185,0.00687198485636531,0.02254219041750157
return_1w_sector_neutral,2017-06-30,5,10,0.00024893091105652185,-0.0029719298175961972,0.022055369135060378
return_1w_sector_neutral,2017-07-31,1,10,-0.0027654724863796385,0.0009371544561777023,-0.003416227666692406
return_1w_sector_neutral,2017-07-31,2,10,0.017167008661132622,0.015839918118175755,0.016516253480819854
return_1w_sector_neutral,2017-07-31,3,10,-0.011345492566636228,-0.002685048905380516,-0.011996247746948996
return_1w_sector_neutral,2017-07-31,4,10,0.000336208101872304,0.0007700530584411336,-0.0003145470784404636
return_1w_sector_neutral,2017-07-31,5,10,-0.007667651194144387,-0.00504448474395891,-0.008318406374457155
return_1w_sector_neutral,2017-08-31,1,10,-0.006851590620573722,-0.022300405562788783,0.014152050874391309
return_1w_sector_neutral,2017-08-31,2,10,-0.004245193937727898,-0.013673017744225247,0.016758447557237134
return_1w_sector_neutral,2017-08-31,3,10,0.03648650295805422,0.03701374870751917,0.057490144453019254
return_1w_sector_neutral,2017-08-31,4,10,0.023938153496870083,0.039475883598312,0.044941794991835114
return_1w_sector_neutral,2017-08-31,5,10,0.0053505432147950005,-0.0026913561783361573,0.02635418470976003
return_1w_sector_neutral,2017-09-29,1,10,-0.011729790453719835,0.016502240679502123,0.027227943492549832
return_1w_sector_neutral,2017-09-29,2,10,0.016768167811295264,0.021576444998128497,0.055725901757564936
return_1w_sector_neutral,2017-09-29,3,10,-0.014164409406002054,-0.016133335168378227,0.024793324540267614
return_1w_sector_neutral,2017-09-29,4,10,0.02427924295372259,0.03413922865299146,0.06323697689999226
return_1w_sector_neutral,2017-09-29,5,10,-0.017026754168843406,-0.025808368944948534,0.021930979777426262
return_1w_sector_neutral,2017-10-31,1,10,0.027662301955798708,0.010530690301508772,0.056700634647285295
return_1w_sector_neutral,2017-10-31,2,10,-0.00037876784015683507,0.006823360476289508,0.028659564851329755
return_1w_sector_neutral,2017-10-31,3,10,0.01561101840890915,0.001993809831539628,0.04464935110039574
return_1w_sector_neutral,2017-10-31,4,10,-0.0008837799262290779,-0.007623863350583071,0.028154552765257513
return_1w_sector_neutral,2017-10-31,5,10,0.005844551794271779,-0.006633613910010605,0.03488288448575837
return_1w_sector_neutral,2017-11-30,1,10,0.0020163723079400066,-0.007808556973363023,0.023136438211770426
return_1w_sector_neutral,2017-11-30,2,10,-0.008053885689259554,-0.005389740793454667,0.013066180214570866
return_1w_sector_neutral,2017-11-30,3,10,0.008782360495493058,-0.00254640404089046,0.02990242639932348
return_1w_sector_neutral,2017-11-30,4,10,-0.0034706691426220626,-0.001074337851007079,0.017649396761208358
return_1w_sector_neutral,2017-11-30,5,10,0.022951330506499203,0.022619880363412115,0.04407139641032962
return_1w_sector_neutral,2017-12-29,1,10,-0.0204872959411428,-0.005185974977176655,0.0461755453298343
return_1w_sector_neutral,2017-12-29,2,10,-0.0049639987759491746,-0.0225838896601972,0.061698842495027925
return_1w_sector_neutral,2017-12-29,3,10,0.004291439785907847,0.004635135712629523,0.07095428105688495
return_1w_sector_neutral,2017-12-29,4,10,0.00581827409124358,0.012716384724341667,0.07248111536222068
return_1w_sector_neutral,2017-12-29,5,10,0.032501356799874426,-0.003041272748445012,0.09916419807085153
return_1w_sector_neutral,2018-01-31,1,10,0.0022359670545970324,0.0010647461793935054,-0.04943716900800129
return_1w_sector_neutral,2018-01-31,2,10,-0.02390409912486132,-0.01913679845478322,-0.07557723518745965
return_1w_sector_neutral,2018-01-31,3,10,-0.0009955052891946648,0.014413069713769322,-0.052668641351792986
return_1w_sector_neutral,2018-01-31,4,10,-0.005098929861640367,0.004415887240573901,-0.05677206592423869
return_1w_sector_neutral,2018-01-31,5,10,0.03543296112072368,0.019007217042692537,-0.01624017494187464
return_1w_sector_neutral,2018-02-28,1,10,-0.01865732921113782,-0.00606161491393109,-0.040704602440633994
return_1w_sector_neutral,2018-02-28,2,10,0.006213726460777824,0.015346826046962359,-0.015833546768718353
return_1w_sector_neutral,2018-02-28,3,10,0.0023979680050389197,0.009469565317399176,-0.019649305224457257
return_1w_sector_neutral,2018-02-28,4,10,0.005255131807912006,0.0036087679706381937,-0.016792141421584174
return_1w_sector_neutral,2018-02-28,5,10,-0.023666403992966024,-0.017163440412181152,-0.0457136772224622
return_1w_sector_neutral,2018-03-29,1,10,0.021068481830809293,0.01294034726870441,0.024036490043527214
return_1w_sector_neutral,2018-03-29,2,10,0.01602371403235602,-0.0037249453032356383,0.01899172224507394
return_1w_sector_neutral,2018-03-29,3,10,0.013109693298752301,0.003550260421834872,0.01607770151147022
return_1w_sector_neutral,2018-03-29,4,10,0.004046949861728366,-0.008252550218960708,0.007014958074446287
return_1w_sector_neutral,2018-03-29,5,10,0.006287610230040508,0.02403300022164989,0.009255618442758429
return_1w_sector_neutral,2018-04-30,1,10,0.009169102988738475,0.00043944265868112176,0.04485698577181603
return_1w_sector_neutral,2018-04-30,2,10,0.013343572828778526,0.011962853433847509,0.04903145561185608
return_1w_sector_neutral,2018-04-30,3,10,-0.010468501816054687,-0.026977825516053877,0.025219380967022864
return_1w_sector_neutral,2018-04-30,4,10,0.0035868294174708714,-0.008595110299670305,0.03927471220054842
return_1w_sector_neutral,2018-04-30,5,10,0.0006009584909843601,-0.0019466787633175553,0.036288841274061914
return_1w_sector_neutral,2018-05-31,1,10,-0.02532231781539366,-0.02521292775777534,-0.01208301482562416
return_1w_sector_neutral,2018-05-31,2,10,-0.014093693673103414,-0.019098502773237547,-0.0008543906833339166
return_1w_sector_neutral,2018-05-31,3,10,0.013582786568513184,0.005054664034066403,0.02682208955828268
return_1w_sector_neutral,2018-05-31,4,10,0.030787440332102213,0.016574589055932343,0.04402674332187171
return_1w_sector_neutral,2018-05-31,5,10,-0.006924291925592652,0.0,0.006315011064176845
return_1w_sector_neutral,2018-06-29,1,10,-0.006154533741182133,-0.007115570298578011,0.03996323756952691
return_1w_sector_neutral,2018-06-29,2,10,-0.032395664080238154,-0.007084917495115861,0.013722107230470893
return_1w_sector_neutral,2018-06-29,3,10,0.01974273268848814,0.023654830874724753,0.06586050399919718
return_1w_sector_neutral,2018-06-29,4,10,0.02621629292211216,0.023336213832672592,0.07233406423282121
return_1w_sector_neutral,2018-06-29,5,10,-0.02577217986528907,-0.01544119311317882,0.020345591445419975
return_1w_sector_neutral,2018-07-31,1,10,0.027819579959393048,0.01924601391138059,0.056217073009017404
return_1w_sector_neutral,2018-07-31,2,10,0.024353081497407857,0.016675806292721695,0.05275057454703221
return_1w_sector_neutral,2018-07-31,3,10,-0.00047809046737592455,0.0015004784110906888,0.027919402582248433
return_1w_sector_neutral,2018-07-31,4,10,-0.011494977086844261,-0.006832125792918697,0.016902515962780095
return_1w_sector_neutral,2018-07-31,5,10,-0.0015896841871228418,-0.001032321071558595,0.026807808862501514
return_1w_sector_neutral,2018-08-31,1,10,-0.023896074244070763,-0.026902743166967114,-0.0036523477579758047
return_1w_sector_neutral,2018-08-31,2,10,0.00685558973173539,0.010674811751647195,0.02709931621783035
return_1w_sector_neutral,2018-08-31,3,10,0.000355793057496856,0.0012339502959645143,0.020599519543591814
return_1w_sector_neutral,2018-08-31,4,10,0.01110208717716531,0.0026407685891939314,0.031345813663260266
return_1w_sector_neutral,2018-08-31,5,10,0.005576268733959777,-0.004245697417200156,0.025819995220054737
return_1w_sector_neutral,2018-09-28,1,10,0.03914295424722077,-0.008411017082726124,-0.055404699729971287
return_1w_sector_neutral,2018-09-28,2,10,0.009105994148937568,0.01640570070199482,-0.0854416598282545
return_1w_sector_neutral,2018-09-28,3,10,0.025350655589347605,0.015302302868155926,-0.06919699838784446
return_1w_sector_neutral,2018-09-28,4,10,0.002176955597761121,-0.011378431892401453,-0.09237069837943093
return_1w_sector_neutral,2018-09-28,5,10,-0.0259620645745973,0.0026969545207843337,-0.12050971855178938
return_1w_sector_neutral,2018-10-31,1,10,-0.01255013769454293,-0.018173923875710152,0.029912584822676346
return_1w_sector_neutral,2018-10-31,2,10,-0.007195144132161579,0.026509384537525493,0.035267578385057695
return_1w_sector_neutral,2018-10-31,3,10,0.012947813324245504,0.018679431540005398,0.055410535841464784
return_1w_sector_neutral,2018-10-31,4,10,-0.01990448999714146,-0.011389520502604777,0.022558232520077815
return_1w_sector_neutral,2018-10-31,5,10,-0.05433755194933328,-0.026456288235318204,-0.01187482943211401
return_1w_sector_neutral,2018-11-30,1,10,0.008913248493048188,0.00733895631897119,-0.09477305479590799
return_1w_sector_neutral,2018-11-30,2,10,-0.002352482937389433,-0.011014824616444152,-0.10603878622634562
return_1w_sector_neutral,2018-11-30,3,10,0.031599470633872154,0.037370758891861255,-0.07208683265508402
return_1w_sector_neutral,2018-11-30,4,10,-0.006615905294923496,0.0032031199130306276,-0.11030220858387967
return_1w_sector_neutral,2018-11-30,5,10,-0.013246738419576753,-0.00535821303904771,-0.11693304170853294
return_1w_sector_neutral,2018-12-31,1,10,0.004926114650863211,-0.004079200252977366,0.07342404191241067
return_1w_sector_neutral,2018-12-31,2,10,0.026550096980443683,0.023946239152125126,0.09504802424199114
return_1w_sector_neutral,2018-12-31,3,10,-0.024186944450554703,-0.005370102316277436,0.04431098281099276
return_1w_sector_neutral,2018-12-31,4,10,-0.009734649508942695,-0.017704861183626908,0.05876327775260477
return_1w_sector_neutral,2018-12-31,5,10,0.00031623807870384546,-0.01423138299785398,0.06881416534025131
return_1w_sector_neutral,2019-01-31,1,10,0.009820829906718953,0.002222303134198911,0.04902133342702708
return_1w_sector_neutral,2019-01-31,2,10,0.007289746114019247,0.004593302880369188,0.04649024963432737
return_1w_sector_neutral,2019-01-31,3,10,-0.02277189253194669,-0.010351512774818605,0.016428610988361438
return_1w_sector_neutral,2019-01-31,4,10,-0.013461028899833905,-0.008744181766238368,0.025739474620474222
return_1w_sector_neutral,2019-01-31,5,10,0.002044584584797282,0.02003120613386522,0.04124508810510541
return_1w_sector_neutral,2019-02-28,1,10,0.007836472375419878,-0.00045959657965322087,0.037924123839501424
return_1w_sector_neutral,2019-02-28,2,10,-0.02185562068018827,-0.023059752208978157,0.008232030783893275
return_1w_sector_neutral,2019-02-28,3,10,-0.010196398548791863,-0.01682379136819323,0.019891252915289682
return_1w_sector_neutral,2019-02-28,4,10,0.007629701602905737,0.0018800229397629709,0.03771735306698728
return_1w_sector_neutral,2019-02-28,5,10,0.0021382604856254204,0.01511109718032444,0.03222591194970696
return_1w_sector_neutral,2019-03-29,1,10,0.00480976149392881,0.012514515772886758,0.04773556068255508
return_1w_sector_neutral,2019-03-29,2,10,0.023217515063566573,0.005269802609973895,0.06614331425219284
return_1w_sector_neutral,2019-03-29,3,10,0.006277756689156255,0.0010076214666255856,0.04920355587778252
return_1w_sector_neutral,2019-03-29,4,10,-0.009782528730844753,-0.012451605373124841,0.03314327045778152
return_1w_sector_neutral,2019-03-29,5,10,0.007133421081427493,-0.006345641494148291,0.05005922027005376
return_1w_sector_neutral,2019-04-30,1,10,-0.04508660501484153,-0.02523174058983063,-0.09716803105066509
return_1w_sector_neutral,2019-04-30,2,10,0.012224170555775593,0.024015487045708106,-0.03985725548004796
return_1w_sector_neutral,2019-04-30,3,10,-0.007641186280844703,-0.009601660938142909,-0.059722612316668255
return_1w_sector_neutral,2019-04-30,4,10,-0.022684478386111196,0.0022436063767649617,-0.07476590442193475
return_1w_sector_neutral,2019-04-30,5,10,0.020975725758604312,0.01815231507351661,-0.03110570027721924
return_1w_sector_neutral,2019-05-31,1,10,0.024637676742759372,0.02059719727005438,0.11363995870010486
return_1w_sector_neutral,2019-05-31,2,10,-0.016298703311278473,-0.0059706808080014495,0.07270357864606702
return_1w_sector_neutral,2019-05-31,3,10,-0.007513697118582785,-0.009018435670004044,0.08148858483876271
return_1w_sector_neutral,2019-05-31,4,10,0.014548037111832168,0.0077752069266454615,0.10355031906917767
return_1w_sector_neutral,2019-05-31,5,10,-0.01704538784147308,-0.013530586629484365,0.07195689411587242
return_1w_sector_neutral,2019-06-28,1,10,0.009424976716011457,0.010745358466209942,0.04552050353366628
return_1w_sector_neutral,2019-06-28,2,10,-0.01678448697665471,-0.02287920345713379,0.019311039841000112
return_1w_sector_neutral,2019-06-28,3,10,-0.007684697937878704,0.0004333167752701428,0.02841082887977612
return_1w_sector_neutral,2019-06-28,4,10,-0.00820161401889582,-0.006835584470218037,0.027893912798759003
return_1w_sector_neutral,2019-06-28,5,10,-0.010513586685960152,-0.012811252174779963,0.02558194013169467
return_1w_sector_neutral,2019-07-31,1,10,-0.0010955787362635027,-0.00584412691330688,-0.012282741029304179
return_1w_sector_neutral,2019-07-31,2,10,0.025977679180478098,0.04978126703828972,0.014790516887437422
return_1w_sector_neutral,2019-07-31,3,10,-0.04375632742344056,-0.04189789130380778,-0.054943489716481234
return_1w_sector_neutral,2019-07-31,4,10,-0.019989466516914845,-0.01213055230710286,-0.03117662880995552
return_1w_sector_neutral,2019-07-31,5,10,0.026524757501821216,0.0240950657270263,0.01533759520878054
return_1w_sector_neutral,2019-08-30,1,10,-0.004036173236656093,-0.000287751375837475,0.002687679171358559
return_1w_sector_neutral,2019-08-30,2,10,-0.01000840000173322,-0.007080454056423047,-0.0032845475937185674
return_1w_sector_neutral,2019-08-30,3,10,0.014869623586163339,0.029838610735387072,0.02159347599417799
return_1w_sector_neutral,2019-08-30,4,10,0.015786662849586176,0.009138248093162549,0.022510515257600828
return_1w_sector_neutral,2019-08-30,5,10,-0.01839555549666656,-0.030675799613008203,-0.011671703088651907
return_1w_sector_neutral,2019-09-30,1,10,0.033655860889855414,0.030904200272103388,0.049765224216889135
return_1w_sector_neutral,2019-09-30,2,10,0.05804961141775232,0.03549162920610782,0.07415897474478604
return_1w_sector_neutral,2019-09-30,3,10,-0.011850484838259212,-0.011316510673230473,0.004258878488774509
return_1w_sector_neutral,2019-09-30,4,10,-0.02327105554800295,-0.00970070775813725,-0.007161692220969229
return_1w_sector_neutral,2019-09-30,5,10,0.00447707900159382,0.0001614146681303552,0.020586442328627542
return_1w_sector_neutral,2019-10-31,1,10,0.019408227290826453,0.008525688733301284,0.047454228285684
return_1w_sector_neutral,2019-10-31,2,10,-0.01834374012712815,-0.01950691461605314,0.009702260867729396
return_1w_sector_neutral,2019-10-31,3,10,0.006323108951812417,0.00984907733424345,0.03436910994666996
return_1w_sector_neutral,2019-10-31,4,10,-0.000578500331976739,-0.001760999970169208,0.027467500662880805
return_1w_sector_neutral,2019-10-31,5,10,0.008811775614517004,0.008125604822185384,0.036857776609374546
return_1w_sector_neutral,2019-11-29,1,10,0.018175459389780248,-0.021222117585528832,0.045347157219547275
return_1w_sector_neutral,2019-11-29,2,10,0.006650899532266575,0.0010581361250430188,0.0338225973620336
return_1w_sector_neutral,2019-11-29,3,10,-0.00470215509331493,-0.008028672364405853,0.022469542736452096
return_1w_sector_neutral,2019-11-29,4,10,0.011215994422611463,-0.0019007289742829503,0.038387692252378494
return_1w_sector_neutral,2019-11-29,5,10,0.01243943081254395,0.008785024362095717,0.03961112864231098
return_1w_sector_neutral,2019-12-31,1,10,0.03561383421382418,-0.008715772192098292,0.02902604246199063
return_1w_sector_neutral,2019-12-31,2,10,-0.02860223667008699,-0.034463254738761606,-0.03519002842192054
return_1w_sector_neutral,2019-12-31,3,10,0.012263206866872867,0.025436089825279562,0.005675415115039317
return_1w_sector_neutral,2019-12-31,4,10,0.01937866392275689,0.018245308083956746,0.01279087217092334
return_1w_sector_neutral,2019-12-31,5,10,0.019998858679532827,0.02377682892412275,0.013411066927699278
reversal_1m_sector_neutral,2014-02-28,1,10,-0.04968038977678455,-0.03745821101836683,-0.03129848561651625
reversal_1m_sector_neutral,2014-02-28,2,10,0.004777777549318763,0.01276480479830977,0.023159681709587064
reversal_1m_sector_neutral,2014-02-28,3,10,-0.004436533538014398,0.003979659357952747,0.013945370622253905
reversal_1m_sector_neutral,2014-02-28,4,10,0.0026313599009655576,0.01217166747261178,0.021013264061233862
reversal_1m_sector_neutral,2014-02-28,5,10,-0.03340424863845746,0.0042439770541592425,-0.015022344478189153
reversal_1m_sector_neutral,2014-03-31,1,10,-0.007424647202854828,0.0032136896370560386,-0.004263184663194286
reversal_1m_sector_neutral,2014-03-31,2,10,-0.01250877163456221,-0.011176423050495987,-0.009347309094901668
reversal_1m_sector_neutral,2014-03-31,3,10,0.017523218475470292,0.01486103248935089,0.020684681015130834
reversal_1m_sector_neutral,2014-03-31,4,10,0.009591482175134081,0.005253443422675086,0.012752944714794623
reversal_1m_sector_neutral,2014-03-31,5,10,-0.01907180563718821,-0.011450748482557449,-0.015910343097527667
reversal_1m_sector_neutral,2014-04-30,1,10,-0.0007379287054006478,-0.006020578663875953,0.02476749124068115
reversal_1m_sector_neutral,2014-04-30,2,10,0.0019459150333559494,0.004230283804211754,0.027451334979437747
reversal_1m_sector_neutral,2014-04-30,3,10,-0.017992355838984155,-0.020826000531495747,0.007513064107097645
reversal_1m_sector_neutral,2014-04-30,4,10,0.012213488981663611,0.002642085847854969,0.03771890892774541
reversal_1m_sector_neutral,2014-04-30,5,10,0.030870267748375056,0.0011004136171798296,0.056375687694456854
reversal_1m_sector_neutral,2014-05-30,1,10,0.0020425055708649166,0.00233588220442682,0.021206505779880903
reversal_1m_sector_neutral,2014-05-30,2,10,0.010693117605479207,0.017780915943293563,0.029857117814495193
reversal_1m_sector_neutral,2014-05-30,3,10,0.0006933201894067209,-0.006043535900384311,0.019857320398422706
reversal_1m_sector_neutral,2014-05-30,4,10,0.0011868544575334371,-0.0026209849360415705,0.02035085466654942
reversal_1m_sector_neutral,2014-05-30,5,10,0.0027741980855677693,0.0004142306852887856,0.021938198294583756
reversal_1m_sector_neutral,2014-06-30,1,10,0.0030811349506519536,0.002635206047835903,0.01083729187840573
reversal_1m_sector_neutral,2014-06-30,2,10,-0.011870424006353552,-0.0128705982412467,-0.004114267078599776
reversal_1m_sector_neutral,2014-06-30,3,10,-0.006631079035728437,-0.011383467233589628,0.001125077892025339
reversal_1m_sector_neutral,2014-06-30,4,10,-0.004270404964974684,0.004626926375695617,0.0034857519627790935
reversal_1m_sector_neutral,2014-06-30,5,10,-0.0036621099472511466,0.0031567354645686274,0.00409404698050263
reversal_1m_sector_neutral,2014-07-31,1,10,-0.002640849676374124,-0.007124744399138239,0.03919730976973623
reversal_1m_sector_neutral,2014-07-31,2,10,-0.0044305880992901335,-0.014905427103629854,0.037407571346820226
reversal_1m_sector_neutral,2014-07-31,3,10,-0.003991348371098014,-0.0007502079831751551,0.037846811075012345
reversal_1m_sector_neutral,2014-07-31,4,10,0.006457795317228588,0.01394626125786258,0.04829595476333894
reversal_1m_sector_neutral,2014-07-31,5,10,0.045065532443319734,0.017171221589158958,0.08690369188943009
reversal_1m_sector_neutral,2014-08-29,1,10,-0.02496892079521701,-0.011315170626669091,-0.020951706635358225
reversal_1m_sector_neutral,2014-08-29,2,10,-0.001507504472861154,0.0036767811580855625,0.00250970968699763
reversal_1m_sector_neutral,2014-08-29,3,10,-0.01775520793995795,-0.0021017281389524856,-0.013737993780099166
reversal_1m_sector_neutral,2014-08-29,4,10,-0.003618641011527912,-0.017548381266740187,0.0003985731483308719
reversal_1m_sector_neutral,2014-08-29,5,10,-0.0005129601500152182,0.006108726342910598,0.003504254009843566
reversal_1m_sector_neutral,2014-09-30,1,10,-0.009392841775342697,-0.009367668156303133,0.0010196894671600453
reversal_1m_sector_neutral,2014-09-30,2,10,-0.001443648015389265,0.0010518126185483645,0.008968883227113478
reversal_1m_sector_neutral,2014-09-30,3,10,-0.006102409756647409,-0.006336942248844624,0.0043101214858553335
reversal_1m_sector_neutral,2014-09-30,4,10,0.012195612656532651,0.010460524381579628,0.022608143899035392
reversal_1m_sector_neutral,2014-09-30,5,10,-0.023060812810555366,0.004775780772238836,-0.012648281568052621
reversal_1m_sector_neutral,2014-10-31,1,10,0.009964049629173476,0.005175875560767151,0.05367611627742948
reversal_1m_sector_neutral,2014-10-31,2,10,-0.0066744957588792285,0.005495144544225172,0.03703757088937677
reversal_1m_sector_neutral,2014-10-31,3,10,-0.02011122645831994,-0.015197467941922338,0.023600840189936058
reversal_1m_sector_neutral,2014-10-31,4,10,-0.008953813808984069,-0.014360664842061333,0.03475825283927193
reversal_1m_sector_neutral,2014-10-31,5,10,-0.008344736212185655,0.014924896147383127,0.03536733043607034
reversal_1m_sector_neutral,2014-11-28,1,10,-0.022004926967327733,-0.025396682182592556,4.449591569263278e-05
reversal_1m_sector_neutral,2014-11-28,2,10,-0.0051465630100711365,-0.002169803958994021,0.016902859872949226
reversal_1m_sector_neutral,2014-11-28,3,10,-0.00011535931788977382,0.0011131583328347627,0.021934063565130592
reversal_1m_sector_neutral,2014-11-28,4,10,-0.012939320104623685,0.002363043149892996,0.009110102778396679
reversal_1m_sector_neutral,2014-11-28,5,10,-0.010417506719485558,0.003383613432015431,0.011631916163534806
reversal_1m_sector_neutral,2014-12-31,1,10,0.004514472837503047,0.017351692680024566,-0.004407714179313749
reversal_1m_sector_neutral,2014-12-31,2,10,-0.014340522454644422,-0.004064530629280805,-0.023262709471461217
reversal_1m_sector_neutral,2014-12-31,3,10,-0.01712708239761528,-0.018636378205411308,-0.026049269414432075
reversal_1m_sector_neutral,2014-12-31,4,10,0.021331980785746663,-0.004888676386517188,0.012409793768929867
reversal_1m_sector_neutral,2014-12-31,5,10,0.003989753463055634,-0.01932586872320191,-0.004932433553761162
reversal_1m_sector_neutral,2015-01-30,1,10,0.0050083970697646805,0.01774238758036384,0.06548725689636718
reversal_1m_sector_neutral,2015-01-30,2,10,-0.013982238445074935,-0.0011218849238184836,0.04649662138152757
reversal_1m_sector_neutral,2015-01-30,3,10,-0.008566794610759442,-0.009818979777830084,0.05191206521584306
reversal_1m_sector_neutral,2015-01-30,4,10,0.008975856305974684,0.007947610833139107,0.06945471613257719
reversal_1m_sector_neutral,2015-01-30,5,10,-0.00508340731800081,-0.018229833625881264,0.05539545250860169
reversal_1m_sector_neutral,2015-02-27,1,10,0.015822676784899938,0.00404624916127172,0.006104362640711935
reversal_1m_sector_neutral,2015-02-27,2,10,0.003693042647774136,-0.0035730659712153168,-0.0060252714964138645
reversal_1m_sector_neutral,2015-02-27,3,10,-0.019111594035542488,-0.006312547272883162,-0.02882990817973049
reversal_1m_sector_neutral,2015-02-27,4,10,-0.00432024944800663,0.0003986935454857732,-0.01403856359219463
reversal_1m_sector_neutral,2015-02-27,5,10,0.005845251181568334,0.0005317385263213237,-0.0038730629626196667
reversal_1m_sector_neutral,2015-03-31,1,10,-0.03014458082393623,-0.045085827765490194,-0.03263548780670872
reversal_1m_sector_neutral,2015-03-31,2,10,0.013713640907362146,0.011817865431188623,0.011222733924589657
reversal_1m_sector_neutral,2015-03-31,3,10,-0.008304594370258234,-0.01859521695105326,-0.010795501353030723
reversal_1m_sector_neutral,2015-03-31,4,10,0.02975974398202367,0.00010234436752598608,0.02726883699925118
reversal_1m_sector_neutral,2015-03-31,5,10,0.0906170706608247,0.056440765079961486,0.0881261636780522
reversal_1m_sector_neutral,2015-04-30,1,10,0.006923888276864953,-0.004759704946271537,0.02806067896234964
reversal_1m_sector_neutral,2015-04-30,2,10,0.0019512252411140075,0.011348607611838313,0.023088015926598694
reversal_1m_sector_neutral,2015-04-30,3,10,-0.0014920110528312991,0.004852934244464979,0.019644779632653386
reversal_1m_sector_neutral,2015-04-30,4,10,-0.019797983768625092,-0.008213673452440728,0.0013388069168595918
reversal_1m_sector_neutral,2015-04-30,5,10,0.027246220910667817,0.0023466700639944715,0.048383011596152506
reversal_1m_sector_neutral,2015-05-29,1,10,0.014458145087010965,0.004136576247808499,-0.011580350345314539
reversal_1m_sector_neutral,2015-05-29,2,10,0.020248923853693958,0.026133451121171714,-0.0057895715786315475
reversal_1m_sector_neutral,2015-05-29,3,10,-0.003114626497647377,-0.0033848156853308886,-0.02915312192997288
reversal_1m_sector_neutral,2015-05-29,4,10,-0.0010944591628300527,0.009728529468905456,-0.027132954595155558
reversal_1m_sector_neutral,2015-05-29,5,10,-0.005167178425219942,-0.019554165582787664,-0.031205673857545448
reversal_1m_sector_neutral,2015-06-30,1,10,-0.02627386320828695,-0.029026520792944488,0.007658340847954692
reversal_1m_sector_neutral,2015-06-30,2,10,0.017724096375194075,0.008499526315553951,0.05165630043143572
reversal_1m_sector_neutral,2015-06-30,3,10,-0.022898823966351768,0.0,0.011033380089889877
reversal_1m_sector_neutral,2015-06-30,4,10,0.004084027922821909,0.0004126366130838832,0.03801623197906355
reversal_1m_sector_neutral,2015-06-30,5,10,0.027853509838093406,0.0038823102180327584,0.06178571389433505
reversal_1m_sector_neutral,2015-07-31,1,10,0.004170944143347855,0.005805768972877157,-0.04936314360052345
reversal_1m_sector_neutral,2015-07-31,2,10,-0.02436226254277838,-0.02608999017941882,-0.07789635028664968
reversal_1m_sector_neutral,2015-07-31,3,10,0.027575020731668752,0.009965185540985688,-0.025959067012202554
reversal_1m_sector_neutral,2015-07-31,4,10,0.009309408775934558,0.012083028917052097,-0.04422467896793675
reversal_1m_sector_neutral,2015-07-31,5,10,-0.009948492133425968,-0.011670014519524596,-0.06348257987729727
reversal_1m_sector_neutral,2015-08-31,1,10,-0.022300324863954113,-0.0018267520451073493,-0.030021718402678588
reversal_1m_sector_neutral,2015-08-31,2,10,0.009817501484284785,0.011406779118671495,0.0020961079455603104
reversal_1m_sector_neutral,2015-08-31,3,10,0.007636059141569884,-0.0017565702432553731,-8.533439715459057e-05
reversal_1m_sector_neutral,2015-08-31,4,10,-0.01168848702258477,-0.014910238686466348,-0.019409880561309246
reversal_1m_sector_neutral,2015-08-31,5,10,-0.03208306016402636,-0.006629879389200011,-0.03980445370275083
reversal_1m_sector_neutral,2015-09-30,1,10,-0.015353622596460082,-0.01534763487894164,0.07608878813975609
reversal_1m_sector_neutral,2015-09-30,2,10,0.011037437706995723,0.031121887709457674,0.1024798484432119
reversal_1m_sector_neutral,2015-09-30,3,10,0.019158303174227998,0.004433358412829547,0.11060071391044417
reversal_1m_sector_neutral,2015-09-30,4,10,-0.047114241406462684,-0.01822040871011721,0.04432816932975349
reversal_1m_sector_neutral,2015-09-30,5,10,0.0022253296151452996,0.010448969774677574,0.09366774035136147
reversal_1m_sector_neutral,2015-10-30,1,10,0.01955665791854686,0.006496834192044276,0.04087281223823478
reversal_1m_sector_neutral,2015-10-30,2,10,-0.013174670634569775,-0.01682999441325822,0.008141483685118144
reversal_1m_sector_neutral,2015-10-30,3,10,-0.019002230284378318,-0.0030634256254089554,0.0023139240353096
reversal_1m_sector_neutral,2015-10-30,4,10,0.008938157547819191,0.007109045411864745,0.03025431186750711
reversal_1m_sector_neutral,2015-10-30,5,10,0.022799600838726376,0.004124624818496847,0.044115755158414295
reversal_1m_sector_neutral,2015-11-30,1,10,0.010771588043161296,0.009762560382523211,0.01919212018925547
reversal_1m_sector_neutral,2015-11-30,2,10,-0.007286438935688843,-0.015830049671418045,0.001134093210405329
reversal_1m_sector_neutral,2015-11-30,3,10,-0.01714574638980395,-0.00590132112686409,-0.008725214243709778
reversal_1m_sector_neutral,2015-11-30,4,10,-0.011961614776053665,0.00490990369937816,-0.003541082629959491
reversal_1m_sector_neutral,2015-11-30,5,10,-0.014597703820606923,-0.006377606250548229,-0.006177171674512749
reversal_1m_sector_neutral,2015-12-31,1,10,0.02119103690654429,-0.01507607192507232,-0.05322518859180385
reversal_1m_sector_neutral,2015-12-31,2,10,0.008256291732515486,0.00954500924519558,-0.06615993376583265
reversal_1m_sector_neutral,2015-12-31,3,10,0.02986724122475539,0.02488894959337007,-0.04454898427359275
reversal_1m_sector_neutral,2015-12-31,4,10,-0.01026271221050048,-0.0073278441039053566,-0.08467893770884863
reversal_1m_sector_neutral,2015-12-31,5,10,-0.020816303613836695,-0.011340359071702222,-0.09523252911218484
reversal_1m_sector_neutral,2016-01-29,1,10,-0.016115974228209505,-0.00866715344866309,0.0006422857844771479
reversal_1m_sector_neutral,2016-01-29,2,10,-0.00045913053481447805,-0.00461944737593567,0.016299129477872175
reversal_1m_sector_neutral,2016-01-29,3,10,-0.004393256250865419,0.0014422447474408129,0.012365003761821236
reversal_1m_sector_neutral,2016-01-29,4,10,0.02598622151436154,0.0030518080094180666,0.0427444815270482
reversal_1m_sector_neutral,2016-01-29,5,10,0.006512871532499043,0.0021575071791607447,0.023271131545185696
reversal_1m_sector_neutral,2016-02-29,1,10,0.005192676995133838,0.0028608655332855726,0.08238526932443183
reversal_1m_sector_neutral,2016-02-29,2,10,-0.012116892551621693,-0.03602780761427671,0.06507569977767629
reversal_1m_sector_neutral,2016-02-29,3,10,0.004445647217048943,0.003396093641514275,0.08163823954634693
reversal_1m_sector_neutral,2016-02-29,4,10,0.011600043421054607,-0.004691819097132011,0.0887926357503526
reversal_1m_sector_neutral,2016-02-29,5,10,0.008720736057536416,0.0055676285486251365,0.0859133283868344
reversal_1m_sector_neutral,2016-03-31,1,10,0.008166171882667283,0.012086965294448637,0.019521648945140812
reversal_1m_sector_neutral,2016-03-31,2,10,-0.03510865242583611,-0.014655318204198575,-0.023753175363362578
reversal_1m_sector_neutral,2016-03-31,3,10,-0.010161742317141731,-0.004044694813491678,0.0011937347453317981
reversal_1m_sector_neutral,2016-03-31,4,10,0.017188261326628873,0.0117540930772001,0.028543738389102402
reversal_1m_sector_neutral,2016-03-31,5,10,0.022075200036370146,0.02332375354933247,0.033430677098843675
reversal_1m_sector_neutral,2016-04-29,1,10,0.03007519759239726,0.011665790687620414,0.042127271411632826
reversal_1m_sector_neutral,2016-04-29,2,10,0.0038553630564800655,0.005159879607360751,0.01590743687571563
reversal_1m_sector_neutral,2016-04-29,3,10,-0.002776266893739876,0.0,0.009275806925495688
reversal_1m_sector_neutral,2016-04-29,4,10,-0.014089819278851556,-0.017141087428414747,-0.0020377454596159916
reversal_1m_sector_neutral,2016-04-29,5,10,0.018998841719475378,0.00924069259036342,0.031050915538710942
reversal_1m_sector_neutral,2016-05-31,1,10,-0.01498996422929324,-0.004426823926067691,-0.016286216867950308
reversal_1m_sector_neutral,2016-05-31,2,10,-0.019012298432357168,-0.020075056421042514,-0.020308551071014237
reversal_1m_sector_neutral,2016-05-31,3,10,0.014786386292915853,0.024868164310811958,0.013490133654258784
reversal_1m_sector_neutral,2016-05-31,4,10,-0.008522643880598157,-0.005434856118515963,-0.009818896519255226
reversal_1m_sector_neutral,2016-05-31,5,10,-0.004641223410718998,0.003309682370116529,-0.005937476049376067
reversal_1m_sector_neutral,2016-06-30,1,10,-0.01934217195808836,-0.03437949742849722,0.027753706497525
reversal_1m_sector_neutral,2016-06-30,2,10,0.004698859064765593,-0.006890099612714584,0.051794737520378956
reversal_1m_sector_neutral,2016-06-30,3,10,-0.01841234802695082,-0.015468795445183425,0.02868353042866254
reversal_1m_sector_neutral,2016-06-30,4,10,0.009818951886050475,0.010238233028157073,0.056914830341663836
reversal_1m_sector_neutral,2016-06-30,5,10,0.026474645542383678,0.035632179381201334,0.07357052399799704
reversal_1m_sector_neutral,2016-07-29,1,10,-0.0009224547732662125,-0.005853818699956714,0.009816003460382394
reversal_1m_sector_neutral,2016-07-29,2,10,-0.005761723088864079,-0.005941518398422718,0.004976735144784528
reversal_1m_sector_neutral,2016-07-29,3,10,-0.0030809841689418025,0.002021662824103654,0.007657474064706804
reversal_1m_sector_neutral,2016-07-29,4,10,0.007744602664995959,0.02389036706564074,0.018483060898644564
reversal_1m_sector_neutral,2016-07-29,5,10,0.007231013717719859,-0.0012472178198351669,0.017969471951368464
reversal_1m_sector_neutral,2016-08-31,1,10,0.012022300225989746,0.0018312150279845563,0.016453354377234865
reversal_1m_sector_neutral,2016-08-31,2,10,-0.006318061958751486,-0.0040824115704871655,-0.001887007807506369
reversal_1m_sector_neutral,2016-08-31,3,10,0.0006389842451604011,-0.0004922676950170901,0.0050700383964055185
reversal_1m_sector_neutral,2016-08-31,4,10,-0.007413319735242807,-0.011681981037773681,-0.0029822655839976896
reversal_1m_sector_neutral,2016-08-31,5,10,-6.140100177067786e-05,0.008363118819846305,0.004369653149474439
reversal_1m_sector_neutral,2016-09-30,1,10,-0.003000909119820749,0.0006825069441411258,-0.017533347078861217
reversal_1m_sector_neutral,2016-09-30,2,10,-0.0038420225678820084,-0.004777231630740286,-0.018374460526922477
reversal_1m_sector_neutral,2016-09-30,3,10,0.023421077636574462,0.009848795024113566,0.008888639677533994
reversal_1m_sector_neutral,2016-09-30,4,10,0.0014157202870205832,0.004559176312734947,-0.013116717672019884
reversal_1m_sector_neutral,2016-09-30,5,10,0.002500276100011556,-0.001011920276788314,-0.012032161859028912
reversal_1m_sector_neutral,2016-10-31,1,10,0.057255890635427485,0.04904132391003613,0.08742445127684487
reversal_1m_sector_neutral,2016-10-31,2,10,0.008860596363597484,-0.024767196093579857,0.03902915700501486
reversal_1m_sector_neutral,2016-10-31,3,10,-0.004281049567523787,-0.031680449142202305,0.025887511073893588
reversal_1m_sector_neutral,2016-10-31,4,10,-0.036452008840972897,-0.026624136134506537,-0.006283448199555519
reversal_1m_sector_neutral,2016-10-31,5,10,0.011233003652000561,0.049515222620930666,0.04140156429341794
reversal_1m_sector_neutral,2016-11-30,1,10,0.02240385812358363,0.010776373422930474,0.04467795402674472
reversal_1m_sector_neutral,2016-11-30,2,10,-0.00020149297973364176,-0.0015404924132422781,0.022072602923427453
reversal_1m_sector_neutral,2016-11-30,3,10,-0.012023057468475817,-0.003030254417478284,0.010251038434685278
reversal_1m_sector_neutral,2016-11-30,4,10,0.00450879250026377,0.010890125494679381,0.026782888403424864
reversal_1m_sector_neutral,2016-11-30,5,10,0.010633349144094695,-0.010430325116905559,0.03290744504725579
reversal_1m_sector_neutral,2016-12-30,1,10,0.028568426755947774,0.03857826171996526,0.05129585910872263
reversal_1m_sector_neutral,2016-12-30,2,10,-0.017321156177131525,-0.03703713032283362,0.005406276175643332
reversal_1m_sector_neutral,2016-12-30,3,10,0.0013824832458117942,0.0005060668120568934,0.02410991559858665
reversal_1m_sector_neutral,2016-12-30,4,10,0.005739247831636573,0.005445356313119931,0.02846668018441143
reversal_1m_sector_neutral,2016-12-30,5,10,0.0037366601142149293,0.023307012825952822,0.026464092466989785
reversal_1m_sector_neutral,2017-01-31,1,10,-0.010624786129160357,-0.006939987475010678,0.037551610090677576
reversal_1m_sector_neutral,2017-01-31,2,10,0.01960968259532314,0.01971476595949162,0.06778607881516108
reversal_1m_sector_neutral,2017-01-31,3,10,-0.003174491939556168,-0.007838902107172752,0.045001904280281765
reversal_1m_sector_neutral,2017-01-31,4,10,-0.005593981623384825,0.0020350148965357917,0.04258241459645311
reversal_1m_sector_neutral,2017-01-31,5,10,-0.0005900774669212794,0.001280519118783352,0.047586318752916655
reversal_1m_sector_neutral,2017-02-28,1,10,-0.005176585916342768,-0.009751181116807062,-0.0002565211561879388
reversal_1m_sector_neutral,2017-02-28,2,10,0.0004063275016801926,0.0023341986284070027,0.0053263922618350225
reversal_1m_sector_neutral,2017-02-28,3,10,-0.012159725303440871,-0.015410392191955447,-0.007239660543286041
reversal_1m_sector_neutral,2017-02-28,4,10,-0.002567871123078269,-0.01606006585125247,0.0023521936370765606
reversal_1m_sector_neutral,2017-02-28,5,10,0.02844371048037374,0.016666955309704523,0.03336377524052857
reversal_1m_sector_neutral,2017-03-31,1,10,0.0006342742096544396,0.01629096316094958,0.02885365176273368
reversal_1m_sector_neutral,2017-03-31,2,10,0.0030306415262844723,-0.009019528496239215,0.031250019079363714
reversal_1m_sector_neutral,2017-03-31,3,10,-0.0029915147843983638,0.006646559805481567,0.025227862768680876
reversal_1m_sector_neutral,2017-03-31,4,10,-0.013131349152946881,-0.015289235798395973,0.015088028400132358
reversal_1m_sector_neutral,2017-03-31,5,10,-0.0012212968796993962,-0.018569743760346258,0.026998080673379842
reversal_1m_sector_neutral,2017-04-28,1,10,0.004641947954295345,0.01468538863384028,0.03005697037490679
reversal_1m_sector_neutral,2017-04-28,2,10,-0.004838041151050421,-0.007933145063162561,0.020576981269561024
reversal_1m_sector_neutral,2017-04-28,3,10,0.0032437715866914683,-0.0007087674887978901,0.028658794007302913
reversal_1m_sector_neutral,2017-04-28,4,10,-0.019561451841754462,-0.003675097866670196,0.005853570578856981
reversal_1m_sector_neutral,2017-04-28,5,10,0.014900015709941017,-0.024082573025574705,0.04031503813055246
reversal_1m_sector_neutral,2017-05-31,1,10,0.001778977038341789,-0.005644302770553056,-0.0024041597278772753
reversal_1m_sector_neutral,2017-05-31,2,10,-0.0054889010154319014,0.006704432141869665,-0.009672037781650966
reversal_1m_sector_neutral,2017-05-31,3,10,0.0029160756487801474,-0.0031944336635416626,-0.0012670611174389168
reversal_1m_sector_neutral,2017-05-31,4,10,0.01584619448797433,-0.0034471993229709397,0.011663057721755266
reversal_1m_sector_neutral,2017-05-31,5,10,0.038514274315948394,0.027259597102563426,0.03433113754972933
reversal_1m_sector_neutral,2017-06-30,1,10,-0.010468402423266021,-0.010771923095086122,0.011338035800737833
reversal_1m_sector_neutral,2017-06-30,2,10,0.013650483435430471,0.01064835484328841,0.03545692165943433
reversal_1m_sector_neutral,2017-06-30,3,10,0.0026486593995688314,0.003639593926112572,0.024455097623572685
reversal_1m_sector_neutral,2017-06-30,4,10,-0.009193265107662418,-0.005940159133051237,0.012613173116341437
reversal_1m_sector_neutral,2017-06-30,5,10,0.025633975782537854,0.013689200897719633,0.04744041400654171
reversal_1m_sector_neutral,2017-07-31,1,10,0.0005136265659931083,0.016874071070760666,-0.00013712861431965928
reversal_1m_sector_neutral,2017-07-31,2,10,-0.0020102631809084002,0.01691364786456684,-0.002661018361221168
reversal_1m_sector_neutral,2017-07-31,3,10,0.007514642798236082,0.0007700530584411336,0.006863887617923314
reversal_1m_sector_neutral,2017-07-31,4,10,-0.010290267604337933,-0.008460299506095337,-0.0109410227846507
reversal_1m_sector_neutral,2017-07-31,5,10,-3.1380631381860978e-06,-0.009312093435857594,-0.0006538932434509536
reversal_1m_sector_neutral,2017-08-31,1,10,0.0011755723355164616,-0.009382483829698529,0.022179213830481492
reversal_1m_sector_neutral,2017-08-31,2,10,0.005938793482368821,0.018839236944903304,0.02694243497733385
reversal_1m_sector_neutral,2017-08-31,3,10,0.03187130000966434,0.03410122395277415,0.05287494150462937
reversal_1m_sector_neutral,2017-08-31,4,10,0.002602211188859138,0.001453376059041278,0.023605852683824168
reversal_1m_sector_neutral,2017-08-31,5,10,0.01309053809500893,-0.0028283877968022786,0.03409417958997396
reversal_1m_sector_neutral,2017-09-29,1,10,-0.002471153352462241,-0.022142524812254205,0.036486580593807424
reversal_1m_sector_neutral,2017-09-29,2,10,0.008989365719303356,0.0071910403002803935,0.04794709966557302
reversal_1m_sector_neutral,2017-09-29,3,10,0.005819638919420167,0.01563917015265004,0.044777372865689835
reversal_1m_sector_neutral,2017-09-29,4,10,-0.00164047617386901,0.011046406702875933,0.03731725777240066
reversal_1m_sector_neutral,2017-09-29,5,10,-0.01257091837593971,0.0033572246892771274,0.026386815570329958
reversal_1m_sector_neutral,2017-10-31,1,10,0.0018138232572478263,-0.0024691528847695654,0.030852155948734417
reversal_1m_sector_neutral,2017-10-31,2,10,0.0031925604660321795,0.0014563008989436632,0.03223089315751877
reversal_1m_sector_neutral,2017-10-31,3,10,-0.010941332486926136,-0.015842866628791086,0.018097000204560454
reversal_1m_sector_neutral,2017-10-31,4,10,0.010410685175647971,-2.8263108935555614e-05,0.03944901786713456
reversal_1m_sector_neutral,2017-10-31,5,10,0.04337958798059188,0.013487342738411345,0.07241792067207847
reversal_1m_sector_neutral,2017-11-30,1,10,0.008700113781785502,0.010337586320664949,0.02982017968561592
reversal_1m_sector_neutral,2017-11-30,2,10,0.0010661626751190868,0.00030719372670728884,0.02218622857894951
reversal_1m_sector_neutral,2017-11-30,3,10,0.004559784843702719,0.0036194044373210055,0.02567985074753314
reversal_1m_sector_neutral,2017-11-30,4,10,0.00663370722621971,-0.0014065379990390037,0.02775377313005013
reversal_1m_sector_neutral,2017-11-30,5,10,0.0012657399512236323,-0.004532692067293231,0.022385805855054054
reversal_1m_sector_neutral,2017-12-29,1,10,0.0010050559301569063,0.005445543724729385,0.067667897201134
reversal_1m_sector_neutral,2017-12-29,2,10,-0.0077953737403904984,-0.014414240068023165,0.0588674675305866
reversal_1m_sector_neutral,2017-12-29,3,10,0.01192967768830997,0.0077262554462471655,0.07859251895928707
reversal_1m_sector_neutral,2017-12-29,4,10,0.004963694923329698,-9.581455253537818e-05,0.0716265361943068
reversal_1m_sector_neutral,2017-12-29,5,10,0.007056721158527801,0.0006580381730552087,0.0737195624295049
reversal_1m_sector_neutral,2018-01-31,1,10,0.034455463758930195,0.029530123091476068,-0.01721767230366813
reversal_1m_sector_neutral,2018-01-31,2,10,-0.019614609478160683,-0.013318276174028532,-0.071287745540759
reversal_1m_sector_neutral,2018-01-31,3,10,-0.005133843157108442,-0.0042791847439742625,-0.05680697921970677
reversal_1m_sector_neutral,2018-01-31,4,10,-0.00766261400998487,-0.011236333469978932,-0.059335750072583196
reversal_1m_sector_neutral,2018-01-31,5,10,0.005625996785948162,-0.0019370523248549154,-0.04604713927665016
reversal_1m_sector_neutral,2018-02-28,1,10,-0.0231193673228944,-0.005524960181542027,-0.04516664055239058
reversal_1m_sector_neutral,2018-02-28,2,10,-0.00709970556563001,-0.013293596170553978,-0.029146978795126188
reversal_1m_sector_neutral,2018-02-28,3,10,0.02125071465117905,0.02487699701258994,-0.0007965585783171302
reversal_1m_sector_neutral,2018-02-28,4,10,-0.02140869019149777,-0.020512211364992594,-0.04345596342099395
reversal_1m_sector_neutral,2018-02-28,5,10,0.001920141498468042,0.009469565317399176,-0.020127131731028137
reversal_1m_sector_neutral,2018-03-29,1,10,0.043005356627515964,0.03618354731233253,0.045973364840233885
reversal_1m_sector_neutral,2018-03-29,2,10,0.006775234903332339,-2.40505699072302e-05,0.00974324311605026
reversal_1m_sector_neutral,2018-03-29,3,10,-0.013526132750654197,-0.01301061661857078,-0.010558124537936276
reversal_1m_sector_neutral,2018-03-29,4,10,0.010908543244560564,-0.007001253488618353,0.013876551457278485
reversal_1m_sector_neutral,2018-03-29,5,10,0.013373447228931811,-0.0011875767538248594,0.016341455441649732
reversal_1m_sector_neutral,2018-04-30,1,10,-0.010491856701841195,-0.012277507771528584,0.025196026081236354
reversal_1m_sector_neutral,2018-04-30,2,10,-0.013702448750463014,-0.021426832748450253,0.021985434032614538
reversal_1m_sector_neutral,2018-04-30,3,10,0.0011147632162692989,-0.005048221540936981,0.03680264599934685
reversal_1m_sector_neutral,2018-04-30,4,10,0.020697352418596947,0.03083202748224756,0.0563852352016745
reversal_1m_sector_neutral,2018-04-30,5,10,0.01861415172735551,0.017557995645810953,0.05430203451043306
reversal_1m_sector_neutral,2018-05-31,1,10,-0.004927786499624398,-0.008587351338158133,0.0083115164901451
reversal_1m_sector_neutral,2018-05-31,2,10,0.023490480559122773,0.01707327850848428,0.03672978354889227
reversal_1m_sector_neutral,2018-05-31,3,10,-0.008941935430769344,0.005054664034066403,0.004297367559000153
reversal_1m_sector_neutral,2018-05-31,4,10,-0.017103694978927185,-0.028300719305794197,-0.0038643919891576894
reversal_1m_sector_neutral,2018-05-31,5,10,0.005512859836723827,-0.0023038059664688415,0.018752162826493324
reversal_1m_sector_neutral,2018-06-29,1,10,-0.0450603152903465,-0.02503352479694887,0.001057456020362546
reversal_1m_sector_neutral,2018-06-29,2,10,0.007490740820637065,-0.0044684642574199795,0.05360851213134611
reversal_1m_sector_neutral,2018-06-29,3,10,0.006988342351857846,0.0018867376172204686,0.05310611366256689
reversal_1m_sector_neutral,2018-06-29,4,10,0.0207402251185388,0.022157482718332067,0.06685799642924785
reversal_1m_sector_neutral,2018-06-29,5,10,-0.008522345076796268,0.003182303455751323,0.03759542623391278
reversal_1m_sector_neutral,2018-07-31,1,10,0.022117906853282153,0.016881897030229576,0.05051539990290651
reversal_1m_sector_neutral,2018-07-31,2,10,-0.019023367650145152,-0.00886231322885278,0.009374125399479205
reversal_1m_sector_neutral,2018-07-31,3,10,-0.0015003539267722577,-4.258525276157332e-05,0.026897139122852097
reversal_1m_sector_neutral,2018-07-31,4,10,0.019460259851592433,0.008583034064519768,0.047857752901216785
reversal_1m_sector_neutral,2018-07-31,5,10,0.0175554645875007,0.012721233462952397,0.04595295763712506
reversal_1m_sector_neutral,2018-08-31,1,10,-0.0022330514438246075,0.00295284123521522,0.01801067504227035
reversal_1m_sector_neutral,2018-08-31,2,10,-0.0019177262245135384,-0.0016888749979839801,0.01832600026158142
reversal_1m_sector_neutral,2018-08-31,3,10,0.01153744083963788,0.004847635989109866,0.03178116732573284
reversal_1m_sector_neutral,2018-08-31,4,10,-0.008777796467311161,0.010758455046430249,0.011465930018783798
reversal_1m_sector_neutral,2018-08-31,5,10,0.0013847977522979948,-0.023966282342235745,0.021628524238392954
reversal_1m_sector_neutral,2018-09-28,1,10,-0.042660824545501255,-0.041853437934182613,-0.13720847852269333
reversal_1m_sector_neutral,2018-09-28,2,10,0.007532913180239131,-0.014590743572220621,-0.08701474079695293
reversal_1m_sector_neutral,2018-09-28,3,10,0.01164713271370299,0.01423763705684361,-0.08290052126348907
reversal_1m_sector_neutral,2018-09-28,4,10,0.03858930174752664,0.032422891544076404,-0.05595835222966542
reversal_1m_sector_neutral,2018-09-28,5,10,0.03470597191270226,-0.009804728905016269,-0.059841682064489796
reversal_1m_sector_neutral,2018-10-31,1,10,-0.05092204443944306,-0.02560110603969812,-0.008459321922223784
reversal_1m_sector_neutral,2018-10-31,2,10,-0.006293482293154506,0.002965153076945226,0.03616924022406477
reversal_1m_sector_neutral,2018-10-31,3,10,0.009739445728484486,0.01915719459087728,0.05220216824570376
reversal_1m_sector_neutral,2018-10-31,4,10,-0.005634576732705987,0.0039008239694872104,0.03682814578451329
reversal_1m_sector_neutral,2018-10-31,5,10,-0.027928852712114684,-0.026864805771281808,0.014533869805104594
reversal_1m_sector_neutral,2018-11-30,1,10,0.007402203768174897,-0.0010675539147241841,-0.09628409952078128
reversal_1m_sector_neutral,2018-11-30,2,10,0.0033956729176484513,0.014959384312438373,-0.10029063037130773
reversal_1m_sector_neutral,2018-11-30,3,10,0.002393602853190424,0.002725199283667379,-0.10129270043576574
reversal_1m_sector_neutral,2018-11-30,4,10,0.004510417310245407,-0.013746375340786599,-0.09917588597871077
reversal_1m_sector_neutral,2018-11-30,5,10,0.0005956956257714751,0.01660996966864553,-0.1030906076631847
reversal_1m_sector_neutral,2018-12-31,1,10,-0.04933776143031319,-0.023276025805938683,0.019160165831234276
reversal_1m_sector_neutral,2018-12-31,2,10,-0.031693251618759834,-0.039269546448454706,0.03680467564278763
reversal_1m_sector_neutral,2018-12-31,3,10,0.031480277972199856,0.013784991789451806,0.09997820523374731
reversal_1m_sector_neutral,2018-12-31,4,10,0.011256826255826668,0.007506918083039937,0.07975475351737413
reversal_1m_sector_neutral,2018-12-31,5,10,0.036164764571559836,0.022696161258248804,0.10466269183310731
reversal_1m_sector_neutral,2019-01-31,1,10,-0.03171398956793721,-0.01823186855822101,0.007486513952370921
reversal_1m_sector_neutral,2019-01-31,2,10,0.006487765801135503,0.011419037913769192,0.04568826932144363
reversal_1m_sector_neutral,2019-01-31,3,10,0.011092087746203317,0.015072836966513625,0.05029259126651144
reversal_1m_sector_neutral,2019-01-31,4,10,0.007932243689303741,0.01888135782210798,0.04713274720961187
reversal_1m_sector_neutral,2019-01-31,5,10,-0.01087586849495047,-0.014375885769516317,0.028324635025357658
reversal_1m_sector_neutral,2019-02-28,1,10,0.023196656461849742,0.012192774739224088,0.053284307925931286
reversal_1m_sector_neutral,2019-02-28,2,10,-0.010679413573489994,-0.00143372477942183,0.01940823789059155
reversal_1m_sector_neutral,2019-02-28,3,10,-0.0024261776949498935,-0.005749526986323805,0.02766147376913165
reversal_1m_sector_neutral,2019-02-28,4,10,-0.016919588015360542,-0.01382988112197775,0.013168063448721002
reversal_1m_sector_neutral,2019-02-28,5,10,-0.007619061943078409,-0.009217201681335663,0.022468589521003134
reversal_1m_sector_neutral,2019-03-29,1,10,0.008191146319657294,0.014705983522136257,0.051116945508283565
reversal_1m_sector_neutral,2019-03-29,2,10,0.06173333513308528,0.012314367463158948,0.10465913432171155
reversal_1m_sector_neutral,2019-03-29,3,10,-0.05322064952568193,-0.04036932495916401,-0.01029485033705566
reversal_1m_sector_neutral,2019-03-29,4,10,0.004007995503987183,0.00015240499525204232,0.046933794692613454
reversal_1m_sector_neutral,2019-03-29,5,10,0.010944098166186555,0.005790282088413257,0.053869897354812825
reversal_1m_sector_neutral,2019-04-30,1,10,-0.02204790300504994,-0.005506780089649499,-0.07412932904087349
reversal_1m_sector_neutral,2019-04-30,2,10,-0.007419554861450251,0.011129637159160988,-0.059500980897273806
reversal_1m_sector_neutral,2019-04-30,3,10,0.015685313458546034,0.02045580236726907,-0.03639611257727752
reversal_1m_sector_neutral,2019-04-30,4,10,0.012238879344087007,0.039884552093633174,-0.03984254669173655
reversal_1m_sector_neutral,2019-04-30,5,10,-0.040669108303550375,-0.012881452684413763,-0.09275053433937393
reversal_1m_sector_neutral,2019-05-31,1,10,-0.00921977523565778,-0.011883212893125772,0.07978250672168771
reversal_1m_sector_neutral,2019-05-31,2,10,-0.02020723027464666,-0.014068618001745192,0.06879505168269884
reversal_1m_sector_neutral,2019-05-31,3,10,-0.04231981714422432,-0.03368488558711302,0.046682464813121174
reversal_1m_sector_neutral,2019-05-31,4,10,0.008062178148909504,0.006503249345375828,0.097064460106255
reversal_1m_sector_neutral,2019-05-31,5,10,0.062012570088876465,0.04952080016326843,0.15101485204622195
reversal_1m_sector_neutral,2019-06-28,1,10,-0.01309238828283863,0.002822857044724958,0.02300313853481619
reversal_1m_sector_neutral,2019-06-28,2,10,-0.01627834826800002,-0.013613366260458726,0.019817178549654802
reversal_1m_sector_neutral,2019-06-28,3,10,-0.017540338239489174,-0.018433068234567918,0.018555188578165648
reversal_1m_sector_neutral,2019-06-28,4,10,0.02483367965371124,0.012681678459105394,0.06092920647136606
reversal_1m_sector_neutral,2019-06-28,5,10,-0.011682013766761345,-0.005675078479336904,0.024413513050893475
reversal_1m_sector_neutral,2019-07-31,1,10,-0.013616558780456589,-0.006241532289249452,-0.024803721073497265
reversal_1m_sector_neutral,2019-07-31,2,10,-0.02092926223543289,-0.024685156866797342,-0.03211642452847356
reversal_1m_sector_neutral,2019-07-31,3,10,0.025186553867876982,0.0459495026575481,0.013999391574836307
reversal_1m_sector_neutral,2019-07-31,4,10,0.0030010980881539752,-0.004139874149658163,-0.008186064204886701
reversal_1m_sector_neutral,2019-07-31,5,10,-0.005980766934461068,-0.00262971582650684,-0.017167929227501745
reversal_1m_sector_neutral,2019-08-30,1,10,-0.014077445964784895,-0.02492168096506192,-0.007353593556770244
reversal_1m_sector_neutral,2019-08-30,2,10,0.0059636076836210306,0.007884917943363878,0.012687460091635683
reversal_1m_sector_neutral,2019-08-30,3,10,-0.0017844426389992062,-0.010895008519001659,0.004939409769015446
reversal_1m_sector_neutral,2019-08-30,4,10,0.009430638139976766,0.014679873442015046,0.016154490547991417
reversal_1m_sector_neutral,2019-08-30,5,10,-0.0013161995191200537,0.017369660276218224,0.005407652888894598
reversal_1m_sector_neutral,2019-09-30,1,10,0.06261820534287703,0.051039407777279555,0.07872756866991075
reversal_1m_sector_neutral,2019-09-30,2,10,-4.783301668193074e-05,-0.015940232158884515,0.01606153031035179
reversal_1m_sector_neutral,2019-09-30,3,10,0.0006636802071448899,-0.0031506528875887563,0.016773043534178612
reversal_1m_sector_neutral,2019-09-30,4,10,-0.0072072355912657145,-0.017406181553439426,0.008902127735768007
reversal_1m_sector_neutral,2019-09-30,5,10,0.00503419398086512,0.005059590412486381,0.021143557307898842
reversal_1m_sector_neutral,2019-10-31,1,10,0.029768303584392263,0.02984554425376329,0.05781430457924981
reversal_1m_sector_neutral,2019-10-31,2,10,-0.0005897369332925284,-0.008309790035327058,0.027456264061565018
reversal_1m_sector_neutral,2019-10-31,3,10,-0.012622267645318342,0.0031240628088911038,0.015423733349539203
reversal_1m_sector_neutral,2019-10-31,4,10,-0.0039040908062816237,-0.010390777606573254,0.02414191018857592
reversal_1m_sector_neutral,2019-10-31,5,10,0.0029686631985512135,-0.00012625305395574937,0.03101466419340876
reversal_1m_sector_neutral,2019-11-29,1,10,0.031873178473554586,0.010498183012335183,0.059044876303321614
reversal_1m_sector_neutral,2019-11-29,2,10,-0.002627319925845739,-0.0026525951962237393,0.024544377903921288
reversal_1m_sector_neutral,2019-11-29,3,10,0.0023362184616994687,-0.0003182866104509685,0.029507916291466495
reversal_1m_sector_neutral,2019-11-29,4,10,-0.004968839679926462,-0.0014663555668376071,0.022202858149840566
reversal_1m_sector_neutral,2019-11-29,5,10,0.01716639173440545,0.0007911576954728883,0.04433808956417248
reversal_1m_sector_neutral,2019-12-31,1,10,0.0501487658894598,0.0051996282426777785,0.04356097413762625
reversal_1m_sector_neutral,2019-12-31,2,10,0.0019463100814549271,0.0002944965162801627,-0.004641481670378622
reversal_1m_sector_neutral,2019-12-31,3,10,0.022750325538889747,0.01597203326068597,0.016162533787056198
reversal_1m_sector_neutral,2019-12-31,4,10,0.0022630817519745496,-0.0003479472016091334,-0.004324709999859
reversal_1m_sector_neutral,2019-12-31,5,10,-0.018456156248879252,-0.02309953856844227,-0.0250439480007128
volatility_20d_sector_neutral,2014-01-31,1,10,0.010722691944705287,0.016954001806917418,0.05900696704837612
volatility_20d_sector_neutral,2014-01-31,2,10,-0.0027657419165610262,-0.01251543322135329,0.045518533187109814
volatility_20d_sector_neutral,2014-01-31,3,10,0.009227836277100354,-0.010007911945838277,0.05751211138077119
volatility_20d_sector_neutral,2014-01-31,4,10,0.02655676223190916,0.020599687743236395,0.07484103733558
volatility_20d_sector_neutral,2014-01-31,5,10,0.05345106164991444,0.009810142219462747,0.10173533675358529
volatility_20d_sector_neutral,2014-02-28,1,10,-0.01251988247130803,-0.003583164829098706,0.005862021688960273
volatility_20d_sector_neutral,2014-02-28,2,10,-0.0020137174624131004,0.00392572985618711,0.016368186697855204
volatility_20d_sector_neutral,2014-02-28,3,10,0.011422575085921404,0.015910765012616568,0.02980447924618971
volatility_20d_sector_neutral,2014-02-28,4,10,-0.032809363620348406,-0.025337154631521586,-0.014427459460080106
volatility_20d_sector_neutral,2014-02-28,5,10,-0.04419164603482395,-0.03745821101836683,-0.025809741874555647
volatility_20d_sector_neutral,2014-03-31,1,10,0.005149328767561567,0.004990320830202455,0.00831079130722211
volatility_20d_sector_neutral,2014-03-31,2,10,0.023413796436235635,0.038138403599801585,0.026575258975896177
volatility_20d_sector_neutral,2014-03-31,3,10,-0.014228413672011553,-0.006561659601283132,-0.01106695113235101
volatility_20d_sector_neutral,2014-03-31,4,10,3.0606887738293674e-05,0.010595041239914504,0.003192069427398836
volatility_20d_sector_neutral,2014-03-31,5,10,-0.02625584224352482,-0.013140001033755289,-0.023094379703864278
volatility_20d_sector_neutral,2014-04-30,1,10,0.003382464322291179,0.0004794197108101139,0.028887884268372976
volatility_20d_sector_neutral,2014-04-30,2,10,0.0015065644375486299,-0.0017097295405500423,0.02701198438363043
volatility_20d_sector_neutral,2014-04-30,3,10,-0.012003856908641263,-0.01126891327605739,0.013501563037440534
volatility_20d_sector_neutral,2014-04-30,4,10,-0.013081276344843296,-0.011271283791275843,0.012424143601238502
volatility_20d_sector_neutral,2014-04-30,5,10,0.04649549171265457,0.025537440851076676,0.07200091165873637
volatility_20d_sector_neutral,2014-05-30,1,10,0.004689359145031269,0.002254662760870607,0.023853359354047254
volatility_20d_sector_neutral,2014-05-30,2,10,-0.012913158075164632,-0.010727657694668102,0.006250842133851353
volatility_20d_sector_neutral,2014-05-30,3,10,-0.008971768968324634,-0.0010434889863593089,0.010192231240691352
volatility_20d_sector_neutral,2014-05-30,4,10,0.006146145706717343,0.01500530979618353,0.02531014591573333
volatility_20d_sector_neutral,2014-05-30,5,10,0.028439418100592705,0.020083991882889562,0.047603418309608694
volatility_20d_sector_neutral,2014-06-30,1,10,-0.0026302309851429896,0.004626926375695617,0.005125925942610787
volatility_20d_sector_neutral,2014-06-30,2,10,0.0022888705599365842,0.005607899791097215,0.010045027487690362
volatility_20d_sector_neutral,2014-06-30,3,10,-0.020741603875818526,-0.011090894420291986,-0.01298544694806475
volatility_20d_sector_neutral,2014-06-30,4,10,0.0021423512809339075,-0.006025250495436396,0.009898508208687684
volatility_20d_sector_neutral,2014-06-30,5,10,-0.004412269983564842,-0.007631782649961172,0.003343886944188934
volatility_20d_sector_neutral,2014-07-31,1,10,0.004824975388143804,-0.0113650204359671,0.04666313483425416
volatility_20d_sector_neutral,2014-07-31,2,10,0.001549066833509438,0.003687328181288252,0.043387226279619794
volatility_20d_sector_neutral,2014-07-31,3,10,-0.017837095171522866,-0.01603658206181524,0.02400106427458749
volatility_20d_sector_neutral,2014-07-31,4,10,0.0006501141936781307,0.010617317061235032,0.042488273639788486
volatility_20d_sector_neutral,2014-07-31,5,10,0.051273480369977545,0.0410668346606331,0.0931116398160879
volatility_20d_sector_neutral,2014-08-29,1,10,-0.01301208771929786,-0.017638940204616205,-0.008994873559439075
volatility_20d_sector_neutral,2014-08-29,2,10,-0.0027225446331641256,0.007337948135592964,0.0012946695266946584
volatility_20d_sector_neutral,2014-08-29,3,10,0.003332258114115505,0.004967136257302385,0.007349472273974289
volatility_20d_sector_neutral,2014-08-29,4,10,-0.011006700747711184,-0.015889402367177896,-0.0069894865878524
volatility_20d_sector_neutral,2014-08-29,5,10,-0.02495415938352158,-0.021971169640318367,-0.020936945223662795
volatility_20d_sector_neutral,2014-09-30,1,10,8.918643027556738e-05,0.0010518126185483645,0.01050171767277831
volatility_20d_sector_neutral,2014-09-30,2,10,-0.034769491375799946,-0.03516897547825254,-0.0243569601332972
volatility_20d_sector_neutral,2014-09-30,3,10,0.009041572134938591,0.005018097695128398,0.019454103377441335
volatility_20d_sector_neutral,2014-09-30,4,10,0.01466753925748987,0.009053571050167353,0.025080070499992613
volatility_20d_sector_neutral,2014-09-30,5,10,-0.01683290614830617,-0.0007595663854793044,-0.0064203749058034274
volatility_20d_sector_neutral,2014-10-31,1,10,-0.015810935176357788,-0.016375729737988842,0.02790113147189821
volatility_20d_sector_neutral,2014-10-31,2,10,-0.0040046060467794796,-0.00567920432425717,0.03970746060147652
volatility_20d_sector_neutral,2014-10-31,3,10,-0.009952816084876937,-0.020329871067382155,0.03375925056337906
volatility_20d_sector_neutral,2014-10-31,4,10,0.01097331829561531,0.019784682335185932,0.054685384943871304
volatility_20d_sector_neutral,2014-10-31,5,10,-0.015325183596796521,0.01393916918990079,0.028386883051459477
volatility_20d_sector_neutral,2014-11-28,1,10,-0.023991874388580213,-0.04104485602648783,-0.00194245150555985
volatility_20d_sector_neutral,2014-11-28,2,10,-0.007241295110358481,0.002639368222263516,0.014808127772661883
volatility_20d_sector_neutral,2014-11-28,3,10,0.01255592565053687,0.00848013754674426,0.034605348533557234
volatility_20d_sector_neutral,2014-11-28,4,10,-0.01590073581134166,-0.0005388500667756757,0.0061486870716787045
volatility_20d_sector_neutral,2014-11-28,5,10,-0.016045696459654403,-0.009023252627405831,0.006003726423365963
volatility_20d_sector_neutral,2014-12-31,1,10,-0.01721001660573379,-0.0056469568768185985,-0.026132203622550587
volatility_20d_sector_neutral,2014-12-31,2,10,-0.011082077140032986,-0.02204208097848548,-0.020004264156849784
volatility_20d_sector_neutral,2014-12-31,3,10,0.008148202903218016,0.011609545240153785,-0.0007739841135987801
volatility_20d_sector_neutral,2014-12-31,4,10,0.0015003715485302437,0.02233342328116561,-0.007421815468286552
volatility_20d_sector_neutral,2014-12-31,5,10,0.01701212152806416,-0.01606367536220976,0.008089934511247366
volatility_20d_sector_neutral,2015-01-30,1,10,-0.0037460333421954982,0.005065657000904333,0.05673282648440701
volatility_20d_sector_neutral,2015-01-30,2,10,0.013703150331375435,0.018856332620118765,0.07418201015797794
volatility_20d_sector_neutral,2015-01-30,3,10,-0.03238733631990074,-0.018980065408652158,0.028091523506701764
volatility_20d_sector_neutral,2015-01-30,4,10,0.0037739417407985252,-0.006651354829551148,0.06425280156740103
volatility_20d_sector_neutral,2015-01-30,5,10,0.005008090591826453,0.007872303451714413,0.06548695041842896
volatility_20d_sector_neutral,2015-02-27,1,10,0.0011395744635606109,-0.002240958095397816,-0.00857873968062739
volatility_20d_sector_neutral,2015-02-27,2,10,0.005436503177415408,0.01056694860732349,-0.004281810966772592
volatility_20d_sector_neutral,2015-02-27,3,10,0.0033157778677864623,0.003526310692284984,-0.006402536276401538
volatility_20d_sector_neutral,2015-02-27,4,10,0.00369312613095103,-0.004871214816813685,-0.0060251880132369704
volatility_20d_sector_neutral,2015-02-27,5,10,-0.011655854509020225,-0.007146516686081683,-0.021374168653208226
volatility_20d_sector_neutral,2015-03-31,1,10,0.02938418710346663,0.0062509546654616055,0.02689328012069414
volatility_20d_sector_neutral,2015-03-31,2,10,0.013742543945862417,0.0027699463788758427,0.011251636963089928
volatility_20d_sector_neutral,2015-03-31,3,10,-0.005579647580846614,-0.0024989172050700614,-0.008070554563619103
volatility_20d_sector_neutral,2015-03-31,4,10,-0.020328855228461496,-0.028476930465225703,-0.022819762211233986
volatility_20d_sector_neutral,2015-03-31,5,10,0.07842305211599512,0.055897411144017195,0.07593214513322262
volatility_20d_sector_neutral,2015-04-30,1,10,-0.00034326010330532064,-0.002194073450505152,0.020793530582179365
volatility_20d_sector_neutral,2015-04-30,2,10,0.0030262349792791075,0.004820845014821606,0.024163025664763794
volatility_20d_sector_neutral,2015-04-30,3,10,-0.015799445875050933,-0.011984661129589957,0.005337344810433753
volatility_20d_sector_neutral,2015-04-30,4,10,0.011579322395245006,-0.01214185146618496,0.03271611308072969
volatility_20d_sector_neutral,2015-04-30,5,10,0.016368488211022526,0.006712145581188489,0.03750527889650721
volatility_20d_sector_neutral,2015-05-29,1,10,-0.009853683570810878,-0.030724633916304478,-0.03589217900313638
volatility_20d_sector_neutral,2015-05-29,2,10,0.01824414063432258,0.02303785384991419,-0.007794354798002922
volatility_20d_sector_neutral,2015-05-29,3,10,-0.0005281013346344233,-0.005036454831110149,-0.026566596766959927
volatility_20d_sector_neutral,2015-05-29,4,10,0.018898315955790744,0.004351024027008599,-0.007140179476534758
volatility_20d_sector_neutral,2015-05-29,5,10,-0.0014298668296604754,-0.005735496743641877,-0.027468362261985978
volatility_20d_sector_neutral,2015-06-30,1,10,0.024508741393291657,0.011611837864612062,0.0584409454495333
volatility_20d_sector_neutral,2015-06-30,2,10,-0.017685791151261843,-0.003001163041181254,0.0162464129049798
volatility_20d_sector_neutral,2015-06-30,3,10,-0.01343576395417917,0.0,0.020496440102062474
volatility_20d_sector_neutral,2015-06-30,4,10,0.020883921773618384,0.024399496765664663,0.05481612582986003
volatility_20d_sector_neutral,2015-06-30,5,10,-0.013782161099998358,-0.03890963466653341,0.020150042956243286
volatility_20d_sector_neutral,2015-07-31,1,10,-0.0017582513953880107,0.0039783108138884415,-0.055292339139259315
volatility_20d_sector_neutral,2015-07-31,2,10,0.0012451747998518225,-0.013658288329575552,-0.05228891294401948
volatility_20d_sector_neutral,2015-07-31,3,10,0.0023984776381344775,0.0062911430678752045,-0.05113561010573683
volatility_20d_sector_neutral,2015-07-31,4,10,-0.0025206440943462026,-0.0030401499452398784,-0.056054731838217506
volatility_20d_sector_neutral,2015-07-31,5,10,0.007379862026494733,0.005805768972877157,-0.046154225717376575
volatility_20d_sector_neutral,2015-08-31,1,10,0.00018413118365834258,0.0025624961502248578,-0.007537262355066132
volatility_20d_sector_neutral,2015-08-31,2,10,0.006922093771401317,0.01461697264149664,-0.0007992997673231583
volatility_20d_sector_neutral,2015-08-31,3,10,-0.023118902536279518,-0.015884746743810463,-0.030840296075003992
volatility_20d_sector_neutral,2015-08-31,4,10,-0.023248151332173263,-0.021750327174833328,-0.030969544870897737
volatility_20d_sector_neutral,2015-08-31,5,10,-0.00935748251131745,0.00414185882768886,-0.017078876050041925
volatility_20d_sector_neutral,2015-09-30,1,10,0.018458723515879006,0.026428448319782638,0.10990113425209518
volatility_20d_sector_neutral,2015-09-30,2,10,-0.00015044867918645455,-0.002810241469349384,0.09129196205702972
volatility_20d_sector_neutral,2015-09-30,3,10,-0.005444158758299367,0.01501549117362555,0.0859982519779168
volatility_20d_sector_neutral,2015-09-30,4,10,-0.004409972158105879,-0.004950569508671787,0.0870324385781103
volatility_20d_sector_neutral,2015-09-30,5,10,-0.038500937426841055,-0.049297889528809535,0.05294147330937512
volatility_20d_sector_neutral,2015-10-30,1,10,-0.013749834535713323,-0.000845046207300082,0.0075663197839745955
volatility_20d_sector_neutral,2015-10-30,2,10,0.004105966876860568,-0.005249435402268965,0.025422121196548485
volatility_20d_sector_neutral,2015-10-30,3,10,-0.0053553928184611466,-0.0071727584206517925,0.015960761501226772
volatility_20d_sector_neutral,2015-10-30,4,10,-0.008985969670085936,-0.015020161162457024,0.012330184649601983
volatility_20d_sector_neutral,2015-10-30,5,10,0.04310274553354417,0.037416531994658775,0.0644188998532321
volatility_20d_sector_neutral,2015-11-30,1,10,-0.015339452676849885,0.003321325111952711,-0.006918920530755712
volatility_20d_sector_neutral,2015-11-30,2,10,0.0018590911500400709,-0.0018723748928853867,0.010279623296134244
volatility_20d_sector_neutral,2015-11-30,3,10,-0.018899295769163736,-9.987376683506799e-05,-0.010478763623069565
volatility_20d_sector_neutral,2015-11-30,4,10,-0.026508032772257162,-0.019331855015161215,-0.01808750062616299
volatility_20d_sector_neutral,2015-11-30,5,10,0.01866777418923863,0.025183530850503066,0.027088306335332803
volatility_20d_sector_neutral,2015-12-31,1,10,0.035807264087155066,0.04406446415809423,-0.03860896141119308
volatility_20d_sector_neutral,2015-12-31,2,10,0.005393098177004818,0.021270102858347628,-0.06902312732134333
volatility_20d_sector_neutral,2015-12-31,3,10,0.050950872005202916,0.04785175263831215,-0.023465353493145224
volatility_20d_sector_neutral,2015-12-31,4,10,-0.03332780201812563,-0.02555042173656419,-0.10774402751647379
volatility_20d_sector_neutral,2015-12-31,5,10,-0.03058787821175918,-0.014656172219426,-0.10500410371010731
volatility_20d_sector_neutral,2016-01-29,1,10,0.00660524311471602,0.003448244858699434,0.023363503127402672
volatility_20d_sector_neutral,2016-01-29,2,10,0.019120179230190038,0.005688560604724446,0.03587843924287669
volatility_20d_sector_neutral,2016-01-29,3,10,-0.022182372115417348,-0.02209482549944014,-0.005424112102730694
volatility_20d_sector_neutral,2016-01-29,4,10,-0.004897146397710284,-0.00875367983810782,0.011861113614976371
volatility_20d_sector_neutral,2016-01-29,5,10,0.012884828201192754,0.014006757161665662,0.02964308821387941
volatility_20d_sector_neutral,2016-02-29,1,10,0.014642421443016551,0.011326581689166781,0.09183501377231454
volatility_20d_sector_neutral,2016-02-29,2,10,-0.0020888392369207585,-0.006944687870603317,0.07510375309237723
volatility_20d_sector_neutral,2016-02-29,3,10,-0.010630497021204144,-0.009365621773539723,0.06656209530809384
volatility_20d_sector_neutral,2016-02-29,4,10,-0.016451747484450753,-0.026215598833768006,0.06074084484484723
volatility_20d_sector_neutral,2016-02-29,5,10,0.032370873438711215,0.0348708794073207,0.1095634657680092
volatility_20d_sector_neutral,2016-03-31,1,10,0.013430329237024263,0.011237620198449316,0.02478580629949779
volatility_20d_sector_neutral,2016-03-31,2,10,-0.02461436656879449,-0.005107484496219172,-0.013258889506320959
volatility_20d_sector_neutral,2016-03-31,3,10,-0.013733955131988319,-0.01832985224866751,-0.0023784780695147887
volatility_20d_sector_neutral,2016-03-31,4,10,0.004103339181257493,-0.008121861727480861,0.015458816243731022
volatility_20d_sector_neutral,2016-03-31,5,10,0.022973891785189514,0.037000702684896525,0.03432936884766304
volatility_20d_sector_neutral,2016-04-29,1,10,-0.011597881576307967,-0.016657074607951572,0.000454192242927598
volatility_20d_sector_neutral,2016-04-29,2,10,-0.007062069590056208,-0.005642163040014858,0.004990004229179357
volatility_20d_sector_neutral,2016-04-29,3,10,0.04928910548430106,0.029833468940370866,0.06134117930353662
volatility_20d_sector_neutral,2016-04-29,4,10,-0.00328922336410884,0.0012146822714005356,0.008762850455126725
volatility_20d_sector_neutral,2016-04-29,5,10,0.008723385241933234,0.0052292507897852,0.0207754590611688
volatility_20d_sector_neutral,2016-05-31,1,10,0.011015482009273237,0.017629640913899847,0.009719229370616167
volatility_20d_sector_neutral,2016-05-31,2,10,-0.007548096898569357,-0.008408917522315817,-0.008844349537226426
volatility_20d_sector_neutral,2016-05-31,3,10,-0.013591396017023406,-0.023589156008787582,-0.014887648655680475
volatility_20d_sector_neutral,2016-05-31,4,10,0.005544292566621345,-0.0004186857898200169,0.004248039927964275
volatility_20d_sector_neutral,2016-05-31,5,10,-0.027800025320353527,-0.008351802007537434,-0.029096277959010597
volatility_20d_sector_neutral,2016-06-30,1,10,-0.030796123838448385,-0.04067901985817801,0.016299754617164975
volatility_20d_sector_neutral,2016-06-30,2,10,0.009242347601702483,0.008602836909535228,0.056338226057315845
volatility_20d_sector_neutral,2016-06-30,3,10,0.005140554087607152,-0.0015920482804679947,0.05223643254322051
volatility_20d_sector_neutral,2016-06-30,4,10,0.0035086430812138357,-0.015468795445183425,0.05060452153682719
volatility_20d_sector_neutral,2016-06-30,5,10,0.01614251557608548,0.03277351321318711,0.06323839403169884
volatility_20d_sector_neutral,2016-07-29,1,10,0.0014004482537317898,0.000843967583409877,0.012138906487380396
volatility_20d_sector_neutral,2016-07-29,2,10,-0.0030155786533131003,0.0,0.007722879580335506
volatility_20d_sector_neutral,2016-07-29,3,10,0.0035614494575776146,0.01306723718404501,0.014299907691226221
volatility_20d_sector_neutral,2016-07-29,4,10,0.0010933463507163065,-0.021289710440290488,0.011831804584364914
volatility_20d_sector_neutral,2016-07-29,5,10,0.0021707889429311124,-0.001217457479213535,0.012909247176579718
volatility_20d_sector_neutral,2016-08-31,1,10,0.006549175313918187,0.009165962911238501,0.010980229465163305
volatility_20d_sector_neutral,2016-08-31,2,10,0.0030038081107863325,-0.0005773439392063873,0.00743486226203145
volatility_20d_sector_neutral,2016-08-31,3,10,0.010986919567032793,0.012285122959757144,0.01541797371827791
volatility_20d_sector_neutral,2016-08-31,4,10,-0.02349624751014171,-0.0356756883685434,-0.019065193358896594
volatility_20d_sector_neutral,2016-08-31,5,10,0.0018248462937895727,0.0009464555474211211,0.00625590044503469
volatility_20d_sector_neutral,2016-09-30,1,10,0.019020262179488136,0.017248649226358548,0.004487824220447667
volatility_20d_sector_neutral,2016-09-30,2,10,-0.006238542983880158,-0.0017370583194840084,-0.020770980942920625
volatility_20d_sector_neutral,2016-09-30,3,10,-0.017198186688922413,-0.012727662954033714,-0.03173062464796288
volatility_20d_sector_neutral,2016-09-30,4,10,-0.006837179230751877,-0.007171557633427916,-0.021369617189792346
volatility_20d_sector_neutral,2016-09-30,5,10,0.03174778905997015,0.0032510572736602072,0.01721535110092969
volatility_20d_sector_neutral,2016-10-31,1,10,-0.018354260246914646,-0.024035615715005065,0.01181430039450273
volatility_20d_sector_neutral,2016-10-31,2,10,0.019693051954885642,0.033966224793401834,0.04986161259630302
volatility_20d_sector_neutral,2016-10-31,3,10,-0.015253772537839827,0.0,0.014914788103577548
volatility_20d_sector_neutral,2016-10-31,4,10,0.0011321808166787073,-0.029967607676845254,0.03130074145809608
volatility_20d_sector_neutral,2016-10-31,5,10,0.049399232255718975,0.06518898577495513,0.07956779289713635
volatility_20d_sector_neutral,2016-11-30,1,10,-0.004977481991123278,0.005562113112893119,0.017296613912037816
volatility_20d_sector_neutral,2016-11-30,2,10,-0.007340121569846847,-0.01013523950234907,0.014933974333314249
volatility_20d_sector_neutral,2016-11-30,3,10,-0.002901599610662264,-0.007069287363490884,0.01937249629249883
volatility_20d_sector_neutral,2016-11-30,4,10,0.0139588099194208,0.021734319133270397,0.036232905822581894
volatility_20d_sector_neutral,2016-11-30,5,10,0.026581842571944226,0.015111210040006484,0.04885593847510532
volatility_20d_sector_neutral,2016-12-30,1,10,0.0012932269123850705,-0.0021747847751425464,0.02402065926515993
volatility_20d_sector_neutral,2016-12-30,2,10,0.018765838535357383,0.015094678399001804,0.04149327088813224
volatility_20d_sector_neutral,2016-12-30,3,10,0.0022591732380411343,-0.015859969494958492,0.024986605590815992
volatility_20d_sector_neutral,2016-12-30,4,10,-0.037675522037853515,-0.01695561132336565,-0.014948089685078658
volatility_20d_sector_neutral,2016-12-30,5,10,0.037462945122549475,0.022678084402988463,0.06019037747532433
volatility_20d_sector_neutral,2017-01-31,1,10,0.01914894979024262,0.022680197863687024,0.06732534601008056
volatility_20d_sector_neutral,2017-01-31,2,10,0.00045459500866277256,0.0034709166054556206,0.04863099122850071
volatility_20d_sector_neutral,2017-01-31,3,10,0.006226759061553644,0.0031414694133750087,0.05440315528139158
volatility_20d_sector_neutral,2017-01-31,4,10,-0.002887760057272071,-0.006765881287082998,0.045288636162565864
volatility_20d_sector_neutral,2017-01-31,5,10,-0.023316198366886455,-0.02871037100699453,0.02486019785295148
volatility_20d_sector_neutral,2017-02-28,1,10,0.013478914051555723,0.016604349731797585,0.018398978811710553
volatility_20d_sector_neutral,2017-02-28,2,10,0.003014261239174321,0.0052456526173074725,0.00793432599932915
volatility_20d_sector_neutral,2017-02-28,3,10,-0.006943373097572614,-0.00658570033008099,-0.002023308337417784
volatility_20d_sector_neutral,2017-02-28,4,10,0.005486151158274255,-0.0021513204182339596,0.010406215918429084
volatility_20d_sector_neutral,2017-02-28,5,10,-0.006090097712239661,-0.02021600262705664,-0.0011700329520848319
volatility_20d_sector_neutral,2017-03-31,1,10,0.010147840472995318,0.01855345922282614,0.038367218026074554
volatility_20d_sector_neutral,2017-03-31,2,10,-0.002275380113819403,-0.010498660794772352,0.025943997439259837
volatility_20d_sector_neutral,2017-03-31,3,10,-0.02802601141386859,-0.03434392871995556,0.00019336613921064894
volatility_20d_sector_neutral,2017-03-31,4,10,0.011877709219272326,0.020048085516245262,0.04009708677235156
volatility_20d_sector_neutral,2017-03-31,5,10,-0.0054034032456853785,-0.021483271299886364,0.02281597430739386
volatility_20d_sector_neutral,2017-04-28,1,10,-0.020531592904496344,-0.007933145063162561,0.004883429516115101
volatility_20d_sector_neutral,2017-04-28,2,10,-0.015924442579279295,-0.013437809882599683,0.009490579841332147
volatility_20d_sector_neutral,2017-04-28,3,10,-0.001956816677159545,0.0038724060588096743,0.0234582057434519
volatility_20d_sector_neutral,2017-04-28,4,10,0.0029582068234993873,0.01803607863019341,0.028373229244110832
volatility_20d_sector_neutral,2017-04-28,5,10,0.03384088759555874,0.014232302382342632,0.059255910016170185
volatility_20d_sector_neutral,2017-05-31,1,10,0.007244453017370767,0.0030226206105793407,0.0030613162511517024
volatility_20d_sector_neutral,2017-05-31,2,10,-0.0054490692257903265,-0.0043718368954585585,-0.009632205992009391
volatility_20d_sector_neutral,2017-05-31,3,10,0.018890864899785986,-0.0019026738055173409,0.014707728133566921
volatility_20d_sector_neutral,2017-05-31,4,10,0.01633639603942636,0.0001868150231928989,0.012153259273207295
volatility_20d_sector_neutral,2017-05-31,5,10,0.016543975744819972,0.013249730432167928,0.012360838978600908
volatility_20d_sector_neutral,2017-06-30,1,10,-0.006020293276745514,-0.007593104500281389,0.01578614494725834
volatility_20d_sector_neutral,2017-06-30,2,10,0.011434136515996373,0.01910304857043621,0.03324057474000023
volatility_20d_sector_neutral,2017-06-30,3,10,0.019364385575589706,0.008273083029289863,0.04117082379959356
volatility_20d_sector_neutral,2017-06-30,4,10,-0.021982422189477824,-0.022707558656567373,-0.00017598396547396922
volatility_20d_sector_neutral,2017-06-30,5,10,0.01947564446124598,-0.002594186969685608,0.041282082685249834
volatility_20d_sector_neutral,2017-07-31,1,10,-0.0055819396356061035,0.0,-0.006232694815918871
volatility_20d_sector_neutral,2017-07-31,2,10,0.004387038454529213,0.0035844426533118146,0.0037362832742164455
volatility_20d_sector_neutral,2017-07-31,3,10,-0.0006812562487429341,0.01322393000057609,-0.0013320114290557017
volatility_20d_sector_neutral,2017-07-31,4,10,0.0042595641131905615,0.004423484954823642,0.003608808932877794
volatility_20d_sector_neutral,2017-07-31,5,10,-0.006658806167526066,-0.011455872300199621,-0.007309561347838833
volatility_20d_sector_neutral,2017-08-31,1,10,-0.010517437558105847,-0.027443630250518103,0.010486203936859183
volatility_20d_sector_neutral,2017-08-31,2,10,-0.007382586929085899,-0.002672102702052981,0.013621054565879132
volatility_20d_sector_neutral,2017-08-31,3,10,0.024147254298047916,0.03787781543200064,0.04515089579301294
volatility_20d_sector_neutral,2017-08-31,4,10,0.036313514807912436,0.02979634007358556,0.05731715630287747
volatility_20d_sector_neutral,2017-08-31,5,10,0.01211767049264908,0.036395158792466464,0.03312131198761411
volatility_20d_sector_neutral,2017-09-29,1,10,-0.009466394865060434,0.0039044835881719697,0.029491339081209232
volatility_20d_sector_neutral,2017-09-29,2,10,-0.0033753381169464914,-0.005922760961601381,0.035582395829323175
volatility_20d_sector_neutral,2017-09-29,3,10,0.0032748980353648704,-0.0023164521234884106,0.04223263198163454
volatility_20d_sector_neutral,2017-09-29,4,10,-0.0013297258213318618,0.0035107908604804505,0.03762800812493781
volatility_20d_sector_neutral,2017-09-29,5,10,0.009023017504426478,0.0033572246892771274,0.04798075145069615
volatility_20d_sector_neutral,2017-10-31,1,10,0.014345832283292703,0.012087177672352567,0.043384164974779295
volatility_20d_sector_neutral,2017-10-31,2,10,-0.002823245687808296,-0.0039999251640270295,0.026215087003678295
volatility_20d_sector_neutral,2017-10-31,3,10,-0.00757084636159463,-0.014720111638125921,0.021467486329891962
volatility_20d_sector_neutral,2017-10-31,4,10,0.013558198498824846,0.005572424889319083,0.04259653119031144
volatility_20d_sector_neutral,2017-10-31,5,10,0.0303453856598791,0.0029048398537698805,0.05938371835136569
volatility_20d_sector_neutral,2017-11-30,1,10,-0.008942339818161837,-0.013818614322309797,0.012177726085668583
volatility_20d_sector_neutral,2017-11-30,2,10,0.004356814268543207,0.00030719372670728884,0.02547688017237363
volatility_20d_sector_neutral,2017-11-30,3,10,-0.0014192622627415608,0.003765598040665119,0.01970080364108886
volatility_20d_sector_neutral,2017-11-30,4,10,0.028978167660528353,0.03086458434157391,0.050098233564358774
volatility_20d_sector_neutral,2017-11-30,5,10,-0.0007478713701175143,-0.010491123066757146,0.020372194533712907
volatility_20d_sector_neutral,2017-12-29,1,10,-0.00818371552540087,-0.0036310292979984116,0.05847912574557623
volatility_20d_sector_neutral,2017-12-29,2,10,-0.010340287368877644,-0.024036239070404197,0.05632255390209946
volatility_20d_sector_neutral,2017-12-29,3,10,0.02817832160109428,0.012356232354267083,0.09484116287207138
volatility_20d_sector_neutral,2017-12-29,4,10,-0.027956988813359694,-0.021997106874158567,0.03870585245761741
volatility_20d_sector_neutral,2017-12-29,5,10,0.035462446066477804,0.02315430035971977,0.10212528733745492
volatility_20d_sector_neutral,2018-01-31,1,10,0.009611815147872604,0.0038207846750794028,-0.04206132091472572
volatility_20d_sector_neutral,2018-01-31,2,10,0.01153802967731531,0.0005772446363817574,-0.04013510638528302
volatility_20d_sector_neutral,2018-01-31,3,10,-0.010797535433982408,-0.009939250331999827,-0.06247067149658073
volatility_20d_sector_neutral,2018-01-31,4,10,-0.026305896678840777,-0.01371354474562786,-0.07797903274143911
volatility_20d_sector_neutral,2018-01-31,5,10,0.023623981187259634,0.018608549129497054,-0.02804915487533869
volatility_20d_sector_neutral,2018-02-28,1,10,0.0028334645899736,0.01433818374286,-0.01921380863952258
volatility_20d_sector_neutral,2018-02-28,2,10,0.006131888330991353,-0.0032337311788853684,-0.015915384898504824
volatility_20d_sector_neutral,2018-02-28,3,10,0.008076733404404323,0.0071206188517181634,-0.013970539825091855
volatility_20d_sector_neutral,2018-02-28,4,10,0.0027201578735683296,-0.01763334485873541,-0.01932711535592785
volatility_20d_sector_neutral,2018-02-28,5,10,-0.0482191511293127,-0.022904221342820608,-0.07026642435880888
volatility_20d_sector_neutral,2018-03-29,1,10,0.019315766599108608,0.026947400908552743,0.02228377481182653
volatility_20d_sector_neutral,2018-03-29,2,10,-0.011593861222637258,-0.012420188944920862,-0.008625853009919337
volatility_20d_sector_neutral,2018-03-29,3,10,0.006749178679868173,-0.004094621632519224,0.009717186892586094
volatility_20d_sector_neutral,2018-03-29,4,10,0.027510666526030382,0.02570398402555918,0.030478674738748303
volatility_20d_sector_neutral,2018-03-29,5,10,0.018554698671316584,0.013544306427829889,0.021522706884034504
volatility_20d_sector_neutral,2018-04-30,1,10,-0.011685851326984575,-0.025702823403884634,0.024002031456092976
volatility_20d_sector_neutral,2018-04-30,2,10,-0.016622021475886328,-0.02439860756491241,0.019065861307191224
volatility_20d_sector_neutral,2018-04-30,3,10,-0.005673212518719139,-0.010296917037085795,0.03001467026435841
volatility_20d_sector_neutral,2018-04-30,4,10,0.013413307639434635,-0.0019805907344427887,0.04910119042251219
volatility_20d_sector_neutral,2018-04-30,5,10,0.03679973959207296,0.036211905088109564,0.07248762237515051
volatility_20d_sector_neutral,2018-05-31,1,10,0.010282377285286026,0.0075571248093871946,0.023521680275055523
volatility_20d_sector_neutral,2018-05-31,2,10,-0.010997450085457305,-0.005776077938287827,0.0022418529043121914
volatility_20d_sector_neutral,2018-05-31,3,10,0.014365395346169717,0.010253588340964015,0.027604698335939214
volatility_20d_sector_neutral,2018-05-31,4,10,-0.0159245276036325,-0.019343753558280996,-0.002685224613863002
volatility_20d_sector_neutral,2018-05-31,5,10,0.0003041285441597319,-0.023421890640285548,0.013543431533929229
volatility_20d_sector_neutral,2018-06-29,1,10,0.001437456895932665,-0.0010780737598463652,0.04755522820664171
volatility_20d_sector_neutral,2018-06-29,2,10,0.017338028497986192,0.031817566352462245,0.06345579980869523
volatility_20d_sector_neutral,2018-06-29,3,10,0.004811927031639285,-0.010548417330256576,0.050929698342348326
volatility_20d_sector_neutral,2018-06-29,4,10,0.007086347914503965,0.00913325846507318,0.05320411922521301
volatility_20d_sector_neutral,2018-06-29,5,10,-0.04903711241617116,-0.025523391768479287,-0.0029193411054621145
volatility_20d_sector_neutral,2018-07-31,1,10,0.01957010814629768,0.004530597207706766,0.04796760119592204
volatility_20d_sector_neutral,2018-07-31,2,10,0.016074188854199256,0.02787663599141077,0.04447168190382361
volatility_20d_sector_neutral,2018-07-31,3,10,0.0017788022902380351,-0.003920791619648423,0.03017629533986239
volatility_20d_sector_neutral,2018-07-31,4,10,0.004881078854725429,0.0065662293361365975,0.03327857190434978
volatility_20d_sector_neutral,2018-07-31,5,10,-0.003694268430002523,-0.007257392813350361,0.024703224619621832
volatility_20d_sector_neutral,2018-08-31,1,10,0.0025150270105979366,-0.0012401104474937252,0.022758753496692895
volatility_20d_sector_neutral,2018-08-31,2,10,-0.014193111404288439,0.00015141298946963477,0.00605061508180652
volatility_20d_sector_neutral,2018-08-31,3,10,0.011677748223293472,0.0024582513628109703,0.03192147470938843
volatility_20d_sector_neutral,2018-08-31,4,10,0.01653844570067763,0.018905177219644353,0.036782172186772585
volatility_20d_sector_neutral,2018-08-31,5,10,-0.01654444507399403,-0.026067471998299452,0.0036992814121009298
volatility_20d_sector_neutral,2018-09-28,1,10,-0.007890401757220467,-0.009607560726854314,-0.10243805573441253
volatility_20d_sector_neutral,2018-09-28,2,10,0.06752576457736806,0.09272346102115142,-0.027021889399824018
volatility_20d_sector_neutral,2018-09-28,3,10,-0.000632363959403659,-0.0035876421214233734,-0.09518001793659572
volatility_20d_sector_neutral,2018-09-28,4,10,-0.016525423309614862,0.012144124992638727,-0.11107307728680693
volatility_20d_sector_neutral,2018-09-28,5,10,0.0073369194575407136,-0.036728270395168294,-0.08721073451965135
volatility_20d_sector_neutral,2018-10-31,1,10,-0.021806483229044594,-0.01682165736678576,0.020656239288174682
volatility_20d_sector_neutral,2018-10-31,2,10,-0.03159889381344695,-0.007354120844508927,0.010863828703772328
volatility_20d_sector_neutral,2018-10-31,3,10,-0.011283591743329402,0.01731369335150401,0.031179130773889875
volatility_20d_sector_neutral,2018-10-31,4,10,-0.008165299449867524,0.00887902942589347,0.03429742306735175
volatility_20d_sector_neutral,2018-10-31,5,10,-0.008185242213245281,0.005879838461881337,0.034277480303974
volatility_20d_sector_neutral,2018-11-30,1,10,-0.003445783917179768,-0.008077491774879153,-0.10713208720613594
volatility_20d_sector_neutral,2018-11-30,2,10,0.0035021070300582215,0.0003241335547434776,-0.10018419625889793
volatility_20d_sector_neutral,2018-11-30,3,10,0.030316259165324665,0.032539329384190685,-0.0733700441236315
volatility_20d_sector_neutral,2018-11-30,4,10,0.0032117871564186886,0.0032031199130306276,-0.10047451613253748
volatility_20d_sector_neutral,2018-11-30,5,10,-0.015286776959591153,-0.008023709476714158,-0.11897308024854732
volatility_20d_sector_neutral,2018-12-31,1,10,-0.046738880063706176,-0.03675473059135559,0.021759047197841285
volatility_20d_sector_neutral,2018-12-31,2,10,0.00781489434510949,0.009329579985135061,0.07631282160665695
volatility_20d_sector_neutral,2018-12-31,3,10,0.006767195977366391,-0.024754717135343496,0.07526512323891385
volatility_20d_sector_neutral,2018-12-31,4,10,0.01275341169287647,0.003936767881589365,0.08125133895442394
volatility_20d_sector_neutral,2018-12-31,5,10,0.017274233798867167,0.010238399048421387,0.08577216106041463
volatility_20d_sector_neutral,2019-01-31,1,10,0.0008927141480055579,-0.008584690804729234,0.04009321766831368
volatility_20d_sector_neutral,2019-01-31,2,10,-0.005130080969191386,0.006334053735050249,0.03407042255111674
volatility_20d_sector_neutral,2019-01-31,3,10,0.006481254813260307,0.023430622504469367,0.04568175833356843
volatility_20d_sector_neutral,2019-01-31,4,10,0.0011525734890012406,5.787101928633742e-05,0.04035307700930937
volatility_20d_sector_neutral,2019-01-31,5,10,-0.020474222307320832,-0.020165335417198227,0.018726281212987295
volatility_20d_sector_neutral,2019-02-28,1,10,-0.00477104837964607,0.0001194839792414415,0.025316603084435473
volatility_20d_sector_neutral,2019-02-28,2,10,0.02639548696023255,0.01601245742479196,0.05648313842431409
volatility_20d_sector_neutral,2019-02-28,3,10,-0.010513258801876545,-0.003538098065630213,0.019574392662205
volatility_20d_sector_neutral,2019-02-28,4,10,-0.017532982459184943,-0.02525070624394471,0.012554669004896601
volatility_20d_sector_neutral,2019-02-28,5,10,-0.00802578208455409,-0.011459122823420986,0.022061869379527456
volatility_20d_sector_neutral,2019-03-29,1,10,0.010008393225396706,-0.0012985461939341025,0.052934192414022974
volatility_20d_sector_neutral,2019-03-29,2,10,0.06092436966086099,0.016252600879654522,0.10385016884948725
volatility_20d_sector_neutral,2019-03-29,3,10,-0.0006914928200005388,0.012514515772886758,0.042234306368625726
volatility_20d_sector_neutral,2019-03-29,4,10,-0.0090766697146217,-0.010404801487947868,0.03384912947400457
volatility_20d_sector_neutral,2019-03-29,5,10,-0.029508674754401075,-0.01632174656870511,0.013417124434225191
volatility_20d_sector_neutral,2019-04-30,1,10,-0.009607402798334585,-0.0037674987486263634,-0.06168882883415814
volatility_20d_sector_neutral,2019-04-30,2,10,-0.002375010932008692,-0.00749615799749298,-0.05445643696783224
volatility_20d_sector_neutral,2019-04-30,3,10,0.012932245821492206,0.011998719808453795,-0.03914918021433135
volatility_20d_sector_neutral,2019-04-30,4,10,0.014985240903267494,0.02821834248676508,-0.03709618513255606
volatility_20d_sector_neutral,2019-04-30,5,10,-0.05814744636183394,-0.03588238971310059,-0.11022887239765748
volatility_20d_sector_neutral,2019-05-31,1,10,-0.001759808609546143,0.005353575053954507,0.08724247334779936
volatility_20d_sector_neutral,2019-05-31,2,10,-0.01486704280210166,-0.008480404297743216,0.07413523915524384
volatility_20d_sector_neutral,2019-05-31,3,10,-0.010629670410464776,-0.020289230701769134,0.07837261154688072
volatility_20d_sector_neutral,2019-05-31,4,10,-0.00418622472732193,-0.008420235724189595,0.08481605723002357
volatility_20d_sector_neutral,2019-05-31,5,10,0.02977067213269171,0.028101899932122865,0.11877295409003721
volatility_20d_sector_neutral,2019-06-28,1,10,-0.025792177930164882,-0.025229080007212912,0.010303348887489938
volatility_20d_sector_neutral,2019-06-28,2,10,-0.013991241848610026,-0.00713617369544306,0.022104284969044798
volatility_20d_sector_neutral,2019-06-28,3,10,0.01455744293336243,0.012008333090915424,0.050652969751017254
volatility_20d_sector_neutral,2019-06-28,4,10,-0.006845288166324159,-0.003742164265036152,0.02925023865133066
volatility_20d_sector_neutral,2019-06-28,5,10,-0.0016881438916412916,0.0038122556205084646,0.03440738292601353
volatility_20d_sector_neutral,2019-07-31,1,10,0.001080295833225675,-0.009626031189361839,-0.010106866459815001
volatility_20d_sector_neutral,2019-07-31,2,10,-0.013490175287633044,-0.009495814675923864,-0.024677337580673718
volatility_20d_sector_neutral,2019-07-31,3,10,0.055344868933758805,0.048509918361684334,0.04415770664071813
volatility_20d_sector_neutral,2019-07-31,4,10,-0.04728833777350085,-0.07359548020734469,-0.05847550006654153
volatility_20d_sector_neutral,2019-07-31,5,10,-0.00798558770017017,-0.004406575173174998,-0.019172749993210846
volatility_20d_sector_neutral,2019-08-30,1,10,-0.0035992000390763557,-0.000287751375837475,0.0031246523689382965
volatility_20d_sector_neutral,2019-08-30,2,10,0.020016673035527822,0.009823387160220687,0.026740525443542475
volatility_20d_sector_neutral,2019-08-30,3,10,-0.012052127276275092,-0.01902200090041406,-0.005328274868260441
volatility_20d_sector_neutral,2019-08-30,4,10,-0.015279315254471215,-0.02434610363946199,-0.008555462846456563
volatility_20d_sector_neutral,2019-08-30,5,10,0.009130127234988484,0.018919665027333887,0.015853979643003134
volatility_20d_sector_neutral,2019-09-30,1,10,-0.007621978988041578,-0.011037168499200667,0.008487384338992144
volatility_20d_sector_neutral,2019-09-30,2,10,-0.008256298760767533,0.0,0.007853064566266188
volatility_20d_sector_neutral,2019-09-30,3,10,-0.00745841610132505,-0.016140039880842616,0.008650947225708671
volatility_20d_sector_neutral,2019-09-30,4,10,0.01588519791537627,0.0008223794170080234,0.03199456124240999
volatility_20d_sector_neutral,2019-09-30,5,10,0.06851250685769729,0.04454581223945964,0.08462187018473101
volatility_20d_sector_neutral,2019-10-31,1,10,0.0007001703642021684,0.0021223920635213833,0.028746171359059713
volatility_20d_sector_neutral,2019-10-31,2,10,-0.0007681059033301741,-0.0042320717870991675,0.027277895091527372
volatility_20d_sector_neutral,2019-10-31,3,10,-0.014539718033885218,-0.02269662823505192,0.013506282960972327
volatility_20d_sector_neutral,2019-10-31,4,10,0.013034624298094478,0.016704949243889988,0.04108062529295202
volatility_20d_sector_neutral,2019-10-31,5,10,0.01719390067296973,0.008989262942379006,0.04523990166782728
volatility_20d_sector_neutral,2019-11-29,1,10,0.0022197301693896664,-0.0005764927203164572,0.029391427999156693
volatility_20d_sector_neutral,2019-11-29,2,10,-0.002640509810737224,-0.005052717622509029,0.024531188019029804
volatility_20d_sector_neutral,2019-11-29,3,10,0.0004635925543954089,-0.007542910558084426,0.027635290384162438
volatility_20d_sector_neutral,2019-11-29,4,10,-0.001571999336297847,0.0006237627175976757,0.02559969849346918
volatility_20d_sector_neutral,2019-11-29,5,10,0.0453088154871373,0.029298653218205795,0.07248051331690433
volatility_20d_sector_neutral,2019-12-31,1,10,0.025722873203235297,0.057023320552462065,0.019135081451401748
volatility_20d_sector_neutral,2019-12-31,2,10,0.008754831548704312,0.003487167127414481,0.002167039796870762
volatility_20d_sector_neutral,2019-12-31,3,10,-0.011987235818393371,-0.008792281179874406,-0.018575027570226922
volatility_20d_sector_neutral,2019-12-31,4,10,-0.007520505031841618,-0.004347213808291173,-0.014108296783675167
volatility_20d_sector_neutral,2019-12-31,5,10,0.04368236311119515,-0.013749049699933735,0.0370945713593616
volatility_60d_sector_neutral,2014-03-31,1,10,-0.0012934492473743008,-0.0017651739671963318,0.0018680132922862414
volatility_60d_sector_neutral,2014-03-31,2,10,0.01551057931517601,0.008562459964345126,0.018672041854836553
volatility_60d_sector_neutral,2014-03-31,3,10,-0.004886990325095997,0.003969621092612119,-0.0017255277854354544
volatility_60d_sector_neutral,2014-03-31,4,10,-0.008210523467345965,0.006257517072907448,-0.005049060927685423
volatility_60d_sector_neutral,2014-03-31,5,10,-0.013010140099360624,-0.008322824003818508,-0.009848677559700082
volatility_60d_sector_neutral,2014-04-30,1,10,0.003722940955275045,0.0004794197108101139,0.02922836090135684
volatility_60d_sector_neutral,2014-04-30,2,10,0.0012195138090818403,-0.0017097295405500423,0.02672493375516364
volatility_60d_sector_neutral,2014-04-30,3,10,-0.021626668794433056,-0.026162201068741398,0.0038787511516487406
volatility_60d_sector_neutral,2014-04-30,4,10,-0.000711813520708604,-0.0021017666690692494,0.024793606425373194
volatility_60d_sector_neutral,2014-04-30,5,10,0.04369541476979459,0.01581046100832484,0.06920083471587639
volatility_60d_sector_neutral,2014-05-30,1,10,-0.007818456356542991,-0.0013677612551880047,0.011345543852472995
volatility_60d_sector_neutral,2014-05-30,2,10,0.0038673675846167322,-0.00021788181277915264,0.02303136779363272
volatility_60d_sector_neutral,2014-05-30,3,10,0.0021519756798360824,0.006059875166402495,0.02131597588885207
volatility_60d_sector_neutral,2014-05-30,4,10,-0.005360048931268846,-0.010189687427224037,0.01380395127774714
volatility_60d_sector_neutral,2014-05-30,5,10,0.024549157932211074,0.019819006923778804,0.04371315814122706
volatility_60d_sector_neutral,2014-06-30,1,10,-0.0044034669433064555,0.0018464055089219,0.0033526899844473212
volatility_60d_sector_neutral,2014-06-30,2,10,0.002312418644835923,0.006461987028685057,0.0100685755725897
volatility_60d_sector_neutral,2014-06-30,3,10,-0.013632169781140202,-0.005540442795324174,-0.005876012853386426
volatility_60d_sector_neutral,2014-06-30,4,10,-0.00529342168246596,-0.008174445149242093,0.002462735245287817
volatility_60d_sector_neutral,2014-06-30,5,10,-0.0023362432415791725,-0.018332096679949117,0.005419913686174604
volatility_60d_sector_neutral,2014-07-31,1,10,0.007598626306118528,-0.007807008894696765,0.04943678575222889
volatility_60d_sector_neutral,2014-07-31,2,10,-0.0057372683004914046,-0.004612395928668578,0.03610089114561895
volatility_60d_sector_neutral,2014-07-31,3,10,-0.006197801794655788,-0.005756245262807824,0.03564035765145457
volatility_60d_sector_neutral,2014-07-31,4,10,0.009179335577707826,0.0020740165545742872,0.05101749502381818
volatility_60d_sector_neutral,2014-07-31,5,10,0.03561764982510689,0.027537453992504957,0.07745580927121724
volatility_60d_sector_neutral,2014-08-29,1,10,-0.000857448637128666,0.005081116627869253,0.003159765522730118
volatility_60d_sector_neutral,2014-08-29,2,10,-0.004142816414711259,0.0034046999322248084,-0.0001256022548524749
volatility_60d_sector_neutral,2014-08-29,3,10,-0.010201275810510436,-0.015018519567230826,-0.006184061650651651
volatility_60d_sector_neutral,2014-08-29,4,10,-0.014740103914605018,-0.0005918384167042934,-0.010722889754746234
volatility_60d_sector_neutral,2014-08-29,5,10,-0.018421589592623865,-0.03706324762346841,-0.014404375432765081
volatility_60d_sector_neutral,2014-09-30,1,10,-0.0028042142215827792,-0.004712548749673973,0.0076083170209199635
volatility_60d_sector_neutral,2014-09-30,2,10,-0.003545945107362469,0.0010518126185483645,0.006866586135140273
volatility_60d_sector_neutral,2014-09-30,3,10,0.0009624652697862613,-0.0005529277086590012,0.011374996512289005
volatility_60d_sector_neutral,2014-09-30,4,10,0.017783045042002843,0.018525748718494106,0.028195576284505586
volatility_60d_sector_neutral,2014-09-30,5,10,-0.04019945068424594,-0.03203265274060485,-0.0297869194417432
volatility_60d_sector_neutral,2014-10-31,1,10,-0.011065545609577464,-0.017845417130868624,0.03264652103867853
volatility_60d_sector_neutral,2014-10-31,2,10,-0.012870330283477237,-0.009683381745140829,0.03084173636477876
volatility_60d_sector_neutral,2014-10-31,3,10,0.001170587628844233,0.0,0.04488265427710023
volatility_60d_sector_neutral,2014-10-31,4,10,0.009287479662007136,0.024391276802344763,0.052999546310263136
volatility_60d_sector_neutral,2014-10-31,5,10,-0.020642414006992082,0.007077189544296036,0.023069652641263916
volatility_60d_sector_neutral,2014-11-28,1,10,0.008980596872230717,0.015765325986373147,0.031030019755251083
volatility_60d_sector_neutral,2014-11-28,2,10,-0.015238138059282324,-0.0033239058586924664,0.0068112848237380395
volatility_60d_sector_neutral,2014-11-28,3,10,0.009565760649413479,0.00821588573316867,0.031615183532433845
volatility_60d_sector_neutral,2014-11-28,4,10,-0.027836339495632623,-0.028065645315665966,-0.005786916612612258
volatility_60d_sector_neutral,2014-11-28,5,10,-0.026095556086127136,-0.02872961311126354,-0.004046133203106772
volatility_60d_sector_neutral,2014-12-31,1,10,-0.015003425508430679,-0.014463338094720501,-0.023925612525247476
volatility_60d_sector_neutral,2014-12-31,2,10,-0.0015003349162801994,0.011888610912814734,-0.010422521933096996
volatility_60d_sector_neutral,2014-12-31,3,10,-0.01693335953813292,-0.01124667708242133,-0.025855546554949715
volatility_60d_sector_neutral,2014-12-31,4,10,0.002704326344104768,0.010326817670351207,-0.006217860672712028
volatility_60d_sector_neutral,2014-12-31,5,10,0.02910139585278467,-0.004663101976186246,0.020179208835967875
volatility_60d_sector_neutral,2015-01-30,1,10,0.016152549282712803,0.018468190053482325,0.0766314091093153
volatility_60d_sector_neutral,2015-01-30,2,10,-0.007942404457673347,-0.0061999367980355435,0.05253645536892916
volatility_60d_sector_neutral,2015-01-30,3,10,-0.022227857138408535,-0.018980065408652158,0.038251002688193966
volatility_60d_sector_neutral,2015-01-30,4,10,-0.0005910505481441675,0.006510578254325883,0.05988780927845834
volatility_60d_sector_neutral,2015-01-30,5,10,0.0009605758634174232,-0.013161933083877031,0.06143943569001993
volatility_60d_sector_neutral,2015-02-27,1,10,0.023103554850497133,0.024309971365849226,0.013385240706309132
volatility_60d_sector_neutral,2015-02-27,2,10,0.013139108057820637,0.006711191357019586,0.003420793913632636
volatility_60d_sector_neutral,2015-02-27,3,10,-0.021197446241375872,-0.01808327217667144,-0.030915760385563873
volatility_60d_sector_neutral,2015-02-27,4,10,0.006724139548582831,-0.0005367241040220017,-0.0029941745956051703
volatility_60d_sector_neutral,2015-02-27,5,10,-0.01984022908483144,-0.007146516686081683,-0.029558543229019442
volatility_60d_sector_neutral,2015-03-31,1,10,-0.01724898514557971,-0.015709173414459876,-0.0197398921283522
volatility_60d_sector_neutral,2015-03-31,2,10,-0.007656504889768179,-0.009835573019009947,-0.010147411872540668
volatility_60d_sector_neutral,2015-03-31,3,10,0.02871103434947858,0.0056098099712548755,0.026220127366706092
volatility_60d_sector_neutral,2015-03-31,4,10,-0.0020450830891318383,-0.016773780576887,-0.004535990071904328
volatility_60d_sector_neutral,2015-03-31,5,10,0.09388081913101717,0.09033521577205,0.0913899121482447
volatility_60d_sector_neutral,2015-04-30,1,10,0.00038633007797510553,-0.002194073450505152,0.02152312076345979
volatility_60d_sector_neutral,2015-04-30,2,10,-0.00028835552641082174,-0.000845094688308734,0.020848435159073864
volatility_60d_sector_neutral,2015-04-30,3,10,-0.0035292965331294446,-0.0026174730087139553,0.01760749415235524
volatility_60d_sector_neutral,2015-04-30,4,10,-0.023957233994026828,-0.00867967911715406,-0.002820443308542142
volatility_60d_sector_neutral,2015-04-30,5,10,0.04221989558278237,0.02049650530083369,0.06335668626826706
volatility_60d_sector_neutral,2015-05-29,1,10,0.016131990409931674,0.0197526000334195,-0.00990650502239383
volatility_60d_sector_neutral,2015-05-29,2,10,-0.004550983925965868,-0.011264830603237963,-0.03058947935829137
volatility_60d_sector_neutral,2015-05-29,3,10,0.006890342091315826,0.004136576247808499,-0.019148153341009676
volatility_60d_sector_neutral,2015-05-29,4,10,0.006292774496530262,0.00554812525328513,-0.01974572093579524
volatility_60d_sector_neutral,2015-05-29,5,10,0.000566681783195655,-0.0019863779980259233,-0.02547181364912985
volatility_60d_sector_neutral,2015-06-30,1,10,0.024388100847221195,0.011611837864612062,0.058320304903462836
volatility_60d_sector_neutral,2015-06-30,2,10,-0.005082245883948266,-0.00026007449132703364,0.028849958172293376
volatility_60d_sector_neutral,2015-06-30,3,10,-0.029780590969132124,-0.007192681794959577,0.004151613087109518
volatility_60d_sector_neutral,2015-06-30,4,10,-0.002552837752549919,0.012178802603631356,0.03137936630369172
volatility_60d_sector_neutral,2015-06-30,5,10,0.013516520719879788,-0.029881630446834617,0.04744872477612143
volatility_60d_sector_neutral,2015-07-31,1,10,-0.006043002445784007,0.0008400398188444513,-0.05957709018965531
volatility_60d_sector_neutral,2015-07-31,2,10,-0.009405016843211655,-0.015242381125765037,-0.06293910458708296
volatility_60d_sector_neutral,2015-07-31,3,10,-0.0007025649914248145,0.006304283391571575,-0.05423665273529612
volatility_60d_sector_neutral,2015-07-31,4,10,-0.00550224510370555,-0.013498407464920703,-0.05903633284757685
volatility_60d_sector_neutral,2015-07-31,5,10,0.028397448358872847,0.021996672822687857,-0.02513663938499846
volatility_60d_sector_neutral,2015-08-31,1,10,0.001956939502718735,0.004274563770765238,-0.00576445403600574
volatility_60d_sector_neutral,2015-08-31,2,10,0.0017882879423200438,0.0013231172543947123,-0.005933105596404431
volatility_60d_sector_neutral,2015-08-31,3,10,-0.011914977448328857,-0.016563700618813904,-0.01963637098705333
volatility_60d_sector_neutral,2015-08-31,4,10,-0.0385822462460428,-0.014687217630616645,-0.04630363978476727
volatility_60d_sector_neutral,2015-08-31,5,10,-0.0018663151753776975,0.00414185882768886,-0.009587708714102172
volatility_60d_sector_neutral,2015-09-30,1,10,0.012651568919060097,0.009861237667062706,0.10409397965527627
volatility_60d_sector_neutral,2015-09-30,2,10,0.01563506541431394,0.006876636758576304,0.10707747615053012
volatility_60d_sector_neutral,2015-09-30,3,10,-0.008638833008716507,4.097666644065079e-05,0.08280357772749966
volatility_60d_sector_neutral,2015-09-30,4,10,-0.02044994115929778,-0.004950569508671787,0.07099246957691839
volatility_60d_sector_neutral,2015-09-30,5,10,-0.0292446536719135,-0.031049755563304915,0.062197757064302674
volatility_60d_sector_neutral,2015-10-30,1,10,-0.01564829321046335,-0.003908471832709037,0.00566786110922457
volatility_60d_sector_neutral,2015-10-30,2,10,-0.004162752173234574,-5.782128344089532e-05,0.017153402146453344
volatility_60d_sector_neutral,2015-10-30,3,10,-0.011148701520476178,-0.0071727584206517925,0.01016745279921174
volatility_60d_sector_neutral,2015-10-30,4,10,-0.0013018088796715398,0.0045088284306231685,0.02001434544001638
volatility_60d_sector_neutral,2015-10-30,5,10,0.05137907116998998,0.05189816551319182,0.0726952254896779
volatility_60d_sector_neutral,2015-11-30,1,10,-0.011392938296552902,0.0073123221888777845,-0.0029724061504587283
volatility_60d_sector_neutral,2015-11-30,2,10,-0.00928361844487453,-0.002827508021761349,-0.0008630862987803578
volatility_60d_sector_neutral,2015-11-30,3,10,0.014612028016883227,0.0008552593620408944,0.0230325601629774
volatility_60d_sector_neutral,2015-11-30,4,10,-0.05192840078916189,-0.05018578603149554,-0.043507868643067715
volatility_60d_sector_neutral,2015-11-30,5,10,0.017773013634714008,0.025183530850503066,0.02619354578080818
volatility_60d_sector_neutral,2015-12-31,1,10,0.015232463384696315,0.022507438873380636,-0.059183762113651825
volatility_60d_sector_neutral,2015-12-31,2,10,0.03135290376425803,0.029252848070527027,-0.04306332173409011
volatility_60d_sector_neutral,2015-12-31,3,10,0.040483083746889824,0.0363598433064562,-0.03393314175145832
volatility_60d_sector_neutral,2015-12-31,4,10,-0.013287938396992372,-0.0073278441039053566,-0.08770416389534051
volatility_60d_sector_neutral,2015-12-31,5,10,-0.045544958459373806,-0.042043220483744925,-0.11996118395772196
volatility_60d_sector_neutral,2016-01-29,1,10,0.005149660263180622,0.004976784879768936,0.021907920275867278
volatility_60d_sector_neutral,2016-01-29,2,10,0.004147195910061385,0.0024729140117103476,0.02090545592274804
volatility_60d_sector_neutral,2016-01-29,3,10,-0.00830645404157222,-0.015820279645568425,0.008451805971114435
volatility_60d_sector_neutral,2016-01-29,4,10,-0.007967290789287717,-0.008216699025838992,0.008790969223398937
volatility_60d_sector_neutral,2016-01-29,5,10,0.01850762069058911,0.014006757161665662,0.03526588070327576
volatility_60d_sector_neutral,2016-02-29,1,10,0.003846889990914404,8.978490177713461e-05,0.08103948232021238
volatility_60d_sector_neutral,2016-02-29,2,10,0.007071840643133554,0.007992645262869913,0.08426443297243154
volatility_60d_sector_neutral,2016-02-29,3,10,-0.0015644906290420701,-0.006113695426065768,0.07562810170025591
volatility_60d_sector_neutral,2016-02-29,4,10,-0.019428199029164695,-0.026791401578943108,0.05776439330013329
volatility_60d_sector_neutral,2016-02-29,5,10,0.027916170163310917,0.01158583213175235,0.10510876249260889
volatility_60d_sector_neutral,2016-03-31,1,10,-0.002980930112189528,-0.006409331464621859,0.008374546950284001
volatility_60d_sector_neutral,2016-03-31,2,10,-0.03027062605050469,-0.005407541832979201,-0.01891514898803116
volatility_60d_sector_neutral,2016-03-31,3,10,0.009192906487197939,0.004424615056031533,0.020548383549671468
volatility_60d_sector_neutral,2016-03-31,4,10,-0.00020802259250507493,-0.009929517806208876,0.011147454469968454
volatility_60d_sector_neutral,2016-03-31,5,10,0.02642591077068982,0.02780953767739347,0.03778138783316335
volatility_60d_sector_neutral,2016-04-29,1,10,-0.006217511970694112,-0.016657074607951572,0.005834561848541453
volatility_60d_sector_neutral,2016-04-29,2,10,-0.0013473028891378025,-0.0020457514450072933,0.010704770930097762
volatility_60d_sector_neutral,2016-04-29,3,10,0.015018714853043768,0.022579608374758142,0.027070788672279335
volatility_60d_sector_neutral,2016-04-29,4,10,-0.0006670115116233499,-0.0018554137330840659,0.011385062307612215
volatility_60d_sector_neutral,2016-04-29,5,10,0.02927642771417277,0.011665790687620414,0.041328501533408335
volatility_60d_sector_neutral,2016-05-31,1,10,0.008278968974655087,0.01228056176116643,0.006982716335998018
volatility_60d_sector_neutral,2016-05-31,2,10,-0.004565215628897867,0.0035166485014188065,-0.005861468267554936
volatility_60d_sector_neutral,2016-05-31,3,10,-0.0006980280197495748,-0.006818462282486559,-0.001994280658406644
volatility_60d_sector_neutral,2016-05-31,4,10,-0.012795740492023555,-0.008770487797357451,-0.014091993130680625
volatility_60d_sector_neutral,2016-05-31,5,10,-0.022599728494035798,-0.004426823926067691,-0.023895981132692867
volatility_60d_sector_neutral,2016-06-30,1,10,-0.019739117611272117,-0.028849471877627653,0.027356760844341244
volatility_60d_sector_neutral,2016-06-30,2,10,-0.0005612691968252092,-0.01871004380469299,0.04653460925878815
volatility_60d_sector_neutral,2016-06-30,3,10,-0.0014425524272791313,-0.010411071384416548,0.04565332602833423
volatility_60d_sector_neutral,2016-06-30,4,10,0.0004630841272210695,0.011304195566016473,0.04755896258283443
volatility_60d_sector_neutral,2016-06-30,5,10,0.024517791616315954,0.02925981192728644,0.07161367007192931
volatility_60d_sector_neutral,2016-07-29,1,10,-0.005099786845954068,-0.004300832754063122,0.005638671387694538
volatility_60d_sector_neutral,2016-07-29,2,10,-0.008963190973627688,0.0035482896769748473,0.0017752672600209185
volatility_60d_sector_neutral,2016-07-29,3,10,0.007602539601816482,0.009518947507070163,0.01834099783546509
volatility_60d_sector_neutral,2016-07-29,4,10,0.004238544927536891,-0.011641138415869279,0.014977003161185498
volatility_60d_sector_neutral,2016-07-29,5,10,0.0074323476418721056,0.010056482910896891,0.018170805875520713
volatility_60d_sector_neutral,2016-08-31,1,10,-0.004317525603914995,-0.008859586006788545,0.00011352854733012174
volatility_60d_sector_neutral,2016-08-31,2,10,-0.0013393886432814695,0.01308796705114934,0.003091665507963648
volatility_60d_sector_neutral,2016-08-31,3,10,-0.013305218676270858,0.001546406437075043,-0.00887416452502574
volatility_60d_sector_neutral,2016-08-31,4,10,-0.01409644289985068,-0.019206201166623027,-0.009665388748605563
volatility_60d_sector_neutral,2016-08-31,5,10,0.03192707759870318,0.030688876990841107,0.0363581317499483
volatility_60d_sector_neutral,2016-09-30,1,10,0.010254282332643205,0.00630170881453973,-0.004278155626397262
volatility_60d_sector_neutral,2016-09-30,2,10,0.006837999302033626,0.006166491483788061,-0.007694438657006841
volatility_60d_sector_neutral,2016-09-30,3,10,-0.017244751831453152,-0.011055993752321469,-0.03177718979049362
volatility_60d_sector_neutral,2016-09-30,4,10,-0.010641621433226334,-0.006518540371691084,-0.0251740593922668
volatility_60d_sector_neutral,2016-09-30,5,10,0.0312882339659065,0.000699541408916593,0.016755796006866032
volatility_60d_sector_neutral,2016-10-31,1,10,-0.0076603586917506905,0.02674507885901234,0.022508201949666684
volatility_60d_sector_neutral,2016-10-31,2,10,-0.0108428577876452,0.0016186257396101356,0.019325702853772175
volatility_60d_sector_neutral,2016-10-31,3,10,-0.029902756024366695,-0.04206521420100484,0.00026580461705068005
volatility_60d_sector_neutral,2016-10-31,4,10,-0.00917361046926506,-0.026624136134506537,0.020994950172152315
volatility_60d_sector_neutral,2016-10-31,5,10,0.0941960152155565,0.1061628031942351,0.12436457585697387
volatility_60d_sector_neutral,2016-11-30,1,10,-0.00835208068697887,-0.005296193687892803,0.013922015216182226
volatility_60d_sector_neutral,2016-11-30,2,10,0.0005735434167124742,0.002745796590366556,0.022847639319873568
volatility_60d_sector_neutral,2016-11-30,3,10,-0.001268021511959616,-0.004053911203074523,0.02100607439120148
volatility_60d_sector_neutral,2016-11-30,4,10,0.0004697924545265297,-0.004069736289586623,0.022743888357687626
volatility_60d_sector_neutral,2016-11-30,5,10,0.03389821564743212,0.02161779955994403,0.05617231155059321
volatility_60d_sector_neutral,2016-12-30,1,10,-0.0061036386388859665,-0.010886256794948812,0.01662379371388889
volatility_60d_sector_neutral,2016-12-30,2,10,0.01073032629472619,0.0113447681993748,0.03345775864750104
volatility_60d_sector_neutral,2016-12-30,3,10,-0.018488161032898763,-0.0089205594468732,0.004239271319876092
volatility_60d_sector_neutral,2016-12-30,4,10,-0.0019196254549706416,-0.002307513060208599,0.020807806897804215
volatility_60d_sector_neutral,2016-12-30,5,10,0.03788676060250873,0.022678084402988463,0.060614192955283586
volatility_60d_sector_neutral,2017-01-31,1,10,0.013841708468423641,0.013417151267216987,0.06201810468826158
volatility_60d_sector_neutral,2017-01-31,2,10,0.007786041701199631,0.011537281338023786,0.05596243792103757
volatility_60d_sector_neutral,2017-01-31,3,10,0.013041796209660927,0.014929499438417593,0.061218192429498865
volatility_60d_sector_neutral,2017-01-31,4,10,-0.009345840369703817,-0.009178131267343903,0.03883055585013412
volatility_60d_sector_neutral,2017-01-31,5,10,-0.02569736057327987,-0.033544813391131745,0.022479035646558065
volatility_60d_sector_neutral,2017-02-28,1,10,0.007815400335064827,0.010178246296961513,0.012735465095219656
volatility_60d_sector_neutral,2017-02-28,2,10,0.0035305681047212876,0.009372671523609766,0.008450632864876118
volatility_60d_sector_neutral,2017-02-28,3,10,0.003655749102507522,-0.0092179266828874,0.008575813862662351
volatility_60d_sector_neutral,2017-02-28,4,10,-0.004359207781569152,-0.015410392191955447,0.0005608569785856776
volatility_60d_sector_neutral,2017-02-28,5,10,-0.0016966541215324594,0.004146941877111954,0.0032234106386223706
volatility_60d_sector_neutral,2017-03-31,1,10,0.0070453965504081225,0.02320305212783158,0.03526477410348736
volatility_60d_sector_neutral,2017-03-31,2,10,-0.0008821632390097367,-0.009019528496239215,0.0273372143140695
volatility_60d_sector_neutral,2017-03-31,3,10,-0.0023958708542804576,0.010153640966400146,0.025823506698798782
volatility_60d_sector_neutral,2017-03-31,4,10,-0.011761632065409044,-0.03893929935067991,0.016457745487670195
volatility_60d_sector_neutral,2017-03-31,5,10,-0.005684975472814613,-0.008024534454508458,0.022534402080264627
volatility_60d_sector_neutral,2017-04-28,1,10,-0.0012815928005749043,0.004140412674537353,0.02413342962003654
volatility_60d_sector_neutral,2017-04-28,2,10,-0.008191615781069394,0.0015941459825210558,0.017223406639542048
volatility_60d_sector_neutral,2017-04-28,3,10,-0.001998613703119301,-0.006593652987895826,0.023416408717492142
volatility_60d_sector_neutral,2017-04-28,4,10,-0.005757146971424332,-1.7119961827849473e-05,0.019657875449187113
volatility_60d_sector_neutral,2017-04-28,5,10,0.015615211514310879,-0.01893144027372734,0.04103023393492232
volatility_60d_sector_neutral,2017-05-31,1,10,-0.0031281849506452075,-0.00446689953863616,-0.007311321716864272
volatility_60d_sector_neutral,2017-05-31,2,10,0.0013076847092733158,-0.0013163748178237067,-0.0028754520569457486
volatility_60d_sector_neutral,2017-05-31,3,10,0.016488583998669794,-0.002419151256916885,0.012305447232450728
volatility_60d_sector_neutral,2017-05-31,4,10,0.007960048794029362,-0.002729562772244176,0.0037769120278102974
volatility_60d_sector_neutral,2017-05-31,5,10,0.030938487924285496,0.03192194462571729,0.02675535115806643
volatility_60d_sector_neutral,2017-06-30,1,10,-0.0015677811041143852,0.008098266586771707,0.02023865711988947
volatility_60d_sector_neutral,2017-06-30,2,10,0.01709398084305207,0.015776449534586123,0.03890041906705592
volatility_60d_sector_neutral,2017-06-30,3,10,-0.00017311052553311556,-0.011368262968111553,0.02163332769847074
volatility_60d_sector_neutral,2017-06-30,4,10,-0.012318011467474844,-0.0033025835753915933,0.00948842675652901
volatility_60d_sector_neutral,2017-06-30,5,10,0.019236373340678993,-0.0031963368263566716,0.04104281156468285
volatility_60d_sector_neutral,2017-07-31,1,10,0.012696930629045543,0.009498610056856593,0.012046175448732776
volatility_60d_sector_neutral,2017-07-31,2,10,-0.002873233671157838,-0.007148134703437337,-0.0035239888514706054
volatility_60d_sector_neutral,2017-07-31,3,10,0.00955305249008952,0.02324132736253226,0.008902297309776753
volatility_60d_sector_neutral,2017-07-31,4,10,-0.007150599962892246,0.004423484954823642,-0.007801355143205013
volatility_60d_sector_neutral,2017-07-31,5,10,-0.01650154896924031,-0.019591563250905775,-0.01715230414955308
volatility_60d_sector_neutral,2017-08-31,1,10,-0.001956986009419637,-0.02478323805557814,0.019046655485545395
volatility_60d_sector_neutral,2017-08-31,2,10,-0.01846076067418153,-0.027134193723459488,0.0025428808207834997
volatility_60d_sector_neutral,2017-08-31,3,10,0.0034080158837922147,0.01154578648857496,0.024411657378757244
volatility_60d_sector_neutral,2017-08-31,4,10,0.06081182427438607,0.04790866371622049,0.0818154657693511
volatility_60d_sector_neutral,2017-08-31,5,10,0.01087632163684057,0.013789169422600112,0.0318799631318056
volatility_60d_sector_neutral,2017-09-29,1,10,-0.017629205161918605,-0.016372510123863537,0.021328528784351063
volatility_60d_sector_neutral,2017-09-29,2,10,0.004715146364983991,0.01018333617602385,0.04367288031125366
volatility_60d_sector_neutral,2017-09-29,3,10,0.001203508732219505,0.01440363139215306,0.040161242678489174
volatility_60d_sector_neutral,2017-09-29,4,10,0.006463952035281051,0.005435933457780484,0.04542168598155072
volatility_60d_sector_neutral,2017-09-29,5,10,0.0033730547658866183,-0.00741841368678442,0.042330788712156286
volatility_60d_sector_neutral,2017-10-31,1,10,0.013027995362721234,0.005425745601359111,0.042066328054207826
volatility_60d_sector_neutral,2017-10-31,2,10,0.007551030020925298,0.010429409755959074,0.03658936271241189
volatility_60d_sector_neutral,2017-10-31,3,10,-0.0025350205832430197,-0.0049135099934847215,0.02650331210824357
volatility_60d_sector_neutral,2017-10-31,4,10,0.026767585370264337,-0.010254053427648069,0.05580591806175093
volatility_60d_sector_neutral,2017-10-31,5,10,0.0030437342219258754,-0.00036323730463949655,0.03208206691341246
volatility_60d_sector_neutral,2017-11-30,1,10,0.0005851987064791287,-0.003937750337269952,0.021705264610309548
volatility_60d_sector_neutral,2017-11-30,2,10,0.002835158298360352,0.00042047038899928335,0.02395522420219077
volatility_60d_sector_neutral,2017-11-30,3,10,-0.0021802372777634084,-0.0014594549558000214,0.018939828626067013
volatility_60d_sector_neutral,2017-11-30,4,10,0.013429243280873682,0.00801328076658192,0.0345493091847041
volatility_60d_sector_neutral,2017-11-30,5,10,0.007556145470100894,-0.0009081861839431715,0.028676211373931317
volatility_60d_sector_neutral,2017-12-29,1,10,-0.02408766970943064,-0.018146174627402534,0.042575171561546464
volatility_60d_sector_neutral,2017-12-29,2,10,-0.02308882916133963,-0.02109346591683292,0.043574012109637475
volatility_60d_sector_neutral,2017-12-29,3,10,-0.02386636265609151,-0.024036239070404197,0.04279647861488559
volatility_60d_sector_neutral,2017-12-29,4,10,0.028510904585290042,0.012356232354267083,0.09517374585626714
volatility_60d_sector_neutral,2017-12-29,5,10,0.05969173290150561,0.00612053467473006,0.1263545741724827
volatility_60d_sector_neutral,2018-01-31,1,10,0.008030292166001606,-0.009658125676036355,-0.043642843896596714
volatility_60d_sector_neutral,2018-01-31,2,10,-0.004585238312857365,-0.0024245538678666634,-0.05625837437545569
volatility_60d_sector_neutral,2018-01-31,3,10,0.0024285121104352992,0.011582305963954653,-0.04924462395216302
volatility_60d_sector_neutral,2018-01-31,4,10,-0.011659260829325602,-0.017077690979525717,-0.06333239689192392
volatility_60d_sector_neutral,2018-01-31,5,10,0.013456088765370421,0.01695381052839312,-0.0382170472972279
volatility_60d_sector_neutral,2018-02-28,1,10,-0.013409234627713729,-0.012239055527408393,-0.035456507857209905
volatility_60d_sector_neutral,2018-02-28,2,10,0.00804397052221476,0.016052852521906746,-0.014003302707281418
volatility_60d_sector_neutral,2018-02-28,3,10,0.0003983994051980244,0.003854092283837096,-0.021648873824298153
volatility_60d_sector_neutral,2018-02-28,4,10,0.016599729940620554,0.013568158860796542,-0.005447543288875622
volatility_60d_sector_neutral,2018-02-28,5,10,-0.040089772170694704,-0.020042306918438335,-0.06213704540019088
volatility_60d_sector_neutral,2018-03-29,1,10,0.01837138592684111,0.012295074346376889,0.021339394139559032
volatility_60d_sector_neutral,2018-03-29,2,10,-0.010191226437076118,-0.004678239227218606,-0.007223218224358197
volatility_60d_sector_neutral,2018-03-29,3,10,0.026118241815276055,0.02570398402555918,0.029086250027993976
volatility_60d_sector_neutral,2018-03-29,4,10,0.028870905606491117,0.0219728259977221,0.03183891381920904
volatility_60d_sector_neutral,2018-03-29,5,10,-0.0026328576578456774,-0.013723088109253545,0.0003351505548722433
volatility_60d_sector_neutral,2018-04-30,1,10,-0.008859784721141994,-0.019438403081718958,0.026828098061935556
volatility_60d_sector_neutral,2018-04-30,2,10,-0.012538050154600976,-0.002954228549026827,0.023149832628476575
volatility_60d_sector_neutral,2018-04-30,3,10,0.020268086518197392,0.01128103142009973,0.055955969301274944
volatility_60d_sector_neutral,2018-04-30,4,10,-0.00992402065855712,-0.021194466752413543,0.02576386212452043
volatility_60d_sector_neutral,2018-04-30,5,10,0.027285730926020248,0.036211905088109564,0.06297361370909779
volatility_60d_sector_neutral,2018-05-31,1,10,0.011134711165214728,-0.0023038059664688415,0.024374014154984226
volatility_60d_sector_neutral,2018-05-31,2,10,-0.006805359938134525,0.0019457720362917597,0.006433943051634972
volatility_60d_sector_neutral,2018-05-31,3,10,-0.013912504931592717,-0.018790737579797878,-0.0006732019418232204
volatility_60d_sector_neutral,2018-05-31,4,10,0.001965456159231549,0.01589067913965969,0.015204759149001046
volatility_60d_sector_neutral,2018-05-31,5,10,0.005647621031806637,-0.0036701023775512764,0.018886924021576136
volatility_60d_sector_neutral,2018-06-29,1,10,0.016633446214251734,0.034588402646745564,0.06275121752496078
volatility_60d_sector_neutral,2018-06-29,2,10,0.006965368295758267,0.011036868956009083,0.05308313960646731
volatility_60d_sector_neutral,2018-06-29,3,10,-0.003381018317460638,-0.011038284301786994,0.0427367529932484
volatility_60d_sector_neutral,2018-06-29,4,10,0.005104766756879908,0.00675961886669596,0.05122253806758895
volatility_60d_sector_neutral,2018-06-29,5,10,-0.04368591502553833,-0.008875111535931346,0.002431856285170719
volatility_60d_sector_neutral,2018-07-31,1,10,0.029509995054121864,0.004530597207706766,0.05790748810374622
volatility_60d_sector_neutral,2018-07-31,2,10,-0.0023544517720561543,0.002462340580253519,0.0260430412775682
volatility_60d_sector_neutral,2018-07-31,3,10,-0.009895720702908862,-0.0035927805430686632,0.018501772346715496
volatility_60d_sector_neutral,2018-07-31,4,10,0.004970030389740543,0.002631875296509323,0.0333675234393649
volatility_60d_sector_neutral,2018-07-31,5,10,0.01638005674656049,0.012127431587823145,0.04477754979618485
volatility_60d_sector_neutral,2018-08-31,1,10,0.0037523971550381895,0.0052872368133356495,0.023996123641133148
volatility_60d_sector_neutral,2018-08-31,2,10,0.005207760639058567,-0.007595585166745411,0.025451487125153528
volatility_60d_sector_neutral,2018-08-31,3,10,-0.009335911487697279,0.00015141298946963477,0.01090781499839768
volatility_60d_sector_neutral,2018-08-31,4,10,-0.0048401936836057645,-0.0077257463328258,0.015403532802489194
volatility_60d_sector_neutral,2018-08-31,5,10,0.005209611833492856,-0.0064444407744356225,0.025453338319587814
volatility_60d_sector_neutral,2018-09-28,1,10,0.004247505008840991,0.002168063645151208,-0.09030014896835106
volatility_60d_sector_neutral,2018-09-28,2,10,0.021451119794601257,0.013435706511128187,-0.0730965341825908
volatility_60d_sector_neutral,2018-09-28,3,10,0.03931756129301809,0.032422891544076404,-0.05523009268417397
volatility_60d_sector_neutral,2018-09-28,4,10,-0.01453789533163633,-0.018308539191154105,-0.10908554930882838
volatility_60d_sector_neutral,2018-09-28,5,10,-0.0006637957561542396,-0.03874973409871424,-0.0952114497333463
volatility_60d_sector_neutral,2018-10-31,1,10,-0.011983751610443173,-0.017278713306831284,0.030478970906776103
volatility_60d_sector_neutral,2018-10-31,2,10,-0.018945567164005927,0.0009165011084362185,0.02351715535321335
volatility_60d_sector_neutral,2018-10-31,3,10,-0.013397175907157388,0.0075132912373920835,0.029065546610061888
volatility_60d_sector_neutral,2018-10-31,4,10,-0.01755846496278445,0.02271621700109039,0.024904257554434827
volatility_60d_sector_neutral,2018-10-31,5,10,-0.019154550804542814,-0.008032406169203532,0.023308171712676462
volatility_60d_sector_neutral,2018-11-30,1,10,0.013355087786636655,0.026775242987115033,-0.09033121550231951
volatility_60d_sector_neutral,2018-11-30,2,10,0.018438692616930985,0.022162024938160996,-0.08524761067202519
volatility_60d_sector_neutral,2018-11-30,3,10,-0.01794963469108395,-0.022399172307605353,-0.1216359379800401
volatility_60d_sector_neutral,2018-11-30,4,10,0.01783839109615829,0.020598843467050654,-0.08584791219279789
volatility_60d_sector_neutral,2018-11-30,5,10,-0.013384944333611325,-0.004673955311001787,-0.11707124762256749
volatility_60d_sector_neutral,2018-12-31,1,10,-0.017184314329104233,-0.007489039475188086,0.05131361293244323
volatility_60d_sector_neutral,2018-12-31,2,10,-0.012820618936615846,-0.019421031700445957,0.05567730832493162
volatility_60d_sector_neutral,2018-12-31,3,10,-0.011466422884394433,-0.025413907658288992,0.05703150437715303
volatility_60d_sector_neutral,2018-12-31,4,10,0.03921017127621074,0.01663380940675263,0.1077080985377582
volatility_60d_sector_neutral,2018-12-31,5,10,0.00013204062441711794,-0.0027745513359399565,0.06862996788596458
volatility_60d_sector_neutral,2019-01-31,1,10,0.005505681680110386,-0.008584690804729234,0.04470618520041851
volatility_60d_sector_neutral,2019-01-31,2,10,-0.019225113648933458,-0.0026686018377525267,0.01997538987137467
volatility_60d_sector_neutral,2019-01-31,3,10,0.011431134664672072,0.006334053735050249,0.0506316381849802
volatility_60d_sector_neutral,2019-01-31,4,10,0.009715535546621324,0.017669335837742772,0.04891603906692945
volatility_60d_sector_neutral,2019-01-31,5,10,-0.02450499906871544,-0.026980625799852165,0.014695504451592688
volatility_60d_sector_neutral,2019-02-28,1,10,-0.0009710477611500568,0.002133448065511523,0.02911660370293149
volatility_60d_sector_neutral,2019-02-28,2,10,-0.007192187012733197,-0.001314388836915592,0.022895464451348345
volatility_60d_sector_neutral,2019-02-28,3,10,0.005855895239001418,0.004852264053759714,0.03594354670308296
volatility_60d_sector_neutral,2019-02-28,4,10,-0.006271767289304442,-0.008155805115600545,0.0238158841747771
volatility_60d_sector_neutral,2019-02-28,5,10,-0.00586847794084282,-0.015292462910750815,0.024219173523238723
volatility_60d_sector_neutral,2019-03-29,1,10,0.06371271449535754,0.009279080493329483,0.1066385136839838
volatility_60d_sector_neutral,2019-03-29,2,10,0.005813529255184613,0.0010076214666255856,0.04873932844381088
volatility_60d_sector_neutral,2019-03-29,3,10,-0.018372328852274876,-0.012737149298789996,0.024553470336351392
volatility_60d_sector_neutral,2019-03-29,4,10,0.006713972317859274,0.014705983522136257,0.04963977150648554
volatility_60d_sector_neutral,2019-03-29,5,10,-0.026211961618892166,-0.019677791663565203,0.016713837569734102
volatility_60d_sector_neutral,2019-04-30,1,10,0.0077921779947620175,0.00896568009300125,-0.04428924804106153
volatility_60d_sector_neutral,2019-04-30,2,10,0.003906762639964645,0.0001381034361150335,-0.04817466339585891
volatility_60d_sector_neutral,2019-04-30,3,10,0.010498062581605894,0.014130760301454326,-0.04158336345421766
volatility_60d_sector_neutral,2019-04-30,4,10,-0.0004928977537159041,0.009448800588949091,-0.052574323789539454
volatility_60d_sector_neutral,2019-04-30,5,10,-0.06391647883003418,-0.06677341398328485,-0.1159979048658577
volatility_60d_sector_neutral,2019-05-31,1,10,0.0012276170264901465,0.005353575053954507,0.09022989898383564
volatility_60d_sector_neutral,2019-05-31,2,10,-0.026080822613799237,-0.008480404297743216,0.06292145934354626
volatility_60d_sector_neutral,2019-05-31,3,10,-0.024929192962837278,-0.021210460004626563,0.06407308899450823
volatility_60d_sector_neutral,2019-05-31,4,10,0.0030437797855131566,-0.006555359958232421,0.09204606174285865
volatility_60d_sector_neutral,2019-05-31,5,10,0.04506654434789041,0.03887715705054495,0.13406882630523592
volatility_60d_sector_neutral,2019-06-28,1,10,-0.01488362279384341,-0.01822097888973573,0.02121190402381141
volatility_60d_sector_neutral,2019-06-28,2,10,0.0027002574983463036,0.006251752263601862,0.03879578431600113
volatility_60d_sector_neutral,2019-06-28,3,10,-0.023597355183953915,-0.01793457284868749,0.012498171633700905
volatility_60d_sector_neutral,2019-06-28,4,10,-0.0005502514211559228,0.006669559661321767,0.0355452753964989
volatility_60d_sector_neutral,2019-06-28,5,10,0.0025715629972290154,0.018866849800013186,0.038667089814883836
volatility_60d_sector_neutral,2019-07-31,1,10,-0.0004899957106931252,-0.009495814675923864,-0.011677158003733801
volatility_60d_sector_neutral,2019-07-31,2,10,-0.002713482031684744,0.0034964555057105384,-0.01390064432472542
volatility_60d_sector_neutral,2019-07-31,3,10,0.022260765080212963,0.04378666723157937,0.011073602787172288
volatility_60d_sector_neutral,2019-07-31,4,10,-0.027130990787586684,-0.028664205850135016,-0.03831815308062736
volatility_60d_sector_neutral,2019-07-31,5,10,-0.004265232544567998,0.003577743583130122,-0.015452394837608675
volatility_60d_sector_neutral,2019-08-30,1,10,-0.011134700832978872,-0.003239712849741727,-0.00441084842496422
volatility_60d_sector_neutral,2019-08-30,2,10,-0.008178570079492475,-0.021354432664999645,-0.0014547176714778231
volatility_60d_sector_neutral,2019-08-30,3,10,0.009238564272990458,0.02106467379249044,0.01596241668100511
volatility_60d_sector_neutral,2019-08-30,4,10,0.0009027816438975766,0.00021832678184358079,0.007626634051912229
volatility_60d_sector_neutral,2019-08-30,5,10,0.007388082696276954,0.0011599129133437747,0.014111935104291606
volatility_60d_sector_neutral,2019-09-30,1,10,-0.018345673964765562,-0.011409938105146233,-0.002236310637731842
volatility_60d_sector_neutral,2019-09-30,2,10,0.014369125841792452,0.020297387017438884,0.030478489168826173
volatility_60d_sector_neutral,2019-09-30,3,10,-0.016232325794182767,-0.016908025904917467,-0.0001229624671490459
volatility_60d_sector_neutral,2019-09-30,4,10,0.011704711112268618,0.008807410372124624,0.02781407443930234
volatility_60d_sector_neutral,2019-09-30,5,10,0.06956517372782665,0.03462394370061006,0.08567453705486038
volatility_60d_sector_neutral,2019-10-31,1,10,-0.00046773840193610195,-0.0074804983515924794,0.027578262592921444
volatility_60d_sector_neutral,2019-10-31,2,10,0.0007150512114408092,-0.007802264152756755,0.028761052206298356
volatility_60d_sector_neutral,2019-10-31,3,10,-0.007973892079093525,-0.01362183878851686,0.02007210891576402
volatility_60d_sector_neutral,2019-10-31,4,10,-0.0069432677697067405,-0.002694710071997952,0.021102733225150806
volatility_60d_sector_neutral,2019-10-31,5,10,0.030290718437346542,0.024483409754315066,0.05833671943220409
volatility_60d_sector_neutral,2019-11-29,1,10,-0.006528706125832428,-0.0005764927203164572,0.020642991703934598
volatility_60d_sector_neutral,2019-11-29,2,10,-0.0019197808721741262,-0.014508051400906496,0.0252519169575929
volatility_60d_sector_neutral,2019-11-29,3,10,-0.004762512083490422,-0.006763125879355458,0.022409185746276605
volatility_60d_sector_neutral,2019-11-29,4,10,0.005892676374529693,0.008920840608830694,0.03306437420429672
volatility_60d_sector_neutral,2019-11-29,5,10,0.05109795177085459,0.01775398869284417,0.07826964960062162
volatility_60d_sector_neutral,2019-12-31,1,10,0.015892784233640045,0.005258067323676008,0.009304992481806496
volatility_60d_sector_neutral,2019-12-31,2,10,0.012195918664097461,0.0021936413784877096,0.005608126912263911
volatility_60d_sector_neutral,2019-12-31,3,10,0.014343170994473232,0.04729905364476139,0.0077553792426396815
volatility_60d_sector_neutral,2019-12-31,4,10,-0.015299118263006473,-0.027817757880789717,-0.02188691001484002
volatility_60d_sector_neutral,2019-12-31,5,10,0.03151957138369551,-0.013749049699933735,0.02493177963186196
downside_volatility_60d_sector_neutral,2014-03-31,1,10,-0.0038565365048209175,-0.005117569689989665,-0.0006950739651603755
downside_volatility_60d_sector_neutral,2014-03-31,2,10,0.00670868889563393,0.019794495807144097,0.009870151435294471
downside_volatility_60d_sector_neutral,2014-03-31,3,10,-0.006515494529370902,0.003711667361547377,-0.00335403198971036
downside_volatility_60d_sector_neutral,2014-03-31,4,10,-0.006670631363083168,-0.010024689912945306,-0.003509168823422626
downside_volatility_60d_sector_neutral,2014-03-31,5,10,-0.0015565503223598175,0.0018714991486571408,0.0016049122173007247
downside_volatility_60d_sector_neutral,2014-04-30,1,10,0.005102885866414775,-0.00193361535287484,0.030608305812496572
downside_volatility_60d_sector_neutral,2014-04-30,2,10,-0.0018265980112588732,0.001143514863328754,0.023678821934822923
downside_volatility_60d_sector_neutral,2014-04-30,3,10,-0.013403329290785526,-0.0044409152631028626,0.012102090655296271
downside_volatility_60d_sector_neutral,2014-04-30,4,10,-0.010157300899321353,-0.008929764682023777,0.015348119046760445
downside_volatility_60d_sector_neutral,2014-04-30,5,10,0.0465837295539608,0.025537440851076676,0.0720891495000426
downside_volatility_60d_sector_neutral,2014-05-30,1,10,-0.0018509639604959993,0.002254662760870607,0.017313036248519986
downside_volatility_60d_sector_neutral,2014-05-30,2,10,-0.003999812585923556,-0.01033209648890665,0.01516418762309243
downside_volatility_60d_sector_neutral,2014-05-30,3,10,0.013166991071155442,0.01857637509667831,0.03233099128017143
downside_volatility_60d_sector_neutral,2014-05-30,4,10,-0.018117303194279753,-0.023550217777292604,0.001046697014736231
downside_volatility_60d_sector_neutral,2014-05-30,5,10,0.02819108457839592,0.019819006923778804,0.047355084787411905
downside_volatility_60d_sector_neutral,2014-06-30,1,10,0.005584999004508329,0.005756984456877889,0.013341155932262105
downside_volatility_60d_sector_neutral,2014-06-30,2,10,-0.006731518942874981,0.0038232767936571266,0.0010246379848787956
downside_volatility_60d_sector_neutral,2014-06-30,3,10,-0.008394640103322647,-0.0029004624490550635,-0.0006384831755688713
downside_volatility_60d_sector_neutral,2014-06-30,4,10,-0.005709135610615279,0.0002564233746155109,0.0020470213171384978
downside_volatility_60d_sector_neutral,2014-06-30,5,10,-0.008102587351351286,-0.018332096679949117,-0.0003464304235975102
downside_volatility_60d_sector_neutral,2014-07-31,1,10,0.012617471680102688,0.011034865806777927,0.054455631126213044
downside_volatility_60d_sector_neutral,2014-07-31,2,10,-0.015217410705441992,-0.020179479077197082,0.026620748740668367
downside_volatility_60d_sector_neutral,2014-07-31,3,10,0.003072085594405216,0.0,0.04491024504051557
downside_volatility_60d_sector_neutral,2014-07-31,4,10,0.0015261371028426618,-0.014217606624651324,0.04336429654895302
downside_volatility_60d_sector_neutral,2014-07-31,5,10,0.03846225794187748,0.027537453992504957,0.08030041738798784
downside_volatility_60d_sector_neutral,2014-08-29,1,10,-0.015378639406018024,-0.005503544625127588,-0.01136142524615924
downside_volatility_60d_sector_neutral,2014-08-29,2,10,0.011489240019294866,0.007989571684275165,0.01550645417915365
downside_volatility_60d_sector_neutral,2014-08-29,3,10,-0.007421148597118965,0.003952450977321775,-0.003403934437260181
downside_volatility_60d_sector_neutral,2014-08-29,4,10,-0.009735030910057129,-0.0023820991502950806,-0.005717816750198346
downside_volatility_60d_sector_neutral,2014-08-29,5,10,-0.02731765547567999,-0.04096302659504786,-0.023300441315821208
downside_volatility_60d_sector_neutral,2014-09-30,1,10,0.004646131504705353,0.0026828328264636436,0.015058662747208096
downside_volatility_60d_sector_neutral,2014-09-30,2,10,-0.005606143590478974,0.0010518126185483645,0.004806387652023769
downside_volatility_60d_sector_neutral,2014-09-30,3,10,-0.0013261159144453138,-0.0006348025044980998,0.009086415328057429
downside_volatility_60d_sector_neutral,2014-09-30,4,10,0.007207806640330161,-0.001911453990982137,0.017620337882832904
downside_volatility_60d_sector_neutral,2014-09-30,5,10,-0.032725778341513315,-0.010138604201562096,-0.02231324709901057
downside_volatility_60d_sector_neutral,2014-10-31,1,10,-0.025167628304322686,-0.02042939615035222,0.018544438343933312
downside_volatility_60d_sector_neutral,2014-10-31,2,10,0.021176826418384854,0.01876256504424978,0.06488889306664085
downside_volatility_60d_sector_neutral,2014-10-31,3,10,-0.017768722836412176,-0.014360664842061333,0.025943343811843822
downside_volatility_60d_sector_neutral,2014-10-31,4,10,0.008859261389026296,0.008901583177495676,0.052571328037282296
downside_volatility_60d_sector_neutral,2014-10-31,5,10,-0.021219959275871704,0.0033165950300744207,0.022492107372384294
downside_volatility_60d_sector_neutral,2014-11-28,1,10,-0.009760897665681667,0.0010737203785691207,0.012288525217338697
downside_volatility_60d_sector_neutral,2014-11-28,2,10,-0.0005864989109285679,0.0005405768859461091,0.021462923972091798
downside_volatility_60d_sector_neutral,2014-11-28,3,10,0.006022794626228967,0.0009873598226530778,0.02807221750924933
downside_volatility_60d_sector_neutral,2014-11-28,4,10,-0.012408790225151501,-0.011834284612532608,0.009640632657868863
downside_volatility_60d_sector_neutral,2014-11-28,5,10,-0.03389028394386512,-0.03668340943375059,-0.011840861060844754
downside_volatility_60d_sector_neutral,2014-12-31,1,10,-0.016511465971078422,-0.01755179487760894,-0.025433652987895218
downside_volatility_60d_sector_neutral,2014-12-31,2,10,0.005631668538132006,0.007563659763930974,-0.00329051847868479
downside_volatility_60d_sector_neutral,2014-12-31,3,10,0.0036297698653302455,0.007181676515950974,-0.0052924171514865505
downside_volatility_60d_sector_neutral,2014-12-31,4,10,-0.03002159019566575,-0.01932586872320191,-0.038943777212482544
downside_volatility_60d_sector_neutral,2014-12-31,5,10,0.03564021999732756,0.011856471144528313,0.026718032980510766
downside_volatility_60d_sector_neutral,2015-01-30,1,10,0.0034477135673562586,0.007296323740361821,0.06392657339395877
downside_volatility_60d_sector_neutral,2015-01-30,2,10,0.0032174757354488494,0.005730688012987595,0.06369633556205136
downside_volatility_60d_sector_neutral,2015-01-30,3,10,0.006239754795499675,0.0025124146953453552,0.06671861462210218
downside_volatility_60d_sector_neutral,2015-01-30,4,10,-0.02156854386289011,-0.018980065408652158,0.038910315963712395
downside_volatility_60d_sector_neutral,2015-01-30,5,10,-0.004984587233510496,-0.013161933083877031,0.05549427259309201
downside_volatility_60d_sector_neutral,2015-02-27,1,10,0.008988212833905551,0.007688331484374089,-0.0007301013102824494
downside_volatility_60d_sector_neutral,2015-02-27,2,10,0.0230264644451423,0.028571517162830073,0.013308150300954303
downside_volatility_60d_sector_neutral,2015-02-27,3,10,0.001240985293809016,-0.003099102838882095,-0.008477328850378985
downside_volatility_60d_sector_neutral,2015-02-27,4,10,0.0003920927766388305,-0.002475408585767891,-0.00932622136754917
downside_volatility_60d_sector_neutral,2015-02-27,5,10,-0.03171862821880241,-0.03088021421238102,-0.04143694236299041
downside_volatility_60d_sector_neutral,2015-03-31,1,10,-0.0008782453474152629,-0.007444291516921386,-0.0033691523301877524
downside_volatility_60d_sector_neutral,2015-03-31,2,10,0.007940361453710364,0.01027654777570769,0.005449454470937876
downside_volatility_60d_sector_neutral,2015-03-31,3,10,-0.030624883363806577,-0.023925361215013874,-0.03311579034657906
downside_volatility_60d_sector_neutral,2015-03-31,4,10,0.016715055111502973,0.025193524397044753,0.014224148128730485
downside_volatility_60d_sector_neutral,2015-03-31,5,10,0.10248899250202455,0.08012540929970596,0.09999808551925204
downside_volatility_60d_sector_neutral,2015-04-30,1,10,-0.005012466048688302,-0.0032359377723971683,0.016124324636796382
downside_volatility_60d_sector_neutral,2015-04-30,2,10,0.004868058693529564,0.008909225699613277,0.02600484937901425
downside_volatility_60d_sector_neutral,2015-04-30,3,10,-0.0039637852303682775,-0.007158216523213579,0.017173005455116408
downside_volatility_60d_sector_neutral,2015-04-30,4,10,-0.0119784580710518,0.005330914903470485,0.009158332614432885
downside_volatility_60d_sector_neutral,2015-04-30,5,10,0.0309179902637692,0.006712145581188489,0.052054780949253886
downside_volatility_60d_sector_neutral,2015-05-29,1,10,-0.010932863820439186,-0.02651336382670183,-0.03697135925276469
downside_volatility_60d_sector_neutral,2015-05-29,2,10,0.0037862864371933868,0.0024792570265118608,-0.022252208995132118
downside_volatility_60d_sector_neutral,2015-05-29,3,10,0.02776859348962185,0.025803037675375784,0.0017300980572963476
downside_volatility_60d_sector_neutral,2015-05-29,4,10,0.01609698585997541,0.008550907216773984,-0.009941509572350094
downside_volatility_60d_sector_neutral,2015-05-29,5,10,-0.011388197111343912,-0.019805651381413436,-0.03742669254366941
downside_volatility_60d_sector_neutral,2015-06-30,1,10,-0.007929262655769154,-0.0027704059914460677,0.02600294140047249
downside_volatility_60d_sector_neutral,2015-06-30,2,10,-0.02598147643871762,0.0006720426168991267,0.007950727617524023
downside_volatility_60d_sector_neutral,2015-06-30,3,10,-0.0014969447149995152,-0.007192681794959577,0.032435259341242126
downside_volatility_60d_sector_neutral,2015-06-30,4,10,0.06753149922415799,0.03896640749078284,0.10146370328039964
downside_volatility_60d_sector_neutral,2015-06-30,5,10,-0.03163486845320103,-0.027499286622001684,0.0022973356030406176
downside_volatility_60d_sector_neutral,2015-07-31,1,10,-0.0007544985905657998,0.00829507078126318,-0.0542885863344371
downside_volatility_60d_sector_neutral,2015-07-31,2,10,-0.018430419368408547,-0.015782003641718334,-0.07196450711227985
downside_volatility_60d_sector_neutral,2015-07-31,3,10,-0.0028747287786337174,-0.005601973999806109,-0.056408816522505026
downside_volatility_60d_sector_neutral,2015-07-31,4,10,0.016840547543479977,0.016131880234858342,-0.036693540200391325
downside_volatility_60d_sector_neutral,2015-07-31,5,10,0.011963718168874904,-0.016943342249873816,-0.0415703695749964
downside_volatility_60d_sector_neutral,2015-08-31,1,10,0.010726038252100311,0.004274563770765238,0.003004644713375837
downside_volatility_60d_sector_neutral,2015-08-31,2,10,0.002866992834985882,-0.016181390137430418,-0.004854400703738593
downside_volatility_60d_sector_neutral,2015-08-31,3,10,-0.0034076531851832126,0.006860049363785536,-0.011129046723907687
downside_volatility_60d_sector_neutral,2015-08-31,4,10,-0.0237449237067462,-0.017668452219817332,-0.03146631724547068
downside_volatility_60d_sector_neutral,2015-08-31,5,10,-0.03505876561986735,-0.01748667506809659,-0.042780159158591825
downside_volatility_60d_sector_neutral,2015-09-30,1,10,0.0009448105828278042,-0.013046293436222434,0.09238722131904398
downside_volatility_60d_sector_neutral,2015-09-30,2,10,0.013868684158362177,0.014320805341329956,0.10531109489457835
downside_volatility_60d_sector_neutral,2015-09-30,3,10,0.01073395473352059,0.026131338785219005,0.10217636546973677
downside_volatility_60d_sector_neutral,2015-09-30,4,10,-0.024570641224533517,-0.012694265577366748,0.06687176951168265
downside_volatility_60d_sector_neutral,2015-09-30,5,10,-0.0310236017567308,0.0033906973651440797,0.06041880897948537
downside_volatility_60d_sector_neutral,2015-10-30,1,10,0.011634472295248898,-0.0007404309678504806,0.03295062661493682
downside_volatility_60d_sector_neutral,2015-10-30,2,10,-0.028217236481200392,-0.015495975742911339,-0.006901082161512473
downside_volatility_60d_sector_neutral,2015-10-30,3,10,0.008285054963491167,-0.002364813328464277,0.029601209283179088
downside_volatility_60d_sector_neutral,2015-10-30,4,10,0.011988040687853318,0.01333634448792953,0.03330419500754124
downside_volatility_60d_sector_neutral,2015-10-30,5,10,0.015427183920751342,-0.010479779009574475,0.03674333824043926
downside_volatility_60d_sector_neutral,2015-11-30,1,10,0.0014050595722153614,0.020810295409546486,0.009825591718309535
downside_volatility_60d_sector_neutral,2015-11-30,2,10,-0.0014265955231063776,-0.0008294260705273837,0.006993936622987795
downside_volatility_60d_sector_neutral,2015-11-30,3,10,-0.01525271985236083,-0.002827508021761349,-0.006832187706266657
downside_volatility_60d_sector_neutral,2015-11-30,4,10,-0.02995783741743946,-0.022121165382809338,-0.021537305271345286
downside_volatility_60d_sector_neutral,2015-11-30,5,10,0.00501217734169922,0.025183530850503066,0.013432709487793393
downside_volatility_60d_sector_neutral,2015-12-31,1,10,0.03571388510039991,0.043509242351372546,-0.03870234039794823
downside_volatility_60d_sector_neutral,2015-12-31,2,10,0.007049912684392456,-0.0026549267275380872,-0.06736631281395569
downside_volatility_60d_sector_neutral,2015-12-31,3,10,0.014080237183008548,0.02214006518215811,-0.060335988315339595
downside_volatility_60d_sector_neutral,2015-12-31,4,10,0.004808590063459772,0.029534731221552757,-0.06960763543488838
downside_volatility_60d_sector_neutral,2015-12-31,5,10,-0.03341707099178269,-0.020864509093809602,-0.10783329649013085
downside_volatility_60d_sector_neutral,2016-01-29,1,10,-0.0010265936863306014,0.006084997454005814,0.01573166632635605
downside_volatility_60d_sector_neutral,2016-01-29,2,10,-0.005212377038829774,-0.007425307166740169,0.011545882973856881
downside_volatility_60d_sector_neutral,2016-01-29,3,10,0.029411187890541292,0.005693985853342909,0.046169447903227946
downside_volatility_60d_sector_neutral,2016-01-29,4,10,-0.013593342539346687,-0.018525747799941816,0.0031649174733399676
downside_volatility_60d_sector_neutral,2016-01-29,5,10,0.001951857406936952,-0.004278397900284392,0.018710117419623605
downside_volatility_60d_sector_neutral,2016-02-29,1,10,0.0006784218487252414,-0.004691819097132011,0.07787101417802322
downside_volatility_60d_sector_neutral,2016-02-29,2,10,-0.007559151734316316,0.007330913995820421,0.06963344059498167
downside_volatility_60d_sector_neutral,2016-02-29,3,10,0.018361724903114628,0.013949502145086723,0.09555431723241262
downside_volatility_60d_sector_neutral,2016-02-29,4,10,-0.009309784809279343,-0.02627120481216816,0.06788280752001864
downside_volatility_60d_sector_neutral,2016-02-29,5,10,0.015671000930907897,0.0049756496857590315,0.09286359326020588
downside_volatility_60d_sector_neutral,2016-03-31,1,10,0.000694507721916704,0.004553618933149317,0.012049984784390233
downside_volatility_60d_sector_neutral,2016-03-31,2,10,-0.02024308330602964,-0.007888316258408967,-0.008887606243556112
downside_volatility_60d_sector_neutral,2016-03-31,3,10,-0.0033387893257667777,0.008951516420420136,0.008016687736706751
downside_volatility_60d_sector_neutral,2016-03-31,4,10,-0.007052003939270779,-0.008121861727480861,0.0043034731232027505
downside_volatility_60d_sector_neutral,2016-03-31,5,10,0.03209860735183896,0.051021362527864156,0.04345408441431249
downside_volatility_60d_sector_neutral,2016-04-29,1,10,-0.004345760055238202,-0.00833691631775313,0.007706313763997363
downside_volatility_60d_sector_neutral,2016-04-29,2,10,-0.0014902179518529568,-0.017002744026172245,0.010561855867382609
downside_volatility_60d_sector_neutral,2016-04-29,3,10,0.02357278087122854,0.014417530636857467,0.0356248546904641
downside_volatility_60d_sector_neutral,2016-04-29,4,10,0.02157149961093422,-0.009884672057058785,0.033623573430169786
downside_volatility_60d_sector_neutral,2016-04-29,5,10,-0.0032449862793103245,0.0052292507897852,0.00880708753992524
downside_volatility_60d_sector_neutral,2016-05-31,1,10,0.0024705701302450978,-0.0028660924799346343,0.0011743174915880283
downside_volatility_60d_sector_neutral,2016-05-31,2,10,0.01105162655375599,0.01228056176116643,0.00975537391509892
downside_volatility_60d_sector_neutral,2016-05-31,3,10,-0.02404373195331776,-0.02477357428450272,-0.02533998459197483
downside_volatility_60d_sector_neutral,2016-05-31,4,10,-0.0027229582134561505,0.006980298270146679,-0.00401921085211322
downside_volatility_60d_sector_neutral,2016-05-31,5,10,-0.019135250177278885,-0.011434241525791478,-0.020431502815935955
downside_volatility_60d_sector_neutral,2016-06-30,1,10,-0.029550985621374926,-0.037569961365230276,0.017544892834238435
downside_volatility_60d_sector_neutral,2016-06-30,2,10,0.00024678964626240196,-0.01871004380469299,0.04734266810187576
downside_volatility_60d_sector_neutral,2016-06-30,3,10,0.02724288713112859,0.008602836909535228,0.07433876558674195
downside_volatility_60d_sector_neutral,2016-06-30,4,10,-0.014885567163889845,-0.0047148137910644206,0.03221031129172351
downside_volatility_60d_sector_neutral,2016-06-30,5,10,0.020184812516034344,0.034604648493738455,0.06728069097164771
downside_volatility_60d_sector_neutral,2016-07-29,1,10,-0.01375055092988331,-0.004759642511711459,-0.0030120926962347028
downside_volatility_60d_sector_neutral,2016-07-29,2,10,0.0027596219969028392,0.010762481060311968,0.013498080230551445
downside_volatility_60d_sector_neutral,2016-07-29,3,10,-0.0015619514215902907,-0.006922791523548855,0.009176506812058316
downside_volatility_60d_sector_neutral,2016-07-29,4,10,0.00426192652210744,-0.008480455285163058,0.015000384755756047
downside_volatility_60d_sector_neutral,2016-07-29,5,10,0.013501408184107045,0.02717861148556011,0.024239866417755652
downside_volatility_60d_sector_neutral,2016-08-31,1,10,-0.008779233217269079,-0.008859586006788545,-0.00434817906602396
downside_volatility_60d_sector_neutral,2016-08-31,2,10,-0.01271018006766007,0.00462345192315794,-0.008279125916414953
downside_volatility_60d_sector_neutral,2016-08-31,3,10,0.0020780639273632606,0.001546406437075043,0.006509118078608378
downside_volatility_60d_sector_neutral,2016-08-31,4,10,0.003966858989183064,-0.010553441450288303,0.008397913140428181
downside_volatility_60d_sector_neutral,2016-08-31,5,10,0.014312992143768,0.004425584750924805,0.01874404629501312
downside_volatility_60d_sector_neutral,2016-09-30,1,10,0.008323007112874037,0.00630170881453973,-0.0062094308461664305
downside_volatility_60d_sector_neutral,2016-09-30,2,10,0.011412786129257935,0.012795194838621238,-0.003119651829782533
downside_volatility_60d_sector_neutral,2016-09-30,3,10,-0.018272306158393526,-0.012119239089829592,-0.03280474411743399
downside_volatility_60d_sector_neutral,2016-09-30,4,10,-0.00021648751701492942,-0.0074073965768610694,-0.014748925476055396
downside_volatility_60d_sector_neutral,2016-09-30,5,10,0.019247142769180325,-0.007398387034722453,0.004714704810139858
downside_volatility_60d_sector_neutral,2016-10-31,1,10,0.007610719749182782,0.03839576466188588,0.037779280390600155
downside_volatility_60d_sector_neutral,2016-10-31,2,10,-0.013334789659253398,-0.018630962365271952,0.016833770982163977
downside_volatility_60d_sector_neutral,2016-10-31,3,10,-0.027684635699352256,-0.04206521420100484,0.002483924942065119
downside_volatility_60d_sector_neutral,2016-10-31,4,10,0.014011676115056293,-0.018104296703629008,0.044180236756473666
downside_volatility_60d_sector_neutral,2016-10-31,5,10,0.056013461736895434,0.06518898577495513,0.08618202237831281
downside_volatility_60d_sector_neutral,2016-11-30,1,10,0.0002252486275869381,0.0035957987553261184,0.022499344530748033
downside_volatility_60d_sector_neutral,2016-11-30,2,10,-0.004392686695476766,-0.002776682871377334,0.01788140920768433
downside_volatility_60d_sector_neutral,2016-11-30,3,10,0.001665030860079042,0.0009015366245845868,0.023939126763240136
downside_volatility_60d_sector_neutral,2016-11-30,4,10,-0.0029648473179698653,-0.007924664084736244,0.01930924858519123
downside_volatility_60d_sector_neutral,2016-11-30,5,10,0.03078870384551329,0.017227898257180407,0.05306279974867438
downside_volatility_60d_sector_neutral,2016-12-30,1,10,-0.0313889407361395,-0.027362800808334364,-0.008661508383364647
downside_volatility_60d_sector_neutral,2016-12-30,2,10,0.013425851826307266,0.009907035979543899,0.036153284179082125
downside_volatility_60d_sector_neutral,2016-12-30,3,10,-0.007537196076321628,-0.0008833767777568502,0.015190236276453228
downside_volatility_60d_sector_neutral,2016-12-30,4,10,-0.0017655056553614878,0.00837204785909429,0.02096192669741337
downside_volatility_60d_sector_neutral,2016-12-30,5,10,0.0493714524119949,0.039372384819606476,0.07209888476476975
downside_volatility_60d_sector_neutral,2017-01-31,1,10,0.013693281678934344,0.013417151267216987,0.06186967789877228
downside_volatility_60d_sector_neutral,2017-01-31,2,10,0.013645205671904637,0.021523675124504482,0.06182160189174257
downside_volatility_60d_sector_neutral,2017-01-31,3,10,0.007417427978709168,-0.006939987475010678,0.0555938241985471
downside_volatility_60d_sector_neutral,2017-01-31,4,10,-0.013559169278317651,0.0,0.034617226941520286
downside_volatility_60d_sector_neutral,2017-01-31,5,10,-0.021570400614929985,-0.010217926316344106,0.02660599560490795
downside_volatility_60d_sector_neutral,2017-02-28,1,10,1.5040971018742689e-05,0.0029541348210292417,0.004935105731173573
downside_volatility_60d_sector_neutral,2017-02-28,2,10,0.0050213215415210845,0.004723171403031801,0.009941386301675913
downside_volatility_60d_sector_neutral,2017-02-28,3,10,-0.0022626390147965857,-0.003714101150613547,0.002657425745358244
downside_volatility_60d_sector_neutral,2017-02-28,4,10,-0.003227997135127658,-0.008891917577560526,0.0016920676250271715
downside_volatility_60d_sector_neutral,2017-02-28,5,10,0.00940012927657644,-0.0013163036871736145,0.01432019403673127
downside_volatility_60d_sector_neutral,2017-03-31,1,10,0.01311426685517777,0.017734962649449293,0.04133364440825701
downside_volatility_60d_sector_neutral,2017-03-31,2,10,-0.013025332673083334,-0.02970961848047199,0.015194044879995905
downside_volatility_60d_sector_neutral,2017-03-31,3,10,0.000169636857503197,0.00443920834913869,0.028389014410582437
downside_volatility_60d_sector_neutral,2017-03-31,4,10,-0.01461252726528479,-0.016651472588606164,0.013606850287794448
downside_volatility_60d_sector_neutral,2017-03-31,5,10,0.0006747111445814302,-0.0032766034047945203,0.02889408869766067
downside_volatility_60d_sector_neutral,2017-04-28,1,10,-0.0013035550374059235,0.004140412674537353,0.02411146738320552
downside_volatility_60d_sector_neutral,2017-04-28,2,10,-0.02166772939802549,-0.022525336759606995,0.0037472930225859514
downside_volatility_60d_sector_neutral,2017-04-28,3,10,0.006690395376946101,0.01035701074419948,0.032105417797557545
downside_volatility_60d_sector_neutral,2017-04-28,4,10,-0.006447041616782711,-0.00817711784378694,0.01896798080382873
downside_volatility_60d_sector_neutral,2017-04-28,5,10,0.021114172933390973,-0.01893144027372734,0.04652919535400242
downside_volatility_60d_sector_neutral,2017-05-31,1,10,0.00841252228593361,-0.002588840692918204,0.004229385519714546
downside_volatility_60d_sector_neutral,2017-05-31,2,10,0.009482925744629833,0.000516477451399544,0.005299788978410769
downside_volatility_60d_sector_neutral,2017-05-31,3,10,0.009616870314148184,0.016599019870612353,0.00543373354792912
downside_volatility_60d_sector_neutral,2017-05-31,4,10,0.005431698925287887,-0.00888542880717691,0.0012485621590688223
downside_volatility_60d_sector_neutral,2017-05-31,5,10,0.020622603205613245,0.01566222509184645,0.01643946643939418
downside_volatility_60d_sector_neutral,2017-06-30,1,10,-0.0019609055582926805,-0.009457725803485473,0.019845532665711173
downside_volatility_60d_sector_neutral,2017-06-30,2,10,0.020014636349169824,0.023518110668608205,0.041821074573173675
downside_volatility_60d_sector_neutral,2017-06-30,3,10,-0.005059841740375226,-0.0017385132808307446,0.01674659648362863
downside_volatility_60d_sector_neutral,2017-06-30,4,10,-0.0021720338878186696,-0.00437302799052075,0.019634404336185185
downside_volatility_60d_sector_neutral,2017-06-30,5,10,0.01144959592392547,-0.006398895104565372,0.033256034147929325
downside_volatility_60d_sector_neutral,2017-07-31,1,10,0.0003460203131082862,0.004606983164526124,-0.0003047348672044814
downside_volatility_60d_sector_neutral,2017-07-31,2,10,0.0011857592893446788,0.008002746260719062,0.0005350041090319113
downside_volatility_60d_sector_neutral,2017-07-31,3,10,0.005499424815903142,0.008362086816535164,0.0048486696355903745
downside_volatility_60d_sector_neutral,2017-07-31,4,10,0.002413377415141893,-0.003729332888857184,0.0017626222348291255
downside_volatility_60d_sector_neutral,2017-07-31,5,10,-0.01371998131765333,-0.020792223503446616,-0.014370736497966097
downside_volatility_60d_sector_neutral,2017-08-31,1,10,-0.013807445136362862,-0.02803270163496835,0.007196196358602169
downside_volatility_60d_sector_neutral,2017-08-31,2,10,-0.0079973152927865,-0.017570781478042474,0.013006326202178531
downside_volatility_60d_sector_neutral,2017-08-31,3,10,0.015015172384335907,-0.002672102702052981,0.036018813879300934
downside_volatility_60d_sector_neutral,2017-08-31,4,10,0.03807386811920309,0.040665021413573865,0.05907750961416812
downside_volatility_60d_sector_neutral,2017-08-31,5,10,0.02339413503702805,0.036395158792466464,0.04439777653199308
downside_volatility_60d_sector_neutral,2017-09-29,1,10,-0.00839359942249065,0.001748162876864301,0.03056413452377902
downside_volatility_60d_sector_neutral,2017-09-29,2,10,0.0021538531946124428,-0.003797104365564463,0.04111158714088211
downside_volatility_60d_sector_neutral,2017-09-29,3,10,0.004122159821190396,0.01563917015265004,0.04307989376746006
downside_volatility_60d_sector_neutral,2017-09-29,4,10,0.0025757699839092595,0.003627993016091513,0.041533503930178926
downside_volatility_60d_sector_neutral,2017-09-29,5,10,-0.0023317268407688886,-0.007489122463005704,0.03662600710550078
downside_volatility_60d_sector_neutral,2017-10-31,1,10,0.002561691116876874,-0.007771674877571466,0.031600023808363464
downside_volatility_60d_sector_neutral,2017-10-31,2,10,0.026110359502454238,0.022890275421910355,0.05514869219394083
downside_volatility_60d_sector_neutral,2017-10-31,3,10,-0.007048267611011638,-0.003969444702415448,0.021990065080474953
downside_volatility_60d_sector_neutral,2017-10-31,4,10,0.019047355851452386,0.018931106328774594,0.04808568854293897
downside_volatility_60d_sector_neutral,2017-10-31,5,10,0.007184185532821863,-0.01731180621931505,0.036222518224308456
downside_volatility_60d_sector_neutral,2017-11-30,1,10,0.006342610893051404,0.0076596143486100665,0.027462676796881823
downside_volatility_60d_sector_neutral,2017-11-30,2,10,-0.0019411818713047425,-0.009302484709399983,0.019178884032525677
downside_volatility_60d_sector_neutral,2017-11-30,3,10,0.011557976860108166,0.022912891586466366,0.03267804276393858
downside_volatility_60d_sector_neutral,2017-11-30,4,10,0.014343848145262716,-1.5191702659511641e-05,0.03546391404909314
downside_volatility_60d_sector_neutral,2017-11-30,5,10,-0.008077745549066895,-0.005788932388387735,0.013042320354763525
downside_volatility_60d_sector_neutral,2017-12-29,1,10,-0.010517527828076667,0.004095226148248754,0.056145313442900434
downside_volatility_60d_sector_neutral,2017-12-29,2,10,-0.000671894288829622,-0.009076533432288758,0.06599094698214748
downside_volatility_60d_sector_neutral,2017-12-29,3,10,-0.014540108278516628,-0.014139992189043715,0.05212273299246047
downside_volatility_60d_sector_neutral,2017-12-29,4,10,-0.038522075997243735,-0.032272232826061176,0.02814076527373337
downside_volatility_60d_sector_neutral,2017-12-29,5,10,0.08141138235260052,0.05808082204048126,0.14807422362357764
downside_volatility_60d_sector_neutral,2018-01-31,1,10,0.012213683089289606,0.003333283132067655,-0.03945945297330872
downside_volatility_60d_sector_neutral,2018-01-31,2,10,0.0107818696265364,0.02192806889844623,-0.040891266436061925
downside_volatility_60d_sector_neutral,2018-01-31,3,10,-0.029162596342287007,-0.020185754568061653,-0.08083573240488533
downside_volatility_60d_sector_neutral,2018-01-31,4,10,-0.027354954688286904,-0.01371354474562786,-0.07902809075088522
downside_volatility_60d_sector_neutral,2018-01-31,5,10,0.041192392214372264,0.028880497546979356,-0.01048074384822606
downside_volatility_60d_sector_neutral,2018-02-28,1,10,0.0034323856431215825,0.011266870712875854,-0.018614887586374595
downside_volatility_60d_sector_neutral,2018-02-28,2,10,-0.0013802738658304282,-0.004466734324174104,-0.023427547095326608
downside_volatility_60d_sector_neutral,2018-02-28,3,10,0.015777655707381367,0.020593040726124945,-0.006269617522114812
downside_volatility_60d_sector_neutral,2018-02-28,4,10,-0.005073880135560815,0.0004617832657431431,-0.027121153365056994
downside_volatility_60d_sector_neutral,2018-02-28,5,10,-0.0412127942794868,-0.020042306918438335,-0.06326006750898297
downside_volatility_60d_sector_neutral,2018-03-29,1,10,0.021932563327200193,0.021309044455175563,0.024900571539918114
downside_volatility_60d_sector_neutral,2018-03-29,2,10,0.007601753445392568,0.009946389962322666,0.010569761658110488
downside_volatility_60d_sector_neutral,2018-03-29,3,10,0.01822772984049915,0.015153634904111035,0.021195738053217072
downside_volatility_60d_sector_neutral,2018-03-29,4,10,-0.0031848332326776863,-0.01489108151891605,-0.00021682501995976545
downside_volatility_60d_sector_neutral,2018-03-29,5,10,0.01595923587327226,-0.004642017327111558,0.01892724408599018
downside_volatility_60d_sector_neutral,2018-04-30,1,10,-0.010858832908814797,-0.029315896981472078,0.024829049874262755
downside_volatility_60d_sector_neutral,2018-04-30,2,10,-0.000870352816468567,-0.002418062328568338,0.03481752996660899
downside_volatility_60d_sector_neutral,2018-04-30,3,10,0.0002747642523781013,0.003984360352858873,0.03596264703545565
downside_volatility_60d_sector_neutral,2018-04-30,4,10,-0.007374065050607737,-0.02439860756491241,0.028313817732469816
downside_volatility_60d_sector_neutral,2018-04-30,5,10,0.03506044843343055,0.036211905088109564,0.0707483312165081
downside_volatility_60d_sector_neutral,2018-05-31,1,10,0.015764645153242506,0.014706911831265601,0.029003948143012003
downside_volatility_60d_sector_neutral,2018-05-31,2,10,-0.02023031618352965,-0.01356162521510823,-0.006991013193760154
downside_volatility_60d_sector_neutral,2018-05-31,3,10,-0.0055250060842829685,-0.01407486490559473,0.0077142969054865285
downside_volatility_60d_sector_neutral,2018-05-31,4,10,-0.0013441389068870491,0.01345733377749092,0.011895164082882447
downside_volatility_60d_sector_neutral,2018-05-31,5,10,0.009364739507982833,0.01222226278168792,0.02260404249775233
downside_volatility_60d_sector_neutral,2018-06-29,1,10,0.013504341393242048,0.015038377245689794,0.05962211270395109
downside_volatility_60d_sector_neutral,2018-06-29,2,10,-0.009333028334125148,0.011036868956009083,0.03678474297658389
downside_volatility_60d_sector_neutral,2018-06-29,3,10,-0.03212806624015864,-0.022410809716967406,0.013989705070550407
downside_volatility_60d_sector_neutral,2018-06-29,4,10,0.03373420690800566,0.031817566352462245,0.0798519782187147
downside_volatility_60d_sector_neutral,2018-06-29,5,10,-0.024140805803072974,-0.004776538449228318,0.02197696550763607
downside_volatility_60d_sector_neutral,2018-07-31,1,10,0.027155263779196658,0.020271984867840764,0.055552756828821014
downside_volatility_60d_sector_neutral,2018-07-31,2,10,0.01465931019351847,0.011597394664088712,0.04305680324314283
downside_volatility_60d_sector_neutral,2018-07-31,3,10,-0.0008031743688407866,-0.0035927805430686632,0.027594318680783568
downside_volatility_60d_sector_neutral,2018-07-31,4,10,-0.014730309039122336,-0.013101695147683445,0.01366718401050202
downside_volatility_60d_sector_neutral,2018-07-31,5,10,0.012328819150705873,-0.004187193877087103,0.040726312200330225
downside_volatility_60d_sector_neutral,2018-08-31,1,10,0.005904056812373592,0.003240946129153821,0.026147783298468553
downside_volatility_60d_sector_neutral,2018-08-31,2,10,-0.0019102243731058844,0.01698893911539745,0.018333502112989074
downside_volatility_60d_sector_neutral,2018-08-31,3,10,-0.0010966335945717387,-0.007595585166745411,0.01914709289152322
downside_volatility_60d_sector_neutral,2018-08-31,4,10,-0.007311600888710168,-0.013442685467128734,0.012932125597384792
downside_volatility_60d_sector_neutral,2018-08-31,5,10,0.0044080665003007665,0.00295284123521522,0.024651792986395728
downside_volatility_60d_sector_neutral,2018-09-28,1,10,-0.006728417328119585,-0.019887186638980092,-0.10127607130531165
downside_volatility_60d_sector_neutral,2018-09-28,2,10,0.022500413451983448,0.015302302868155926,-0.07204724052520861
downside_volatility_60d_sector_neutral,2018-09-28,3,10,0.057055224761477716,0.04065673482232368,-0.03749242921571434
downside_volatility_60d_sector_neutral,2018-09-28,4,10,-0.012643689282817162,-0.006325016276935713,-0.1071913432600092
downside_volatility_60d_sector_neutral,2018-09-28,5,10,-0.010369036593854653,-0.04387490163772856,-0.10491669057104672
downside_volatility_60d_sector_neutral,2018-10-31,1,10,-0.03099850015134146,-0.017278713306831284,0.011464222365877819
downside_volatility_60d_sector_neutral,2018-10-31,2,10,-0.0012399315304610914,0.0009165011084362185,0.041222790986758184
downside_volatility_60d_sector_neutral,2018-10-31,3,10,-0.03437318379025327,0.010445824986644703,0.008089538726966005
downside_volatility_60d_sector_neutral,2018-10-31,4,10,-0.005645488030178303,0.005043254695105359,0.036817234487040974
downside_volatility_60d_sector_neutral,2018-10-31,5,10,-0.008782406946699628,0.005879838461881337,0.03368031557051965
downside_volatility_60d_sector_neutral,2018-11-30,1,10,-0.000982877310570196,0.0032614663963084767,-0.10466918059952637
downside_volatility_60d_sector_neutral,2018-11-30,2,10,0.030845269647647867,0.03625508695998475,-0.07284103364130831
downside_volatility_60d_sector_neutral,2018-11-30,3,10,0.007622033372626846,-0.001751811642770107,-0.09606426991632933
downside_volatility_60d_sector_neutral,2018-11-30,4,10,-0.004277803302369099,0.004270673827754812,-0.10796410659132527
downside_volatility_60d_sector_neutral,2018-11-30,5,10,-0.014909029932304762,-0.008023709476714158,-0.11859533322126095
downside_volatility_60d_sector_neutral,2018-12-31,1,10,-0.017581037584347092,-0.007489039475188086,0.05091688967720037
downside_volatility_60d_sector_neutral,2018-12-31,2,10,-0.03054264284337922,-0.031202899062550138,0.03795528441816824
downside_volatility_60d_sector_neutral,2018-12-31,3,10,0.012255913802791762,0.010587725802836068,0.08075384106433922
downside_volatility_60d_sector_neutral,2018-12-31,4,10,0.002437214056210135,0.007506918083039937,0.0709351413177576
downside_volatility_60d_sector_neutral,2018-12-31,5,10,0.03130140831923776,0.03044016522497306,0.09979933558078521
downside_volatility_60d_sector_neutral,2019-01-31,1,10,0.010590036957455551,0.016747704407092723,0.04979054047776368
downside_volatility_60d_sector_neutral,2019-01-31,2,10,-0.020461285872669467,-0.014493857208036198,0.01873921764763866
downside_volatility_60d_sector_neutral,2019-01-31,3,10,0.004089522215275065,0.002307519472595443,0.043290025735583194
downside_volatility_60d_sector_neutral,2019-01-31,4,10,0.01572419231463291,0.017542720826375424,0.05492469583494104
downside_volatility_60d_sector_neutral,2019-01-31,5,10,-0.027020226440939175,-0.032147773836138094,0.01218027707936895
downside_volatility_60d_sector_neutral,2019-02-28,1,10,0.004734527851056947,0.002133448065511523,0.03482217931513849
downside_volatility_60d_sector_neutral,2019-02-28,2,10,-0.005757376263603842,0.005993130181030426,0.024330275200477702
downside_volatility_60d_sector_neutral,2019-02-28,3,10,-0.0009042812158154168,0.0021331284435243125,0.029183370248266127
downside_volatility_60d_sector_neutral,2019-02-28,4,10,-0.01880379801059604,-0.010748530138778079,0.011283853453485504
downside_volatility_60d_sector_neutral,2019-02-28,5,10,0.006283342873929254,-0.010042322721680375,0.0363709943380108
downside_volatility_60d_sector_neutral,2019-03-29,1,10,0.003849837783379062,-0.0012985461939341025,0.04677563697200533
downside_volatility_60d_sector_neutral,2019-03-29,2,10,0.06399098987360718,0.0010076214666255856,0.10691678906223345
downside_volatility_60d_sector_neutral,2019-03-29,3,10,-0.01724591580445648,-0.001648385089677018,0.025679883384169787
downside_volatility_60d_sector_neutral,2019-03-29,4,10,0.019025927832323007,0.03272689947688756,0.061951727020949275
downside_volatility_60d_sector_neutral,2019-03-29,5,10,-0.037964914087618394,-0.019677791663565203,0.004960885101007872
downside_volatility_60d_sector_neutral,2019-04-30,1,10,0.015988371621060336,0.013431688306737188,-0.036093054414763216
downside_volatility_60d_sector_neutral,2019-04-30,2,10,0.008475413240706187,0.016372777904811564,-0.04360601279511737
downside_volatility_60d_sector_neutral,2019-04-30,3,10,-0.0036450965916847377,0.0022701439291155645,-0.05572652262750829
downside_volatility_60d_sector_neutral,2019-04-30,4,10,-0.016757228934295553,-0.012297147759835592,-0.06883865497011911
downside_volatility_60d_sector_neutral,2019-04-30,5,10,-0.04627383270320375,-0.04881005172171682,-0.09835525873902731
downside_volatility_60d_sector_neutral,2019-05-31,1,10,-0.0022859189156611893,-0.0038303745998473637,0.08671636304168431
downside_volatility_60d_sector_neutral,2019-05-31,2,10,-0.026198933726574104,-0.027323135802210463,0.0628033482307714
downside_volatility_60d_sector_neutral,2019-05-31,3,10,-0.018687972037209878,-0.014030249506354342,0.07031430992013563
downside_volatility_60d_sector_neutral,2019-05-31,4,10,0.0035321824316959516,0.006132931823150667,0.09253446438904145
downside_volatility_60d_sector_neutral,2019-05-31,5,10,0.04196856783100642,0.03376409852564555,0.1309708497883519
downside_volatility_60d_sector_neutral,2019-06-28,1,10,-0.017271373840644012,-0.012904578795990274,0.01882415297701081
downside_volatility_60d_sector_neutral,2019-06-28,2,10,-0.011253316823317738,-0.01564970314048042,0.024842209994337082
downside_volatility_60d_sector_neutral,2019-06-28,3,10,-0.01617718337660785,-0.013023341519612153,0.01991834344104697
downside_volatility_60d_sector_neutral,2019-06-28,4,10,0.001889206606582361,0.012681678459105394,0.03798473342423718
downside_volatility_60d_sector_neutral,2019-06-28,5,10,0.00905325853060931,0.018386169433161736,0.04514878534826413
downside_volatility_60d_sector_neutral,2019-07-31,1,10,-0.0060264013393716565,-0.019698042135285976,-0.017213563632412332
downside_volatility_60d_sector_neutral,2019-07-31,2,10,-0.00032322698870356214,0.0,-0.011510389281744238
downside_volatility_60d_sector_neutral,2019-07-31,3,10,0.0364600704388929,0.04852357607875396,0.025272908145852223
downside_volatility_60d_sector_neutral,2019-07-31,4,10,-0.022365151769985457,-0.028664205850135016,-0.03355231406302613
downside_volatility_60d_sector_neutral,2019-07-31,5,10,-0.020084226335151813,-0.012651008820601939,-0.03127138862819249
downside_volatility_60d_sector_neutral,2019-08-30,1,10,-0.007208037065939343,0.0005373772903132235,-0.0004841846579246911
downside_volatility_60d_sector_neutral,2019-08-30,2,10,-0.02541880433995116,-0.030675799613008203,-0.01869495193193651
downside_volatility_60d_sector_neutral,2019-08-30,3,10,0.007465889124267555,0.009072712050458676,0.014189741532282207
downside_volatility_60d_sector_neutral,2019-08-30,4,10,0.012298754716477844,0.02106467379249044,0.019022607124492497
downside_volatility_60d_sector_neutral,2019-08-30,5,10,0.011078355265838747,0.0225820144918919,0.017802207673853397
downside_volatility_60d_sector_neutral,2019-09-30,1,10,-0.013018853009672805,-0.0031506528875887563,0.0030905103173609174
downside_volatility_60d_sector_neutral,2019-09-30,2,10,-0.003452990362762942,-0.016983350340152192,0.012656372964270779
downside_volatility_60d_sector_neutral,2019-09-30,3,10,0.004097234963065433,0.003077002542316243,0.020206598290099152
downside_volatility_60d_sector_neutral,2019-09-30,4,10,-0.005130617895930644,-0.0058901868572116545,0.010978745431103077
downside_volatility_60d_sector_neutral,2019-09-30,5,10,0.07856623722824035,0.05898979357669365,0.09467560055527408
downside_volatility_60d_sector_neutral,2019-10-31,1,10,0.013392476466146896,0.00984907733424345,0.041438477461004444
downside_volatility_60d_sector_neutral,2019-10-31,2,10,-0.004947455085465779,-0.010807147336363343,0.023098545909391765
downside_volatility_60d_sector_neutral,2019-10-31,3,10,-0.017845200722878818,-0.020471211815029755,0.010200800271978727
downside_volatility_60d_sector_neutral,2019-10-31,4,10,0.01721965816454374,0.014425988758341779,0.045265659159401284
downside_volatility_60d_sector_neutral,2019-10-31,5,10,0.007801392575704946,0.011121152056285388,0.03584739357056249
downside_volatility_60d_sector_neutral,2019-11-29,1,10,0.005297589164998206,0.00043437340744534314,0.032469286994765235
downside_volatility_60d_sector_neutral,2019-11-29,2,10,-0.01942011196268003,-0.021366885988469586,0.007751585867086996
downside_volatility_60d_sector_neutral,2019-11-29,3,10,0.00870433454419589,-0.008028672364405853,0.03587603237396292
downside_volatility_60d_sector_neutral,2019-11-29,4,10,-0.00026049346611306534,0.004299801161607553,0.026911204363653962
downside_volatility_60d_sector_neutral,2019-11-29,5,10,0.0494583107834863,0.019769652479767807,0.07663000861325334
downside_volatility_60d_sector_neutral,2019-12-31,1,10,0.009704274560982506,0.003487167127414481,0.0031164828091489573
downside_volatility_60d_sector_neutral,2019-12-31,2,10,-0.009088908451780443,-0.022392133990996488,-0.015676700203613992
downside_volatility_60d_sector_neutral,2019-12-31,3,10,-0.007951337817432236,-0.01873098018463515,-0.014539129569265785
downside_volatility_60d_sector_neutral,2019-12-31,4,10,0.017145744412475593,0.035481281821300614,0.010557952660642045
downside_volatility_60d_sector_neutral,2019-12-31,5,10,0.04884255430865435,-0.008116852415194498,0.0422547625568208
beta_60d_market_sector_neutral,2014-03-31,1,10,0.006960597606370733,0.015005332944503569,0.010122060146031276
beta_60d_market_sector_neutral,2014-03-31,2,10,0.01188957301122503,0.01923606515885845,0.015051035550885572
beta_60d_market_sector_neutral,2014-03-31,3,10,-0.008378419710498875,-0.008670891102314449,-0.0052169571708383326
beta_60d_market_sector_neutral,2014-03-31,4,10,-0.0029909968478685324,0.003934873347129719,0.00017046569179200998
beta_60d_market_sector_neutral,2014-03-31,5,10,-0.019371277883229232,-0.013925603194008096,-0.01620981534356869
beta_60d_market_sector_neutral,2014-04-30,1,10,0.010353696200140029,0.002392285893895063,0.03585911614622182
beta_60d_market_sector_neutral,2014-04-30,2,10,-0.00025674163278085473,-0.0038114962096192917,0.025248678313300944
beta_60d_market_sector_neutral,2014-04-30,3,10,-0.01280142751493496,-0.013407355195641624,0.012703992431146838
beta_60d_market_sector_neutral,2014-04-30,4,10,-0.015539586786686677,-0.02250012931803369,0.00996583315939512
beta_60d_market_sector_neutral,2014-04-30,5,10,0.04454344695327228,0.01581046100832484,0.07004886689935408
beta_60d_market_sector_neutral,2014-05-30,1,10,-0.002849546132582237,0.002254662760870607,0.016314454076433747
beta_60d_market_sector_neutral,2014-05-30,2,10,-0.004572750236017209,-0.005339185628475462,0.014591249972998776
beta_60d_market_sector_neutral,2014-05-30,3,10,0.016340040349579386,0.02072423333888007,0.03550404055859537
beta_60d_market_sector_neutral,2014-05-30,4,10,-0.006821300356496385,-0.017421742658631723,0.0123426998525196
beta_60d_market_sector_neutral,2014-05-30,5,10,0.015293552284368494,0.012254164243069576,0.03445755249338448
beta_60d_market_sector_neutral,2014-06-30,1,10,-0.005851015465510745,0.0010427559268834097,0.0019051414622430318
beta_60d_market_sector_neutral,2014-06-30,2,10,0.011832026596423618,0.009307867476665344,0.019588183524177395
beta_60d_market_sector_neutral,2014-06-30,3,10,-0.014754688331507615,-0.011383467233589628,-0.006998531403753838
beta_60d_market_sector_neutral,2014-06-30,4,10,-0.015045495255150532,-0.0036628588260873007,-0.007289338327396755
beta_60d_market_sector_neutral,2014-06-30,5,10,0.00046628945208940784,-0.013959105166230779,0.008222446379843184
beta_60d_market_sector_neutral,2014-07-31,1,10,0.0072861692527807055,-0.0021888580623439235,0.049124328698891065
beta_60d_market_sector_neutral,2014-07-31,2,10,-0.006811655787111593,-0.003185902191379819,0.035026503658998766
beta_60d_market_sector_neutral,2014-07-31,3,10,0.00592992264262091,0.0018381723163963803,0.04776808208873127
beta_60d_market_sector_neutral,2014-07-31,4,10,0.004451723226419002,0.0037959088845026523,0.046289882672529356
beta_60d_market_sector_neutral,2014-07-31,5,10,0.029604382279077024,0.0006371262661601929,0.07144254172518738
beta_60d_market_sector_neutral,2014-08-29,1,10,-0.017721848474297298,-0.006728333633958528,-0.013704634314438514
beta_60d_market_sector_neutral,2014-08-29,2,10,-0.00687396762179846,-0.004081997920416469,-0.0028567534619396763
beta_60d_market_sector_neutral,2014-08-29,3,10,-0.018488195658440655,0.0017725400539279068,-0.01447098149858187
beta_60d_market_sector_neutral,2014-08-29,4,10,0.003964622718456679,0.0005497516689039195,0.007981836878315463
beta_60d_market_sector_neutral,2014-08-29,5,10,-0.009243845333499512,-0.007388019234556009,-0.0052266311736407275
beta_60d_market_sector_neutral,2014-09-30,1,10,-0.01884371171947602,-0.004800138789727959,-0.008431180476973277
beta_60d_market_sector_neutral,2014-09-30,2,10,0.003037996676147359,0.0029539418137821682,0.0134505279186501
beta_60d_market_sector_neutral,2014-09-30,3,10,0.004157928235642971,-0.002455056903892805,0.014570459478145715
beta_60d_market_sector_neutral,2014-09-30,4,10,0.008767550518837042,0.009660719084844227,0.019180081761339784
beta_60d_market_sector_neutral,2014-09-30,5,10,-0.024923863412553437,-0.027704721846081137,-0.014511332170050694
beta_60d_market_sector_neutral,2014-10-31,1,10,0.020159629872325245,0.02367196536236449,0.06387169652058125
beta_60d_market_sector_neutral,2014-10-31,2,10,-0.050563742112930146,-0.03733822645371537,-0.006851675464674145
beta_60d_market_sector_neutral,2014-10-31,3,10,0.005085348294356229,0.0027363437749428066,0.04879741494261223
beta_60d_market_sector_neutral,2014-10-31,4,10,-0.007820617261182005,0.001970855215045808,0.03589144938707399
beta_60d_market_sector_neutral,2014-10-31,5,10,-0.0009808414017647427,0.014004940842790803,0.042731225246491256
beta_60d_market_sector_neutral,2014-11-28,1,10,-0.01139974988073118,0.0005405768859461091,0.010649673002289185
beta_60d_market_sector_neutral,2014-11-28,2,10,0.011164044780921456,0.005746656581908427,0.03321346766394182
beta_60d_market_sector_neutral,2014-11-28,3,10,-0.02329003777295662,-0.019418795391031862,-0.0012406148899362535
beta_60d_market_sector_neutral,2014-11-28,4,10,-0.004793500835025122,4.8143992608773445e-05,0.017255922047995243
beta_60d_market_sector_neutral,2014-11-28,5,10,-0.02230443241160642,-0.02872961311126354,-0.00025500952858605876
beta_60d_market_sector_neutral,2014-12-31,1,10,0.009237907290895376,0.009441646812348214,0.0003157202740785792
beta_60d_market_sector_neutral,2014-12-31,2,10,-0.03108259954770042,-0.02095749765068311,-0.04000478656451721
beta_60d_market_sector_neutral,2014-12-31,3,10,0.00849805013403595,0.012003799839366003,-0.0004241368827808456
beta_60d_market_sector_neutral,2014-12-31,4,10,-0.0205525851055392,-0.014882409952130304,-0.029474772122355997
beta_60d_market_sector_neutral,2014-12-31,5,10,0.03226782946235394,0.014754686394554017,0.02334564244553714
beta_60d_market_sector_neutral,2015-01-30,1,10,-0.0015162047555343228,0.010881967021049488,0.05896265507106818
beta_60d_market_sector_neutral,2015-01-30,2,10,-0.01578282034059274,0.001438864617844926,0.04469603948600977
beta_60d_market_sector_neutral,2015-01-30,3,10,-0.00018477847101576738,-0.0019081134028928748,0.06029408135558674
beta_60d_market_sector_neutral,2015-01-30,4,10,-0.020801155785381952,-0.022547954720414376,0.03967770404122055
beta_60d_market_sector_neutral,2015-01-30,5,10,0.02463677235442896,0.007872303451714413,0.08511563218103146
beta_60d_market_sector_neutral,2015-02-27,1,10,0.004934228682904796,0.001068328257729012,-0.004784085461283205
beta_60d_market_sector_neutral,2015-02-27,2,10,0.007902883222061275,0.0001852227429857134,-0.0018154309221267261
beta_60d_market_sector_neutral,2015-02-27,3,10,0.0004672083086705747,-4.985577700677979e-06,-0.009251105835517425
beta_60d_market_sector_neutral,2015-02-27,4,10,0.01471804548187583,0.0150060503297067,0.004999731337687829
beta_60d_market_sector_neutral,2015-02-27,5,10,-0.02609323856481919,-0.022332188240187067,-0.03581155270900719
beta_60d_market_sector_neutral,2015-03-31,1,10,0.010937871231835516,0.0008172758164962657,0.008446964249063027
beta_60d_market_sector_neutral,2015-03-31,2,10,-0.0074839578539272365,-0.009835573019009947,-0.009974864836699727
beta_60d_market_sector_neutral,2015-03-31,3,10,0.005938719065924902,0.0034110910730825728,0.0034478120831524127
beta_60d_market_sector_neutral,2015-03-31,4,10,0.016683826773029632,0.00910940812666633,0.014192919790257141
beta_60d_market_sector_neutral,2015-03-31,5,10,0.06956482113915323,0.05055776107624538,0.06707391415638074
beta_60d_market_sector_neutral,2015-04-30,1,10,-0.006838895665236389,-0.005648482827889323,0.014297895020248298
beta_60d_market_sector_neutral,2015-04-30,2,10,-0.015790417843493654,-0.005101127840514641,0.005346372841991032
beta_60d_market_sector_neutral,2015-04-30,3,10,0.000866135229408993,0.003195700947520752,0.022002925914893678
beta_60d_market_sector_neutral,2015-04-30,4,10,0.0029113228990625627,-0.0036302643342720486,0.024048113584547247
beta_60d_market_sector_neutral,2015-04-30,5,10,0.03368319498744887,0.009696390420664502,0.05481998567293356
beta_60d_market_sector_neutral,2015-05-29,1,10,0.0029069232889634366,-0.0033848156853308886,-0.02313157214336207
beta_60d_market_sector_neutral,2015-05-29,2,10,0.006050068349978799,0.0031304825690366966,-0.019988427082346705
beta_60d_market_sector_neutral,2015-05-29,3,10,0.015690121512520992,-0.010653314992687679,-0.01034837391980451
beta_60d_market_sector_neutral,2015-05-29,4,10,0.009951430456616162,0.013447752086783893,-0.01608706497570934
beta_60d_market_sector_neutral,2015-05-29,5,10,-0.009267738753071842,-0.008603849031289357,-0.03530623418539734
beta_60d_market_sector_neutral,2015-06-30,1,10,-0.007301559133249336,-0.02237193398436199,0.02663064492299231
beta_60d_market_sector_neutral,2015-06-30,2,10,-0.008384240171362889,0.01649066778466335,0.025547963884878754
beta_60d_market_sector_neutral,2015-06-30,3,10,-0.01601489015350842,-0.00894188106869065,0.017917313902733222
beta_60d_market_sector_neutral,2015-06-30,4,10,-0.018916870094071635,0.005485045325821503,0.015015333962170007
beta_60d_market_sector_neutral,2015-06-30,5,10,0.051106506513662955,0.022961646123633384,0.0850387105699046
beta_60d_market_sector_neutral,2015-07-31,1,10,0.006532711763168941,-0.009641705356913444,-0.047001375980702365
beta_60d_market_sector_neutral,2015-07-31,2,10,0.004303932992134207,-0.009575466121796494,-0.0492301547517371
beta_60d_market_sector_neutral,2015-07-31,3,10,-0.018575768085599808,-0.01732349217717205,-0.07210985582947112
beta_60d_market_sector_neutral,2015-07-31,4,10,-0.0027467242800502055,0.0005138670293240999,-0.05628081202392151
beta_60d_market_sector_neutral,2015-07-31,5,10,0.017230466585093685,0.017196461316684952,-0.036303621158777624
beta_60d_market_sector_neutral,2015-08-31,1,10,0.006965921685319887,0.004274563770765238,-0.0007554718534045878
beta_60d_market_sector_neutral,2015-08-31,2,10,-0.02732681753623306,-0.005728762975853063,-0.035048211074957536
beta_60d_market_sector_neutral,2015-08-31,3,10,-0.0023199539928068446,-0.0039417804519364386,-0.01004134753153132
beta_60d_market_sector_neutral,2015-08-31,4,10,-0.015479077052539526,-0.017028304053796184,-0.023200470591264
beta_60d_market_sector_neutral,2015-08-31,5,10,-0.010458384528451025,0.00414185882768886,-0.018179778067175502
beta_60d_market_sector_neutral,2015-09-30,1,10,0.006900141796253245,0.008037523633581012,0.09834255253246942
beta_60d_market_sector_neutral,2015-09-30,2,10,0.02080325157263363,0.031844023851857695,0.1122456623088498
beta_60d_market_sector_neutral,2015-09-30,3,10,0.010631887865110424,0.010448969774677574,0.1020742986013266
beta_60d_market_sector_neutral,2015-09-30,4,10,-0.046323944125353546,-0.01781616372039274,0.04511846661086263
beta_60d_market_sector_neutral,2015-09-30,5,10,-0.022058130615197503,0.0005804558957946959,0.06938428012101867
beta_60d_market_sector_neutral,2015-10-30,1,10,-0.01938484471004811,-0.003908471832709037,0.0019313096096398087
beta_60d_market_sector_neutral,2015-10-30,2,10,-0.013589993534822964,-0.017065853559127653,0.007726160784864955
beta_60d_market_sector_neutral,2015-10-30,3,10,0.003069212005052535,0.007767020308718897,0.024385366324740455
beta_60d_market_sector_neutral,2015-10-30,4,10,0.02176439281403768,0.018136875814658282,0.0430805471337256
beta_60d_market_sector_neutral,2015-10-30,5,10,0.027258748811925193,0.016741437174234153,0.04857490313161311
beta_60d_market_sector_neutral,2015-11-30,1,10,-0.018426101638608083,-0.003770776963727296,-0.01000556949251391
beta_60d_market_sector_neutral,2015-11-30,2,10,0.004215778468251008,0.005196686531573014,0.01263631061434518
beta_60d_market_sector_neutral,2015-11-30,3,10,-0.012367415799460402,0.012261610473173423,-0.003946883653366229
beta_60d_market_sector_neutral,2015-11-30,4,10,-0.016659899160877144,-0.004270224074393925,-0.008239367014782973
beta_60d_market_sector_neutral,2015-11-30,5,10,0.003017722251702537,0.0020794091508818946,0.01143825439779671
beta_60d_market_sector_neutral,2015-12-31,1,10,0.001561363063028609,0.005138322184482402,-0.07285486243531954
beta_60d_market_sector_neutral,2015-12-31,2,10,0.05465669704423035,0.04240666150859301,-0.01975952845411779
beta_60d_market_sector_neutral,2015-12-31,3,10,0.0414941113653708,0.02811629692920048,-0.03292211413297734
beta_60d_market_sector_neutral,2015-12-31,4,10,-0.02113383198364053,-0.02209544948627079,-0.09555005748198866
beta_60d_market_sector_neutral,2015-12-31,5,10,-0.04834278544951124,-0.04842486016820041,-0.12275901094785939
beta_60d_market_sector_neutral,2016-01-29,1,10,0.01838790080461792,0.0066175822771181725,0.035146160817304574
beta_60d_market_sector_neutral,2016-01-29,2,10,-0.0036169894657422817,-0.003411525806062965,0.013141270546944372
beta_60d_market_sector_neutral,2016-01-29,3,10,0.009456513665941668,0.0016871065719445966,0.026214773678628324
beta_60d_market_sector_neutral,2016-01-29,4,10,-0.006898332252510642,-0.01991435922884216,0.009859927760176013
beta_60d_market_sector_neutral,2016-01-29,5,10,-0.0057983607193354825,-0.011553535341012333,0.010959899293351172
beta_60d_market_sector_neutral,2016-02-29,1,10,-0.008568184049596295,-0.006944687870603317,0.06862440827970169
beta_60d_market_sector_neutral,2016-02-29,2,10,0.009999508143952628,0.013679256839251641,0.08719210047325061
beta_60d_market_sector_neutral,2016-02-29,3,10,-0.012555478269150456,-0.017104746285996786,0.06463711406014752
beta_60d_market_sector_neutral,2016-02-29,4,10,-0.0021436191088970214,0.0013446252738816833,0.07504897322040097
beta_60d_market_sector_neutral,2016-02-29,5,10,0.03110998442284325,0.01529283012982785,0.10830257675214124
beta_60d_market_sector_neutral,2016-03-31,1,10,-0.005884863093958526,-0.008271864260925132,0.0054706139685150035
beta_60d_market_sector_neutral,2016-03-31,2,10,0.01651767025592299,0.019314218474409617,0.02787314731839652
beta_60d_market_sector_neutral,2016-03-31,3,10,-0.028235174798239504,-0.012224476602150869,-0.016879697735765975
beta_60d_market_sector_neutral,2016-03-31,4,10,0.0028744657310341816,-0.001362847019487523,0.01422994279350771
beta_60d_market_sector_neutral,2016-03-31,5,10,0.016887140407929324,0.016553225034174224,0.028242617470402853
beta_60d_market_sector_neutral,2016-04-29,1,10,-0.007290445812185331,-0.007371454050037141,0.004761628007050234
beta_60d_market_sector_neutral,2016-04-29,2,10,0.006376435536702274,-0.0071184557239674096,0.018428509355937837
beta_60d_market_sector_neutral,2016-04-29,3,10,-0.01404783365935316,-0.015318146507591335,-0.0019957598401175946
beta_60d_market_sector_neutral,2016-04-29,4,10,0.04996079603152355,0.02585081257257904,0.062012869850759114
beta_60d_market_sector_neutral,2016-04-29,5,10,0.0010643640990739445,0.01315056558679606,0.01311643791830951
beta_60d_market_sector_neutral,2016-05-31,1,10,0.0018767165810940956,0.0,0.0005804639424370261
beta_60d_market_sector_neutral,2016-05-31,2,10,0.02017944363145142,0.025915002820172783,0.01888319099279435
beta_60d_market_sector_neutral,2016-05-31,3,10,-0.030812749092660085,-0.030614575462909244,-0.03210900173131716
beta_60d_market_sector_neutral,2016-05-31,4,10,0.0026542302907501037,-0.0031086674363169364,0.0013579776520930343
beta_60d_market_sector_neutral,2016-05-31,5,10,-0.02627738507068724,-0.010707353216219018,-0.02757363770934431
beta_60d_market_sector_neutral,2016-06-30,1,10,-0.016650182762348885,-0.023913112794156643,0.030445695693264475
beta_60d_market_sector_neutral,2016-06-30,2,10,0.005998361607534519,-0.024804261350241275,0.05309424006314788
beta_60d_market_sector_neutral,2016-06-30,3,10,-0.0033236474341366896,-0.003623722485924019,0.04377223102147667
beta_60d_market_sector_neutral,2016-06-30,4,10,0.005218522089410071,0.01122701801248871,0.05231440054502343
beta_60d_market_sector_neutral,2016-06-30,5,10,0.01199488300770155,0.025139994979181735,0.05909076146331491
beta_60d_market_sector_neutral,2016-07-29,1,10,-0.015566647429158198,-0.013218195971167246,-0.004828189195509591
beta_60d_market_sector_neutral,2016-07-29,2,10,0.0024611981765426784,-0.0012472178198351669,0.013199656410191284
beta_60d_market_sector_neutral,2016-07-29,3,10,-0.007071122106397898,-0.0233775170832613,0.003667336127250709
beta_60d_market_sector_neutral,2016-07-29,4,10,-0.0008563031936510979,0.004951996467363329,0.009882155039997509
beta_60d_market_sector_neutral,2016-07-29,5,10,0.02624332890430824,0.03420377125219887,0.03698178713795684
beta_60d_market_sector_neutral,2016-08-31,1,10,0.012017059565739974,0.018326477253689744,0.01644811371698509
beta_60d_market_sector_neutral,2016-08-31,2,10,-0.029772141276444064,-0.018152794249131243,-0.025341087125198947
beta_60d_market_sector_neutral,2016-08-31,3,10,-0.010148022113134503,0.0013888666394855642,-0.005716967961889386
beta_60d_market_sector_neutral,2016-08-31,4,10,0.02160183828877945,0.02000986188570608,0.026032892440024567
beta_60d_market_sector_neutral,2016-08-31,5,10,0.005169767310444317,-0.0005999508896539218,0.009600821461689436
beta_60d_market_sector_neutral,2016-09-30,1,10,-0.006161371163152652,-0.001835387364186536,-0.020693809122193117
beta_60d_market_sector_neutral,2016-09-30,2,10,0.018123510495978334,0.01982505903985543,0.0035910725369378673
beta_60d_market_sector_neutral,2016-09-30,3,10,0.004900486654040026,0.006166491483788061,-0.009631951305000441
beta_60d_market_sector_neutral,2016-09-30,4,10,-0.00966798493556371,-0.007398387034722453,-0.024200422894604178
beta_60d_market_sector_neutral,2016-09-30,5,10,0.013299501284601844,-0.03714351018945422,-0.0012329366744386228
beta_60d_market_sector_neutral,2016-10-31,1,10,-0.01340653291105488,-0.008229923711915943,0.016762027730362495
beta_60d_market_sector_neutral,2016-10-31,2,10,0.0009774594075926402,0.013355289263651371,0.031146020049010015
beta_60d_market_sector_neutral,2016-10-31,3,10,0.02353845889493624,0.008225273831476532,0.053707019536353616
beta_60d_market_sector_neutral,2016-10-31,4,10,-0.017178613055522728,-0.04214925413262144,0.012989947585894645
beta_60d_market_sector_neutral,2016-10-31,5,10,0.04268565990657758,0.020807366710339115,0.07285422054799495
beta_60d_market_sector_neutral,2016-11-30,1,10,-0.0038749994436267253,-0.0025822157914197064,0.01839909645953437
beta_60d_market_sector_neutral,2016-11-30,2,10,0.002881456798345572,0.004003136850512901,0.025155552701506666
beta_60d_market_sector_neutral,2016-11-30,3,10,0.00757813422843967,0.00873465987425992,0.029852230131600765
beta_60d_market_sector_neutral,2016-11-30,4,10,0.002422527549112219,-0.006151749927404304,0.024696623452273313
beta_60d_market_sector_neutral,2016-11-30,5,10,0.016314330187461902,0.00644765351213894,0.038588426090623
beta_60d_market_sector_neutral,2016-12-30,1,10,-0.007727452975361126,-0.017919228619646455,0.01499997937741373
beta_60d_market_sector_neutral,2016-12-30,2,10,-0.009155125390514829,0.0013894435898137436,0.013572306962260028
beta_60d_market_sector_neutral,2016-12-30,3,10,-0.0003780726169864135,-0.0032452644582480206,0.022349359735788443
beta_60d_market_sector_neutral,2016-12-30,4,10,-0.007165882166088477,0.004425331176817426,0.015561550186686379
beta_60d_market_sector_neutral,2016-12-30,5,10,0.04653219491943039,0.039372384819606476,0.06925962727220525
beta_60d_market_sector_neutral,2017-01-31,1,10,0.014793194506292073,0.001280519118783352,0.06296959072613001
beta_60d_market_sector_neutral,2017-01-31,2,10,0.000926157731675048,0.017732837398952817,0.04910255395151299
beta_60d_market_sector_neutral,2017-01-31,3,10,8.922915223608107e-06,-0.009020237232474915,0.04818531913506154
beta_60d_market_sector_neutral,2017-01-31,4,10,0.007202505361587108,0.021014938968076602,0.05537890158142504
beta_60d_market_sector_neutral,2017-01-31,5,10,-0.023304435078477327,-0.012585799231191519,0.02487196114136061
beta_60d_market_sector_neutral,2017-02-28,1,10,0.003904034388016764,0.010178246296961513,0.008824099148171593
beta_60d_market_sector_neutral,2017-02-28,2,10,0.007501654305815975,0.0008857095935903558,0.012421719065970805
beta_60d_market_sector_neutral,2017-02-28,3,10,-0.013648382131283499,-0.011597641612985321,-0.008728317371128669
beta_60d_market_sector_neutral,2017-02-28,4,10,-0.0050275327574886616,-0.006195800664608897,-0.00010746799733383217
beta_60d_market_sector_neutral,2017-02-28,5,10,0.016216081834131445,0.004146941877111954,0.021136146594286274
beta_60d_market_sector_neutral,2017-03-31,1,10,0.008569211952501033,0.017734962649449293,0.03678858950558027
beta_60d_market_sector_neutral,2017-03-31,2,10,0.001998985103813122,0.0015463913081739111,0.030218362656892362
beta_60d_market_sector_neutral,2017-03-31,3,10,-0.020925081075734698,-0.03270214804411925,0.007294296477344542
beta_60d_market_sector_neutral,2017-03-31,4,10,0.011361074072674383,0.0314235694527093,0.03958045162575362
beta_60d_market_sector_neutral,2017-03-31,5,10,-0.014683435134359568,-0.03428949965245215,0.01353594241871967
beta_60d_market_sector_neutral,2017-04-28,1,10,-0.01847002356263281,-0.010908043592484207,0.006944998857978635
beta_60d_market_sector_neutral,2017-04-28,2,10,-0.012698511680894465,-0.016043591763324927,0.012716510739716979
beta_60d_market_sector_neutral,2017-04-28,3,10,0.024543550583527217,0.028077407535173404,0.04995857300413866
beta_60d_market_sector_neutral,2017-04-28,4,10,-0.0018087492084016942,0.00251579402171509,0.02360627321220975
beta_60d_market_sector_neutral,2017-04-28,5,10,0.006819976126524696,-0.045003703170667375,0.03223499854713614
beta_60d_market_sector_neutral,2017-05-31,1,10,0.012711261259338347,-0.00023887923983689774,0.008528124493119283
beta_60d_market_sector_neutral,2017-05-31,2,10,0.0037705568899194077,0.004995458987948731,-0.00041257987629965686
beta_60d_market_sector_neutral,2017-05-31,3,10,0.0031387242988229038,-0.0049132124181836545,-0.0010444124673961608
beta_60d_market_sector_neutral,2017-05-31,4,10,0.027555144673781985,0.03878490726500505,0.02337200790756292
beta_60d_market_sector_neutral,2017-05-31,5,10,0.0063909333537501166,-0.0016457463702826969,0.002207796587531052
beta_60d_market_sector_neutral,2017-06-30,1,10,-0.0012449573545413207,0.0024629027619484933,0.020561480869462533
beta_60d_market_sector_neutral,2017-06-30,2,10,-0.00852860656315807,-0.011815251387099268,0.013277831660845785
beta_60d_market_sector_neutral,2017-06-30,3,10,0.010164554313125684,0.010844221385338693,0.03197099253712954
beta_60d_market_sector_neutral,2017-06-30,4,10,0.0055888405999963585,-0.0013607704329201553,0.027395278824000214
beta_60d_market_sector_neutral,2017-06-30,5,10,0.016291620091186065,0.019725903734531203,0.03809805831518992
beta_60d_market_sector_neutral,2017-07-31,1,10,-0.013050131096854689,0.00471589551493401,-0.013700886277167456
beta_60d_market_sector_neutral,2017-07-31,2,10,0.008827764578413977,0.006981812369512674,0.008177009398101209
beta_60d_market_sector_neutral,2017-07-31,3,10,-0.00815555333313126,-0.004730966617238153,-0.008806308513444027
beta_60d_market_sector_neutral,2017-07-31,4,10,-0.002946778095749958,-0.0061959091449554915,-0.0035975332760627256
beta_60d_market_sector_neutral,2017-07-31,5,10,0.011049298463166601,0.01769667672114339,0.010398543282853834
beta_60d_market_sector_neutral,2017-08-31,1,10,-0.010996990993056788,-0.02907806740943708,0.010006650501908243
beta_60d_market_sector_neutral,2017-08-31,2,10,0.02230539356518385,0.026393530912375618,0.04330903506014888
beta_60d_market_sector_neutral,2017-08-31,3,10,-0.013731559324018172,-0.009382483829698529,0.007272082170946858
beta_60d_market_sector_neutral,2017-08-31,4,10,0.05606432463860774,0.03983035546689595,0.07706796613357278
beta_60d_market_sector_neutral,2017-08-31,5,10,0.0010372472247010545,0.000427020474412787,0.022040888719666085
beta_60d_market_sector_neutral,2017-09-29,1,10,-0.02747545336413081,-0.024165602080502002,0.011482280582138859
beta_60d_market_sector_neutral,2017-09-29,2,10,0.012808199011441257,0.025539195359122968,0.051765932957710925
beta_60d_market_sector_neutral,2017-09-29,3,10,-0.004285366151742198,-0.012336230802813763,0.03467236779452747
beta_60d_market_sector_neutral,2017-09-29,4,10,-0.009622573728615136,-0.015842103357118886,0.029335160217654532
beta_60d_market_sector_neutral,2017-09-29,5,10,0.026701650969499446,0.027833140641854826,0.06565938491576911
beta_60d_market_sector_neutral,2017-10-31,1,10,0.005480206513921171,0.007371218398033119,0.03451853920540776
beta_60d_market_sector_neutral,2017-10-31,2,10,0.020507820683615684,-0.014093620958788966,0.04954615337510228
beta_60d_market_sector_neutral,2017-10-31,3,10,0.007299256537839171,0.010091437634698885,0.03633758922932576
beta_60d_market_sector_neutral,2017-10-31,4,10,0.014070734440333021,0.003495513818621787,0.04310906713181961
beta_60d_market_sector_neutral,2017-10-31,5,10,0.0004973062168846743,-0.00036323730463949655,0.029535638908371263
beta_60d_market_sector_neutral,2017-11-30,1,10,0.013562069125942943,0.018116661379209864,0.03468213502977337
beta_60d_market_sector_neutral,2017-11-30,2,10,-0.0003178561614849418,-0.005372198871745337,0.02080220974234548
beta_60d_market_sector_neutral,2017-11-30,3,10,0.0006918336017893822,-2.500642132463593e-05,0.021811899505619802
beta_60d_market_sector_neutral,2017-11-30,4,10,0.0017122120703821353,0.0056390290222962935,0.022832277974212556
beta_60d_market_sector_neutral,2017-11-30,5,10,0.006577249841421129,-0.003767431103704033,0.027697315745251548
beta_60d_market_sector_neutral,2017-12-29,1,10,-0.027695134951926624,-0.04263241805117135,0.03896770631905048
beta_60d_market_sector_neutral,2017-12-29,2,10,-0.01829270824571052,-0.008723572953537873,0.04837013302526658
beta_60d_market_sector_neutral,2017-12-29,3,10,-0.010894929049682334,-0.005171315933667597,0.05576791222129477
beta_60d_market_sector_neutral,2017-12-29,4,10,-0.008817418954676137,-0.0034831555425562932,0.057845422316300965
beta_60d_market_sector_neutral,2017-12-29,5,10,0.08285996716192949,0.0372606119125819,0.1495228084329066
beta_60d_market_sector_neutral,2018-01-31,1,10,0.0013150801892858666,0.0031617939904574066,-0.050358055873312456
beta_60d_market_sector_neutral,2018-01-31,2,10,0.02804231732472532,0.024632146928047216,-0.023630818737873004
beta_60d_market_sector_neutral,2018-01-31,3,10,-0.044339594705671614,-0.04565672328246584,-0.09601273076826994
beta_60d_market_sector_neutral,2018-01-31,4,10,-0.006216641896010844,-0.013377290916503082,-0.05788977795860917
beta_60d_market_sector_neutral,2018-01-31,5,10,0.028869232987295636,0.025679084998270763,-0.022803903075302688
beta_60d_market_sector_neutral,2018-02-28,1,10,0.002128148277969577,0.004552775367009487,-0.0199191249515266
beta_60d_market_sector_neutral,2018-02-28,2,10,0.009812633631949074,0.011989237277178988,-0.012234639597547104
beta_60d_market_sector_neutral,2018-02-28,3,10,-0.019392868839791456,-0.019585364801534166,-0.04144014206928763
beta_60d_market_sector_neutral,2018-02-28,4,10,0.01065330806036816,0.0070878234627224646,-0.011393965169128018
beta_60d_market_sector_neutral,2018-02-28,5,10,-0.03165812806087045,-0.007727571429731572,-0.053705401290366626
beta_60d_market_sector_neutral,2018-03-29,1,10,0.004228911283975789,-0.002323374161570524,0.00719691949669371
beta_60d_market_sector_neutral,2018-03-29,2,10,0.02001744953569449,0.007222434195848337,0.02298545774841241
beta_60d_market_sector_neutral,2018-03-29,3,10,0.003971909410497377,0.003550260421834872,0.006939917623215297
beta_60d_market_sector_neutral,2018-03-29,4,10,0.009810716878032344,-0.0023592361615067947,0.012778725090750264
beta_60d_market_sector_neutral,2018-03-29,5,10,0.02250746214548649,0.024678273143977414,0.02547547035820441
beta_60d_market_sector_neutral,2018-04-30,1,10,-0.0044669580419085305,-0.01336004973694993,0.03122092474116902
beta_60d_market_sector_neutral,2018-04-30,2,10,0.006263494668113945,0.011962853433847509,0.0419513774511915
beta_60d_market_sector_neutral,2018-04-30,3,10,0.004178922189214762,-0.0019805907344427887,0.039866804972292315
beta_60d_market_sector_neutral,2018-04-30,4,10,-0.0015758751131004002,-0.024377975248053962,0.03411200766997715
beta_60d_market_sector_neutral,2018-04-30,5,10,0.011832378207597772,0.014396007315528148,0.04752026099067532
beta_60d_market_sector_neutral,2018-05-31,1,10,0.0022915629970398864,-0.0032549755061650476,0.015530865986809384
beta_60d_market_sector_neutral,2018-05-31,2,10,0.014538210884749648,0.009915128205939094,0.027777513874519145
beta_60d_market_sector_neutral,2018-05-31,3,10,-0.014091030930354808,-0.002876020443271954,-0.0008517279405853117
beta_60d_market_sector_neutral,2018-05-31,4,10,-0.009337623003401407,-0.01403358902420715,0.0039016799863680895
beta_60d_market_sector_neutral,2018-05-31,5,10,0.004628803538492354,-0.01145564965437168,0.017868106528261853
beta_60d_market_sector_neutral,2018-06-29,1,10,0.022671556528019852,0.03967134199120714,0.0687893278387289
beta_60d_market_sector_neutral,2018-06-29,2,10,-0.02451938795838632,-0.01958550812050386,0.021598383352322725
beta_60d_market_sector_neutral,2018-06-29,3,10,0.006561696442539178,0.005705351073046372,0.05267946775324822
beta_60d_market_sector_neutral,2018-06-29,4,10,-0.001484132394623694,0.008224502896005736,0.04463363891608535
beta_60d_market_sector_neutral,2018-06-29,5,10,-0.02159308469365807,-0.006479260298503431,0.024524686617050973
beta_60d_market_sector_neutral,2018-07-31,1,10,-0.008576274470269717,-0.004062439868174672,0.01982121857935464
beta_60d_market_sector_neutral,2018-07-31,2,10,0.044837726789904074,0.04098755953869304,0.07323521983952844
beta_60d_market_sector_neutral,2018-07-31,3,10,-0.007097671527620963,0.002499415014578843,0.021299821522003392
beta_60d_market_sector_neutral,2018-07-31,4,10,-0.016610035952358715,-0.009287580249284444,0.011787457097265641
beta_60d_market_sector_neutral,2018-07-31,5,10,0.0260561648758032,0.016741088078365496,0.05445365792542756
beta_60d_market_sector_neutral,2018-08-31,1,10,-0.005209412043754291,0.006649983747449739,0.015034314442340668
beta_60d_market_sector_neutral,2018-08-31,2,10,0.024039171169788365,0.022001865209136606,0.04428289765588332
beta_60d_market_sector_neutral,2018-08-31,3,10,-0.005780514374987988,-0.01507188830626871,0.01446321211110697
beta_60d_market_sector_neutral,2018-08-31,4,10,-0.01875868734689622,-0.02077380161946707,0.0014850391391987405
beta_60d_market_sector_neutral,2018-08-31,5,10,0.005703107052136702,0.00295284123521522,0.025946833538231663
beta_60d_market_sector_neutral,2018-09-28,1,10,0.028548407460993196,0.05829000478219909,-0.06599924651619886
beta_60d_market_sector_neutral,2018-09-28,2,10,0.03227429407030684,0.029539939924999536,-0.06227335990688522
beta_60d_market_sector_neutral,2018-09-28,3,10,0.01833074066700464,-0.0019824007323401838,-0.07621691331018741
beta_60d_market_sector_neutral,2018-09-28,4,10,-0.03223076638821566,-0.0043426155445955295,-0.1267784203654077
beta_60d_market_sector_neutral,2018-09-28,5,10,0.0028918191985807472,-0.03874973409871424,-0.0916558347786113
beta_60d_market_sector_neutral,2018-10-31,1,10,-0.0273991269020597,-0.012786257708689908,0.015063595615159575
beta_60d_market_sector_neutral,2018-10-31,2,10,-0.008242098161282418,0.01357778608668836,0.034220624355936854
beta_60d_market_sector_neutral,2018-10-31,3,10,0.020509988214800944,0.019581559426010364,0.06297271073202022
beta_60d_market_sector_neutral,2018-10-31,4,10,-0.024938857081126354,0.0,0.017523865436092922
beta_60d_market_sector_neutral,2018-10-31,5,10,-0.04096941651926622,-0.018938987656313966,0.0014933059979530539
beta_60d_market_sector_neutral,2018-11-30,1,10,0.009115714915987528,0.026775242987115033,-0.09457058837296864
beta_60d_market_sector_neutral,2018-11-30,2,10,-0.0005106730575533014,-0.0038144486279725887,-0.10419697634650946
beta_60d_market_sector_neutral,2018-11-30,3,10,0.012609843431991175,0.0284537278126904,-0.091076459856965
beta_60d_market_sector_neutral,2018-11-30,4,10,0.014583025749482458,0.005825952966298009,-0.08910327753947371
beta_60d_market_sector_neutral,2018-11-30,5,10,-0.017500318564877205,-0.00535821303904771,-0.12118662185383337
beta_60d_market_sector_neutral,2018-12-31,1,10,-0.02022515609966049,-0.016188230775310286,0.048272771161886975
beta_60d_market_sector_neutral,2018-12-31,2,10,-0.006126874659418713,-0.018349205200652197,0.06237105260212875
beta_60d_market_sector_neutral,2018-12-31,3,10,0.023639283511280508,0.02014723934606444,0.09213721077282797
beta_60d_market_sector_neutral,2018-12-31,4,10,-0.008529048004018613,-0.0005740885964673481,0.05996887925752885
beta_60d_market_sector_neutral,2018-12-31,5,10,0.009112651002330652,-0.0027745513359399565,0.07761057826387811
beta_60d_market_sector_neutral,2019-01-31,1,10,-0.001624403376079986,-0.008584690804729234,0.037576100144228144
beta_60d_market_sector_neutral,2019-01-31,2,10,0.0028995121313492023,-0.003022172006029167,0.04210001565165733
beta_60d_market_sector_neutral,2019-01-31,3,10,0.004913947135387497,0.0031845497197251493,0.04411445065569562
beta_60d_market_sector_neutral,2019-01-31,4,10,-0.02083285362955283,-0.009992246673488636,0.0183676498907553
beta_60d_market_sector_neutral,2019-01-31,5,10,-0.0024339630873490004,0.00833305165214926,0.03676654043295913
beta_60d_market_sector_neutral,2019-02-28,1,10,-0.003835611736484346,0.0008064014653421658,0.0262520397275972
beta_60d_market_sector_neutral,2019-02-28,2,10,0.002478589438455714,0.0057866159657455896,0.032566240902537257
beta_60d_market_sector_neutral,2019-02-28,3,10,-0.016663349545532558,-0.018754146136330363,0.013424301918548986
beta_60d_market_sector_neutral,2019-02-28,4,10,-0.010715337940807212,-0.014581870226107907,0.019372313523274332
beta_60d_market_sector_neutral,2019-02-28,5,10,0.014288125019339303,0.02131360175277719,0.04437577648342085
beta_60d_market_sector_neutral,2019-03-29,1,10,0.05047457409048545,-0.0012985461939341025,0.09340037327911171
beta_60d_market_sector_neutral,2019-03-29,2,10,0.0003457029362176955,0.013722345914669809,0.043271502124843965
beta_60d_market_sector_neutral,2019-03-29,3,10,0.0009419257284273175,-0.0015274585123730144,0.04386772491705358
beta_60d_market_sector_neutral,2019-03-29,4,10,0.004627940892614179,0.004945854883121159,0.04755374008124045
beta_60d_market_sector_neutral,2019-03-29,5,10,-0.024734218050510258,-0.018304237049801664,0.01819158113811601
beta_60d_market_sector_neutral,2019-04-30,1,10,0.018318022386871535,0.011966803235294587,-0.033763403648952015
beta_60d_market_sector_neutral,2019-04-30,2,10,0.002821257710626468,0.017805746403094957,-0.049260168325197085
beta_60d_market_sector_neutral,2019-04-30,3,10,-0.0020294536291889155,0.0001381034361150335,-0.05411087966501247
beta_60d_market_sector_neutral,2019-04-30,4,10,0.013798717815137352,0.0009383548615156112,-0.038282708220686204
beta_60d_market_sector_neutral,2019-04-30,5,10,-0.07512091765086396,-0.06677341398328485,-0.1272023436866875
beta_60d_market_sector_neutral,2019-05-31,1,10,-0.023791974763873524,-0.015199009566643773,0.06521030719347197
beta_60d_market_sector_neutral,2019-05-31,2,10,-0.004590338613195022,-0.0063590536747153426,0.08441194334415048
beta_60d_market_sector_neutral,2019-05-31,3,10,-0.009372313027040913,-0.020873909852000105,0.07962996893030458
beta_60d_market_sector_neutral,2019-05-31,4,10,-0.01589051303878889,0.0040590367334508715,0.07311176891855661
beta_60d_market_sector_neutral,2019-05-31,5,10,0.05197306502615555,0.04056012592449021,0.14097534698350106
beta_60d_market_sector_neutral,2019-06-28,1,10,-0.016434924656762995,-0.012904578795990274,0.019660602160891827
beta_60d_market_sector_neutral,2019-06-28,2,10,-0.0035027860672653286,-0.00394692619807091,0.032592740750389496
beta_60d_market_sector_neutral,2019-06-28,3,10,0.009821041250363493,-0.0034698851047753054,0.04591656806801832
beta_60d_market_sector_neutral,2019-06-28,4,10,0.0064937042134273985,0.0028466281919512504,0.04258923103108222
beta_60d_market_sector_neutral,2019-06-28,5,10,-0.030136443643140498,-0.015541960546997358,0.005959083174514324
beta_60d_market_sector_neutral,2019-07-31,1,10,0.016440571352109412,0.03769516554260305,0.0052534090590687366
beta_60d_market_sector_neutral,2019-07-31,2,10,-0.030118128248367182,-0.024167736882539426,-0.04130529054140786
beta_60d_market_sector_neutral,2019-07-31,3,10,0.016175684704044846,0.043791643516200296,0.00498852241100417
beta_60d_market_sector_neutral,2019-07-31,4,10,-0.0018175949898496357,-0.004406575173174998,-0.01300475728289031
beta_60d_market_sector_neutral,2019-07-31,5,10,-0.013019468812257028,-0.004834408541343926,-0.024206631105297704
beta_60d_market_sector_neutral,2019-08-30,1,10,-0.013125647179627942,-0.007637507171440461,-0.0064017947716132895
beta_60d_market_sector_neutral,2019-08-30,2,10,-0.010563180844046071,-0.009502223075548433,-0.0038393284360314197
beta_60d_market_sector_neutral,2019-08-30,3,10,0.0008999663938179858,-0.0022179141096039245,0.007623818801832638
beta_60d_market_sector_neutral,2019-08-30,4,10,0.0024545174702065077,0.013401976894054868,0.00917836987822116
beta_60d_market_sector_neutral,2019-08-30,5,10,0.018550501860343162,0.013560190181167386,0.025274354268357814
beta_60d_market_sector_neutral,2019-09-30,1,10,-0.018796598589827206,-0.011409938105146233,-0.002687235262793486
beta_60d_market_sector_neutral,2019-09-30,2,10,0.02669366228787563,0.02594153211482786,0.042803025614909354
beta_60d_market_sector_neutral,2019-09-30,3,10,-0.0071853892849383484,-0.015567462552938949,0.008923974042095374
beta_60d_market_sector_neutral,2019-09-30,4,10,0.006911931325454923,0.01352186218528939,0.023021294652488644
beta_60d_market_sector_neutral,2019-09-30,5,10,0.0534374051843744,0.037869179853024404,0.06954676851140812
beta_60d_market_sector_neutral,2019-10-31,1,10,0.01009800799221563,0.003001281903647679,0.03814400898707317
beta_60d_market_sector_neutral,2019-10-31,2,10,-0.018050668709834683,-0.017544991652866715,0.009995332285022862
beta_60d_market_sector_neutral,2019-10-31,3,10,-0.002819267956277116,-0.007492726847372899,0.025226733038580428
beta_60d_market_sector_neutral,2019-10-31,4,10,0.010465964461671761,0.010343458839716657,0.03851196545652931
beta_60d_market_sector_neutral,2019-10-31,5,10,0.015926835610275393,0.013810474600045808,0.04397283660513294
beta_60d_market_sector_neutral,2019-11-29,1,10,-0.01641690944540227,-0.01433791229953607,0.010754788384364755
beta_60d_market_sector_neutral,2019-11-29,2,10,0.013996100200818507,0.011961153232846966,0.04116779803058553
beta_60d_market_sector_neutral,2019-11-29,3,10,-0.0023250545161562,-0.005095531615258331,0.024846643313610826
beta_60d_market_sector_neutral,2019-11-29,4,10,0.018599050031073185,0.00015522423452651868,0.04577074786084021
beta_60d_market_sector_neutral,2019-11-29,5,10,0.029926442793554088,0.0006237627175976757,0.057098140623321116
beta_60d_market_sector_neutral,2019-12-31,1,10,0.010631635276228069,0.005258067323676008,0.004043843524394519
beta_60d_market_sector_neutral,2019-12-31,2,10,0.010746318021378699,-0.0022470920638166803,0.004158526269545148
beta_60d_market_sector_neutral,2019-12-31,3,10,0.002236815784192414,0.02061304427331656,-0.004350975967641136
beta_60d_market_sector_neutral,2019-12-31,4,10,-0.022801577006311625,-0.04199494822281796,-0.029389368758145174
beta_60d_market_sector_neutral,2019-12-31,5,10,0.05783913493741222,0.016904081139855642,0.05125134318557867
max_drawdown_126d_sector_neutral,2014-07-31,1,10,0.04850177988357087,0.027861941978354454,0.09033993932968123
max_drawdown_126d_sector_neutral,2014-07-31,2,10,-0.005676448424082792,-0.006413309960713209,0.036161711022027566
max_drawdown_126d_sector_neutral,2014-07-31,3,10,-0.0016880184278421084,0.003941209647609689,0.04015014101826825
max_drawdown_126d_sector_neutral,2014-07-31,4,10,-0.010581013292864316,-0.006752624507298521,0.03125714615324604
max_drawdown_126d_sector_neutral,2014-07-31,5,10,0.009904241875004393,-0.007807008894696765,0.05174240132111475
max_drawdown_126d_sector_neutral,2014-08-29,1,10,-0.027028796226566877,-0.03951873034948228,-0.023011582066708093
max_drawdown_126d_sector_neutral,2014-08-29,2,10,0.005483805880468639,0.009050423491062887,0.009501020040327424
max_drawdown_126d_sector_neutral,2014-08-29,3,10,-0.025029167886889504,-0.012409446114860168,-0.02101195372703072
max_drawdown_126d_sector_neutral,2014-08-29,4,10,-0.009329034872057218,-0.00487816842234301,-0.005311820712198434
max_drawdown_126d_sector_neutral,2014-08-29,5,10,0.007539958735465713,0.004066431347888644,0.011557172895324496
max_drawdown_126d_sector_neutral,2014-09-30,1,10,-0.034664161993879096,-0.01674145042802777,-0.024251630751376353
max_drawdown_126d_sector_neutral,2014-09-30,2,10,-0.0015859565716834223,-0.0054574556687459475,0.00882657467081932
max_drawdown_126d_sector_neutral,2014-09-30,3,10,-0.010091826771714918,-0.0008596413724337726,0.00032070447078782485
max_drawdown_126d_sector_neutral,2014-09-30,4,10,-0.003441932334673736,0.0031159684998945947,0.006970598907829006
max_drawdown_126d_sector_neutral,2014-09-30,5,10,0.021979777970549084,0.021557801226409046,0.03239230921305183
max_drawdown_126d_sector_neutral,2014-10-31,1,10,-0.025781966401823352,0.0012310609371921633,0.017930100246432646
max_drawdown_126d_sector_neutral,2014-10-31,2,10,0.014491246304740501,0.008901583177495676,0.0582033129529965
max_drawdown_126d_sector_neutral,2014-10-31,3,10,-0.03800147698586061,-0.029789771730090453,0.005710589662395393
max_drawdown_126d_sector_neutral,2014-10-31,4,10,0.018316337662724714,0.015538811455644286,0.06202840431098071
max_drawdown_126d_sector_neutral,2014-10-31,5,10,-0.003144363188976673,0.0028906814620630605,0.040567703459279326
max_drawdown_126d_sector_neutral,2014-11-28,1,10,-0.03708025917950812,-0.04614230105584077,-0.01503083629648776
max_drawdown_126d_sector_neutral,2014-11-28,2,10,-0.012109655690491206,-0.001692951966474121,0.009939767192529158
max_drawdown_126d_sector_neutral,2014-11-28,3,10,-0.003925367268155211,-0.0028291854768809355,0.018124055614865152
max_drawdown_126d_sector_neutral,2014-11-28,4,10,0.007109317150602423,0.006107483243483092,0.029158740033622788
max_drawdown_126d_sector_neutral,2014-11-28,5,10,-0.00461771113184577,-0.0005177955593835826,0.017431711751174594
max_drawdown_126d_sector_neutral,2014-12-31,1,10,0.04761875400245411,0.02041282124018018,0.038696566985637317
max_drawdown_126d_sector_neutral,2014-12-31,2,10,-0.028960733897025026,-0.026485539749557085,-0.03788292091384182
max_drawdown_126d_sector_neutral,2014-12-31,3,10,-0.008182170007515043,0.009622594151505792,-0.01710435702433184
max_drawdown_126d_sector_neutral,2014-12-31,4,10,0.011087759441125434,0.013409835936718684,0.002165572424308637
max_drawdown_126d_sector_neutral,2014-12-31,5,10,-0.023195007304993832,-0.02249288422765311,-0.03211719432181063
max_drawdown_126d_sector_neutral,2015-01-30,1,10,0.013564619086494867,0.006139397559203452,0.07404347891309737
max_drawdown_126d_sector_neutral,2015-01-30,2,10,-0.012250806515298463,-0.027867421827064254,0.048228053311304045
max_drawdown_126d_sector_neutral,2015-01-30,3,10,-0.01873772552073021,-0.007595718719942468,0.0417411343058723
max_drawdown_126d_sector_neutral,2015-01-30,4,10,-0.018307689653457127,-0.003345145981706099,0.04217117017314538
max_drawdown_126d_sector_neutral,2015-01-30,5,10,0.02208341560489511,0.01669620926479176,0.0825622754314976
max_drawdown_126d_sector_neutral,2015-02-27,1,10,-0.027790550182545615,-0.024901683354469017,-0.037508864326733615
max_drawdown_126d_sector_neutral,2015-02-27,2,10,0.003426607451503394,0.002239381369744331,-0.006291706692684607
max_drawdown_126d_sector_neutral,2015-02-27,3,10,-0.0030333467511322043,-0.00035150136103628826,-0.012751660895320205
max_drawdown_126d_sector_neutral,2015-02-27,4,10,0.01874006980884583,0.026266177539710056,0.009021755664657826
max_drawdown_126d_sector_neutral,2015-02-27,5,10,0.010586346804021884,0.007429358035997702,0.0008680326598338838
max_drawdown_126d_sector_neutral,2015-03-31,1,10,0.1010364163919188,0.10663847131461918,0.0985455094091463
max_drawdown_126d_sector_neutral,2015-03-31,2,10,0.026401299105807973,0.03910083511103485,0.023910392123035484
max_drawdown_126d_sector_neutral,2015-03-31,3,10,-0.017584467057033225,-0.014069351947684716,-0.020075374039805714
max_drawdown_126d_sector_neutral,2015-03-31,4,10,0.006280625333645928,0.008918556676811462,0.003789718350873439
max_drawdown_126d_sector_neutral,2015-03-31,5,10,-0.020492593418323424,-0.02300208247751273,-0.022983500401095914
max_drawdown_126d_sector_neutral,2015-04-30,1,10,0.005233020211630146,0.003680086548271677,0.02636981089711483
max_drawdown_126d_sector_neutral,2015-04-30,2,10,-0.015714689553214367,-0.016051513982961563,0.005422101132270318
max_drawdown_126d_sector_neutral,2015-04-30,3,10,0.010749058718156323,0.0038641931262202167,0.03188584940364101
max_drawdown_126d_sector_neutral,2015-04-30,4,10,0.008868424818906862,-0.003910939483079856,0.030005215504391548
max_drawdown_126d_sector_neutral,2015-04-30,5,10,0.005695525411711422,0.008874953070750147,0.026832316097196107
max_drawdown_126d_sector_neutral,2015-05-29,1,10,0.013470082975047658,0.0254749206675573,-0.012568412457277845
max_drawdown_126d_sector_neutral,2015-05-29,2,10,-0.008173937851669111,-0.014724199712015773,-0.03421243328399461
max_drawdown_126d_sector_neutral,2015-05-29,3,10,0.007293298538592996,0.0,-0.018745196893732507
max_drawdown_126d_sector_neutral,2015-05-29,4,10,-0.00416286010173772,-0.016402816415461985,-0.030201355534063223
max_drawdown_126d_sector_neutral,2015-05-29,5,10,0.016904221294773723,0.012859012037942152,-0.009134274137551779
max_drawdown_126d_sector_neutral,2015-06-30,1,10,0.021429897482379567,0.012178802603631356,0.055362101538621214
max_drawdown_126d_sector_neutral,2015-06-30,2,10,-0.02457676438925358,-0.022539816907239885,0.009355439666988064
max_drawdown_126d_sector_neutral,2015-06-30,3,10,-0.015809820854390498,-0.01585298091822218,0.018122383201851146
max_drawdown_126d_sector_neutral,2015-06-30,4,10,0.005335065503933168,-0.004741280988790897,0.03926726956017481
max_drawdown_126d_sector_neutral,2015-06-30,5,10,0.014110569218802016,0.007345719336891543,0.04804277327504366
max_drawdown_126d_sector_neutral,2015-07-31,1,10,0.018725769769004873,1.9493548442939268e-05,-0.03480831797486643
max_drawdown_126d_sector_neutral,2015-07-31,2,10,-0.0003177832203459796,-0.00041704421047450424,-0.053851870964217285
max_drawdown_126d_sector_neutral,2015-07-31,3,10,0.006184076873308275,0.003353722087499622,-0.04735001087056303
max_drawdown_126d_sector_neutral,2015-07-31,4,10,-0.004023714672584622,-0.0026244039657198903,-0.05755780241645593
max_drawdown_126d_sector_neutral,2015-07-31,5,10,-0.013823729774635729,-0.01053847057004298,-0.06735781751850703
max_drawdown_126d_sector_neutral,2015-08-31,1,10,-0.010399370286195985,0.00414185882768886,-0.01812076382492046
max_drawdown_126d_sector_neutral,2015-08-31,2,10,-0.04402861268361459,-0.02702582005625992,-0.051750006222339065
max_drawdown_126d_sector_neutral,2015-08-31,3,10,-0.029552062869518746,-0.0189331181115161,-0.03727345640824322
max_drawdown_126d_sector_neutral,2015-08-31,4,10,0.01131870034045659,0.008542099462893249,0.003597306801732114
max_drawdown_126d_sector_neutral,2015-08-31,5,10,0.02404303407416216,0.023371402355034432,0.016321640535437686
max_drawdown_126d_sector_neutral,2015-09-30,1,10,-0.07118990504931968,-0.07050293205581659,0.02025250568689648
max_drawdown_126d_sector_neutral,2015-09-30,2,10,0.02405246454087704,0.029722604850937806,0.1154948752770932
max_drawdown_126d_sector_neutral,2015-09-30,3,10,0.0044708038225240495,-0.012745203565192376,0.09591321455874022
max_drawdown_126d_sector_neutral,2015-09-30,4,10,0.012652613744405494,0.012668147976858002,0.10409502448062166
max_drawdown_126d_sector_neutral,2015-09-30,5,10,-3.277056504064069e-05,-0.004922465946849086,0.09140964017117553
max_drawdown_126d_sector_neutral,2015-10-30,1,10,0.004599969671258597,0.0013366391472842132,0.025916123990946515
max_drawdown_126d_sector_neutral,2015-10-30,2,10,-0.00944144330384209,-0.002254082103908095,0.01187471101584583
max_drawdown_126d_sector_neutral,2015-10-30,3,10,0.011133997969599418,0.005420239073809396,0.03245015228928734
max_drawdown_126d_sector_neutral,2015-10-30,4,10,0.00522990781053877,0.008423023765699922,0.02654606213022669
max_drawdown_126d_sector_neutral,2015-10-30,5,10,0.007595083238589639,-0.0009028674907409773,0.02891123755827756
max_drawdown_126d_sector_neutral,2015-11-30,1,10,0.006791118649845185,0.0101914388278187,0.015211650795939358
max_drawdown_126d_sector_neutral,2015-11-30,2,10,-0.043160640630217094,-0.0499497700477084,-0.03474010848412292
max_drawdown_126d_sector_neutral,2015-11-30,3,10,-0.002832541867055771,-0.002491462006046219,0.005587990279038402
max_drawdown_126d_sector_neutral,2015-11-30,4,10,0.005254795818518421,0.00490990369937816,0.013675327964612594
max_drawdown_126d_sector_neutral,2015-11-30,5,10,-0.0062726478500828246,0.009261848685313323,0.0021478842960113488
max_drawdown_126d_sector_neutral,2015-12-31,1,10,-0.041127364826849935,-0.04520392033667697,-0.11554359032519808
max_drawdown_126d_sector_neutral,2015-12-31,2,10,-0.006091885204755332,-0.01507607192507232,-0.08050811070310347
max_drawdown_126d_sector_neutral,2015-12-31,3,10,0.010438726901537621,-0.010998531089061292,-0.06397749859681053
max_drawdown_126d_sector_neutral,2015-12-31,4,10,0.01940452374580933,0.02488894959337007,-0.05501170175253881
max_drawdown_126d_sector_neutral,2015-12-31,5,10,0.04561155342373631,0.04621162966561204,-0.028804672074611837
max_drawdown_126d_sector_neutral,2016-01-29,1,10,0.0007659366463288908,-0.002889786471384048,0.017524196659015546
max_drawdown_126d_sector_neutral,2016-01-29,2,10,0.016480632533542306,0.003448244858699434,0.03323889254622896
max_drawdown_126d_sector_neutral,2016-01-29,3,10,0.005374038677900395,-0.003411525806062965,0.022132298690587048
max_drawdown_126d_sector_neutral,2016-01-29,4,10,-0.0015802556390238864,0.0024729140117103476,0.015178004373662768
max_drawdown_126d_sector_neutral,2016-01-29,5,10,-0.009509620185776524,-0.010412055830804623,0.00724863982691013
max_drawdown_126d_sector_neutral,2016-02-29,1,10,0.0013933368607142338,-0.013499199809729912,0.07858592919001221
max_drawdown_126d_sector_neutral,2016-02-29,2,10,0.0030076739115926345,0.003910287968807213,0.08020026624089062
max_drawdown_126d_sector_neutral,2016-02-29,3,10,0.0185521331303814,0.007930001272818954,0.09574472545967938
max_drawdown_126d_sector_neutral,2016-02-29,4,10,-0.006630776431738905,0.0016240705840084857,0.07056181589755908
max_drawdown_126d_sector_neutral,2016-02-29,5,10,0.0015198436682027471,-0.003947006225850869,0.07871243599750073
max_drawdown_126d_sector_neutral,2016-03-31,1,10,0.023151622028075892,0.03526957346135995,0.03450709909054942
max_drawdown_126d_sector_neutral,2016-03-31,2,10,-0.01405500435137147,-0.006372125709931176,-0.0026995272888979405
max_drawdown_126d_sector_neutral,2016-03-31,3,10,0.009942470456244579,0.0026748790384818477,0.021297947518718108
max_drawdown_126d_sector_neutral,2016-03-31,4,10,-0.008851984171235417,-0.007888316258408967,0.0025034928912381128
max_drawdown_126d_sector_neutral,2016-03-31,5,10,-0.008027865459025119,0.003519621500594039,0.0033276116034484104
max_drawdown_126d_sector_neutral,2016-04-29,1,10,0.004711445222711852,-0.0019934178559437576,0.016763519041947415
max_drawdown_126d_sector_neutral,2016-04-29,2,10,0.027340026681067265,0.0037745364865053865,0.039392100500302826
max_drawdown_126d_sector_neutral,2016-04-29,3,10,0.0007119236019924258,0.0017255126876370985,0.012763997421227991
max_drawdown_126d_sector_neutral,2016-04-29,4,10,0.0032172640333429925,0.0035016246286736497,0.015269337852578557
max_drawdown_126d_sector_neutral,2016-04-29,5,10,8.265665664674016e-05,-0.0005108304162365629,0.012134730475882306
max_drawdown_126d_sector_neutral,2016-05-31,1,10,-0.02884957817594308,-0.01705130667701643,-0.03014583081460015
max_drawdown_126d_sector_neutral,2016-05-31,2,10,0.006131075736558478,0.01681368544436923,0.004834823097901409
max_drawdown_126d_sector_neutral,2016-05-31,3,10,0.002879813012352206,0.005491411597954632,0.0015835603736951364
max_drawdown_126d_sector_neutral,2016-05-31,4,10,-0.004491090046743839,0.0013925528353868066,-0.005787342685400909
max_drawdown_126d_sector_neutral,2016-05-31,5,10,-0.00804996418627547,-0.0028660924799346343,-0.00934621682493254
max_drawdown_126d_sector_neutral,2016-06-30,1,10,0.025220588271614375,0.02281510457689795,0.07231646672722773
max_drawdown_126d_sector_neutral,2016-06-30,2,10,0.019237782004502258,0.018505218839382387,0.06633366046011561
max_drawdown_126d_sector_neutral,2016-06-30,3,10,-0.007393671089130005,-0.026701497433929355,0.039702207366483354
max_drawdown_126d_sector_neutral,2016-06-30,4,10,0.002198763763614575,-0.023708896060603668,0.049294642219227934
max_drawdown_126d_sector_neutral,2016-06-30,5,10,-0.036025526442440635,-0.03437949742849722,0.011070352013172724
max_drawdown_126d_sector_neutral,2016-07-29,1,10,0.02096633854314921,0.03337899009802381,0.031704796776797814
max_drawdown_126d_sector_neutral,2016-07-29,2,10,-0.002354654006651946,-0.009923744284067837,0.008383804226996661
max_drawdown_126d_sector_neutral,2016-07-29,3,10,0.0013195548056826323,-0.007233237465327891,0.012058013039331239
max_drawdown_126d_sector_neutral,2016-07-29,4,10,0.0023625544980035995,0.00804336974926756,0.013101012731652206
max_drawdown_126d_sector_neutral,2016-07-29,5,10,-0.017083339488539774,-0.014717520677525409,-0.006344881254891166
max_drawdown_126d_sector_neutral,2016-08-31,1,10,-0.001684150036255705,0.0,0.0027469041149894126
max_drawdown_126d_sector_neutral,2016-08-31,2,10,-0.014335453165244528,-0.019206201166623027,-0.00990439901399941
max_drawdown_126d_sector_neutral,2016-08-31,3,10,-0.008698869265890585,-0.00027048234760840284,-0.004267815114645468
max_drawdown_126d_sector_neutral,2016-08-31,4,10,0.015614446253178515,0.007334889983661497,0.020045500404423634
max_drawdown_126d_sector_neutral,2016-08-31,5,10,0.007972527989597477,0.008363118819846305,0.012403582140842594
max_drawdown_126d_sector_neutral,2016-09-30,1,10,0.04428291127420997,0.019360565263799256,0.0297504733151695
max_drawdown_126d_sector_neutral,2016-09-30,2,10,-0.036168511962403525,-0.04514811421953219,-0.05070094992144399
max_drawdown_126d_sector_neutral,2016-09-30,3,10,0.01634422807678739,0.020117065853336613,0.0018117901177469252
max_drawdown_126d_sector_neutral,2016-09-30,4,10,-0.009649609787795266,-0.003577919865991319,-0.024182047746835734
max_drawdown_126d_sector_neutral,2016-09-30,5,10,0.005685124735105273,0.006628703354833176,-0.008847313223935194
max_drawdown_126d_sector_neutral,2016-10-31,1,10,0.023351530221814475,0.008225273831476532,0.05352009086323185
max_drawdown_126d_sector_neutral,2016-10-31,2,10,0.038772410836046246,0.023122213542234205,0.06894097147746361
max_drawdown_126d_sector_neutral,2016-10-31,3,10,-0.021098316848262088,-0.04138474831153055,0.009070243793155287
max_drawdown_126d_sector_neutral,2016-10-31,4,10,-0.021218615373235182,-0.06108608197256654,0.00894994526818219
max_drawdown_126d_sector_neutral,2016-10-31,5,10,0.016809423406165404,0.04904132391003613,0.04697798404758278
max_drawdown_126d_sector_neutral,2016-11-30,1,10,0.03244042517605537,0.023734487777117952,0.05471452107921646
max_drawdown_126d_sector_neutral,2016-11-30,2,10,-0.011171016730181504,-0.005073505003632017,0.01110307917297959
max_drawdown_126d_sector_neutral,2016-11-30,3,10,0.00037326126583546725,-0.0033825926394686068,0.022647357168996563
max_drawdown_126d_sector_neutral,2016-11-30,4,10,0.0096094713827781,-0.0017729141573319396,0.0318835672859392
max_drawdown_126d_sector_neutral,2016-11-30,5,10,-0.0059306917747547925,-0.0065712594409164105,0.016343404128406302
max_drawdown_126d_sector_neutral,2016-12-30,1,10,0.030868427678139798,0.015945240165962438,0.053595860030914655
max_drawdown_126d_sector_neutral,2016-12-30,2,10,0.03960847292931309,0.025703339777578882,0.06233590528208795
max_drawdown_126d_sector_neutral,2016-12-30,3,10,-0.03180724806831494,-0.01617362533213751,-0.009079815715540085
max_drawdown_126d_sector_neutral,2016-12-30,4,10,0.007627707672075923,0.009525313879655606,0.03035514002485078
max_drawdown_126d_sector_neutral,2016-12-30,5,10,-0.02419169844073432,-0.017919228619646455,-0.0014642660879594649
max_drawdown_126d_sector_neutral,2017-01-31,1,10,-0.008014193473688013,-0.000993715622770397,0.04016220274614992
max_drawdown_126d_sector_neutral,2017-01-31,2,10,-0.003161280408162215,-0.00664222024327088,0.04501511581167572
max_drawdown_126d_sector_neutral,2017-01-31,3,10,0.005447232225551579,0.007404027623130305,0.053623628445389517
max_drawdown_126d_sector_neutral,2017-01-31,4,10,0.008533956865324033,0.009476409249856266,0.056710353085161966
max_drawdown_126d_sector_neutral,2017-01-31,5,10,-0.0031793697727248715,-0.004425025664320237,0.044997026447113064
max_drawdown_126d_sector_neutral,2017-02-28,1,10,0.012124093233556033,0.005463245564285568,0.01704415799371086
max_drawdown_126d_sector_neutral,2017-02-28,2,10,0.012883541693295208,0.002181951319325748,0.017803606453450038
max_drawdown_126d_sector_neutral,2017-02-28,3,10,-0.008197115566382751,-0.004310253647343054,-0.0032770508062279213
max_drawdown_126d_sector_neutral,2017-02-28,4,10,-0.00568995814346912,0.00014526312290175092,-0.0007698933833142907
max_drawdown_126d_sector_neutral,2017-02-28,5,10,-0.0021747055778073452,-0.004282272266415588,0.0027453591823474845
max_drawdown_126d_sector_neutral,2017-03-31,1,10,-0.017669502679432115,-0.040002158794736564,0.010549874873647124
max_drawdown_126d_sector_neutral,2017-03-31,2,10,0.00781566263875052,0.017649608091389046,0.03603504019182976
max_drawdown_126d_sector_neutral,2017-03-31,3,10,0.007172776456394858,0.009613492609337526,0.0353921540094741
max_drawdown_126d_sector_neutral,2017-03-31,4,10,-0.010559815210875767,-0.018917128750420897,0.01765956234220347
max_drawdown_126d_sector_neutral,2017-03-31,5,10,-0.0004383662859432258,-0.009290285044570523,0.027781011267136013
max_drawdown_126d_sector_neutral,2017-04-28,1,10,0.03148009319829975,-0.005978011337989142,0.056895115618911196
max_drawdown_126d_sector_neutral,2017-04-28,2,10,-0.0037060231465581685,0.011157809472934765,0.021708999274053276
max_drawdown_126d_sector_neutral,2017-04-28,3,10,-0.020444523366800017,-0.02440791271406839,0.004970499053811428
max_drawdown_126d_sector_neutral,2017-04-28,4,10,-0.001437964138287795,0.008320880215899717,0.02397705828232365
max_drawdown_126d_sector_neutral,2017-04-28,5,10,-0.007505340288530826,-0.0036579779048423466,0.017909682132080617
max_drawdown_126d_sector_neutral,2017-05-31,1,10,0.02998720359267041,0.030230529607154555,0.025804066826451345
max_drawdown_126d_sector_neutral,2017-05-31,2,10,0.007675942979805017,-0.0078381298282435,0.003492806213585953
max_drawdown_126d_sector_neutral,2017-05-31,3,10,0.007023138467779466,0.0,0.0028400017015604018
max_drawdown_126d_sector_neutral,2017-05-31,4,10,0.010738559979418394,0.0031895472395090385,0.006555423213199329
max_drawdown_126d_sector_neutral,2017-05-31,5,10,-0.0018582245440605272,-0.005788402478738519,-0.006041361310279591
max_drawdown_126d_sector_neutral,2017-06-30,1,10,-0.021080248849408623,-0.02203769096584851,0.0007261893745952319
max_drawdown_126d_sector_neutral,2017-06-30,2,10,0.031062015389720133,0.021407029774522135,0.052868453613723984
max_drawdown_126d_sector_neutral,2017-06-30,3,10,-0.01046719697431211,-0.010588835804073882,0.011339241249691745
max_drawdown_126d_sector_neutral,2017-06-30,4,10,0.020700942494840325,0.017491799232943528,0.042507380718844176
max_drawdown_126d_sector_neutral,2017-06-30,5,10,0.0020559390257689934,-0.004372836875437103,0.02386237724977285
max_drawdown_126d_sector_neutral,2017-07-31,1,10,-0.011640602129209587,-0.02366328019465641,-0.012291357309522355
max_drawdown_126d_sector_neutral,2017-07-31,2,10,-0.03949025109253571,-0.018121051532611454,-0.04014100627284848
max_drawdown_126d_sector_neutral,2017-07-31,3,10,0.016240687878220795,0.0023748292049865505,0.015589932697908027
max_drawdown_126d_sector_neutral,2017-07-31,4,10,0.02143393169578356,0.019339110632492162,0.02078317651547079
max_drawdown_126d_sector_neutral,2017-07-31,5,10,0.009180834163585616,0.0024330182523152333,0.008530078983272849
max_drawdown_126d_sector_neutral,2017-08-31,1,10,0.043799785683339476,0.04790866371622049,0.0648034271783045
max_drawdown_126d_sector_neutral,2017-08-31,2,10,0.016691889495366208,0.00948428554341152,0.03769553099033124
max_drawdown_126d_sector_neutral,2017-08-31,3,10,0.009976985288975237,0.00021120073139779816,0.030980626783940268
max_drawdown_126d_sector_neutral,2017-08-31,4,10,-2.7338500957185817e-05,-0.0028721520420940116,0.020976302994007844
max_drawdown_126d_sector_neutral,2017-08-31,5,10,-0.01576290685530605,-0.026393608901379373,0.005240734639658984
max_drawdown_126d_sector_neutral,2017-09-29,1,10,-0.0383139418356004,-0.038002928475831754,0.0006437921106692724
max_drawdown_126d_sector_neutral,2017-09-29,2,10,0.013111146029328714,0.028012092601720218,0.05206887997559838
max_drawdown_126d_sector_neutral,2017-09-29,3,10,0.025731801523882613,0.025734531354505763,0.06468953547015228
max_drawdown_126d_sector_neutral,2017-09-29,4,10,0.009144392857401262,0.021607109113399248,0.04810212680367093
max_drawdown_126d_sector_neutral,2017-09-29,5,10,-0.011546941838559633,-0.019285619787965724,0.027410792107710035
max_drawdown_126d_sector_neutral,2017-10-31,1,10,0.03750452516983828,0.004615772802419316,0.06654285786132487
max_drawdown_126d_sector_neutral,2017-10-31,2,10,-0.007677155078800546,-0.010274798122517192,0.021361177612686043
max_drawdown_126d_sector_neutral,2017-10-31,3,10,0.008920028724017148,0.011530469387040498,0.03795836141550374
max_drawdown_126d_sector_neutral,2017-10-31,4,10,0.0006339263606497725,0.0,0.029672259052136364
max_drawdown_126d_sector_neutral,2017-10-31,5,10,0.008473999216889072,0.0019172096877384526,0.03751233190837566
max_drawdown_126d_sector_neutral,2017-11-30,1,10,0.0030460514482228197,0.010709137836955374,0.02416611735205324
max_drawdown_126d_sector_neutral,2017-11-30,2,10,0.020973759408856364,0.02746212002063597,0.04209382531268678
max_drawdown_126d_sector_neutral,2017-11-30,3,10,0.0015075655128046427,-0.008223979291890893,0.022627631416635062
max_drawdown_126d_sector_neutral,2017-11-30,4,10,0.008973708719311168,0.00030719372670728884,0.03009377462314159
max_drawdown_126d_sector_neutral,2017-11-30,5,10,-0.012275576611144345,-0.01784456101617976,0.008844489292686076
max_drawdown_126d_sector_neutral,2017-12-29,1,10,0.021266378166839184,0.007882315038195475,0.08792921943781629
max_drawdown_126d_sector_neutral,2017-12-29,2,10,-0.00027510357125065665,-0.04157205111068207,0.06638773769972645
max_drawdown_126d_sector_neutral,2017-12-29,3,10,0.01830742450495134,0.012679515754289494,0.08497026577592845
max_drawdown_126d_sector_neutral,2017-12-29,4,10,-0.007144695729538663,-0.008019457514313655,0.05951814554143844
max_drawdown_126d_sector_neutral,2017-12-29,5,10,-0.014994227411067328,-0.009165455747649154,0.05166861385990977
max_drawdown_126d_sector_neutral,2018-01-31,1,10,0.010657901554333216,0.007001605363312957,-0.04101523450826511
max_drawdown_126d_sector_neutral,2018-01-31,2,10,0.0027670035631711777,-0.0046321768058213975,-0.04890613249942714
max_drawdown_126d_sector_neutral,2018-01-31,3,10,0.022353408840261435,0.01311399915553757,-0.02931972722233689
max_drawdown_126d_sector_neutral,2018-01-31,4,10,-0.028754491306583994,-0.022838016874008105,-0.08042762736918233
max_drawdown_126d_sector_neutral,2018-01-31,5,10,0.000646571248442529,0.008311397169782075,-0.051026564814155795
max_drawdown_126d_sector_neutral,2018-02-28,1,10,-0.021125409603765077,-0.0031469847048950506,-0.043172682833261256
max_drawdown_126d_sector_neutral,2018-02-28,2,10,0.00647112880252404,0.013377461694604409,-0.015576144426972138
max_drawdown_126d_sector_neutral,2018-02-28,3,10,0.006414847222963494,0.0020021597413536485,-0.015632426006532685
max_drawdown_126d_sector_neutral,2018-02-28,4,10,-0.01046383175568325,0.004173193253686425,-0.03251110498517943
max_drawdown_126d_sector_neutral,2018-02-28,5,10,-0.009753641596414297,-0.01238622057323674,-0.03180091482591048
max_drawdown_126d_sector_neutral,2018-03-29,1,10,0.012267293433772909,0.009485906695417712,0.01523530164649083
max_drawdown_126d_sector_neutral,2018-03-29,2,10,0.019615130574371142,0.008473897991964519,0.022583138787089063
max_drawdown_126d_sector_neutral,2018-03-29,3,10,-0.0010665960946393271,-0.01695460393959647,0.0019014121180785937
max_drawdown_126d_sector_neutral,2018-03-29,4,10,0.013220656199707758,-0.0029273333206960017,0.01618866441242568
max_drawdown_126d_sector_neutral,2018-03-29,5,10,0.016499965140474006,0.01896036007112134,0.019467973353191927
max_drawdown_126d_sector_neutral,2018-04-30,1,10,0.01957316404025252,0.008181400124126936,0.05526104682333007
max_drawdown_126d_sector_neutral,2018-04-30,2,10,-0.0031994901058381873,-0.008186314670464823,0.03248839267723937
max_drawdown_126d_sector_neutral,2018-04-30,3,10,9.417094198965748e-05,-0.011549338848697133,0.03578205372506721
max_drawdown_126d_sector_neutral,2018-04-30,4,10,0.006243721256107992,0.0015662980242905356,0.04193160403918554
max_drawdown_126d_sector_neutral,2018-04-30,5,10,-0.006479604222594438,-0.009162531876100166,0.029208278560483115
max_drawdown_126d_sector_neutral,2018-05-31,1,10,0.0015921755734702226,-0.0036701023775512764,0.014831478563239719
max_drawdown_126d_sector_neutral,2018-05-31,2,10,0.00045455470547741685,0.002517986513094872,0.013693857695246914
max_drawdown_126d_sector_neutral,2018-05-31,3,10,-0.016024182072334893,-0.03324316569363045,-0.0027848790825653947
max_drawdown_126d_sector_neutral,2018-05-31,4,10,-0.00404758322817117,0.0005083954105400412,0.009191719761598327
max_drawdown_126d_sector_neutral,2018-05-31,5,10,0.016054958508084093,0.01548221450158005,0.02929426149785359
max_drawdown_126d_sector_neutral,2018-06-29,1,10,-0.01859378218777218,-0.0030169972118749833,0.027523989122936864
max_drawdown_126d_sector_neutral,2018-06-29,2,10,0.00828149966452404,0.01209113674965867,0.05439927097523308
max_drawdown_126d_sector_neutral,2018-06-29,3,10,-0.023620162070571805,-0.023115495920622342,0.022497609240137238
max_drawdown_126d_sector_neutral,2018-06-29,4,10,0.022391687832373264,0.025442590033428747,0.0685094591430823
max_drawdown_126d_sector_neutral,2018-06-29,5,10,-0.0068225953146623716,-0.006643153735344076,0.03929517599604667
max_drawdown_126d_sector_neutral,2018-07-31,1,10,0.013198124607944029,0.008771794363414687,0.04159561765756838
max_drawdown_126d_sector_neutral,2018-07-31,2,10,-0.017736480885702278,-0.003920791619648423,0.010661012163922078
max_drawdown_126d_sector_neutral,2018-07-31,3,10,-0.007667165449560975,-0.007820290206285052,0.02073032760006338
max_drawdown_126d_sector_neutral,2018-07-31,4,10,0.01232879079019895,0.007920685045317954,0.04072628383982331
max_drawdown_126d_sector_neutral,2018-07-31,5,10,0.038486640652578154,0.0398584190205018,0.0668841337022025
max_drawdown_126d_sector_neutral,2018-08-31,1,10,0.000635912309394171,-0.008440058785084859,0.020879638795489132
max_drawdown_126d_sector_neutral,2018-08-31,2,10,-0.01170296777936165,-0.013478819264739483,0.00854075870673331
max_drawdown_126d_sector_neutral,2018-08-31,3,10,0.005920140415652486,0.005268174583812679,0.026163866901747445
max_drawdown_126d_sector_neutral,2018-08-31,4,10,0.0018941971564090832,-0.00021939431283102273,0.022137923642504043
max_drawdown_126d_sector_neutral,2018-08-31,5,10,0.0032463823541924786,0.0022202299944911186,0.02349010884028744
max_drawdown_126d_sector_neutral,2018-09-28,1,10,0.013444345361749632,-0.03874973409871424,-0.08110330861544243
max_drawdown_126d_sector_neutral,2018-09-28,2,10,0.003925533476138843,-0.0019824007323401838,-0.09062212050105321
max_drawdown_126d_sector_neutral,2018-09-28,3,10,0.03354238946682514,0.029467582709450935,-0.06100526451036692
max_drawdown_126d_sector_neutral,2018-09-28,4,10,0.018192478462205997,0.008810441230927002,-0.07635517551498607
max_drawdown_126d_sector_neutral,2018-09-28,5,10,-0.019290251758249843,-0.023943376830663776,-0.1138379057354419
max_drawdown_126d_sector_neutral,2018-10-31,1,10,-0.013038958012394441,0.017515446100412002,0.029423764504824833
max_drawdown_126d_sector_neutral,2018-10-31,2,10,-0.021897694853806805,-0.012111268263515496,0.02056502766341247
max_drawdown_126d_sector_neutral,2018-10-31,3,10,-0.02406795322338783,-0.017586721147389572,0.018394769293831447
max_drawdown_126d_sector_neutral,2018-10-31,4,10,0.005150312948796354,0.016171262625885863,0.04761303546601563
max_drawdown_126d_sector_neutral,2018-10-31,5,10,-0.02718521730814103,0.0,0.015277505209078246
max_drawdown_126d_sector_neutral,2018-11-30,1,10,-0.0004034793610401599,0.0,-0.10408978264999633
max_drawdown_126d_sector_neutral,2018-11-30,2,10,0.005095616290065297,-0.0019487560273344084,-0.09859068699889087
max_drawdown_126d_sector_neutral,2018-11-30,3,10,0.002799729094472114,-0.001751811642770107,-0.10088657419448406
max_drawdown_126d_sector_neutral,2018-11-30,4,10,-0.006957746954709498,-0.012913950102741767,-0.11064405024366568
max_drawdown_126d_sector_neutral,2018-11-30,5,10,0.017763473406242902,0.02494324882699006,-0.08592282988271327
max_drawdown_126d_sector_neutral,2018-12-31,1,10,0.05040602105008636,0.039905752279373874,0.11890394831163383
max_drawdown_126d_sector_neutral,2018-12-31,2,10,-0.03008557685060158,-0.005645484188084526,0.038412350410945886
max_drawdown_126d_sector_neutral,2018-12-31,3,10,0.0015504827968720436,0.0027004566602448765,0.07004841005841951
max_drawdown_126d_sector_neutral,2018-12-31,4,10,-0.004383852701100544,-0.021709741870831523,0.06411407456044692
max_drawdown_126d_sector_neutral,2018-12-31,5,10,-0.019616218544742936,-0.02748632130431161,0.04888170871680453
max_drawdown_126d_sector_neutral,2019-01-31,1,10,-0.02087352654267931,-0.026980625799852165,0.018326976977628816
max_drawdown_126d_sector_neutral,2019-01-31,2,10,-0.020333696646405365,-0.007274861018237488,0.018866806873902763
max_drawdown_126d_sector_neutral,2019-01-31,3,10,0.006436206403290079,0.011292422902401844,0.04563670992359821
max_drawdown_126d_sector_neutral,2019-01-31,4,10,0.019959035996064255,0.024209089293493857,0.059159539516372386
max_drawdown_126d_sector_neutral,2019-01-31,5,10,-0.002265780036514775,-0.008584690804729234,0.036934723483793355
max_drawdown_126d_sector_neutral,2019-02-28,1,10,0.02292643993708219,0.018730002231658216,0.053014091401163733
max_drawdown_126d_sector_neutral,2019-02-28,2,10,-0.012805313499049597,-0.004924405945979093,0.017282337965031945
max_drawdown_126d_sector_neutral,2019-02-28,3,10,-0.03278860684892204,-0.030701737367903548,-0.0027009553848404977
max_drawdown_126d_sector_neutral,2019-02-28,4,10,0.0019804668001415227,0.002928017623711976,0.03206811826422307
max_drawdown_126d_sector_neutral,2019-02-28,5,10,0.006239428845718831,0.0015484827181291294,0.03632708030980038
max_drawdown_126d_sector_neutral,2019-03-29,1,10,0.01598330488033183,-0.01632174656870511,0.05890910406895809
max_drawdown_126d_sector_neutral,2019-03-29,2,10,0.015128988266089539,0.0032552021094146566,0.0580547874547158
max_drawdown_126d_sector_neutral,2019-03-29,3,10,-0.005997227851420284,-0.0055866185061725915,0.036928571337205986
max_drawdown_126d_sector_neutral,2019-03-29,4,10,-0.02062078898145355,0.002042070161527132,0.022305010207172717
max_drawdown_126d_sector_neutral,2019-03-29,5,10,0.02716164928368685,0.007920155705440801,0.07008744847231312
max_drawdown_126d_sector_neutral,2019-04-30,1,10,-0.03186272875880096,-0.019510504874855672,-0.08394415479462451
max_drawdown_126d_sector_neutral,2019-04-30,2,10,-0.022741781878556067,-0.00894407209789938,-0.07482320791437962
max_drawdown_126d_sector_neutral,2019-04-30,3,10,0.009155596871394379,0.008997596666160457,-0.04292582916442918
max_drawdown_126d_sector_neutral,2019-04-30,4,10,0.03169432509177913,0.03300192332423324,-0.020387100944044424
max_drawdown_126d_sector_neutral,2019-04-30,5,10,-0.028457784693234,-0.019694645916203735,-0.08053921072905755
max_drawdown_126d_sector_neutral,2019-05-31,1,10,0.041271237041769895,0.033530181624910615,0.13027351899911538
max_drawdown_126d_sector_neutral,2019-05-31,2,10,0.006459776032589748,0.008697410312869525,0.09546205798993525
max_drawdown_126d_sector_neutral,2019-05-31,3,10,-0.04239340884296143,-0.05016095549610333,0.04660887311438407
max_drawdown_126d_sector_neutral,2019-05-31,4,10,-0.004306194873598313,-0.011883212893125772,0.08469608708374718
max_drawdown_126d_sector_neutral,2019-05-31,5,10,-0.002703483774542692,0.01311388835421945,0.08629879818280281
max_drawdown_126d_sector_neutral,2019-06-28,1,10,0.007427479999744857,0.013774734452991821,0.04352300681739968
max_drawdown_126d_sector_neutral,2019-06-28,2,10,-0.0025325231536794334,-0.0061554756817172596,0.03356300366397539
max_drawdown_126d_sector_neutral,2019-06-28,3,10,-0.02101918273318294,-0.01793457284868749,0.015076344084471883
max_drawdown_126d_sector_neutral,2019-06-28,4,10,0.0005936410647594759,0.006251752263601862,0.036689167882414296
max_drawdown_126d_sector_neutral,2019-06-28,5,10,-0.01822882408101989,-0.012904578795990274,0.017866702736634932
max_drawdown_126d_sector_neutral,2019-07-31,1,10,-0.014144068196093484,-0.004834408541343926,-0.02533123048913416
max_drawdown_126d_sector_neutral,2019-07-31,2,10,-0.026048555586892307,-0.018794964136812753,-0.03723571787993298
max_drawdown_126d_sector_neutral,2019-07-31,3,10,0.030932529689857304,0.043791643516200296,0.019745367396816628
max_drawdown_126d_sector_neutral,2019-07-31,4,10,0.0056237624015994855,0.0034964555057105384,-0.00556339989144119
max_drawdown_126d_sector_neutral,2019-07-31,5,10,-0.008702604302790583,-0.019698042135285976,-0.01988976659583126
max_drawdown_126d_sector_neutral,2019-08-30,1,10,0.005794071519123145,-0.0014604247224043188,0.012517923927137797
max_drawdown_126d_sector_neutral,2019-08-30,2,10,0.004342719545670548,0.009706963377782651,0.011066571953685201
max_drawdown_126d_sector_neutral,2019-08-30,3,10,0.01324082198094595,0.01644227075866478,0.0199646743889606
max_drawdown_126d_sector_neutral,2019-08-30,4,10,-0.012993540326612785,-0.03148800320211381,-0.006269687918598133
max_drawdown_126d_sector_neutral,2019-08-30,5,10,-0.012167915018433218,-0.010895008519001659,-0.005444062610418565
max_drawdown_126d_sector_neutral,2019-09-30,1,10,0.08508258300143044,0.06886396608531398,0.10119194632846415
max_drawdown_126d_sector_neutral,2019-09-30,2,10,-0.004826117752332837,-0.012070129817443875,0.011283245574700885
max_drawdown_126d_sector_neutral,2019-09-30,3,10,0.0038799096334350526,-0.004077021997941355,0.019989272960468773
max_drawdown_126d_sector_neutral,2019-09-30,4,10,-0.0005059665685264392,0.003077002542316243,0.015603396758507282
max_drawdown_126d_sector_neutral,2019-09-30,5,10,-0.022569397391066826,-0.015293941595537652,-0.006460034064033104
max_drawdown_126d_sector_neutral,2019-10-31,1,10,0.019759609517471476,0.024483409754315066,0.047805610512329025
max_drawdown_126d_sector_neutral,2019-10-31,2,10,0.0012640659331818905,0.004478258706228755,0.029310066928039436
max_drawdown_126d_sector_neutral,2019-10-31,3,10,0.0004141019977468963,-0.003486255490118939,0.02846010299260444
max_drawdown_126d_sector_neutral,2019-10-31,4,10,-0.0065551114926066575,-0.010378549110792834,0.021490889502250886
max_drawdown_126d_sector_neutral,2019-10-31,5,10,0.0007382054422573781,-0.00328718802247574,0.028784206437114924
max_drawdown_126d_sector_neutral,2019-11-29,1,10,0.05241364968209381,0.029298653218205795,0.07958534751186083
max_drawdown_126d_sector_neutral,2019-11-29,2,10,-0.017209593123152057,-0.012508423019175319,0.00996210470661497
max_drawdown_126d_sector_neutral,2019-11-29,3,10,0.0017895668199752412,-0.0046563060458456595,0.028961264649742267
max_drawdown_126d_sector_neutral,2019-11-29,4,10,0.01692853614572083,0.0006925795173108318,0.04410023397548786
max_drawdown_126d_sector_neutral,2019-11-29,5,10,-0.010142530460750521,-0.008850821269581699,0.017029167369016506
max_drawdown_126d_sector_neutral,2019-12-31,1,10,0.029408309211796935,-0.014424478464613644,0.022820517459963385
max_drawdown_126d_sector_neutral,2019-12-31,2,10,0.002230068231409377,-0.012758562739765833,-0.0043577235204241725
max_drawdown_126d_sector_neutral,2019-12-31,3,10,0.013703945963954866,0.01217305247151812,0.0071161542121213174
max_drawdown_126d_sector_neutral,2019-12-31,4,10,0.004599148357744875,-0.006118114004552699,-0.001988643394088674
max_drawdown_126d_sector_neutral,2019-12-31,5,10,0.008710855247993721,0.049820708572456684,0.0021230634961601712
distance_sma_50d_sector_neutral,2014-03-31,1,10,-0.017767271062876032,-0.022405422588443913,-0.014605808523215491
distance_sma_50d_sector_neutral,2014-03-31,2,10,0.007975116363786705,0.00334376428715244,0.011136578903447247
distance_sma_50d_sector_neutral,2014-03-31,3,10,0.004960446454824685,0.018980122898523577,0.008121908994485227
distance_sma_50d_sector_neutral,2014-03-31,4,10,0.011869007447103863,0.006620251285894496,0.015030469986764406
distance_sma_50d_sector_neutral,2014-03-31,5,10,-0.018927823026840096,-0.014783910388865895,-0.015766360487179554
distance_sma_50d_sector_neutral,2014-04-30,1,10,0.03651994242571584,0.008042693744648166,0.062025362371797635
distance_sma_50d_sector_neutral,2014-04-30,2,10,0.0002931751996384846,-0.004252014777118562,0.025798595145720284
distance_sma_50d_sector_neutral,2014-04-30,3,10,-0.004910499119924206,-0.0006606512309426105,0.020594920826157593
distance_sma_50d_sector_neutral,2014-04-30,4,10,0.000765341656986962,0.0017822383619340298,0.026270761603068758
distance_sma_50d_sector_neutral,2014-04-30,5,10,-0.006368572943407258,-0.016648368485601917,0.01913684700267454
distance_sma_50d_sector_neutral,2014-05-30,1,10,0.00872405100466549,0.002520348214420265,0.027888051213681476
distance_sma_50d_sector_neutral,2014-05-30,2,10,-0.015162694670091926,-0.0236337556771663,0.00400130553892406
distance_sma_50d_sector_neutral,2014-05-30,3,10,0.02730634661583876,0.014832984176178732,0.04647034682485475
distance_sma_50d_sector_neutral,2014-05-30,4,10,-0.005884242816957197,-0.006043535900384311,0.013279757392058788
distance_sma_50d_sector_neutral,2014-05-30,5,10,0.002406535775396923,0.006666744168999705,0.021570535984412907
distance_sma_50d_sector_neutral,2014-06-30,1,10,-0.0005614691715278731,0.0031567354645686274,0.007194687756225904
distance_sma_50d_sector_neutral,2014-06-30,2,10,-0.015568983068792508,-0.0011064387269222875,-0.007812826141038731
distance_sma_50d_sector_neutral,2014-06-30,3,10,0.01263136722777326,0.007635460472299793,0.020387524155527036
distance_sma_50d_sector_neutral,2014-06-30,4,10,6.489956390800521e-05,0.003202281762676007,0.007821056491661782
distance_sma_50d_sector_neutral,2014-06-30,5,10,-0.01991869755501675,-0.025660210729039623,-0.012162540627262974
distance_sma_50d_sector_neutral,2014-07-31,1,10,0.02032731137901119,0.01643442828292696,0.06216547082512155
distance_sma_50d_sector_neutral,2014-07-31,2,10,0.0065790308565472745,-0.014217606624651324,0.048417190302657634
distance_sma_50d_sector_neutral,2014-07-31,3,10,0.004213664661711003,0.006110866047612906,0.04605182410782136
distance_sma_50d_sector_neutral,2014-07-31,4,10,-0.009859569393462119,-0.01827476865413835,0.031978590052648234
distance_sma_50d_sector_neutral,2014-07-31,5,10,0.0192001041099787,0.007401199545323256,0.06103826355608906
distance_sma_50d_sector_neutral,2014-08-29,1,10,-0.00017189981699244905,0.0029141301395361197,0.003845314342866335
distance_sma_50d_sector_neutral,2014-08-29,2,10,-0.031978984174848145,-0.023602992922211963,-0.02796177001498936
distance_sma_50d_sector_neutral,2014-08-29,3,10,0.00362972297009172,0.012964069330814287,0.007646937129950504
distance_sma_50d_sector_neutral,2014-08-29,4,10,-0.01037972684929569,0.0017902607335907872,-0.006362512689436906
distance_sma_50d_sector_neutral,2014-08-29,5,10,-0.009462346498534679,-0.0011395894618012603,-0.005445132338675896
distance_sma_50d_sector_neutral,2014-09-30,1,10,-0.005108916197416602,0.004775780772238836,0.005303615045086141
distance_sma_50d_sector_neutral,2014-09-30,2,10,-0.02430296072933049,-0.00975182958604931,-0.01389042948682775
distance_sma_50d_sector_neutral,2014-09-30,3,10,-0.014579118238152122,-0.012090111887771815,-0.00416658699564938
distance_sma_50d_sector_neutral,2014-09-30,4,10,0.018957968720726803,0.01845088576406584,0.029370499963229546
distance_sma_50d_sector_neutral,2014-09-30,5,10,-0.0027710732572296727,-0.009367668156303133,0.0076414579852730705
distance_sma_50d_sector_neutral,2014-10-31,1,10,-0.009231167944970165,0.014924896147383127,0.034480898703285835
distance_sma_50d_sector_neutral,2014-10-31,2,10,-0.01693192878555839,-0.017845417130868624,0.026780137862697607
distance_sma_50d_sector_neutral,2014-10-31,3,10,-0.014284338539847641,-0.008298083504115206,0.02942772810840836
distance_sma_50d_sector_neutral,2014-10-31,4,10,-0.006689283723826345,0.007707325062076942,0.037022782924429655
distance_sma_50d_sector_neutral,2014-10-31,5,10,0.013016496385007126,0.008920403287531853,0.056728563033263124
distance_sma_50d_sector_neutral,2014-11-28,1,10,-0.02979017924553734,-0.03515859237912411,-0.007740756362516976
distance_sma_50d_sector_neutral,2014-11-28,2,10,-0.005546500717099434,0.002363043149892996,0.01650292216592093
distance_sma_50d_sector_neutral,2014-11-28,3,10,0.0008975140623595168,0.0011131583328347627,0.02294693694537988
distance_sma_50d_sector_neutral,2014-11-28,4,10,-0.00048697377702520137,0.007451878307507265,0.02156244910599516
distance_sma_50d_sector_neutral,2014-11-28,5,10,-0.015697536442095428,-0.01378254938666118,0.0063518864409249365
distance_sma_50d_sector_neutral,2014-12-31,1,10,0.0439709937760845,0.02495371504554822,0.035048806759267706
distance_sma_50d_sector_neutral,2014-12-31,2,10,-0.029336654114109295,-0.026485539749557085,-0.03825884113092609
distance_sma_50d_sector_neutral,2014-12-31,3,10,-0.009455846587504835,-0.0029702050451141937,-0.01837803360432163
distance_sma_50d_sector_neutral,2014-12-31,4,10,-0.017728689408465816,-0.0049100278805607744,-0.02665087642528261
distance_sma_50d_sector_neutral,2014-12-31,5,10,0.010918798568041089,0.006827401512877307,0.001996611551224292
distance_sma_50d_sector_neutral,2015-01-30,1,10,0.00039300631447907185,-0.006800806434515194,0.060871866141081574
distance_sma_50d_sector_neutral,2015-01-30,2,10,0.0042660324376686985,-0.00297761883353187,0.0647448922642712
distance_sma_50d_sector_neutral,2015-01-30,3,10,-0.023208774033875668,-0.017797014303232994,0.03727008579272684
distance_sma_50d_sector_neutral,2015-01-30,4,10,-0.012633707316727295,-0.0061999367980355435,0.04784515250987521
distance_sma_50d_sector_neutral,2015-01-30,5,10,0.017535255600359366,0.01774238758036384,0.07801411542696188
distance_sma_50d_sector_neutral,2015-02-27,1,10,-0.009248380883022479,-0.013664640964090258,-0.01896669502721048
distance_sma_50d_sector_neutral,2015-02-27,2,10,0.010476379928220748,0.0037115334352706975,0.0007580657840327465
distance_sma_50d_sector_neutral,2015-02-27,3,10,0.003706882947189194,0.007852939427999472,-0.006011431196998806
distance_sma_50d_sector_neutral,2015-02-27,4,10,-0.005342133638552205,-0.0062440444982302945,-0.015060447782740205
distance_sma_50d_sector_neutral,2015-02-27,5,10,0.002336378776858028,-0.0006685407942405019,-0.007381935367329973
distance_sma_50d_sector_neutral,2015-03-31,1,10,0.09592377899397705,0.0509232273368318,0.09343287201120457
distance_sma_50d_sector_neutral,2015-03-31,2,10,0.01767782576220691,0.01091769246991442,0.015186918779434422
distance_sma_50d_sector_neutral,2015-03-31,3,10,-0.005362356594757911,-0.012516915347036583,-0.007853263577530401
distance_sma_50d_sector_neutral,2015-03-31,4,10,0.013615573761557653,0.0008172758164962657,0.011124666778785163
distance_sma_50d_sector_neutral,2015-03-31,5,10,-0.026213541566967667,-0.03473909398060854,-0.028704448549740157
distance_sma_50d_sector_neutral,2015-04-30,1,10,0.02219854057040782,0.0023466700639944715,0.043335331255892506
distance_sma_50d_sector_neutral,2015-04-30,2,10,0.0010284838167735622,0.006859044482913856,0.022165274502258248
distance_sma_50d_sector_neutral,2015-04-30,3,10,-0.0166210534533766,-0.0044478281012356735,0.004515737232108086
distance_sma_50d_sector_neutral,2015-04-30,4,10,0.009356172302155862,-0.0020416341995209697,0.030492962987640548
distance_sma_50d_sector_neutral,2015-04-30,5,10,-0.0011308036287702606,-0.0003118768450358633,0.020005987056714424
distance_sma_50d_sector_neutral,2015-05-29,1,10,0.00047419936106538605,-0.010653314992687679,-0.025564296071260116
distance_sma_50d_sector_neutral,2015-05-29,2,10,-0.004919720767294622,-0.009785345382198551,-0.030958216199620126
distance_sma_50d_sector_neutral,2015-05-29,3,10,0.006729465424159064,0.011322946382982813,-0.019309030008166438
distance_sma_50d_sector_neutral,2015-05-29,4,10,-0.0030881987665455244,-0.015589966109423925,-0.02912669419887103
distance_sma_50d_sector_neutral,2015-05-29,5,10,0.026135059603623244,0.03031282295564619,9.656417129774164e-05
distance_sma_50d_sector_neutral,2015-06-30,1,10,0.022250123754321005,-0.0034704411689167047,0.05618232781056265
distance_sma_50d_sector_neutral,2015-06-30,2,10,-0.012821586934541274,-0.01603522827161724,0.02111061712170037
distance_sma_50d_sector_neutral,2015-06-30,3,10,0.034369531865963074,0.020904082388261358,0.06830173592220472
distance_sma_50d_sector_neutral,2015-06-30,4,10,-0.04474322676170832,-0.03004241819433978,-0.010811022705466678
distance_sma_50d_sector_neutral,2015-06-30,5,10,0.0014341050374361841,-0.014869332697262094,0.03536630909367783
distance_sma_50d_sector_neutral,2015-07-31,1,10,-0.0029160896592503537,-0.0029310677556290132,-0.05645017740312166
distance_sma_50d_sector_neutral,2015-07-31,2,10,-0.0051612608449892235,-0.010039080147420387,-0.05869534858886053
distance_sma_50d_sector_neutral,2015-07-31,3,10,0.01413465377768649,0.0034644283333960524,-0.03939943396618482
distance_sma_50d_sector_neutral,2015-07-31,4,10,8.344009254210861e-05,0.0062911430678752045,-0.053450647651329196
distance_sma_50d_sector_neutral,2015-07-31,5,10,0.0006038756087577979,0.002300874163327027,-0.05293021213511351
distance_sma_50d_sector_neutral,2015-08-31,1,10,-0.02864433875425232,-0.00790346903531075,-0.03636573229297679
distance_sma_50d_sector_neutral,2015-08-31,2,10,-0.012865350070346249,-0.015292549167849834,-0.020586743609070722
distance_sma_50d_sector_neutral,2015-08-31,3,10,0.005207765576912438,-0.005809098093511544,-0.002513627961812037
distance_sma_50d_sector_neutral,2015-08-31,4,10,-0.006419155441415758,0.00382709602736947,-0.014140548980140232
distance_sma_50d_sector_neutral,2015-08-31,5,10,-0.005897232735608682,-0.0005471082884871414,-0.013618626274333157
distance_sma_50d_sector_neutral,2015-09-30,1,10,-0.012032332202892316,0.010448969774677574,0.07941007853332385
distance_sma_50d_sector_neutral,2015-09-30,2,10,-0.015739165692614722,-0.013343057331840935,0.07570324504360146
distance_sma_50d_sector_neutral,2015-09-30,3,10,0.030659982334909564,0.027898890817456112,0.12210239307112573
distance_sma_50d_sector_neutral,2015-09-30,4,10,-0.0110054729997065,-0.006816634309180447,0.08043693773650967
distance_sma_50d_sector_neutral,2015-09-30,5,10,-0.021929804946249777,-0.019975514192084876,0.0695126057899664
distance_sma_50d_sector_neutral,2015-10-30,1,10,0.004556532662035618,-0.0010090379219551693,0.025872686981723535
distance_sma_50d_sector_neutral,2015-10-30,2,10,0.0033920584140345045,0.007109045411864745,0.024708212733722423
distance_sma_50d_sector_neutral,2015-10-30,3,10,-0.006285030202108843,-0.0071727584206517925,0.015031124117579075
distance_sma_50d_sector_neutral,2015-10-30,4,10,-0.0033814743588213457,-0.0007404309678504806,0.017934679960866572
distance_sma_50d_sector_neutral,2015-10-30,5,10,0.020835428871004404,0.006496834192044276,0.04215158319069232
distance_sma_50d_sector_neutral,2015-11-30,1,10,-0.008712813082587822,-0.006377606250548229,-0.0002922809364936496
distance_sma_50d_sector_neutral,2015-11-30,2,10,-0.0189024560192949,0.003034542279757857,-0.010481923873200728
distance_sma_50d_sector_neutral,2015-11-30,3,10,-0.013063010930907937,0.004483522782632754,-0.004642478784813764
distance_sma_50d_sector_neutral,2015-11-30,4,10,0.010854375571753417,-0.0042995291758578524,0.019274907717847588
distance_sma_50d_sector_neutral,2015-11-30,5,10,-0.010396011417954843,-0.001971468264763132,-0.0019754792718606694
distance_sma_50d_sector_neutral,2015-12-31,1,10,-0.006956282696382976,-0.0016299841279381333,-0.08137250819473112
distance_sma_50d_sector_neutral,2015-12-31,2,10,-0.013312627206173155,0.008648956294170396,-0.0877288527045213
distance_sma_50d_sector_neutral,2015-12-31,3,10,0.026895347956644233,0.02401898726955959,-0.04752087754170391
distance_sma_50d_sector_neutral,2015-12-31,4,10,0.020690077826360665,0.0077932489120204895,-0.05372614767198748
distance_sma_50d_sector_neutral,2015-12-31,5,10,0.0009190381590292284,-0.009131439728193913,-0.07349718733931891
distance_sma_50d_sector_neutral,2016-01-29,1,10,-0.009161387017189205,-0.007844172167984498,0.00759687299549745
distance_sma_50d_sector_neutral,2016-01-29,2,10,0.023254665338631252,0.0024729140117103476,0.04001292535131791
distance_sma_50d_sector_neutral,2016-01-29,3,10,0.021250137064496032,0.008547984396087505,0.03800839707718269
distance_sma_50d_sector_neutral,2016-01-29,4,10,4.6683618271925464e-05,-0.0016326987118712166,0.01680494363095858
distance_sma_50d_sector_neutral,2016-01-29,5,10,-0.023859366971238825,-0.026654479583131052,-0.007101106958552173
distance_sma_50d_sector_neutral,2016-02-29,1,10,0.018721342203935454,0.01158583213175235,0.09591393453323344
distance_sma_50d_sector_neutral,2016-02-29,2,10,-0.0017786786616911022,-0.008189696179197292,0.07541391366760689
distance_sma_50d_sector_neutral,2016-02-29,3,10,0.013002984009228747,0.002651280770233133,0.09019557633852673
distance_sma_50d_sector_neutral,2016-02-29,4,10,0.0009164199915528748,-0.0006950798783769141,0.07810901232085085
distance_sma_50d_sector_neutral,2016-02-29,5,10,-0.013019856403873865,-0.023919283012927894,0.06417273592542412
distance_sma_50d_sector_neutral,2016-03-31,1,10,0.004337554805464505,-0.008271864260925132,0.015693031867938034
distance_sma_50d_sector_neutral,2016-03-31,2,10,0.02634987503250691,0.031241562767284625,0.03770535209498044
distance_sma_50d_sector_neutral,2016-03-31,3,10,-0.02408678556804029,-0.011528144194183298,-0.012731308505566762
distance_sma_50d_sector_neutral,2016-03-31,4,10,0.005087068853592158,0.004424615056031533,0.016442545916065688
distance_sma_50d_sector_neutral,2016-03-31,5,10,-0.009528474620834814,0.012086965294448637,0.0018270024416387142
distance_sma_50d_sector_neutral,2016-04-29,1,10,0.0208245022183558,0.011146326439036569,0.032876576037591365
distance_sma_50d_sector_neutral,2016-04-29,2,10,-0.004617829921541828,-0.009223089460736023,0.007434243897693737
distance_sma_50d_sector_neutral,2016-04-29,3,10,0.008237572681251481,0.0009018854160304235,0.020289646500487046
distance_sma_50d_sector_neutral,2016-04-29,4,10,-0.019849411012907093,-0.016479948180080084,-0.007797337193671527
distance_sma_50d_sector_neutral,2016-04-29,5,10,0.03146848223060291,0.011665790687620414,0.043520556049838476
distance_sma_50d_sector_neutral,2016-05-31,1,10,-0.016477195637162954,-0.016921577119143383,-0.017773448275820024
distance_sma_50d_sector_neutral,2016-05-31,2,10,-0.008277757992500356,0.0046932885340871255,-0.009574010631157426
distance_sma_50d_sector_neutral,2016-05-31,3,10,0.015569638033508349,0.01863970223034761,0.01427338539485128
distance_sma_50d_sector_neutral,2016-05-31,4,10,0.0002973225014728409,0.0028956511013692454,-0.0009989301371842285
distance_sma_50d_sector_neutral,2016-05-31,5,10,-0.023491750565369583,-0.012576314323375581,-0.024788003204026653
distance_sma_50d_sector_neutral,2016-06-30,1,10,0.019168136475523713,0.035632179381201334,0.06626401493113707
distance_sma_50d_sector_neutral,2016-06-30,2,10,0.0044521641548876615,0.005503875223331511,0.05154804261050102
distance_sma_50d_sector_neutral,2016-06-30,3,10,-0.0040720232574665395,-0.01702607407287593,0.04302385519814682
distance_sma_50d_sector_neutral,2016-06-30,4,10,-0.027520189082812285,-0.03560911062588312,0.019575689372801075
distance_sma_50d_sector_neutral,2016-06-30,5,10,0.011209848218028017,-0.007674845992327817,0.05830572667364138
distance_sma_50d_sector_neutral,2016-07-29,1,10,0.02056831834211421,0.01265952734913589,0.03130677657576282
distance_sma_50d_sector_neutral,2016-07-29,2,10,-0.0039040692088823103,0.012853666463557012,0.006834389024766296
distance_sma_50d_sector_neutral,2016-07-29,3,10,-0.016619135209941537,-0.01918687028675331,-0.0058806769762929315
distance_sma_50d_sector_neutral,2016-07-29,4,10,0.018052323992515173,0.01666103645268502,0.02879078222616378
distance_sma_50d_sector_neutral,2016-07-29,5,10,-0.012886983564161814,-0.007035694586667973,-0.0021485253305132067
distance_sma_50d_sector_neutral,2016-08-31,1,10,-0.009944498181328787,-0.025325080267328437,-0.005513444030083669
distance_sma_50d_sector_neutral,2016-08-31,2,10,0.007734928531526108,0.0012401664503860488,0.012165982682771226
distance_sma_50d_sector_neutral,2016-08-31,3,10,-0.021081056633978114,-0.006287823234295831,-0.016650002482732996
distance_sma_50d_sector_neutral,2016-08-31,4,10,-0.002054209675682894,0.0009205171196440265,0.002376844475562223
distance_sma_50d_sector_neutral,2016-08-31,5,10,0.02421333773484886,0.02000986188570608,0.028644391886093978
distance_sma_50d_sector_neutral,2016-09-30,1,10,0.004776005820404161,0.004564650495055722,-0.009756432138636306
distance_sma_50d_sector_neutral,2016-09-30,2,10,-0.010019713238479156,-0.0018408615465073108,-0.024552151197519623
distance_sma_50d_sector_neutral,2016-09-30,3,10,-0.0029472267541064802,0.002590445955857057,-0.017479664713146947
distance_sma_50d_sector_neutral,2016-09-30,4,10,0.026688134477324953,0.00948263029275992,0.012155696518284487
distance_sma_50d_sector_neutral,2016-09-30,5,10,0.0019969420307603624,0.0006825069441411258,-0.012535495928280104
distance_sma_50d_sector_neutral,2016-10-31,1,10,0.05008972532385915,0.06035986514579783,0.08025828596527652
distance_sma_50d_sector_neutral,2016-10-31,2,10,-0.06265469746949358,-0.05909266650223527,-0.032486136828076204
distance_sma_50d_sector_neutral,2016-10-31,3,10,-0.009547963500155077,-0.006208743464421573,0.020620597141262298
distance_sma_50d_sector_neutral,2016-10-31,4,10,0.02744613428665409,0.03792431610003055,0.05761469492807146
distance_sma_50d_sector_neutral,2016-10-31,5,10,0.031283233601664275,0.003294553428725977,0.06145179424308165
distance_sma_50d_sector_neutral,2016-11-30,1,10,0.001042053677207988,-0.010430325116905559,0.023316149580369084
distance_sma_50d_sector_neutral,2016-11-30,2,10,0.013721309229811407,-0.0017729141573319396,0.0359954051329725
distance_sma_50d_sector_neutral,2016-11-30,3,10,-0.012605289029394406,0.00029973144944017704,0.00966880687376669
distance_sma_50d_sector_neutral,2016-11-30,4,10,-0.0073736568504827234,-0.006638637359032251,0.014900439052678372
distance_sma_50d_sector_neutral,2016-11-30,5,10,0.03053703229259037,0.02998629780745654,0.05281112819575147
distance_sma_50d_sector_neutral,2016-12-30,1,10,0.017163336090305913,0.026248168204235034,0.039890768443080774
distance_sma_50d_sector_neutral,2016-12-30,2,10,-0.0052618206997951614,0.0027924696426295803,0.017465611652979697
distance_sma_50d_sector_neutral,2016-12-30,3,10,0.017509698326349722,-0.0018611289379635299,0.04023713067912458
distance_sma_50d_sector_neutral,2016-12-30,4,10,-0.018519234710263566,-0.026420132106055372,0.004208197642511291
distance_sma_50d_sector_neutral,2016-12-30,5,10,0.011213682763882637,0.003487579778778005,0.0339411151166575
distance_sma_50d_sector_neutral,2017-01-31,1,10,0.005924483040397455,0.008879231565821377,0.05410087926023539
distance_sma_50d_sector_neutral,2017-01-31,2,10,0.011630885778232125,0.008324502614149965,0.05980728199807006
distance_sma_50d_sector_neutral,2017-01-31,3,10,-0.0003552631081937041,-0.00664222024327088,0.04782113311164423
distance_sma_50d_sector_neutral,2017-01-31,4,10,0.0001223893187843328,0.009725004449731234,0.04829878553862227
distance_sma_50d_sector_neutral,2017-01-31,5,10,-0.017696149592919697,-0.012803426292983255,0.03048024662691824
distance_sma_50d_sector_neutral,2017-02-28,1,10,0.02053895272669254,0.012813231306115558,0.02545901748684737
distance_sma_50d_sector_neutral,2017-02-28,2,10,0.002377026641194835,0.0003303790957613906,0.007297091401349665
distance_sma_50d_sector_neutral,2017-02-28,3,10,-0.01169409757102865,-0.027124376906923653,-0.0067740328108738205
distance_sma_50d_sector_neutral,2017-02-28,4,10,-0.013164605791208817,-0.009677683434188677,-0.008244541031053987
distance_sma_50d_sector_neutral,2017-02-28,5,10,0.010888579633542117,0.008134342737877165,0.015808644393696947
distance_sma_50d_sector_neutral,2017-03-31,1,10,0.004438546933108645,-0.0037246270101707335,0.032657924486187886
distance_sma_50d_sector_neutral,2017-03-31,2,10,-0.01499930413329308,0.007107077582726218,0.01322007341978616
distance_sma_50d_sector_neutral,2017-03-31,3,10,-0.024717622261778417,-0.03187982629682984,0.0035017552913008234
distance_sma_50d_sector_neutral,2017-03-31,4,10,0.021481303085937674,0.02631366042632477,0.04970068063901691
distance_sma_50d_sector_neutral,2017-03-31,5,10,0.00011783129491944599,0.005828063232104719,0.028337208847998684
distance_sma_50d_sector_neutral,2017-04-28,1,10,-0.029385876303081558,-0.035391289704390816,-0.003970853882470116
distance_sma_50d_sector_neutral,2017-04-28,2,10,-0.013094535741868252,0.0006392927379181845,0.012320486678743192
distance_sma_50d_sector_neutral,2017-04-28,3,10,0.023761214614802007,-0.018415539115696433,0.04917623703541345
distance_sma_50d_sector_neutral,2017-04-28,4,10,0.013608971246092949,0.012783954742830006,0.03902399366670439
distance_sma_50d_sector_neutral,2017-04-28,5,10,0.0034964684421778026,0.01188004923230035,0.028911490862789248
distance_sma_50d_sector_neutral,2017-05-31,1,10,0.03919848182116821,0.027259597102563426,0.035015345054949146
distance_sma_50d_sector_neutral,2017-05-31,2,10,0.005026270545536449,-0.009871880157257373,0.0008431337793173843
distance_sma_50d_sector_neutral,2017-05-31,3,10,0.012764835773382744,0.0001868150231928989,0.00858169900716368
distance_sma_50d_sector_neutral,2017-05-31,4,10,-0.0012567802972148433,0.0027280539770710432,-0.005439917063433908
distance_sma_50d_sector_neutral,2017-05-31,5,10,-0.0021661873672597976,0.0009260442094424226,-0.006349324133478862
distance_sma_50d_sector_neutral,2017-06-30,1,10,-0.0037704535229939663,-0.004703681748316146,0.018035984701009887
distance_sma_50d_sector_neutral,2017-06-30,2,10,0.018394917336125183,0.010165970740921626,0.040201355560129035
distance_sma_50d_sector_neutral,2017-06-30,3,10,0.012483905544095808,0.02301206528570865,0.03429034376809966
distance_sma_50d_sector_neutral,2017-06-30,4,10,-0.010685891975406758,-0.015017809665307968,0.011120546248597096
distance_sma_50d_sector_neutral,2017-06-30,5,10,0.005848973704788452,-0.0017385132808307446,0.027655411928792305
distance_sma_50d_sector_neutral,2017-07-31,1,10,0.007281954361226317,0.008002746260719062,0.00663119918091355
distance_sma_50d_sector_neutral,2017-07-31,2,10,-0.004131062046697431,-0.010154872010754101,-0.004781817227010199
distance_sma_50d_sector_neutral,2017-07-31,3,10,-0.004641363633655349,-0.005753507128452462,-0.005292118813968116
distance_sma_50d_sector_neutral,2017-07-31,4,10,0.002450822899443761,0.01851727219907673,0.0018000677191309933
distance_sma_50d_sector_neutral,2017-07-31,5,10,-0.005235751064472627,0.0160930523866335,-0.005886506244785395
distance_sma_50d_sector_neutral,2017-08-31,1,10,0.02046984781365966,0.006388726979265735,0.04147348930862469
distance_sma_50d_sector_neutral,2017-08-31,2,10,-0.0017637679485815072,-0.0028283877968022786,0.019239873546383523
distance_sma_50d_sector_neutral,2017-08-31,3,10,0.028771783114384396,0.03101487866665098,0.04977542460934943
distance_sma_50d_sector_neutral,2017-08-31,4,10,0.018845452661833684,0.009070250053253792,0.039849094156798714
distance_sma_50d_sector_neutral,2017-08-31,5,10,-0.011644900529878544,-0.0065103317876045175,0.009358740965086487
distance_sma_50d_sector_neutral,2017-09-29,1,10,-0.014675672201811884,0.020184354682308503,0.024282061744457784
distance_sma_50d_sector_neutral,2017-09-29,2,10,0.010585757495511605,0.011046406702875933,0.04954349144178127
distance_sma_50d_sector_neutral,2017-09-29,3,10,-0.006890832212014653,-0.014199336492672354,0.03206690173425501
distance_sma_50d_sector_neutral,2017-09-29,4,10,0.01290488767905824,0.019319419592449982,0.05186262162532791
distance_sma_50d_sector_neutral,2017-09-29,5,10,-0.003797684024290748,-0.01310199969290049,0.03516004992197892
distance_sma_50d_sector_neutral,2017-10-31,1,10,0.018310466699234862,0.008879368734011295,0.04734879939072145
distance_sma_50d_sector_neutral,2017-10-31,2,10,0.014043822153948237,-0.0034601988787550386,0.04308215484543483
distance_sma_50d_sector_neutral,2017-10-31,3,10,0.02388351714629654,0.007681719616344673,0.05292184983778313
distance_sma_50d_sector_neutral,2017-10-31,4,10,-0.02043338196107599,-0.019746411322892343,0.008604950730410598
distance_sma_50d_sector_neutral,2017-10-31,5,10,0.012050900354190075,0.007090045573880044,0.04108923304567667
distance_sma_50d_sector_neutral,2017-11-30,1,10,-0.0016293123891097272,-0.004532692067293231,0.019490753514720693
distance_sma_50d_sector_neutral,2017-11-30,2,10,0.005401397542759523,-0.005372198871745337,0.026521463446589944
distance_sma_50d_sector_neutral,2017-11-30,3,10,0.00510484571216886,-2.500642132463593e-05,0.02622491161599928
distance_sma_50d_sector_neutral,2017-11-30,4,10,0.007788927969005488,0.01766500052124309,0.02890899387283591
distance_sma_50d_sector_neutral,2017-11-30,5,10,0.005559649643226505,-0.0009081861839431715,0.026679715547056927
distance_sma_50d_sector_neutral,2017-12-29,1,10,0.007141046920185201,-0.011805836249254464,0.0738038881911623
distance_sma_50d_sector_neutral,2017-12-29,2,10,0.013871593773890478,-0.042427725763442614,0.08053443504486758
distance_sma_50d_sector_neutral,2017-12-29,3,10,-0.009314320218945049,-0.006557125382908313,0.05734852105203205
distance_sma_50d_sector_neutral,2017-12-29,4,10,0.019186784524570878,0.018977267410597465,0.08584962579554797
distance_sma_50d_sector_neutral,2017-12-29,5,10,-0.013725329039767632,-0.015212558893426986,0.052937512231209474
distance_sma_50d_sector_neutral,2018-01-31,1,10,0.005596891289306127,-0.0019370523248549154,-0.046076244773292196
distance_sma_50d_sector_neutral,2018-01-31,2,10,-0.018050260869818303,-0.009259009081733105,-0.06972339693241662
distance_sma_50d_sector_neutral,2018-01-31,3,10,0.005606624040782637,0.001659848744888004,-0.046066512021815685
distance_sma_50d_sector_neutral,2018-01-31,4,10,0.0021380801675662696,-0.007955707745693541,-0.04953505589503206
distance_sma_50d_sector_neutral,2018-01-31,5,10,0.012379059271787628,0.019007217042692537,-0.03929407679081069
distance_sma_50d_sector_neutral,2018-02-28,1,10,-0.009445596881502427,0.00351185088107997,-0.031492870110998605
distance_sma_50d_sector_neutral,2018-02-28,2,10,0.012874376770042984,0.03358468047251617,-0.009172896459453194
distance_sma_50d_sector_neutral,2018-02-28,3,10,-0.003319782088653367,-0.00836055580455436,-0.025367055318149544
distance_sma_50d_sector_neutral,2018-02-28,4,10,-0.021097742292014377,-0.013293596170553978,-0.04314501552151055
distance_sma_50d_sector_neutral,2018-02-28,5,10,-0.007468162438247905,-0.005524960181542027,-0.029515435667744082
distance_sma_50d_sector_neutral,2018-03-29,1,10,0.039634652665604765,0.05055856788141111,0.042602660878322686
distance_sma_50d_sector_neutral,2018-03-29,2,10,-0.012553471116446457,-0.011914685544800185,-0.009585462903728536
distance_sma_50d_sector_neutral,2018-03-29,3,10,-0.028594769938140373,-0.028026261956589305,-0.025626761725422453
distance_sma_50d_sector_neutral,2018-03-29,4,10,0.029195852271566725,0.03859910386536547,0.03216386048428464
distance_sma_50d_sector_neutral,2018-03-29,5,10,0.03285418537110183,0.026947400908552743,0.03582219358381975
distance_sma_50d_sector_neutral,2018-04-30,1,10,0.021440036714374146,0.017557995645810953,0.0571279194974517
distance_sma_50d_sector_neutral,2018-04-30,2,10,-0.0038153560309646894,0.001964873467289352,0.03187252675211286
distance_sma_50d_sector_neutral,2018-04-30,3,10,0.010168799145705797,-0.030113349105407305,0.04585668192878335
distance_sma_50d_sector_neutral,2018-04-30,4,10,0.003713778237657006,0.0038456202058485545,0.03940166102073456
distance_sma_50d_sector_neutral,2018-04-30,5,10,-0.015275296156854712,-0.012277507771528584,0.02041258662622284
distance_sma_50d_sector_neutral,2018-05-31,1,10,-0.0007507693885639322,-0.02282551912700037,0.012488533601205564
distance_sma_50d_sector_neutral,2018-05-31,2,10,-0.002666692083505018,0.00859686960561823,0.01057261090626448
distance_sma_50d_sector_neutral,2018-05-31,3,10,0.00043184124625085253,0.009592838342035281,0.013671144236020349
distance_sma_50d_sector_neutral,2018-05-31,4,10,-0.00016307444145636786,-0.007295870530268811,0.01307622854831313
distance_sma_50d_sector_neutral,2018-05-31,5,10,0.0011786181538001373,0.0,0.014417921143569634
distance_sma_50d_sector_neutral,2018-06-29,1,10,0.018315088935451772,0.02531289243433743,0.06443286024616082
distance_sma_50d_sector_neutral,2018-06-29,2,10,0.007809795163351974,0.006140181740336814,0.053927566474061016
distance_sma_50d_sector_neutral,2018-06-29,3,10,-0.02563442941126277,-0.000515097450748847,0.020483341899446273
distance_sma_50d_sector_neutral,2018-06-29,4,10,0.009455251492322458,-0.011038284301786994,0.0555730228030315
distance_sma_50d_sector_neutral,2018-06-29,5,10,-0.028309058255972484,-0.0012804055143381676,0.01780871305473656
distance_sma_50d_sector_neutral,2018-07-31,1,10,0.017196589440058797,0.013153818353733082,0.04559408248968315
distance_sma_50d_sector_neutral,2018-07-31,2,10,0.015302448163477322,0.007920685045317954,0.04369994121310168
distance_sma_50d_sector_neutral,2018-07-31,3,10,0.010994638642015131,0.0008851620045960962,0.039392131691639486
distance_sma_50d_sector_neutral,2018-07-31,4,10,-0.026472862643420934,-0.019698397021550518,0.0019246304062034204
distance_sma_50d_sector_neutral,2018-07-31,5,10,0.021589096113327565,0.02046059282251167,0.04998658916295192
distance_sma_50d_sector_neutral,2018-08-31,1,10,-0.003789789796729048,-0.025301722270628713,0.01645393668936591
distance_sma_50d_sector_neutral,2018-08-31,2,10,-0.004891998220732418,-0.0012401104474937252,0.015351728265362541
distance_sma_50d_sector_neutral,2018-08-31,3,10,0.009198278900676926,0.005173071229706339,0.029442005386771886
distance_sma_50d_sector_neutral,2018-08-31,4,10,0.0030917846062958666,0.008473643986679047,0.023335511092390827
distance_sma_50d_sector_neutral,2018-08-31,5,10,-0.0036146110332247574,-0.003005586969706431,0.016629115452870203
distance_sma_50d_sector_neutral,2018-09-28,1,10,0.039310068078967766,-0.0035876421214233734,-0.05523758589822429
distance_sma_50d_sector_neutral,2018-09-28,2,10,0.038102224650498104,0.030173788063685758,-0.056445429326693955
distance_sma_50d_sector_neutral,2018-09-28,3,10,0.030345517811730994,0.02245551884204311,-0.06420213616546107
distance_sma_50d_sector_neutral,2018-09-28,4,10,-0.015282490987025842,-0.014932426636523777,-0.1098301449642179
distance_sma_50d_sector_neutral,2018-09-28,5,10,-0.042660824545501255,-0.041853437934182613,-0.13720847852269333
distance_sma_50d_sector_neutral,2018-10-31,1,10,-0.022086669596633756,-0.01977621366133331,0.02037605292058552
distance_sma_50d_sector_neutral,2018-10-31,2,10,-0.008075383040147243,-0.011175406101191054,0.03438733947707203
distance_sma_50d_sector_neutral,2018-10-31,3,10,-0.015332367408633817,0.0020026716322564253,0.02713035510858546
distance_sma_50d_sector_neutral,2018-10-31,4,10,-0.01681857636627292,0.0011375591458359091,0.025644146150946356
distance_sma_50d_sector_neutral,2018-10-31,5,10,-0.01872651403724601,0.008728224172058652,0.023736208479973264
distance_sma_50d_sector_neutral,2018-11-30,1,10,-0.007159282215710783,-0.016411871778453047,-0.11084558550466697
distance_sma_50d_sector_neutral,2018-11-30,2,10,0.01638187539154261,0.018346361250008547,-0.08730442789741356
distance_sma_50d_sector_neutral,2018-11-30,3,10,0.006886851169589892,0.006311296249337461,-0.09679945211936627
distance_sma_50d_sector_neutral,2018-11-30,4,10,-0.009909241277370773,-0.016978753487014442,-0.11359554456632695
distance_sma_50d_sector_neutral,2018-11-30,5,10,0.012097389406979709,0.019280773942622786,-0.09158891388197646
distance_sma_50d_sector_neutral,2018-12-31,1,10,0.03727241694703838,0.028234423135641507,0.10577034420858585
distance_sma_50d_sector_neutral,2018-12-31,2,10,0.05937649596799939,0.023946239152125126,0.12787442322954684
distance_sma_50d_sector_neutral,2018-12-31,3,10,-0.033105951594470606,-0.04003362223775597,0.03539197566707686
distance_sma_50d_sector_neutral,2018-12-31,4,10,-0.007441629594197574,-0.014931012794800469,0.06105629766734989
distance_sma_50d_sector_neutral,2018-12-31,5,10,-0.05823047597585625,-0.023677270250498372,0.010267451285691221
distance_sma_50d_sector_neutral,2019-01-31,1,10,-0.012467347138016394,-0.01470705565767394,0.026733156382291734
distance_sma_50d_sector_neutral,2019-01-31,2,10,-0.005082441278303307,0.00425130000687457,0.034118062242004824
distance_sma_50d_sector_neutral,2019-01-31,3,10,0.020088455101744195,0.02003120613386522,0.05928895862205232
distance_sma_50d_sector_neutral,2019-01-31,4,10,-0.00459887478942087,0.017669335837742772,0.034601628730887256
distance_sma_50d_sector_neutral,2019-01-31,5,10,-0.01501755272224874,-0.014386386955695163,0.024182950798059388
distance_sma_50d_sector_neutral,2019-02-28,1,10,-0.031008658043556236,-0.024829407365745515,-0.0009210065794746924
distance_sma_50d_sector_neutral,2019-02-28,2,10,0.020537176440336834,0.012024846949664547,0.05062482790441838
distance_sma_50d_sector_neutral,2019-02-28,3,10,-0.019672921846450586,-0.021729539849414725,0.010414729617630958
distance_sma_50d_sector_neutral,2019-02-28,4,10,0.017244358109996104,0.025058281209668576,0.04733200957407765
distance_sma_50d_sector_neutral,2019-02-28,5,10,-0.0015475394253552156,0.0,0.028540112038726327
distance_sma_50d_sector_neutral,2019-03-29,1,10,-0.018118590495925548,0.002042070161527132,0.02480720869270072
distance_sma_50d_sector_neutral,2019-03-29,2,10,0.020302722506877913,0.0061039927922034165,0.06322852169550418
distance_sma_50d_sector_neutral,2019-03-29,3,10,0.05025831677495325,0.0031361711673376647,0.09318411596357952
distance_sma_50d_sector_neutral,2019-03-29,4,10,-0.016531021894533003,-0.0012985461939341025,0.026394777294093265
distance_sma_50d_sector_neutral,2019-03-29,5,10,-0.004255501294138231,-0.0015274585123730144,0.03867029789448804
distance_sma_50d_sector_neutral,2019-04-30,1,10,-0.02538855725954353,-0.010464650445227042,-0.07746998329536708
distance_sma_50d_sector_neutral,2019-04-30,2,10,-0.022039739714001916,-0.022947796883105553,-0.07412116574982547
distance_sma_50d_sector_neutral,2019-04-30,3,10,0.015458664790340238,0.02610849162288975,-0.03662276124548332
distance_sma_50d_sector_neutral,2019-04-30,4,10,0.005629476287339952,0.016113416698619376,-0.0464519497484836
distance_sma_50d_sector_neutral,2019-04-30,5,10,-0.015872217471552263,-0.003380824014708017,-0.06795364350737582
distance_sma_50d_sector_neutral,2019-05-31,1,10,0.04890722585292662,0.04622232451801289,0.13790950781027211
distance_sma_50d_sector_neutral,2019-05-31,2,10,-0.02202514704900298,-0.008027476611874751,0.06697713490834252
distance_sma_50d_sector_neutral,2019-05-31,3,10,-0.014985854674360288,-0.008819642741026312,0.07401642728298521
distance_sma_50d_sector_neutral,2019-05-31,4,10,-0.0017839097845168128,-0.004368405972108191,0.08721837217282868
distance_sma_50d_sector_neutral,2019-05-31,5,10,-0.011784388761789333,-0.011883212893125772,0.07721789319555616
distance_sma_50d_sector_neutral,2019-06-28,1,10,0.0012151901803183595,0.002641866258916492,0.037310716997973184
distance_sma_50d_sector_neutral,2019-06-28,2,10,-0.0022188964321695702,0.00358370077827308,0.03387663038548525
distance_sma_50d_sector_neutral,2019-06-28,3,10,-0.021900085990742703,-0.023745420448295862,0.01419544082691212
distance_sma_50d_sector_neutral,2019-06-28,4,10,0.010588327254639896,0.010745358466209942,0.046683854072294716
distance_sma_50d_sector_neutral,2019-06-28,5,10,-0.021443943915423914,-0.014360820527998919,0.014651582902230908
distance_sma_50d_sector_neutral,2019-07-31,1,10,-0.023569238587996443,-0.01873112214660766,-0.03475640088103712
distance_sma_50d_sector_neutral,2019-07-31,2,10,0.012793921160463729,0.029301272081719898,0.0016067588674230527
distance_sma_50d_sector_neutral,2019-07-31,3,10,0.010661649383978112,0.02197623796155429,-0.0005255129090625643
distance_sma_50d_sector_neutral,2019-07-31,4,10,-0.005072490445006772,-0.024685156866797342,-0.01625965273804745
distance_sma_50d_sector_neutral,2019-07-31,5,10,-0.007152777505758212,-0.0021668606492195597,-0.018339939798798888
distance_sma_50d_sector_neutral,2019-08-30,1,10,-0.010488203120691587,-0.008229664605336362,-0.0037643507126769336
distance_sma_50d_sector_neutral,2019-08-30,2,10,0.026211564687445267,0.017097619592915114,0.03293541709545992
distance_sma_50d_sector_neutral,2019-08-30,3,10,-0.00041854219935527626,-0.0008251286661506985,0.006305310208659376
distance_sma_50d_sector_neutral,2019-08-30,4,10,-0.013802988836498109,-0.018485355097295764,-0.007079136428483457
distance_sma_50d_sector_neutral,2019-08-30,5,10,-0.003285672830206654,-0.007489745394695546,0.003438179577807998
distance_sma_50d_sector_neutral,2019-09-30,1,10,0.0036444331115778605,0.00794622812340684,0.01975379643861158
distance_sma_50d_sector_neutral,2019-09-30,2,10,-0.005154272417117434,-0.01642953891789689,0.010955090909916287
distance_sma_50d_sector_neutral,2019-09-30,3,10,0.03980073237091698,0.001057444430410892,0.055910095697950704
distance_sma_50d_sector_neutral,2019-09-30,4,10,0.0034467928482647793,-0.015567462552938949,0.0195561561752985
distance_sma_50d_sector_neutral,2019-09-30,5,10,0.01932332500929721,0.02111022039042365,0.03543268833633093
distance_sma_50d_sector_neutral,2019-10-31,1,10,0.00571796885230681,-0.00012625305395574937,0.03376396984716436
distance_sma_50d_sector_neutral,2019-10-31,2,10,-0.0007275485571620388,0.0,0.027318452437695505
distance_sma_50d_sector_neutral,2019-10-31,3,10,-0.01729429570629838,-0.012321735728080596,0.010751705288559166
distance_sma_50d_sector_neutral,2019-10-31,4,10,0.0008718208342974986,-0.003612361370106676,0.028917821829155043
distance_sma_50d_sector_neutral,2019-10-31,5,10,0.027052925974907095,0.02984554425376329,0.055098926969764636
distance_sma_50d_sector_neutral,2019-11-29,1,10,0.006351567756638077,-0.00538683061303824,0.0335232655864051
distance_sma_50d_sector_neutral,2019-11-29,2,10,0.018980516844301708,0.006637851217271451,0.046152214674068735
distance_sma_50d_sector_neutral,2019-11-29,3,10,-0.010061135367722306,-0.0024772216945994074,0.01711056246204472
distance_sma_50d_sector_neutral,2019-11-29,4,10,-0.0062203496529051215,-0.00584739783719912,0.020951348176861905
distance_sma_50d_sector_neutral,2019-11-29,5,10,0.034729029483574946,0.014213766495569269,0.06190072731334197
distance_sma_50d_sector_neutral,2019-12-31,1,10,-0.015020593369078994,0.0075313421469467845,-0.021608385120912545
distance_sma_50d_sector_neutral,2019-12-31,2,10,-0.0029642520655230654,-0.02714232911610981,-0.009552043817356614
distance_sma_50d_sector_neutral,2019-12-31,3,10,0.02698896668242734,0.025061959864216332,0.02040117493059379
distance_sma_50d_sector_neutral,2019-12-31,4,10,-0.011054267320330335,-0.013772351866488453,-0.017642059072163884
distance_sma_50d_sector_neutral,2019-12-31,5,10,0.06070247308540483,0.03599404342524337,0.05411468133357128
distance_sma_200d_sector_neutral,2014-10-31,1,10,0.0016243128388247375,0.014924896147383127,0.04533637948708073
distance_sma_200d_sector_neutral,2014-10-31,2,10,-0.04084065896068523,-0.039042966744373075,0.0028714076875707706
distance_sma_200d_sector_neutral,2014-10-31,3,10,-0.0009228882562720031,0.003090498160457811,0.042789178391984
distance_sma_200d_sector_neutral,2014-10-31,4,10,-0.001915070165244581,0.0017506168174604708,0.04179699648301142
distance_sma_200d_sector_neutral,2014-10-31,5,10,0.007934081934181658,0.008920403287531853,0.051646148582437656
distance_sma_200d_sector_neutral,2014-11-28,1,10,-0.03459505095927377,-0.040118382583463064,-0.0125456280762534
distance_sma_200d_sector_neutral,2014-11-28,2,10,-0.009619395917267038,-0.0025297852269383636,0.012430026965753327
distance_sma_200d_sector_neutral,2014-11-28,3,10,-0.005880803023812919,0.0008368332604642426,0.016168619859207443
distance_sma_200d_sector_neutral,2014-11-28,4,10,0.0017474368505010162,-0.0005177955593835826,0.02379685973352138
distance_sma_200d_sector_neutral,2014-11-28,5,10,-0.0022758630695451807,0.005168267413438787,0.019773559813475183
distance_sma_200d_sector_neutral,2014-12-31,1,10,0.028677800426794166,-0.004888676386517188,0.01975561340997737
distance_sma_200d_sector_neutral,2014-12-31,2,10,-0.008136976691893782,0.014754686394554017,-0.01705916370871058
distance_sma_200d_sector_neutral,2014-12-31,3,10,-0.020887368867929045,-0.019991380193594477,-0.02980955588474584
distance_sma_200d_sector_neutral,2014-12-31,4,10,0.0025223600013933867,0.007181676515950974,-0.006399827015423409
distance_sma_200d_sector_neutral,2014-12-31,5,10,-0.0038072126343190794,-0.0056469568768185985,-0.012729399651135875
distance_sma_200d_sector_neutral,2015-01-30,1,10,0.007586296030028495,0.007253342598958379,0.068065155856631
distance_sma_200d_sector_neutral,2015-01-30,2,10,-0.013924667186719785,-0.02464432641583625,0.04655419263988272
distance_sma_200d_sector_neutral,2015-01-30,3,10,-0.015907790327099592,-0.010145952416221293,0.044571069499502916
distance_sma_200d_sector_neutral,2015-01-30,4,10,-0.01499312509269638,0.0007738336057616646,0.04548573473390612
distance_sma_200d_sector_neutral,2015-01-30,5,10,0.02359109957839144,0.028392201493319447,0.08406995940499394
distance_sma_200d_sector_neutral,2015-02-27,1,10,-0.013613338249669127,-0.003074927508596337,-0.02333165239385713
distance_sma_200d_sector_neutral,2015-02-27,2,10,-0.0024566080854756646,-0.009304311397257403,-0.012174922229663664
distance_sma_200d_sector_neutral,2015-02-27,3,10,0.018230954027406942,0.008108430820030321,0.008512639883218941
distance_sma_200d_sector_neutral,2015-02-27,4,10,-0.010593735120351023,-0.00014534991452291868,-0.02031204926453902
distance_sma_200d_sector_neutral,2015-02-27,5,10,0.010361854558782158,0.016557077684232313,0.000643540414594157
distance_sma_200d_sector_neutral,2015-03-31,1,10,0.06324458247978851,0.03812781460884124,0.060753675497016026
distance_sma_200d_sector_neutral,2015-03-31,2,10,0.05503858682048875,0.028225519138145694,0.052547679837716244
distance_sma_200d_sector_neutral,2015-03-31,3,10,0.002471346497069593,0.0034110910730825728,-1.956048570289637e-05
distance_sma_200d_sector_neutral,2015-03-31,4,10,0.005453922046172843,-0.01635803457727314,0.002963015063400354
distance_sma_200d_sector_neutral,2015-03-31,5,10,-0.03056715748750364,-0.04035486072459371,-0.03305806447027613
distance_sma_200d_sector_neutral,2015-04-30,1,10,0.0005060091235682185,-0.005648482827889323,0.021642799809052905
distance_sma_200d_sector_neutral,2015-04-30,2,10,-0.023254269641564518,-0.014503854360551793,-0.0021174789560798324
distance_sma_200d_sector_neutral,2015-04-30,3,10,-0.013008608654285958,-0.01059906933352095,0.008128182031198727
distance_sma_200d_sector_neutral,2015-04-30,4,10,0.009312168577771307,0.018257585696913492,0.03044895926325599
distance_sma_200d_sector_neutral,2015-04-30,5,10,0.041276040201701336,0.014486975564977356,0.06241283088718602
distance_sma_200d_sector_neutral,2015-05-29,1,10,-0.006360782776549301,-0.02305963019259827,-0.0323992782088748
distance_sma_200d_sector_neutral,2015-05-29,2,10,-0.0018162312557313599,-0.010653314992687679,-0.027854726688056865
distance_sma_200d_sector_neutral,2015-05-29,3,10,0.011392097774501952,0.015099391232563153,-0.014646397657823551
distance_sma_200d_sector_neutral,2015-05-29,4,10,0.014537261422892222,0.01682227528219632,-0.011501234009433281
distance_sma_200d_sector_neutral,2015-05-29,5,10,0.007578459689894035,0.0004928790284859375,-0.01846003574243147
distance_sma_200d_sector_neutral,2015-06-30,1,10,0.022250123754321005,-0.0034704411689167047,0.05618232781056265
distance_sma_200d_sector_neutral,2015-06-30,2,10,-0.0018455043984272,0.01018321763204677,0.032086699657814445
distance_sma_200d_sector_neutral,2015-06-30,3,10,-0.013742117463684523,0.0023144458122618117,0.02019008659255712
distance_sma_200d_sector_neutral,2015-06-30,4,10,-0.01483665192978557,0.011759133940489552,0.019095552126456073
distance_sma_200d_sector_neutral,2015-06-30,5,10,0.00866309699904696,-0.02237193398436199,0.0425953010552886
distance_sma_200d_sector_neutral,2015-07-31,1,10,-0.00998853122426494,-0.004438404378568794,-0.06352261896813624
distance_sma_200d_sector_neutral,2015-07-31,2,10,0.00704384800260901,-0.014279376677518552,-0.0464902397412623
distance_sma_200d_sector_neutral,2015-07-31,3,10,-0.0020962240534369682,-0.011670014519524596,-0.05563031179730828
distance_sma_200d_sector_neutral,2015-07-31,4,10,-0.004087763758110918,-0.0009481185287816829,-0.05762185150198222
distance_sma_200d_sector_neutral,2015-07-31,5,10,0.015873290007950635,0.012245962619569783,-0.03766079773592067
distance_sma_200d_sector_neutral,2015-08-31,1,10,0.0019496655184424005,0.006764032630542316,-0.005771728020282074
distance_sma_200d_sector_neutral,2015-08-31,2,10,-0.007235319337616952,-0.007353863074540279,-0.014956712876341427
distance_sma_200d_sector_neutral,2015-08-31,3,10,-0.040609993109164674,-0.021750327174833328,-0.04833138664788915
distance_sma_200d_sector_neutral,2015-08-31,4,10,-0.0011888517891811667,0.019731326091038115,-0.00891024532790564
distance_sma_200d_sector_neutral,2015-08-31,5,10,-0.001533812707190174,0.004491969401082263,-0.009255206245914648
distance_sma_200d_sector_neutral,2015-09-30,1,10,-0.014984213640071176,0.020557741219317638,0.076458197096145
distance_sma_200d_sector_neutral,2015-09-30,2,10,0.0014756409411313288,-0.004950569508671787,0.0929180516773475
distance_sma_200d_sector_neutral,2015-09-30,3,10,-0.008124768262337934,0.011772893443987686,0.08331764247387824
distance_sma_200d_sector_neutral,2015-09-30,4,10,0.015643134559503658,-0.002810241469349384,0.10708554529571983
distance_sma_200d_sector_neutral,2015-09-30,5,10,-0.024056587104779627,-0.03408698681649114,0.06738582363143655
distance_sma_200d_sector_neutral,2015-10-30,1,10,-0.011005736987198455,-0.009042134573161054,0.010310417332489464
distance_sma_200d_sector_neutral,2015-10-30,2,10,-0.006034802415055629,-0.014772967995908992,0.01528135190463229
distance_sma_200d_sector_neutral,2015-10-30,3,10,-0.003922669153881164,0.0007016737087991443,0.017393485165806754
distance_sma_200d_sector_neutral,2015-10-30,4,10,0.015574908284559319,0.0034799589673315534,0.03689106260424724
distance_sma_200d_sector_neutral,2015-10-30,5,10,0.024505815657720264,0.005968609262486657,0.045821969977408186
distance_sma_200d_sector_neutral,2015-11-30,1,10,-0.021951919980133915,-0.00981840425441477,-0.013531387834039742
distance_sma_200d_sector_neutral,2015-11-30,2,10,0.011216676094656519,0.002608161363012451,0.019637208240750693
distance_sma_200d_sector_neutral,2015-11-30,3,10,-0.02168601951587886,-0.008870400332785966,-0.01326548736978469
distance_sma_200d_sector_neutral,2015-11-30,4,10,-0.0068059028800852685,0.00490990369937816,0.0016146292660089046
distance_sma_200d_sector_neutral,2015-11-30,5,10,-0.0009927495975505574,0.006720280272747181,0.007427782548543616
distance_sma_200d_sector_neutral,2015-12-31,1,10,-0.015701594114574967,-0.018286574542724476,-0.09011781961292312
distance_sma_200d_sector_neutral,2015-12-31,2,10,0.008790941859242719,0.02603926881164076,-0.06562528363910543
distance_sma_200d_sector_neutral,2015-12-31,3,10,-0.00058093450990232,0.013476853946327139,-0.07499716000825046
distance_sma_200d_sector_neutral,2015-12-31,4,10,0.04324522810147587,0.060362453747444145,-0.03117099739687227
distance_sma_200d_sector_neutral,2015-12-31,5,10,-0.00751808729676331,-0.006858141633538928,-0.08193431279511146
distance_sma_200d_sector_neutral,2016-01-29,1,10,0.023236731923159892,0.021980550875821847,0.03999499193584655
distance_sma_200d_sector_neutral,2016-01-29,2,10,0.00854031348196781,0.00701401912639954,0.025298573494654465
distance_sma_200d_sector_neutral,2016-01-29,3,10,-0.021687279268583583,-0.020336719964802297,-0.004929019255896927
distance_sma_200d_sector_neutral,2016-01-29,4,10,0.006378479329178966,0.0027651921701900006,0.02313673934186562
distance_sma_200d_sector_neutral,2016-01-29,5,10,-0.004937513432751906,-0.010412055830804623,0.01182074657993475
distance_sma_200d_sector_neutral,2016-02-29,1,10,0.006094600439625697,0.0007526464110155784,0.08328719276892368
distance_sma_200d_sector_neutral,2016-02-29,2,10,0.001771163976644674,0.0009623393169589933,0.07896375630594266
distance_sma_200d_sector_neutral,2016-02-29,3,10,0.004771078117116389,-0.003966692904453839,0.08196367044641437
distance_sma_200d_sector_neutral,2016-02-29,4,10,-0.0009179946782628346,0.0028608655332855726,0.07627459765103514
distance_sma_200d_sector_neutral,2016-02-29,5,10,0.006123363284028183,-0.003947006225850869,0.08331595561332616
distance_sma_200d_sector_neutral,2016-03-31,1,10,0.015717448904844167,0.03526957346135995,0.027072925967317696
distance_sma_200d_sector_neutral,2016-03-31,2,10,0.011480021292319554,-0.005622971260802689,0.022835498354793083
distance_sma_200d_sector_neutral,2016-03-31,3,10,-0.008069543892900743,-0.005407541832979201,0.0032859331695727855
distance_sma_200d_sector_neutral,2016-03-31,4,10,-0.0225282961633237,-0.009770420938837343,-0.011172819100850172
distance_sma_200d_sector_neutral,2016-03-31,5,10,0.005559608361749191,0.012114793099541776,0.01691508542422272
distance_sma_200d_sector_neutral,2016-04-29,1,10,0.006118647303962765,-0.0019934178559437576,0.01817072112319833
distance_sma_200d_sector_neutral,2016-04-29,2,10,-0.00847799122588554,-0.018744418091050374,0.0035740825933500255
distance_sma_200d_sector_neutral,2016-04-29,3,10,0.005635482368326894,0.008931143740005143,0.01768755618756246
distance_sma_200d_sector_neutral,2016-04-29,4,10,-0.003966117222100618,-0.0071184557239674096,0.008085956597134947
distance_sma_200d_sector_neutral,2016-04-29,5,10,0.036753294971457774,0.0018150471365981913,0.04880536879069334
distance_sma_200d_sector_neutral,2016-05-31,1,10,-0.018205893604476796,-0.023365630498968226,-0.019502146243133865
distance_sma_200d_sector_neutral,2016-05-31,2,10,-0.012586078414952562,-0.0031086674363169364,-0.013882331053609632
distance_sma_200d_sector_neutral,2016-05-31,3,10,-0.0072461876372522434,0.002776158999357403,-0.008542440275909313
distance_sma_200d_sector_neutral,2016-05-31,4,10,-0.0005591576510318719,0.0028956511013692454,-0.0018554102896889413
distance_sma_200d_sector_neutral,2016-05-31,5,10,0.006217573647661767,0.012414872600003124,0.004921321009004697
distance_sma_200d_sector_neutral,2016-06-30,1,10,0.013688414523537418,0.025149952089056127,0.06078429297915078
distance_sma_200d_sector_neutral,2016-06-30,2,10,0.008585201848117086,0.019694029722999273,0.055681080303730444
distance_sma_200d_sector_neutral,2016-06-30,3,10,0.0024636627744236473,-0.011417671938779628,0.04955954123003701
distance_sma_200d_sector_neutral,2016-06-30,4,10,-0.026917870637530872,-0.031700349689840035,0.02017800781808249
distance_sma_200d_sector_neutral,2016-06-30,5,10,0.005418527999613287,-0.008127709712064668,0.05251440645522665
distance_sma_200d_sector_neutral,2016-07-29,1,10,0.004334270053101608,0.007850227064085447,0.015072728286750214
distance_sma_200d_sector_neutral,2016-07-29,2,10,0.024709184112811332,0.02717910937752055,0.03544764234645994
distance_sma_200d_sector_neutral,2016-07-29,3,10,-0.010852751344258194,-0.010471081200523702,-0.0001142931106095868
distance_sma_200d_sector_neutral,2016-07-29,4,10,-0.009538800340985231,-0.028998039881339366,0.0011996578926633749
distance_sma_200d_sector_neutral,2016-07-29,5,10,-0.0034414481290257924,-0.004759642511711459,0.007297010104622814
distance_sma_200d_sector_neutral,2016-08-31,1,10,0.0017108382225568652,-0.004509695019576487,0.006141892373801983
distance_sma_200d_sector_neutral,2016-08-31,2,10,-0.024868090142094245,-0.004304196917895853,-0.020437035990849128
distance_sma_200d_sector_neutral,2016-08-31,3,10,-0.011555363364429305,0.0009818859427795923,-0.007124309213184188
distance_sma_200d_sector_neutral,2016-08-31,4,10,0.000416235193597958,-0.0048989565948102665,0.004847289344843075
distance_sma_200d_sector_neutral,2016-08-31,5,10,0.033164881865753906,0.01456035872769157,0.037595936016999024
distance_sma_200d_sector_neutral,2016-09-30,1,10,0.014439785716782227,0.01764508546129151,-9.265224225823987e-05
distance_sma_200d_sector_neutral,2016-09-30,2,10,-0.02517789168160095,-0.013076292634179698,-0.03971032964064142
distance_sma_200d_sector_neutral,2016-09-30,3,10,0.03203234347681403,0.01657582742364927,0.017499905517773563
distance_sma_200d_sector_neutral,2016-09-30,4,10,0.0011359704598467024,0.006166491483788061,-0.013396467499193765
distance_sma_200d_sector_neutral,2016-09-30,5,10,-0.0019360656359381668,-0.011055993752321469,-0.016468503594978635
distance_sma_200d_sector_neutral,2016-10-31,1,10,0.032857288597503684,0.03377427005787614,0.06302584923892106
distance_sma_200d_sector_neutral,2016-10-31,2,10,-0.041393561298176285,-0.05587749073376269,-0.01122500065675891
distance_sma_200d_sector_neutral,2016-10-31,3,10,0.006932501668950597,0.033187256445118996,0.03710106231036797
distance_sma_200d_sector_neutral,2016-10-31,4,10,-0.0068128030108154936,-0.04414266960295271,0.02335575763060188
distance_sma_200d_sector_neutral,2016-10-31,5,10,0.045033006285066346,0.010788695921953417,0.07520156692648372
distance_sma_200d_sector_neutral,2016-11-30,1,10,0.013342004671358865,0.00370134366834729,0.03561610057451996
distance_sma_200d_sector_neutral,2016-11-30,2,10,-0.004229268383163376,-0.0040340231315236785,0.018044827519997718
distance_sma_200d_sector_neutral,2016-11-30,3,10,0.013183519119545229,0.017918470650681084,0.03545761502270632
distance_sma_200d_sector_neutral,2016-11-30,4,10,-0.012889357179864802,-0.002180252252518722,0.009384738723296293
distance_sma_200d_sector_neutral,2016-11-30,5,10,0.015914551091856723,0.006358350556084469,0.03818864699501782
distance_sma_200d_sector_neutral,2016-12-30,1,10,0.03231897820233709,0.01891930112153628,0.055046410555111946
distance_sma_200d_sector_neutral,2016-12-30,2,10,0.010070440964497352,0.0027924696426295803,0.03279787331727221
distance_sma_200d_sector_neutral,2016-12-30,3,10,-0.047670693111825035,-0.047674487660656184,-0.02494326075905018
distance_sma_200d_sector_neutral,2016-12-30,4,10,0.022860058281837237,0.013941412378440488,0.04558749063461209
distance_sma_200d_sector_neutral,2016-12-30,5,10,0.004526877433632903,0.006834799902933675,0.02725430978640776
distance_sma_200d_sector_neutral,2017-01-31,1,10,0.00962825236275675,0.008976142239550566,0.05780464858259469
distance_sma_200d_sector_neutral,2017-01-31,2,10,0.00464315967339306,-0.0005504223864705171,0.05281955589323099
distance_sma_200d_sector_neutral,2017-01-31,3,10,-0.004961048291414782,-0.0011678218106980776,0.04321534792842315
distance_sma_200d_sector_neutral,2017-01-31,4,10,0.005023010188777965,0.0037054919657402152,0.0531994064086159
distance_sma_200d_sector_neutral,2017-01-31,5,10,-0.014707028497212482,-0.01760124466491264,0.03346936772262545
distance_sma_200d_sector_neutral,2017-02-28,1,10,0.01903576183767619,0.009372671523609766,0.02395582659783102
distance_sma_200d_sector_neutral,2017-02-28,2,10,0.001964131881262854,0.00734998574182999,0.006884196641417683
distance_sma_200d_sector_neutral,2017-02-28,3,10,-0.0007547092851297621,-0.001655510490115697,0.004165355475025068
distance_sma_200d_sector_neutral,2017-02-28,4,10,-0.013520562798493119,-0.012048183818282654,-0.008600498038338289
distance_sma_200d_sector_neutral,2017-02-28,5,10,0.0022212340038758605,0.006324096300173665,0.00714129876403069
distance_sma_200d_sector_neutral,2017-03-31,1,10,-0.00014026616711673156,0.0033499552274305344,0.02807911138596251
distance_sma_200d_sector_neutral,2017-03-31,2,10,-0.0031557651784392404,-0.009019528496239215,0.02506361237464
distance_sma_200d_sector_neutral,2017-03-31,3,10,-0.013815025025320305,-0.0075317279909163926,0.014404352527758934
distance_sma_200d_sector_neutral,2017-03-31,4,10,0.00407264026525127,0.018192435245626637,0.03229201781833051
distance_sma_200d_sector_neutral,2017-03-31,5,10,-0.0006408289754807229,0.0,0.027578548577598515
distance_sma_200d_sector_neutral,2017-04-28,1,10,-0.007341808548070083,-0.012134416645777524,0.01807321387254136
distance_sma_200d_sector_neutral,2017-04-28,2,10,-0.034008200674241054,-0.027933391697031573,-0.008593178253629607
distance_sma_200d_sector_neutral,2017-04-28,3,10,-0.004905152025646264,-0.013210957063803153,0.020509870394965178
distance_sma_200d_sector_neutral,2017-04-28,4,10,-0.006847460121860471,0.007828480563239815,0.01856756229875097
distance_sma_200d_sector_neutral,2017-04-28,5,10,0.05148886362794082,0.033897791359483787,0.07690388604855226
distance_sma_200d_sector_neutral,2017-05-31,1,10,0.01741725341917678,0.00568850032220225,0.013234116652957716
distance_sma_200d_sector_neutral,2017-05-31,2,10,0.01909075592617514,-0.0024940611612667696,0.014907619159956077
distance_sma_200d_sector_neutral,2017-05-31,3,10,0.01852051881825083,0.0010804155503043589,0.014337382052031767
distance_sma_200d_sector_neutral,2017-05-31,4,10,0.014411476723606143,0.0031895472395090385,0.010228339957387079
distance_sma_200d_sector_neutral,2017-05-31,5,10,-0.015873384411596136,-0.005644302770553056,-0.0200565211778152
distance_sma_200d_sector_neutral,2017-06-30,1,10,-0.007840526531155656,-0.01028128384169058,0.013965911692848198
distance_sma_200d_sector_neutral,2017-06-30,2,10,-0.009248369411813173,-0.0031963368263566716,0.012558068812190681
distance_sma_200d_sector_neutral,2017-06-30,3,10,0.005975756025970991,0.004241743782783636,0.027782194249974846
distance_sma_200d_sector_neutral,2017-06-30,4,10,0.0343483221337242,0.012931470022205183,0.056154760357728054
distance_sma_200d_sector_neutral,2017-06-30,5,10,-0.0009637311301176399,0.00047308975179993773,0.020842707093886213
distance_sma_200d_sector_neutral,2017-07-31,1,10,-0.016546431714724218,-0.012875528520619961,-0.017197186895036985
distance_sma_200d_sector_neutral,2017-07-31,2,10,-0.012882571480582505,0.0020885788571742836,-0.013533326660895273
distance_sma_200d_sector_neutral,2017-07-31,3,10,0.006238914734215961,0.006981812369512674,0.005588159553903194
distance_sma_200d_sector_neutral,2017-07-31,4,10,0.0038569300570648222,-0.004730966617238153,0.0032061748767520546
distance_sma_200d_sector_neutral,2017-07-31,5,10,0.015057758919870611,0.02095424824430947,0.014407003739557844
distance_sma_200d_sector_neutral,2017-08-31,1,10,0.018532690625268532,0.012019356626998379,0.03953633212023357
distance_sma_200d_sector_neutral,2017-08-31,2,10,0.03799593877507562,0.03930768354721148,0.05899958027004065
distance_sma_200d_sector_neutral,2017-08-31,3,10,-0.001939504092087907,-0.01567236618260759,0.019064137402877122
distance_sma_200d_sector_neutral,2017-08-31,4,10,0.008568267032987997,-0.0064127787529224545,0.02957190852795303
distance_sma_200d_sector_neutral,2017-08-31,5,10,-0.008478977229826556,-0.009201687965940675,0.012524664265138475
distance_sma_200d_sector_neutral,2017-09-29,1,10,-0.02955642913523051,-0.020689211696926946,0.009401304811039157
distance_sma_200d_sector_neutral,2017-09-29,2,10,-0.006222529156428192,0.0025207470229691165,0.032735204789841474
distance_sma_200d_sector_neutral,2017-09-29,3,10,0.01632918126632694,0.025539195359122968,0.05528691521259661
distance_sma_200d_sector_neutral,2017-09-29,4,10,0.003558883557816095,-0.011622287758074501,0.042516617504085766
distance_sma_200d_sector_neutral,2017-09-29,5,10,0.014017350203968226,0.01563917015265004,0.0529750841502379
distance_sma_200d_sector_neutral,2017-10-31,1,10,0.042687122688979715,0.012087177672352567,0.0717254553804663
distance_sma_200d_sector_neutral,2017-10-31,2,10,0.004679238086353343,0.007711963331623384,0.033717570777839934
distance_sma_200d_sector_neutral,2017-10-31,3,10,0.007255675470836076,0.0014079638640780434,0.036294008162322665
distance_sma_200d_sector_neutral,2017-10-31,4,10,-0.011593312749105689,-0.007773892230247492,0.0174450199423809
distance_sma_200d_sector_neutral,2017-10-31,5,10,0.004826600895530275,0.00888883908259408,0.033864933587016866
distance_sma_200d_sector_neutral,2017-11-30,1,10,0.013514020833334394,0.010709137836955374,0.03463408673716482
distance_sma_200d_sector_neutral,2017-11-30,2,10,-0.01559600027563055,-0.01078776983611296,0.0055240656281998705
distance_sma_200d_sector_neutral,2017-11-30,3,10,0.013836712252065241,0.023903945488366052,0.034956778155895665
distance_sma_200d_sector_neutral,2017-11-30,4,10,0.015039672927778091,0.013164041373313506,0.036159738831608515
distance_sma_200d_sector_neutral,2017-11-30,5,10,-0.004568897259496529,-0.011125756225081385,0.01655116864433389
distance_sma_200d_sector_neutral,2017-12-29,1,10,-0.03778689825953585,-0.02154778788519296,0.028875943011441252
distance_sma_200d_sector_neutral,2017-12-29,2,10,-0.028432823861858157,-0.04819483907673461,0.038230017409118945
distance_sma_200d_sector_neutral,2017-12-29,3,10,0.0031740901822221667,0.011157956181112594,0.06983693145319927
distance_sma_200d_sector_neutral,2017-12-29,4,10,0.061830517798710405,0.023314517320246364,0.1284933590696875
distance_sma_200d_sector_neutral,2017-12-29,5,10,0.018374890100395315,0.0003460682415759031,0.08503773137137241
distance_sma_200d_sector_neutral,2018-01-31,1,10,0.005736875432461186,-0.0015417837532555878,-0.045936260630137137
distance_sma_200d_sector_neutral,2018-01-31,2,10,-0.020940188466336617,-0.019729953285472168,-0.07261332452893494
distance_sma_200d_sector_neutral,2018-01-31,3,10,-0.0015930688805377736,0.004490612494702673,-0.053266204943136095
distance_sma_200d_sector_neutral,2018-01-31,4,10,0.01957907243547833,0.03074402776956875,-0.032094063627119994
distance_sma_200d_sector_neutral,2018-01-31,5,10,0.004887703378559238,0.011417492603886858,-0.046785432684039084
distance_sma_200d_sector_neutral,2018-02-28,1,10,-0.011270601237905575,0.01107617354668372,-0.033317874467401754
distance_sma_200d_sector_neutral,2018-02-28,2,10,-0.00878403249430565,-0.009272789054181052,-0.030831305723801827
distance_sma_200d_sector_neutral,2018-02-28,3,10,-0.008696834610203185,-0.0032337311788853684,-0.030744107839699365
distance_sma_200d_sector_neutral,2018-02-28,4,10,0.007652851132869542,0.004026028207858079,-0.014394422096626636
distance_sma_200d_sector_neutral,2018-02-28,5,10,-0.007358289720830224,-0.005524960181542027,-0.029405562950326404
distance_sma_200d_sector_neutral,2018-03-29,1,10,0.012408557063140313,-0.002323374161570524,0.015376565275858234
distance_sma_200d_sector_neutral,2018-03-29,2,10,0.004500056992161883,-0.008856509378086186,0.0074680652048798035
distance_sma_200d_sector_neutral,2018-03-29,3,10,0.008983902965461098,0.00474895268872888,0.01195191117817902
distance_sma_200d_sector_neutral,2018-03-29,4,10,0.005558802274276964,-0.0023592361615067947,0.008526810486994885
distance_sma_200d_sector_neutral,2018-03-29,5,10,0.029085129958646226,0.03217839565323133,0.03205313817136415
distance_sma_200d_sector_neutral,2018-04-30,1,10,0.019607524048956392,0.007710016558876154,0.05529540683203395
distance_sma_200d_sector_neutral,2018-04-30,2,10,-0.018291694951729977,-0.026717681425243556,0.017396187831347575
distance_sma_200d_sector_neutral,2018-04-30,3,10,-0.003128306514221102,-0.019438403081718958,0.03255957626885645
distance_sma_200d_sector_neutral,2018-04-30,4,10,0.0037172081424777905,-0.003465103002873504,0.039405090925555344
distance_sma_200d_sector_neutral,2018-04-30,5,10,0.014327231184434441,0.0046812739197189535,0.050015113967511994
distance_sma_200d_sector_neutral,2018-05-31,1,10,0.012126429018212726,0.002517986513094872,0.02536573200798222
distance_sma_200d_sector_neutral,2018-05-31,2,10,-0.010611165279527213,-0.005776077938287827,0.0026281377102422843
distance_sma_200d_sector_neutral,2018-05-31,3,10,0.0014855834157184056,0.015069786035382227,0.014724886405487903
distance_sma_200d_sector_neutral,2018-05-31,4,10,-0.027193566689381287,-0.018790737579797878,-0.01395426369961179
distance_sma_200d_sector_neutral,2018-05-31,5,10,0.022222643021503043,0.02013796127268641,0.03546194601127254
distance_sma_200d_sector_neutral,2018-06-29,1,10,0.01910439569256811,0.03530379052382604,0.06522216700327715
distance_sma_200d_sector_neutral,2018-06-29,2,10,-0.025966321662170944,0.0013716401664716216,0.0201514496485381
distance_sma_200d_sector_neutral,2018-06-29,3,10,0.00798854308497684,0.003182303455751323,0.05410631439568588
distance_sma_200d_sector_neutral,2018-06-29,4,10,0.009881898220200136,0.010399078835809927,0.05599966953090918
distance_sma_200d_sector_neutral,2018-06-29,5,10,-0.029371867411683194,-0.009480768732543776,0.01674590389902585
distance_sma_200d_sector_neutral,2018-07-31,1,10,-0.01085898806860901,-0.006832125792918697,0.017538504981015345
distance_sma_200d_sector_neutral,2018-07-31,2,10,0.0024388050198977385,0.0004264626134552474,0.030836298069522095
distance_sma_200d_sector_neutral,2018-07-31,3,10,-0.004288305340942355,-0.01165135452056254,0.024109187708682
distance_sma_200d_sector_neutral,2018-07-31,4,10,0.013574359361085253,0.005681067331540501,0.04197185241070961
distance_sma_200d_sector_neutral,2018-07-31,5,10,0.03774403874402625,0.04576694814086568,0.06614153179365061
distance_sma_200d_sector_neutral,2018-08-31,1,10,0.003890846784152702,0.005830411894658827,0.02413457327024766
distance_sma_200d_sector_neutral,2018-08-31,2,10,-0.032141494573657,-0.026902743166967114,-0.011897768087562044
distance_sma_200d_sector_neutral,2018-08-31,3,10,0.02394315436375514,0.023380174172870083,0.0441868808498501
distance_sma_200d_sector_neutral,2018-08-31,4,10,0.005319856754907681,0.0052872368133356495,0.025563583241002642
distance_sma_200d_sector_neutral,2018-08-31,5,10,-0.001018698872871948,-0.0004487645504902549,0.019225027613223013
distance_sma_200d_sector_neutral,2018-09-28,1,10,0.042113371592082095,-0.008411017082726124,-0.052434282385109963
distance_sma_200d_sector_neutral,2018-09-28,2,10,0.05432363318865707,0.06015321789997913,-0.040224020788534987
distance_sma_200d_sector_neutral,2018-09-28,3,10,-0.0033206615222390436,-0.009607560726854314,-0.0978683154994311
distance_sma_200d_sector_neutral,2018-09-28,4,10,-0.010482937175975381,0.009207633710531071,-0.10503059115316744
distance_sma_200d_sector_neutral,2018-09-28,5,10,-0.03281891107385497,-0.034533187922592024,-0.12736656505104707
distance_sma_200d_sector_neutral,2018-10-31,1,10,-0.01299355498032615,0.0027368385298938147,0.029469167536893125
distance_sma_200d_sector_neutral,2018-10-31,2,10,-0.01661124698648849,0.020987484997022965,0.025851475530730784
distance_sma_200d_sector_neutral,2018-10-31,3,10,-0.009889283451816833,-0.011389520502604777,0.03257343906540244
distance_sma_200d_sector_neutral,2018-10-31,4,10,-0.018058480550809365,-0.009797924474141295,0.02440424196640991
distance_sma_200d_sector_neutral,2018-10-31,5,10,-0.02348694447949291,-0.0016141474870190464,0.018975778037726366
distance_sma_200d_sector_neutral,2018-11-30,1,10,0.002599387236102968,0.00917570713201038,-0.1010869160528532
distance_sma_200d_sector_neutral,2018-11-30,2,10,-0.008489180961007804,-0.017677727172703717,-0.11217548424996397
distance_sma_200d_sector_neutral,2018-11-30,3,10,0.005347441470461467,-0.001751811642770107,-0.0983388618184947
distance_sma_200d_sector_neutral,2018-11-30,4,10,0.017284477345204007,0.02494324882699006,-0.08640182594375216
distance_sma_200d_sector_neutral,2018-11-30,5,10,0.0015554673842700152,-0.005054411294180605,-0.10213083590468615
distance_sma_200d_sector_neutral,2018-12-31,1,10,0.0626054433207931,0.04382522923523913,0.13110337058234056
distance_sma_200d_sector_neutral,2018-12-31,2,10,0.013422638337018511,0.02073404746939056,0.08192056559856598
distance_sma_200d_sector_neutral,2018-12-31,3,10,-0.015778452002594978,-0.017947960756092507,0.052719475258952486
distance_sma_200d_sector_neutral,2018-12-31,4,10,-0.006590301294321277,0.01304873350918323,0.06190762596722619
distance_sma_200d_sector_neutral,2018-12-31,5,10,-0.055788472610382014,-0.04833682311474574,0.012709454651165453
distance_sma_200d_sector_neutral,2019-01-31,1,10,-0.0030164524531224313,-0.0031938509326776554,0.036184051067185696
distance_sma_200d_sector_neutral,2019-01-31,2,10,-0.017873670165601485,-0.009173087445645267,0.021326833354706642
distance_sma_200d_sector_neutral,2019-01-31,3,10,-0.014427461712084356,-0.0016152671727718282,0.024773041808223772
distance_sma_200d_sector_neutral,2019-01-31,4,10,0.01260501778566402,0.022218289073872133,0.051805521305972144
distance_sma_200d_sector_neutral,2019-01-31,5,10,0.005634805718899139,0.0031225931270345564,0.04483530923920727
distance_sma_200d_sector_neutral,2019-02-28,1,10,0.01681184330516111,0.0035376017954040773,0.046899494769242656
distance_sma_200d_sector_neutral,2019-02-28,2,10,-0.02289369940092619,-0.01157365117912279,0.007193952063155351
distance_sma_200d_sector_neutral,2019-02-28,3,10,-0.01710988412736585,-0.013801042370407357,0.012977767336715695
distance_sma_200d_sector_neutral,2019-02-28,4,10,0.004073434462277115,0.008027716103356841,0.03416108592635866
distance_sma_200d_sector_neutral,2019-02-28,5,10,0.0046707209958247176,0.00010195213871833086,0.03475837245990626
distance_sma_200d_sector_neutral,2019-03-29,1,10,0.0071313148796078975,-0.03328938027237105,0.05005711406823417
distance_sma_200d_sector_neutral,2019-03-29,2,10,0.03920434112395663,0.038515750807604276,0.0821301403125829
distance_sma_200d_sector_neutral,2019-03-29,3,10,0.0012117635428403495,-0.0055866185061725915,0.044137562731466615
distance_sma_200d_sector_neutral,2019-03-29,4,10,0.0062934212661034826,-0.0018280710340531359,0.04921922045472975
distance_sma_200d_sector_neutral,2019-03-29,5,10,-0.022184915215273982,-0.0012985461939341025,0.020740883973352286
distance_sma_200d_sector_neutral,2019-04-30,1,10,-0.03720120930327394,-0.02325025527071023,-0.0892826353390975
distance_sma_200d_sector_neutral,2019-04-30,2,10,-0.005982846015942867,-0.011247205229209134,-0.05806427205176642
distance_sma_200d_sector_neutral,2019-04-30,3,10,0.017538139424258394,0.024015487045708106,-0.03454328661156516
distance_sma_200d_sector_neutral,2019-04-30,4,10,-0.009407586629102582,0.003373166274687478,-0.06148901266492614
distance_sma_200d_sector_neutral,2019-04-30,5,10,-0.007158870843356524,0.02025268313880907,-0.059240296879180074
distance_sma_200d_sector_neutral,2019-05-31,1,10,0.020789137733940633,0.03184721275096536,0.10979141969128611
distance_sma_200d_sector_neutral,2019-05-31,2,10,-0.003325194499073203,0.0018648757659571746,0.0856770874582723
distance_sma_200d_sector_neutral,2019-05-31,3,10,-0.01125581930538112,-0.0246732110487472,0.07774646265196437
distance_sma_200d_sector_neutral,2019-05-31,4,10,-0.008262217716219312,-0.009018435670004044,0.08074006424112619
distance_sma_200d_sector_neutral,2019-05-31,5,10,0.00038201936999020524,-0.0038303745998473637,0.0893843013273357
distance_sma_200d_sector_neutral,2019-06-28,1,10,0.017976752785249017,0.020439920540667567,0.05407227960290384
distance_sma_200d_sector_neutral,2019-06-28,2,10,-0.010488585899067548,0.004099605365937897,0.025606940918587274
distance_sma_200d_sector_neutral,2019-06-28,3,10,-0.024937016458371087,-0.01793457284868749,0.011158510359283735
distance_sma_200d_sector_neutral,2019-06-28,4,10,0.0029191560047391986,0.00863515823087213,0.03901468282239402
distance_sma_200d_sector_neutral,2019-06-28,5,10,-0.01922971533592751,-0.012904578795990274,0.016865811481727312
distance_sma_200d_sector_neutral,2019-07-31,1,10,-0.02505368186158301,-0.011798648773957754,-0.03624084415462368
distance_sma_200d_sector_neutral,2019-07-31,2,10,-0.01577533104211265,-0.012651008820601939,-0.026962493335153326
distance_sma_200d_sector_neutral,2019-07-31,3,10,-0.007272623395024358,-0.007036290999681838,-0.018459785688065035
distance_sma_200d_sector_neutral,2019-07-31,4,10,0.020752546417395212,0.032963232980049384,0.009565384124354537
distance_sma_200d_sector_neutral,2019-07-31,5,10,0.015010153887005218,0.015066268473618583,0.003822991593964542
distance_sma_200d_sector_neutral,2019-08-30,1,10,0.020572630531288348,0.024147436810949552,0.027296482939303
distance_sma_200d_sector_neutral,2019-08-30,2,10,-0.011084743622498672,-0.015533393623391512,-0.0043608912144840195
distance_sma_200d_sector_neutral,2019-08-30,3,10,0.027832496908344807,0.02617626127082906,0.03455634931635946
distance_sma_200d_sector_neutral,2019-08-30,4,10,-0.01585073782069717,-0.02153183426333516,-0.009126885412682518
distance_sma_200d_sector_neutral,2019-08-30,5,10,-0.023253488295743675,-0.02966785199303623,-0.016529635887729023
distance_sma_200d_sector_neutral,2019-09-30,1,10,0.055993348112151634,0.03113008785132887,0.07210271143918535
distance_sma_200d_sector_neutral,2019-09-30,2,10,0.015797678329296305,-0.016693851303097917,0.03190704165633003
distance_sma_200d_sector_neutral,2019-09-30,3,10,0.002123927735944231,0.00034732124113767693,0.01823329106297795
distance_sma_200d_sector_neutral,2019-09-30,4,10,-0.005854693497595575,-0.005023721882461807,0.010254669829438146
distance_sma_200d_sector_neutral,2019-09-30,5,10,-0.006999249756857196,-0.0031506528875887563,0.009110113570176525
distance_sma_200d_sector_neutral,2019-10-31,1,10,-0.004952724047643142,-0.008743802194579375,0.023093276947214404
distance_sma_200d_sector_neutral,2019-10-31,2,10,-0.0027273705044734363,0.003040043361630107,0.02531863049038411
distance_sma_200d_sector_neutral,2019-10-31,3,10,0.030922860584676415,0.01364419246746329,0.05896886157953396
distance_sma_200d_sector_neutral,2019-10-31,4,10,-0.003202815349948052,-0.002308664619498635,0.024843185644909494
distance_sma_200d_sector_neutral,2019-10-31,5,10,-0.0044190792845608005,-0.0027334715299803802,0.023626921710296744
distance_sma_200d_sector_neutral,2019-11-29,1,10,0.025868836401052697,0.016229430282492907,0.053040534230819725
distance_sma_200d_sector_neutral,2019-11-29,2,10,-0.008341120624708088,-0.009734938530147286,0.01883057720505894
distance_sma_200d_sector_neutral,2019-11-29,3,10,-0.004273699029249278,-0.0046563060458456595,0.02289799880051775
distance_sma_200d_sector_neutral,2019-11-29,4,10,-0.006316768880761348,-0.007777580792693417,0.02085492894900568
distance_sma_200d_sector_neutral,2019-11-29,5,10,0.03684238119755332,0.029047653570486776,0.06401407902732034
distance_sma_200d_sector_neutral,2019-12-31,1,10,0.031120572904989853,0.032584734835112816,0.024532781153156304
distance_sma_200d_sector_neutral,2019-12-31,2,10,-0.035314310164117214,-0.02309953856844227,-0.041902101915950764
distance_sma_200d_sector_neutral,2019-12-31,3,10,0.019346938416045723,0.043326117261178965,0.012759146664212174
distance_sma_200d_sector_neutral,2019-12-31,4,10,0.013393972412550826,-7.963344478306711e-05,0.006806180660717276
distance_sma_200d_sector_neutral,2019-12-31,5,10,0.030105153443430586,-0.049544985659116525,0.023517361691597037
sma_50_200_spread_sector_neutral,2014-10-31,1,10,-0.01009556434764366,-0.0048580236855853,0.03361650230061234
sma_50_200_spread_sector_neutral,2014-10-31,2,10,0.010956471216711982,0.01387256446462981,0.05466853786496798
sma_50_200_spread_sector_neutral,2014-10-31,3,10,-0.029734427239557104,-0.018256599514904326,0.013977639408698894
sma_50_200_spread_sector_neutral,2014-10-31,4,10,0.008199735962617295,0.015538811455644286,0.05191180261087329
sma_50_200_spread_sector_neutral,2014-10-31,5,10,-0.01344643820132393,-0.011476420424528011,0.03026562844693207
sma_50_200_spread_sector_neutral,2014-11-28,1,10,-0.02705906217089644,-0.03668340943375059,-0.005009639287876078
sma_50_200_spread_sector_neutral,2014-11-28,2,10,-0.01082050417175382,-0.014936651286359626,0.011228918711266545
sma_50_200_spread_sector_neutral,2014-11-28,3,10,-0.014598153749709042,0.0005725814468886536,0.007451269133311322
sma_50_200_spread_sector_neutral,2014-11-28,4,10,0.00651356495853328,0.0077256104506269185,0.028562987841553644
sma_50_200_spread_sector_neutral,2014-11-28,5,10,-0.004659520985571863,0.0026330085799257663,0.0173899018974485
sma_50_200_spread_sector_neutral,2014-12-31,1,10,0.030474323381117684,0.0049666534784604255,0.021552136364300888
sma_50_200_spread_sector_neutral,2014-12-31,2,10,-0.018920822842501628,-0.009261808189673537,-0.027843009859318424
sma_50_200_spread_sector_neutral,2014-12-31,3,10,0.005341986819452693,0.015668259602465873,-0.003580200197364103
sma_50_200_spread_sector_neutral,2014-12-31,4,10,-0.024810149575400654,-0.02168427712466653,-0.03373233659221745
sma_50_200_spread_sector_neutral,2014-12-31,5,10,0.006283264451377546,0.005244975265339513,-0.0026389225654392503
sma_50_200_spread_sector_neutral,2015-01-30,1,10,-0.007421538297264485,-0.0016158936361433396,0.05305732152933802
sma_50_200_spread_sector_neutral,2015-01-30,2,10,0.01518830498232473,0.004777672361814922,0.07566716480892724
sma_50_200_spread_sector_neutral,2015-01-30,3,10,-0.04416567299177389,-0.045935011699397066,0.01631318683482862
sma_50_200_spread_sector_neutral,2015-01-30,4,10,-0.006274809862554187,0.001438864617844926,0.05420404996404832
sma_50_200_spread_sector_neutral,2015-01-30,5,10,0.029025529171172005,0.01304002259997361,0.0895043889977745
sma_50_200_spread_sector_neutral,2015-02-27,1,10,-0.029836915932773843,-0.021773892803953143,-0.03955523007696184
sma_50_200_spread_sector_neutral,2015-02-27,2,10,0.006804887083302647,0.0027711198960656547,-0.002913427060885354
sma_50_200_spread_sector_neutral,2015-02-27,3,10,-0.009035708517858421,-0.013638802110049086,-0.01875402266204642
sma_50_200_spread_sector_neutral,2015-02-27,4,10,0.021445191755400606,0.015229831243823155,0.011726877611212605
sma_50_200_spread_sector_neutral,2015-02-27,5,10,0.0125516727426223,0.016557077684232313,0.002833358598434299
sma_50_200_spread_sector_neutral,2015-03-31,1,10,0.060922283238915464,0.020157958159187472,0.058431376256142975
sma_50_200_spread_sector_neutral,2015-03-31,2,10,0.02210891762052286,0.027801916151271422,0.01961801063775037
sma_50_200_spread_sector_neutral,2015-03-31,3,10,-0.009996292887834523,-0.015709173414459876,-0.012487199870607013
sma_50_200_spread_sector_neutral,2015-03-31,4,10,0.05184404523210269,0.020189938527150397,0.0493531382493302
sma_50_200_spread_sector_neutral,2015-03-31,5,10,-0.029237672847690445,-0.03882366425010736,-0.031728579830462934
sma_50_200_spread_sector_neutral,2015-04-30,1,10,-0.004563914797073898,-0.010604516536529163,0.016572875888410787
sma_50_200_spread_sector_neutral,2015-04-30,2,10,-0.01601956113534899,-0.014503854360551793,0.005117229550135693
sma_50_200_spread_sector_neutral,2015-04-30,3,10,-0.013655892832391603,-0.003091092549368457,0.0074808978530930825
sma_50_200_spread_sector_neutral,2015-04-30,4,10,0.012732927176067044,0.009517402289295762,0.033869717861551726
sma_50_200_spread_sector_neutral,2015-04-30,5,10,0.036337781195937835,0.018853502598808358,0.05747457188142252
sma_50_200_spread_sector_neutral,2015-05-29,1,10,0.017773732142691366,0.0197526000334195,-0.008264763289634136
sma_50_200_spread_sector_neutral,2015-05-29,2,10,-0.01502402614228936,-0.01645220936676428,-0.04106252157461486
sma_50_200_spread_sector_neutral,2015-05-29,3,10,-0.0024530698908320605,-0.0055511686330971255,-0.028491565323157563
sma_50_200_spread_sector_neutral,2015-05-29,4,10,0.02742252129550097,0.03098808054875657,0.0013840258631754644
sma_50_200_spread_sector_neutral,2015-05-29,5,10,-0.0023883525500633662,-0.005735496743641877,-0.02842684798238887
sma_50_200_spread_sector_neutral,2015-06-30,1,10,0.03479364377123613,0.012390307947190204,0.06872584782747777
sma_50_200_spread_sector_neutral,2015-06-30,2,10,-0.0041303784097355915,0.0024536899854674665,0.029801825646506054
sma_50_200_spread_sector_neutral,2015-06-30,3,10,-0.03759512657640453,-0.019218270876147192,-0.0036629225201628814
sma_50_200_spread_sector_neutral,2015-06-30,4,10,0.000877252307669707,0.011759133940489552,0.03480945636391135
sma_50_200_spread_sector_neutral,2015-06-30,5,10,0.006543555868704953,-0.014869332697262094,0.0404757599249466
sma_50_200_spread_sector_neutral,2015-07-31,1,10,-0.007525342320398665,-0.004438404378568794,-0.06105943006426997
sma_50_200_spread_sector_neutral,2015-07-31,2,10,0.009111290601699273,-0.003552873057797501,-0.04442279714217203
sma_50_200_spread_sector_neutral,2015-07-31,3,10,-0.0020539607142636474,-0.003476960456708811,-0.055588048458134955
sma_50_200_spread_sector_neutral,2015-07-31,4,10,-0.008719129640400225,-0.013498407464920703,-0.06225321738427153
sma_50_200_spread_sector_neutral,2015-07-31,5,10,0.01593176104811008,0.008366294796488871,-0.037602326695761225
sma_50_200_spread_sector_neutral,2015-08-31,1,10,0.0022014105107706515,0.006764032630542316,-0.005519983027953823
sma_50_200_spread_sector_neutral,2015-08-31,2,10,-0.0010485386288442643,-0.0012119816621999346,-0.00876993216756874
sma_50_200_spread_sector_neutral,2015-08-31,3,10,-0.030018869430095206,-0.023868392542163164,-0.03774026296881968
sma_50_200_spread_sector_neutral,2015-08-31,4,10,-0.01501505785194257,-0.008148573187886698,-0.022736451390667045
sma_50_200_spread_sector_neutral,2015-08-31,5,10,-0.004737256024599179,0.005421502584309068,-0.012458649563323654
sma_50_200_spread_sector_neutral,2015-09-30,1,10,-0.01737975157452759,0.004101803462657427,0.07406265916168858
sma_50_200_spread_sector_neutral,2015-09-30,2,10,0.024508217528647225,0.02898577163538707,0.1159506282648634
sma_50_200_spread_sector_neutral,2015-09-30,3,10,-0.017638796050116513,-0.015904081296590933,0.07380361468609967
sma_50_200_spread_sector_neutral,2015-09-30,4,10,-0.014935851826014767,-0.007743696068694961,0.0765065589102014
sma_50_200_spread_sector_neutral,2015-09-30,5,10,-0.004600611584542102,-0.00046289827258183536,0.08684179915167407
sma_50_200_spread_sector_neutral,2015-10-30,1,10,-0.01764045440843587,-0.009042134573161054,0.0036756999112520505
sma_50_200_spread_sector_neutral,2015-10-30,2,10,-0.0034496112135851908,-0.0060123344064185735,0.01786654310610273
sma_50_200_spread_sector_neutral,2015-10-30,3,10,0.003180364397205948,0.00550961880098666,0.024496518716893866
sma_50_200_spread_sector_neutral,2015-10-30,4,10,-0.004684520779050816,-0.017841019021895554,0.016631633540637104
sma_50_200_spread_sector_neutral,2015-10-30,5,10,0.04171173739001026,0.02266773742468986,0.06302789170969818
sma_50_200_spread_sector_neutral,2015-11-30,1,10,-0.016373461836302672,-0.0022987558096307925,-0.007952929690208499
sma_50_200_spread_sector_neutral,2015-11-30,2,10,0.006157423858303946,-0.0042995291758578524,0.014577956004398119
sma_50_200_spread_sector_neutral,2015-11-30,3,10,-0.029144365735922793,-0.024679041417662362,-0.02072383358982862
sma_50_200_spread_sector_neutral,2015-11-30,4,10,0.0035613375628121393,0.015268965209120244,0.011981869708906311
sma_50_200_spread_sector_neutral,2015-11-30,5,10,-0.004420849727882703,0.004054644337337265,0.00399968241821147
sma_50_200_spread_sector_neutral,2015-12-31,1,10,-0.015701594114574967,-0.018286574542724476,-0.09011781961292312
sma_50_200_spread_sector_neutral,2015-12-31,2,10,-0.016417153497355917,-0.024494421650915588,-0.09083337899570407
sma_50_200_spread_sector_neutral,2015-12-31,3,10,0.04053990757570162,0.037922848729649905,-0.033876317922646525
sma_50_200_spread_sector_neutral,2015-12-31,4,10,0.0010266828033044795,-0.015339776602577515,-0.07338954269504366
sma_50_200_spread_sector_neutral,2015-12-31,5,10,0.018787711272402786,0.03801764595595741,-0.05562851422594536
sma_50_200_spread_sector_neutral,2016-01-29,1,10,0.030828067277186077,0.01554464579637671,0.047586327289872735
sma_50_200_spread_sector_neutral,2016-01-29,2,10,-0.00415335886884024,0.013449924205844677,0.012604901143846414
sma_50_200_spread_sector_neutral,2016-01-29,3,10,-0.007903204806511088,-0.020336719964802297,0.008855055206175567
sma_50_200_spread_sector_neutral,2016-01-29,4,10,-0.0023949174519633186,0.005688560604724446,0.014363342560723335
sma_50_200_spread_sector_neutral,2016-01-29,5,10,-0.00484585411690025,-0.015397918909608288,0.011912405895786404
sma_50_200_spread_sector_neutral,2016-02-29,1,10,0.003632374048916964,-0.016327846973877014,0.08082496637821494
sma_50_200_spread_sector_neutral,2016-02-29,2,10,0.017028446089098436,0.02131233100209562,0.09422103841839642
sma_50_200_spread_sector_neutral,2016-02-29,3,10,-0.03018366427124536,-0.026215598833768006,0.047008928058052624
sma_50_200_spread_sector_neutral,2016-02-29,4,10,0.017720920187191135,0.01250202050867566,0.09491351251648912
sma_50_200_spread_sector_neutral,2016-02-29,5,10,0.00964413508519093,0.0006495453955047692,0.08683672741448892
sma_50_200_spread_sector_neutral,2016-03-31,1,10,0.004392843963117376,0.031241562767284625,0.015748321025590907
sma_50_200_spread_sector_neutral,2016-03-31,2,10,-0.0029520317719312515,-0.0026267100707894064,0.008403445290542277
sma_50_200_spread_sector_neutral,2016-03-31,3,10,0.022082179778664446,0.010030950779142067,0.033437656841137975
sma_50_200_spread_sector_neutral,2016-03-31,4,10,-0.012710453206133931,-0.009770420938837343,-0.0013549761436604025
sma_50_200_spread_sector_neutral,2016-03-31,5,10,-0.008653300261028174,0.003519621500594039,0.002702176801445355
sma_50_200_spread_sector_neutral,2016-04-29,1,10,0.0052450515661844775,-0.004146778310505472,0.017297125385420043
sma_50_200_spread_sector_neutral,2016-04-29,2,10,-0.007647705389325077,-0.005626677865728458,0.004404368429910488
sma_50_200_spread_sector_neutral,2016-04-29,3,10,0.00991803967775925,0.015454752562815144,0.021970113496994813
sma_50_200_spread_sector_neutral,2016-04-29,4,10,-0.0021247124304638043,-0.005642163040014858,0.00992736138877176
sma_50_200_spread_sector_neutral,2016-04-29,5,10,0.030672642771606428,0.0018150471365981913,0.042724716590841996
sma_50_200_spread_sector_neutral,2016-05-31,1,10,-0.029696989593122548,-0.024550048774683364,-0.030993242231779617
sma_50_200_spread_sector_neutral,2016-05-31,2,10,-0.009494432882907156,-0.018749851255663308,-0.010790685521564225
sma_50_200_spread_sector_neutral,2016-05-31,3,10,0.002306352117305832,0.0051023476815564295,0.0010100994786487627
sma_50_200_spread_sector_neutral,2016-05-31,4,10,-0.008512497841405064,0.002155161599307842,-0.009808750480062134
sma_50_200_spread_sector_neutral,2016-05-31,5,10,0.013017824540077227,0.010574603644181058,0.011721571901420157
sma_50_200_spread_sector_neutral,2016-06-30,1,10,0.01203523741932433,0.018705244738667637,0.05913111587493769
sma_50_200_spread_sector_neutral,2016-06-30,2,10,-0.0029297501747120426,-0.01699722549135163,0.044166128280901315
sma_50_200_spread_sector_neutral,2016-06-30,3,10,-0.01201399692834777,-0.01871004380469299,0.03508188152726559
sma_50_200_spread_sector_neutral,2016-06-30,4,10,-7.728075554179759e-05,0.002543843022068115,0.047018597700071565
sma_50_200_spread_sector_neutral,2016-06-30,5,10,0.006223726947437847,-0.004101714972941872,0.05331960540305121
sma_50_200_spread_sector_neutral,2016-07-29,1,10,0.018610206555481502,0.023723221540440265,0.02934866478913011
sma_50_200_spread_sector_neutral,2016-07-29,2,10,-0.01491174033325372,-0.016039282489460238,-0.004173282099605114
sma_50_200_spread_sector_neutral,2016-07-29,3,10,-0.004362058460430351,-0.00044073011061518397,0.0063763997732182555
sma_50_200_spread_sector_neutral,2016-07-29,4,10,0.01785320558229766,0.014427602379202153,0.028591663815946265
sma_50_200_spread_sector_neutral,2016-07-29,5,10,-0.011979158992451366,-0.014999022042399446,-0.0012407007588027597
sma_50_200_spread_sector_neutral,2016-08-31,1,10,-0.0018707400504132444,0.0,0.002560314100831873
sma_50_200_spread_sector_neutral,2016-08-31,2,10,-0.034273193834493274,-0.02807994225156868,-0.02984213968324816
sma_50_200_spread_sector_neutral,2016-08-31,3,10,-0.00917044953136078,-0.022043991970098042,-0.004739395380115663
sma_50_200_spread_sector_neutral,2016-08-31,4,10,0.015179459629077085,0.015032165386761775,0.019610513780322202
sma_50_200_spread_sector_neutral,2016-08-31,5,10,0.029003425562575392,0.012285122959757144,0.033434479713820506
sma_50_200_spread_sector_neutral,2016-09-30,1,10,0.041225732748997546,0.01764508546129151,0.02669329478995708
sma_50_200_spread_sector_neutral,2016-09-30,2,10,-0.03230965961506874,-0.02803406440846029,-0.04684209757410921
sma_50_200_spread_sector_neutral,2016-09-30,3,10,0.02272147592324115,0.02191425430635008,0.008189037964200684
sma_50_200_spread_sector_neutral,2016-09-30,4,10,0.002544239673794546,-0.0017425325018047833,-0.011988198285245921
sma_50_200_spread_sector_neutral,2016-09-30,5,10,-0.013687646395060659,-0.024114115019467475,-0.028220084354101126
sma_50_200_spread_sector_neutral,2016-10-31,1,10,0.013079390535610635,0.015358046447970009,0.04324795117702801
sma_50_200_spread_sector_neutral,2016-10-31,2,10,0.010688346402386983,0.0293447301893921,0.04085690704380436
sma_50_200_spread_sector_neutral,2016-10-31,3,10,-0.04286573799030582,-0.07060300870010089,-0.012697177348888445
sma_50_200_spread_sector_neutral,2016-10-31,4,10,-0.0029727053011433637,-0.048243499550227886,0.027195855340274012
sma_50_200_spread_sector_neutral,2016-10-31,5,10,0.05868713859598042,0.05777355814923579,0.08885569923739779
sma_50_200_spread_sector_neutral,2016-11-30,1,10,0.005569735721461133,-0.0044716998284876075,0.02784383162462223
sma_50_200_spread_sector_neutral,2016-11-30,2,10,0.011734919511110341,0.010018819232389453,0.03400901541427144
sma_50_200_spread_sector_neutral,2016-11-30,3,10,0.007414615861753538,0.003371239191321429,0.02968871176491463
sma_50_200_spread_sector_neutral,2016-11-30,4,10,-0.0009065270381502178,-0.00085537672124536,0.02136756886501088
sma_50_200_spread_sector_neutral,2016-11-30,5,10,0.0015087052635578413,-0.02198800448279309,0.023782801166718937
sma_50_200_spread_sector_neutral,2016-12-30,1,10,0.041410417888351335,0.008080599734218374,0.0641378502411262
sma_50_200_spread_sector_neutral,2016-12-30,2,10,0.040014278623364055,0.03877129416748415,0.06274171097613891
sma_50_200_spread_sector_neutral,2016-12-30,3,10,-0.04245655360780123,-0.04022822838552609,-0.01972912125502637
sma_50_200_spread_sector_neutral,2016-12-30,4,10,-0.03149196396675127,-0.014386767008431445,-0.008764531613976412
sma_50_200_spread_sector_neutral,2016-12-30,5,10,0.014629482833316654,0.012178200550145957,0.03735691518609151
sma_50_200_spread_sector_neutral,2017-01-31,1,10,0.024515885300154028,0.023818276928611826,0.07269228151999196
sma_50_200_spread_sector_neutral,2017-01-31,2,10,0.008509890283824184,-0.000993715622770397,0.05668628650366212
sma_50_200_spread_sector_neutral,2017-01-31,3,10,-0.003397845059654447,-0.013854679616612131,0.04477855116018349
sma_50_200_spread_sector_neutral,2017-01-31,4,10,-0.0106205173262218,-0.0023447759068560003,0.03755587889361613
sma_50_200_spread_sector_neutral,2017-01-31,5,10,-0.01938106776180145,-0.018230905989263024,0.028795328458036486
sma_50_200_spread_sector_neutral,2017-02-28,1,10,0.016383701697593022,0.009372671523609766,0.021303766457747852
sma_50_200_spread_sector_neutral,2017-02-28,2,10,0.0023691879252538462,0.0006199361926222391,0.0072892526854086755
sma_50_200_spread_sector_neutral,2017-02-28,3,10,0.0007671241476382318,-0.002275446682737936,0.005687188907793061
sma_50_200_spread_sector_neutral,2017-02-28,4,10,0.0025858538930054855,-0.0019760550189360515,0.007505918653160315
sma_50_200_spread_sector_neutral,2017-02-28,5,10,-0.013160012024298562,-0.028818182532284353,-0.008239947264143732
sma_50_200_spread_sector_neutral,2017-03-31,1,10,-0.008278535260177277,-0.009290285044570523,0.01994084229290196
sma_50_200_spread_sector_neutral,2017-03-31,2,10,0.011410206244115728,0.017109459734326427,0.039629583797194966
sma_50_200_spread_sector_neutral,2017-03-31,3,10,-0.011667750274510136,-0.026610218340457736,0.016551627278569105
sma_50_200_spread_sector_neutral,2017-03-31,4,10,-0.013295610749949149,-0.031095652698663934,0.01492376680313009
sma_50_200_spread_sector_neutral,2017-03-31,5,10,0.008152444959415106,0.01100572708308245,0.036371822512494344
sma_50_200_spread_sector_neutral,2017-04-28,1,10,0.002837450746984005,0.004823492050058054,0.028252473167595448
sma_50_200_spread_sector_neutral,2017-04-28,2,10,-0.010755859436519655,-0.0046213993008945575,0.014659162984091789
sma_50_200_spread_sector_neutral,2017-04-28,3,10,-0.01906142545758773,-0.01731164837821192,0.006353596963023711
sma_50_200_spread_sector_neutral,2017-04-28,4,10,-0.012178533140735904,-0.0004419845457787064,0.01323648927987554
sma_50_200_spread_sector_neutral,2017-04-28,5,10,0.03754460954598223,0.01295383873469469,0.06295963196659368
sma_50_200_spread_sector_neutral,2017-05-31,1,10,0.007307632654796714,0.0,0.0031244958885776495
sma_50_200_spread_sector_neutral,2017-05-31,2,10,0.009259841930589152,-0.005041172352357293,0.005076705164370088
sma_50_200_spread_sector_neutral,2017-05-31,3,10,0.02847540313182727,0.01840550553116993,0.024292266365608207
sma_50_200_spread_sector_neutral,2017-05-31,4,10,-0.006770027729119943,-0.008216093350278175,-0.010953164495339007
sma_50_200_spread_sector_neutral,2017-05-31,5,10,0.015293770487519565,0.009734845529807301,0.0111106337213005
sma_50_200_spread_sector_neutral,2017-06-30,1,10,-0.0001076728058920784,-0.00437302799052075,0.021698765418111776
sma_50_200_spread_sector_neutral,2017-06-30,2,10,-0.014798371980809577,-0.012932333262672402,0.0070080662431942775
sma_50_200_spread_sector_neutral,2017-06-30,3,10,0.00877970634492321,-0.0006144042339824018,0.030586144568927064
sma_50_200_spread_sector_neutral,2017-06-30,4,10,-0.003249638802954069,-0.008812063653464541,0.018556799421049784
sma_50_200_spread_sector_neutral,2017-06-30,5,10,0.03164742833134123,0.03408371191978987,0.053453866555345085
sma_50_200_spread_sector_neutral,2017-07-31,1,10,-0.019729330415766987,-0.012875528520619961,-0.020380085596079754
sma_50_200_spread_sector_neutral,2017-07-31,2,10,-0.013331379932817555,0.009498610056856593,-0.013982135113130323
sma_50_200_spread_sector_neutral,2017-07-31,3,10,0.0003282631247537693,-0.0064637899641368235,-0.0003224920555589983
sma_50_200_spread_sector_neutral,2017-07-31,4,10,0.011518182168065471,0.01851727219907673,0.010867426987752704
sma_50_200_spread_sector_neutral,2017-07-31,5,10,0.016938865571609972,0.02335495632813611,0.016288110391297204
sma_50_200_spread_sector_neutral,2017-08-31,1,10,0.026150353278642947,0.03209027491327787,0.047153994773607974
sma_50_200_spread_sector_neutral,2017-08-31,2,10,0.04954615609681817,0.04632690172200005,0.0705497975917832
sma_50_200_spread_sector_neutral,2017-08-31,3,10,-0.02720039376290099,-0.028056767948086092,-0.006196752267935956
sma_50_200_spread_sector_neutral,2017-08-31,4,10,0.014661276728684114,-0.002695066989957806,0.035664918223649145
sma_50_200_spread_sector_neutral,2017-08-31,5,10,-0.008478977229826556,-0.009201687965940675,0.012524664265138475
sma_50_200_spread_sector_neutral,2017-09-29,1,10,-0.04934720840841247,-0.038002928475831754,-0.0103894744621428
sma_50_200_spread_sector_neutral,2017-09-29,2,10,0.017989547171218413,0.023711837709247785,0.05694728111748808
sma_50_200_spread_sector_neutral,2017-09-29,3,10,0.005980703832194412,-0.010469649681107862,0.04493843777846408
sma_50_200_spread_sector_neutral,2017-09-29,4,10,0.009486063937483979,0.017262745848939942,0.04844379788375365
sma_50_200_spread_sector_neutral,2017-09-29,5,10,0.014017350203968226,0.01563917015265004,0.0529750841502379
sma_50_200_spread_sector_neutral,2017-10-31,1,10,0.042687122688979715,0.012087177672352567,0.0717254553804663
sma_50_200_spread_sector_neutral,2017-10-31,2,10,0.015470717824733537,-0.0003424926097703729,0.04450905051622013
sma_50_200_spread_sector_neutral,2017-10-31,3,10,0.00013609399755998286,0.0066283441534639165,0.029174426689046573
sma_50_200_spread_sector_neutral,2017-10-31,4,10,0.004392189121654655,-0.0034624162314310647,0.03343052181314125
sma_50_200_spread_sector_neutral,2017-10-31,5,10,-0.01483079924033417,-0.010549814016934111,0.01420753345115242
sma_50_200_spread_sector_neutral,2017-11-30,1,10,0.006997163908413162,0.012711838064950576,0.028117229812243582
sma_50_200_spread_sector_neutral,2017-11-30,2,10,-0.005021395631503056,-0.006906943811578858,0.016098670272327364
sma_50_200_spread_sector_neutral,2017-11-30,3,10,0.004137962032201114,0.00030719372670728884,0.025258027936031536
sma_50_200_spread_sector_neutral,2017-11-30,4,10,0.011673429776156563,0.0087210203332303,0.03279349567998698
sma_50_200_spread_sector_neutral,2017-11-30,5,10,0.004438348392782865,-0.008223979291890893,0.025558414296613284
sma_50_200_spread_sector_neutral,2017-12-29,1,10,-0.022046091030630342,-0.005899087209853104,0.04461675024034676
sma_50_200_spread_sector_neutral,2017-12-29,2,10,-0.03643569682624444,-0.03495398948057915,0.03022714444473267
sma_50_200_spread_sector_neutral,2017-12-29,3,10,-0.00785750491418341,-0.010120015237887525,0.05880533635679369
sma_50_200_spread_sector_neutral,2017-12-29,4,10,-0.005011272583264126,-0.0014017723841714957,0.061651568687712974
sma_50_200_spread_sector_neutral,2017-12-29,5,10,0.0885103413142562,0.03968652922261484,0.1551731825852333
sma_50_200_spread_sector_neutral,2018-01-31,1,10,-0.0019039982692421243,-0.0020292852962673358,-0.05357713433184045
sma_50_200_spread_sector_neutral,2018-01-31,2,10,-0.008332244474778271,-0.009658125676036355,-0.0600053805373766
sma_50_200_spread_sector_neutral,2018-01-31,3,10,-0.019575745130072465,-0.02566011575650573,-0.07124888119267078
sma_50_200_spread_sector_neutral,2018-01-31,4,10,0.01719862958755932,0.021362714278965245,-0.034474506475039
sma_50_200_spread_sector_neutral,2018-01-31,5,10,0.0202837521861579,0.026525000310706648,-0.03138938387644043
sma_50_200_spread_sector_neutral,2018-02-28,1,10,-0.008970694174308468,0.018933484877130036,-0.031017967403804646
sma_50_200_spread_sector_neutral,2018-02-28,2,10,-0.0034898434992017948,-0.005664021083542858,-0.025537116728697972
sma_50_200_spread_sector_neutral,2018-02-28,3,10,-0.01593465064700611,-0.0032337311788853684,-0.03798192387650229
sma_50_200_spread_sector_neutral,2018-02-28,4,10,0.02035976650542477,0.010382629047894443,-0.0016875067240714082
sma_50_200_spread_sector_neutral,2018-02-28,5,10,-0.020421485115283487,-0.019637001065725468,-0.042468758344779665
sma_50_200_spread_sector_neutral,2018-03-29,1,10,0.0284695592137169,0.03618354731233253,0.03143756742643482
sma_50_200_spread_sector_neutral,2018-03-29,2,10,-0.0011962108779059789,-0.013737789793033528,0.001771797334811942
sma_50_200_spread_sector_neutral,2018-03-29,3,10,-0.0007555401448452237,-0.0052821983863440836,0.002212468067872697
sma_50_200_spread_sector_neutral,2018-03-29,4,10,0.013936980756870299,0.005285645892847302,0.016904988969588218
sma_50_200_spread_sector_neutral,2018-03-29,5,10,0.020081660305850492,0.021954317377503085,0.023049668518568413
sma_50_200_spread_sector_neutral,2018-04-30,1,10,0.0065876608643927635,-0.0024828449837760447,0.04227554364747031
sma_50_200_spread_sector_neutral,2018-04-30,2,10,-0.01180974983277514,-0.026717681425243556,0.02387813295030241
sma_50_200_spread_sector_neutral,2018-04-30,3,10,0.0006989698498327757,-0.011013172628238643,0.036386852632910326
sma_50_200_spread_sector_neutral,2018-04-30,4,10,-0.007505368522097533,-0.013476767666469214,0.028182514260980018
sma_50_200_spread_sector_neutral,2018-04-30,5,10,0.02826044955056468,0.035602045888451506,0.06394833233364224
sma_50_200_spread_sector_neutral,2018-05-31,1,10,0.014836368247594944,0.002517986513094872,0.02807567123736444
sma_50_200_spread_sector_neutral,2018-05-31,2,10,-0.010031701432114926,-0.008587351338158133,0.0032076015576545714
sma_50_200_spread_sector_neutral,2018-05-31,3,10,0.004201999217842945,0.01548221450158005,0.01744130220761244
sma_50_200_spread_sector_neutral,2018-05-31,4,10,-0.030447329896202545,-0.02504387000587366,-0.017208026906433048
sma_50_200_spread_sector_neutral,2018-05-31,5,10,0.019470587349405256,0.02013796127268641,0.03270989033917475
sma_50_200_spread_sector_neutral,2018-06-29,1,10,0.002169648814518521,0.03530379052382604,0.04828742012522756
sma_50_200_spread_sector_neutral,2018-06-29,2,10,-0.012458386627428441,0.0013716401664716216,0.0336593846832806
sma_50_200_spread_sector_neutral,2018-06-29,3,10,0.018629861252391668,0.02613987094124648,0.0647476325631007
sma_50_200_spread_sector_neutral,2018-06-29,4,10,-0.004169105858441569,-0.005027529133767472,0.041948665452267477
sma_50_200_spread_sector_neutral,2018-06-29,5,10,-0.02253536965714923,-0.008875111535931346,0.023582401653559813
sma_50_200_spread_sector_neutral,2018-07-31,1,10,-0.009706348779992647,-0.004656241743303924,0.01869114426963171
sma_50_200_spread_sector_neutral,2018-07-31,2,10,-0.00721585421394152,-0.001032321071558595,0.021181638835682838
sma_50_200_spread_sector_neutral,2018-07-31,3,10,-0.029941640014467308,-0.02038481525177438,-0.0015441469648429518
sma_50_200_spread_sector_neutral,2018-07-31,4,10,0.04868559170026763,0.029857223606975403,0.07708308474989198
sma_50_200_spread_sector_neutral,2018-07-31,5,10,0.036788161023591726,0.04098755953869304,0.06518565407321608
sma_50_200_spread_sector_neutral,2018-08-31,1,10,0.005529239858848944,0.010342191500069209,0.025772966344943905
sma_50_200_spread_sector_neutral,2018-08-31,2,10,-0.015181904639995658,-0.0018330565228800166,0.005061821846099301
sma_50_200_spread_sector_neutral,2018-08-31,3,10,-0.003612117711198115,-0.009926914097793949,0.016631608774896844
sma_50_200_spread_sector_neutral,2018-08-31,4,10,0.006207604976344938,-0.004169459602336167,0.026451331462439897
sma_50_200_spread_sector_neutral,2018-08-31,5,10,0.007050841972286459,0.003240946129153821,0.027294568458381418
sma_50_200_spread_sector_neutral,2018-09-28,1,10,0.03469819669816954,-0.0022307092111242266,-0.05984945727902252
sma_50_200_spread_sector_neutral,2018-09-28,2,10,0.05805967131720581,0.0730429577969906,-0.03648798265998625
sma_50_200_spread_sector_neutral,2018-09-28,3,10,0.01836679110083108,0.029467582709450935,-0.07618086287636097
sma_50_200_spread_sector_neutral,2018-09-28,4,10,-0.036430041578939566,-0.03988514040465241,-0.13097769555613165
sma_50_200_spread_sector_neutral,2018-09-28,5,10,-0.024880122528597094,-0.021045913346666445,-0.11942777650578917
sma_50_200_spread_sector_neutral,2018-10-31,1,10,-0.0035820842299588485,0.008186254627092882,0.038880638287260426
sma_50_200_spread_sector_neutral,2018-10-31,2,10,-0.016368141267005643,0.007817131349385553,0.026094581250213633
sma_50_200_spread_sector_neutral,2018-10-31,3,10,-0.009493509832962455,-0.00934086853409577,0.03296921268425682
sma_50_200_spread_sector_neutral,2018-10-31,4,10,-0.007049399491421704,0.0075132912373920835,0.03541332302579757
sma_50_200_spread_sector_neutral,2018-10-31,5,10,-0.0445463756275851,-0.026864805771281808,-0.002083653110365824
sma_50_200_spread_sector_neutral,2018-11-30,1,10,-0.009648646206870271,-0.0038144486279725887,-0.11333494949582645
sma_50_200_spread_sector_neutral,2018-11-30,2,10,0.01363424864600834,0.022791252928323125,-0.09005205464294783
sma_50_200_spread_sector_neutral,2018-11-30,3,10,-0.007859826764595002,-0.012257308352112806,-0.11154613005355118
sma_50_200_spread_sector_neutral,2018-11-30,4,10,0.02304453879773758,0.029028850398490347,-0.0806417644912186
sma_50_200_spread_sector_neutral,2018-11-30,5,10,-0.0008727219972499922,0.006311296249337461,-0.10455902528620617
sma_50_200_spread_sector_neutral,2018-12-31,1,10,0.047942314390558696,0.039905752279373874,0.11644024165210616
sma_50_200_spread_sector_neutral,2018-12-31,2,10,0.013539244662647155,0.01415787600428664,0.08203717192419462
sma_50_200_spread_sector_neutral,2018-12-31,3,10,-0.03773983405113557,-0.03804070016048933,0.030758093210411896
sma_50_200_spread_sector_neutral,2018-12-31,4,10,0.02542731143109216,0.017883887300628953,0.09392523869263962
sma_50_200_spread_sector_neutral,2018-12-31,5,10,-0.051298180682649096,-0.04833682311474574,0.01719974657889837
sma_50_200_spread_sector_neutral,2019-01-31,1,10,-0.023302398717952054,-0.036398076217625364,0.015898104802356074
sma_50_200_spread_sector_neutral,2019-01-31,2,10,-0.005800980171183556,0.012584351659023829,0.03339952334912457
sma_50_200_spread_sector_neutral,2019-01-31,3,10,0.006961987363547917,0.0031845497197251493,0.046162490883856044
sma_50_200_spread_sector_neutral,2019-01-31,4,10,0.00619551588288042,0.025525688111782352,0.04539601940318855
sma_50_200_spread_sector_neutral,2019-01-31,5,10,-0.0011318851835378397,-0.008584690804729234,0.03806861833677029
sma_50_200_spread_sector_neutral,2019-02-28,1,10,0.029482308034236227,0.026439612649391653,0.05956995949831777
sma_50_200_spread_sector_neutral,2019-02-28,2,10,-0.01716461001536459,-0.010748530138778079,0.012923041448716954
sma_50_200_spread_sector_neutral,2019-02-28,3,10,-0.027583086221996324,-0.013801042370407357,0.0025045652420852215
sma_50_200_spread_sector_neutral,2019-02-28,4,10,-0.004076528098037979,0.000704449326623835,0.026011123366043564
sma_50_200_spread_sector_neutral,2019-02-28,5,10,0.004894331536133567,0.0015484827181291294,0.034981983000215114
sma_50_200_spread_sector_neutral,2019-03-29,1,10,0.010665850691136524,-0.03328938027237105,0.053591649879762795
sma_50_200_spread_sector_neutral,2019-03-29,2,10,0.016702185242943847,0.008548824833213176,0.059627984431570115
sma_50_200_spread_sector_neutral,2019-03-29,3,10,0.02756439498168479,0.0067363094228168885,0.07049019417031106
sma_50_200_spread_sector_neutral,2019-03-29,4,10,-0.007073897713111454,0.0030561897168460694,0.035851901475514814
sma_50_200_spread_sector_neutral,2019-03-29,5,10,-0.016202607605419327,-0.0012985461939341025,0.02672319158320694
sma_50_200_spread_sector_neutral,2019-04-30,1,10,-0.03393845934870073,-0.022947796883105553,-0.08601988538452429
sma_50_200_spread_sector_neutral,2019-04-30,2,10,-0.03872236837232862,-0.025805533395756197,-0.09080379440815217
sma_50_200_spread_sector_neutral,2019-04-30,3,10,0.015294117575495514,0.018422973227394335,-0.03678730846032804
sma_50_200_spread_sector_neutral,2019-04-30,4,10,5.146548607759538e-05,0.008997596666160457,-0.05202996054974596
sma_50_200_spread_sector_neutral,2019-04-30,5,10,0.015102871292038722,0.03191889274567716,-0.03697855474378483
sma_50_200_spread_sector_neutral,2019-05-31,1,10,0.015436468727640828,0.014963187630216201,0.10443875068498634
sma_50_200_spread_sector_neutral,2019-05-31,2,10,-0.009028854706904265,-0.00019192003791612677,0.07997342725044124
sma_50_200_spread_sector_neutral,2019-05-31,3,10,-0.004909552714480037,-0.0025482926328493916,0.08409272924286545
sma_50_200_spread_sector_neutral,2019-05-31,4,10,-0.01711274099444614,-0.003807828904676014,0.07188954096289936
sma_50_200_spread_sector_neutral,2019-05-31,5,10,0.013942605271446817,-0.0016557593760645473,0.10294488722879232
sma_50_200_spread_sector_neutral,2019-06-28,1,10,0.02833010812993052,0.03911940717888385,0.06442563494758534
sma_50_200_spread_sector_neutral,2019-06-28,2,10,-0.0399055790367722,-0.038468148153113835,-0.003810052219117377
sma_50_200_spread_sector_neutral,2019-06-28,3,10,-0.002119810737732886,0.0028466281919512504,0.03397571607992193
sma_50_200_spread_sector_neutral,2019-06-28,4,10,0.0001336954385397382,0.005631887160218119,0.03622922225619456
sma_50_200_spread_sector_neutral,2019-06-28,5,10,-0.020197822697343104,-0.012904578795990274,0.015897704120311718
sma_50_200_spread_sector_neutral,2019-07-31,1,10,-0.012357578855248196,0.0011521884495481194,-0.023544741148288872
sma_50_200_spread_sector_neutral,2019-07-31,2,10,-0.032451679227599214,-0.06074854046953587,-0.04363884152063989
sma_50_200_spread_sector_neutral,2019-07-31,3,10,0.01838773186348639,0.020574952213181952,0.007200569570445714
sma_50_200_spread_sector_neutral,2019-07-31,4,10,-0.009164116284577094,-0.015277688117867616,-0.02035127857761777
sma_50_200_spread_sector_neutral,2019-07-31,5,10,0.02324670650961853,0.03539277377069622,0.012059544216577855
sma_50_200_spread_sector_neutral,2019-08-30,1,10,0.011415429338814943,0.01554761484179945,0.018139281746829595
sma_50_200_spread_sector_neutral,2019-08-30,2,10,0.008808636767367872,0.009706963377782651,0.015532489175382524
sma_50_200_spread_sector_neutral,2019-08-30,3,10,0.016555360689100684,0.022614678543606104,0.023279213097115337
sma_50_200_spread_sector_neutral,2019-08-30,4,10,-0.010653401230220915,-0.021028579056115826,-0.003929548822206264
sma_50_200_spread_sector_neutral,2019-08-30,5,10,-0.027909867864368942,-0.03571543544628042,-0.02118601545635429
sma_50_200_spread_sector_neutral,2019-09-30,1,10,0.04188835360497517,0.02293643422119107,0.05799771693200889
sma_50_200_spread_sector_neutral,2019-09-30,2,10,0.028247983094494188,-0.012070129817443875,0.04435734642152791
sma_50_200_spread_sector_neutral,2019-09-30,3,10,0.0003270084332417822,-0.00788651561161191,0.016436371760275504
sma_50_200_spread_sector_neutral,2019-09-30,4,10,0.011051283767197462,0.01100654192480377,0.02716064709423118
sma_50_200_spread_sector_neutral,2019-09-30,5,10,-0.020453617976969207,-0.010856126682890932,-0.004344254649935486
sma_50_200_spread_sector_neutral,2019-10-31,1,10,0.01318914765464051,0.021187311855344837,0.04123514864949805
sma_50_200_spread_sector_neutral,2019-10-31,2,10,0.010794996049782435,0.013931607252868572,0.03884099704463998
sma_50_200_spread_sector_neutral,2019-10-31,3,10,-0.010101456193845292,-0.013510162873590748,0.017944544801012253
sma_50_200_spread_sector_neutral,2019-10-31,4,10,-0.0019876135131106755,-0.0015552973686115967,0.02605838748174687
sma_50_200_spread_sector_neutral,2019-10-31,5,10,0.0037257974005840077,-0.0027334715299803802,0.03177179839544155
sma_50_200_spread_sector_neutral,2019-11-29,1,10,0.013843183174947992,-0.0004735108449774872,0.04101488100471502
sma_50_200_spread_sector_neutral,2019-11-29,2,10,0.005763194812423244,0.005158394730007454,0.032934892642190274
sma_50_200_spread_sector_neutral,2019-11-29,3,10,0.007316616997923786,-0.0017455047397564316,0.03448831482769081
sma_50_200_spread_sector_neutral,2019-11-29,4,10,-0.011839139924020092,-0.013433599421299736,0.015332557905746936
sma_50_200_spread_sector_neutral,2019-11-29,5,10,0.028695774002612372,0.0007911576954728883,0.0558674718323794
sma_50_200_spread_sector_neutral,2019-12-31,1,10,0.011005673251030712,0.011704452897177864,0.004417881499197163
sma_50_200_spread_sector_neutral,2019-12-31,2,10,0.022462908895194023,0.029902656194596533,0.015875117143360474
sma_50_200_spread_sector_neutral,2019-12-31,3,10,0.009811087610415593,-0.004074061867526957,0.0032232958585820424
sma_50_200_spread_sector_neutral,2019-12-31,4,10,-0.024092853854862185,-0.023397471170457762,-0.030680645606695735
sma_50_200_spread_sector_neutral,2019-12-31,5,10,0.039465511111121634,-0.03216311189099352,0.032877719359288085
positive_day_ratio_60d_sector_neutral,2014-03-31,1,10,-0.011094342443359962,0.023620991920191736,-0.00793287990369942
positive_day_ratio_60d_sector_neutral,2014-03-31,2,10,-0.013173473015224313,-0.008322824003818508,-0.01001201047556377
positive_day_ratio_60d_sector_neutral,2014-03-31,3,10,0.008133037393281528,-0.001283822330062967,0.01129449993294207
positive_day_ratio_60d_sector_neutral,2014-03-31,4,10,0.007427811421825059,0.014763707649460556,0.010589273961485601
positive_day_ratio_60d_sector_neutral,2014-03-31,5,10,-0.003183557180523189,-0.005117569689989665,-2.2094640862646563e-05
positive_day_ratio_60d_sector_neutral,2014-04-30,1,10,0.03325709892373772,0.021469453793071414,0.058762518869819515
positive_day_ratio_60d_sector_neutral,2014-04-30,2,10,0.008720407460899715,0.0011004136171798296,0.03422582740698151
positive_day_ratio_60d_sector_neutral,2014-04-30,3,10,-0.011018864788446148,-0.020826000531495747,0.01448655515763565
positive_day_ratio_60d_sector_neutral,2014-04-30,4,10,0.0011888405886768538,-0.0011077124185544518,0.02669426053475865
positive_day_ratio_60d_sector_neutral,2014-04-30,5,10,-0.005848094965858319,-0.010346479910645856,0.01965732498022348
positive_day_ratio_60d_sector_neutral,2014-05-30,1,10,0.0026638317180023964,0.0012403307812053344,0.02182783192701838
positive_day_ratio_60d_sector_neutral,2014-05-30,2,10,0.019374542468716727,0.004083065409223763,0.03853854267773271
positive_day_ratio_60d_sector_neutral,2014-05-30,3,10,0.002996372947721515,0.008560095039647497,0.022160373156737502
positive_day_ratio_60d_sector_neutral,2014-05-30,4,10,-0.008203997437559651,-0.0040436621471283685,0.010960002771456335
positive_day_ratio_60d_sector_neutral,2014-05-30,5,10,0.0005592462119710651,-0.00024703881947318873,0.01972324642098705
positive_day_ratio_60d_sector_neutral,2014-06-30,1,10,0.009264736317387123,0.009037330075542194,0.0170208932451409
positive_day_ratio_60d_sector_neutral,2014-06-30,2,10,0.0029633253089509926,-0.004531631873320063,0.01071948223670477
positive_day_ratio_60d_sector_neutral,2014-06-30,3,10,-0.016631073986597623,-0.006589026723077762,-0.008874917058843846
positive_day_ratio_60d_sector_neutral,2014-06-30,4,10,-0.0047667002922419655,-0.00182013580310747,0.0029894566355118113
positive_day_ratio_60d_sector_neutral,2014-06-30,5,10,-0.014183170351154396,-0.012386300163242547,-0.006427013423400618
positive_day_ratio_60d_sector_neutral,2014-07-31,1,10,-0.0009379970406719562,-0.009049932093131985,0.0409001624054384
positive_day_ratio_60d_sector_neutral,2014-07-31,2,10,0.010801958046177984,0.00044776407007485197,0.05264011749228834
positive_day_ratio_60d_sector_neutral,2014-07-31,3,10,0.011603350548498193,0.0014641185434434156,0.053441509994608546
positive_day_ratio_60d_sector_neutral,2014-07-31,4,10,-0.010944706360290334,-0.03256442409835947,0.030893453085820023
positive_day_ratio_60d_sector_neutral,2014-07-31,5,10,0.029937936420072163,0.011161780654330045,0.07177609586618253
positive_day_ratio_60d_sector_neutral,2014-08-29,1,10,-0.004361655221422622,0.005977473795598098,-0.00034444106156383825
positive_day_ratio_60d_sector_neutral,2014-08-29,2,10,-0.01611032983301012,-0.020157454719110846,-0.012093115673151333
positive_day_ratio_60d_sector_neutral,2014-08-29,3,10,0.004048592843991861,0.006606104269568314,0.008065807003850645
positive_day_ratio_60d_sector_neutral,2014-08-29,4,10,-0.017453858114961897,0.0,-0.013436643955103111
positive_day_ratio_60d_sector_neutral,2014-08-29,5,10,-0.01448598404417647,0.002262227024373842,-0.010468769884317686
positive_day_ratio_60d_sector_neutral,2014-09-30,1,10,-0.004667148844241076,-0.0037507710043926945,0.005745382398261667
positive_day_ratio_60d_sector_neutral,2014-09-30,2,10,-0.022730400334357324,0.0010734001683533334,-0.012317869091854583
positive_day_ratio_60d_sector_neutral,2014-09-30,3,10,-0.0073815145987192856,-0.0045814344091148484,0.003031016643783457
positive_day_ratio_60d_sector_neutral,2014-09-30,4,10,0.008681195669495512,0.021255776297158024,0.019093726911998253
positive_day_ratio_60d_sector_neutral,2014-09-30,5,10,-0.00170623159357991,0.0012180604439727682,0.008706299648922833
positive_day_ratio_60d_sector_neutral,2014-10-31,1,10,-0.004579086906197305,0.0017506168174604708,0.03913297974205869
positive_day_ratio_60d_sector_neutral,2014-10-31,2,10,-0.029922859075480333,-0.011663410947676311,0.013789207572775663
positive_day_ratio_60d_sector_neutral,2014-10-31,3,10,0.0068511915631460415,0.008062916501778372,0.05056325821140204
positive_day_ratio_60d_sector_neutral,2014-10-31,4,10,-0.012804889937478126,-0.010504575175888764,0.030907176710777872
positive_day_ratio_60d_sector_neutral,2014-10-31,5,10,0.006335421746814307,0.011132583805383622,0.050047488395070304
positive_day_ratio_60d_sector_neutral,2014-11-28,1,10,-0.03715227737407427,-0.03515859237912411,-0.015102854491053908
positive_day_ratio_60d_sector_neutral,2014-11-28,2,10,0.006751844076820423,0.01493488942840182,0.02880126695984079
positive_day_ratio_60d_sector_neutral,2014-11-28,3,10,-0.0012355045697714506,0.01276907086186485,0.020813918313248914
positive_day_ratio_60d_sector_neutral,2014-11-28,4,10,-0.013235529862275197,0.0042308841602162195,0.008813893020745167
positive_day_ratio_60d_sector_neutral,2014-11-28,5,10,-0.005752208390097391,-0.003641216740602693,0.016297214492922974
positive_day_ratio_60d_sector_neutral,2014-12-31,1,10,0.025149774805591496,0.0029124054409284117,0.0162275877887747
positive_day_ratio_60d_sector_neutral,2014-12-31,2,10,-0.008024668937726687,-0.004663101976186246,-0.016946855954543483
positive_day_ratio_60d_sector_neutral,2014-12-31,3,10,-0.01669200057581822,-0.011174998975692574,-0.025614187592635018
positive_day_ratio_60d_sector_neutral,2014-12-31,4,10,-0.0011594422667379645,-0.0032171309494887224,-0.010081629283554761
positive_day_ratio_60d_sector_neutral,2014-12-31,5,10,-0.0009050607912629794,0.0014672373209865253,-0.009827247808079776
positive_day_ratio_60d_sector_neutral,2015-01-30,1,10,0.005330236383803188,0.004777672361814922,0.06580909621040569
positive_day_ratio_60d_sector_neutral,2015-01-30,2,10,-0.016088781709915824,-0.012833343069563852,0.04439007811668668
positive_day_ratio_60d_sector_neutral,2015-01-30,3,10,-0.03229243840263365,-0.02464432641583625,0.028186421423968856
positive_day_ratio_60d_sector_neutral,2015-01-30,4,10,0.02277475582958195,0.017361240276875023,0.08325361565618446
positive_day_ratio_60d_sector_neutral,2015-01-30,5,10,0.006628040901068511,0.0025458143944522282,0.06710690072767102
positive_day_ratio_60d_sector_neutral,2015-02-27,1,10,-0.0029875580926351673,0.0,-0.012705872236823169
positive_day_ratio_60d_sector_neutral,2015-02-27,2,10,-0.014626068453000985,-0.01285683182192121,-0.024344382597188984
positive_day_ratio_60d_sector_neutral,2015-02-27,3,10,0.003965496380757672,0.011583104424153168,-0.005752817763430329
positive_day_ratio_60d_sector_neutral,2015-02-27,4,10,0.009826900222197099,-0.00014534991452291868,0.00010858607800909859
positive_day_ratio_60d_sector_neutral,2015-02-27,5,10,0.005750357073374668,0.012826912688078618,-0.003967957070813333
positive_day_ratio_60d_sector_neutral,2015-03-31,1,10,0.07463592592182514,0.055059450673999144,0.07214501893905265
positive_day_ratio_60d_sector_neutral,2015-03-31,2,10,-0.008264070661454603,-0.012479501612905342,-0.010754977644227092
positive_day_ratio_60d_sector_neutral,2015-03-31,3,10,0.006815245669428882,0.0014584205107029957,0.004324338686656393
positive_day_ratio_60d_sector_neutral,2015-03-31,4,10,0.04316847688557572,0.017969856449653765,0.04067756990280323
positive_day_ratio_60d_sector_neutral,2015-03-31,5,10,-0.02071429745935909,-0.036893958074869726,-0.023205204442131578
positive_day_ratio_60d_sector_neutral,2015-04-30,1,10,-0.006510223647347024,-0.007489490759719275,0.014626567038137661
positive_day_ratio_60d_sector_neutral,2015-04-30,2,10,0.01271024961944488,0.006517432486022323,0.03384704030492956
positive_day_ratio_60d_sector_neutral,2015-04-30,3,10,-0.0036181179111849926,-0.007374774185555877,0.017518672774299693
positive_day_ratio_60d_sector_neutral,2015-04-30,4,10,0.000786818245364762,-0.008213673452440728,0.021923608930849447
positive_day_ratio_60d_sector_neutral,2015-04-30,5,10,0.01146261330091276,0.012145572260905957,0.03259940398639745
positive_day_ratio_60d_sector_neutral,2015-05-29,1,10,-0.0015038886272545904,-0.011728898560036116,-0.027542384059580094
positive_day_ratio_60d_sector_neutral,2015-05-29,2,10,0.0006241163039562125,-0.0075157118576220094,-0.02541437912836929
positive_day_ratio_60d_sector_neutral,2015-05-29,3,10,0.023556495965068848,0.02561765665024751,-0.002481999467256657
positive_day_ratio_60d_sector_neutral,2015-05-29,4,10,0.005790720900729895,0.0019334361835105507,-0.020247774531595607
positive_day_ratio_60d_sector_neutral,2015-05-29,5,10,-0.003136639687492815,-0.0027430250668441514,-0.02917513511981832
positive_day_ratio_60d_sector_neutral,2015-06-30,1,10,0.023505517652049602,0.02174453123462694,0.05743772170829124
positive_day_ratio_60d_sector_neutral,2015-06-30,2,10,-9.421371070612583e-05,-0.0034704411689167047,0.033837990345535515
positive_day_ratio_60d_sector_neutral,2015-06-30,3,10,0.04599767987358085,0.013214572972400807,0.0799298839298225
positive_day_ratio_60d_sector_neutral,2015-06-30,4,10,-0.04940338880550512,-0.03755211465681241,-0.015471184749263478
positive_day_ratio_60d_sector_neutral,2015-06-30,5,10,-0.01951664804794854,-0.0044367301763098554,0.014415556008293107
positive_day_ratio_60d_sector_neutral,2015-07-31,1,10,0.009164210198181866,0.006317863291423531,-0.04436987754568944
positive_day_ratio_60d_sector_neutral,2015-07-31,2,10,-0.008161955621050331,-0.009546299207381814,-0.06169604336492164
positive_day_ratio_60d_sector_neutral,2015-07-31,3,10,-0.010374909832417612,-0.014465890933096526,-0.06390899757628891
positive_day_ratio_60d_sector_neutral,2015-07-31,4,10,0.016438972536770558,0.006645808791721608,-0.03709511520710075
positive_day_ratio_60d_sector_neutral,2015-07-31,5,10,-0.0003216983067376611,0.0062911430678752045,-0.053855786050608964
positive_day_ratio_60d_sector_neutral,2015-08-31,1,10,0.004054699147457108,0.012615154034610943,-0.0036666943912673665
positive_day_ratio_60d_sector_neutral,2015-08-31,2,10,-0.0191458287267826,-0.01741061453517967,-0.026867222265507074
positive_day_ratio_60d_sector_neutral,2015-08-31,3,10,-0.052317852263299845,-0.054927359522035646,-0.06003924580202432
positive_day_ratio_60d_sector_neutral,2015-08-31,4,10,0.002913746041518883,0.005421502584309068,-0.004807647497205592
positive_day_ratio_60d_sector_neutral,2015-08-31,5,10,0.015876924376395884,0.02154825705618757,0.008155530837671409
positive_day_ratio_60d_sector_neutral,2015-09-30,1,10,-0.003479840447075977,0.01331912096008514,0.0879625702891402
positive_day_ratio_60d_sector_neutral,2015-09-30,2,10,-0.01757966656128159,-0.012745203565192376,0.07386274417493457
positive_day_ratio_60d_sector_neutral,2015-09-30,3,10,-0.02220164735711506,-0.010669536826215298,0.06924076337910111
positive_day_ratio_60d_sector_neutral,2015-09-30,4,10,-0.01588456723907893,-0.003416906626581784,0.07555784349713725
positive_day_ratio_60d_sector_neutral,2015-09-30,5,10,0.02909892809799781,0.029059411667232582,0.12054133883421399
positive_day_ratio_60d_sector_neutral,2015-10-30,1,10,-0.008667519206334994,0.004289302488832414,0.012648635113352924
positive_day_ratio_60d_sector_neutral,2015-10-30,2,10,0.018538601445227686,0.016717325423046936,0.03985475576491561
positive_day_ratio_60d_sector_neutral,2015-10-30,3,10,-0.0057227324475775275,-0.0037954684014032125,0.01559342187211039
positive_day_ratio_60d_sector_neutral,2015-10-30,4,10,-0.012256082039242677,-0.02566496325301476,0.009060072280445242
positive_day_ratio_60d_sector_neutral,2015-10-30,5,10,0.027225247634071848,0.019068752097763597,0.048541401953759764
positive_day_ratio_60d_sector_neutral,2015-11-30,1,10,-0.008406070606520755,-0.006377606250548229,1.4461539573418226e-05
positive_day_ratio_60d_sector_neutral,2015-11-30,2,10,-0.010574880560445022,-0.0006161005864259161,-0.0021543484143508483
positive_day_ratio_60d_sector_neutral,2015-11-30,3,10,-0.001599679458001202,0.002608161363012451,0.006820852688092971
positive_day_ratio_60d_sector_neutral,2015-11-30,4,10,-0.027215161390476517,-0.032016739222497204,-0.018794629244382344
positive_day_ratio_60d_sector_neutral,2015-11-30,5,10,0.00757587613645141,0.0059278535363405105,0.01599640828254558
positive_day_ratio_60d_sector_neutral,2015-12-31,1,10,-0.003700115134370485,0.008912149195294317,-0.07811634063271863
positive_day_ratio_60d_sector_neutral,2015-12-31,2,10,-0.006940196393873122,-0.026781362129025377,-0.08135642189222127
positive_day_ratio_60d_sector_neutral,2015-12-31,3,10,0.015135577916227938,-0.013495890561854296,-0.059280647582120205
positive_day_ratio_60d_sector_neutral,2015-12-31,4,10,0.007663770649655966,0.0063756581995154105,-0.06675245484869217
positive_day_ratio_60d_sector_neutral,2015-12-31,5,10,0.0160765170018377,0.021270102858347628,-0.05833970849651045
positive_day_ratio_60d_sector_neutral,2016-01-29,1,10,0.020233724502262518,0.012690647253632115,0.03699198451494917
positive_day_ratio_60d_sector_neutral,2016-01-29,2,10,-0.006984530395487565,0.0017611382867548375,0.009773729617199089
positive_day_ratio_60d_sector_neutral,2016-01-29,3,10,0.01979468738016722,0.02402603080583443,0.03655294739285388
positive_day_ratio_60d_sector_neutral,2016-01-29,4,10,-0.016882222188500808,-0.01991435922884216,-0.00012396217581415181
positive_day_ratio_60d_sector_neutral,2016-01-29,5,10,-0.004630927265470186,-0.00999552612003074,0.012127332747216469
positive_day_ratio_60d_sector_neutral,2016-02-29,1,10,-0.0037327975000745472,0.003613511944301151,0.07345979482922343
positive_day_ratio_60d_sector_neutral,2016-02-29,2,10,0.028030475864030957,0.017859790113893936,0.10522306819332894
positive_day_ratio_60d_sector_neutral,2016-02-29,3,10,-0.001312480122144688,-0.008189696179197292,0.0758801122071533
positive_day_ratio_60d_sector_neutral,2016-02-29,4,10,0.002901296138470988,0.004678074925344999,0.08009388846776896
positive_day_ratio_60d_sector_neutral,2016-02-29,5,10,-0.008044283241130601,-0.010661360347607896,0.06914830908816738
positive_day_ratio_60d_sector_neutral,2016-03-31,1,10,0.04063692360812471,0.05063965929124947,0.05199240067059824
positive_day_ratio_60d_sector_neutral,2016-03-31,2,10,-0.004448684530335201,0.0,0.006906792532138328
positive_day_ratio_60d_sector_neutral,2016-03-31,3,10,-0.021783260945031524,-0.030321456512156064,-0.010427783882557995
positive_day_ratio_60d_sector_neutral,2016-03-31,4,10,-0.009033533624252132,-0.003496131039553374,0.0023219434382213966
positive_day_ratio_60d_sector_neutral,2016-03-31,5,10,-0.003212206005817386,0.003033947382198976,0.008143271056656142
positive_day_ratio_60d_sector_neutral,2016-04-29,1,10,0.004138856971049187,0.005547376073680943,0.016190930790284754
positive_day_ratio_60d_sector_neutral,2016-04-29,2,10,0.03603549506473437,0.027110514423920207,0.048087568883969936
positive_day_ratio_60d_sector_neutral,2016-04-29,3,10,-0.029151966200292766,-0.02422445144573704,-0.0170998923810572
positive_day_ratio_60d_sector_neutral,2016-04-29,4,10,0.015089309734056745,-0.0182604052705872,0.02714138355329231
positive_day_ratio_60d_sector_neutral,2016-04-29,5,10,0.009951620626213742,0.004887330600551243,0.022003694445449307
positive_day_ratio_60d_sector_neutral,2016-05-31,1,10,-0.009812461715580912,-0.00934859491263268,-0.011108714354237981
positive_day_ratio_60d_sector_neutral,2016-05-31,2,10,0.0022557753097954825,0.017517220281559553,0.000959522671138413
positive_day_ratio_60d_sector_neutral,2016-05-31,3,10,-0.007145855263275769,0.007720787772208082,-0.008442107901932838
positive_day_ratio_60d_sector_neutral,2016-05-31,4,10,-0.007171443612297079,-0.010607253297191588,-0.008467696250954148
positive_day_ratio_60d_sector_neutral,2016-05-31,5,10,-0.010505758378693431,-0.008351802007537434,-0.0118020110173505
positive_day_ratio_60d_sector_neutral,2016-06-30,1,10,0.02833998410406282,0.028159941143349965,0.07543586255967619
positive_day_ratio_60d_sector_neutral,2016-06-30,2,10,-0.007409137783993991,0.007124956425326512,0.03968674067161937
positive_day_ratio_60d_sector_neutral,2016-06-30,3,10,-0.01762328335018303,-0.03682093303514278,0.029472595105430332
positive_day_ratio_60d_sector_neutral,2016-06-30,4,10,-0.02721434450707475,-0.026701497433929355,0.01988153394853861
positive_day_ratio_60d_sector_neutral,2016-06-30,5,10,0.027144718045349514,0.029249854817412047,0.07424059650096287
positive_day_ratio_60d_sector_neutral,2016-07-29,1,10,0.015472715165645357,0.02028142856738213,0.026211173399293963
positive_day_ratio_60d_sector_neutral,2016-07-29,2,10,0.0128886546647897,0.012539237856978747,0.02362711289843831
positive_day_ratio_60d_sector_neutral,2016-07-29,3,10,-0.00991212610200919,-0.007540747557264027,0.0008263321316394178
positive_day_ratio_60d_sector_neutral,2016-07-29,4,10,-0.01323336282014297,-0.005941518398422718,-0.002494904586494362
positive_day_ratio_60d_sector_neutral,2016-07-29,5,10,-5.4265566391764605e-06,-0.0017060275774835043,0.01073303167700943
positive_day_ratio_60d_sector_neutral,2016-08-31,1,10,0.007714250352296193,-0.005466536986574011,0.01214530450354131
positive_day_ratio_60d_sector_neutral,2016-08-31,2,10,-0.03245327983054121,-0.03713613181748732,-0.028022225679296086
positive_day_ratio_60d_sector_neutral,2016-08-31,3,10,-0.005583951927247632,-0.0025943697229402485,-0.001152897776002515
positive_day_ratio_60d_sector_neutral,2016-08-31,4,10,0.008416530380532939,0.005971991187999848,0.012847584531778056
positive_day_ratio_60d_sector_neutral,2016-08-31,5,10,0.02077495280034488,0.012285122959757144,0.025206006951589997
positive_day_ratio_60d_sector_neutral,2016-09-30,1,10,0.014887263996090538,0.014889487568067294,0.0003548260370500711
positive_day_ratio_60d_sector_neutral,2016-09-30,2,10,-0.01268115404761111,-0.0018408615465073108,-0.027213592006651577
positive_day_ratio_60d_sector_neutral,2016-09-30,3,10,-0.019047376918761193,-0.025943411841750585,-0.033579814877801664
positive_day_ratio_60d_sector_neutral,2016-09-30,4,10,0.02247670569710669,-0.00508126791335356,0.007944267738066224
positive_day_ratio_60d_sector_neutral,2016-09-30,5,10,0.014858703609078917,0.023986200371158506,0.00032626565003844864
positive_day_ratio_60d_sector_neutral,2016-10-31,1,10,0.04321858107154497,0.049515222620930666,0.07338714171296234
positive_day_ratio_60d_sector_neutral,2016-10-31,2,10,0.01976536989233707,0.0293447301893921,0.049933930533754445
positive_day_ratio_60d_sector_neutral,2016-10-31,3,10,-0.034817232338251625,-0.056262510754246986,-0.00464867169683425
positive_day_ratio_60d_sector_neutral,2016-10-31,4,10,-0.006248119550104125,-0.029967607676845254,0.02392044109131325
positive_day_ratio_60d_sector_neutral,2016-10-31,5,10,0.014697833167002562,-0.006208743464421573,0.04486639380841993
positive_day_ratio_60d_sector_neutral,2016-11-30,1,10,0.010437398331443226,0.009074580121419484,0.03271149423460432
positive_day_ratio_60d_sector_neutral,2016-11-30,2,10,-0.01106185717825232,-0.0040340231315236785,0.011212238724908775
positive_day_ratio_60d_sector_neutral,2016-11-30,3,10,0.004220039221798399,0.00492067428659948,0.026494135124959496
positive_day_ratio_60d_sector_neutral,2016-11-30,4,10,0.014416901788409287,0.012503279177399018,0.03669099769157038
positive_day_ratio_60d_sector_neutral,2016-11-30,5,10,0.007308967156334045,0.003672629075825218,0.02958306305949514
positive_day_ratio_60d_sector_neutral,2016-12-30,1,10,0.03730742343472624,0.024191296081956914,0.0600348557875011
positive_day_ratio_60d_sector_neutral,2016-12-30,2,10,-0.021548726841153866,-0.0016122987172760839,0.001178705511620992
positive_day_ratio_60d_sector_neutral,2016-12-30,3,10,0.030960985360251013,0.008080599734218374,0.05368841771302587
positive_day_ratio_60d_sector_neutral,2016-12-30,4,10,0.004559701707705488,0.004878057386942913,0.027287134060480344
positive_day_ratio_60d_sector_neutral,2016-12-30,5,10,-0.02917372189104933,-0.02844493973598189,-0.0064462895382744745
positive_day_ratio_60d_sector_neutral,2017-01-31,1,10,0.0019981053287966956,4.352684799902029e-05,0.050174501548634634
positive_day_ratio_60d_sector_neutral,2017-01-31,2,10,0.008560503179623136,-0.0005504223864705171,0.05673689939946107
positive_day_ratio_60d_sector_neutral,2017-01-31,3,10,-0.000210084183795467,-0.007751356847054303,0.04796631203604247
positive_day_ratio_60d_sector_neutral,2017-01-31,4,10,-0.0038534536818619737,0.0034273897574566003,0.04432294253797596
positive_day_ratio_60d_sector_neutral,2017-01-31,5,10,-0.006868725206461879,0.0032905011038864007,0.041307671013376054
positive_day_ratio_60d_sector_neutral,2017-02-28,1,10,-0.004244511792933758,-0.0021513204182339596,0.0006755529672210714
positive_day_ratio_60d_sector_neutral,2017-02-28,2,10,0.00580512182797398,-0.0035366336729100167,0.01072518658812881
positive_day_ratio_60d_sector_neutral,2017-02-28,3,10,-0.005258461821178018,0.00014526312290175092,-0.0003383970610231879
positive_day_ratio_60d_sector_neutral,2017-02-28,4,10,0.0007086626510294902,-0.0035917503699115505,0.00562872741118432
positive_day_ratio_60d_sector_neutral,2017-02-28,5,10,0.01193504477430033,0.0012160886893517464,0.01685510953445516
positive_day_ratio_60d_sector_neutral,2017-03-31,1,10,-0.017495574404745595,-0.025169755054762377,0.010723803148333644
positive_day_ratio_60d_sector_neutral,2017-03-31,2,10,-0.018576967080632046,-0.03434392871995556,0.009642410472447193
positive_day_ratio_60d_sector_neutral,2017-03-31,3,10,0.0111364414711275,0.01946159215635912,0.03935581902420674
positive_day_ratio_60d_sector_neutral,2017-03-31,4,10,-0.0060029250617333885,-0.0042905391436576235,0.02221645249134585
positive_day_ratio_60d_sector_neutral,2017-03-31,5,10,0.0172597799948778,0.01857913504159625,0.04547915754795704
positive_day_ratio_60d_sector_neutral,2017-04-28,1,10,0.005708918292432874,-0.03422604552504732,0.031123940713044317
positive_day_ratio_60d_sector_neutral,2017-04-28,2,10,-0.024147690351816277,-0.01201222240082589,0.0012673320687951683
positive_day_ratio_60d_sector_neutral,2017-04-28,3,10,-0.013469549650587453,-0.013210957063803153,0.011945472770023991
positive_day_ratio_60d_sector_neutral,2017-04-28,4,10,0.005144864976046626,0.01596968838855206,0.03055988739665807
positive_day_ratio_60d_sector_neutral,2017-04-28,5,10,0.025149698992047175,0.023328930702132933,0.05056472141265862
positive_day_ratio_60d_sector_neutral,2017-05-31,1,10,0.022530270637213145,0.003276005662523729,0.01834713387099408
positive_day_ratio_60d_sector_neutral,2017-05-31,2,10,0.017314750540372337,-0.0049132124181836545,0.013131613774153273
positive_day_ratio_60d_sector_neutral,2017-05-31,3,10,0.017622130930396072,0.005889059515060191,0.01343899416417701
positive_day_ratio_60d_sector_neutral,2017-05-31,4,10,0.005672238571084243,-0.0005135574790819941,0.0014891018048651782
positive_day_ratio_60d_sector_neutral,2017-05-31,5,10,-0.00957277020345304,-0.005644302770553056,-0.013755906969672105
positive_day_ratio_60d_sector_neutral,2017-06-30,1,10,-0.004096555420718994,-0.009950630083895184,0.01770988280328486
positive_day_ratio_60d_sector_neutral,2017-06-30,2,10,-0.0060123680138768456,0.0020032480295956168,0.01579407021012701
positive_day_ratio_60d_sector_neutral,2017-06-30,3,10,0.028230040062865735,0.010511578782477882,0.05003647828686959
positive_day_ratio_60d_sector_neutral,2017-06-30,4,10,-0.010280608442783968,-0.007449224350318584,0.011525829781219887
positive_day_ratio_60d_sector_neutral,2017-06-30,5,10,0.01443094290112279,0.01064835484328841,0.036237381125126644
positive_day_ratio_60d_sector_neutral,2017-07-31,1,10,-0.021825448194005746,-0.018121051532611454,-0.022476203374318514
positive_day_ratio_60d_sector_neutral,2017-07-31,2,10,-0.010973168773500953,0.0009371544561777023,-0.01162392395381372
positive_day_ratio_60d_sector_neutral,2017-07-31,3,10,-0.005251110095182065,0.0037985358359246546,-0.005901865275494833
positive_day_ratio_60d_sector_neutral,2017-07-31,4,10,0.02222778184694164,0.016999209731468845,0.021577026666628873
positive_day_ratio_60d_sector_neutral,2017-07-31,5,10,0.011546545731591796,0.0160930523866335,0.010895790551279028
positive_day_ratio_60d_sector_neutral,2017-08-31,1,10,0.012181062470978776,0.015008130298050593,0.03318470396594381
positive_day_ratio_60d_sector_neutral,2017-08-31,2,10,-0.008092199577163872,-0.029667138793887327,0.012911441917801159
positive_day_ratio_60d_sector_neutral,2017-08-31,3,10,0.028424728294163527,0.036917830712150934,0.049428369789128554
positive_day_ratio_60d_sector_neutral,2017-08-31,4,10,0.014029885348386839,0.018362621428005377,0.03503352684335187
positive_day_ratio_60d_sector_neutral,2017-08-31,5,10,0.00813493857505242,-0.0068397992273352415,0.02913858007001745
positive_day_ratio_60d_sector_neutral,2017-09-29,1,10,-0.008761355426657602,0.006834446172157671,0.030196378519612065
positive_day_ratio_60d_sector_neutral,2017-09-29,2,10,0.03397441532930991,0.024038070812157475,0.07293214927557957
positive_day_ratio_60d_sector_neutral,2017-09-29,3,10,-0.00833254327335362,-0.0015289990554231414,0.030625190672916046
positive_day_ratio_60d_sector_neutral,2017-09-29,4,10,-0.01918068347201386,-0.021100589250567015,0.01977705047425581
positive_day_ratio_60d_sector_neutral,2017-09-29,5,10,0.00042662357916773975,-0.011215518052348883,0.03938435752543741
positive_day_ratio_60d_sector_neutral,2017-10-31,1,10,0.0057083438922701625,0.004873862124641026,0.034746676583756755
positive_day_ratio_60d_sector_neutral,2017-10-31,2,10,-0.009699912808061362,-0.003969444702415448,0.019338419883425228
positive_day_ratio_60d_sector_neutral,2017-10-31,3,10,0.03141127322664002,0.001714834159979195,0.06044960591812661
positive_day_ratio_60d_sector_neutral,2017-10-31,4,10,-0.0019470891427911363,-0.0043114759988164275,0.027091243548695455
positive_day_ratio_60d_sector_neutral,2017-10-31,5,10,0.022382709224536036,0.00888883908259408,0.051421041916022626
positive_day_ratio_60d_sector_neutral,2017-11-30,1,10,-0.010834703628879016,-0.008313481810617862,0.010285362274951405
positive_day_ratio_60d_sector_neutral,2017-11-30,2,10,0.01223004656279244,0.011501306894195373,0.03335011246662286
positive_day_ratio_60d_sector_neutral,2017-11-30,3,10,0.024755073970595332,0.027969809552769842,0.04587513987442575
positive_day_ratio_60d_sector_neutral,2017-11-30,4,10,-0.018679266896169534,-0.016522517928981295,0.0024407990076608876
positive_day_ratio_60d_sector_neutral,2017-11-30,5,10,0.014754358469711426,0.0,0.035874424373541845
positive_day_ratio_60d_sector_neutral,2017-12-29,1,10,-0.03240709595240131,-0.017387373373448978,0.034255745318575795
positive_day_ratio_60d_sector_neutral,2017-12-29,2,10,-0.0011719648647148695,-0.017881943819909707,0.06549087640626224
positive_day_ratio_60d_sector_neutral,2017-12-29,3,10,0.0414456639137073,0.003977097539574315,0.1081085051846844
positive_day_ratio_60d_sector_neutral,2017-12-29,4,10,0.017842924319333285,0.02687859097400014,0.0845057655903104
positive_day_ratio_60d_sector_neutral,2017-12-29,5,10,-0.008549751455990528,0.0010279910191905994,0.05811308981498657
positive_day_ratio_60d_sector_neutral,2018-01-31,1,10,-0.019272859857041746,-0.025489460823752308,-0.07094599591964007
positive_day_ratio_60d_sector_neutral,2018-01-31,2,10,0.017223213903662916,0.013847715094288338,-0.03444992215893541
positive_day_ratio_60d_sector_neutral,2018-01-31,3,10,0.011504328700200827,0.007577681231031308,-0.040168807362397495
positive_day_ratio_60d_sector_neutral,2018-01-31,4,10,-0.04956563698846341,-0.048955418136185036,-0.10123877305106173
positive_day_ratio_60d_sector_neutral,2018-01-31,5,10,0.04778134814126578,0.0327538402156321,-0.0038917879213325457
positive_day_ratio_60d_sector_neutral,2018-02-28,1,10,-0.025824017520409838,-0.00606161491393109,-0.047871290749906016
positive_day_ratio_60d_sector_neutral,2018-02-28,2,10,0.007355551894013479,0.008917924247194842,-0.014691721335482699
positive_day_ratio_60d_sector_neutral,2018-02-28,3,10,-0.01684807806291231,-0.004785835294023433,-0.03889535129240849
positive_day_ratio_60d_sector_neutral,2018-02-28,4,10,0.014060748913773458,0.015747207771931226,-0.00798652431572272
positive_day_ratio_60d_sector_neutral,2018-02-28,5,10,-0.007201112154839884,-0.0032247522846306498,-0.02924838538433606
positive_day_ratio_60d_sector_neutral,2018-03-29,1,10,-0.003647596798567465,-0.014770910889407962,-0.0006795885858495443
positive_day_ratio_60d_sector_neutral,2018-03-29,2,10,-0.004351648058661927,-0.0020603616181792406,-0.001383639845944007
positive_day_ratio_60d_sector_neutral,2018-03-29,3,10,0.02205857919697074,0.005285645892847302,0.02502658740968866
positive_day_ratio_60d_sector_neutral,2018-03-29,4,10,0.039227190350946864,0.026947400908552743,0.042195198563664785
positive_day_ratio_60d_sector_neutral,2018-03-29,5,10,0.007249924562998278,-0.0011875767538248594,0.010217932775716199
positive_day_ratio_60d_sector_neutral,2018-04-30,1,10,0.027062898057154516,0.018224260787155777,0.06275078084023207
positive_day_ratio_60d_sector_neutral,2018-04-30,2,10,0.01553331561363358,0.004018272323984107,0.05122119839671113
positive_day_ratio_60d_sector_neutral,2018-04-30,3,10,-0.0073274080168709175,-0.02481178897592251,0.028360474766206633
positive_day_ratio_60d_sector_neutral,2018-04-30,4,10,-0.0040437505098880775,-0.004934819283469616,0.031644132273189476
positive_day_ratio_60d_sector_neutral,2018-04-30,5,10,-0.014993093234111554,-0.009162531876100166,0.020694789548965996
positive_day_ratio_60d_sector_neutral,2018-05-31,1,10,0.007417421325072659,-0.02415230817031494,0.020656724314842157
positive_day_ratio_60d_sector_neutral,2018-05-31,2,10,0.00229214360539417,0.0036760157958887207,0.015531446595163667
positive_day_ratio_60d_sector_neutral,2018-05-31,3,10,-0.009361102028876356,-0.003161706967011235,0.003878200960893141
positive_day_ratio_60d_sector_neutral,2018-05-31,4,10,0.0019258652874424298,0.016574589055932343,0.015165168277211927
positive_day_ratio_60d_sector_neutral,2018-05-31,5,10,-0.0042444047025072314,-0.004917248960606857,0.008994898287262265
positive_day_ratio_60d_sector_neutral,2018-06-29,1,10,0.012696695260647761,0.022157482718332067,0.058814466571356805
positive_day_ratio_60d_sector_neutral,2018-06-29,2,10,-0.003688643506929823,-0.007856742162981045,0.04242912780377922
positive_day_ratio_60d_sector_neutral,2018-06-29,3,10,0.003688543883103601,0.01923344499455293,0.04980631519381264
positive_day_ratio_60d_sector_neutral,2018-06-29,4,10,-0.0012916067261520947,0.016483351103138477,0.044826164584556946
positive_day_ratio_60d_sector_neutral,2018-06-29,5,10,-0.029768340986778496,-0.006595050523585444,0.016349430323930547
positive_day_ratio_60d_sector_neutral,2018-07-31,1,10,0.01469247743483595,0.004530597207706766,0.043089970484460303
positive_day_ratio_60d_sector_neutral,2018-07-31,2,10,0.013244317609951017,0.006139050199024276,0.041641810659575375
positive_day_ratio_60d_sector_neutral,2018-07-31,3,10,-0.008474144235273628,-0.004010549983092027,0.019923348814350726
positive_day_ratio_60d_sector_neutral,2018-07-31,4,10,-0.00043400237501990403,-0.004622679214803971,0.027963490674604453
positive_day_ratio_60d_sector_neutral,2018-07-31,5,10,0.019581261280964445,0.02636912194287555,0.047978754330588805
positive_day_ratio_60d_sector_neutral,2018-08-31,1,10,0.01867016835428297,-0.006124725436487399,0.038913894840377924
positive_day_ratio_60d_sector_neutral,2018-08-31,2,10,-0.02204832533956801,-0.007684551221929348,-0.0018045988534730495
positive_day_ratio_60d_sector_neutral,2018-08-31,3,10,-0.003624350959692346,0.0022202299944911186,0.016619375526402615
positive_day_ratio_60d_sector_neutral,2018-08-31,4,10,0.011196356506666515,0.011184693276080848,0.03144008299276148
positive_day_ratio_60d_sector_neutral,2018-08-31,5,10,-0.00420018410540256,0.00015141298946963477,0.0160435423806924
positive_day_ratio_60d_sector_neutral,2018-09-28,1,10,0.03798566923085508,0.04065673482232368,-0.05656198474633698
positive_day_ratio_60d_sector_neutral,2018-09-28,2,10,0.0311490179192078,0.043933180110795333,-0.06339863605798426
positive_day_ratio_60d_sector_neutral,2018-09-28,3,10,-0.012788236410954857,-0.026029377636454187,-0.1073358903881469
positive_day_ratio_60d_sector_neutral,2018-09-28,4,10,0.00019992101697423602,-0.0012080489094791202,-0.09434773296021783
positive_day_ratio_60d_sector_neutral,2018-09-28,5,10,-0.006731876747412491,0.009188816158013258,-0.10127953072460456
positive_day_ratio_60d_sector_neutral,2018-10-31,1,10,-0.00037197498060153044,0.011069184805111987,0.04209074753661775
positive_day_ratio_60d_sector_neutral,2018-10-31,2,10,-0.04880522621721558,-0.01041034232058724,-0.006342503699996305
positive_day_ratio_60d_sector_neutral,2018-10-31,3,10,-0.007622452166513372,0.008728224172058652,0.0348402703507059
positive_day_ratio_60d_sector_neutral,2018-10-31,4,10,0.012387580140377285,0.01915719459087728,0.054850302657596564
positive_day_ratio_60d_sector_neutral,2018-10-31,5,10,-0.036627437224980554,-0.026864805771281808,0.005835285292238724
positive_day_ratio_60d_sector_neutral,2018-11-30,1,10,-0.005641318679350149,-0.006781225741045505,-0.10932762196830632
positive_day_ratio_60d_sector_neutral,2018-11-30,2,10,-0.004731750682830804,-0.012913950102741767,-0.10841805397178698
positive_day_ratio_60d_sector_neutral,2018-11-30,3,10,-0.002228040191454228,0.0,-0.1059143434804104
positive_day_ratio_60d_sector_neutral,2018-11-30,4,10,0.021816744044558446,0.022791252928323125,-0.08186955924439773
positive_day_ratio_60d_sector_neutral,2018-11-30,5,10,0.009081957984107391,0.026775242987115033,-0.09460434530484878
positive_day_ratio_60d_sector_neutral,2018-12-31,1,10,0.02821796716678131,0.012534913895575484,0.09671589442832877
positive_day_ratio_60d_sector_neutral,2018-12-31,2,10,0.03714323563135617,0.03362179182639491,0.10564116289290364
positive_day_ratio_60d_sector_neutral,2018-12-31,3,10,-0.060922880220619015,-0.04695272807980089,0.007575047040928451
positive_day_ratio_60d_sector_neutral,2018-12-31,4,10,0.025637928832015787,0.008625612013977824,0.09413585609356326
positive_day_ratio_60d_sector_neutral,2018-12-31,5,10,-0.03220539565902092,-0.03576688832309505,0.036292531602526545
positive_day_ratio_60d_sector_neutral,2019-01-31,1,10,0.01794366112037966,0.02015782114523257,0.05714416464068779
positive_day_ratio_60d_sector_neutral,2019-01-31,2,10,-0.022366397806365068,-0.016223182719462992,0.01683410571394306
positive_day_ratio_60d_sector_neutral,2019-01-31,3,10,-0.010836953126597404,-0.014334366246527064,0.028363550393710725
positive_day_ratio_60d_sector_neutral,2019-01-31,4,10,0.011251158198918554,0.01476226766885258,0.05045166171922668
positive_day_ratio_60d_sector_neutral,2019-01-31,5,10,-0.013069229212580857,-0.00880700143521207,0.02613127430772727
positive_day_ratio_60d_sector_neutral,2019-02-28,1,10,-0.017012406280279092,-0.006208982634350546,0.013075245183802453
positive_day_ratio_60d_sector_neutral,2019-02-28,2,10,0.009767935668147232,-0.0015449049678052384,0.039855587132228774
positive_day_ratio_60d_sector_neutral,2019-02-28,3,10,-0.017475072898567433,-0.025961298928587617,0.01261257856551411
positive_day_ratio_60d_sector_neutral,2019-02-28,4,10,-0.006862321919369996,-0.00011933594250623791,0.02322532954471155
positive_day_ratio_60d_sector_neutral,2019-02-28,5,10,0.01713428066504019,0.012192774739224088,0.047221932129121735
positive_day_ratio_60d_sector_neutral,2019-03-29,1,10,0.04726163440702056,0.004121502311106862,0.09018743359564682
positive_day_ratio_60d_sector_neutral,2019-03-29,2,10,-0.02343950521452719,0.002988097495930764,0.019486293974099077
positive_day_ratio_60d_sector_neutral,2019-03-29,3,10,-0.007459461997511507,-0.027922971302078103,0.03546633719111476
positive_day_ratio_60d_sector_neutral,2019-03-29,4,10,0.01722445508685666,-0.0031266172279872384,0.06015025427548293
positive_day_ratio_60d_sector_neutral,2019-03-29,5,10,-0.0019311966846041416,0.01167008856759466,0.04099460250402213
positive_day_ratio_60d_sector_neutral,2019-04-30,1,10,-0.04087385247131966,-0.019110340991625563,-0.09295527850714322
positive_day_ratio_60d_sector_neutral,2019-04-30,2,10,-0.006166296567151397,0.0012472101997459961,-0.05824772260297495
positive_day_ratio_60d_sector_neutral,2019-04-30,3,10,0.013156693833349576,0.0117074420291024,-0.03892473220247398
positive_day_ratio_60d_sector_neutral,2019-04-30,4,10,-0.02749327176751728,-0.019510504874855672,-0.07957469780334084
positive_day_ratio_60d_sector_neutral,2019-04-30,5,10,0.01916435360522124,0.02045580236726907,-0.03291707243060231
positive_day_ratio_60d_sector_neutral,2019-05-31,1,10,0.04643896224193591,0.02873246703456056,0.1354412441992814
positive_day_ratio_60d_sector_neutral,2019-05-31,2,10,-0.019689004454701543,-0.011132913401970312,0.06931327750264396
positive_day_ratio_60d_sector_neutral,2019-05-31,3,10,-0.02581689741376979,-0.03505921088449249,0.06318538454357571
positive_day_ratio_60d_sector_neutral,2019-05-31,4,10,-0.01736754790778915,-0.00521060676532803,0.07163473404955635
positive_day_ratio_60d_sector_neutral,2019-05-31,5,10,0.014762413117581774,0.009535182774087714,0.10376469507492728
positive_day_ratio_60d_sector_neutral,2019-06-28,1,10,0.027080211540473575,0.023984753831163053,0.0631757383581284
positive_day_ratio_60d_sector_neutral,2019-06-28,2,10,-0.030388695793138954,-0.02180517882219768,0.005706831024515868
positive_day_ratio_60d_sector_neutral,2019-06-28,3,10,0.01265120274451208,0.0024133114166811076,0.0487467295621669
positive_day_ratio_60d_sector_neutral,2019-06-28,4,10,-0.03814641558514996,-0.03995601024795825,-0.00205088876749514
positive_day_ratio_60d_sector_neutral,2019-06-28,5,10,-0.00495571181007467,0.00863515823087213,0.031139815007580153
positive_day_ratio_60d_sector_neutral,2019-07-31,1,10,-0.0002687544286861687,0.007792391488660233,-0.011455916721726845
positive_day_ratio_60d_sector_neutral,2019-07-31,2,10,-0.008397959481128703,-0.004074671640029892,-0.01958512177416938
positive_day_ratio_60d_sector_neutral,2019-07-31,3,10,-0.020254085081209582,-0.028138590895537385,-0.03144124737425026
positive_day_ratio_60d_sector_neutral,2019-07-31,4,10,-0.019755184189010642,-0.012651008820601939,-0.030942346482051318
positive_day_ratio_60d_sector_neutral,2019-07-31,5,10,0.03633704718571551,0.04121757009499444,0.025149884892674834
positive_day_ratio_60d_sector_neutral,2019-08-30,1,10,0.02725635831047568,0.030297607773378754,0.033980210718490333
positive_day_ratio_60d_sector_neutral,2019-08-30,2,10,0.006139952475622756,0.01132159891768747,0.01286380488363741
positive_day_ratio_60d_sector_neutral,2019-08-30,3,10,-0.024276799114002313,-0.03622012785903306,-0.01755294670598766
positive_day_ratio_60d_sector_neutral,2019-08-30,4,10,6.780351140066588e-05,0.0006851390670581381,0.006791655919415318
positive_day_ratio_60d_sector_neutral,2019-08-30,5,10,-0.01097115748280315,-0.016978381990634617,-0.004247305074788499
positive_day_ratio_60d_sector_neutral,2019-09-30,1,10,0.010482617184158504,0.0033120675557191115,0.026591980511192225
positive_day_ratio_60d_sector_neutral,2019-09-30,2,10,0.026898538221020674,-0.0034307314345944917,0.043007901548054395
positive_day_ratio_60d_sector_neutral,2019-09-30,3,10,0.03366910035009522,0.011694048083045083,0.04977846367712894
positive_day_ratio_60d_sector_neutral,2019-09-30,4,10,0.017631288195303085,0.01352186218528939,0.03374065152233681
positive_day_ratio_60d_sector_neutral,2019-09-30,5,10,-0.027620533027638082,-0.01880609126099969,-0.011511169700604363
positive_day_ratio_60d_sector_neutral,2019-10-31,1,10,0.017231544271066435,0.01273033671969015,0.04527754526592398
positive_day_ratio_60d_sector_neutral,2019-10-31,2,10,-0.005386979001430559,-0.0021809551410956196,0.022659021993426988
positive_day_ratio_60d_sector_neutral,2019-10-31,3,10,-0.00434493725461309,-0.003248426564493312,0.023701063740244454
positive_day_ratio_60d_sector_neutral,2019-10-31,4,10,0.010058620551045228,0.002676108556016743,0.03810462154590277
positive_day_ratio_60d_sector_neutral,2019-10-31,5,10,-0.0019373771680170292,-0.0074309001952007625,0.026108623826840517
positive_day_ratio_60d_sector_neutral,2019-11-29,1,10,0.023064178871378748,0.017408032850096622,0.05023587670114578
positive_day_ratio_60d_sector_neutral,2019-11-29,2,10,0.001913554105417359,-0.010172851057011378,0.029085251935184388
positive_day_ratio_60d_sector_neutral,2019-11-29,3,10,0.013978303161057592,0.008920840608830694,0.04115000099082462
positive_day_ratio_60d_sector_neutral,2019-11-29,4,10,0.007423764141599199,-0.01152878716423511,0.034595461971366225
positive_day_ratio_60d_sector_neutral,2019-11-29,5,10,-0.002600171215565594,-0.008227058551984023,0.024571526614201433
positive_day_ratio_60d_sector_neutral,2019-12-31,1,10,0.023431441943115795,0.014072189086537679,0.016843650191282245
positive_day_ratio_60d_sector_neutral,2019-12-31,2,10,-0.014406949639794785,-0.02776602955426488,-0.020994741391628335
positive_day_ratio_60d_sector_neutral,2019-12-31,3,10,-0.017574530798045208,-0.02127256876473199,-0.024162322549878757
positive_day_ratio_60d_sector_neutral,2019-12-31,4,10,-0.02062373790065968,-0.005337700768459075,-0.027211529652493228
positive_day_ratio_60d_sector_neutral,2019-12-31,5,10,0.08782610340828365,0.06335220160473787,0.0812383116564501
average_dollar_volume_20d_sector_neutral,2014-01-31,1,10,0.048931858189490106,0.03438331572277831,0.09721613329316095
average_dollar_volume_20d_sector_neutral,2014-01-31,2,10,0.01544848351247211,0.011376608000221333,0.06373275861614294
average_dollar_volume_20d_sector_neutral,2014-01-31,3,10,0.0019673569538842138,-0.0033449774994548376,0.05025163205755505
average_dollar_volume_20d_sector_neutral,2014-01-31,4,10,-0.0009090171778271428,-0.014565679668454568,0.0473752579258437
average_dollar_volume_20d_sector_neutral,2014-01-31,5,10,0.03175392870904893,-0.0025955245718334297,0.08003820381271977
average_dollar_volume_20d_sector_neutral,2014-02-28,1,10,-0.03349389072149646,-0.023295959244504783,-0.015111986561228152
average_dollar_volume_20d_sector_neutral,2014-02-28,2,10,-0.012171350070820253,-0.021379471761392377,0.006210554089448051
average_dollar_volume_20d_sector_neutral,2014-02-28,3,10,-0.002768510448418626,0.0042439770541592425,0.015613393711849676
average_dollar_volume_20d_sector_neutral,2014-02-28,4,10,0.005753994371547033,0.006324205663663984,0.024135898531815338
average_dollar_volume_20d_sector_neutral,2014-02-28,5,10,-0.03743227763378378,-0.006448081182799381,-0.01905037347351548
average_dollar_volume_20d_sector_neutral,2014-03-31,1,10,-0.019634669793629322,-0.01626792551249423,-0.01647320725396878
average_dollar_volume_20d_sector_neutral,2014-03-31,2,10,-0.0050689786458158696,0.0,-0.0019075161061553269
average_dollar_volume_20d_sector_neutral,2014-03-31,3,10,0.0027925588237176723,0.008562459964345126,0.005954021363378215
average_dollar_volume_20d_sector_neutral,2014-03-31,4,10,0.02992260703166628,0.0344841528671308,0.03308406957132683
average_dollar_volume_20d_sector_neutral,2014-03-31,5,10,-0.01990204123993964,-0.014176314887682506,-0.016740578700279098
average_dollar_volume_20d_sector_neutral,2014-04-30,1,10,0.04826498012981284,0.020132101045899464,0.07377040007589464
average_dollar_volume_20d_sector_neutral,2014-04-30,2,10,-0.004685629520788404,-0.009924484298591052,0.020819790425293395
average_dollar_volume_20d_sector_neutral,2014-04-30,3,10,0.013250062316578937,0.011251469262101743,0.038755482262660734
average_dollar_volume_20d_sector_neutral,2014-04-30,4,10,-0.015148626095106754,-0.013776784779953144,0.010356793850975043
average_dollar_volume_20d_sector_neutral,2014-04-30,5,10,-0.015381399611486801,-0.025794047610133375,0.010124020334594997
average_dollar_volume_20d_sector_neutral,2014-05-30,1,10,-0.015173512164421633,-0.006382674614834771,0.003990488044594354
average_dollar_volume_20d_sector_neutral,2014-05-30,2,10,-0.000409779624415163,-0.006371901704567695,0.01875422058460082
average_dollar_volume_20d_sector_neutral,2014-05-30,3,10,0.0021482408128613573,0.006059875166402495,0.021312241021877343
average_dollar_volume_20d_sector_neutral,2014-05-30,4,10,0.008744240389955993,0.007644752091871654,0.027908240598971977
average_dollar_volume_20d_sector_neutral,2014-05-30,5,10,0.022080806494871496,0.014853999996303324,0.041244806703887485
average_dollar_volume_20d_sector_neutral,2014-06-30,1,10,-0.007736897847525803,-0.006327322516269607,1.9259080227973512e-05
average_dollar_volume_20d_sector_neutral,2014-06-30,2,10,0.0070062547035830815,0.008229915461057224,0.014762411631336857
average_dollar_volume_20d_sector_neutral,2014-06-30,3,10,-0.004038690042962567,0.0018875927988805108,0.0037174668847912095
average_dollar_volume_20d_sector_neutral,2014-06-30,4,10,-0.027906064538386333,-0.02315000172624404,-0.020149907610632557
average_dollar_volume_20d_sector_neutral,2014-06-30,5,10,0.009322514721635755,0.0010632096744789266,0.017078671649389532
average_dollar_volume_20d_sector_neutral,2014-07-31,1,10,0.0254516139578989,0.002314957163110254,0.06728977340400925
average_dollar_volume_20d_sector_neutral,2014-07-31,2,10,-0.0005833601058725879,-0.007781809097043624,0.04125479934023777
average_dollar_volume_20d_sector_neutral,2014-07-31,3,10,-0.006578185517305724,-0.004437536164463407,0.03525997392880463
average_dollar_volume_20d_sector_neutral,2014-07-31,4,10,-0.0020653576177538267,0.0027663386187830596,0.03977280182835653
average_dollar_volume_20d_sector_neutral,2014-07-31,5,10,0.02423583089681929,0.013788097717131298,0.06607399034292964
average_dollar_volume_20d_sector_neutral,2014-08-29,1,10,-0.006821722335798319,-0.013830992819571286,-0.0028045081759395353
average_dollar_volume_20d_sector_neutral,2014-08-29,2,10,-0.0001601611155490512,0.008610259032767797,0.003857053044309733
average_dollar_volume_20d_sector_neutral,2014-08-29,3,10,-0.0172959654819841,-0.0023820991502950806,-0.013278751322125314
average_dollar_volume_20d_sector_neutral,2014-08-29,4,10,-0.016222882880493405,-0.015770229690037718,-0.01220566872063462
average_dollar_volume_20d_sector_neutral,2014-08-29,5,10,-0.00786250255575437,0.01000826614336725,-0.003845288395895585
average_dollar_volume_20d_sector_neutral,2014-09-30,1,10,-0.010144869143029034,0.004821393190839185,0.0002676620994737089
average_dollar_volume_20d_sector_neutral,2014-09-30,2,10,0.002919447294612043,0.01118541397612105,0.013331978537114786
average_dollar_volume_20d_sector_neutral,2014-09-30,3,10,-0.0006810293737279261,0.004711384031353627,0.009731501868774816
average_dollar_volume_20d_sector_neutral,2014-09-30,4,10,-0.005308297790633654,-0.00975182958604931,0.005104233451869089
average_dollar_volume_20d_sector_neutral,2014-09-30,5,10,-0.014589350688623515,-0.017003513626332123,-0.004176819446120772
average_dollar_volume_20d_sector_neutral,2014-10-31,1,10,0.0165939384739622,0.020392072255115967,0.0603060051222182
average_dollar_volume_20d_sector_neutral,2014-10-31,2,10,-0.016317711986750815,-0.001492696242024194,0.027394354661505183
average_dollar_volume_20d_sector_neutral,2014-10-31,3,10,-0.014341364297961711,0.0035938305606962873,0.029370702350294285
average_dollar_volume_20d_sector_neutral,2014-10-31,4,10,-0.0034672783019772725,-0.011663410947676311,0.040244788346278725
average_dollar_volume_20d_sector_neutral,2014-10-31,5,10,-0.016587806496467815,-0.01771099188752412,0.027124260151788183
average_dollar_volume_20d_sector_neutral,2014-11-28,1,10,0.0024041331349163642,0.001112610863108876,0.02445355601793673
average_dollar_volume_20d_sector_neutral,2014-11-28,2,10,-0.011047864853840883,-0.0022886085909348264,0.011001558029179482
average_dollar_volume_20d_sector_neutral,2014-11-28,3,10,0.004894504047407333,0.01778635981109744,0.026943926930427697
average_dollar_volume_20d_sector_neutral,2014-11-28,4,10,-0.006052735290482225,0.0011595755062731028,0.01599668759253814
average_dollar_volume_20d_sector_neutral,2014-11-28,5,10,-0.04082171315739848,-0.043660366569511666,-0.01877229027437811
average_dollar_volume_20d_sector_neutral,2014-12-31,1,10,0.020936414051419362,-0.002905894482169824,0.012014227034602564
average_dollar_volume_20d_sector_neutral,2014-12-31,2,10,-0.006387688848801765,0.005599250268413181,-0.01530987586561856
average_dollar_volume_20d_sector_neutral,2014-12-31,3,10,0.012230923672264693,0.029996369120733668,0.003308736655447897
average_dollar_volume_20d_sector_neutral,2014-12-31,4,10,-0.008958666454690966,0.0004714878053735938,-0.017880853471507762
average_dollar_volume_20d_sector_neutral,2014-12-31,5,10,-0.01945238018614568,-0.036281672053345426,-0.028374567202962477
average_dollar_volume_20d_sector_neutral,2015-01-30,1,10,0.04405063203234273,0.04751114784982069,0.10452949185894522
average_dollar_volume_20d_sector_neutral,2015-01-30,2,10,-0.0014206687065546064,-0.0007843964400426895,0.0590581911200479
average_dollar_volume_20d_sector_neutral,2015-01-30,3,10,-0.01452061670893785,-0.004740927903613024,0.04595824311766465
average_dollar_volume_20d_sector_neutral,2015-01-30,4,10,-0.04005154127076223,-0.03125333145910081,0.02042731855584028
average_dollar_volume_20d_sector_neutral,2015-01-30,5,10,-0.001705992344183871,-0.006800806434515194,0.05877286748241863
average_dollar_volume_20d_sector_neutral,2015-02-27,1,10,0.0076481898690546005,0.017750462843374337,-0.0020701242751334004
average_dollar_volume_20d_sector_neutral,2015-02-27,2,10,0.004972247096748816,0.001806867791527389,-0.004746067047439184
average_dollar_volume_20d_sector_neutral,2015-02-27,3,10,0.012723235130537802,0.004668058763264871,0.0030049209863498016
average_dollar_volume_20d_sector_neutral,2015-02-27,4,10,-0.016011002725763234,-0.012141965972510882,-0.025729316869951235
average_dollar_volume_20d_sector_neutral,2015-02-27,5,10,-0.007403542239884697,-0.0052441695538048005,-0.0171218563840727
average_dollar_volume_20d_sector_neutral,2015-03-31,1,10,5.0763520613617e-05,0.027965957777929262,-0.0024401434621588725
average_dollar_volume_20d_sector_neutral,2015-03-31,2,10,0.02061254509125048,-0.014597098238413764,0.01812163810847799
average_dollar_volume_20d_sector_neutral,2015-03-31,3,10,-0.008630152680844817,-0.017847059610997196,-0.011121059663617306
average_dollar_volume_20d_sector_neutral,2015-03-31,4,10,0.014914300299396766,0.007506601396831847,0.012423393316624277
average_dollar_volume_20d_sector_neutral,2015-03-31,5,10,0.0686938241256,0.04899249541555012,0.06620291714282751
average_dollar_volume_20d_sector_neutral,2015-04-30,1,10,0.01991946516050951,-0.0015407737112261843,0.04105625584599419
average_dollar_volume_20d_sector_neutral,2015-04-30,2,10,0.016837238624637253,0.014765121914016688,0.037974029310121934
average_dollar_volume_20d_sector_neutral,2015-04-30,3,10,-0.014817538547629594,-0.0026550425396875132,0.006319252137855091
average_dollar_volume_20d_sector_neutral,2015-04-30,4,10,-0.02829006781851686,-0.026150141550080108,-0.007153277133032177
average_dollar_volume_20d_sector_neutral,2015-04-30,5,10,0.021182242188190082,0.015876899127354904,0.042319032873674764
average_dollar_volume_20d_sector_neutral,2015-05-29,1,10,-0.020783198136055503,-0.039451494746097604,-0.046821693568381006
average_dollar_volume_20d_sector_neutral,2015-05-29,2,10,0.017010092297905254,0.020992565624786075,-0.009028403134420248
average_dollar_volume_20d_sector_neutral,2015-05-29,3,10,0.0026575754735989944,0.004136576247808499,-0.023380919958726508
average_dollar_volume_20d_sector_neutral,2015-05-29,4,10,3.4996774730888805e-05,-0.012946744756953676,-0.026003498657594614
average_dollar_volume_20d_sector_neutral,2015-05-29,5,10,0.026411338444827914,0.031202542255754806,0.0003728430125024107
average_dollar_volume_20d_sector_neutral,2015-06-30,1,10,0.027298997143135717,0.02218957446838732,0.06123120119937736
average_dollar_volume_20d_sector_neutral,2015-06-30,2,10,-0.01366944138809153,-0.0009601096687976707,0.020262762668150115
average_dollar_volume_20d_sector_neutral,2015-06-30,3,10,-0.01951287821352138,0.007765388000033346,0.014419325842720265
average_dollar_volume_20d_sector_neutral,2015-06-30,4,10,-0.028318622596129595,-0.018973692758133764,0.0056135814601120495
average_dollar_volume_20d_sector_neutral,2015-06-30,5,10,0.03469089201607746,0.013965886124531979,0.0686230960723191
average_dollar_volume_20d_sector_neutral,2015-07-31,1,10,0.021698688255366506,0.01706717933690577,-0.0318353994885048
average_dollar_volume_20d_sector_neutral,2015-07-31,2,10,-0.014113059892137602,-0.002977570034086219,-0.0676471476360089
average_dollar_volume_20d_sector_neutral,2015-07-31,3,10,0.023605378102140105,0.03125909911969621,-0.0299287096417312
average_dollar_volume_20d_sector_neutral,2015-07-31,4,10,-0.012128866207027222,-0.014789832279057169,-0.06566295395089852
average_dollar_volume_20d_sector_neutral,2015-07-31,5,10,-0.012317521283594968,-0.01188569568951725,-0.06585160902746627
average_dollar_volume_20d_sector_neutral,2015-08-31,1,10,0.026176712417009494,0.013062621778006711,0.01845531887828502
average_dollar_volume_20d_sector_neutral,2015-08-31,2,10,-0.0209384579551113,-0.016181390137430418,-0.028659851493835774
average_dollar_volume_20d_sector_neutral,2015-08-31,3,10,0.00014227634341649198,0.00958984815352204,-0.007579117195307983
average_dollar_volume_20d_sector_neutral,2015-08-31,4,10,-0.03856959992026893,-0.025141982188273904,-0.0462909934589934
average_dollar_volume_20d_sector_neutral,2015-08-31,5,10,-0.015429242309756331,-0.006538644442729946,-0.023150635848480806
average_dollar_volume_20d_sector_neutral,2015-09-30,1,10,0.011277111903598846,0.026428448319782638,0.10271952263981503
average_dollar_volume_20d_sector_neutral,2015-09-30,2,10,0.011132740127758023,0.0023883198632081992,0.1025751508639742
average_dollar_volume_20d_sector_neutral,2015-09-30,3,10,-0.031072832983624187,-0.02889636235477422,0.06036957775259198
average_dollar_volume_20d_sector_neutral,2015-09-30,4,10,-0.04863076845464087,-0.02175048498701826,0.0428116422815753
average_dollar_volume_20d_sector_neutral,2015-09-30,5,10,0.02724695590035444,0.0033906973651440797,0.11868936663657062
average_dollar_volume_20d_sector_neutral,2015-10-30,1,10,-0.004493522411461948,-0.001616403523756249,0.01682263190822597
average_dollar_volume_20d_sector_neutral,2015-10-30,2,10,0.003066050934681186,-0.002607487414394427,0.024382205254369106
average_dollar_volume_20d_sector_neutral,2015-10-30,3,10,-0.012524656891562824,-0.0071727584206517925,0.008791497428125095
average_dollar_volume_20d_sector_neutral,2015-10-30,4,10,0.0014526183118498738,-0.011880367085246757,0.022768772631537794
average_dollar_volume_20d_sector_neutral,2015-10-30,5,10,0.031617025442638044,0.030084294609946105,0.05293317976232596
average_dollar_volume_20d_sector_neutral,2015-11-30,1,10,-0.0012635508334017053,-0.0018723748928853867,0.007156981312692467
average_dollar_volume_20d_sector_neutral,2015-11-30,2,10,-0.014696219271106915,-0.0005287522121305566,-0.006275687125012741
average_dollar_volume_20d_sector_neutral,2015-11-30,3,10,-0.014348994827228245,0.002512054517869622,-0.0059284626811340725
average_dollar_volume_20d_sector_neutral,2015-11-30,4,10,0.00028761498860725433,0.002608161363012451,0.008708147134701427
average_dollar_volume_20d_sector_neutral,2015-11-30,5,10,-0.010198765935862475,0.0004018492505364346,-0.0017782337897683021
average_dollar_volume_20d_sector_neutral,2015-12-31,1,10,-0.0239200298986739,-0.025013895465593627,-0.09833625539702204
average_dollar_volume_20d_sector_neutral,2015-12-31,2,10,-0.022513410557999925,-0.004704949258281743,-0.09692963605634806
average_dollar_volume_20d_sector_neutral,2015-12-31,3,10,0.04459062538618809,0.04438673163664508,-0.029825600112160056
average_dollar_volume_20d_sector_neutral,2015-12-31,4,10,0.02530629427521115,-0.0069462154710222546,-0.04910993122313699
average_dollar_volume_20d_sector_neutral,2015-12-31,5,10,0.0047720748347525824,0.003137121830292744,-0.06964415066359556
average_dollar_volume_20d_sector_neutral,2016-01-29,1,10,0.03661832434165778,0.013077735489271936,0.053376584354344433
average_dollar_volume_20d_sector_neutral,2016-01-29,2,10,-0.0283884742459242,-0.02998933930719777,-0.011630214233237545
average_dollar_volume_20d_sector_neutral,2016-01-29,3,10,-0.011769808100116996,0.0010916367614107747,0.004988451912569658
average_dollar_volume_20d_sector_neutral,2016-01-29,4,10,0.031824168261123706,0.00701401912639954,0.04858242827381036
average_dollar_volume_20d_sector_neutral,2016-01-29,5,10,-0.016753478223769113,-0.02209482549944014,4.781788917540553e-06
average_dollar_volume_20d_sector_neutral,2016-02-29,1,10,0.02496813249025718,0.030219840503770468,0.10216072481955515
average_dollar_volume_20d_sector_neutral,2016-02-29,2,10,-0.004957187090651516,-0.002771080631508438,0.07223540523864647
average_dollar_volume_20d_sector_neutral,2016-02-29,3,10,0.009880038412537184,0.0009151879299057475,0.08707263074183516
average_dollar_volume_20d_sector_neutral,2016-02-29,4,10,-0.012099680446351036,-0.01683365006191051,0.06509291188294694
average_dollar_volume_20d_sector_neutral,2016-02-29,5,10,5.090777336029806e-05,-0.0004232791833268523,0.07724350010265828
average_dollar_volume_20d_sector_neutral,2016-03-31,1,10,-0.010429394897595024,-0.009770420938837343,0.0009260821648785055
average_dollar_volume_20d_sector_neutral,2016-03-31,2,10,-0.01808122110672411,-0.01915005307949813,-0.006725744044250581
average_dollar_volume_20d_sector_neutral,2016-03-31,3,10,0.01896181859832815,0.003519621500594039,0.03031729566080168
average_dollar_volume_20d_sector_neutral,2016-03-31,4,10,0.01199579995546538,0.01805287294675162,0.02335127701793891
average_dollar_volume_20d_sector_neutral,2016-03-31,5,10,-0.00028776404678593215,0.021824105636755076,0.011067713015687597
average_dollar_volume_20d_sector_neutral,2016-04-29,1,10,0.048064497192354186,0.04335426391585928,0.06011657101158975
average_dollar_volume_20d_sector_neutral,2016-04-29,2,10,0.0005289246565580719,-0.021726490721363123,0.012580998475793637
average_dollar_volume_20d_sector_neutral,2016-04-29,3,10,-0.010814000736658414,-0.011376449915297737,0.0012380730825771514
average_dollar_volume_20d_sector_neutral,2016-04-29,4,10,-0.01276844078638444,0.0012455883755434494,-0.0007163669671488738
average_dollar_volume_20d_sector_neutral,2016-04-29,5,10,0.011052335869891872,0.0021569673258321487,0.023104409689127435
average_dollar_volume_20d_sector_neutral,2016-05-31,1,10,-0.0034803769472743105,0.0011902412251572625,-0.00477662958593138
average_dollar_volume_20d_sector_neutral,2016-05-31,2,10,-0.029979179572894744,-0.030277075382789342,-0.03127543221155181
average_dollar_volume_20d_sector_neutral,2016-05-31,3,10,0.026669117906623362,0.030518273740493318,0.025372865267966293
average_dollar_volume_20d_sector_neutral,2016-05-31,4,10,0.0016150708418664617,-0.0004186857898200169,0.00031881820320939225
average_dollar_volume_20d_sector_neutral,2016-05-31,5,10,-0.02720437588837248,-0.04148024833016578,-0.02850062852702955
average_dollar_volume_20d_sector_neutral,2016-06-30,1,10,0.03998323719578047,0.03430268345986176,0.08707911565139384
average_dollar_volume_20d_sector_neutral,2016-06-30,2,10,-0.018361015561313743,-0.014432336542626212,0.028734862894299617
average_dollar_volume_20d_sector_neutral,2016-06-30,3,10,-0.01722878912150353,-0.024804261350241275,0.02986708933410983
average_dollar_volume_20d_sector_neutral,2016-06-30,4,10,-0.010371537962560518,-0.023708896060603668,0.03672434049305284
average_dollar_volume_20d_sector_neutral,2016-06-30,5,10,0.009216041957757881,0.02925981192728644,0.05631192041337124
average_dollar_volume_20d_sector_neutral,2016-07-29,1,10,0.00373103451423773,-0.005800157460421285,0.014469492747886337
average_dollar_volume_20d_sector_neutral,2016-07-29,2,10,0.003495436868352908,0.00017722592309998841,0.014233895102001515
average_dollar_volume_20d_sector_neutral,2016-07-29,3,10,-0.0058546177734170365,0.0037562215796363985,0.00488384046023157
average_dollar_volume_20d_sector_neutral,2016-07-29,4,10,-0.01368333756860236,-0.01917864457349938,-0.002944879334953754
average_dollar_volume_20d_sector_neutral,2016-07-29,5,10,0.01752193831107248,0.02028142856738213,0.028260396544721088
average_dollar_volume_20d_sector_neutral,2016-08-31,1,10,0.0038086877850423196,0.005814451390410369,0.008239741936287437
average_dollar_volume_20d_sector_neutral,2016-08-31,2,10,-0.005833603108978036,0.0032674012521764495,-0.0014025489577329186
average_dollar_volume_20d_sector_neutral,2016-08-31,3,10,0.005455538880555,0.0006628225111796615,0.009886593031800117
average_dollar_volume_20d_sector_neutral,2016-08-31,4,10,-0.019636995659881508,-0.019206201166623027,-0.015205941508636389
average_dollar_volume_20d_sector_neutral,2016-08-31,5,10,0.015074873878647399,0.008851696049757773,0.019505928029892518
average_dollar_volume_20d_sector_neutral,2016-09-30,1,10,0.006262039044819023,0.0008234670873982219,-0.008270398914221443
average_dollar_volume_20d_sector_neutral,2016-09-30,2,10,0.0374006948297438,0.0018514717240928902,0.02286825687070333
average_dollar_volume_20d_sector_neutral,2016-09-30,3,10,-0.031104492970860643,-0.043087457095500825,-0.04563693092990111
average_dollar_volume_20d_sector_neutral,2016-09-30,4,10,-0.0083586132326681,-0.00013576813150245615,-0.022891051191708568
average_dollar_volume_20d_sector_neutral,2016-09-30,5,10,0.016294514664869763,0.025590196282770594,0.0017620767058292963
average_dollar_volume_20d_sector_neutral,2016-10-31,1,10,0.023559823575788962,0.018419503892289524,0.05372838421720634
average_dollar_volume_20d_sector_neutral,2016-10-31,2,10,0.0004475285406352114,-0.021447768245967724,0.030616089182052587
average_dollar_volume_20d_sector_neutral,2016-10-31,3,10,-0.003580148974022679,0.003015159654286559,0.026588411667394694
average_dollar_volume_20d_sector_neutral,2016-10-31,4,10,0.013991615461879492,0.042682495404868015,0.044160176103296866
average_dollar_volume_20d_sector_neutral,2016-10-31,5,10,0.002197613638247864,-0.03473510103392358,0.03236617427966524
average_dollar_volume_20d_sector_neutral,2016-11-30,1,10,0.0011879231322485917,0.005590827705415191,0.023462019035409686
average_dollar_volume_20d_sector_neutral,2016-11-30,2,10,0.010480175097331457,-0.011040605520110325,0.03275427100049255
average_dollar_volume_20d_sector_neutral,2016-11-30,3,10,0.004326729756722736,0.0015120937560306746,0.02660082565988383
average_dollar_volume_20d_sector_neutral,2016-11-30,4,10,-0.0007690985861661948,-0.006163921345729628,0.0215049973169949
average_dollar_volume_20d_sector_neutral,2016-11-30,5,10,0.010095719919596046,0.015982516302296412,0.03236981582275714
average_dollar_volume_20d_sector_neutral,2016-12-30,1,10,-0.004984397837421828,-0.002058682839521153,0.01774303451535303
average_dollar_volume_20d_sector_neutral,2016-12-30,2,10,0.01058490964409452,0.0113447681993748,0.033312341996869374
average_dollar_volume_20d_sector_neutral,2016-12-30,3,10,-0.014268262295971623,-0.035801221596358346,0.008459170056803234
average_dollar_volume_20d_sector_neutral,2016-12-30,4,10,0.006619870092680269,0.0012022109665564829,0.029347302445455126
average_dollar_volume_20d_sector_neutral,2016-12-30,5,10,0.024153542167098207,0.01858866887115318,0.04688097451987307
average_dollar_volume_20d_sector_neutral,2017-01-31,1,10,0.01713995573601691,0.013417151267216987,0.06531635195585485
average_dollar_volume_20d_sector_neutral,2017-01-31,2,10,0.000321650134178364,0.023818276928611826,0.0484980463540163
average_dollar_volume_20d_sector_neutral,2017-01-31,3,10,-0.007314953348048392,-0.013841166302008046,0.04086144287178954
average_dollar_volume_20d_sector_neutral,2017-01-31,4,10,-0.012882118836626854,-0.01361479566502688,0.03529427738321108
average_dollar_volume_20d_sector_neutral,2017-01-31,5,10,0.0023618117507804848,-0.004575483800410729,0.05053820797061842
average_dollar_volume_20d_sector_neutral,2017-02-28,1,10,0.027151026083497908,0.018138039358313707,0.03207109084365274
average_dollar_volume_20d_sector_neutral,2017-02-28,2,10,-0.014448715212835661,-0.004306343435848237,-0.009528650452680832
average_dollar_volume_20d_sector_neutral,2017-02-28,3,10,-0.008425985744291353,-0.008814490645019268,-0.0035059209841365236
average_dollar_volume_20d_sector_neutral,2017-02-28,4,10,-0.017393102487384383,-0.017503090309562597,-0.012473037727229552
average_dollar_volume_20d_sector_neutral,2017-02-28,5,10,0.02206263300020551,0.02404868293040585,0.02698269776036034
average_dollar_volume_20d_sector_neutral,2017-03-31,1,10,-0.0007089338748560769,0.008067101301163615,0.02751044367822316
average_dollar_volume_20d_sector_neutral,2017-03-31,2,10,-0.012884034064516103,-0.02210141283829231,0.015335343488563136
average_dollar_volume_20d_sector_neutral,2017-03-31,3,10,-0.011586391638655536,-0.009930855998027899,0.016632985914423703
average_dollar_volume_20d_sector_neutral,2017-03-31,4,10,0.011636481269948585,0.020048085516245262,0.03985585882302782
average_dollar_volume_20d_sector_neutral,2017-03-31,5,10,-0.00013636677302659718,-0.016091635755672073,0.028083010780052643
average_dollar_volume_20d_sector_neutral,2017-04-28,1,10,-0.015991655105723878,-0.00725006568764186,0.009423367314887566
average_dollar_volume_20d_sector_neutral,2017-04-28,2,10,-0.005594729360589368,0.010272550541305936,0.019820293060022077
average_dollar_volume_20d_sector_neutral,2017-04-28,3,10,-0.01985168837483705,-0.02219999707111331,0.005563334045774393
average_dollar_volume_20d_sector_neutral,2017-04-28,4,10,0.0027317877053503747,0.003985741609440985,0.02814681012596182
average_dollar_volume_20d_sector_neutral,2017-04-28,5,10,0.03709252739392287,0.00992837890689413,0.06250754981453431
average_dollar_volume_20d_sector_neutral,2017-05-31,1,10,2.4178176084399538e-05,-0.009491012806047805,-0.004158958590134665
average_dollar_volume_20d_sector_neutral,2017-05-31,2,10,0.018362823700455843,0.0058991916383906995,0.014179686934236779
average_dollar_volume_20d_sector_neutral,2017-05-31,3,10,0.004269093737125762,-5.206421664399885e-05,8.595697090669762e-05
average_dollar_volume_20d_sector_neutral,2017-05-31,4,10,0.00985331683520615,-0.001077495577986809,0.0056701800689870855
average_dollar_volume_20d_sector_neutral,2017-05-31,5,10,0.021057208026740604,0.010867325296755659,0.01687407126052154
average_dollar_volume_20d_sector_neutral,2017-06-30,1,10,-0.0036514839823882815,-0.009950630083895184,0.018154954241615572
average_dollar_volume_20d_sector_neutral,2017-06-30,2,10,0.022425152364416733,-0.0008388112427428762,0.04423159058842059
average_dollar_volume_20d_sector_neutral,2017-06-30,3,10,0.0012262293899645061,0.004241743782783636,0.023032667613968362
average_dollar_volume_20d_sector_neutral,2017-06-30,4,10,-0.008090534593904696,-0.004099249926867721,0.013715903630099158
average_dollar_volume_20d_sector_neutral,2017-06-30,5,10,0.010362087908520456,0.004470484694065968,0.032168526132524314
average_dollar_volume_20d_sector_neutral,2017-07-31,1,10,-0.023175022462663876,-0.011733845123520492,-0.023825777642976644
average_dollar_volume_20d_sector_neutral,2017-07-31,2,10,0.004777561366617078,0.020942734967002052,0.004126806186304311
average_dollar_volume_20d_sector_neutral,2017-07-31,3,10,-0.005387651716204911,0.012243764239715849,-0.006038406896517678
average_dollar_volume_20d_sector_neutral,2017-07-31,4,10,0.008743244740241341,0.007781002993239583,0.008092489559928574
average_dollar_volume_20d_sector_neutral,2017-07-31,5,10,0.010766468587855038,-0.0016471150277580504,0.010115713407542271
average_dollar_volume_20d_sector_neutral,2017-08-31,1,10,-0.010577314245805436,-0.03135480270220836,0.010426327249159595
average_dollar_volume_20d_sector_neutral,2017-08-31,2,10,0.012932436501154897,0.017620698351837882,0.03393607799611993
average_dollar_volume_20d_sector_neutral,2017-08-31,3,10,0.05710010779926267,0.030600843176493253,0.0781037492942277
average_dollar_volume_20d_sector_neutral,2017-08-31,4,10,0.0019515727190135058,-0.013016033883528566,0.022955214213978538
average_dollar_volume_20d_sector_neutral,2017-08-31,5,10,-0.006728387662207946,-0.022913543260356772,0.014275253832757084
average_dollar_volume_20d_sector_neutral,2017-09-29,1,10,0.002338578420701587,0.01440363139215306,0.041296312366971254
average_dollar_volume_20d_sector_neutral,2017-09-29,2,10,-0.015571344813178878,-0.019955368133341977,0.02338638913309079
average_dollar_volume_20d_sector_neutral,2017-09-29,3,10,0.00034224409587569894,-0.00750902298185141,0.03929997804214537
average_dollar_volume_20d_sector_neutral,2017-09-29,4,10,-0.010711532856411455,0.007210940819126099,0.028246201089858213
average_dollar_volume_20d_sector_neutral,2017-09-29,5,10,0.021728511889465608,0.03345267320380396,0.06068624583573527
average_dollar_volume_20d_sector_neutral,2017-10-31,1,10,0.05381086648794078,0.03337741632401936,0.08284919917942737
average_dollar_volume_20d_sector_neutral,2017-10-31,2,10,-0.009119525744519397,-0.004020669858896153,0.019918806946967193
average_dollar_volume_20d_sector_neutral,2017-10-31,3,10,0.0019317881665333215,-0.005451018926080686,0.030970120858019912
average_dollar_volume_20d_sector_neutral,2017-10-31,4,10,0.020037606429110268,0.011797154484631034,0.04907593912059686
average_dollar_volume_20d_sector_neutral,2017-10-31,5,10,-0.018805410946471247,-0.010407580976231068,0.010232921745015344
average_dollar_volume_20d_sector_neutral,2017-11-30,1,10,0.00875707254226844,0.022619880363412115,0.02987713844609886
average_dollar_volume_20d_sector_neutral,2017-11-30,2,10,-0.0017061326866431247,-0.005985285457681622,0.019413933217187297
average_dollar_volume_20d_sector_neutral,2017-11-30,3,10,0.0019289069870026209,-5.291695676101771e-05,0.02304897289083304
average_dollar_volume_20d_sector_neutral,2017-11-30,4,10,0.013719671858737703,0.007329674036850808,0.03483973776256812
average_dollar_volume_20d_sector_neutral,2017-11-30,5,10,-0.0004740102233149912,0.0005110706478727023,0.02064605568051543
average_dollar_volume_20d_sector_neutral,2017-12-29,1,10,-0.004735862940142032,0.011697441652585905,0.06192697833083507
average_dollar_volume_20d_sector_neutral,2017-12-29,2,10,0.02289459072597182,-0.003041272748445012,0.08955743199694892
average_dollar_volume_20d_sector_neutral,2017-12-29,3,10,0.008039787794143072,0.009963698196580273,0.07470262906512018
average_dollar_volume_20d_sector_neutral,2017-12-29,4,10,-0.03934478620703569,-0.02426000742693124,0.027318055063941415
average_dollar_volume_20d_sector_neutral,2017-12-29,5,10,0.030306046586996704,0.018977267410597465,0.0969688878579738
average_dollar_volume_20d_sector_neutral,2018-01-31,1,10,0.0035820106372523195,0.014413069713769322,-0.04809112542534601
average_dollar_volume_20d_sector_neutral,2018-01-31,2,10,-0.013753758900990565,-0.016650779730241705,-0.06542689496358889
average_dollar_volume_20d_sector_neutral,2018-01-31,3,10,-0.015122772595128897,-0.008799829436983764,-0.06679590865772722
average_dollar_volume_20d_sector_neutral,2018-01-31,4,10,0.01214857266732694,0.00011806499163241613,-0.039524563395271384
average_dollar_volume_20d_sector_neutral,2018-01-31,5,10,0.020816342091164564,0.022977408326943283,-0.03085679397143376
average_dollar_volume_20d_sector_neutral,2018-02-28,1,10,-0.012705050720454702,-0.0014049390693097186,-0.034752323949950883
average_dollar_volume_20d_sector_neutral,2018-02-28,2,10,-0.018281015077278362,0.0020754250976712796,-0.04032828830677454
average_dollar_volume_20d_sector_neutral,2018-02-28,3,10,0.030832496512737728,0.031131882625598073,0.00878522328324155
average_dollar_volume_20d_sector_neutral,2018-02-28,4,10,-0.01186699982367867,-0.013174490171735387,-0.03391427305317485
average_dollar_volume_20d_sector_neutral,2018-02-28,5,10,-0.016436337821701084,-0.020985624569044903,-0.03848361105119726
average_dollar_volume_20d_sector_neutral,2018-03-29,1,10,-0.0038051292404809533,-0.002323374161570524,-0.0008371210277630326
average_dollar_volume_20d_sector_neutral,2018-03-29,2,10,-0.006594262982165489,-0.006149018048309363,-0.003626254769447568
average_dollar_volume_20d_sector_neutral,2018-03-29,3,10,0.04897121924015718,0.04372382934442043,0.0519392274528751
average_dollar_volume_20d_sector_neutral,2018-03-29,4,10,0.015247722531714514,0.01412792402252927,0.018215730744432435
average_dollar_volume_20d_sector_neutral,2018-03-29,5,10,0.0067168997044612325,-0.008736638959630783,0.009684907917179153
average_dollar_volume_20d_sector_neutral,2018-04-30,1,10,0.024374753909488532,0.007494907708694432,0.06006263669256608
average_dollar_volume_20d_sector_neutral,2018-04-30,2,10,-0.013214695217152373,-0.013315612043896086,0.02247318756592518
average_dollar_volume_20d_sector_neutral,2018-04-30,3,10,-0.011388932264013307,-0.009825533471835013,0.024298950519064243
average_dollar_volume_20d_sector_neutral,2018-04-30,4,10,-0.00035154458815463976,0.0,0.03533633819492291
average_dollar_volume_20d_sector_neutral,2018-04-30,5,10,0.016812380069749333,0.014396007315528148,0.052500262852826884
average_dollar_volume_20d_sector_neutral,2018-05-31,1,10,-0.006932497715290998,-0.017556630474314106,0.006306805274478499
average_dollar_volume_20d_sector_neutral,2018-05-31,2,10,-0.0017947328382233007,-0.004917248960606857,0.011444570151546197
average_dollar_volume_20d_sector_neutral,2018-05-31,3,10,0.0018146307130596285,0.015069786035382227,0.015053933702829125
average_dollar_volume_20d_sector_neutral,2018-05-31,4,10,0.007483297787639676,0.002517986513094872,0.020722600777409173
average_dollar_volume_20d_sector_neutral,2018-05-31,5,10,-0.002540774460659334,-0.019111946937832913,0.010698528529110162
average_dollar_volume_20d_sector_neutral,2018-06-29,1,10,-0.028081915138692803,-0.03720374037758423,0.01803585617201624
average_dollar_volume_20d_sector_neutral,2018-06-29,2,10,0.031135764549338397,0.031817566352462245,0.07725353586004743
average_dollar_volume_20d_sector_neutral,2018-06-29,3,10,0.019111718333290152,0.00913325846507318,0.06522948964399919
average_dollar_volume_20d_sector_neutral,2018-06-29,4,10,-0.00434063087218336,-0.002454020902777465,0.041777140438525685
average_dollar_volume_20d_sector_neutral,2018-06-29,5,10,-0.036188288947861434,-0.006479260298503431,0.009929482362847608
average_dollar_volume_20d_sector_neutral,2018-07-31,1,10,0.023284202444091694,0.007920685045317954,0.051681695493716054
average_dollar_volume_20d_sector_neutral,2018-07-31,2,10,0.004255761608972053,0.0031201487453652588,0.032653254658596406
average_dollar_volume_20d_sector_neutral,2018-07-31,3,10,-0.010472687593532704,-0.006358418102658248,0.017924805456091653
average_dollar_volume_20d_sector_neutral,2018-07-31,4,10,-0.0007886894425522372,-5.510818436249565e-06,0.02760880360707212
average_dollar_volume_20d_sector_neutral,2018-07-31,5,10,0.022331322698479074,-0.004656241743303924,0.05072881574810343
average_dollar_volume_20d_sector_neutral,2018-08-31,1,10,0.017150801413182516,0.00971699056629427,0.037394527899277476
average_dollar_volume_20d_sector_neutral,2018-08-31,2,10,-0.000597952236533883,0.002401050198128085,0.019645774249561078
average_dollar_volume_20d_sector_neutral,2018-08-31,3,10,0.010768594710502389,0.005868352123772569,0.03101232119659735
average_dollar_volume_20d_sector_neutral,2018-08-31,4,10,-0.0030128661456561346,-0.016235760938898447,0.017230860340438824
average_dollar_volume_20d_sector_neutral,2018-08-31,5,10,-0.024314913285208316,-0.017680193611539774,-0.004071186799113358
average_dollar_volume_20d_sector_neutral,2018-09-28,1,10,-0.016775465287030677,-0.0452898339260111,-0.11132311926422274
average_dollar_volume_20d_sector_neutral,2018-09-28,2,10,0.00754236763608721,0.02234187293353579,-0.08700528634110485
average_dollar_volume_20d_sector_neutral,2018-09-28,3,10,0.03436145872458638,0.019864322861514128,-0.06018619525260568
average_dollar_volume_20d_sector_neutral,2018-09-28,4,10,0.009239066445955336,0.024153608034803098,-0.08530858753123673
average_dollar_volume_20d_sector_neutral,2018-09-28,5,10,0.01544706748907152,0.00018566291281102432,-0.07910058648812054
average_dollar_volume_20d_sector_neutral,2018-10-31,1,10,-0.021120160842216396,-0.023900180096769863,0.02134256167500288
average_dollar_volume_20d_sector_neutral,2018-10-31,2,10,0.005038665214904226,0.011362326095080921,0.0475013877321235
average_dollar_volume_20d_sector_neutral,2018-10-31,3,10,-0.013608116847038599,-0.011846576442650303,0.028854605670180677
average_dollar_volume_20d_sector_neutral,2018-10-31,4,10,0.013160617798655128,0.02040816354407282,0.0556233403158744
average_dollar_volume_20d_sector_neutral,2018-10-31,5,10,-0.0645105157732381,-0.016146667921611346,-0.022047793256018834
average_dollar_volume_20d_sector_neutral,2018-11-30,1,10,0.03847167607333044,0.0351297113137074,-0.06521462721562574
average_dollar_volume_20d_sector_neutral,2018-11-30,2,10,-0.020828101115850407,-0.012745154611615794,-0.12451440440480659
average_dollar_volume_20d_sector_neutral,2018-11-30,3,10,0.014604197662813845,0.02405947346447901,-0.08908210562614233
average_dollar_volume_20d_sector_neutral,2018-11-30,4,10,0.004787803956348769,0.004270673827754812,-0.0988984993326074
average_dollar_volume_20d_sector_neutral,2018-11-30,5,10,-0.018737984101611992,-0.016908438163046435,-0.12242428739056817
average_dollar_volume_20d_sector_neutral,2018-12-31,1,10,-0.014877998674950077,-0.006951865045584427,0.053619928586597386
average_dollar_volume_20d_sector_neutral,2018-12-31,2,10,-0.0025756779448403043,0.019111085360679403,0.06592224931670716
average_dollar_volume_20d_sector_neutral,2018-12-31,3,10,-0.0060130429710224306,0.005410103029269808,0.06248488429052503
average_dollar_volume_20d_sector_neutral,2018-12-31,4,10,-0.0263236940400536,-0.026321001070450656,0.04217423322149386
average_dollar_volume_20d_sector_neutral,2018-12-31,5,10,0.04766126938137975,0.008232720650553693,0.11615919664292722
average_dollar_volume_20d_sector_neutral,2019-01-31,1,10,0.006838707821725775,0.0031225931270345564,0.046039211342033905
average_dollar_volume_20d_sector_neutral,2019-01-31,2,10,-0.0022790188132442712,0.0010711469340275448,0.036921484707063856
average_dollar_volume_20d_sector_neutral,2019-01-31,3,10,-0.0054610028056064405,-0.000819159227843369,0.033739500714701685
average_dollar_volume_20d_sector_neutral,2019-01-31,4,10,-0.0012980790595764403,0.01336281844804832,0.037902424460731686
average_dollar_volume_20d_sector_neutral,2019-01-31,5,10,-0.014878367969543737,-0.014323567286721461,0.02432213555076439
average_dollar_volume_20d_sector_neutral,2019-02-28,1,10,0.0036716386609805586,0.0036700988764989395,0.033759290125062104
average_dollar_volume_20d_sector_neutral,2019-02-28,2,10,0.009175871556409965,0.013696145950901406,0.039263523020491506
average_dollar_volume_20d_sector_neutral,2019-02-28,3,10,-0.01548479452379702,-0.010289074490751338,0.014602856940284525
average_dollar_volume_20d_sector_neutral,2019-02-28,4,10,-0.012634047674445436,-0.006208982634350546,0.017453603789636108
average_dollar_volume_20d_sector_neutral,2019-02-28,5,10,0.0008237472158228343,0.0011931054536622465,0.03091139867990438
average_dollar_volume_20d_sector_neutral,2019-03-29,1,10,0.05767783988175368,0.007981749837662755,0.10060363907037995
average_dollar_volume_20d_sector_neutral,2019-03-29,2,10,0.002332278137691579,-0.02673575483643742,0.04525807732631785
average_dollar_volume_20d_sector_neutral,2019-03-29,3,10,-0.01448695864378099,-0.021026321375228196,0.02843884054484528
average_dollar_volume_20d_sector_neutral,2019-03-29,4,10,-0.019447219643753188,-0.00570022668142478,0.02347857954487308
average_dollar_volume_20d_sector_neutral,2019-03-29,5,10,0.0055799858653233,0.026221503890856313,0.04850578505394957
average_dollar_volume_20d_sector_neutral,2019-04-30,1,10,-0.03099297541353415,-0.012881452684413763,-0.08307440144935771
average_dollar_volume_20d_sector_neutral,2019-04-30,2,10,0.002586099228455707,0.01556372879973772,-0.049495326807367845
average_dollar_volume_20d_sector_neutral,2019-04-30,3,10,0.027249191820654696,0.04622292280901408,-0.024832234215168857
average_dollar_volume_20d_sector_neutral,2019-04-30,4,10,0.008682843642784332,0.005624430391472979,-0.04339858239303922
average_dollar_volume_20d_sector_neutral,2019-04-30,5,10,-0.049737532645778106,-0.030546890259575132,-0.10181895868160167
average_dollar_volume_20d_sector_neutral,2019-05-31,1,10,0.016067326420583262,0.012414534178027514,0.10506960837792875
average_dollar_volume_20d_sector_neutral,2019-05-31,2,10,-0.0023550328257347488,0.019982349595236037,0.08664724913161075
average_dollar_volume_20d_sector_neutral,2019-05-31,3,10,-0.03361375470749521,-0.029386506254458378,0.055388527249850286
average_dollar_volume_20d_sector_neutral,2019-05-31,4,10,0.007486755770398234,-0.004672575393067202,0.09648903772774373
average_dollar_volume_20d_sector_neutral,2019-05-31,5,10,0.01074263092550567,0.0030168160170026548,0.09974491288285117
average_dollar_volume_20d_sector_neutral,2019-06-28,1,10,0.001153416077724978,0.00020476193303475831,0.0372489428953798
average_dollar_volume_20d_sector_neutral,2019-06-28,2,10,-0.011650955547348107,0.010052357361378328,0.024444571270306713
average_dollar_volume_20d_sector_neutral,2019-06-28,3,10,-0.007552464254171265,-0.023989215762047933,0.028543062563483556
average_dollar_volume_20d_sector_neutral,2019-06-28,4,10,-0.010623661440240396,-0.00545385104889895,0.025471865377414426
average_dollar_volume_20d_sector_neutral,2019-06-28,5,10,-0.005085743739343141,0.007504729437588509,0.031009783078311683
average_dollar_volume_20d_sector_neutral,2019-07-31,1,10,0.00728533782952463,0.0016497326644766552,-0.0039018244635160458
average_dollar_volume_20d_sector_neutral,2019-07-31,2,10,0.02457399519181914,0.0424839424869789,0.013386832898778466
average_dollar_volume_20d_sector_neutral,2019-07-31,3,10,-0.015920181239145348,-0.009626031189361839,-0.027107343532186023
average_dollar_volume_20d_sector_neutral,2019-07-31,4,10,0.00036062306808054556,0.01782372714034569,-0.01082653922496013
average_dollar_volume_20d_sector_neutral,2019-07-31,5,10,-0.02863871084459856,-0.032635059863132976,-0.03982587313763923
average_dollar_volume_20d_sector_neutral,2019-08-30,1,10,0.004571805530652983,0.01011625471605515,0.011295657938667636
average_dollar_volume_20d_sector_neutral,2019-08-30,2,10,-0.0007269479798403533,0.0,0.005996904428174299
average_dollar_volume_20d_sector_neutral,2019-08-30,3,10,0.009891534319443484,0.006991704891503248,0.016615386727458138
average_dollar_volume_20d_sector_neutral,2019-08-30,4,10,-0.006927902082938175,0.006129921855889786,-0.00020404967492352322
average_dollar_volume_20d_sector_neutral,2019-08-30,5,10,-0.0085923320866243,-0.01685197887115142,-0.001868479678609647
average_dollar_volume_20d_sector_neutral,2019-09-30,1,10,-0.029338251259020252,-0.019201466393635624,-0.013228887931986533
average_dollar_volume_20d_sector_neutral,2019-09-30,2,10,0.010736925940976371,-7.365034527251346e-05,0.026846289268010092
average_dollar_volume_20d_sector_neutral,2019-09-30,3,10,-0.010254257430388491,-0.017800649289517134,0.00585510589664523
average_dollar_volume_20d_sector_neutral,2019-09-30,4,10,0.052826587906989686,0.022683122956337787,0.06893595123402341
average_dollar_volume_20d_sector_neutral,2019-09-30,5,10,0.03709000576438208,0.025617456697487495,0.0531993690914158
average_dollar_volume_20d_sector_neutral,2019-10-31,1,10,-0.00570658702254877,-0.00692678185909712,0.022339413972308774
average_dollar_volume_20d_sector_neutral,2019-10-31,2,10,0.0028106861923380966,0.0,0.03085668718719564
average_dollar_volume_20d_sector_neutral,2019-10-31,3,10,0.008193623585315769,7.944954760186196e-05,0.03623962458017331
average_dollar_volume_20d_sector_neutral,2019-10-31,4,10,-0.01904514908810869,-0.02269662823505192,0.009000851906748852
average_dollar_volume_20d_sector_neutral,2019-10-31,5,10,0.029368297731054583,0.02984554425376329,0.057414298725912125
average_dollar_volume_20d_sector_neutral,2019-11-29,1,10,-0.0031656895239082104,-0.008681893670929752,0.024006008305858816
average_dollar_volume_20d_sector_neutral,2019-11-29,2,10,0.019476886612986345,0.0010581361250430188,0.04664858444275337
average_dollar_volume_20d_sector_neutral,2019-11-29,3,10,-0.009589158601504045,-0.011503416465805438,0.017582539228262983
average_dollar_volume_20d_sector_neutral,2019-11-29,4,10,-0.007520080563131937,-0.007794002129796862,0.019651617266635092
average_dollar_volume_20d_sector_neutral,2019-11-29,5,10,0.04457767113944515,0.029047653570486776,0.07174936896921218
average_dollar_volume_20d_sector_neutral,2019-12-31,1,10,4.082360729287249e-05,-0.022464821892032028,-0.0065469681445406765
average_dollar_volume_20d_sector_neutral,2019-12-31,2,10,-0.006738178024059072,0.004419215006584154,-0.013325969775892621
average_dollar_volume_20d_sector_neutral,2019-12-31,3,10,0.0020360955411493297,0.027629381371325756,-0.004551696210684219
average_dollar_volume_20d_sector_neutral,2019-12-31,4,10,-0.008613747495474711,-0.007879289348555918,-0.01520153924730826
average_dollar_volume_20d_sector_neutral,2019-12-31,5,10,0.07192733338399135,0.04387611730893537,0.0653395416321578
dollar_volume_change_20d_60d_sector_neutral,2014-03-31,1,10,-0.0076704134389917415,-0.0035719980914768468,-0.004508950899331199
dollar_volume_change_20d_60d_sector_neutral,2014-03-31,2,10,-0.00756808721499701,-0.0021032908053628674,-0.004406624675336468
dollar_volume_change_20d_60d_sector_neutral,2014-03-31,3,10,0.026899175411038277,0.034061354830162704,0.03006063795069882
dollar_volume_change_20d_60d_sector_neutral,2014-03-31,4,10,-0.023551803879230816,-0.014104479391224778,-0.020390341339570274
dollar_volume_change_20d_60d_sector_neutral,2014-03-31,5,10,6.052981804116619e-07,-0.001283822330062967,0.003162067837840954
dollar_volume_change_20d_60d_sector_neutral,2014-04-30,1,10,0.0032959527067418113,0.0036490158520060545,0.02880137265282361
dollar_volume_change_20d_60d_sector_neutral,2014-04-30,2,10,-0.010657286852405157,-0.021692849239959622,0.01484813309367664
dollar_volume_change_20d_60d_sector_neutral,2014-04-30,3,10,-0.011133597292319008,-0.00460726765774655,0.01437182265376279
dollar_volume_change_20d_60d_sector_neutral,2014-04-30,4,10,0.0027793269672292675,-0.00763348680583531,0.028284746913311065
dollar_volume_change_20d_60d_sector_neutral,2014-04-30,5,10,0.0420149916897629,0.025537440851076676,0.0675204116358447
dollar_volume_change_20d_60d_sector_neutral,2014-05-30,1,10,-0.002625761483009448,0.0015060162347549921,0.016538238726006536
dollar_volume_change_20d_60d_sector_neutral,2014-05-30,2,10,0.012705811888448526,0.014681674376298526,0.03186981209746451
dollar_volume_change_20d_60d_sector_neutral,2014-05-30,3,10,0.0074056404980513135,-0.017184498617512367,0.0265696407070673
dollar_volume_change_20d_60d_sector_neutral,2014-05-30,4,10,-0.00945454452922061,-0.010810570336343472,0.009709455679795375
dollar_volume_change_20d_60d_sector_neutral,2014-05-30,5,10,0.00935884953458227,0.006666744168999705,0.028522849743598255
dollar_volume_change_20d_60d_sector_neutral,2014-06-30,1,10,0.0005963889243895126,-0.0036329434175256803,0.00835254585214329
dollar_volume_change_20d_60d_sector_neutral,2014-06-30,2,10,-0.0172084058493578,-0.017061363697794096,-0.009452248921604022
dollar_volume_change_20d_60d_sector_neutral,2014-06-30,3,10,0.010928308733054826,0.008793486988705301,0.018684465660808603
dollar_volume_change_20d_60d_sector_neutral,2014-06-30,4,10,-0.008612524417609823,-0.0018577065221716538,-0.0008563674898560469
dollar_volume_change_20d_60d_sector_neutral,2014-06-30,5,10,-0.009056650394132582,0.006461987028685057,-0.0013004934663788047
dollar_volume_change_20d_60d_sector_neutral,2014-07-31,1,10,0.04450562157357507,0.034862219453287824,0.08634378101968543
dollar_volume_change_20d_60d_sector_neutral,2014-07-31,2,10,-0.01432033033218465,-0.02602631640542219,0.027517829113925706
dollar_volume_change_20d_60d_sector_neutral,2014-07-31,3,10,0.013144536486021586,0.0073914515068014275,0.05498269593213194
dollar_volume_change_20d_60d_sector_neutral,2014-07-31,4,10,-0.0015818969290262498,-0.005431981527840857,0.040256262517084106
dollar_volume_change_20d_60d_sector_neutral,2014-07-31,5,10,-0.0012873891845997076,-0.003185902191379819,0.040550770261510646
dollar_volume_change_20d_60d_sector_neutral,2014-08-29,1,10,-0.003793796961096385,-0.022732110122264892,0.00022341719876239896
dollar_volume_change_20d_60d_sector_neutral,2014-08-29,2,10,-0.00904733168918781,0.004626605495006042,-0.005030117529329026
dollar_volume_change_20d_60d_sector_neutral,2014-08-29,3,10,-0.01235448215790671,0.004967136257302385,-0.008337267998047926
dollar_volume_change_20d_60d_sector_neutral,2014-08-29,4,10,-0.011885471419847882,-0.0023643784706322,-0.007868257259989098
dollar_volume_change_20d_60d_sector_neutral,2014-08-29,5,10,-0.011282152141540458,-0.004081997920416469,-0.007264937981681674
dollar_volume_change_20d_60d_sector_neutral,2014-09-30,1,10,-0.008643249868358604,0.0058732058093875494,0.0017692813741441381
dollar_volume_change_20d_60d_sector_neutral,2014-09-30,2,10,-0.012641336014595671,0.0012045145089124576,-0.0022288047720929295
dollar_volume_change_20d_60d_sector_neutral,2014-09-30,3,10,0.00846458684555953,0.01118541397612105,0.01887711808806227
dollar_volume_change_20d_60d_sector_neutral,2014-09-30,4,10,-0.020938443729484092,-0.030818035135418642,-0.010525912486981348
dollar_volume_change_20d_60d_sector_neutral,2014-09-30,5,10,0.0059543430654767525,0.0,0.016366874307979496
dollar_volume_change_20d_60d_sector_neutral,2014-10-31,1,10,-0.0016402666566864622,0.01387256446462981,0.042071799991569535
dollar_volume_change_20d_60d_sector_neutral,2014-10-31,2,10,-0.012783582764421986,-0.012371552317105183,0.030928483883834013
dollar_volume_change_20d_60d_sector_neutral,2014-10-31,3,10,-0.02103456130791661,-0.016979840913409316,0.02267750534033939
dollar_volume_change_20d_60d_sector_neutral,2014-10-31,4,10,0.012354051280809842,0.014302987632338504,0.05606611792906584
dollar_volume_change_20d_60d_sector_neutral,2014-10-31,5,10,-0.011015863160980199,0.006890210450317458,0.032696203487275796
dollar_volume_change_20d_60d_sector_neutral,2014-11-28,1,10,-0.01662492824282489,-0.02198372905433721,0.005424494640195477
dollar_volume_change_20d_60d_sector_neutral,2014-11-28,2,10,-0.01583057229626632,-0.016770210769909033,0.0062188505867540435
dollar_volume_change_20d_60d_sector_neutral,2014-11-28,3,10,-0.018751657827415513,-0.0025297852269383636,0.003297765055604851
dollar_volume_change_20d_60d_sector_neutral,2014-11-28,4,10,-0.009034148885564908,0.009328477390774137,0.013015273997455456
dollar_volume_change_20d_60d_sector_neutral,2014-11-28,5,10,0.009617631132673743,0.005515706255914243,0.031667054015694106
dollar_volume_change_20d_60d_sector_neutral,2014-12-31,1,10,0.010769242009877878,-0.014882409952130304,0.0018470549930610814
dollar_volume_change_20d_60d_sector_neutral,2014-12-31,2,10,0.015148587081913767,0.007181676515950974,0.006226400065096971
dollar_volume_change_20d_60d_sector_neutral,2014-12-31,3,10,-0.005827107883313342,0.00035629887882232536,-0.014749294900130138
dollar_volume_change_20d_60d_sector_neutral,2014-12-31,4,10,-0.019485109640126286,-0.02095749765068311,-0.028407296656943082
dollar_volume_change_20d_60d_sector_neutral,2014-12-31,5,10,-0.0022370093343063724,0.004023343883092612,-0.011159196351123168
dollar_volume_change_20d_60d_sector_neutral,2015-01-30,1,10,0.02651227219854039,0.01638066238297531,0.08699113202514289
dollar_volume_change_20d_60d_sector_neutral,2015-01-30,2,10,-0.040389094153783334,-0.03573603248800228,0.02008976567281917
dollar_volume_change_20d_60d_sector_neutral,2015-01-30,3,10,0.011105763050906802,0.01539483132518471,0.0715846228775093
dollar_volume_change_20d_60d_sector_neutral,2015-01-30,4,10,-0.016173332777205097,-0.01596570211691839,0.04430552704939741
dollar_volume_change_20d_60d_sector_neutral,2015-01-30,5,10,0.005296204683445415,0.011540002769985125,0.06577506451004791
dollar_volume_change_20d_60d_sector_neutral,2015-02-27,1,10,-0.004910016829904007,0.0005317385263213237,-0.014628330974092007
dollar_volume_change_20d_60d_sector_neutral,2015-02-27,2,10,0.015818735667493457,0.01056694860732349,0.0061004215233054545
dollar_volume_change_20d_60d_sector_neutral,2015-02-27,3,10,-0.012857648996614601,-0.008712246430836457,-0.022575963140802603
dollar_volume_change_20d_60d_sector_neutral,2015-02-27,4,10,-0.0008356666724055773,0.0019746643833011834,-0.010553980816593578
dollar_volume_change_20d_60d_sector_neutral,2015-02-27,5,10,0.004713723962124017,-0.0057423080164237805,-0.005004590182063983
dollar_volume_change_20d_60d_sector_neutral,2015-03-31,1,10,0.042851542724433145,0.023900925040256926,0.040360635741660655
dollar_volume_change_20d_60d_sector_neutral,2015-03-31,2,10,0.0042401053432946974,0.0006800756445694556,0.0017491983605222084
dollar_volume_change_20d_60d_sector_neutral,2015-03-31,3,10,-0.010024401743544742,-0.012850645656949156,-0.012515308726317231
dollar_volume_change_20d_60d_sector_neutral,2015-03-31,4,10,0.05838090044095987,0.01614245952907739,0.05588999345818738
dollar_volume_change_20d_60d_sector_neutral,2015-03-31,5,10,0.00019313359087307357,-0.014536598203106876,-0.002297773391899416
dollar_volume_change_20d_60d_sector_neutral,2015-04-30,1,10,0.03038552163340764,0.012145572260905957,0.05152231231889233
dollar_volume_change_20d_60d_sector_neutral,2015-04-30,2,10,-0.0033233272329345476,-0.003931616795314619,0.017813463452550138
dollar_volume_change_20d_60d_sector_neutral,2015-04-30,3,10,0.00017884857103981356,0.0002886465575112629,0.0213156392565245
dollar_volume_change_20d_60d_sector_neutral,2015-04-30,4,10,-0.01725499916846105,-0.022994528831705163,0.003881791517023636
dollar_volume_change_20d_60d_sector_neutral,2015-04-30,5,10,0.004845295804138528,0.0035331876465463097,0.02598208648962321
dollar_volume_change_20d_60d_sector_neutral,2015-05-29,1,10,-0.006959511114057304,-0.01899345583542239,-0.03299800654638281
dollar_volume_change_20d_60d_sector_neutral,2015-05-29,2,10,0.005086766824843514,0.00033808151814285203,-0.02095172860748199
dollar_volume_change_20d_60d_sector_neutral,2015-05-29,3,10,0.020784436649022065,0.024377691058880935,-0.005254058783303439
dollar_volume_change_20d_60d_sector_neutral,2015-05-29,4,10,0.0160302074029973,0.024605936449099253,-0.010008288029328205
dollar_volume_change_20d_60d_sector_neutral,2015-05-29,5,10,-0.009611094907798023,-0.005222282093356012,-0.03564959034012353
dollar_volume_change_20d_60d_sector_neutral,2015-06-30,1,10,0.023837721255638024,0.019306329519920618,0.05776992531187967
dollar_volume_change_20d_60d_sector_neutral,2015-06-30,2,10,-0.0021411006622621743,-0.002098363374546941,0.03179110339397947
dollar_volume_change_20d_60d_sector_neutral,2015-06-30,3,10,-0.0038128965745907405,0.008948454444680287,0.030119307481650905
dollar_volume_change_20d_60d_sector_neutral,2015-06-30,4,10,-0.004517860293861342,-0.0007293526190624844,0.0294143437623803
dollar_volume_change_20d_60d_sector_neutral,2015-06-30,5,10,-0.012876916763453095,-0.029026520792944488,0.02105528729278855
dollar_volume_change_20d_60d_sector_neutral,2015-07-31,1,10,0.01799886663449979,0.023482284606047343,-0.03553522110937152
dollar_volume_change_20d_60d_sector_neutral,2015-07-31,2,10,-0.0069552087256604,-0.014250209763103872,-0.0604892964695317
dollar_volume_change_20d_60d_sector_neutral,2015-07-31,3,10,0.00656175940541045,0.0008400398188444513,-0.04697232833846086
dollar_volume_change_20d_60d_sector_neutral,2015-07-31,4,10,-0.011484857710274698,-0.01053847057004298,-0.06501894545414601
dollar_volume_change_20d_60d_sector_neutral,2015-07-31,5,10,0.000624059370771679,0.007483205623438571,-0.052910028373099625
dollar_volume_change_20d_60d_sector_neutral,2015-08-31,1,10,-0.004122115288643424,0.004491969401082263,-0.011843508827367899
dollar_volume_change_20d_60d_sector_neutral,2015-08-31,2,10,-0.013029121495517503,-0.016181390137430418,-0.020750515034241978
dollar_volume_change_20d_60d_sector_neutral,2015-08-31,3,10,0.008184306891148695,0.014416041708281313,0.0004629133524242213
dollar_volume_change_20d_60d_sector_neutral,2015-08-31,4,10,-0.029978502205295344,-0.008753904725119888,-0.037699895744019815
dollar_volume_change_20d_60d_sector_neutral,2015-08-31,5,10,-0.009672879326402994,-0.0048265768221895655,-0.01739427286512747
dollar_volume_change_20d_60d_sector_neutral,2015-09-30,1,10,-0.006054761540020126,0.013540445476224794,0.08538764919619604
dollar_volume_change_20d_60d_sector_neutral,2015-09-30,2,10,0.01793035847784963,0.020603575556543463,0.1093727692140658
dollar_volume_change_20d_60d_sector_neutral,2015-09-30,3,10,-0.028723511938923307,-0.0010695634298142354,0.06271889879729287
dollar_volume_change_20d_60d_sector_neutral,2015-09-30,4,10,0.004631250478393511,0.0072272861844265845,0.09607366121460968
dollar_volume_change_20d_60d_sector_neutral,2015-09-30,5,10,-0.017830128983853454,-0.01809980626907093,0.07361228175236272
dollar_volume_change_20d_60d_sector_neutral,2015-10-30,1,10,-0.027658711860095265,-0.020632229491146403,-0.006342557540407345
dollar_volume_change_20d_60d_sector_neutral,2015-10-30,2,10,-0.005553208545867705,-0.018399872229474534,0.015762945773820213
dollar_volume_change_20d_60d_sector_neutral,2015-10-30,3,10,0.00937062841214803,0.00550961880098666,0.03068678273183595
dollar_volume_change_20d_60d_sector_neutral,2015-10-30,4,10,0.008050438076824151,0.0023011003196772295,0.02936659239651207
dollar_volume_change_20d_60d_sector_neutral,2015-10-30,5,10,0.03490836930313512,0.02266773742468986,0.05622452362282304
dollar_volume_change_20d_60d_sector_neutral,2015-11-30,1,10,-0.011261615617344733,-0.028377082919626317,-0.0028410834712505606
dollar_volume_change_20d_60d_sector_neutral,2015-11-30,2,10,-0.02134944580963395,-0.007872789391627222,-0.012928913663539775
dollar_volume_change_20d_60d_sector_neutral,2015-11-30,3,10,-0.0101153591390584,0.00490990369937816,-0.0016948269929642269
dollar_volume_change_20d_60d_sector_neutral,2015-11-30,4,10,0.006185995400913668,0.005501472619595105,0.014606527547007841
dollar_volume_change_20d_60d_sector_neutral,2015-11-30,5,10,-0.0036794907138686717,0.0007131637489402598,0.004741041432225502
dollar_volume_change_20d_60d_sector_neutral,2015-12-31,1,10,0.013363576969681578,0.0,-0.06105264852866656
dollar_volume_change_20d_60d_sector_neutral,2015-12-31,2,10,0.02251210934370751,0.034066157141829645,-0.051904116154640634
dollar_volume_change_20d_60d_sector_neutral,2015-12-31,3,10,-0.0473758356146593,-0.029522162276311104,-0.12179206111300742
dollar_volume_change_20d_60d_sector_neutral,2015-12-31,4,10,0.008484306424038657,0.009081754027171152,-0.06593191907430948
dollar_volume_change_20d_60d_sector_neutral,2015-12-31,5,10,0.03125139691670955,0.036252284348704866,-0.043164828581638594
dollar_volume_change_20d_60d_sector_neutral,2016-01-29,1,10,0.03490768899576878,0.03464111669555581,0.051665949008455433
dollar_volume_change_20d_60d_sector_neutral,2016-01-29,2,10,-0.023687885124835183,-0.010412055830804623,-0.00692962511214853
dollar_volume_change_20d_60d_sector_neutral,2016-01-29,3,10,0.0058610829968453685,0.0,0.02261934300953202
dollar_volume_change_20d_60d_sector_neutral,2016-01-29,4,10,-0.0018552737303505484,-0.01624315378789981,0.014902986282336106
dollar_volume_change_20d_60d_sector_neutral,2016-01-29,5,10,-0.0036948811044572373,0.0014368194988223504,0.013063378908229418
dollar_volume_change_20d_60d_sector_neutral,2016-02-29,1,10,-0.012033027190476919,-0.007236562892353526,0.06515956513882107
dollar_volume_change_20d_60d_sector_neutral,2016-02-29,2,10,0.012487494933149957,0.008714866052973003,0.08968008726244794
dollar_volume_change_20d_60d_sector_neutral,2016-02-29,3,10,-0.00573702165083777,-0.01388570141006229,0.07145557067846021
dollar_volume_change_20d_60d_sector_neutral,2016-02-29,4,10,0.010340734853303602,0.0032152080904302993,0.08753332718260158
dollar_volume_change_20d_60d_sector_neutral,2016-02-29,5,10,0.012784030194013241,-0.0004232791833268523,0.08997662252331122
dollar_volume_change_20d_60d_sector_neutral,2016-03-31,1,10,-0.012258234519335142,-0.006025783462105694,-0.0009027574568616137
dollar_volume_change_20d_60d_sector_neutral,2016-03-31,2,10,0.03691080434035774,0.029592794599690553,0.04826628140283127
dollar_volume_change_20d_60d_sector_neutral,2016-03-31,3,10,-0.014882565628017064,0.005787136655714176,-0.0035270885655435346
dollar_volume_change_20d_60d_sector_neutral,2016-03-31,4,10,-0.003470696738321766,-0.010416820523422854,0.007884780324151764
dollar_volume_change_20d_60d_sector_neutral,2016-03-31,5,10,-0.004140068951995301,0.005814779144388771,0.007215408110478228
dollar_volume_change_20d_60d_sector_neutral,2016-04-29,1,10,-0.005848444915658013,-0.011376449915297737,0.006203628903577551
dollar_volume_change_20d_60d_sector_neutral,2016-04-29,2,10,0.001488360957749224,0.0021569673258321487,0.01354043477698479
dollar_volume_change_20d_60d_sector_neutral,2016-04-29,3,10,0.010805429679737499,-0.004150385181775906,0.022857503498973065
dollar_volume_change_20d_60d_sector_neutral,2016-04-29,4,10,0.03761672839549716,0.011146326439036569,0.04966880221473272
dollar_volume_change_20d_60d_sector_neutral,2016-04-29,5,10,-0.007998757921564592,0.0012146822714005356,0.004053315897670972
dollar_volume_change_20d_60d_sector_neutral,2016-05-31,1,10,0.010677961581341289,0.009306486952345705,0.00938170894268422
dollar_volume_change_20d_60d_sector_neutral,2016-05-31,2,10,-0.026606163171607577,-0.03792855217787777,-0.027902415810264647
dollar_volume_change_20d_60d_sector_neutral,2016-05-31,3,10,0.006442754731816869,0.005433778036148529,0.005146502093159799
dollar_volume_change_20d_60d_sector_neutral,2016-05-31,4,10,-0.02751064424357591,-0.017274832186835787,-0.02880689688223298
dollar_volume_change_20d_60d_sector_neutral,2016-05-31,5,10,0.0046163474419736224,-0.008351802007537434,0.0033200948033165535
dollar_volume_change_20d_60d_sector_neutral,2016-06-30,1,10,0.05256136990773976,0.039038107902147234,0.09965724836335313
dollar_volume_change_20d_60d_sector_neutral,2016-06-30,2,10,-0.006986805347208125,0.0025633870358292565,0.04010907310840524
dollar_volume_change_20d_60d_sector_neutral,2016-06-30,3,10,-0.022568360601732097,-0.01608377186263865,0.024527517853881263
dollar_volume_change_20d_60d_sector_neutral,2016-06-30,4,10,-0.024944737172018627,-0.0246421486525229,0.022151141283594734
dollar_volume_change_20d_60d_sector_neutral,2016-06-30,5,10,0.005176469721379651,0.006569837761190911,0.052272348176993014
dollar_volume_change_20d_60d_sector_neutral,2016-07-29,1,10,0.013807653983310608,-0.004618281573710026,0.024546112216959216
dollar_volume_change_20d_60d_sector_neutral,2016-07-29,2,10,-0.002011240226668665,0.012853666463557012,0.008727218006979943
dollar_volume_change_20d_60d_sector_neutral,2016-07-29,3,10,0.009636526794229416,0.025198765206114637,0.020374985027878025
dollar_volume_change_20d_60d_sector_neutral,2016-07-29,4,10,-0.009710153825402945,-0.0055363698803098105,0.0010283044082456615
dollar_volume_change_20d_60d_sector_neutral,2016-07-29,5,10,-0.006512332373824692,-0.002887903464194763,0.004226125859823915
dollar_volume_change_20d_60d_sector_neutral,2016-08-31,1,10,0.011818127868984207,0.01666277702741714,0.016249182020229326
dollar_volume_change_20d_60d_sector_neutral,2016-08-31,2,10,0.013897126008187844,0.01308796705114934,0.01832818015943296
dollar_volume_change_20d_60d_sector_neutral,2016-08-31,3,10,-0.016908449801330706,-0.017534952673570803,-0.012477395650085588
dollar_volume_change_20d_60d_sector_neutral,2016-08-31,4,10,-0.016794741306049365,-0.011464139358628833,-0.012363687154804247
dollar_volume_change_20d_60d_sector_neutral,2016-08-31,5,10,0.006856439005593196,0.0006402155607321269,0.011287493156838312
dollar_volume_change_20d_60d_sector_neutral,2016-09-30,1,10,0.002857255824860705,-0.004777231630740286,-0.011675182134179762
dollar_volume_change_20d_60d_sector_neutral,2016-09-30,2,10,0.02661298474008058,0.0004961532264110002,0.012080546781040114
dollar_volume_change_20d_60d_sector_neutral,2016-09-30,3,10,0.00043329953409304567,0.006628703354833176,-0.014099138424947422
dollar_volume_change_20d_60d_sector_neutral,2016-09-30,4,10,0.008466585811145233,0.019091337315557788,-0.006065852147895234
dollar_volume_change_20d_60d_sector_neutral,2016-09-30,5,10,-0.017875983574275722,-0.026224257056404188,-0.03240842153331619
dollar_volume_change_20d_60d_sector_neutral,2016-10-31,1,10,-0.006019784567561392,0.005133603556314648,0.02414877607385598
dollar_volume_change_20d_60d_sector_neutral,2016-10-31,2,10,0.04330324242008189,0.0293447301893921,0.07347180306149927
dollar_volume_change_20d_60d_sector_neutral,2016-10-31,3,10,0.012837953210851261,-0.018104296703629008,0.043006513852268634
dollar_volume_change_20d_60d_sector_neutral,2016-10-31,4,10,-0.016761302765963694,-0.07132314564814962,0.013407257875453682
dollar_volume_change_20d_60d_sector_neutral,2016-10-31,5,10,0.003256323945120787,-0.0014428317047093797,0.03342488458653816
dollar_volume_change_20d_60d_sector_neutral,2016-11-30,1,10,-0.004050943038690047,-0.003030254417478284,0.01822315286447105
dollar_volume_change_20d_60d_sector_neutral,2016-11-30,2,10,-0.008108902404165175,-0.005073505003632017,0.01416519349899592
dollar_volume_change_20d_60d_sector_neutral,2016-11-30,3,10,0.020221514786566273,0.010890125494679381,0.04249561068972737
dollar_volume_change_20d_60d_sector_neutral,2016-11-30,4,10,-0.0003685998481984476,0.003076414320817511,0.02190549605496265
dollar_volume_change_20d_60d_sector_neutral,2016-11-30,5,10,0.017628379824220032,0.007325579515745528,0.03990247572738113
dollar_volume_change_20d_60d_sector_neutral,2016-12-30,1,10,0.0127011563504277,0.012302208756372224,0.035428588703202556
dollar_volume_change_20d_60d_sector_neutral,2016-12-30,2,10,-0.006011319231168333,-0.005472618254931616,0.016716113121606525
dollar_volume_change_20d_60d_sector_neutral,2016-12-30,3,10,0.0005058950454863709,0.0009430594675686743,0.023233327398261228
dollar_volume_change_20d_60d_sector_neutral,2016-12-30,4,10,0.010760613747373426,-0.00510639339621155,0.033488046100148286
dollar_volume_change_20d_60d_sector_neutral,2016-12-30,5,10,0.004149315858360381,0.002842297401104976,0.026876748211135237
dollar_volume_change_20d_60d_sector_neutral,2017-01-31,1,10,0.02335903376475875,0.025712777827801903,0.0715354299845967
dollar_volume_change_20d_60d_sector_neutral,2017-01-31,2,10,-0.00635039963021321,-0.012585799231191519,0.04182599658962473
dollar_volume_change_20d_60d_sector_neutral,2017-01-31,3,10,-0.02356642847180762,-0.014870162735843406,0.024609967748030315
dollar_volume_change_20d_60d_sector_neutral,2017-01-31,4,10,0.004577686553678362,0.002274234741553749,0.0527540827735163
dollar_volume_change_20d_60d_sector_neutral,2017-01-31,5,10,0.0016064532198842296,0.0031604497272389453,0.049782849439722165
dollar_volume_change_20d_60d_sector_neutral,2017-02-28,1,10,0.009114094886230517,0.012711878708572377,0.014034159646385347
dollar_volume_change_20d_60d_sector_neutral,2017-02-28,2,10,-0.005879818637762801,-0.007045457081382267,-0.0009597538776079717
dollar_volume_change_20d_60d_sector_neutral,2017-02-28,3,10,0.008221760065274652,0.00414352313136207,0.013141824825429482
dollar_volume_change_20d_60d_sector_neutral,2017-02-28,4,10,-0.013886603529474928,-0.008502017912088433,-0.008966538769320099
dollar_volume_change_20d_60d_sector_neutral,2017-02-28,5,10,0.011376422854924583,0.0035989698343724674,0.016296487615079413
dollar_volume_change_20d_60d_sector_neutral,2017-03-31,1,10,-0.004016442091800287,0.017109459734326427,0.02420293546127895
dollar_volume_change_20d_60d_sector_neutral,2017-03-31,2,10,0.004387847667054001,0.0033499552274305344,0.03260722522013324
dollar_volume_change_20d_60d_sector_neutral,2017-03-31,3,10,-0.017646461046479444,-0.010498660794772352,0.010572916506599795
dollar_volume_change_20d_60d_sector_neutral,2017-03-31,4,10,0.0034428125638212514,0.018192435245626637,0.03166219011690049
dollar_volume_change_20d_60d_sector_neutral,2017-03-31,5,10,0.00015299782629875082,-0.009019528496239215,0.02837237537937799
dollar_volume_change_20d_60d_sector_neutral,2017-04-28,1,10,0.007330321768970327,-0.017395108684590266,0.03274534418958177
dollar_volume_change_20d_60d_sector_neutral,2017-04-28,2,10,-0.014318663881506622,-0.01991955487888175,0.011096358539104822
dollar_volume_change_20d_60d_sector_neutral,2017-04-28,3,10,0.00505556531571667,0.010272550541305936,0.030470587736328113
dollar_volume_change_20d_60d_sector_neutral,2017-04-28,4,10,-0.010075796038665475,0.00264624953417425,0.015339226381945969
dollar_volume_change_20d_60d_sector_neutral,2017-04-28,5,10,0.010394815093608045,0.015726465522705735,0.03580983751421949
dollar_volume_change_20d_60d_sector_neutral,2017-05-31,1,10,0.03248637699943827,0.0457691525951055,0.028303240233219208
dollar_volume_change_20d_60d_sector_neutral,2017-05-31,2,10,-0.0007980730557866523,-0.012324202844943899,-0.004981209822005716
dollar_volume_change_20d_60d_sector_neutral,2017-05-31,3,10,0.003393553783503722,-0.00446689953863616,-0.0007895829827153422
dollar_volume_change_20d_60d_sector_neutral,2017-05-31,4,10,0.024825703927404952,0.009327618117736636,0.020642567161185888
dollar_volume_change_20d_60d_sector_neutral,2017-05-31,5,10,-0.006340941178947535,-0.011721185532197864,-0.0105240779451666
dollar_volume_change_20d_60d_sector_neutral,2017-06-30,1,10,-0.0032115756630668015,-0.009457725803485473,0.018594862560937054
dollar_volume_change_20d_60d_sector_neutral,2017-06-30,2,10,0.017065971826894767,0.003639593926112572,0.03887241005089862
dollar_volume_change_20d_60d_sector_neutral,2017-06-30,3,10,0.015428784000875273,0.016985753850043972,0.03723522222487913
dollar_volume_change_20d_60d_sector_neutral,2017-06-30,4,10,-0.0042069737161010146,-0.0017385132808307446,0.01759946450790284
dollar_volume_change_20d_60d_sector_neutral,2017-06-30,5,10,-0.002804755361993505,-0.010641820063255425,0.01900168286201035
dollar_volume_change_20d_60d_sector_neutral,2017-07-31,1,10,-0.008091232554064997,-0.00340110675493116,-0.008741987734377765
dollar_volume_change_20d_60d_sector_neutral,2017-07-31,2,10,-0.01713231090708618,-0.009551729592589653,-0.017783066087398946
dollar_volume_change_20d_60d_sector_neutral,2017-07-31,3,10,0.008056123325863751,0.015839918118175755,0.0074053681455509834
dollar_volume_change_20d_60d_sector_neutral,2017-07-31,4,10,0.010920545318449004,0.012672629885570053,0.010269790138136236
dollar_volume_change_20d_60d_sector_neutral,2017-07-31,5,10,0.0019714753326830923,-0.004801281569970617,0.001320720152370325
dollar_volume_change_20d_60d_sector_neutral,2017-08-31,1,10,-0.002385893019932905,-0.01567236618260759,0.018617748475032125
dollar_volume_change_20d_60d_sector_neutral,2017-08-31,2,10,0.018638880443112106,0.016167134242850323,0.03964252193807714
dollar_volume_change_20d_60d_sector_neutral,2017-08-31,3,10,0.032341763010473,0.03983035546689595,0.05334540450543803
dollar_volume_change_20d_60d_sector_neutral,2017-08-31,4,10,0.011799226585404488,0.004144732237377435,0.032802868080369516
dollar_volume_change_20d_60d_sector_neutral,2017-08-31,5,10,-0.005715561907639,-0.0068397992273352415,0.015288079587326031
dollar_volume_change_20d_60d_sector_neutral,2017-09-29,1,10,0.002677205477621347,-0.004306360250322827,0.041634939423891015
dollar_volume_change_20d_60d_sector_neutral,2017-09-29,2,10,-0.010201932123051838,-0.0008364776663080109,0.02875580182321783
dollar_volume_change_20d_60d_sector_neutral,2017-09-29,3,10,0.025102751607288965,0.021607109113399248,0.06406048555355863
dollar_volume_change_20d_60d_sector_neutral,2017-09-29,4,10,-0.010208553457550751,-0.019285619787965724,0.02874918048871892
dollar_volume_change_20d_60d_sector_neutral,2017-09-29,5,10,-0.009243014767855162,0.0033572246892771274,0.029714719178414506
dollar_volume_change_20d_60d_sector_neutral,2017-10-31,1,10,0.01418915801051025,0.008585217504834763,0.04322749070199684
dollar_volume_change_20d_60d_sector_neutral,2017-10-31,2,10,-0.006470960012286675,-0.005451018926080686,0.022567372679199914
dollar_volume_change_20d_60d_sector_neutral,2017-10-31,3,10,-0.007063546943977384,-0.0034601988787550386,0.021974785747509207
dollar_volume_change_20d_60d_sector_neutral,2017-10-31,4,10,0.0029276101656404486,0.0013872191692089197,0.03196594285712704
dollar_volume_change_20d_60d_sector_neutral,2017-10-31,5,10,0.044273063172707086,0.02299108341484213,0.07331139586419368
dollar_volume_change_20d_60d_sector_neutral,2017-11-30,1,10,0.00483685575588112,-0.00976618873133972,0.02595692165971154
dollar_volume_change_20d_60d_sector_neutral,2017-11-30,2,10,-0.004786507987020317,-0.003965660872706334,0.016333557916810106
dollar_volume_change_20d_60d_sector_neutral,2017-11-30,3,10,0.011803562228544806,0.012968703059147102,0.032923628132375225
dollar_volume_change_20d_60d_sector_neutral,2017-11-30,4,10,0.012080815625625019,0.007253624168278572,0.03320088152945544
dollar_volume_change_20d_60d_sector_neutral,2017-11-30,5,10,-0.0017092171449799797,-0.002314724182982175,0.019410848758850442
dollar_volume_change_20d_60d_sector_neutral,2017-12-29,1,10,0.09013543412519717,0.06147767270568538,0.15679827539617427
dollar_volume_change_20d_60d_sector_neutral,2017-12-29,2,10,-0.024674664433372996,-0.010630037475018006,0.041988176837604106
dollar_volume_change_20d_60d_sector_neutral,2017-12-29,3,10,-0.025029552563474954,-0.0225838896601972,0.041633288707502145
dollar_volume_change_20d_60d_sector_neutral,2017-12-29,4,10,-0.011837543519900207,-0.00591408947955685,0.0548252977510769
dollar_volume_change_20d_60d_sector_neutral,2017-12-29,5,10,-0.011433897648515146,0.004095226148248754,0.05522894362246196
dollar_volume_change_20d_60d_sector_neutral,2018-01-31,1,10,-0.027246317707735234,-0.021600848664210304,-0.07891945377033356
dollar_volume_change_20d_60d_sector_neutral,2018-01-31,2,10,0.0025003761299916215,0.013772989840159566,-0.049172759932606704
dollar_volume_change_20d_60d_sector_neutral,2018-01-31,3,10,0.0009881863736509455,0.006054924175551868,-0.05068494968894738
dollar_volume_change_20d_60d_sector_neutral,2018-01-31,4,10,0.00576136331664776,-0.0024245538678666634,-0.04591177274595056
dollar_volume_change_20d_60d_sector_neutral,2018-01-31,5,10,0.02566678578706927,0.026775957942007877,-0.026006350275529055
dollar_volume_change_20d_60d_sector_neutral,2018-02-28,1,10,-0.02379615445002554,-0.00606161491393109,-0.04584342767952172
dollar_volume_change_20d_60d_sector_neutral,2018-02-28,2,10,0.007419726328250465,-0.0017240400391590471,-0.014627546901245713
dollar_volume_change_20d_60d_sector_neutral,2018-02-28,3,10,0.02883614932032704,0.02684988356901119,0.006788876090830865
dollar_volume_change_20d_60d_sector_neutral,2018-02-28,4,10,-0.008516044693936043,-0.009912659919692424,-0.03056331792343222
dollar_volume_change_20d_60d_sector_neutral,2018-02-28,5,10,-0.03240058343499101,-0.020580318716332036,-0.05444785666448719
dollar_volume_change_20d_60d_sector_neutral,2018-03-29,1,10,0.0059297222748658784,0.011724993241479853,0.0088977304875838
dollar_volume_change_20d_60d_sector_neutral,2018-03-29,2,10,-0.0032682068425601064,-0.013737789793033528,-0.00030019862984218546
dollar_volume_change_20d_60d_sector_neutral,2018-03-29,3,10,-0.009669026623146249,-0.008403184530454244,-0.006701018410428328
dollar_volume_change_20d_60d_sector_neutral,2018-03-29,4,10,0.032876798650627814,0.01896036007112134,0.035844806863345735
dollar_volume_change_20d_60d_sector_neutral,2018-03-29,5,10,0.03466716179389915,0.03551713242555199,0.03763517000661707
dollar_volume_change_20d_60d_sector_neutral,2018-04-30,1,10,0.007521491561118321,-0.01302967428433388,0.043209374344195875
dollar_volume_change_20d_60d_sector_neutral,2018-04-30,2,10,-0.008645668729920054,-0.011549338848697133,0.027042214053157498
dollar_volume_change_20d_60d_sector_neutral,2018-04-30,3,10,0.008680582758976796,0.0011343851609856292,0.04436846554205435
dollar_volume_change_20d_60d_sector_neutral,2018-04-30,4,10,0.006764345588613485,0.00448163042219063,0.042452228371691034
dollar_volume_change_20d_60d_sector_neutral,2018-04-30,5,10,0.0019112107311289983,-0.006858932429189779,0.03759909351420655
dollar_volume_change_20d_60d_sector_neutral,2018-05-31,1,10,0.005272262680278239,0.003108891997774643,0.018511565670047737
dollar_volume_change_20d_60d_sector_neutral,2018-05-31,2,10,-0.01811898064871541,-0.010496794892437433,-0.004879677658945913
dollar_volume_change_20d_60d_sector_neutral,2018-05-31,3,10,0.019333226846669126,-0.010693326898894684,0.03257252983643862
dollar_volume_change_20d_60d_sector_neutral,2018-05-31,4,10,-0.012566592485557504,-0.0009251577282911594,0.000672710504211993
dollar_volume_change_20d_60d_sector_neutral,2018-05-31,5,10,0.00411000709385122,0.019779387591075115,0.017349310083620718
dollar_volume_change_20d_60d_sector_neutral,2018-06-29,1,10,-0.005273850612156916,-0.007115570298578011,0.040843920698552125
dollar_volume_change_20d_60d_sector_neutral,2018-06-29,2,10,0.013024404600770811,-0.002380687211800403,0.059142175911479855
dollar_volume_change_20d_60d_sector_neutral,2018-06-29,3,10,0.012105952062202463,0.0018867376172204686,0.058223723372911505
dollar_volume_change_20d_60d_sector_neutral,2018-06-29,4,10,0.0038825630777920895,0.0016546828516387224,0.050000334388501134
dollar_volume_change_20d_60d_sector_neutral,2018-06-29,5,10,-0.0421024212047175,0.00995442480372466,0.0040153501059915445
dollar_volume_change_20d_60d_sector_neutral,2018-07-31,1,10,0.04815158534644605,0.039637000197639494,0.0765490783960704
dollar_volume_change_20d_60d_sector_neutral,2018-07-31,2,10,-0.003242671598061131,0.005492459376869596,0.025154821451563225
dollar_volume_change_20d_60d_sector_neutral,2018-07-31,3,10,-0.017882972636614303,-0.006223508467032124,0.010514520413010053
dollar_volume_change_20d_60d_sector_neutral,2018-07-31,4,10,0.00691623281658843,-5.510818436249565e-06,0.035313725866212786
dollar_volume_change_20d_60d_sector_neutral,2018-07-31,5,10,0.004667735787098837,-0.0050917270810207915,0.03306522883672319
dollar_volume_change_20d_60d_sector_neutral,2018-08-31,1,10,0.0032829718992260504,-0.002652628375670929,0.02352669838532101
dollar_volume_change_20d_60d_sector_neutral,2018-08-31,2,10,0.00369125371482546,0.008530845151361932,0.02393498020092042
dollar_volume_change_20d_60d_sector_neutral,2018-08-31,3,10,0.01210098977680959,0.020110123704743632,0.03234471626290455
dollar_volume_change_20d_60d_sector_neutral,2018-08-31,4,10,-0.016043067291483325,-0.007595585166745411,0.004200659194611633
dollar_volume_change_20d_60d_sector_neutral,2018-08-31,5,10,-0.0030384836430912055,-0.0062872935912396954,0.017205242843003753
dollar_volume_change_20d_60d_sector_neutral,2018-09-28,1,10,0.007988770515071653,-0.009607560726854314,-0.0865588834621204
dollar_volume_change_20d_60d_sector_neutral,2018-09-28,2,10,-0.01854561837766905,-0.020559521877029474,-0.11309327235486114
dollar_volume_change_20d_60d_sector_neutral,2018-09-28,3,10,0.07022778741986871,0.09272346102115142,-0.024319866557323357
dollar_volume_change_20d_60d_sector_neutral,2018-09-28,4,10,-0.014140422008336128,-0.012542103060528609,-0.10868807598552817
dollar_volume_change_20d_60d_sector_neutral,2018-09-28,5,10,0.004283977459734589,0.02234187293353579,-0.09026367651745747
dollar_volume_change_20d_60d_sector_neutral,2018-10-31,1,10,-0.004826597181381842,-0.006216561698673018,0.037636125335837434
dollar_volume_change_20d_60d_sector_neutral,2018-10-31,2,10,-0.08128336477375434,-0.04717150179470142,-0.038820642256535066
dollar_volume_change_20d_60d_sector_neutral,2018-10-31,3,10,-0.013574132830156271,-0.0049782054564062594,0.028888589687063003
dollar_volume_change_20d_60d_sector_neutral,2018-10-31,4,10,0.0067634865254344815,0.0032258345243127984,0.049226209042653755
dollar_volume_change_20d_60d_sector_neutral,2018-10-31,5,10,0.011881097810924224,0.024433524447710075,0.0543438203281435
dollar_volume_change_20d_60d_sector_neutral,2018-11-30,1,10,-0.00740875370853874,-0.028218595141637604,-0.11109505699749492
dollar_volume_change_20d_60d_sector_neutral,2018-11-30,2,10,0.009077475274300539,0.01137328734676829,-0.09460882801465563
dollar_volume_change_20d_60d_sector_neutral,2018-11-30,3,10,-0.01262001138167751,-0.013971105321481436,-0.11630631467063368
dollar_volume_change_20d_60d_sector_neutral,2018-11-30,4,10,0.04845678188582003,0.05086281276779886,-0.05522952140313614
dollar_volume_change_20d_60d_sector_neutral,2018-11-30,5,10,-0.019207899594873668,-0.016411871778453047,-0.12289420288382984
dollar_volume_change_20d_60d_sector_neutral,2018-12-31,1,10,-0.019803418001667916,-0.005262932728855807,0.048694509259879545
dollar_volume_change_20d_60d_sector_neutral,2018-12-31,2,10,0.012543660852335891,0.02320998087185655,0.08104158811388336
dollar_volume_change_20d_60d_sector_neutral,2018-12-31,3,10,-0.004112852373986653,-0.0076190340405986046,0.06438507488756082
dollar_volume_change_20d_60d_sector_neutral,2018-12-31,4,10,0.015890421781690534,0.0014423108425438702,0.084388349043238
dollar_volume_change_20d_60d_sector_neutral,2018-12-31,5,10,-0.006646956507858515,-0.01409545301281001,0.06185097075368895
dollar_volume_change_20d_60d_sector_neutral,2019-01-31,1,10,0.0058654073757835375,0.0025558245091201748,0.04506591089609167
dollar_volume_change_20d_60d_sector_neutral,2019-01-31,2,10,-0.01396844598164083,-0.006865567973049824,0.025232057538667297
dollar_volume_change_20d_60d_sector_neutral,2019-01-31,3,10,-0.008524449822374835,-0.007445150939552225,0.030676053697933293
dollar_volume_change_20d_60d_sector_neutral,2019-01-31,4,10,0.00807815944832806,0.005695098871918658,0.047278662968636184
dollar_volume_change_20d_60d_sector_neutral,2019-01-31,5,10,-0.008528431846341045,-0.0024922974199015346,0.030672071673967082
dollar_volume_change_20d_60d_sector_neutral,2019-02-28,1,10,0.012541935404562365,-0.0022412410692377316,0.04262958686864391
dollar_volume_change_20d_60d_sector_neutral,2019-02-28,2,10,-0.007468995035963854,-0.000227307636593177,0.022618656428117688
dollar_volume_change_20d_60d_sector_neutral,2019-02-28,3,10,-0.02886058225486373,-0.011459122823420986,0.0012270692092178127
dollar_volume_change_20d_60d_sector_neutral,2019-02-28,4,10,-0.006758942916603805,-0.003076233425247654,0.02332870854747774
dollar_volume_change_20d_60d_sector_neutral,2019-02-28,5,10,0.016099000037839928,0.00846186680975669,0.04618665150192147
dollar_volume_change_20d_60d_sector_neutral,2019-03-29,1,10,0.0268844072313562,-0.016508084716827964,0.06981020641998247
dollar_volume_change_20d_60d_sector_neutral,2019-03-29,2,10,0.015073450789409337,0.007496184481383672,0.05799924997803561
dollar_volume_change_20d_60d_sector_neutral,2019-03-29,3,10,0.003264461662552487,0.01584742929723748,0.046190260851178756
dollar_volume_change_20d_60d_sector_neutral,2019-03-29,4,10,-0.019405098002253596,-0.0025350799789986,0.023520701186372672
dollar_volume_change_20d_60d_sector_neutral,2019-03-29,5,10,0.005838703916169951,0.0010076214666255856,0.04876450310479622
dollar_volume_change_20d_60d_sector_neutral,2019-04-30,1,10,-0.024386096884722874,-0.012881452684413763,-0.07646752292054643
dollar_volume_change_20d_60d_sector_neutral,2019-04-30,2,10,-0.006037810946490796,0.00775647088447351,-0.058119236982314346
dollar_volume_change_20d_60d_sector_neutral,2019-04-30,3,10,0.0021149438163155622,0.003373166274687478,-0.04996648221950799
dollar_volume_change_20d_60d_sector_neutral,2019-04-30,4,10,0.000874016357422247,0.0166836918863712,-0.0512074096784013
dollar_volume_change_20d_60d_sector_neutral,2019-04-30,5,10,-0.014777425709941661,0.013431688306737188,-0.06685885174576521
dollar_volume_change_20d_60d_sector_neutral,2019-05-31,1,10,0.006259775441829929,-0.0017026247508079573,0.09526205739917543
dollar_volume_change_20d_60d_sector_neutral,2019-05-31,2,10,-0.013241685975761374,-0.023336687321084737,0.07576059598158412
dollar_volume_change_20d_60d_sector_neutral,2019-05-31,3,10,-0.007658289350442415,-0.011377740402127245,0.08134399260690309
dollar_volume_change_20d_60d_sector_neutral,2019-05-31,4,10,0.021042996984171936,0.01592888565261541,0.11004527894151743
dollar_volume_change_20d_60d_sector_neutral,2019-05-31,5,10,-0.008074871516540872,-0.00019192003791612677,0.08092741044080462
dollar_volume_change_20d_60d_sector_neutral,2019-06-28,1,10,0.010487852774410455,0.013716022271572315,0.04658337959206528
dollar_volume_change_20d_60d_sector_neutral,2019-06-28,2,10,-0.03226024064942181,-0.027697108164998818,0.00383528616823301
dollar_volume_change_20d_60d_sector_neutral,2019-06-28,3,10,0.011586335921682057,-0.004722862278761952,0.047681862739336875
dollar_volume_change_20d_60d_sector_neutral,2019-06-28,4,10,-0.013141779741610838,-0.0035632117259856155,0.022953747076043984
dollar_volume_change_20d_60d_sector_neutral,2019-06-28,5,10,-0.010431577208437792,0.002641866258916492,0.02566394960921703
dollar_volume_change_20d_60d_sector_neutral,2019-07-31,1,10,-0.001403685869936011,-0.009626031189361839,-0.012590848162976686
dollar_volume_change_20d_60d_sector_neutral,2019-07-31,2,10,0.0053963319799238295,0.001981636197621761,-0.005790830313116846
dollar_volume_change_20d_60d_sector_neutral,2019-07-31,3,10,-0.0014046691839712522,-0.006241532289249452,-0.012591831477011928
dollar_volume_change_20d_60d_sector_neutral,2019-07-31,4,10,-0.0074315080278752,-0.01097836385755474,-0.018618670320915874
dollar_volume_change_20d_60d_sector_neutral,2019-07-31,5,10,-0.007495404892460955,0.007792391488660233,-0.018682567185501632
dollar_volume_change_20d_60d_sector_neutral,2019-08-30,1,10,0.018738672340510965,0.01271683782699673,0.025462524748525617
dollar_volume_change_20d_60d_sector_neutral,2019-08-30,2,10,-0.0006313150942622414,-0.004003648681224381,0.006092537313752411
dollar_volume_change_20d_60d_sector_neutral,2019-08-30,3,10,-0.015025274970038782,-0.033210154124119595,-0.00830142256202413
dollar_volume_change_20d_60d_sector_neutral,2019-08-30,4,10,-0.008152504331494082,-0.008677094409397734,-0.0014286519234794292
dollar_volume_change_20d_60d_sector_neutral,2019-08-30,5,10,0.003286579755977781,0.009675625383475772,0.010010432163992434
dollar_volume_change_20d_60d_sector_neutral,2019-09-30,1,10,0.0007668971125905144,-0.014921171989592086,0.016876260439624237
dollar_volume_change_20d_60d_sector_neutral,2019-09-30,2,10,0.021665244925414884,-0.02181076365348944,0.037774608252448605
dollar_volume_change_20d_60d_sector_neutral,2019-09-30,3,10,0.03422583018178631,0.034948019117950424,0.05033519350882003
dollar_volume_change_20d_60d_sector_neutral,2019-09-30,4,10,0.00616296549212716,-0.002098281339831587,0.02227232881916088
dollar_volume_change_20d_60d_sector_neutral,2019-09-30,5,10,-0.0017599267889794711,0.00034732124113767693,0.01434943653805425
dollar_volume_change_20d_60d_sector_neutral,2019-10-31,1,10,0.006211298497299722,0.005370818628014695,0.034257299492157264
dollar_volume_change_20d_60d_sector_neutral,2019-10-31,2,10,-0.011832621739968163,-0.011624210524317502,0.01621337925488938
dollar_volume_change_20d_60d_sector_neutral,2019-10-31,3,10,0.01728367295146498,0.01719717313141733,0.04532967394632252
dollar_volume_change_20d_60d_sector_neutral,2019-10-31,4,10,0.004448618605773136,0.0034853588399140767,0.03249461960063068
dollar_volume_change_20d_60d_sector_neutral,2019-10-31,5,10,-0.0004900969165186897,-0.0023695367243670162,0.027555904078338855
dollar_volume_change_20d_60d_sector_neutral,2019-11-29,1,10,0.005148010788508917,0.004684765757131282,0.03231970861827595
dollar_volume_change_20d_60d_sector_neutral,2019-11-29,2,10,0.011401955664101904,-0.0020037108496219203,0.03857365349386893
dollar_volume_change_20d_60d_sector_neutral,2019-11-29,3,10,0.012472184397259278,0.0015442240900448434,0.039643882227026306
dollar_volume_change_20d_60d_sector_neutral,2019-11-29,4,10,0.023210104087899818,0.0048792455570886295,0.05038180191766685
dollar_volume_change_20d_60d_sector_neutral,2019-11-29,5,10,-0.008452625873882614,-0.012112781136588535,0.018719071955884414
dollar_volume_change_20d_60d_sector_neutral,2019-12-31,1,10,0.00603695375737825,-0.022464821892032028,-0.0005508379944552999
dollar_volume_change_20d_60d_sector_neutral,2019-12-31,2,10,0.006230255230689497,0.012730970389624563,-0.00035753652114405287
dollar_volume_change_20d_60d_sector_neutral,2019-12-31,3,10,-0.04007791496185102,-0.041680053435898756,-0.04666570671368457
dollar_volume_change_20d_60d_sector_neutral,2019-12-31,4,10,0.0078079021972334624,0.003487167127414481,0.0012201104453999135
dollar_volume_change_20d_60d_sector_neutral,2019-12-31,5,10,0.07865513078944959,0.04841519369598368,0.07206733903761604
amihud_illiquidity_20d_sector_neutral,2014-01-31,1,10,-0.002501965605210088,0.004151061032437231,0.04578230949846075
amihud_illiquidity_20d_sector_neutral,2014-01-31,2,10,-0.01955278424221444,-0.016754497550108938,0.028731490861456398
amihud_illiquidity_20d_sector_neutral,2014-01-31,3,10,0.012480415432886183,-0.0004983338796605841,0.06076469053655702
amihud_illiquidity_20d_sector_neutral,2014-01-31,4,10,0.04980933465387245,0.006307947656055357,0.09809360975754329
amihud_illiquidity_20d_sector_neutral,2014-01-31,5,10,0.05695760994773411,0.04293159315578465,0.10524188505140494
amihud_illiquidity_20d_sector_neutral,2014-02-28,1,10,0.008783630935071595,0.011358847020472962,0.0271655350953399
amihud_illiquidity_20d_sector_neutral,2014-02-28,2,10,-0.03288162276907226,0.003979659357952747,-0.014499718608803957
amihud_illiquidity_20d_sector_neutral,2014-02-28,3,10,-0.0009176650160969468,0.004904195140898238,0.017464239144171355
amihud_illiquidity_20d_sector_neutral,2014-02-28,4,10,-0.028968288689543563,-0.032378203631374336,-0.010586384529275262
amihud_illiquidity_20d_sector_neutral,2014-02-28,5,10,-0.02612808896333091,-0.029251232838475916,-0.007746184803062606
amihud_illiquidity_20d_sector_neutral,2014-03-31,1,10,0.01587493839281734,0.02817957746575317,0.01903640093247788
amihud_illiquidity_20d_sector_neutral,2014-03-31,2,10,-0.01159214532000218,-0.005509852454201325,-0.008430682780341637
amihud_illiquidity_20d_sector_neutral,2014-03-31,3,10,0.0008296396845222098,0.009188316769804805,0.003991102224182752
amihud_illiquidity_20d_sector_neutral,2014-03-31,4,10,-0.007354232829141305,-0.0003679030743949374,-0.0041927702894807625
amihud_illiquidity_20d_sector_neutral,2014-03-31,5,10,-0.009648723752196942,-0.011771119395431573,-0.006487261212536399
amihud_illiquidity_20d_sector_neutral,2014-04-30,1,10,-0.0020947016417215193,-0.004194481359437452,0.023410718304360277
amihud_illiquidity_20d_sector_neutral,2014-04-30,2,10,-0.01885968777495949,-0.025794047610133375,0.00664573217112231
amihud_illiquidity_20d_sector_neutral,2014-04-30,3,10,0.009101021389177478,0.014096806791664807,0.03460644133525927
amihud_illiquidity_20d_sector_neutral,2014-04-30,4,10,0.019010489207190895,-0.0015204987168635498,0.04451590915327269
amihud_illiquidity_20d_sector_neutral,2014-04-30,5,10,0.019142266039322453,0.010925579420282827,0.04464768598540425
amihud_illiquidity_20d_sector_neutral,2014-05-30,1,10,-0.004399109156228864,-0.004261543959907521,0.01476489105278712
amihud_illiquidity_20d_sector_neutral,2014-05-30,2,10,0.01877887239987861,0.006285137954968545,0.0379428726088946
amihud_illiquidity_20d_sector_neutral,2014-05-30,3,10,0.0039383948650707715,0.010497007057310381,0.023102395074086755
amihud_illiquidity_20d_sector_neutral,2014-05-30,4,10,0.000995694747092979,0.0006321124980679382,0.020159694956108965
amihud_illiquidity_20d_sector_neutral,2014-05-30,5,10,-0.0019238569469614442,-0.009711213579787215,0.01724014326205454
amihud_illiquidity_20d_sector_neutral,2014-06-30,1,10,0.005175437627345447,0.006602860314081527,0.012931594555099225
amihud_illiquidity_20d_sector_neutral,2014-06-30,2,10,-0.009348561898598572,-0.013474807088226626,-0.0015924049708447962
amihud_illiquidity_20d_sector_neutral,2014-06-30,3,10,-0.02040232200518719,-0.012395799370778116,-0.012646165077433413
amihud_illiquidity_20d_sector_neutral,2014-06-30,4,10,0.0037270794953923603,0.0018875927988805108,0.011483236423146137
amihud_illiquidity_20d_sector_neutral,2014-06-30,5,10,-0.002504516222607911,0.0038232767936571266,0.0052516407051458654
amihud_illiquidity_20d_sector_neutral,2014-07-31,1,10,-0.006981652030465746,-0.00647958902170398,0.03485650741564461
amihud_illiquidity_20d_sector_neutral,2014-07-31,2,10,0.028909414814240374,0.013788097717131298,0.07074757426035073
amihud_illiquidity_20d_sector_neutral,2014-07-31,3,10,-0.004515262873788351,-0.004437536164463407,0.037322896572322004
amihud_illiquidity_20d_sector_neutral,2014-07-31,4,10,0.016188363748314914,0.006110866047612906,0.05802652319442527
amihud_illiquidity_20d_sector_neutral,2014-07-31,5,10,0.006859677955484855,-0.015586105760981739,0.04869783740159521
amihud_illiquidity_20d_sector_neutral,2014-08-29,1,10,-0.014719287973032402,-0.015860788627913736,-0.010702073813173618
amihud_illiquidity_20d_sector_neutral,2014-08-29,2,10,-0.013807143277203438,0.003952450977321775,-0.009789929117344654
amihud_illiquidity_20d_sector_neutral,2014-08-29,3,10,-0.005213834346405821,0.0029141301395361197,-0.0011966201865470372
amihud_illiquidity_20d_sector_neutral,2014-08-29,4,10,-0.010659835120205175,-0.0023643784706322,-0.00664262096034639
amihud_illiquidity_20d_sector_neutral,2014-08-29,5,10,-0.003963133652732409,-0.007807491533825761,5.408050712637502e-05
amihud_illiquidity_20d_sector_neutral,2014-09-30,1,10,-0.012993446886112092,-0.017003513626332123,-0.0025809156436093494
amihud_illiquidity_20d_sector_neutral,2014-09-30,2,10,-0.022629256090571814,-0.024418325617120817,-0.012216724848069072
amihud_illiquidity_20d_sector_neutral,2014-09-30,3,10,0.001950084145360953,0.004877631856778031,0.012362615387863696
amihud_illiquidity_20d_sector_neutral,2014-09-30,4,10,-0.0001317838913832303,0.010237751557201746,0.010280747351119512
amihud_illiquidity_20d_sector_neutral,2014-09-30,5,10,0.0060003030213040985,0.014104677971726431,0.016412834263806842
amihud_illiquidity_20d_sector_neutral,2014-10-31,1,10,0.0018344036572420785,0.0001318806927806948,0.04554647030549808
amihud_illiquidity_20d_sector_neutral,2014-10-31,2,10,-0.008963318760192884,-0.02690466188787277,0.03474874788806311
amihud_illiquidity_20d_sector_neutral,2014-10-31,3,10,-0.02304571039576686,-0.007920596156405169,0.020666356252489138
amihud_illiquidity_20d_sector_neutral,2014-10-31,4,10,-0.012687463422614998,-0.0035453846155303337,0.031024603225641
amihud_illiquidity_20d_sector_neutral,2014-10-31,5,10,0.008741866312137248,0.014004940842790803,0.052453932960393246
amihud_illiquidity_20d_sector_neutral,2014-11-28,1,10,-0.01996459858595061,-0.02053022690469619,0.002084824297069754
amihud_illiquidity_20d_sector_neutral,2014-11-28,2,10,-0.026166020878457485,-0.016452899887998806,-0.004116597995437121
amihud_illiquidity_20d_sector_neutral,2014-11-28,3,10,0.010606916417801837,0.009639713053017362,0.0326563393008222
amihud_illiquidity_20d_sector_neutral,2014-11-28,4,10,-0.015416886427981802,0.0005405768859461091,0.006632536455038562
amihud_illiquidity_20d_sector_neutral,2014-11-28,5,10,0.0003169133551901737,-0.003973631365254526,0.02236633623821054
amihud_illiquidity_20d_sector_neutral,2014-12-31,1,10,0.004705577114504933,-0.023437640830301865,-0.004216609902311863
amihud_illiquidity_20d_sector_neutral,2014-12-31,2,10,-0.03938673594120703,-0.036281672053345426,-0.048308922958023824
amihud_illiquidity_20d_sector_neutral,2014-12-31,3,10,-0.006833318818994671,0.0015824262475377937,-0.015755505835811468
amihud_illiquidity_20d_sector_neutral,2014-12-31,4,10,-0.003912982903810869,0.00036333809492200553,-0.012835169920627665
amihud_illiquidity_20d_sector_neutral,2014-12-31,5,10,0.04379606278355328,0.016308051186744388,0.034873875766736485
amihud_illiquidity_20d_sector_neutral,2015-01-30,1,10,0.018288914057134665,0.021398977025675947,0.07876777388373717
amihud_illiquidity_20d_sector_neutral,2015-01-30,2,10,-0.03544015261548281,-0.020917224279223823,0.02503870721111969
amihud_illiquidity_20d_sector_neutral,2015-01-30,3,10,-0.0015194778105456995,0.008141488726226331,0.058959382016056806
amihud_illiquidity_20d_sector_neutral,2015-01-30,4,10,-0.01101750202892362,-0.005824169002523694,0.049461357797678886
amihud_illiquidity_20d_sector_neutral,2015-01-30,5,10,0.016040031399721644,0.005730688012987595,0.07651889122632415
amihud_illiquidity_20d_sector_neutral,2015-02-27,1,10,-0.01623710213045636,-0.0057423080164237805,-0.02595541627464436
amihud_illiquidity_20d_sector_neutral,2015-02-27,2,10,-0.0012975109430372722,-0.003074927508596337,-0.011015825087225272
amihud_illiquidity_20d_sector_neutral,2015-02-27,3,10,0.00011426336059974229,-0.0005192979528100827,-0.009604050783588258
amihud_illiquidity_20d_sector_neutral,2015-02-27,4,10,-0.006034796594482361,-0.002502385151864517,-0.01575311073867036
amihud_illiquidity_20d_sector_neutral,2015-02-27,5,10,0.025384273438069538,0.03306975641868537,0.015665959293881537
amihud_illiquidity_20d_sector_neutral,2015-03-31,1,10,0.05966915061067455,0.04419476986729026,0.05717824362790207
amihud_illiquidity_20d_sector_neutral,2015-03-31,2,10,0.0019078664042465165,-0.001952670562379577,-0.000583040578525973
amihud_illiquidity_20d_sector_neutral,2015-03-31,3,10,0.029060531466306317,0.00010234436752598608,0.026569624483533828
amihud_illiquidity_20d_sector_neutral,2015-03-31,4,10,0.011022618037250697,-0.02327650005220061,0.008531711054478208
amihud_illiquidity_20d_sector_neutral,2015-03-31,5,10,-0.006018886162462045,-0.010224212784346931,-0.008509793145234534
amihud_illiquidity_20d_sector_neutral,2015-04-30,1,10,-0.0118221769136039,-0.0032359377723971683,0.009314613771880786
amihud_illiquidity_20d_sector_neutral,2015-04-30,2,10,0.005584161628591466,0.00048745872727096184,0.026720952314076153
amihud_illiquidity_20d_sector_neutral,2015-04-30,3,10,0.0007753344818781871,-0.009091640218130581,0.02191212516736287
amihud_illiquidity_20d_sector_neutral,2015-04-30,4,10,0.009205154784065117,0.008874953070750147,0.030341945469549804
amihud_illiquidity_20d_sector_neutral,2015-04-30,5,10,0.011088865626259515,0.0021714020666888656,0.0322256563117442
amihud_illiquidity_20d_sector_neutral,2015-05-29,1,10,-0.016115811942792647,-0.022012757885256473,-0.04215430737511815
amihud_illiquidity_20d_sector_neutral,2015-05-29,2,10,0.02786156980059029,0.026485322623244156,0.0018230743682647876
amihud_illiquidity_20d_sector_neutral,2015-05-29,3,10,0.012286845715709238,0.005788215393587759,-0.013751649716616266
amihud_illiquidity_20d_sector_neutral,2015-05-29,4,10,0.010330095900256953,0.011030164243285845,-0.01570839953206855
amihud_illiquidity_20d_sector_neutral,2015-05-29,5,10,-0.009031894618756286,-0.015661663815432436,-0.03507039005108179
amihud_illiquidity_20d_sector_neutral,2015-06-30,1,10,0.006753739124611857,-0.007506313933562048,0.0406859431808535
amihud_illiquidity_20d_sector_neutral,2015-06-30,2,10,-0.017366664693857458,-0.007192681794959577,0.016565539362384186
amihud_illiquidity_20d_sector_neutral,2015-06-30,3,10,0.012928850736359876,0.011611837864612062,0.04686105479260152
amihud_illiquidity_20d_sector_neutral,2015-06-30,4,10,0.0021041795169616908,0.0038257677798372303,0.03603638357320334
amihud_illiquidity_20d_sector_neutral,2015-06-30,5,10,-0.003931157722605294,0.013044626020615513,0.03000104633363635
amihud_illiquidity_20d_sector_neutral,2015-07-31,1,10,-0.020635389674639328,-0.018703548167265327,-0.07416947741851063
amihud_illiquidity_20d_sector_neutral,2015-07-31,2,10,-0.020318338485002453,-0.021055331372067554,-0.07385242622887375
amihud_illiquidity_20d_sector_neutral,2015-07-31,3,10,0.002764166755921127,0.014364592079467053,-0.050769920987950176
amihud_illiquidity_20d_sector_neutral,2015-07-31,4,10,0.007502284241825996,0.006928872117960394,-0.04603180350204531
amihud_illiquidity_20d_sector_neutral,2015-07-31,5,10,0.037431896136641475,0.026337524284864466,-0.01610219160722983
amihud_illiquidity_20d_sector_neutral,2015-08-31,1,10,-0.02276434738429476,-0.01621308542198585,-0.030485740923019235
amihud_illiquidity_20d_sector_neutral,2015-08-31,2,10,-0.007440496838576205,-0.008218231835630141,-0.01516189037730068
amihud_illiquidity_20d_sector_neutral,2015-08-31,3,10,-0.0015381172881615667,0.012079317013299118,-0.00925951082688604
amihud_illiquidity_20d_sector_neutral,2015-08-31,4,10,-0.042144294391568624,-0.027452812431705775,-0.0498656879302931
amihud_illiquidity_20d_sector_neutral,2015-08-31,5,10,0.025268944477890586,0.022051497420609134,0.01754755093916611
amihud_illiquidity_20d_sector_neutral,2015-09-30,1,10,0.04188294482979431,0.026428448319782638,0.1333253555660105
amihud_illiquidity_20d_sector_neutral,2015-09-30,2,10,-0.049160441255248474,-0.016395882283139707,0.0422819694809677
amihud_illiquidity_20d_sector_neutral,2015-09-30,3,10,-0.01684104992282911,-0.027482119769236646,0.07460136081338706
amihud_illiquidity_20d_sector_neutral,2015-09-30,4,10,0.001057466896339121,-0.0014645826538266515,0.0924998776325553
amihud_illiquidity_20d_sector_neutral,2015-09-30,5,10,-0.006985714054609593,0.010729539275611155,0.08445669668160657
amihud_illiquidity_20d_sector_neutral,2015-10-30,1,10,0.004235684644534376,0.004017665595076214,0.025551838964222296
amihud_illiquidity_20d_sector_neutral,2015-10-30,2,10,-0.01226040012586429,0.002739527999481073,0.009055754193823628
amihud_illiquidity_20d_sector_neutral,2015-10-30,3,10,-0.007224959297889177,-0.005473170058130972,0.01409119502179874
amihud_illiquidity_20d_sector_neutral,2015-10-30,4,10,0.019737347745314847,0.0045088284306231685,0.041053502065002766
amihud_illiquidity_20d_sector_neutral,2015-10-30,5,10,0.014629842420048578,0.0010255444641182887,0.035945996739736495
amihud_illiquidity_20d_sector_neutral,2015-11-30,1,10,-0.0063669610902736705,0.003321325111952711,0.0020535710558205024
amihud_illiquidity_20d_sector_neutral,2015-11-30,2,10,-0.005271712736415679,-0.008870400332785966,0.003148819409678494
amihud_illiquidity_20d_sector_neutral,2015-11-30,3,10,-0.00368753731623257,0.011203803055379935,0.004732994829861603
amihud_illiquidity_20d_sector_neutral,2015-11-30,4,10,-0.02501404555872382,-0.025471218327149492,-0.016593513412629646
amihud_illiquidity_20d_sector_neutral,2015-11-30,5,10,0.00012034082265365287,0.006170279994642036,0.008540872968747826
amihud_illiquidity_20d_sector_neutral,2015-12-31,1,10,-0.0059659842719904654,0.003137121830292744,-0.08038220977033861
amihud_illiquidity_20d_sector_neutral,2015-12-31,2,10,0.02077675590798269,0.006530638475304884,-0.05363946959036545
amihud_illiquidity_20d_sector_neutral,2015-12-31,3,10,0.048163106363332917,0.04240666150859301,-0.026253119135015223
amihud_illiquidity_20d_sector_neutral,2015-12-31,4,10,-0.007786148999615694,0.012877314075572743,-0.08220237449796383
amihud_illiquidity_20d_sector_neutral,2015-12-31,5,10,-0.026952174960231456,-0.02083672993214697,-0.1013684004585796
amihud_illiquidity_20d_sector_neutral,2016-01-29,1,10,0.0138478906640766,0.010928156830750435,0.030606150676763255
amihud_illiquidity_20d_sector_neutral,2016-01-29,2,10,-0.01595950076791648,-0.02209482549944014,0.0007987592447701753
amihud_illiquidity_20d_sector_neutral,2016-01-29,3,10,0.01301045198617482,-0.006974852743916071,0.029768711998861476
amihud_illiquidity_20d_sector_neutral,2016-01-29,4,10,-0.0006993623024995843,0.005905806552162662,0.01605889771018707
amihud_illiquidity_20d_sector_neutral,2016-01-29,5,10,0.0013312524531358227,0.005688560604724446,0.018089512465822476
amihud_illiquidity_20d_sector_neutral,2016-02-29,1,10,0.007843792297640451,0.0055676285486251365,0.08503638462693844
amihud_illiquidity_20d_sector_neutral,2016-02-29,2,10,-0.0028964924443068973,-0.0004232791833268523,0.07429609988499108
amihud_illiquidity_20d_sector_neutral,2016-02-29,3,10,-0.022388306636797084,-0.023376554262036886,0.0548042856925009
amihud_illiquidity_20d_sector_neutral,2016-02-29,4,10,-0.0027100974145865876,-0.021122264302415816,0.0744824949147114
amihud_illiquidity_20d_sector_neutral,2016-02-29,5,10,0.037993315337202224,0.050734515558309434,0.1151859076665002
amihud_illiquidity_20d_sector_neutral,2016-03-31,1,10,-0.000554302064510015,0.01735784589702949,0.010801174997963514
amihud_illiquidity_20d_sector_neutral,2016-03-31,2,10,-0.0006733525078821301,-0.01569345257878446,0.010682124554591398
amihud_illiquidity_20d_sector_neutral,2016-03-31,3,10,-0.018901001689822207,-0.010909902565056806,-0.007545524627348676
amihud_illiquidity_20d_sector_neutral,2016-03-31,4,10,-0.007180003637190946,0.0016437832938417385,0.004175473425282583
amihud_illiquidity_20d_sector_neutral,2016-03-31,5,10,0.02946789840209376,0.026769893919673327,0.04082337546456729
amihud_illiquidity_20d_sector_neutral,2016-04-29,1,10,0.016743601389021413,0.00354055982423529,0.028795675208256977
amihud_illiquidity_20d_sector_neutral,2016-04-29,2,10,-0.0032595174945891036,-0.0025565818612438562,0.00879255632464646
amihud_illiquidity_20d_sector_neutral,2016-04-29,3,10,-0.012152612527095919,-0.011376449915297737,-0.00010053870786035368
amihud_illiquidity_20d_sector_neutral,2016-04-29,4,10,-0.006327818628611726,-0.02332982138399875,0.005724255190623839
amihud_illiquidity_20d_sector_neutral,2016-04-29,5,10,0.04105966345703661,0.0373568778796598,0.05311173727627218
amihud_illiquidity_20d_sector_neutral,2016-05-31,1,10,-0.028617203418431957,-0.03550851598041049,-0.029913456057089026
amihud_illiquidity_20d_sector_neutral,2016-05-31,2,10,-0.0025029179330818495,-0.006180429371123897,-0.003799170571738919
amihud_illiquidity_20d_sector_neutral,2016-05-31,3,10,0.01186848061606538,0.011270500444718667,0.01057222797740831
amihud_illiquidity_20d_sector_neutral,2016-05-31,4,10,-0.0070888122616567075,0.003309682370116529,-0.008385064900313776
amihud_illiquidity_20d_sector_neutral,2016-05-31,5,10,-0.006039290662946573,0.0042041392707892755,-0.007335543301603642
amihud_illiquidity_20d_sector_neutral,2016-06-30,1,10,-0.0016553122103114214,-0.00833853627698844,0.04544056624530194
amihud_illiquidity_20d_sector_neutral,2016-06-30,2,10,-0.00031497417261194816,-0.010411071384416548,0.04678090428300141
amihud_illiquidity_20d_sector_neutral,2016-06-30,3,10,-0.0284471173775533,-0.04121309259565631,0.01864876107806006
amihud_illiquidity_20d_sector_neutral,2016-06-30,4,10,0.01511356206893304,0.007278200826893677,0.0622094405245464
amihud_illiquidity_20d_sector_neutral,2016-06-30,5,10,0.018541778199704196,0.03380104410064999,0.06563765665531755
amihud_illiquidity_20d_sector_neutral,2016-07-29,1,10,0.011216956813366508,0.012784143884415622,0.021955415047015113
amihud_illiquidity_20d_sector_neutral,2016-07-29,2,10,-0.0031413302380897236,-0.00765825893854033,0.007597127995558883
amihud_illiquidity_20d_sector_neutral,2016-07-29,3,10,-0.006685266469597384,-0.008939265042811395,0.004053191764051223
amihud_illiquidity_20d_sector_neutral,2016-07-29,4,10,-0.008632981802947226,-0.001217457479213535,0.0021054764307013806
amihud_illiquidity_20d_sector_neutral,2016-07-29,5,10,0.012453076048911549,-0.0010046499636112705,0.023191534282560156
amihud_illiquidity_20d_sector_neutral,2016-08-31,1,10,0.012040770713243476,-0.0025943697229402485,0.016471824864488595
amihud_illiquidity_20d_sector_neutral,2016-08-31,2,10,-0.02086595905266423,-0.01182447337848136,-0.016434904901419113
amihud_illiquidity_20d_sector_neutral,2016-08-31,3,10,-0.012848483381408893,-0.014197257224063842,-0.008417429230163776
amihud_illiquidity_20d_sector_neutral,2016-08-31,4,10,0.0006399256472455983,0.005814451390410369,0.005070979798490716
amihud_illiquidity_20d_sector_neutral,2016-08-31,5,10,0.019902247848969223,0.02914317322564086,0.02433330200021434
amihud_illiquidity_20d_sector_neutral,2016-09-30,1,10,0.007403224824613463,0.0076417687462526085,-0.007129213134427004
amihud_illiquidity_20d_sector_neutral,2016-09-30,2,10,0.007411640043527923,0.020117065853336613,-0.007120797915512544
amihud_illiquidity_20d_sector_neutral,2016-09-30,3,10,-0.004267941565273592,-0.0017370583194840084,-0.01880037952431406
amihud_illiquidity_20d_sector_neutral,2016-09-30,4,10,-0.017881101273298915,-0.02666563088421109,-0.03241353923233938
amihud_illiquidity_20d_sector_neutral,2016-09-30,5,10,0.027828320306334964,0.010701402058437559,0.013295882347294497
amihud_illiquidity_20d_sector_neutral,2016-10-31,1,10,0.008389925158223654,-0.002902567729153316,0.03855848579964103
amihud_illiquidity_20d_sector_neutral,2016-10-31,2,10,-0.016036846133416806,-0.06433609863558615,0.01413171450800057
amihud_illiquidity_20d_sector_neutral,2016-10-31,3,10,0.022937380123694208,0.03681012176189713,0.05310594076511158
amihud_illiquidity_20d_sector_neutral,2016-10-31,4,10,0.012077866933030534,0.009223903118708132,0.04224642757444791
amihud_illiquidity_20d_sector_neutral,2016-10-31,5,10,0.00924810616099726,-0.003998645962114078,0.03941666680241464
amihud_illiquidity_20d_sector_neutral,2016-11-30,1,10,0.005022322028229398,0.010890125494679381,0.027296417931390492
amihud_illiquidity_20d_sector_neutral,2016-11-30,2,10,-0.0036791339823500136,-0.003632059592622694,0.01859496192081108
amihud_illiquidity_20d_sector_neutral,2016-11-30,3,10,-0.011361976220907066,-0.0013248755312733618,0.010912119682254029
amihud_illiquidity_20d_sector_neutral,2016-11-30,4,10,0.037920494824568454,0.032095554485465194,0.06019459072772955
amihud_illiquidity_20d_sector_neutral,2016-11-30,5,10,-0.0025802573298081334,-0.012671795048091572,0.01969383857335296
amihud_illiquidity_20d_sector_neutral,2016-12-30,1,10,0.005919347911604411,-0.0018611289379635299,0.02864678026437927
amihud_illiquidity_20d_sector_neutral,2016-12-30,2,10,0.02168212455875528,0.004181913232443324,0.04440955691153013
amihud_illiquidity_20d_sector_neutral,2016-12-30,3,10,-0.0200335913210835,-0.027362800808334364,0.0026938410316913576
amihud_illiquidity_20d_sector_neutral,2016-12-30,4,10,0.016293919692576708,0.007530944057433264,0.039021352045351565
amihud_illiquidity_20d_sector_neutral,2016-12-30,5,10,-0.0017561390713733526,0.009955324609561056,0.020971293281401505
amihud_illiquidity_20d_sector_neutral,2017-01-31,1,10,0.01718598769106707,0.007427006846041917,0.06536238391090501
amihud_illiquidity_20d_sector_neutral,2017-01-31,2,10,0.0013614053964058237,-0.005386853172454353,0.04953780161624376
amihud_illiquidity_20d_sector_neutral,2017-01-31,3,10,-0.008700615081026842,0.012903799007312866,0.039475781138811096
amihud_illiquidity_20d_sector_neutral,2017-01-31,4,10,-0.024226537488582334,-0.0307736895035573,0.023949858731255602
amihud_illiquidity_20d_sector_neutral,2017-01-31,5,10,0.01400610491843679,0.017123811869408034,0.062182501138274726
amihud_illiquidity_20d_sector_neutral,2017-02-28,1,10,0.007346684861218955,0.009380238255865314,0.012266749621373784
amihud_illiquidity_20d_sector_neutral,2017-02-28,2,10,0.0003778171429132837,-0.010556240318978616,0.005297881903068113
amihud_illiquidity_20d_sector_neutral,2017-02-28,3,10,0.0014758042203382392,0.004723171403031801,0.006395868980493069
amihud_illiquidity_20d_sector_neutral,2017-02-28,4,10,-0.002716236995356913,-0.0013163036871736145,0.0022038277647979166
amihud_illiquidity_20d_sector_neutral,2017-02-28,5,10,0.002461786410078459,-0.004426767100971896,0.007381851170233289
amihud_illiquidity_20d_sector_neutral,2017-03-31,1,10,0.00394615025592514,0.010486357921662526,0.03216552780900438
amihud_illiquidity_20d_sector_neutral,2017-03-31,2,10,0.006471880474926339,0.0036207117757618423,0.03469125802800558
amihud_illiquidity_20d_sector_neutral,2017-03-31,3,10,-0.0211890539146811,-0.021975908100974162,0.00703032363839814
amihud_illiquidity_20d_sector_neutral,2017-03-31,4,10,0.010689805725593882,0.015253809463707801,0.03890918327867312
amihud_illiquidity_20d_sector_neutral,2017-03-31,5,10,-0.01359802762286999,-0.007148271719251642,0.014621349930209249
amihud_illiquidity_20d_sector_neutral,2017-04-28,1,10,0.002918759024429307,0.004140412674537353,0.02833378144504075
amihud_illiquidity_20d_sector_neutral,2017-04-28,2,10,-0.006083563669611635,-0.013210957063803153,0.019331458750999807
amihud_illiquidity_20d_sector_neutral,2017-04-28,3,10,0.027454265135341428,0.0186932820949558,0.05286928755595287
amihud_illiquidity_20d_sector_neutral,2017-04-28,4,10,-0.01942395356911052,-0.024785931784521598,0.005991068851500925
amihud_illiquidity_20d_sector_neutral,2017-04-28,5,10,-0.006479264662925632,0.007785037870906342,0.01893575775768581
amihud_illiquidity_20d_sector_neutral,2017-05-31,1,10,0.004505682517082688,-0.0006160023155488137,0.00032254575086362316
amihud_illiquidity_20d_sector_neutral,2017-05-31,2,10,0.02163655172074972,0.003805549555057852,0.017453414954530656
amihud_illiquidity_20d_sector_neutral,2017-05-31,3,10,0.035468390738451504,0.026947637854618844,0.03128525397223244
amihud_illiquidity_20d_sector_neutral,2017-05-31,4,10,-0.01876142096455089,-0.013376972339177062,-0.022944557730769956
amihud_illiquidity_20d_sector_neutral,2017-05-31,5,10,0.010717416463879737,-0.0031075262942788506,0.006534279697660672
amihud_illiquidity_20d_sector_neutral,2017-06-30,1,10,-0.005156614342149801,0.004470484694065968,0.016649823881854053
amihud_illiquidity_20d_sector_neutral,2017-06-30,2,10,0.011924205785162446,0.0024629027619484933,0.0337306440091663
amihud_illiquidity_20d_sector_neutral,2017-06-30,3,10,-0.0017209133344579853,-0.009457725803485473,0.020085524889545868
amihud_illiquidity_20d_sector_neutral,2017-06-30,4,10,0.012357257575673219,-0.001962920289591219,0.034163695799677075
amihud_illiquidity_20d_sector_neutral,2017-06-30,5,10,0.00486751540238084,0.005792942750400876,0.026673953626384694
amihud_illiquidity_20d_sector_neutral,2017-07-31,1,10,0.017468236238439783,0.006981812369512674,0.016817481058127016
amihud_illiquidity_20d_sector_neutral,2017-07-31,2,10,-2.3083874685969618e-06,-0.002417168086199184,-0.0006530635677813645
amihud_illiquidity_20d_sector_neutral,2017-07-31,3,10,0.00607936156461365,0.001112885833574162,0.005428606384300883
amihud_illiquidity_20d_sector_neutral,2017-07-31,4,10,-0.007335103789394592,-0.0009683435258773798,-0.00798585896970736
amihud_illiquidity_20d_sector_neutral,2017-07-31,5,10,-0.020485585110345574,-0.00907730605648277,-0.02113634029065834
amihud_illiquidity_20d_sector_neutral,2017-08-31,1,10,-0.013610828789339969,-0.023860663830951534,0.007392812705625062
amihud_illiquidity_20d_sector_neutral,2017-08-31,2,10,0.00726766388829776,0.0012725801952834237,0.02827130538326279
amihud_illiquidity_20d_sector_neutral,2017-08-31,3,10,0.0043800693953002234,-0.009452367281122531,0.025383710890265254
amihud_illiquidity_20d_sector_neutral,2017-08-31,4,10,0.021232192361095838,0.03629758717739551,0.04223583385606087
amihud_illiquidity_20d_sector_neutral,2017-08-31,5,10,0.03540931825606384,0.03784841465419708,0.05641295975102887
amihud_illiquidity_20d_sector_neutral,2017-09-29,1,10,0.010772704405594125,0.034029632582877944,0.04973043835186379
amihud_illiquidity_20d_sector_neutral,2017-09-29,2,10,0.012871443589998977,0.017884924129760282,0.051829177536268645
amihud_illiquidity_20d_sector_neutral,2017-09-29,3,10,-0.011133382983962724,-0.016133335168378227,0.027824350962306944
amihud_illiquidity_20d_sector_neutral,2017-09-29,4,10,-0.003975522867354198,-0.0028971469174869924,0.03498221107891547
amihud_illiquidity_20d_sector_neutral,2017-09-29,5,10,-0.010408785407823617,-0.012438864905536806,0.02854894853844605
amihud_illiquidity_20d_sector_neutral,2017-10-31,1,10,0.009452004472104125,-0.0007186964109211491,0.03849033716359072
amihud_illiquidity_20d_sector_neutral,2017-10-31,2,10,-0.024184474677447054,-0.0171486407459015,0.004853858014039536
amihud_illiquidity_20d_sector_neutral,2017-10-31,3,10,0.013547069659778676,-3.048046161158169e-05,0.04258540235126527
amihud_illiquidity_20d_sector_neutral,2017-10-31,4,10,0.020183079908155876,0.017279784761277117,0.04922141259964247
amihud_illiquidity_20d_sector_neutral,2017-10-31,5,10,0.0288576450300021,0.0034672507096862315,0.05789597772148869
amihud_illiquidity_20d_sector_neutral,2017-11-30,1,10,-0.001868264625400673,-0.005389740793454667,0.019251801278429747
amihud_illiquidity_20d_sector_neutral,2017-11-30,2,10,-0.008718650132597183,-0.003767431103704033,0.012401415771233238
amihud_illiquidity_20d_sector_neutral,2017-11-30,3,10,0.025770551390207185,0.029332907757314453,0.04689061729403761
amihud_illiquidity_20d_sector_neutral,2017-11-30,4,10,-0.002908725469187168,-0.003965660872706334,0.01821134043464325
amihud_illiquidity_20d_sector_neutral,2017-11-30,5,10,0.009950597315028486,0.005895225502375423,0.03107066321885891
amihud_illiquidity_20d_sector_neutral,2017-12-29,1,10,-0.005730160640878268,-0.019610756354771386,0.06093268063009884
amihud_illiquidity_20d_sector_neutral,2017-12-29,2,10,0.019276853710402407,0.014002849712925536,0.08593969498137952
amihud_illiquidity_20d_sector_neutral,2017-12-29,3,10,-0.00380366911516935,-0.0023937597916403597,0.06285917215580775
amihud_illiquidity_20d_sector_neutral,2017-12-29,4,10,-0.0013159815544492859,-0.030097418346039184,0.06534685971652782
amihud_illiquidity_20d_sector_neutral,2017-12-29,5,10,0.008732733560028372,0.003329177880993406,0.07539557483100548
amihud_illiquidity_20d_sector_neutral,2018-01-31,1,10,0.01903029076937187,0.008661454108200961,-0.032642845293226454
amihud_illiquidity_20d_sector_neutral,2018-01-31,2,10,-0.020162275078818726,-0.015413785191612572,-0.07183541114141705
amihud_illiquidity_20d_sector_neutral,2018-01-31,3,10,-0.004551875243466297,-0.005361788852480509,-0.05622501130606462
amihud_illiquidity_20d_sector_neutral,2018-01-31,4,10,0.011126024825967983,0.013146956459119563,-0.04054711123663034
amihud_illiquidity_20d_sector_neutral,2018-01-31,5,10,0.0022282286265695285,0.003756896555951905,-0.04944490743602879
amihud_illiquidity_20d_sector_neutral,2018-02-28,1,10,-0.0011139329216556027,-0.0030617952548643856,-0.023161206151151782
amihud_illiquidity_20d_sector_neutral,2018-02-28,2,10,-0.05199526267941871,-0.033005190118506944,-0.07404253590891488
amihud_illiquidity_20d_sector_neutral,2018-02-28,3,10,-0.0006171589813131039,-0.0008931502285088322,-0.02266443221080928
amihud_illiquidity_20d_sector_neutral,2018-02-28,4,10,0.007287366354417901,-0.0014049390693097186,-0.014759906875078277
amihud_illiquidity_20d_sector_neutral,2018-02-28,5,10,0.017982081297594422,0.017135432189356647,-0.004065191931901757
amihud_illiquidity_20d_sector_neutral,2018-03-29,1,10,0.025531093965524464,0.008191112959941349,0.028499102178242385
amihud_illiquidity_20d_sector_neutral,2018-03-29,2,10,0.012456704002479557,-0.0037249453032356383,0.015424712215197478
amihud_illiquidity_20d_sector_neutral,2018-03-29,3,10,-0.0011988744175910671,-0.01504068895736621,0.0017691337951268537
amihud_illiquidity_20d_sector_neutral,2018-03-29,4,10,0.03425256872805928,0.021956549092166266,0.0372205769407772
amihud_illiquidity_20d_sector_neutral,2018-03-29,5,10,-0.010505043024785743,-0.005386749303170402,-0.0075370348120678225
amihud_illiquidity_20d_sector_neutral,2018-04-30,1,10,0.011643933779777627,0.0011343851609856292,0.04733181656285518
amihud_illiquidity_20d_sector_neutral,2018-04-30,2,10,-0.02075732254037671,-0.03351602870510434,0.014930560242700841
amihud_illiquidity_20d_sector_neutral,2018-04-30,3,10,0.0023952331462975597,0.0025010396877478414,0.03808311592937511
amihud_illiquidity_20d_sector_neutral,2018-04-30,4,10,-0.010834280366406346,-0.021194466752413543,0.024853602416671207
amihud_illiquidity_20d_sector_neutral,2018-04-30,5,10,0.033784397890625414,0.026276029049074112,0.06947228067370297
amihud_illiquidity_20d_sector_neutral,2018-05-31,1,10,-0.017806362565735867,-0.007272061187591328,-0.00456705957596637
amihud_illiquidity_20d_sector_neutral,2018-05-31,2,10,0.011151730296744933,0.0,0.02439103328651443
amihud_illiquidity_20d_sector_neutral,2018-05-31,3,10,0.02529713164322691,0.02013796127268641,0.03853643463299641
amihud_illiquidity_20d_sector_neutral,2018-05-31,4,10,-0.01605945804001697,-0.028775902081381532,-0.002820155050247475
amihud_illiquidity_20d_sector_neutral,2018-05-31,5,10,-0.004553117847693333,-0.012614184086477853,0.008686185142076164
amihud_illiquidity_20d_sector_neutral,2018-06-29,1,10,0.0014413552186031242,-0.006479260298503431,0.04755912652931217
amihud_illiquidity_20d_sector_neutral,2018-06-29,2,10,-0.022714036822788285,-0.008533973975614062,0.02340373448792076
amihud_illiquidity_20d_sector_neutral,2018-06-29,3,10,-0.009062018894181689,0.011008692597374248,0.03705575241652735
amihud_illiquidity_20d_sector_neutral,2018-06-29,4,10,0.0018943141015759558,0.005705351073046372,0.048012085412285
amihud_illiquidity_20d_sector_neutral,2018-06-29,5,10,0.010077034320681844,-0.0067909818038708325,0.056194805631390884
amihud_illiquidity_20d_sector_neutral,2018-07-31,1,10,0.022054443407686686,0.012747864787922447,0.05045193645731104
amihud_illiquidity_20d_sector_neutral,2018-07-31,2,10,0.009694678416741898,-0.004187193877087103,0.03809217146636625
amihud_illiquidity_20d_sector_neutral,2018-07-31,3,10,0.006612821610557684,0.0029875335438545036,0.03501031466018204
amihud_illiquidity_20d_sector_neutral,2018-07-31,4,10,-0.01032661598015976,-0.006223508467032124,0.018070877069464596
amihud_illiquidity_20d_sector_neutral,2018-07-31,5,10,0.010574582260631371,0.009071307513375704,0.038972075310255726
amihud_illiquidity_20d_sector_neutral,2018-08-31,1,10,-0.0010035861712397788,-0.010877291788278676,0.01924014031485518
amihud_illiquidity_20d_sector_neutral,2018-08-31,2,10,-0.024504170854414697,-0.0022818210733702715,-0.004260444368319738
amihud_illiquidity_20d_sector_neutral,2018-08-31,3,10,0.009449117681463014,0.008473643986679047,0.029692844167557974
amihud_illiquidity_20d_sector_neutral,2018-08-31,4,10,0.01246150589534043,-0.004245697417200156,0.03270523238143539
amihud_illiquidity_20d_sector_neutral,2018-08-31,5,10,0.003590797905137599,0.01073201291633008,0.02383452439123256
amihud_illiquidity_20d_sector_neutral,2018-09-28,1,10,0.01797853644717078,0.018654804182385465,-0.07656911753002128
amihud_illiquidity_20d_sector_neutral,2018-09-28,2,10,0.009697537069510553,-0.00021152956679304502,-0.08485011690768149
amihud_illiquidity_20d_sector_neutral,2018-09-28,3,10,0.005497304620221144,0.009188816158013258,-0.08905034935697091
amihud_illiquidity_20d_sector_neutral,2018-09-28,4,10,0.019715703986711873,-0.007892856571143914,-0.07483194999048018
amihud_illiquidity_20d_sector_neutral,2018-09-28,5,10,-0.0030745871149445827,-0.0033761125546303283,-0.09762224109213664
amihud_illiquidity_20d_sector_neutral,2018-10-31,1,10,-0.0058693531365915375,0.015007277186292467,0.03659336938062774
amihud_illiquidity_20d_sector_neutral,2018-10-31,2,10,-0.01890471330733311,-0.01041034232058724,0.023558009209886165
amihud_illiquidity_20d_sector_neutral,2018-10-31,3,10,-0.039940061508255506,-0.018043777087435098,0.002522661008963767
amihud_illiquidity_20d_sector_neutral,2018-10-31,4,10,-0.0250796627997376,-0.01229542482864332,0.017383059717481674
amihud_illiquidity_20d_sector_neutral,2018-10-31,5,10,0.008754280302984007,0.0009165011084362185,0.051217002820203285
amihud_illiquidity_20d_sector_neutral,2018-11-30,1,10,-0.014537281969016158,-0.013314463570852475,-0.11822358525797232
amihud_illiquidity_20d_sector_neutral,2018-11-30,2,10,-0.019878890326191157,-0.021271701764897677,-0.12356519361514733
amihud_illiquidity_20d_sector_neutral,2018-11-30,3,10,0.03621622217724404,0.038299863748164686,-0.06747008111171213
amihud_illiquidity_20d_sector_neutral,2018-11-30,4,10,0.005992587845920794,-0.0010675539147241841,-0.09769371544303537
amihud_illiquidity_20d_sector_neutral,2018-11-30,5,10,0.010504954747073136,-0.0007062722916657549,-0.09318134854188304
amihud_illiquidity_20d_sector_neutral,2018-12-31,1,10,-0.02524823273815241,-0.025951082087892652,0.043249694523395055
amihud_illiquidity_20d_sector_neutral,2018-12-31,2,10,0.011486660576921603,-0.0055215110955212365,0.07998458783846907
amihud_illiquidity_20d_sector_neutral,2018-12-31,3,10,0.007628295729093804,0.00861543693971023,0.07612622299064127
amihud_illiquidity_20d_sector_neutral,2018-12-31,4,10,-0.016947480470273925,-0.023140095820894713,0.05155044679127354
amihud_illiquidity_20d_sector_neutral,2018-12-31,5,10,0.020951612652924268,0.02073404746939056,0.08944953991447173
amihud_illiquidity_20d_sector_neutral,2019-01-31,1,10,-0.0016813978645606076,0.01900797283347533,0.03751910565574752
amihud_illiquidity_20d_sector_neutral,2019-01-31,2,10,-0.020220720767771726,-0.01639347264077773,0.018979782752536402
amihud_illiquidity_20d_sector_neutral,2019-01-31,3,10,0.0036488528333262884,-0.00418777291765593,0.04284935635363442
amihud_illiquidity_20d_sector_neutral,2019-01-31,4,10,-0.00617575473155958,0.002307519472595443,0.033024748788748545
amihud_illiquidity_20d_sector_neutral,2019-01-31,5,10,0.007351259704320512,0.022870140851529275,0.04655176322462864
amihud_illiquidity_20d_sector_neutral,2019-02-28,1,10,0.002115601286610469,-0.00013686778302934854,0.03220325275069201
amihud_illiquidity_20d_sector_neutral,2019-02-28,2,10,-0.0007102390398728952,0.007667297251556238,0.02937741242420865
amihud_illiquidity_20d_sector_neutral,2019-02-28,3,10,-0.010742700171601238,-0.00212175708999629,0.019344951292480306
amihud_illiquidity_20d_sector_neutral,2019-02-28,4,10,-0.012575032158647293,-0.02629284471939397,0.01751261930543425
amihud_illiquidity_20d_sector_neutral,2019-02-28,5,10,0.007464785318481859,0.0021331284435243125,0.037552436782563405
amihud_illiquidity_20d_sector_neutral,2019-03-29,1,10,-0.01933074488059313,-0.009664646178232372,0.023595054308033138
amihud_illiquidity_20d_sector_neutral,2019-03-29,2,10,0.0005623980290160979,0.006926330912426337,0.04348819721764237
amihud_illiquidity_20d_sector_neutral,2019-03-29,3,10,0.020555149579875753,-0.002864534180746059,0.06348094876850202
amihud_illiquidity_20d_sector_neutral,2019-03-29,4,10,0.036289886593259824,-0.0012369520617121488,0.07921568578188609
amihud_illiquidity_20d_sector_neutral,2019-03-29,5,10,-0.0064207637243241635,-0.009067725819574823,0.0365050354643021
amihud_illiquidity_20d_sector_neutral,2019-04-30,1,10,0.026932555250341474,0.02045580236726907,-0.02514887078548208
amihud_illiquidity_20d_sector_neutral,2019-04-30,2,10,-0.015570379212651397,0.025444466584026937,-0.06765180524847494
amihud_illiquidity_20d_sector_neutral,2019-04-30,3,10,-0.006588021157018986,-0.008830402990022412,-0.05866944719284254
amihud_illiquidity_20d_sector_neutral,2019-04-30,4,10,-0.021806659048298836,-0.004484967053403455,-0.0738880850841224
amihud_illiquidity_20d_sector_neutral,2019-04-30,5,10,-0.025179869199789772,-0.022947796883105553,-0.07726129523561333
amihud_illiquidity_20d_sector_neutral,2019-05-31,1,10,-0.01810391497431063,-0.0124212442653866,0.07089836698303487
amihud_illiquidity_20d_sector_neutral,2019-05-31,2,10,0.033337832703527595,0.012241699825477736,0.12234011466087309
amihud_illiquidity_20d_sector_neutral,2019-05-31,3,10,-0.03864986397363649,-0.03505921088449249,0.05035241798370901
amihud_illiquidity_20d_sector_neutral,2019-05-31,4,10,0.009358305450170667,0.010909723687595574,0.09836058740751616
amihud_illiquidity_20d_sector_neutral,2019-05-31,5,10,0.012385566377506063,0.026185014157442676,0.10138784833485155
amihud_illiquidity_20d_sector_neutral,2019-06-28,1,10,-0.025181875208618375,-0.03520370466835643,0.010913651609036446
amihud_illiquidity_20d_sector_neutral,2019-06-28,2,10,-0.001432336532898315,0.006890429059765557,0.03466319028475651
amihud_illiquidity_20d_sector_neutral,2019-06-28,3,10,0.01160063413608774,0.009457537990007592,0.04769616095374256
amihud_illiquidity_20d_sector_neutral,2019-06-28,4,10,-0.03812711300789897,-0.023008517748322133,-0.00203158619024415
amihud_illiquidity_20d_sector_neutral,2019-06-28,5,10,0.019381281709949995,0.012096592697557917,0.055476808527604816
amihud_illiquidity_20d_sector_neutral,2019-07-31,1,10,-0.019003936271709255,-0.009626031189361839,-0.03019109856474993
amihud_illiquidity_20d_sector_neutral,2019-07-31,2,10,-0.005439205267601122,-0.015713368626629143,-0.016626367560641796
amihud_illiquidity_20d_sector_neutral,2019-07-31,3,10,-0.004368398055652501,0.019060132905093174,-0.015555560348693176
amihud_illiquidity_20d_sector_neutral,2019-07-31,4,10,0.0051375959750325495,-0.005679221362227649,-0.006049566318008126
amihud_illiquidity_20d_sector_neutral,2019-07-31,5,10,0.011335007625610738,0.02326239315561679,0.00014784533257006238
amihud_illiquidity_20d_sector_neutral,2019-08-30,1,10,0.0018344238142837255,-0.003239712849741727,0.008558276222298378
amihud_illiquidity_20d_sector_neutral,2019-08-30,2,10,0.012957389743199243,0.01748608405865626,0.019681242151213897
amihud_illiquidity_20d_sector_neutral,2019-08-30,3,10,-0.009352655753743666,-0.0022179141096039245,-0.002628803345729014
amihud_illiquidity_20d_sector_neutral,2019-08-30,4,10,-0.008427793695193742,-0.026555057191206266,-0.0017039412871790894
amihud_illiquidity_20d_sector_neutral,2019-08-30,5,10,0.001204793592148079,-0.008803497528880933,0.007928646000162732
amihud_illiquidity_20d_sector_neutral,2019-09-30,1,10,0.02727558351350452,0.0092590190680365,0.043384946840538244
amihud_illiquidity_20d_sector_neutral,2019-09-30,2,10,0.02596555830278303,0.02111022039042365,0.042074921629816756
amihud_illiquidity_20d_sector_neutral,2019-09-30,3,10,0.024801876317758143,0.005693173015649422,0.04091123964479186
amihud_illiquidity_20d_sector_neutral,2019-09-30,4,10,-0.0031566285863472874,-0.019201466393635624,0.012952734740686433
amihud_illiquidity_20d_sector_neutral,2019-09-30,5,10,-0.013825378624759011,-0.01067022010988361,0.002283984702274711
amihud_illiquidity_20d_sector_neutral,2019-10-31,1,10,0.02092506927715889,0.019030720655846545,0.048971070272016436
amihud_illiquidity_20d_sector_neutral,2019-10-31,2,10,-0.01061727320250514,-0.011579204752083405,0.017428727792352404
amihud_illiquidity_20d_sector_neutral,2019-10-31,3,10,-0.02253087472350942,-0.018961454767598918,0.005515126271348125
amihud_illiquidity_20d_sector_neutral,2019-10-31,4,10,0.02040252355983905,0.008125604822185384,0.048448524554696594
amihud_illiquidity_20d_sector_neutral,2019-10-31,5,10,0.007441426487067604,0.0,0.03548742748192515
amihud_illiquidity_20d_sector_neutral,2019-11-29,1,10,0.03436563097022509,0.011536933071892408,0.061537328799992116
amihud_illiquidity_20d_sector_neutral,2019-11-29,2,10,0.011170365951257056,0.007213231411189014,0.03834206378102408
amihud_illiquidity_20d_sector_neutral,2019-11-29,3,10,-0.023648911001829098,-0.021366885988469586,0.003522786827937929
amihud_illiquidity_20d_sector_neutral,2019-11-29,4,10,0.003560099696316432,-0.0026525951962237393,0.03073179752608346
amihud_illiquidity_20d_sector_neutral,2019-11-29,5,10,0.018332443447917825,0.004319209149399095,0.04550414127768485
amihud_illiquidity_20d_sector_neutral,2019-12-31,1,10,0.079261240828789,0.04387611730893537,0.07267344907695546
amihud_illiquidity_20d_sector_neutral,2019-12-31,2,10,-0.007481107524693553,0.003487167127414481,-0.014068899276527103
amihud_illiquidity_20d_sector_neutral,2019-12-31,3,10,0.006486166556031981,-0.005337700768459075,-0.00010162519580156904
amihud_illiquidity_20d_sector_neutral,2019-12-31,4,10,-0.0006179534622467898,0.0075313421469467845,-0.007205745214080339
amihud_illiquidity_20d_sector_neutral,2019-12-31,5,10,-0.018996019384980866,-0.02714232911610981,-0.025583811136814415
