fold_id,test_date,feature,gain,gain_share,split_count
1,2020-01-31,tech__momentum_12_1_sector_neutral,5.47305303812027,0.0134815002720786,2
1,2020-01-31,tech__momentum_6_1_sector_neutral,3.42399001121521,0.008434144881527801,1
1,2020-01-31,tech__return_3m_sector_neutral,3.3949599266052246,0.00836263651300989,1
1,2020-01-31,tech__return_1m_sector_neutral,32.048689007759094,0.07894394711114658,5
1,2020-01-31,tech__return_1w_sector_neutral,0.0,0.0,0
1,2020-01-31,tech__reversal_1m_sector_neutral,1.185670018196106,0.00292060218703749,1
1,2020-01-31,tech__volatility_20d_sector_neutral,6.858910083770752,0.016895213241397068,1
1,2020-01-31,tech__volatility_60d_sector_neutral,9.94066047668457,0.024486336234572966,1
1,2020-01-31,tech__downside_volatility_60d_sector_neutral,0.0,0.0,0
1,2020-01-31,tech__beta_60d_market_sector_neutral,0.0,0.0,0
1,2020-01-31,tech__max_drawdown_126d_sector_neutral,0.27910101413726807,0.000687495694235278,1
1,2020-01-31,tech__distance_sma_50d_sector_neutral,0.0,0.0,0
1,2020-01-31,tech__distance_sma_200d_sector_neutral,0.0,0.0,0
1,2020-01-31,tech__sma_50_200_spread_sector_neutral,2.3678998947143555,0.005832730443593587,1
1,2020-01-31,tech__positive_day_ratio_60d_sector_neutral,32.673139214515686,0.08048212435402231,5
1,2020-01-31,tech__average_dollar_volume_20d_sector_neutral,40.07219982147217,0.09870786360614353,2
1,2020-01-31,tech__dollar_volume_change_20d_60d_sector_neutral,15.549240112304688,0.038301672456777056,3
1,2020-01-31,tech__amihud_illiquidity_20d_sector_neutral,77.8953812122345,0.1918758315865107,6
1,2020-01-31,tech__zero_volume_ratio_60d_sector_neutral,0.0,0.0,0
1,2020-01-31,fund__earnings_yield_zscore,4.516240119934082,0.011124630435990606,1
1,2020-01-31,fund__sales_yield_zscore,12.208219766616821,0.030071902639877773,3
1,2020-01-31,fund__book_to_market_zscore,0.7510409951210022,0.0018500020572692053,1
1,2020-01-31,fund__fcf_yield_zscore,2.774369955062866,0.006833967996201392,1
1,2020-01-31,fund__roe_zscore,7.04938006401062,0.017364388502908605,2
1,2020-01-31,fund__roa_zscore,5.499123007059097,0.013545717134384504,3
1,2020-01-31,fund__gross_profitability_zscore,0.0,0.0,0
1,2020-01-31,fund__gross_margin_zscore,0.0,0.0,0
1,2020-01-31,fund__operating_margin_zscore,3.203049898147583,0.007889914052100778,1
1,2020-01-31,fund__net_margin_zscore,0.0,0.0,0
1,2020-01-31,fund__cash_conversion_zscore,1.1007689833641052,0.002711469676130838,2
1,2020-01-31,fund__debt_to_assets_zscore,0.0,0.0,0
1,2020-01-31,fund__net_debt_to_assets_zscore,0.0,0.0,0
1,2020-01-31,fund__current_ratio_zscore,0.0,0.0,0
1,2020-01-31,fund__interest_coverage_zscore,0.0,0.0,0
1,2020-01-31,fund__capex_to_assets_zscore,2.1762900352478027,0.005360747374082082,1
1,2020-01-31,fund__accruals_zscore,4.440340042114258,0.01093766953635164,1
1,2020-01-31,fund__revenue_growth_yoy_zscore,18.191999435424805,0.04481145050671145,1
1,2020-01-31,fund__net_income_growth_yoy_zscore,3.763279914855957,0.009269900883961363,1
1,2020-01-31,fund__operating_cash_flow_growth_yoy_zscore,0.0,0.0,0
1,2020-01-31,fund__asset_growth_yoy_zscore,17.26259994506836,0.04252210680862563,1
1,2020-01-31,fund__revenue_growth_acceleration_zscore,18.04703998565674,0.04445437907914134,5
1,2020-01-31,fund__net_income_growth_acceleration_zscore,0.0,0.0,0
1,2020-01-31,fund__operating_cash_flow_growth_acceleration_zscore,0.0,0.0,0
1,2020-01-31,fund__earnings_yield_sector_zscore,0.0,0.0,0
1,2020-01-31,fund__sales_yield_sector_zscore,0.9627760052680969,0.0023715584129311647,1
1,2020-01-31,fund__book_to_market_sector_zscore,6.199349880218506,0.015270551283672693,1
1,2020-01-31,fund__fcf_yield_sector_zscore,0.0,0.0,0
1,2020-01-31,fund__roe_sector_zscore,0.0,0.0,0
1,2020-01-31,fund__roa_sector_zscore,0.0,0.0,0
1,2020-01-31,fund__gross_profitability_sector_zscore,0.0,0.0,0
1,2020-01-31,fund__gross_margin_sector_zscore,41.85980033874512,0.1031111713563385,2
1,2020-01-31,fund__operating_margin_sector_zscore,0.0,0.0,0
1,2020-01-31,fund__net_margin_sector_zscore,0.0,0.0,0
1,2020-01-31,fund__cash_conversion_sector_zscore,0.0,0.0,0
1,2020-01-31,fund__debt_to_assets_sector_zscore,0.0,0.0,0
1,2020-01-31,fund__net_debt_to_assets_sector_zscore,0.0,0.0,0
1,2020-01-31,fund__current_ratio_sector_zscore,0.0,0.0,0
1,2020-01-31,fund__interest_coverage_sector_zscore,0.0,0.0,0
1,2020-01-31,fund__capex_to_assets_sector_zscore,9.519859790802002,0.023449798762397268,2
1,2020-01-31,fund__accruals_sector_zscore,2.3189399242401123,0.0057121297750687,1
1,2020-01-31,fund__revenue_growth_yoy_sector_zscore,0.0,0.0,0
1,2020-01-31,fund__net_income_growth_yoy_sector_zscore,5.3266401290893555,0.01312084861034831,1
1,2020-01-31,fund__operating_cash_flow_growth_yoy_sector_zscore,0.0,0.0,0
1,2020-01-31,fund__asset_growth_yoy_sector_zscore,4.132041931152344,0.010178254080688185,2
1,2020-01-31,fund__revenue_growth_acceleration_sector_zscore,3.501610040664673,0.008625342452765132,1
1,2020-01-31,fund__net_income_growth_acceleration_sector_zscore,0.0,0.0,0
1,2020-01-31,fund__operating_cash_flow_growth_acceleration_sector_zscore,0.0,0.0,0
1,2020-01-31,fund__earnings_yield_missing,0.0,0.0,0
1,2020-01-31,fund__sales_yield_missing,0.0,0.0,0
1,2020-01-31,fund__book_to_market_missing,0.0,0.0,0
1,2020-01-31,fund__fcf_yield_missing,0.0,0.0,0
1,2020-01-31,fund__roe_missing,0.0,0.0,0
1,2020-01-31,fund__roa_missing,0.0,0.0,0
1,2020-01-31,fund__gross_profitability_missing,0.0,0.0,0
1,2020-01-31,fund__gross_margin_missing,0.0,0.0,0
1,2020-01-31,fund__operating_margin_missing,0.0,0.0,0
1,2020-01-31,fund__net_margin_missing,0.0,0.0,0
1,2020-01-31,fund__cash_conversion_missing,0.0,0.0,0
1,2020-01-31,fund__debt_to_assets_missing,0.0,0.0,0
1,2020-01-31,fund__net_debt_to_assets_missing,0.0,0.0,0
1,2020-01-31,fund__current_ratio_missing,0.0,0.0,0
1,2020-01-31,fund__interest_coverage_missing,0.0,0.0,0
1,2020-01-31,fund__capex_to_assets_missing,0.0,0.0,0
1,2020-01-31,fund__accruals_missing,0.0,0.0,0
1,2020-01-31,fund__revenue_growth_yoy_missing,0.0,0.0,0
1,2020-01-31,fund__net_income_growth_yoy_missing,0.0,0.0,0
1,2020-01-31,fund__operating_cash_flow_growth_yoy_missing,0.0,0.0,0
1,2020-01-31,fund__asset_growth_yoy_missing,0.0,0.0,0
1,2020-01-31,fund__revenue_growth_acceleration_missing,0.0,0.0,0
1,2020-01-31,fund__net_income_growth_acceleration_missing,0.0,0.0,0
1,2020-01-31,fund__operating_cash_flow_growth_acceleration_missing,0.0,0.0,0
2,2020-02-28,tech__momentum_12_1_sector_neutral,5.47305303812027,0.0134815002720786,2
2,2020-02-28,tech__momentum_6_1_sector_neutral,3.42399001121521,0.008434144881527801,1
2,2020-02-28,tech__return_3m_sector_neutral,3.3949599266052246,0.00836263651300989,1
2,2020-02-28,tech__return_1m_sector_neutral,32.048689007759094,0.07894394711114658,5
2,2020-02-28,tech__return_1w_sector_neutral,0.0,0.0,0
2,2020-02-28,tech__reversal_1m_sector_neutral,1.185670018196106,0.00292060218703749,1
2,2020-02-28,tech__volatility_20d_sector_neutral,6.858910083770752,0.016895213241397068,1
2,2020-02-28,tech__volatility_60d_sector_neutral,9.94066047668457,0.024486336234572966,1
2,2020-02-28,tech__downside_volatility_60d_sector_neutral,0.0,0.0,0
2,2020-02-28,tech__beta_60d_market_sector_neutral,0.0,0.0,0
2,2020-02-28,tech__max_drawdown_126d_sector_neutral,0.27910101413726807,0.000687495694235278,1
2,2020-02-28,tech__distance_sma_50d_sector_neutral,0.0,0.0,0
2,2020-02-28,tech__distance_sma_200d_sector_neutral,0.0,0.0,0
2,2020-02-28,tech__sma_50_200_spread_sector_neutral,2.3678998947143555,0.005832730443593587,1
2,2020-02-28,tech__positive_day_ratio_60d_sector_neutral,32.673139214515686,0.08048212435402231,5
2,2020-02-28,tech__average_dollar_volume_20d_sector_neutral,40.07219982147217,0.09870786360614353,2
2,2020-02-28,tech__dollar_volume_change_20d_60d_sector_neutral,15.549240112304688,0.038301672456777056,3
2,2020-02-28,tech__amihud_illiquidity_20d_sector_neutral,77.8953812122345,0.1918758315865107,6
2,2020-02-28,tech__zero_volume_ratio_60d_sector_neutral,0.0,0.0,0
2,2020-02-28,fund__earnings_yield_zscore,4.516240119934082,0.011124630435990606,1
2,2020-02-28,fund__sales_yield_zscore,12.208219766616821,0.030071902639877773,3
2,2020-02-28,fund__book_to_market_zscore,0.7510409951210022,0.0018500020572692053,1
2,2020-02-28,fund__fcf_yield_zscore,2.774369955062866,0.006833967996201392,1
2,2020-02-28,fund__roe_zscore,7.04938006401062,0.017364388502908605,2
2,2020-02-28,fund__roa_zscore,5.499123007059097,0.013545717134384504,3
2,2020-02-28,fund__gross_profitability_zscore,0.0,0.0,0
2,2020-02-28,fund__gross_margin_zscore,0.0,0.0,0
2,2020-02-28,fund__operating_margin_zscore,3.203049898147583,0.007889914052100778,1
2,2020-02-28,fund__net_margin_zscore,0.0,0.0,0
2,2020-02-28,fund__cash_conversion_zscore,1.1007689833641052,0.002711469676130838,2
2,2020-02-28,fund__debt_to_assets_zscore,0.0,0.0,0
2,2020-02-28,fund__net_debt_to_assets_zscore,0.0,0.0,0
2,2020-02-28,fund__current_ratio_zscore,0.0,0.0,0
2,2020-02-28,fund__interest_coverage_zscore,0.0,0.0,0
2,2020-02-28,fund__capex_to_assets_zscore,2.1762900352478027,0.005360747374082082,1
2,2020-02-28,fund__accruals_zscore,4.440340042114258,0.01093766953635164,1
2,2020-02-28,fund__revenue_growth_yoy_zscore,18.191999435424805,0.04481145050671145,1
2,2020-02-28,fund__net_income_growth_yoy_zscore,3.763279914855957,0.009269900883961363,1
2,2020-02-28,fund__operating_cash_flow_growth_yoy_zscore,0.0,0.0,0
2,2020-02-28,fund__asset_growth_yoy_zscore,17.26259994506836,0.04252210680862563,1
2,2020-02-28,fund__revenue_growth_acceleration_zscore,18.04703998565674,0.04445437907914134,5
2,2020-02-28,fund__net_income_growth_acceleration_zscore,0.0,0.0,0
2,2020-02-28,fund__operating_cash_flow_growth_acceleration_zscore,0.0,0.0,0
2,2020-02-28,fund__earnings_yield_sector_zscore,0.0,0.0,0
2,2020-02-28,fund__sales_yield_sector_zscore,0.9627760052680969,0.0023715584129311647,1
2,2020-02-28,fund__book_to_market_sector_zscore,6.199349880218506,0.015270551283672693,1
2,2020-02-28,fund__fcf_yield_sector_zscore,0.0,0.0,0
2,2020-02-28,fund__roe_sector_zscore,0.0,0.0,0
2,2020-02-28,fund__roa_sector_zscore,0.0,0.0,0
2,2020-02-28,fund__gross_profitability_sector_zscore,0.0,0.0,0
2,2020-02-28,fund__gross_margin_sector_zscore,41.85980033874512,0.1031111713563385,2
2,2020-02-28,fund__operating_margin_sector_zscore,0.0,0.0,0
2,2020-02-28,fund__net_margin_sector_zscore,0.0,0.0,0
2,2020-02-28,fund__cash_conversion_sector_zscore,0.0,0.0,0
2,2020-02-28,fund__debt_to_assets_sector_zscore,0.0,0.0,0
2,2020-02-28,fund__net_debt_to_assets_sector_zscore,0.0,0.0,0
2,2020-02-28,fund__current_ratio_sector_zscore,0.0,0.0,0
2,2020-02-28,fund__interest_coverage_sector_zscore,0.0,0.0,0
2,2020-02-28,fund__capex_to_assets_sector_zscore,9.519859790802002,0.023449798762397268,2
2,2020-02-28,fund__accruals_sector_zscore,2.3189399242401123,0.0057121297750687,1
2,2020-02-28,fund__revenue_growth_yoy_sector_zscore,0.0,0.0,0
2,2020-02-28,fund__net_income_growth_yoy_sector_zscore,5.3266401290893555,0.01312084861034831,1
2,2020-02-28,fund__operating_cash_flow_growth_yoy_sector_zscore,0.0,0.0,0
2,2020-02-28,fund__asset_growth_yoy_sector_zscore,4.132041931152344,0.010178254080688185,2
2,2020-02-28,fund__revenue_growth_acceleration_sector_zscore,3.501610040664673,0.008625342452765132,1
2,2020-02-28,fund__net_income_growth_acceleration_sector_zscore,0.0,0.0,0
2,2020-02-28,fund__operating_cash_flow_growth_acceleration_sector_zscore,0.0,0.0,0
2,2020-02-28,fund__earnings_yield_missing,0.0,0.0,0
2,2020-02-28,fund__sales_yield_missing,0.0,0.0,0
2,2020-02-28,fund__book_to_market_missing,0.0,0.0,0
2,2020-02-28,fund__fcf_yield_missing,0.0,0.0,0
2,2020-02-28,fund__roe_missing,0.0,0.0,0
2,2020-02-28,fund__roa_missing,0.0,0.0,0
2,2020-02-28,fund__gross_profitability_missing,0.0,0.0,0
2,2020-02-28,fund__gross_margin_missing,0.0,0.0,0
2,2020-02-28,fund__operating_margin_missing,0.0,0.0,0
2,2020-02-28,fund__net_margin_missing,0.0,0.0,0
2,2020-02-28,fund__cash_conversion_missing,0.0,0.0,0
2,2020-02-28,fund__debt_to_assets_missing,0.0,0.0,0
2,2020-02-28,fund__net_debt_to_assets_missing,0.0,0.0,0
2,2020-02-28,fund__current_ratio_missing,0.0,0.0,0
2,2020-02-28,fund__interest_coverage_missing,0.0,0.0,0
2,2020-02-28,fund__capex_to_assets_missing,0.0,0.0,0
2,2020-02-28,fund__accruals_missing,0.0,0.0,0
2,2020-02-28,fund__revenue_growth_yoy_missing,0.0,0.0,0
2,2020-02-28,fund__net_income_growth_yoy_missing,0.0,0.0,0
2,2020-02-28,fund__operating_cash_flow_growth_yoy_missing,0.0,0.0,0
2,2020-02-28,fund__asset_growth_yoy_missing,0.0,0.0,0
2,2020-02-28,fund__revenue_growth_acceleration_missing,0.0,0.0,0
2,2020-02-28,fund__net_income_growth_acceleration_missing,0.0,0.0,0
2,2020-02-28,fund__operating_cash_flow_growth_acceleration_missing,0.0,0.0,0
3,2020-03-31,tech__momentum_12_1_sector_neutral,0.0,0.0,0
3,2020-03-31,tech__momentum_6_1_sector_neutral,35.73550033569336,0.1098663095140147,2
3,2020-03-31,tech__return_3m_sector_neutral,18.791200637817383,0.05777223897862457,1
3,2020-03-31,tech__return_1m_sector_neutral,0.0,0.0,0
3,2020-03-31,tech__return_1w_sector_neutral,0.0,0.0,0
3,2020-03-31,tech__reversal_1m_sector_neutral,6.131659984588623,0.018851362017412245,1
3,2020-03-31,tech__volatility_20d_sector_neutral,0.0,0.0,0
3,2020-03-31,tech__volatility_60d_sector_neutral,0.0,0.0,0
3,2020-03-31,tech__downside_volatility_60d_sector_neutral,15.305500030517578,0.047055694976237114,1
3,2020-03-31,tech__beta_60d_market_sector_neutral,0.0,0.0,0
3,2020-03-31,tech__max_drawdown_126d_sector_neutral,14.581500053405762,0.044829807418310386,1
3,2020-03-31,tech__distance_sma_50d_sector_neutral,0.0,0.0,0
3,2020-03-31,tech__distance_sma_200d_sector_neutral,0.0,0.0,0
3,2020-03-31,tech__sma_50_200_spread_sector_neutral,11.172100067138672,0.034347844366735,1
3,2020-03-31,tech__positive_day_ratio_60d_sector_neutral,2.8035900592803955,0.008619442579782713,1
3,2020-03-31,tech__average_dollar_volume_20d_sector_neutral,64.67117977142334,0.1988270427630442,4
3,2020-03-31,tech__dollar_volume_change_20d_60d_sector_neutral,2.9677000045776367,0.009123987188784474,1
3,2020-03-31,tech__amihud_illiquidity_20d_sector_neutral,67.57727861404419,0.20776164146524276,5
3,2020-03-31,tech__zero_volume_ratio_60d_sector_neutral,0.0,0.0,0
3,2020-03-31,fund__earnings_yield_zscore,0.0,0.0,0
3,2020-03-31,fund__sales_yield_zscore,8.230879783630371,0.02530526723807336,1
3,2020-03-31,fund__book_to_market_zscore,19.246800184249878,0.05917294808616716,3
3,2020-03-31,fund__fcf_yield_zscore,0.0,0.0,0
3,2020-03-31,fund__roe_zscore,6.328660011291504,0.019457024893395253,1
3,2020-03-31,fund__roa_zscore,6.953229904174805,0.02137722157512783,1
3,2020-03-31,fund__gross_profitability_zscore,0.0,0.0,0
3,2020-03-31,fund__gross_margin_zscore,0.0,0.0,0
3,2020-03-31,fund__operating_margin_zscore,0.0,0.0,0
3,2020-03-31,fund__net_margin_zscore,0.0,0.0,0
3,2020-03-31,fund__cash_conversion_zscore,0.0,0.0,0
3,2020-03-31,fund__debt_to_assets_zscore,0.0,0.0,0
3,2020-03-31,fund__net_debt_to_assets_zscore,0.0,0.0,0
3,2020-03-31,fund__current_ratio_zscore,0.0,0.0,0
3,2020-03-31,fund__interest_coverage_zscore,0.0,0.0,0
3,2020-03-31,fund__capex_to_assets_zscore,0.0,0.0,0
3,2020-03-31,fund__accruals_zscore,0.0,0.0,0
3,2020-03-31,fund__revenue_growth_yoy_zscore,0.0,0.0,0
3,2020-03-31,fund__net_income_growth_yoy_zscore,0.0,0.0,0
3,2020-03-31,fund__operating_cash_flow_growth_yoy_zscore,0.0,0.0,0
3,2020-03-31,fund__asset_growth_yoy_zscore,4.933300018310547,0.015167087676000345,1
3,2020-03-31,fund__revenue_growth_acceleration_zscore,0.0,0.0,0
3,2020-03-31,fund__net_income_growth_acceleration_zscore,0.0,0.0,0
3,2020-03-31,fund__operating_cash_flow_growth_acceleration_zscore,0.0,0.0,0
3,2020-03-31,fund__earnings_yield_sector_zscore,0.0,0.0,0
3,2020-03-31,fund__sales_yield_sector_zscore,0.0,0.0,0
3,2020-03-31,fund__book_to_market_sector_zscore,0.0,0.0,0
3,2020-03-31,fund__fcf_yield_sector_zscore,2.578249931335449,0.007926650034270231,1
3,2020-03-31,fund__roe_sector_zscore,0.0,0.0,0
3,2020-03-31,fund__roa_sector_zscore,0.0,0.0,0
3,2020-03-31,fund__gross_profitability_sector_zscore,0.0,0.0,0
3,2020-03-31,fund__gross_margin_sector_zscore,5.816830158233643,0.017883439620310353,1
3,2020-03-31,fund__operating_margin_sector_zscore,0.0,0.0,0
3,2020-03-31,fund__net_margin_sector_zscore,7.3332600593566895,0.022545597846948734,1
3,2020-03-31,fund__cash_conversion_sector_zscore,0.0,0.0,0
3,2020-03-31,fund__debt_to_assets_sector_zscore,0.0,0.0,0
3,2020-03-31,fund__net_debt_to_assets_sector_zscore,0.0,0.0,0
3,2020-03-31,fund__current_ratio_sector_zscore,0.0,0.0,0
3,2020-03-31,fund__interest_coverage_sector_zscore,0.0,0.0,0
3,2020-03-31,fund__capex_to_assets_sector_zscore,0.0,0.0,0
3,2020-03-31,fund__accruals_sector_zscore,0.0,0.0,0
3,2020-03-31,fund__revenue_growth_yoy_sector_zscore,0.0,0.0,0
3,2020-03-31,fund__net_income_growth_yoy_sector_zscore,4.861879825592041,0.014947511262488528,1
3,2020-03-31,fund__operating_cash_flow_growth_yoy_sector_zscore,0.0,0.0,0
3,2020-03-31,fund__asset_growth_yoy_sector_zscore,0.0,0.0,0
3,2020-03-31,fund__revenue_growth_acceleration_sector_zscore,0.0,0.0,0
3,2020-03-31,fund__net_income_growth_acceleration_sector_zscore,0.0,0.0,0
3,2020-03-31,fund__operating_cash_flow_growth_acceleration_sector_zscore,0.0,0.0,0
3,2020-03-31,fund__earnings_yield_missing,0.0,0.0,0
3,2020-03-31,fund__sales_yield_missing,0.0,0.0,0
3,2020-03-31,fund__book_to_market_missing,0.0,0.0,0
3,2020-03-31,fund__fcf_yield_missing,0.0,0.0,0
3,2020-03-31,fund__roe_missing,19.243200302124023,0.05916188049903007,1
3,2020-03-31,fund__roa_missing,0.0,0.0,0
3,2020-03-31,fund__gross_profitability_missing,0.0,0.0,0
3,2020-03-31,fund__gross_margin_missing,0.0,0.0,0
3,2020-03-31,fund__operating_margin_missing,0.0,0.0,0
3,2020-03-31,fund__net_margin_missing,0.0,0.0,0
3,2020-03-31,fund__cash_conversion_missing,0.0,0.0,0
3,2020-03-31,fund__debt_to_assets_missing,0.0,0.0,0
3,2020-03-31,fund__net_debt_to_assets_missing,0.0,0.0,0
3,2020-03-31,fund__current_ratio_missing,0.0,0.0,0
3,2020-03-31,fund__interest_coverage_missing,0.0,0.0,0
3,2020-03-31,fund__capex_to_assets_missing,0.0,0.0,0
3,2020-03-31,fund__accruals_missing,0.0,0.0,0
3,2020-03-31,fund__revenue_growth_yoy_missing,0.0,0.0,0
3,2020-03-31,fund__net_income_growth_yoy_missing,0.0,0.0,0
3,2020-03-31,fund__operating_cash_flow_growth_yoy_missing,0.0,0.0,0
3,2020-03-31,fund__asset_growth_yoy_missing,0.0,0.0,0
3,2020-03-31,fund__revenue_growth_acceleration_missing,0.0,0.0,0
3,2020-03-31,fund__net_income_growth_acceleration_missing,0.0,0.0,0
3,2020-03-31,fund__operating_cash_flow_growth_acceleration_missing,0.0,0.0,0
4,2020-04-30,tech__momentum_12_1_sector_neutral,0.0,0.0,0
4,2020-04-30,tech__momentum_6_1_sector_neutral,4.855720043182373,0.008082427882514643,1
4,2020-04-30,tech__return_3m_sector_neutral,0.0,0.0,0
4,2020-04-30,tech__return_1m_sector_neutral,30.142120361328125,0.050172067557429555,5
4,2020-04-30,tech__return_1w_sector_neutral,3.879770040512085,0.006457942647910207,1
4,2020-04-30,tech__reversal_1m_sector_neutral,9.226890087127686,0.015358314121467119,3
4,2020-04-30,tech__volatility_20d_sector_neutral,5.043039798736572,0.008394224773969042,1
4,2020-04-30,tech__volatility_60d_sector_neutral,25.439900398254395,0.04234514314636818,2
4,2020-04-30,tech__downside_volatility_60d_sector_neutral,0.0,0.0,0
4,2020-04-30,tech__beta_60d_market_sector_neutral,17.213590145111084,0.028652311029002973,6
4,2020-04-30,tech__max_drawdown_126d_sector_neutral,18.763360023498535,0.03123192912171961,3
4,2020-04-30,tech__distance_sma_50d_sector_neutral,2.378809928894043,0.003959569234946062,1
4,2020-04-30,tech__distance_sma_200d_sector_neutral,5.0142998695373535,0.00834638667724281,1
4,2020-04-30,tech__sma_50_200_spread_sector_neutral,17.04040002822876,0.02836403315935292,2
4,2020-04-30,tech__positive_day_ratio_60d_sector_neutral,38.54881012439728,0.06416514441038365,7
4,2020-04-30,tech__average_dollar_volume_20d_sector_neutral,144.51528787612915,0.24054813329273872,11
4,2020-04-30,tech__dollar_volume_change_20d_60d_sector_neutral,0.0,0.0,0
4,2020-04-30,tech__amihud_illiquidity_20d_sector_neutral,128.45774841308594,0.21382008811581352,7
4,2020-04-30,tech__zero_volume_ratio_60d_sector_neutral,0.0,0.0,0
4,2020-04-30,fund__earnings_yield_zscore,5.244900226593018,0.008730224859635842,1
4,2020-04-30,fund__sales_yield_zscore,7.347499847412109,0.012230037379703459,1
4,2020-04-30,fund__book_to_market_zscore,34.256450176239014,0.057020438904658834,5
4,2020-04-30,fund__fcf_yield_zscore,0.0,0.0,0
4,2020-04-30,fund__roe_zscore,5.569990158081055,0.009271342531828005,2
4,2020-04-30,fund__roa_zscore,10.069350004196167,0.016760602857856594,3
4,2020-04-30,fund__gross_profitability_zscore,0.0,0.0,0
4,2020-04-30,fund__gross_margin_zscore,0.0,0.0,0
4,2020-04-30,fund__operating_margin_zscore,2.705389976501465,0.004503167230543282,1
4,2020-04-30,fund__net_margin_zscore,0.0,0.0,0
4,2020-04-30,fund__cash_conversion_zscore,0.0,0.0,0
4,2020-04-30,fund__debt_to_assets_zscore,5.627610206604004,0.009367252074106418,1
4,2020-04-30,fund__net_debt_to_assets_zscore,0.0,0.0,0
4,2020-04-30,fund__current_ratio_zscore,2.371690034866333,0.003947718051290836,1
4,2020-04-30,fund__interest_coverage_zscore,0.0,0.0,0
4,2020-04-30,fund__capex_to_assets_zscore,0.0,0.0,0
4,2020-04-30,fund__accruals_zscore,4.242030143737793,0.007060930697673299,1
4,2020-04-30,fund__revenue_growth_yoy_zscore,0.0,0.0,0
4,2020-04-30,fund__net_income_growth_yoy_zscore,0.0,0.0,0
4,2020-04-30,fund__operating_cash_flow_growth_yoy_zscore,0.0,0.0,0
4,2020-04-30,fund__asset_growth_yoy_zscore,4.497239947319031,0.0074857317187396214,2
4,2020-04-30,fund__revenue_growth_acceleration_zscore,0.0,0.0,0
4,2020-04-30,fund__net_income_growth_acceleration_zscore,0.0,0.0,0
4,2020-04-30,fund__operating_cash_flow_growth_acceleration_zscore,0.0,0.0,0
4,2020-04-30,fund__earnings_yield_sector_zscore,4.440680027008057,0.007391586777744502,1
4,2020-04-30,fund__sales_yield_sector_zscore,0.0,0.0,0
4,2020-04-30,fund__book_to_market_sector_zscore,0.0,0.0,0
4,2020-04-30,fund__fcf_yield_sector_zscore,2.649250030517578,0.004409721343896643,1
4,2020-04-30,fund__roe_sector_zscore,6.122710227966309,0.010191354407376374,1
4,2020-04-30,fund__roa_sector_zscore,0.0,0.0,0
4,2020-04-30,fund__gross_profitability_sector_zscore,0.0,0.0,0
4,2020-04-30,fund__gross_margin_sector_zscore,0.0,0.0,0
4,2020-04-30,fund__operating_margin_sector_zscore,2.1773200035095215,0.003624185856890696,1
4,2020-04-30,fund__net_margin_sector_zscore,6.529719829559326,0.010868828751677865,1
4,2020-04-30,fund__cash_conversion_sector_zscore,3.8064401149749756,0.006335883750462854,1
4,2020-04-30,fund__debt_to_assets_sector_zscore,0.0,0.0,0
4,2020-04-30,fund__net_debt_to_assets_sector_zscore,0.0,0.0,0
4,2020-04-30,fund__current_ratio_sector_zscore,0.0,0.0,0
4,2020-04-30,fund__interest_coverage_sector_zscore,5.537179946899414,0.009216729382114397,1
4,2020-04-30,fund__capex_to_assets_sector_zscore,2.2191200256347656,0.0036937626984940644,1
4,2020-04-30,fund__accruals_sector_zscore,5.1145501136779785,0.008513254898900015,1
4,2020-04-30,fund__revenue_growth_yoy_sector_zscore,0.0,0.0,0
4,2020-04-30,fund__net_income_growth_yoy_sector_zscore,5.049779891967773,0.008405443772794787,1
4,2020-04-30,fund__operating_cash_flow_growth_yoy_sector_zscore,0.0,0.0,0
4,2020-04-30,fund__asset_growth_yoy_sector_zscore,0.0,0.0,0
4,2020-04-30,fund__revenue_growth_acceleration_sector_zscore,0.0,0.0,0
4,2020-04-30,fund__net_income_growth_acceleration_sector_zscore,0.0,0.0,0
4,2020-04-30,fund__operating_cash_flow_growth_acceleration_sector_zscore,0.0,0.0,0
4,2020-04-30,fund__earnings_yield_missing,0.0,0.0,0
4,2020-04-30,fund__sales_yield_missing,0.0,0.0,0
4,2020-04-30,fund__book_to_market_missing,0.0,0.0,0
4,2020-04-30,fund__fcf_yield_missing,0.0,0.0,0
4,2020-04-30,fund__roe_missing,13.96619987487793,0.023246975171061415,1
4,2020-04-30,fund__roa_missing,0.0,0.0,0
4,2020-04-30,fund__gross_profitability_missing,0.0,0.0,0
4,2020-04-30,fund__gross_margin_missing,0.0,0.0,0
4,2020-04-30,fund__operating_margin_missing,0.0,0.0,0
4,2020-04-30,fund__net_margin_missing,0.0,0.0,0
4,2020-04-30,fund__cash_conversion_missing,10.710081785917282,0.017827111711691174,2
4,2020-04-30,fund__debt_to_assets_missing,0.0,0.0,0
4,2020-04-30,fund__net_debt_to_assets_missing,0.0,0.0,0
4,2020-04-30,fund__current_ratio_missing,0.0,0.0,0
4,2020-04-30,fund__interest_coverage_missing,0.0,0.0,0
4,2020-04-30,fund__capex_to_assets_missing,0.0,0.0,0
4,2020-04-30,fund__accruals_missing,0.0,0.0,0
4,2020-04-30,fund__revenue_growth_yoy_missing,0.0,0.0,0
4,2020-04-30,fund__net_income_growth_yoy_missing,0.0,0.0,0
4,2020-04-30,fund__operating_cash_flow_growth_yoy_missing,0.0,0.0,0
4,2020-04-30,fund__asset_growth_yoy_missing,0.0,0.0,0
4,2020-04-30,fund__revenue_growth_acceleration_missing,0.0,0.0,0
4,2020-04-30,fund__net_income_growth_acceleration_missing,0.0,0.0,0
4,2020-04-30,fund__operating_cash_flow_growth_acceleration_missing,0.0,0.0,0
5,2020-05-29,tech__momentum_12_1_sector_neutral,0.0,0.0,0
5,2020-05-29,tech__momentum_6_1_sector_neutral,4.855720043182373,0.008082427882514643,1
5,2020-05-29,tech__return_3m_sector_neutral,0.0,0.0,0
5,2020-05-29,tech__return_1m_sector_neutral,30.142120361328125,0.050172067557429555,5
5,2020-05-29,tech__return_1w_sector_neutral,3.879770040512085,0.006457942647910207,1
5,2020-05-29,tech__reversal_1m_sector_neutral,9.226890087127686,0.015358314121467119,3
5,2020-05-29,tech__volatility_20d_sector_neutral,5.043039798736572,0.008394224773969042,1
5,2020-05-29,tech__volatility_60d_sector_neutral,25.439900398254395,0.04234514314636818,2
5,2020-05-29,tech__downside_volatility_60d_sector_neutral,0.0,0.0,0
5,2020-05-29,tech__beta_60d_market_sector_neutral,17.213590145111084,0.028652311029002973,6
5,2020-05-29,tech__max_drawdown_126d_sector_neutral,18.763360023498535,0.03123192912171961,3
5,2020-05-29,tech__distance_sma_50d_sector_neutral,2.378809928894043,0.003959569234946062,1
5,2020-05-29,tech__distance_sma_200d_sector_neutral,5.0142998695373535,0.00834638667724281,1
5,2020-05-29,tech__sma_50_200_spread_sector_neutral,17.04040002822876,0.02836403315935292,2
5,2020-05-29,tech__positive_day_ratio_60d_sector_neutral,38.54881012439728,0.06416514441038365,7
5,2020-05-29,tech__average_dollar_volume_20d_sector_neutral,144.51528787612915,0.24054813329273872,11
5,2020-05-29,tech__dollar_volume_change_20d_60d_sector_neutral,0.0,0.0,0
5,2020-05-29,tech__amihud_illiquidity_20d_sector_neutral,128.45774841308594,0.21382008811581352,7
5,2020-05-29,tech__zero_volume_ratio_60d_sector_neutral,0.0,0.0,0
5,2020-05-29,fund__earnings_yield_zscore,5.244900226593018,0.008730224859635842,1
5,2020-05-29,fund__sales_yield_zscore,7.347499847412109,0.012230037379703459,1
5,2020-05-29,fund__book_to_market_zscore,34.256450176239014,0.057020438904658834,5
5,2020-05-29,fund__fcf_yield_zscore,0.0,0.0,0
5,2020-05-29,fund__roe_zscore,5.569990158081055,0.009271342531828005,2
5,2020-05-29,fund__roa_zscore,10.069350004196167,0.016760602857856594,3
5,2020-05-29,fund__gross_profitability_zscore,0.0,0.0,0
5,2020-05-29,fund__gross_margin_zscore,0.0,0.0,0
5,2020-05-29,fund__operating_margin_zscore,2.705389976501465,0.004503167230543282,1
5,2020-05-29,fund__net_margin_zscore,0.0,0.0,0
5,2020-05-29,fund__cash_conversion_zscore,0.0,0.0,0
5,2020-05-29,fund__debt_to_assets_zscore,5.627610206604004,0.009367252074106418,1
5,2020-05-29,fund__net_debt_to_assets_zscore,0.0,0.0,0
5,2020-05-29,fund__current_ratio_zscore,2.371690034866333,0.003947718051290836,1
5,2020-05-29,fund__interest_coverage_zscore,0.0,0.0,0
5,2020-05-29,fund__capex_to_assets_zscore,0.0,0.0,0
5,2020-05-29,fund__accruals_zscore,4.242030143737793,0.007060930697673299,1
5,2020-05-29,fund__revenue_growth_yoy_zscore,0.0,0.0,0
5,2020-05-29,fund__net_income_growth_yoy_zscore,0.0,0.0,0
5,2020-05-29,fund__operating_cash_flow_growth_yoy_zscore,0.0,0.0,0
5,2020-05-29,fund__asset_growth_yoy_zscore,4.497239947319031,0.0074857317187396214,2
5,2020-05-29,fund__revenue_growth_acceleration_zscore,0.0,0.0,0
5,2020-05-29,fund__net_income_growth_acceleration_zscore,0.0,0.0,0
5,2020-05-29,fund__operating_cash_flow_growth_acceleration_zscore,0.0,0.0,0
5,2020-05-29,fund__earnings_yield_sector_zscore,4.440680027008057,0.007391586777744502,1
5,2020-05-29,fund__sales_yield_sector_zscore,0.0,0.0,0
5,2020-05-29,fund__book_to_market_sector_zscore,0.0,0.0,0
5,2020-05-29,fund__fcf_yield_sector_zscore,2.649250030517578,0.004409721343896643,1
5,2020-05-29,fund__roe_sector_zscore,6.122710227966309,0.010191354407376374,1
5,2020-05-29,fund__roa_sector_zscore,0.0,0.0,0
5,2020-05-29,fund__gross_profitability_sector_zscore,0.0,0.0,0
5,2020-05-29,fund__gross_margin_sector_zscore,0.0,0.0,0
5,2020-05-29,fund__operating_margin_sector_zscore,2.1773200035095215,0.003624185856890696,1
5,2020-05-29,fund__net_margin_sector_zscore,6.529719829559326,0.010868828751677865,1
5,2020-05-29,fund__cash_conversion_sector_zscore,3.8064401149749756,0.006335883750462854,1
5,2020-05-29,fund__debt_to_assets_sector_zscore,0.0,0.0,0
5,2020-05-29,fund__net_debt_to_assets_sector_zscore,0.0,0.0,0
5,2020-05-29,fund__current_ratio_sector_zscore,0.0,0.0,0
5,2020-05-29,fund__interest_coverage_sector_zscore,5.537179946899414,0.009216729382114397,1
5,2020-05-29,fund__capex_to_assets_sector_zscore,2.2191200256347656,0.0036937626984940644,1
5,2020-05-29,fund__accruals_sector_zscore,5.1145501136779785,0.008513254898900015,1
5,2020-05-29,fund__revenue_growth_yoy_sector_zscore,0.0,0.0,0
5,2020-05-29,fund__net_income_growth_yoy_sector_zscore,5.049779891967773,0.008405443772794787,1
5,2020-05-29,fund__operating_cash_flow_growth_yoy_sector_zscore,0.0,0.0,0
5,2020-05-29,fund__asset_growth_yoy_sector_zscore,0.0,0.0,0
5,2020-05-29,fund__revenue_growth_acceleration_sector_zscore,0.0,0.0,0
5,2020-05-29,fund__net_income_growth_acceleration_sector_zscore,0.0,0.0,0
5,2020-05-29,fund__operating_cash_flow_growth_acceleration_sector_zscore,0.0,0.0,0
5,2020-05-29,fund__earnings_yield_missing,0.0,0.0,0
5,2020-05-29,fund__sales_yield_missing,0.0,0.0,0
5,2020-05-29,fund__book_to_market_missing,0.0,0.0,0
5,2020-05-29,fund__fcf_yield_missing,0.0,0.0,0
5,2020-05-29,fund__roe_missing,13.96619987487793,0.023246975171061415,1
5,2020-05-29,fund__roa_missing,0.0,0.0,0
5,2020-05-29,fund__gross_profitability_missing,0.0,0.0,0
5,2020-05-29,fund__gross_margin_missing,0.0,0.0,0
5,2020-05-29,fund__operating_margin_missing,0.0,0.0,0
5,2020-05-29,fund__net_margin_missing,0.0,0.0,0
5,2020-05-29,fund__cash_conversion_missing,10.710081785917282,0.017827111711691174,2
5,2020-05-29,fund__debt_to_assets_missing,0.0,0.0,0
5,2020-05-29,fund__net_debt_to_assets_missing,0.0,0.0,0
5,2020-05-29,fund__current_ratio_missing,0.0,0.0,0
5,2020-05-29,fund__interest_coverage_missing,0.0,0.0,0
5,2020-05-29,fund__capex_to_assets_missing,0.0,0.0,0
5,2020-05-29,fund__accruals_missing,0.0,0.0,0
5,2020-05-29,fund__revenue_growth_yoy_missing,0.0,0.0,0
5,2020-05-29,fund__net_income_growth_yoy_missing,0.0,0.0,0
5,2020-05-29,fund__operating_cash_flow_growth_yoy_missing,0.0,0.0,0
5,2020-05-29,fund__asset_growth_yoy_missing,0.0,0.0,0
5,2020-05-29,fund__revenue_growth_acceleration_missing,0.0,0.0,0
5,2020-05-29,fund__net_income_growth_acceleration_missing,0.0,0.0,0
5,2020-05-29,fund__operating_cash_flow_growth_acceleration_missing,0.0,0.0,0
6,2020-06-30,tech__momentum_12_1_sector_neutral,18.45739048719406,0.0177370161154355,5
6,2020-06-30,tech__momentum_6_1_sector_neutral,32.464499950408936,0.031197441436776815,5
6,2020-06-30,tech__return_3m_sector_neutral,0.0,0.0,0
6,2020-06-30,tech__return_1m_sector_neutral,29.445409536361694,0.028296183246185568,9
6,2020-06-30,tech__return_1w_sector_neutral,14.438110113143921,0.013874604426391874,4
6,2020-06-30,tech__reversal_1m_sector_neutral,7.888574063777924,0.007580690531205556,4
6,2020-06-30,tech__volatility_20d_sector_neutral,11.421730041503906,0.010975950796125048,3
6,2020-06-30,tech__volatility_60d_sector_neutral,139.6220998764038,0.134172782295359,9
6,2020-06-30,tech__downside_volatility_60d_sector_neutral,19.426940083503723,0.018668725114407474,3
6,2020-06-30,tech__beta_60d_market_sector_neutral,24.781309485435486,0.02381411857812327,6
6,2020-06-30,tech__max_drawdown_126d_sector_neutral,2.4756898880004883,0.002379066069537378,1
6,2020-06-30,tech__distance_sma_50d_sector_neutral,19.60742974281311,0.018842170434213715,6
6,2020-06-30,tech__distance_sma_200d_sector_neutral,11.863840103149414,0.011400805723133458,4
6,2020-06-30,tech__sma_50_200_spread_sector_neutral,32.01919984817505,0.030769520973425973,6
6,2020-06-30,tech__positive_day_ratio_60d_sector_neutral,3.7641199827194214,0.003617209964769881,2
6,2020-06-30,tech__average_dollar_volume_20d_sector_neutral,217.22029876708984,0.20874239738844605,17
6,2020-06-30,tech__dollar_volume_change_20d_60d_sector_neutral,19.271250247955322,0.018519111704860366,5
6,2020-06-30,tech__amihud_illiquidity_20d_sector_neutral,160.21366491913795,0.15396067816603565,13
6,2020-06-30,tech__zero_volume_ratio_60d_sector_neutral,0.0,0.0,0
6,2020-06-30,fund__earnings_yield_zscore,5.73757004737854,0.005513638152933942,2
6,2020-06-30,fund__sales_yield_zscore,25.27797330915928,0.02429139808583346,8
6,2020-06-30,fund__book_to_market_zscore,5.090757191181183,0.004892069786484571,2
6,2020-06-30,fund__fcf_yield_zscore,0.0,0.0,0
6,2020-06-30,fund__roe_zscore,20.050779938697815,0.01926821709420308,5
6,2020-06-30,fund__roa_zscore,11.377902269363403,0.010933833580189291,5
6,2020-06-30,fund__gross_profitability_zscore,0.0,0.0,0
6,2020-06-30,fund__gross_margin_zscore,0.0,0.0,0
6,2020-06-30,fund__operating_margin_zscore,8.06034705042839,0.007745759381784931,2
6,2020-06-30,fund__net_margin_zscore,0.0,0.0,0
6,2020-06-30,fund__cash_conversion_zscore,11.691961020231247,0.011235634917122664,5
6,2020-06-30,fund__debt_to_assets_zscore,0.0,0.0,0
6,2020-06-30,fund__net_debt_to_assets_zscore,3.197360038757324,0.003072570121634219,1
6,2020-06-30,fund__current_ratio_zscore,2.961980104446411,0.0028463768419818526,1
6,2020-06-30,fund__interest_coverage_zscore,0.0,0.0,0
6,2020-06-30,fund__capex_to_assets_zscore,1.917490005493164,0.0018426521968105754,1
6,2020-06-30,fund__accruals_zscore,1.7571799755096436,0.0016885989146168412,1
6,2020-06-30,fund__revenue_growth_yoy_zscore,11.663310050964355,0.011208102167898863,2
6,2020-06-30,fund__net_income_growth_yoy_zscore,6.934340119361877,0.00666369942882053,2
6,2020-06-30,fund__operating_cash_flow_growth_yoy_zscore,0.8760290145874023,0.0008418384364846356,1
6,2020-06-30,fund__asset_growth_yoy_zscore,8.635240077972412,0.008298214881996325,2
6,2020-06-30,fund__revenue_growth_acceleration_zscore,2.9748899936676025,0.0028587828705222158,2
6,2020-06-30,fund__net_income_growth_acceleration_zscore,5.2051960825920105,0.005002042236956089,4
6,2020-06-30,fund__operating_cash_flow_growth_acceleration_zscore,1.4699699878692627,0.0014125984592531261,1
6,2020-06-30,fund__earnings_yield_sector_zscore,0.0,0.0,0
6,2020-06-30,fund__sales_yield_sector_zscore,12.14727008342743,0.011673173701222055,3
6,2020-06-30,fund__book_to_market_sector_zscore,1.4413000345230103,0.0013850474668805001,1
6,2020-06-30,fund__fcf_yield_sector_zscore,4.043489933013916,0.0038856763719784097,1
6,2020-06-30,fund__roe_sector_zscore,14.98127031326294,0.01439656560121008,3
6,2020-06-30,fund__roa_sector_zscore,0.0,0.0,0
6,2020-06-30,fund__gross_profitability_sector_zscore,1.4103780388832092,0.0013553323272801807,2
6,2020-06-30,fund__gross_margin_sector_zscore,41.353599071502686,0.0397396074852187,3
6,2020-06-30,fund__operating_margin_sector_zscore,0.0,0.0,0
6,2020-06-30,fund__net_margin_sector_zscore,20.917539715766907,0.020101148062681654,4
6,2020-06-30,fund__cash_conversion_sector_zscore,8.144839763641357,0.007826954424872688,2
6,2020-06-30,fund__debt_to_assets_sector_zscore,2.052500009536743,0.00197239288898087,1
6,2020-06-30,fund__net_debt_to_assets_sector_zscore,3.8774499893188477,0.003726116809148077,1
6,2020-06-30,fund__current_ratio_sector_zscore,0.0,0.0,0
6,2020-06-30,fund__interest_coverage_sector_zscore,0.0,0.0,0
6,2020-06-30,fund__capex_to_assets_sector_zscore,1.8223799467086792,0.0017512541930369183,1
6,2020-06-30,fund__accruals_sector_zscore,0.0,0.0,0
6,2020-06-30,fund__revenue_growth_yoy_sector_zscore,0.0,0.0,0
6,2020-06-30,fund__net_income_growth_yoy_sector_zscore,22.39032006263733,0.02151644719530073,6
6,2020-06-30,fund__operating_cash_flow_growth_yoy_sector_zscore,0.0,0.0,0
6,2020-06-30,fund__asset_growth_yoy_sector_zscore,0.0,0.0,0
6,2020-06-30,fund__revenue_growth_acceleration_sector_zscore,0.0,0.0,0
6,2020-06-30,fund__net_income_growth_acceleration_sector_zscore,0.0,0.0,0
6,2020-06-30,fund__operating_cash_flow_growth_acceleration_sector_zscore,0.0,0.0,0
6,2020-06-30,fund__earnings_yield_missing,0.0,0.0,0
6,2020-06-30,fund__sales_yield_missing,0.0,0.0,0
6,2020-06-30,fund__book_to_market_missing,0.0,0.0,0
6,2020-06-30,fund__fcf_yield_missing,0.0,0.0,0
6,2020-06-30,fund__roe_missing,6.770009994506836,0.006505782952229341,1
6,2020-06-30,fund__roa_missing,0.0,0.0,0
6,2020-06-30,fund__gross_profitability_missing,0.0,0.0,0
6,2020-06-30,fund__gross_margin_missing,0.0,0.0,0
6,2020-06-30,fund__operating_margin_missing,0.0,0.0,0
6,2020-06-30,fund__net_margin_missing,0.0,0.0,0
6,2020-06-30,fund__cash_conversion_missing,0.0,0.0,0
6,2020-06-30,fund__debt_to_assets_missing,0.0,0.0,0
6,2020-06-30,fund__net_debt_to_assets_missing,0.0,0.0,0
6,2020-06-30,fund__current_ratio_missing,0.0,0.0,0
6,2020-06-30,fund__interest_coverage_missing,0.0,0.0,0
6,2020-06-30,fund__capex_to_assets_missing,0.0,0.0,0
6,2020-06-30,fund__accruals_missing,0.0,0.0,0
6,2020-06-30,fund__revenue_growth_yoy_missing,0.0,0.0,0
6,2020-06-30,fund__net_income_growth_yoy_missing,0.0,0.0,0
6,2020-06-30,fund__operating_cash_flow_growth_yoy_missing,0.0,0.0,0
6,2020-06-30,fund__asset_growth_yoy_missing,0.0,0.0,0
6,2020-06-30,fund__revenue_growth_acceleration_missing,0.0,0.0,0
6,2020-06-30,fund__net_income_growth_acceleration_missing,0.0,0.0,0
6,2020-06-30,fund__operating_cash_flow_growth_acceleration_missing,0.0,0.0,0
7,2020-07-31,tech__momentum_12_1_sector_neutral,0.36835700273513794,0.0005064188380920152,1
7,2020-07-31,tech__momentum_6_1_sector_neutral,78.71439933776855,0.10821690468147878,5
7,2020-07-31,tech__return_3m_sector_neutral,0.0,0.0,0
7,2020-07-31,tech__return_1m_sector_neutral,17.611929893493652,0.024212959186320066,3
7,2020-07-31,tech__return_1w_sector_neutral,6.132500171661377,0.00843098838483298,1
7,2020-07-31,tech__reversal_1m_sector_neutral,17.475769996643066,0.024025765957344365,3
7,2020-07-31,tech__volatility_20d_sector_neutral,12.41933012008667,0.017074150029985323,2
7,2020-07-31,tech__volatility_60d_sector_neutral,52.54686915874481,0.0722416683466142,5
7,2020-07-31,tech__downside_volatility_60d_sector_neutral,19.6703200340271,0.02704284306410408,3
7,2020-07-31,tech__beta_60d_market_sector_neutral,4.262599945068359,0.0058602412751869466,1
7,2020-07-31,tech__max_drawdown_126d_sector_neutral,8.566519737243652,0.011777289259101185,3
7,2020-07-31,tech__distance_sma_50d_sector_neutral,4.17372989654541,0.0057380623390462,1
7,2020-07-31,tech__distance_sma_200d_sector_neutral,4.595580101013184,0.006318023867696868,1
7,2020-07-31,tech__sma_50_200_spread_sector_neutral,29.908942759037018,0.04111894691325569,5
7,2020-07-31,tech__positive_day_ratio_60d_sector_neutral,43.32676029205322,0.059565821858881776,7
7,2020-07-31,tech__average_dollar_volume_20d_sector_neutral,195.60447072982788,0.268917892308482,13
7,2020-07-31,tech__dollar_volume_change_20d_60d_sector_neutral,0.0,0.0,0
7,2020-07-31,tech__amihud_illiquidity_20d_sector_neutral,123.00213956832886,0.1691038860141182,12
7,2020-07-31,tech__zero_volume_ratio_60d_sector_neutral,0.0,0.0,0
7,2020-07-31,fund__earnings_yield_zscore,0.0,0.0,0
7,2020-07-31,fund__sales_yield_zscore,12.68149995803833,0.017434582283838023,2
7,2020-07-31,fund__book_to_market_zscore,4.898496150970459,0.006734474194200063,2
7,2020-07-31,fund__fcf_yield_zscore,0.0,0.0,0
7,2020-07-31,fund__roe_zscore,4.563529968261719,0.0062739612033028865,2
7,2020-07-31,fund__roa_zscore,7.07588005065918,0.009727951218861058,2
7,2020-07-31,fund__gross_profitability_zscore,0.0,0.0,0
7,2020-07-31,fund__gross_margin_zscore,0.0,0.0,0
7,2020-07-31,fund__operating_margin_zscore,0.0,0.0,0
7,2020-07-31,fund__net_margin_zscore,0.0,0.0,0
7,2020-07-31,fund__cash_conversion_zscore,4.35630989074707,0.0059890741233638595,1
7,2020-07-31,fund__debt_to_assets_zscore,6.458320140838623,0.008878927120876392,1
7,2020-07-31,fund__net_debt_to_assets_zscore,0.0,0.0,0
7,2020-07-31,fund__current_ratio_zscore,0.0,0.0,0
7,2020-07-31,fund__interest_coverage_zscore,0.0,0.0,0
7,2020-07-31,fund__capex_to_assets_zscore,0.0,0.0,0
7,2020-07-31,fund__accruals_zscore,6.883639812469482,0.009463658488342346,1
7,2020-07-31,fund__revenue_growth_yoy_zscore,0.0,0.0,0
7,2020-07-31,fund__net_income_growth_yoy_zscore,0.0,0.0,0
7,2020-07-31,fund__operating_cash_flow_growth_yoy_zscore,4.344110012054443,0.005972301676127866,1
7,2020-07-31,fund__asset_growth_yoy_zscore,0.0,0.0,0
7,2020-07-31,fund__revenue_growth_acceleration_zscore,4.315320014953613,0.005932721060659132,1
7,2020-07-31,fund__net_income_growth_acceleration_zscore,0.0,0.0,0
7,2020-07-31,fund__operating_cash_flow_growth_acceleration_zscore,0.0,0.0,0
7,2020-07-31,fund__earnings_yield_sector_zscore,0.0,0.0,0
7,2020-07-31,fund__sales_yield_sector_zscore,1.0909700393676758,0.0014998704398923486,1
7,2020-07-31,fund__book_to_market_sector_zscore,2.4785900115966797,0.003407576520764023,1
7,2020-07-31,fund__fcf_yield_sector_zscore,0.0,0.0,0
7,2020-07-31,fund__roe_sector_zscore,0.0,0.0,0
7,2020-07-31,fund__roa_sector_zscore,3.6698100566864014,0.0050452711123339785,1
7,2020-07-31,fund__gross_profitability_sector_zscore,0.0,0.0,0
7,2020-07-31,fund__gross_margin_sector_zscore,15.679800033569336,0.02155665850127699,1
7,2020-07-31,fund__operating_margin_sector_zscore,0.0,0.0,0
7,2020-07-31,fund__net_margin_sector_zscore,5.3688201904296875,0.0073810777657926634,1
7,2020-07-31,fund__cash_conversion_sector_zscore,0.0,0.0,0
7,2020-07-31,fund__debt_to_assets_sector_zscore,0.0,0.0,0
7,2020-07-31,fund__net_debt_to_assets_sector_zscore,0.0,0.0,0
7,2020-07-31,fund__current_ratio_sector_zscore,0.0,0.0,0
7,2020-07-31,fund__interest_coverage_sector_zscore,0.0,0.0,0
7,2020-07-31,fund__capex_to_assets_sector_zscore,7.248460292816162,0.009965215299798377,2
7,2020-07-31,fund__accruals_sector_zscore,0.0,0.0,0
7,2020-07-31,fund__revenue_growth_yoy_sector_zscore,0.0,0.0,0
7,2020-07-31,fund__net_income_growth_yoy_sector_zscore,5.1425299644470215,0.007069972961315467,1
7,2020-07-31,fund__operating_cash_flow_growth_yoy_sector_zscore,1.2534199953079224,0.0017232073584917006,1
7,2020-07-31,fund__asset_growth_yoy_sector_zscore,0.0,0.0,0
7,2020-07-31,fund__revenue_growth_acceleration_sector_zscore,0.0,0.0,0
7,2020-07-31,fund__net_income_growth_acceleration_sector_zscore,5.152379989624023,0.00708351481953528,1
7,2020-07-31,fund__operating_cash_flow_growth_acceleration_sector_zscore,0.0,0.0,0
7,2020-07-31,fund__earnings_yield_missing,0.0,0.0,0
7,2020-07-31,fund__sales_yield_missing,0.0,0.0,0
7,2020-07-31,fund__book_to_market_missing,0.0,0.0,0
7,2020-07-31,fund__fcf_yield_missing,0.0,0.0,0
7,2020-07-31,fund__roe_missing,6.334080219268799,0.008708121526686905,1
7,2020-07-31,fund__roa_missing,0.0,0.0,0
7,2020-07-31,fund__gross_profitability_missing,0.0,0.0,0
7,2020-07-31,fund__gross_margin_missing,0.0,0.0,0
7,2020-07-31,fund__operating_margin_missing,0.0,0.0,0
7,2020-07-31,fund__net_margin_missing,0.0,0.0,0
7,2020-07-31,fund__cash_conversion_missing,0.0,0.0,0
7,2020-07-31,fund__debt_to_assets_missing,0.0,0.0,0
7,2020-07-31,fund__net_debt_to_assets_missing,0.0,0.0,0
7,2020-07-31,fund__current_ratio_missing,0.0,0.0,0
7,2020-07-31,fund__interest_coverage_missing,0.0,0.0,0
7,2020-07-31,fund__capex_to_assets_missing,0.0,0.0,0
7,2020-07-31,fund__accruals_missing,0.0,0.0,0
7,2020-07-31,fund__revenue_growth_yoy_missing,0.0,0.0,0
7,2020-07-31,fund__net_income_growth_yoy_missing,0.0,0.0,0
7,2020-07-31,fund__operating_cash_flow_growth_yoy_missing,0.0,0.0,0
7,2020-07-31,fund__asset_growth_yoy_missing,0.0,0.0,0
7,2020-07-31,fund__revenue_growth_acceleration_missing,0.0,0.0,0
7,2020-07-31,fund__net_income_growth_acceleration_missing,0.0,0.0,0
7,2020-07-31,fund__operating_cash_flow_growth_acceleration_missing,0.0,0.0,0
8,2020-08-31,tech__momentum_12_1_sector_neutral,0.35140201449394226,0.0004397734842699817,1
8,2020-08-31,tech__momentum_6_1_sector_neutral,55.17987060546875,0.0690566444039326,5
8,2020-08-31,tech__return_3m_sector_neutral,0.0,0.0,0
8,2020-08-31,tech__return_1m_sector_neutral,47.19434976577759,0.059062904531840675,6
8,2020-08-31,tech__return_1w_sector_neutral,12.634259819984436,0.015811555520557696,4
8,2020-08-31,tech__reversal_1m_sector_neutral,1.7137099504470825,0.0021446780748299982,1
8,2020-08-31,tech__volatility_20d_sector_neutral,2.0304999351501465,0.0025411352082796482,1
8,2020-08-31,tech__volatility_60d_sector_neutral,82.6806993484497,0.10347345130252049,8
8,2020-08-31,tech__downside_volatility_60d_sector_neutral,16.249549865722656,0.02033602787553415,2
8,2020-08-31,tech__beta_60d_market_sector_neutral,8.129929780960083,0.01017446514013863,2
8,2020-08-31,tech__max_drawdown_126d_sector_neutral,17.542160034179688,0.021953706927271506,3
8,2020-08-31,tech__distance_sma_50d_sector_neutral,0.0,0.0,0
8,2020-08-31,tech__distance_sma_200d_sector_neutral,30.96300983428955,0.038749666070983665,3
8,2020-08-31,tech__sma_50_200_spread_sector_neutral,79.23885184526443,0.09916603926055619,7
8,2020-08-31,tech__positive_day_ratio_60d_sector_neutral,30.761781215667725,0.03849783196902612,7
8,2020-08-31,tech__average_dollar_volume_20d_sector_neutral,137.3280692100525,0.17186368032507418,10
8,2020-08-31,tech__dollar_volume_change_20d_60d_sector_neutral,16.676440238952637,0.02087027372243694,3
8,2020-08-31,tech__amihud_illiquidity_20d_sector_neutral,148.02394771575928,0.18524938548261866,12
8,2020-08-31,tech__zero_volume_ratio_60d_sector_neutral,0.0,0.0,0
8,2020-08-31,fund__earnings_yield_zscore,2.228679895401001,0.002789153967527561,1
8,2020-08-31,fund__sales_yield_zscore,10.122209668159485,0.012667768625881141,2
8,2020-08-31,fund__book_to_market_zscore,7.393031865358353,0.009252250267915561,2
8,2020-08-31,fund__fcf_yield_zscore,0.0,0.0,0
8,2020-08-31,fund__roe_zscore,0.0,0.0,0
8,2020-08-31,fund__roa_zscore,5.471429824829102,0.0068473988729659645,1
8,2020-08-31,fund__gross_profitability_zscore,0.0,0.0,0
8,2020-08-31,fund__gross_margin_zscore,0.0,0.0,0
8,2020-08-31,fund__operating_margin_zscore,0.0,0.0,0
8,2020-08-31,fund__net_margin_zscore,2.742609977722168,0.0034323284903003508,1
8,2020-08-31,fund__cash_conversion_zscore,8.585820198059082,0.010745004035488014,1
8,2020-08-31,fund__debt_to_assets_zscore,1.4488400220870972,0.0018131979851641513,1
8,2020-08-31,fund__net_debt_to_assets_zscore,0.0,0.0,0
8,2020-08-31,fund__current_ratio_zscore,0.0,0.0,0
8,2020-08-31,fund__interest_coverage_zscore,0.0,0.0,0
8,2020-08-31,fund__capex_to_assets_zscore,4.086130142211914,0.005113720512982737,1
8,2020-08-31,fund__accruals_zscore,9.553079605102539,0.01195551229122754,2
8,2020-08-31,fund__revenue_growth_yoy_zscore,0.0,0.0,0
8,2020-08-31,fund__net_income_growth_yoy_zscore,0.0,0.0,0
8,2020-08-31,fund__operating_cash_flow_growth_yoy_zscore,0.0,0.0,0
8,2020-08-31,fund__asset_growth_yoy_zscore,1.0651099681854248,0.0013329665241508409,1
8,2020-08-31,fund__revenue_growth_acceleration_zscore,0.0,0.0,0
8,2020-08-31,fund__net_income_growth_acceleration_zscore,0.0,0.0,0
8,2020-08-31,fund__operating_cash_flow_growth_acceleration_zscore,0.0,0.0,0
8,2020-08-31,fund__earnings_yield_sector_zscore,0.0,0.0,0
8,2020-08-31,fund__sales_yield_sector_zscore,0.0,0.0,0
8,2020-08-31,fund__book_to_market_sector_zscore,2.477720022201538,0.0031008233369927106,1
8,2020-08-31,fund__fcf_yield_sector_zscore,0.0,0.0,0
8,2020-08-31,fund__roe_sector_zscore,0.0,0.0,0
8,2020-08-31,fund__roa_sector_zscore,0.0,0.0,0
8,2020-08-31,fund__gross_profitability_sector_zscore,0.0,0.0,0
8,2020-08-31,fund__gross_margin_sector_zscore,14.936970233917236,0.018693357389162113,2
8,2020-08-31,fund__operating_margin_sector_zscore,2.094449996948242,0.0026211675937989234,1
8,2020-08-31,fund__net_margin_sector_zscore,2.025059938430786,0.00253432714738923,1
8,2020-08-31,fund__cash_conversion_sector_zscore,10.620909690856934,0.013291882995011934,2
8,2020-08-31,fund__debt_to_assets_sector_zscore,0.0,0.0,0
8,2020-08-31,fund__net_debt_to_assets_sector_zscore,0.0,0.0,0
8,2020-08-31,fund__current_ratio_sector_zscore,0.38290899991989136,0.0004792039262939617,1
8,2020-08-31,fund__interest_coverage_sector_zscore,0.0,0.0,0
8,2020-08-31,fund__capex_to_assets_sector_zscore,10.982589721679688,0.013744519237222603,3
8,2020-08-31,fund__accruals_sector_zscore,0.0,0.0,0
8,2020-08-31,fund__revenue_growth_yoy_sector_zscore,0.0,0.0,0
8,2020-08-31,fund__net_income_growth_yoy_sector_zscore,10.76402997970581,0.01347099553705993,2
8,2020-08-31,fund__operating_cash_flow_growth_yoy_sector_zscore,0.0,0.0,0
8,2020-08-31,fund__asset_growth_yoy_sector_zscore,5.372189998626709,0.006723201963593591,1
8,2020-08-31,fund__revenue_growth_acceleration_sector_zscore,0.0,0.0,0
8,2020-08-31,fund__net_income_growth_acceleration_sector_zscore,0.0,0.0,0
8,2020-08-31,fund__operating_cash_flow_growth_acceleration_sector_zscore,0.0,0.0,0
8,2020-08-31,fund__earnings_yield_missing,0.0,0.0,0
8,2020-08-31,fund__sales_yield_missing,0.0,0.0,0
8,2020-08-31,fund__book_to_market_missing,0.0,0.0,0
8,2020-08-31,fund__fcf_yield_missing,0.0,0.0,0
8,2020-08-31,fund__roe_missing,0.0,0.0,0
8,2020-08-31,fund__roa_missing,0.0,0.0,0
8,2020-08-31,fund__gross_profitability_missing,0.0,0.0,0
8,2020-08-31,fund__gross_margin_missing,0.0,0.0,0
8,2020-08-31,fund__operating_margin_missing,0.0,0.0,0
8,2020-08-31,fund__net_margin_missing,0.0,0.0,0
8,2020-08-31,fund__cash_conversion_missing,0.0,0.0,0
8,2020-08-31,fund__debt_to_assets_missing,0.0,0.0,0
8,2020-08-31,fund__net_debt_to_assets_missing,0.0,0.0,0
8,2020-08-31,fund__current_ratio_missing,0.0,0.0,0
8,2020-08-31,fund__interest_coverage_missing,0.0,0.0,0
8,2020-08-31,fund__capex_to_assets_missing,0.0,0.0,0
8,2020-08-31,fund__accruals_missing,0.0,0.0,0
8,2020-08-31,fund__revenue_growth_yoy_missing,0.0,0.0,0
8,2020-08-31,fund__net_income_growth_yoy_missing,0.0,0.0,0
8,2020-08-31,fund__operating_cash_flow_growth_yoy_missing,0.0,0.0,0
8,2020-08-31,fund__asset_growth_yoy_missing,0.0,0.0,0
8,2020-08-31,fund__revenue_growth_acceleration_missing,0.0,0.0,0
8,2020-08-31,fund__net_income_growth_acceleration_missing,0.0,0.0,0
8,2020-08-31,fund__operating_cash_flow_growth_acceleration_missing,0.0,0.0,0
9,2020-09-30,tech__momentum_12_1_sector_neutral,0.0,0.0,0
9,2020-09-30,tech__momentum_6_1_sector_neutral,41.80250072479248,0.0693227342864678,3
9,2020-09-30,tech__return_3m_sector_neutral,0.0,0.0,0
9,2020-09-30,tech__return_1m_sector_neutral,22.920600414276123,0.038010134911924114,5
9,2020-09-30,tech__return_1w_sector_neutral,7.4824700355529785,0.012408474925842405,2
9,2020-09-30,tech__reversal_1m_sector_neutral,4.873991966247559,0.00808273294975789,2
9,2020-09-30,tech__volatility_20d_sector_neutral,0.0,0.0,0
9,2020-09-30,tech__volatility_60d_sector_neutral,22.523789882659912,0.03735208837001022,2
9,2020-09-30,tech__downside_volatility_60d_sector_neutral,39.029239892959595,0.06472372656159744,4
9,2020-09-30,tech__beta_60d_market_sector_neutral,4.746060013771057,0.00787057835148005,2
9,2020-09-30,tech__max_drawdown_126d_sector_neutral,13.869600296020508,0.02300050473799299,1
9,2020-09-30,tech__distance_sma_50d_sector_neutral,4.283349990844727,0.007103248086188446,1
9,2020-09-30,tech__distance_sma_200d_sector_neutral,12.776700019836426,0.02118810514146401,1
9,2020-09-30,tech__sma_50_200_spread_sector_neutral,87.24539947509766,0.14468248407784598,4
9,2020-09-30,tech__positive_day_ratio_60d_sector_neutral,0.0,0.0,0
9,2020-09-30,tech__average_dollar_volume_20d_sector_neutral,143.20590925216675,0.23748400270829156,13
9,2020-09-30,tech__dollar_volume_change_20d_60d_sector_neutral,0.0,0.0,0
9,2020-09-30,tech__amihud_illiquidity_20d_sector_neutral,57.2231018692255,0.09489532485254186,9
9,2020-09-30,tech__zero_volume_ratio_60d_sector_neutral,0.0,0.0,0
9,2020-09-30,fund__earnings_yield_zscore,4.940589904785156,0.00819317493569703,1
9,2020-09-30,fund__sales_yield_zscore,5.22721004486084,0.008668488408984827,2
9,2020-09-30,fund__book_to_market_zscore,18.093650490045547,0.030005413634255067,4
9,2020-09-30,fund__fcf_yield_zscore,0.0,0.0,0
9,2020-09-30,fund__roe_zscore,6.567914187908173,0.010891830923278827,3
9,2020-09-30,fund__roa_zscore,4.929309964179993,0.008174468965676555,2
9,2020-09-30,fund__gross_profitability_zscore,0.0,0.0,0
9,2020-09-30,fund__gross_margin_zscore,0.0,0.0,0
9,2020-09-30,fund__operating_margin_zscore,0.0,0.0,0
9,2020-09-30,fund__net_margin_zscore,0.0,0.0,0
9,2020-09-30,fund__cash_conversion_zscore,1.0871019661426544,0.001802784030490034,2
9,2020-09-30,fund__debt_to_assets_zscore,0.0,0.0,0
9,2020-09-30,fund__net_debt_to_assets_zscore,0.0,0.0,0
9,2020-09-30,fund__current_ratio_zscore,0.0,0.0,0
9,2020-09-30,fund__interest_coverage_zscore,0.0,0.0,0
9,2020-09-30,fund__capex_to_assets_zscore,8.922920107841492,0.014797230045340719,2
9,2020-09-30,fund__accruals_zscore,0.0,0.0,0
9,2020-09-30,fund__revenue_growth_yoy_zscore,4.4688401222229,0.007410853680766305,1
9,2020-09-30,fund__net_income_growth_yoy_zscore,10.788690090179443,0.017891309932493778,2
9,2020-09-30,fund__operating_cash_flow_growth_yoy_zscore,0.0,0.0,0
9,2020-09-30,fund__asset_growth_yoy_zscore,6.246389865875244,0.010358634469562693,1
9,2020-09-30,fund__revenue_growth_acceleration_zscore,1.7432079911231995,0.002890830507252645,2
9,2020-09-30,fund__net_income_growth_acceleration_zscore,0.0,0.0,0
9,2020-09-30,fund__operating_cash_flow_growth_acceleration_zscore,5.041689872741699,0.008360832996662392,1
9,2020-09-30,fund__earnings_yield_sector_zscore,3.8692100048065186,0.006416463427095047,1
9,2020-09-30,fund__sales_yield_sector_zscore,0.0,0.0,0
9,2020-09-30,fund__book_to_market_sector_zscore,0.0,0.0,0
9,2020-09-30,fund__fcf_yield_sector_zscore,0.0,0.0,0
9,2020-09-30,fund__roe_sector_zscore,0.0,0.0,0
9,2020-09-30,fund__roa_sector_zscore,0.0,0.0,0
9,2020-09-30,fund__gross_profitability_sector_zscore,0.0,0.0,0
9,2020-09-30,fund__gross_margin_sector_zscore,26.720800399780273,0.04431215630449358,1
9,2020-09-30,fund__operating_margin_sector_zscore,0.0,0.0,0
9,2020-09-30,fund__net_margin_sector_zscore,10.761429786682129,0.01784610309694214,3
9,2020-09-30,fund__cash_conversion_sector_zscore,0.0,0.0,0
9,2020-09-30,fund__debt_to_assets_sector_zscore,2.400170087814331,0.003980296641468618,1
9,2020-09-30,fund__net_debt_to_assets_sector_zscore,0.0,0.0,0
9,2020-09-30,fund__current_ratio_sector_zscore,0.0,0.0,0
9,2020-09-30,fund__interest_coverage_sector_zscore,0.0,0.0,0
9,2020-09-30,fund__capex_to_assets_sector_zscore,1.7356499433517456,0.002878296698789024,1
9,2020-09-30,fund__accruals_sector_zscore,0.6996679902076721,0.0011602870003695025,1
9,2020-09-30,fund__revenue_growth_yoy_sector_zscore,0.0,0.0,0
9,2020-09-30,fund__net_income_growth_yoy_sector_zscore,16.785709977149963,0.027836404338976425,4
9,2020-09-30,fund__operating_cash_flow_growth_yoy_sector_zscore,0.0,0.0,0
9,2020-09-30,fund__asset_growth_yoy_sector_zscore,0.0,0.0,0
9,2020-09-30,fund__revenue_growth_acceleration_sector_zscore,0.0,0.0,0
9,2020-09-30,fund__net_income_growth_acceleration_sector_zscore,0.0,0.0,0
9,2020-09-30,fund__operating_cash_flow_growth_acceleration_sector_zscore,0.0,0.0,0
9,2020-09-30,fund__earnings_yield_missing,0.0,0.0,0
9,2020-09-30,fund__sales_yield_missing,0.0,0.0,0
9,2020-09-30,fund__book_to_market_missing,0.0,0.0,0
9,2020-09-30,fund__fcf_yield_missing,0.0,0.0,0
9,2020-09-30,fund__roe_missing,0.0,0.0,0
9,2020-09-30,fund__roa_missing,0.0,0.0,0
9,2020-09-30,fund__gross_profitability_missing,0.0,0.0,0
9,2020-09-30,fund__gross_margin_missing,0.0,0.0,0
9,2020-09-30,fund__operating_margin_missing,0.0,0.0,0
9,2020-09-30,fund__net_margin_missing,0.0,0.0,0
9,2020-09-30,fund__cash_conversion_missing,0.0,0.0,0
9,2020-09-30,fund__debt_to_assets_missing,0.0,0.0,0
9,2020-09-30,fund__net_debt_to_assets_missing,0.0,0.0,0
9,2020-09-30,fund__current_ratio_missing,0.0,0.0,0
9,2020-09-30,fund__interest_coverage_missing,0.0,0.0,0
9,2020-09-30,fund__capex_to_assets_missing,0.0,0.0,0
9,2020-09-30,fund__accruals_missing,0.0,0.0,0
9,2020-09-30,fund__revenue_growth_yoy_missing,0.0,0.0,0
9,2020-09-30,fund__net_income_growth_yoy_missing,0.0,0.0,0
9,2020-09-30,fund__operating_cash_flow_growth_yoy_missing,0.0,0.0,0
9,2020-09-30,fund__asset_growth_yoy_missing,0.0,0.0,0
9,2020-09-30,fund__revenue_growth_acceleration_missing,0.0,0.0,0
9,2020-09-30,fund__net_income_growth_acceleration_missing,0.0,0.0,0
9,2020-09-30,fund__operating_cash_flow_growth_acceleration_missing,0.0,0.0,0
10,2020-10-30,tech__momentum_12_1_sector_neutral,13.604399681091309,0.010462961996428082,1
10,2020-10-30,tech__momentum_6_1_sector_neutral,160.67645263671875,0.12357411257150065,18
10,2020-10-30,tech__return_3m_sector_neutral,26.41303014755249,0.02031390852390645,5
10,2020-10-30,tech__return_1m_sector_neutral,49.42418932914734,0.038011483547773325,9
10,2020-10-30,tech__return_1w_sector_neutral,23.120967984199524,0.017782027506553257,6
10,2020-10-30,tech__reversal_1m_sector_neutral,1.3812899589538574,0.0010623316489789122,1
10,2020-10-30,tech__volatility_20d_sector_neutral,9.96058988571167,0.007660556575756756,4
10,2020-10-30,tech__volatility_60d_sector_neutral,39.00207006931305,0.029995970897887702,7
10,2020-10-30,tech__downside_volatility_60d_sector_neutral,11.055910110473633,0.008502952723639127,4
10,2020-10-30,tech__beta_60d_market_sector_neutral,1.3545900583267212,0.001041797112202665,1
10,2020-10-30,tech__max_drawdown_126d_sector_neutral,47.394859790802,0.03645075331816624,10
10,2020-10-30,tech__distance_sma_50d_sector_neutral,0.0,0.0,0
10,2020-10-30,tech__distance_sma_200d_sector_neutral,25.44683027267456,0.019570817111658968,5
10,2020-10-30,tech__sma_50_200_spread_sector_neutral,134.35925960540771,0.10333391109300506,13
10,2020-10-30,tech__positive_day_ratio_60d_sector_neutral,71.63703942298889,0.055095089720212286,12
10,2020-10-30,tech__average_dollar_volume_20d_sector_neutral,206.22973132133484,0.15860853047031398,23
10,2020-10-30,tech__dollar_volume_change_20d_60d_sector_neutral,2.6579699516296387,0.002044209170817145,1
10,2020-10-30,tech__amihud_illiquidity_20d_sector_neutral,167.69846120476723,0.12897464552468937,29
10,2020-10-30,tech__zero_volume_ratio_60d_sector_neutral,0.0,0.0,0
10,2020-10-30,fund__earnings_yield_zscore,5.905570030212402,0.004541894992929258,2
10,2020-10-30,fund__sales_yield_zscore,21.579750299453735,0.016596697580813786,5
10,2020-10-30,fund__book_to_market_zscore,37.19999918341637,0.028610022260976295,11
10,2020-10-30,fund__fcf_yield_zscore,7.803707242012024,0.006001726957339192,3
10,2020-10-30,fund__roe_zscore,9.801309823989868,0.007538056408777668,3
10,2020-10-30,fund__roa_zscore,2.25750994682312,0.001736220732547159,1
10,2020-10-30,fund__gross_profitability_zscore,0.0,0.0,0
10,2020-10-30,fund__gross_margin_zscore,0.0,0.0,0
10,2020-10-30,fund__operating_margin_zscore,1.9841300249099731,0.0015259678878340372,1
10,2020-10-30,fund__net_margin_zscore,1.736840009689331,0.0013357804417135077,1
10,2020-10-30,fund__cash_conversion_zscore,2.7739100456237793,0.0021333771477774987,1
10,2020-10-30,fund__debt_to_assets_zscore,6.467170000076294,0.004973814024979461,2
10,2020-10-30,fund__net_debt_to_assets_zscore,1.3458499908447266,0.0010350752430975233,1
10,2020-10-30,fund__current_ratio_zscore,3.4387110471725464,0.002644666714200624,2
10,2020-10-30,fund__interest_coverage_zscore,3.0115199089050293,0.002316119718399238,1
10,2020-10-30,fund__capex_to_assets_zscore,0.0,0.0,0
10,2020-10-30,fund__accruals_zscore,0.0,0.0,0
10,2020-10-30,fund__revenue_growth_yoy_zscore,3.161479949951172,0.002431451982021966,1
10,2020-10-30,fund__net_income_growth_yoy_zscore,3.6399489641189575,0.0027994361069417924,2
10,2020-10-30,fund__operating_cash_flow_growth_yoy_zscore,0.0,0.0,0
10,2020-10-30,fund__asset_growth_yoy_zscore,0.0,0.0,0
10,2020-10-30,fund__revenue_growth_acceleration_zscore,3.5189199447631836,0.0027063543054901286,1
10,2020-10-30,fund__net_income_growth_acceleration_zscore,3.48186993598938,0.002677859638848834,2
10,2020-10-30,fund__operating_cash_flow_growth_acceleration_zscore,3.3393900394439697,0.0025682802544029597,1
10,2020-10-30,fund__earnings_yield_sector_zscore,9.638110160827637,0.00741254172870916,2
10,2020-10-30,fund__sales_yield_sector_zscore,13.336620330810547,0.010257016476515874,4
10,2020-10-30,fund__book_to_market_sector_zscore,41.024681091308594,0.03155153400635103,3
10,2020-10-30,fund__fcf_yield_sector_zscore,17.387609720230103,0.013372578281741387,4
10,2020-10-30,fund__roe_sector_zscore,4.945259928703308,0.003803333326673533,2
10,2020-10-30,fund__roa_sector_zscore,8.022379875183105,0.006169905157345173,2
10,2020-10-30,fund__gross_profitability_sector_zscore,0.0,0.0,0
10,2020-10-30,fund__gross_margin_sector_zscore,17.21222996711731,0.013237696057256866,4
10,2020-10-30,fund__operating_margin_sector_zscore,0.0,0.0,0
10,2020-10-30,fund__net_margin_sector_zscore,24.718739986419678,0.01901085260211567,7
10,2020-10-30,fund__cash_conversion_sector_zscore,4.221670150756836,0.003246830097929047,1
10,2020-10-30,fund__debt_to_assets_sector_zscore,0.0,0.0,0
10,2020-10-30,fund__net_debt_to_assets_sector_zscore,0.0,0.0,0
10,2020-10-30,fund__current_ratio_sector_zscore,10.867799997329712,0.008358279749373,4
10,2020-10-30,fund__interest_coverage_sector_zscore,0.0,0.0,0
10,2020-10-30,fund__capex_to_assets_sector_zscore,4.346610069274902,0.003342919719664306,2
10,2020-10-30,fund__accruals_sector_zscore,3.5099499225616455,0.0026994555812831166,1
10,2020-10-30,fund__revenue_growth_yoy_sector_zscore,0.0,0.0,0
10,2020-10-30,fund__net_income_growth_yoy_sector_zscore,20.776370525360107,0.015978828932282113,5
10,2020-10-30,fund__operating_cash_flow_growth_yoy_sector_zscore,0.0,0.0,0
10,2020-10-30,fund__asset_growth_yoy_sector_zscore,0.0,0.0,0
10,2020-10-30,fund__revenue_growth_acceleration_sector_zscore,2.7452499866485596,0.002111335079409727,1
10,2020-10-30,fund__net_income_growth_acceleration_sector_zscore,3.625119924545288,0.002788031290769089,1
10,2020-10-30,fund__operating_cash_flow_growth_acceleration_sector_zscore,0.0,0.0,0
10,2020-10-30,fund__earnings_yield_missing,0.0,0.0,0
10,2020-10-30,fund__sales_yield_missing,0.0,0.0,0
10,2020-10-30,fund__book_to_market_missing,0.0,0.0,0
10,2020-10-30,fund__fcf_yield_missing,0.0,0.0,0
10,2020-10-30,fund__roe_missing,0.0,0.0,0
10,2020-10-30,fund__roa_missing,0.0,0.0,0
10,2020-10-30,fund__gross_profitability_missing,0.0,0.0,0
10,2020-10-30,fund__gross_margin_missing,0.0,0.0,0
10,2020-10-30,fund__operating_margin_missing,0.0,0.0,0
10,2020-10-30,fund__net_margin_missing,0.0,0.0,0
10,2020-10-30,fund__cash_conversion_missing,0.0,0.0,0
10,2020-10-30,fund__debt_to_assets_missing,0.0,0.0,0
10,2020-10-30,fund__net_debt_to_assets_missing,0.0,0.0,0
10,2020-10-30,fund__current_ratio_missing,0.0,0.0,0
10,2020-10-30,fund__interest_coverage_missing,0.0,0.0,0
10,2020-10-30,fund__capex_to_assets_missing,0.0,0.0,0
10,2020-10-30,fund__accruals_missing,0.0,0.0,0
10,2020-10-30,fund__revenue_growth_yoy_missing,0.0,0.0,0
10,2020-10-30,fund__net_income_growth_yoy_missing,0.0,0.0,0
10,2020-10-30,fund__operating_cash_flow_growth_yoy_missing,0.0,0.0,0
10,2020-10-30,fund__asset_growth_yoy_missing,0.0,0.0,0
10,2020-10-30,fund__revenue_growth_acceleration_missing,0.0,0.0,0
10,2020-10-30,fund__net_income_growth_acceleration_missing,0.0,0.0,0
10,2020-10-30,fund__operating_cash_flow_growth_acceleration_missing,0.0,0.0,0
11,2020-11-30,tech__momentum_12_1_sector_neutral,13.604399681091309,0.010462961996428082,1
11,2020-11-30,tech__momentum_6_1_sector_neutral,160.67645263671875,0.12357411257150065,18
11,2020-11-30,tech__return_3m_sector_neutral,26.41303014755249,0.02031390852390645,5
11,2020-11-30,tech__return_1m_sector_neutral,49.42418932914734,0.038011483547773325,9
11,2020-11-30,tech__return_1w_sector_neutral,23.120967984199524,0.017782027506553257,6
11,2020-11-30,tech__reversal_1m_sector_neutral,1.3812899589538574,0.0010623316489789122,1
11,2020-11-30,tech__volatility_20d_sector_neutral,9.96058988571167,0.007660556575756756,4
11,2020-11-30,tech__volatility_60d_sector_neutral,39.00207006931305,0.029995970897887702,7
11,2020-11-30,tech__downside_volatility_60d_sector_neutral,11.055910110473633,0.008502952723639127,4
11,2020-11-30,tech__beta_60d_market_sector_neutral,1.3545900583267212,0.001041797112202665,1
11,2020-11-30,tech__max_drawdown_126d_sector_neutral,47.394859790802,0.03645075331816624,10
11,2020-11-30,tech__distance_sma_50d_sector_neutral,0.0,0.0,0
11,2020-11-30,tech__distance_sma_200d_sector_neutral,25.44683027267456,0.019570817111658968,5
11,2020-11-30,tech__sma_50_200_spread_sector_neutral,134.35925960540771,0.10333391109300506,13
11,2020-11-30,tech__positive_day_ratio_60d_sector_neutral,71.63703942298889,0.055095089720212286,12
11,2020-11-30,tech__average_dollar_volume_20d_sector_neutral,206.22973132133484,0.15860853047031398,23
11,2020-11-30,tech__dollar_volume_change_20d_60d_sector_neutral,2.6579699516296387,0.002044209170817145,1
11,2020-11-30,tech__amihud_illiquidity_20d_sector_neutral,167.69846120476723,0.12897464552468937,29
11,2020-11-30,tech__zero_volume_ratio_60d_sector_neutral,0.0,0.0,0
11,2020-11-30,fund__earnings_yield_zscore,5.905570030212402,0.004541894992929258,2
11,2020-11-30,fund__sales_yield_zscore,21.579750299453735,0.016596697580813786,5
11,2020-11-30,fund__book_to_market_zscore,37.19999918341637,0.028610022260976295,11
11,2020-11-30,fund__fcf_yield_zscore,7.803707242012024,0.006001726957339192,3
11,2020-11-30,fund__roe_zscore,9.801309823989868,0.007538056408777668,3
11,2020-11-30,fund__roa_zscore,2.25750994682312,0.001736220732547159,1
11,2020-11-30,fund__gross_profitability_zscore,0.0,0.0,0
11,2020-11-30,fund__gross_margin_zscore,0.0,0.0,0
11,2020-11-30,fund__operating_margin_zscore,1.9841300249099731,0.0015259678878340372,1
11,2020-11-30,fund__net_margin_zscore,1.736840009689331,0.0013357804417135077,1
11,2020-11-30,fund__cash_conversion_zscore,2.7739100456237793,0.0021333771477774987,1
11,2020-11-30,fund__debt_to_assets_zscore,6.467170000076294,0.004973814024979461,2
11,2020-11-30,fund__net_debt_to_assets_zscore,1.3458499908447266,0.0010350752430975233,1
11,2020-11-30,fund__current_ratio_zscore,3.4387110471725464,0.002644666714200624,2
11,2020-11-30,fund__interest_coverage_zscore,3.0115199089050293,0.002316119718399238,1
11,2020-11-30,fund__capex_to_assets_zscore,0.0,0.0,0
11,2020-11-30,fund__accruals_zscore,0.0,0.0,0
11,2020-11-30,fund__revenue_growth_yoy_zscore,3.161479949951172,0.002431451982021966,1
11,2020-11-30,fund__net_income_growth_yoy_zscore,3.6399489641189575,0.0027994361069417924,2
11,2020-11-30,fund__operating_cash_flow_growth_yoy_zscore,0.0,0.0,0
11,2020-11-30,fund__asset_growth_yoy_zscore,0.0,0.0,0
11,2020-11-30,fund__revenue_growth_acceleration_zscore,3.5189199447631836,0.0027063543054901286,1
11,2020-11-30,fund__net_income_growth_acceleration_zscore,3.48186993598938,0.002677859638848834,2
11,2020-11-30,fund__operating_cash_flow_growth_acceleration_zscore,3.3393900394439697,0.0025682802544029597,1
11,2020-11-30,fund__earnings_yield_sector_zscore,9.638110160827637,0.00741254172870916,2
11,2020-11-30,fund__sales_yield_sector_zscore,13.336620330810547,0.010257016476515874,4
11,2020-11-30,fund__book_to_market_sector_zscore,41.024681091308594,0.03155153400635103,3
11,2020-11-30,fund__fcf_yield_sector_zscore,17.387609720230103,0.013372578281741387,4
11,2020-11-30,fund__roe_sector_zscore,4.945259928703308,0.003803333326673533,2
11,2020-11-30,fund__roa_sector_zscore,8.022379875183105,0.006169905157345173,2
11,2020-11-30,fund__gross_profitability_sector_zscore,0.0,0.0,0
11,2020-11-30,fund__gross_margin_sector_zscore,17.21222996711731,0.013237696057256866,4
11,2020-11-30,fund__operating_margin_sector_zscore,0.0,0.0,0
11,2020-11-30,fund__net_margin_sector_zscore,24.718739986419678,0.01901085260211567,7
11,2020-11-30,fund__cash_conversion_sector_zscore,4.221670150756836,0.003246830097929047,1
11,2020-11-30,fund__debt_to_assets_sector_zscore,0.0,0.0,0
11,2020-11-30,fund__net_debt_to_assets_sector_zscore,0.0,0.0,0
11,2020-11-30,fund__current_ratio_sector_zscore,10.867799997329712,0.008358279749373,4
11,2020-11-30,fund__interest_coverage_sector_zscore,0.0,0.0,0
11,2020-11-30,fund__capex_to_assets_sector_zscore,4.346610069274902,0.003342919719664306,2
11,2020-11-30,fund__accruals_sector_zscore,3.5099499225616455,0.0026994555812831166,1
11,2020-11-30,fund__revenue_growth_yoy_sector_zscore,0.0,0.0,0
11,2020-11-30,fund__net_income_growth_yoy_sector_zscore,20.776370525360107,0.015978828932282113,5
11,2020-11-30,fund__operating_cash_flow_growth_yoy_sector_zscore,0.0,0.0,0
11,2020-11-30,fund__asset_growth_yoy_sector_zscore,0.0,0.0,0
11,2020-11-30,fund__revenue_growth_acceleration_sector_zscore,2.7452499866485596,0.002111335079409727,1
11,2020-11-30,fund__net_income_growth_acceleration_sector_zscore,3.625119924545288,0.002788031290769089,1
11,2020-11-30,fund__operating_cash_flow_growth_acceleration_sector_zscore,0.0,0.0,0
11,2020-11-30,fund__earnings_yield_missing,0.0,0.0,0
11,2020-11-30,fund__sales_yield_missing,0.0,0.0,0
11,2020-11-30,fund__book_to_market_missing,0.0,0.0,0
11,2020-11-30,fund__fcf_yield_missing,0.0,0.0,0
11,2020-11-30,fund__roe_missing,0.0,0.0,0
11,2020-11-30,fund__roa_missing,0.0,0.0,0
11,2020-11-30,fund__gross_profitability_missing,0.0,0.0,0
11,2020-11-30,fund__gross_margin_missing,0.0,0.0,0
11,2020-11-30,fund__operating_margin_missing,0.0,0.0,0
11,2020-11-30,fund__net_margin_missing,0.0,0.0,0
11,2020-11-30,fund__cash_conversion_missing,0.0,0.0,0
11,2020-11-30,fund__debt_to_assets_missing,0.0,0.0,0
11,2020-11-30,fund__net_debt_to_assets_missing,0.0,0.0,0
11,2020-11-30,fund__current_ratio_missing,0.0,0.0,0
11,2020-11-30,fund__interest_coverage_missing,0.0,0.0,0
11,2020-11-30,fund__capex_to_assets_missing,0.0,0.0,0
11,2020-11-30,fund__accruals_missing,0.0,0.0,0
11,2020-11-30,fund__revenue_growth_yoy_missing,0.0,0.0,0
11,2020-11-30,fund__net_income_growth_yoy_missing,0.0,0.0,0
11,2020-11-30,fund__operating_cash_flow_growth_yoy_missing,0.0,0.0,0
11,2020-11-30,fund__asset_growth_yoy_missing,0.0,0.0,0
11,2020-11-30,fund__revenue_growth_acceleration_missing,0.0,0.0,0
11,2020-11-30,fund__net_income_growth_acceleration_missing,0.0,0.0,0
11,2020-11-30,fund__operating_cash_flow_growth_acceleration_missing,0.0,0.0,0
12,2020-12-31,tech__momentum_12_1_sector_neutral,0.7830079793930054,0.001114356749868019,1
12,2020-12-31,tech__momentum_6_1_sector_neutral,13.440680027008057,0.01912842896252928,3
12,2020-12-31,tech__return_3m_sector_neutral,0.0,0.0,0
12,2020-12-31,tech__return_1m_sector_neutral,13.399889945983887,0.019070377571849734,3
12,2020-12-31,tech__return_1w_sector_neutral,16.409104466438293,0.023353014021185482,5
12,2020-12-31,tech__reversal_1m_sector_neutral,0.0,0.0,0
12,2020-12-31,tech__volatility_20d_sector_neutral,0.0,0.0,0
12,2020-12-31,tech__volatility_60d_sector_neutral,76.44075012207031,0.1087885029339518,5
12,2020-12-31,tech__downside_volatility_60d_sector_neutral,47.41172552108765,0.06747514424855655,6
12,2020-12-31,tech__beta_60d_market_sector_neutral,7.778759956359863,0.011070530430216588,1
12,2020-12-31,tech__max_drawdown_126d_sector_neutral,13.66815996170044,0.019452172535207177,2
12,2020-12-31,tech__distance_sma_50d_sector_neutral,14.048370122909546,0.019993277824887908,3
12,2020-12-31,tech__distance_sma_200d_sector_neutral,3.198970079421997,0.004552691664002191,1
12,2020-12-31,tech__sma_50_200_spread_sector_neutral,23.400200366973877,0.03330256129371237,5
12,2020-12-31,tech__positive_day_ratio_60d_sector_neutral,0.7936530113220215,0.0011295064846023385,1
12,2020-12-31,tech__average_dollar_volume_20d_sector_neutral,199.96178007125854,0.2845804451581324,14
12,2020-12-31,tech__dollar_volume_change_20d_60d_sector_neutral,16.839618623256683,0.023965710659265997,4
12,2020-12-31,tech__amihud_illiquidity_20d_sector_neutral,100.91428005695343,0.14361859917023242,8
12,2020-12-31,tech__zero_volume_ratio_60d_sector_neutral,0.0,0.0,0
12,2020-12-31,fund__earnings_yield_zscore,0.0,0.0,0
12,2020-12-31,fund__sales_yield_zscore,0.0,0.0,0
12,2020-12-31,fund__book_to_market_zscore,8.827799797058105,0.012563496859841967,2
12,2020-12-31,fund__fcf_yield_zscore,3.1138200759887695,0.004431508376507905,1
12,2020-12-31,fund__roe_zscore,7.0761802196502686,0.010070637079794078,2
12,2020-12-31,fund__roa_zscore,10.554708302021027,0.01502118847928335,3
12,2020-12-31,fund__gross_profitability_zscore,0.0,0.0,0
12,2020-12-31,fund__gross_margin_zscore,3.046760082244873,0.004336070323970371,1
12,2020-12-31,fund__operating_margin_zscore,0.0,0.0,0
12,2020-12-31,fund__net_margin_zscore,0.0,0.0,0
12,2020-12-31,fund__cash_conversion_zscore,3.7339680194854736,0.005314086926075234,2
12,2020-12-31,fund__debt_to_assets_zscore,0.0,0.0,0
12,2020-12-31,fund__net_debt_to_assets_zscore,0.0,0.0,0
12,2020-12-31,fund__current_ratio_zscore,2.221410036087036,0.003161453437367437,1
12,2020-12-31,fund__interest_coverage_zscore,4.837860107421875,0.0068851176584458496,1
12,2020-12-31,fund__capex_to_assets_zscore,7.781129837036133,0.011073903183237612,1
12,2020-12-31,fund__accruals_zscore,8.773659706115723,0.012486446079558882,1
12,2020-12-31,fund__revenue_growth_yoy_zscore,0.0,0.0,0
12,2020-12-31,fund__net_income_growth_yoy_zscore,3.766290068626404,0.00536008683230567,2
12,2020-12-31,fund__operating_cash_flow_growth_yoy_zscore,5.057030200958252,0.0071970348796353435,1
12,2020-12-31,fund__asset_growth_yoy_zscore,4.784259915351868,0.006808835248305231,2
12,2020-12-31,fund__revenue_growth_acceleration_zscore,4.999463140964508,0.007115106925435164,2
12,2020-12-31,fund__net_income_growth_acceleration_zscore,0.0,0.0,0
12,2020-12-31,fund__operating_cash_flow_growth_acceleration_zscore,0.0,0.0,0
12,2020-12-31,fund__earnings_yield_sector_zscore,0.0,0.0,0
12,2020-12-31,fund__sales_yield_sector_zscore,1.397029995918274,0.001988217038256055,1
12,2020-12-31,fund__book_to_market_sector_zscore,2.1084699630737305,0.003000720040000876,1
12,2020-12-31,fund__fcf_yield_sector_zscore,6.524120092391968,0.009284959353214347,2
12,2020-12-31,fund__roe_sector_zscore,0.0,0.0,0
12,2020-12-31,fund__roa_sector_zscore,0.05162530019879341,7.347179499382011e-05,1
12,2020-12-31,fund__gross_profitability_sector_zscore,0.0,0.0,0
12,2020-12-31,fund__gross_margin_sector_zscore,0.0,0.0,0
12,2020-12-31,fund__operating_margin_sector_zscore,0.0,0.0,0
12,2020-12-31,fund__net_margin_sector_zscore,13.567000389099121,0.019308204842017857,3
12,2020-12-31,fund__cash_conversion_sector_zscore,2.2868800163269043,0.00325462862371813,1
12,2020-12-31,fund__debt_to_assets_sector_zscore,0.0,0.0,0
12,2020-12-31,fund__net_debt_to_assets_sector_zscore,0.0,0.0,0
12,2020-12-31,fund__current_ratio_sector_zscore,11.296929836273193,0.01607749901296715,2
12,2020-12-31,fund__interest_coverage_sector_zscore,0.0,0.0,0
12,2020-12-31,fund__capex_to_assets_sector_zscore,5.410039901733398,0.0076994291759650245,2
12,2020-12-31,fund__accruals_sector_zscore,2.1072919964790344,0.002999043588342061,2
12,2020-12-31,fund__revenue_growth_yoy_sector_zscore,6.8125901222229,0.009695502455375229,1
12,2020-12-31,fund__net_income_growth_yoy_sector_zscore,19.706770062446594,0.02804616659744417,4
12,2020-12-31,fund__operating_cash_flow_growth_yoy_sector_zscore,0.19752700626850128,0.0002811153379141326,1
12,2020-12-31,fund__asset_growth_yoy_sector_zscore,4.125110030174255,0.005870750141826731,2
12,2020-12-31,fund__revenue_growth_acceleration_sector_zscore,0.0,0.0,0
12,2020-12-31,fund__net_income_growth_acceleration_sector_zscore,0.0,0.0,0
12,2020-12-31,fund__operating_cash_flow_growth_acceleration_sector_zscore,0.0,0.0,0
12,2020-12-31,fund__earnings_yield_missing,0.0,0.0,0
12,2020-12-31,fund__sales_yield_missing,0.0,0.0,0
12,2020-12-31,fund__book_to_market_missing,0.0,0.0,0
12,2020-12-31,fund__fcf_yield_missing,0.0,0.0,0
12,2020-12-31,fund__roe_missing,0.0,0.0,0
12,2020-12-31,fund__roa_missing,0.0,0.0,0
12,2020-12-31,fund__gross_profitability_missing,0.0,0.0,0
12,2020-12-31,fund__gross_margin_missing,0.0,0.0,0
12,2020-12-31,fund__operating_margin_missing,0.0,0.0,0
12,2020-12-31,fund__net_margin_missing,0.0,0.0,0
12,2020-12-31,fund__cash_conversion_missing,0.0,0.0,0
12,2020-12-31,fund__debt_to_assets_missing,0.0,0.0,0
12,2020-12-31,fund__net_debt_to_assets_missing,0.0,0.0,0
12,2020-12-31,fund__current_ratio_missing,0.0,0.0,0
12,2020-12-31,fund__interest_coverage_missing,0.0,0.0,0
12,2020-12-31,fund__capex_to_assets_missing,0.0,0.0,0
12,2020-12-31,fund__accruals_missing,0.0,0.0,0
12,2020-12-31,fund__revenue_growth_yoy_missing,0.0,0.0,0
12,2020-12-31,fund__net_income_growth_yoy_missing,0.0,0.0,0
12,2020-12-31,fund__operating_cash_flow_growth_yoy_missing,0.0,0.0,0
12,2020-12-31,fund__asset_growth_yoy_missing,0.0,0.0,0
12,2020-12-31,fund__revenue_growth_acceleration_missing,0.0,0.0,0
12,2020-12-31,fund__net_income_growth_acceleration_missing,0.0,0.0,0
12,2020-12-31,fund__operating_cash_flow_growth_acceleration_missing,0.0,0.0,0
13,2021-01-29,tech__momentum_12_1_sector_neutral,0.7830079793930054,0.001114356749868019,1
13,2021-01-29,tech__momentum_6_1_sector_neutral,13.440680027008057,0.01912842896252928,3
13,2021-01-29,tech__return_3m_sector_neutral,0.0,0.0,0
13,2021-01-29,tech__return_1m_sector_neutral,13.399889945983887,0.019070377571849734,3
13,2021-01-29,tech__return_1w_sector_neutral,16.409104466438293,0.023353014021185482,5
13,2021-01-29,tech__reversal_1m_sector_neutral,0.0,0.0,0
13,2021-01-29,tech__volatility_20d_sector_neutral,0.0,0.0,0
13,2021-01-29,tech__volatility_60d_sector_neutral,76.44075012207031,0.1087885029339518,5
13,2021-01-29,tech__downside_volatility_60d_sector_neutral,47.41172552108765,0.06747514424855655,6
13,2021-01-29,tech__beta_60d_market_sector_neutral,7.778759956359863,0.011070530430216588,1
13,2021-01-29,tech__max_drawdown_126d_sector_neutral,13.66815996170044,0.019452172535207177,2
13,2021-01-29,tech__distance_sma_50d_sector_neutral,14.048370122909546,0.019993277824887908,3
13,2021-01-29,tech__distance_sma_200d_sector_neutral,3.198970079421997,0.004552691664002191,1
13,2021-01-29,tech__sma_50_200_spread_sector_neutral,23.400200366973877,0.03330256129371237,5
13,2021-01-29,tech__positive_day_ratio_60d_sector_neutral,0.7936530113220215,0.0011295064846023385,1
13,2021-01-29,tech__average_dollar_volume_20d_sector_neutral,199.96178007125854,0.2845804451581324,14
13,2021-01-29,tech__dollar_volume_change_20d_60d_sector_neutral,16.839618623256683,0.023965710659265997,4
13,2021-01-29,tech__amihud_illiquidity_20d_sector_neutral,100.91428005695343,0.14361859917023242,8
13,2021-01-29,tech__zero_volume_ratio_60d_sector_neutral,0.0,0.0,0
13,2021-01-29,fund__earnings_yield_zscore,0.0,0.0,0
13,2021-01-29,fund__sales_yield_zscore,0.0,0.0,0
13,2021-01-29,fund__book_to_market_zscore,8.827799797058105,0.012563496859841967,2
13,2021-01-29,fund__fcf_yield_zscore,3.1138200759887695,0.004431508376507905,1
13,2021-01-29,fund__roe_zscore,7.0761802196502686,0.010070637079794078,2
13,2021-01-29,fund__roa_zscore,10.554708302021027,0.01502118847928335,3
13,2021-01-29,fund__gross_profitability_zscore,0.0,0.0,0
13,2021-01-29,fund__gross_margin_zscore,3.046760082244873,0.004336070323970371,1
13,2021-01-29,fund__operating_margin_zscore,0.0,0.0,0
13,2021-01-29,fund__net_margin_zscore,0.0,0.0,0
13,2021-01-29,fund__cash_conversion_zscore,3.7339680194854736,0.005314086926075234,2
13,2021-01-29,fund__debt_to_assets_zscore,0.0,0.0,0
13,2021-01-29,fund__net_debt_to_assets_zscore,0.0,0.0,0
13,2021-01-29,fund__current_ratio_zscore,2.221410036087036,0.003161453437367437,1
13,2021-01-29,fund__interest_coverage_zscore,4.837860107421875,0.0068851176584458496,1
13,2021-01-29,fund__capex_to_assets_zscore,7.781129837036133,0.011073903183237612,1
13,2021-01-29,fund__accruals_zscore,8.773659706115723,0.012486446079558882,1
13,2021-01-29,fund__revenue_growth_yoy_zscore,0.0,0.0,0
13,2021-01-29,fund__net_income_growth_yoy_zscore,3.766290068626404,0.00536008683230567,2
13,2021-01-29,fund__operating_cash_flow_growth_yoy_zscore,5.057030200958252,0.0071970348796353435,1
13,2021-01-29,fund__asset_growth_yoy_zscore,4.784259915351868,0.006808835248305231,2
13,2021-01-29,fund__revenue_growth_acceleration_zscore,4.999463140964508,0.007115106925435164,2
13,2021-01-29,fund__net_income_growth_acceleration_zscore,0.0,0.0,0
13,2021-01-29,fund__operating_cash_flow_growth_acceleration_zscore,0.0,0.0,0
13,2021-01-29,fund__earnings_yield_sector_zscore,0.0,0.0,0
13,2021-01-29,fund__sales_yield_sector_zscore,1.397029995918274,0.001988217038256055,1
13,2021-01-29,fund__book_to_market_sector_zscore,2.1084699630737305,0.003000720040000876,1
13,2021-01-29,fund__fcf_yield_sector_zscore,6.524120092391968,0.009284959353214347,2
13,2021-01-29,fund__roe_sector_zscore,0.0,0.0,0
13,2021-01-29,fund__roa_sector_zscore,0.05162530019879341,7.347179499382011e-05,1
13,2021-01-29,fund__gross_profitability_sector_zscore,0.0,0.0,0
13,2021-01-29,fund__gross_margin_sector_zscore,0.0,0.0,0
13,2021-01-29,fund__operating_margin_sector_zscore,0.0,0.0,0
13,2021-01-29,fund__net_margin_sector_zscore,13.567000389099121,0.019308204842017857,3
13,2021-01-29,fund__cash_conversion_sector_zscore,2.2868800163269043,0.00325462862371813,1
13,2021-01-29,fund__debt_to_assets_sector_zscore,0.0,0.0,0
13,2021-01-29,fund__net_debt_to_assets_sector_zscore,0.0,0.0,0
13,2021-01-29,fund__current_ratio_sector_zscore,11.296929836273193,0.01607749901296715,2
13,2021-01-29,fund__interest_coverage_sector_zscore,0.0,0.0,0
13,2021-01-29,fund__capex_to_assets_sector_zscore,5.410039901733398,0.0076994291759650245,2
13,2021-01-29,fund__accruals_sector_zscore,2.1072919964790344,0.002999043588342061,2
13,2021-01-29,fund__revenue_growth_yoy_sector_zscore,6.8125901222229,0.009695502455375229,1
13,2021-01-29,fund__net_income_growth_yoy_sector_zscore,19.706770062446594,0.02804616659744417,4
13,2021-01-29,fund__operating_cash_flow_growth_yoy_sector_zscore,0.19752700626850128,0.0002811153379141326,1
13,2021-01-29,fund__asset_growth_yoy_sector_zscore,4.125110030174255,0.005870750141826731,2
13,2021-01-29,fund__revenue_growth_acceleration_sector_zscore,0.0,0.0,0
13,2021-01-29,fund__net_income_growth_acceleration_sector_zscore,0.0,0.0,0
13,2021-01-29,fund__operating_cash_flow_growth_acceleration_sector_zscore,0.0,0.0,0
13,2021-01-29,fund__earnings_yield_missing,0.0,0.0,0
13,2021-01-29,fund__sales_yield_missing,0.0,0.0,0
13,2021-01-29,fund__book_to_market_missing,0.0,0.0,0
13,2021-01-29,fund__fcf_yield_missing,0.0,0.0,0
13,2021-01-29,fund__roe_missing,0.0,0.0,0
13,2021-01-29,fund__roa_missing,0.0,0.0,0
13,2021-01-29,fund__gross_profitability_missing,0.0,0.0,0
13,2021-01-29,fund__gross_margin_missing,0.0,0.0,0
13,2021-01-29,fund__operating_margin_missing,0.0,0.0,0
13,2021-01-29,fund__net_margin_missing,0.0,0.0,0
13,2021-01-29,fund__cash_conversion_missing,0.0,0.0,0
13,2021-01-29,fund__debt_to_assets_missing,0.0,0.0,0
13,2021-01-29,fund__net_debt_to_assets_missing,0.0,0.0,0
13,2021-01-29,fund__current_ratio_missing,0.0,0.0,0
13,2021-01-29,fund__interest_coverage_missing,0.0,0.0,0
13,2021-01-29,fund__capex_to_assets_missing,0.0,0.0,0
13,2021-01-29,fund__accruals_missing,0.0,0.0,0
13,2021-01-29,fund__revenue_growth_yoy_missing,0.0,0.0,0
13,2021-01-29,fund__net_income_growth_yoy_missing,0.0,0.0,0
13,2021-01-29,fund__operating_cash_flow_growth_yoy_missing,0.0,0.0,0
13,2021-01-29,fund__asset_growth_yoy_missing,0.0,0.0,0
13,2021-01-29,fund__revenue_growth_acceleration_missing,0.0,0.0,0
13,2021-01-29,fund__net_income_growth_acceleration_missing,0.0,0.0,0
13,2021-01-29,fund__operating_cash_flow_growth_acceleration_missing,0.0,0.0,0
14,2021-02-26,tech__momentum_12_1_sector_neutral,0.0,0.0,0
14,2021-02-26,tech__momentum_6_1_sector_neutral,143.27532184123993,0.09325128458886003,20
14,2021-02-26,tech__return_3m_sector_neutral,14.243319749832153,0.009270318477828898,4
14,2021-02-26,tech__return_1m_sector_neutral,35.36473506689072,0.023017271444600123,12
14,2021-02-26,tech__return_1w_sector_neutral,12.336541056632996,0.008029284360561195,6
14,2021-02-26,tech__reversal_1m_sector_neutral,3.680405080318451,0.0023954055530048426,2
14,2021-02-26,tech__volatility_20d_sector_neutral,9.457109093666077,0.006155195187476533,5
14,2021-02-26,tech__volatility_60d_sector_neutral,156.19257962703705,0.10165853062684674,14
14,2021-02-26,tech__downside_volatility_60d_sector_neutral,69.4426498413086,0.045197011039569704,9
14,2021-02-26,tech__beta_60d_market_sector_neutral,36.945889830589294,0.024046371996976252,12
14,2021-02-26,tech__max_drawdown_126d_sector_neutral,40.38066005706787,0.026281905177223515,9
14,2021-02-26,tech__distance_sma_50d_sector_neutral,29.831469774246216,0.01941592482133583,10
14,2021-02-26,tech__distance_sma_200d_sector_neutral,36.92503273487091,0.024032797077419014,7
14,2021-02-26,tech__sma_50_200_spread_sector_neutral,177.81612062454224,0.11573229399002795,23
14,2021-02-26,tech__positive_day_ratio_60d_sector_neutral,7.319675922393799,0.004764038731622671,4
14,2021-02-26,tech__average_dollar_volume_20d_sector_neutral,252.3694405555725,0.16425560396825573,25
14,2021-02-26,tech__dollar_volume_change_20d_60d_sector_neutral,7.159099817276001,0.004659527166866929,3
14,2021-02-26,tech__amihud_illiquidity_20d_sector_neutral,188.43696308135986,0.12264490943409999,34
14,2021-02-26,tech__zero_volume_ratio_60d_sector_neutral,0.0,0.0,0
14,2021-02-26,fund__earnings_yield_zscore,3.8660999536514282,0.00251626576296517,2
14,2021-02-26,fund__sales_yield_zscore,6.752560019493103,0.004394929203361685,2
14,2021-02-26,fund__book_to_market_zscore,31.773776203393936,0.02068008229978787,10
14,2021-02-26,fund__fcf_yield_zscore,5.1592589020729065,0.003357923150770614,3
14,2021-02-26,fund__roe_zscore,24.9149651825428,0.016215999230720913,9
14,2021-02-26,fund__roa_zscore,6.668060943484306,0.004339932660460017,3
14,2021-02-26,fund__gross_profitability_zscore,0.0,0.0,0
14,2021-02-26,fund__gross_margin_zscore,0.0,0.0,0
14,2021-02-26,fund__operating_margin_zscore,0.0,0.0,0
14,2021-02-26,fund__net_margin_zscore,0.0,0.0,0
14,2021-02-26,fund__cash_conversion_zscore,12.919430017471313,0.008408659843179678,3
14,2021-02-26,fund__debt_to_assets_zscore,6.1345601081848145,0.003992701625962437,2
14,2021-02-26,fund__net_debt_to_assets_zscore,0.0,0.0,0
14,2021-02-26,fund__current_ratio_zscore,1.5364899635314941,0.001000030298420599,1
14,2021-02-26,fund__interest_coverage_zscore,0.0,0.0,0
14,2021-02-26,fund__capex_to_assets_zscore,10.564809799194336,0.006876146377137479,2
14,2021-02-26,fund__accruals_zscore,10.595092058181763,0.006895855699821528,4
14,2021-02-26,fund__revenue_growth_yoy_zscore,19.16783994436264,0.01247546105383092,7
14,2021-02-26,fund__net_income_growth_yoy_zscore,3.927799940109253,0.002556423432285801,1
14,2021-02-26,fund__operating_cash_flow_growth_yoy_zscore,2.4767398834228516,0.0016119955115338346,1
14,2021-02-26,fund__asset_growth_yoy_zscore,8.590819716453552,0.005591367473027113,3
14,2021-02-26,fund__revenue_growth_acceleration_zscore,1.8928630352020264,0.0012319770586796956,2
14,2021-02-26,fund__net_income_growth_acceleration_zscore,0.0,0.0,0
14,2021-02-26,fund__operating_cash_flow_growth_acceleration_zscore,5.6432600021362305,0.0036729370955540567,2
14,2021-02-26,fund__earnings_yield_sector_zscore,16.846660137176514,0.010964712405702423,4
14,2021-02-26,fund__sales_yield_sector_zscore,7.175189971923828,0.004669999504816419,3
14,2021-02-26,fund__book_to_market_sector_zscore,0.0,0.0,0
14,2021-02-26,fund__fcf_yield_sector_zscore,6.007360219955444,0.003909913098081189,2
14,2021-02-26,fund__roe_sector_zscore,1.69035005569458,0.0011001707207681855,1
14,2021-02-26,fund__roa_sector_zscore,5.453750014305115,0.0035495938039071338,2
14,2021-02-26,fund__gross_profitability_sector_zscore,0.0,0.0,0
14,2021-02-26,fund__gross_margin_sector_zscore,31.92978024482727,0.020781618119618952,7
14,2021-02-26,fund__operating_margin_sector_zscore,0.8573149740695953,0.0005579866902538945,2
14,2021-02-26,fund__net_margin_sector_zscore,29.181479692459106,0.018992876320604982,8
14,2021-02-26,fund__cash_conversion_sector_zscore,1.3419699668884277,0.000873426223608006,1
14,2021-02-26,fund__debt_to_assets_sector_zscore,2.7161500453948975,0.0017678165200691249,1
14,2021-02-26,fund__net_debt_to_assets_sector_zscore,3.80594402551651,0.0024771130498382568,2
14,2021-02-26,fund__current_ratio_sector_zscore,2.027600049972534,0.0013196711538494164,1
14,2021-02-26,fund__interest_coverage_sector_zscore,1.5170600414276123,0.0009873842602029627,1
14,2021-02-26,fund__capex_to_assets_sector_zscore,8.973729848861694,0.005840585979538064,5
14,2021-02-26,fund__accruals_sector_zscore,0.0,0.0,0
14,2021-02-26,fund__revenue_growth_yoy_sector_zscore,6.771082818508148,0.00440698483708937,2
14,2021-02-26,fund__net_income_growth_yoy_sector_zscore,19.62233018875122,0.012771267746691135,6
14,2021-02-26,fund__operating_cash_flow_growth_yoy_sector_zscore,0.0,0.0,0
14,2021-02-26,fund__asset_growth_yoy_sector_zscore,0.0,0.0,0
14,2021-02-26,fund__revenue_growth_acceleration_sector_zscore,0.0,0.0,0
14,2021-02-26,fund__net_income_growth_acceleration_sector_zscore,0.0,0.0,0
14,2021-02-26,fund__operating_cash_flow_growth_acceleration_sector_zscore,4.536570072174072,0.0029526437729895426,2
14,2021-02-26,fund__earnings_yield_missing,0.0,0.0,0
14,2021-02-26,fund__sales_yield_missing,0.0,0.0,0
14,2021-02-26,fund__book_to_market_missing,0.0,0.0,0
14,2021-02-26,fund__fcf_yield_missing,0.0,0.0,0
14,2021-02-26,fund__roe_missing,0.0,0.0,0
14,2021-02-26,fund__roa_missing,2.2276499271392822,0.0014498743722956048,1
14,2021-02-26,fund__gross_profitability_missing,0.0,0.0,0
14,2021-02-26,fund__gross_margin_missing,0.0,0.0,0
14,2021-02-26,fund__operating_margin_missing,0.0,0.0,0
14,2021-02-26,fund__net_margin_missing,0.0,0.0,0
14,2021-02-26,fund__cash_conversion_missing,0.0,0.0,0
14,2021-02-26,fund__debt_to_assets_missing,0.0,0.0,0
14,2021-02-26,fund__net_debt_to_assets_missing,0.0,0.0,0
14,2021-02-26,fund__current_ratio_missing,0.0,0.0,0
14,2021-02-26,fund__interest_coverage_missing,0.0,0.0,0
14,2021-02-26,fund__capex_to_assets_missing,0.0,0.0,0
14,2021-02-26,fund__accruals_missing,0.0,0.0,0
14,2021-02-26,fund__revenue_growth_yoy_missing,0.0,0.0,0
14,2021-02-26,fund__net_income_growth_yoy_missing,0.0,0.0,0
14,2021-02-26,fund__operating_cash_flow_growth_yoy_missing,0.0,0.0,0
14,2021-02-26,fund__asset_growth_yoy_missing,0.0,0.0,0
14,2021-02-26,fund__revenue_growth_acceleration_missing,0.0,0.0,0
14,2021-02-26,fund__net_income_growth_acceleration_missing,0.0,0.0,0
14,2021-02-26,fund__operating_cash_flow_growth_acceleration_missing,0.0,0.0,0
15,2021-03-31,tech__momentum_12_1_sector_neutral,0.0,0.0,0
15,2021-03-31,tech__momentum_6_1_sector_neutral,111.6298098564148,0.1565442465642568,10
15,2021-03-31,tech__return_3m_sector_neutral,0.0,0.0,0
15,2021-03-31,tech__return_1m_sector_neutral,15.886850357055664,0.02227895060130713,2
15,2021-03-31,tech__return_1w_sector_neutral,6.535369873046875,0.009164886638352318,1
15,2021-03-31,tech__reversal_1m_sector_neutral,0.0,0.0,0
15,2021-03-31,tech__volatility_20d_sector_neutral,0.0,0.0,0
15,2021-03-31,tech__volatility_60d_sector_neutral,73.18560028076172,0.10263194634158326,5
15,2021-03-31,tech__downside_volatility_60d_sector_neutral,0.0,0.0,0
15,2021-03-31,tech__beta_60d_market_sector_neutral,0.0,0.0,0
15,2021-03-31,tech__max_drawdown_126d_sector_neutral,32.400479793548584,0.045436865870555114,3
15,2021-03-31,tech__distance_sma_50d_sector_neutral,5.757649898529053,0.008074249759139993,1
15,2021-03-31,tech__distance_sma_200d_sector_neutral,15.907979488372803,0.02230858107319321,2
15,2021-03-31,tech__sma_50_200_spread_sector_neutral,30.86813974380493,0.043287986293711764,4
15,2021-03-31,tech__positive_day_ratio_60d_sector_neutral,2.269779920578003,0.003183029586725966,1
15,2021-03-31,tech__average_dollar_volume_20d_sector_neutral,155.85903120040894,0.21856916750898628,14
15,2021-03-31,tech__dollar_volume_change_20d_60d_sector_neutral,0.0,0.0,0
15,2021-03-31,tech__amihud_illiquidity_20d_sector_neutral,129.53796076774597,0.18165777130625252,13
15,2021-03-31,tech__zero_volume_ratio_60d_sector_neutral,0.0,0.0,0
15,2021-03-31,fund__earnings_yield_zscore,0.0,0.0,0
15,2021-03-31,fund__sales_yield_zscore,5.055419921875,0.007089476401991545,1
15,2021-03-31,fund__book_to_market_zscore,13.734429359436035,0.019260499492281185,2
15,2021-03-31,fund__fcf_yield_zscore,0.0,0.0,0
15,2021-03-31,fund__roe_zscore,0.0,0.0,0
15,2021-03-31,fund__roa_zscore,9.136529922485352,0.012812627691178198,2
15,2021-03-31,fund__gross_profitability_zscore,0.0,0.0,0
15,2021-03-31,fund__gross_margin_zscore,0.0,0.0,0
15,2021-03-31,fund__operating_margin_zscore,0.0,0.0,0
15,2021-03-31,fund__net_margin_zscore,0.0,0.0,0
15,2021-03-31,fund__cash_conversion_zscore,7.855160236358643,0.011015696814533361,1
15,2021-03-31,fund__debt_to_assets_zscore,0.0,0.0,0
15,2021-03-31,fund__net_debt_to_assets_zscore,3.822269916534424,0.005360166473621578,1
15,2021-03-31,fund__current_ratio_zscore,0.0,0.0,0
15,2021-03-31,fund__interest_coverage_zscore,0.0,0.0,0
15,2021-03-31,fund__capex_to_assets_zscore,0.0,0.0,0
15,2021-03-31,fund__accruals_zscore,0.0,0.0,0
15,2021-03-31,fund__revenue_growth_yoy_zscore,0.0,0.0,0
15,2021-03-31,fund__net_income_growth_yoy_zscore,0.0,0.0,0
15,2021-03-31,fund__operating_cash_flow_growth_yoy_zscore,0.0,0.0,0
15,2021-03-31,fund__asset_growth_yoy_zscore,0.0,0.0,0
15,2021-03-31,fund__revenue_growth_acceleration_zscore,0.0,0.0,0
15,2021-03-31,fund__net_income_growth_acceleration_zscore,0.0,0.0,0
15,2021-03-31,fund__operating_cash_flow_growth_acceleration_zscore,0.0,0.0,0
15,2021-03-31,fund__earnings_yield_sector_zscore,0.0,0.0,0
15,2021-03-31,fund__sales_yield_sector_zscore,0.0,0.0,0
15,2021-03-31,fund__book_to_market_sector_zscore,8.587709903717041,0.012042989039567348,2
15,2021-03-31,fund__fcf_yield_sector_zscore,3.008009910583496,0.004218287621521479,1
15,2021-03-31,fund__roe_sector_zscore,0.0,0.0,0
15,2021-03-31,fund__roa_sector_zscore,0.0,0.0,0
15,2021-03-31,fund__gross_profitability_sector_zscore,0.0,0.0,0
15,2021-03-31,fund__gross_margin_sector_zscore,48.007290840148926,0.06732310288648581,4
15,2021-03-31,fund__operating_margin_sector_zscore,0.0,0.0,0
15,2021-03-31,fund__net_margin_sector_zscore,0.0,0.0,0
15,2021-03-31,fund__cash_conversion_sector_zscore,4.123439788818359,0.005782512536964199,1
15,2021-03-31,fund__debt_to_assets_sector_zscore,0.0,0.0,0
15,2021-03-31,fund__net_debt_to_assets_sector_zscore,0.0,0.0,0
15,2021-03-31,fund__current_ratio_sector_zscore,0.0,0.0,0
15,2021-03-31,fund__interest_coverage_sector_zscore,0.0,0.0,0
15,2021-03-31,fund__capex_to_assets_sector_zscore,0.0,0.0,0
15,2021-03-31,fund__accruals_sector_zscore,8.759770393371582,0.012284278348857518,1
15,2021-03-31,fund__revenue_growth_yoy_sector_zscore,0.0,0.0,0
15,2021-03-31,fund__net_income_growth_yoy_sector_zscore,9.320730209350586,0.013070941264956814,2
15,2021-03-31,fund__operating_cash_flow_growth_yoy_sector_zscore,0.0,0.0,0
15,2021-03-31,fund__asset_growth_yoy_sector_zscore,0.0,0.0,0
15,2021-03-31,fund__revenue_growth_acceleration_sector_zscore,0.0,0.0,0
15,2021-03-31,fund__net_income_growth_acceleration_sector_zscore,0.0,0.0,0
15,2021-03-31,fund__operating_cash_flow_growth_acceleration_sector_zscore,0.0,0.0,0
15,2021-03-31,fund__earnings_yield_missing,0.0,0.0,0
15,2021-03-31,fund__sales_yield_missing,0.0,0.0,0
15,2021-03-31,fund__book_to_market_missing,0.0,0.0,0
15,2021-03-31,fund__fcf_yield_missing,0.0,0.0,0
15,2021-03-31,fund__roe_missing,0.0,0.0,0
15,2021-03-31,fund__roa_missing,0.0,0.0,0
15,2021-03-31,fund__gross_profitability_missing,0.0,0.0,0
15,2021-03-31,fund__gross_margin_missing,0.0,0.0,0
15,2021-03-31,fund__operating_margin_missing,0.0,0.0,0
15,2021-03-31,fund__net_margin_missing,0.0,0.0,0
15,2021-03-31,fund__cash_conversion_missing,11.838500022888184,0.01660173988397662,1
15,2021-03-31,fund__debt_to_assets_missing,0.0,0.0,0
15,2021-03-31,fund__net_debt_to_assets_missing,0.0,0.0,0
15,2021-03-31,fund__current_ratio_missing,0.0,0.0,0
15,2021-03-31,fund__interest_coverage_missing,0.0,0.0,0
15,2021-03-31,fund__capex_to_assets_missing,0.0,0.0,0
15,2021-03-31,fund__accruals_missing,0.0,0.0,0
15,2021-03-31,fund__revenue_growth_yoy_missing,0.0,0.0,0
15,2021-03-31,fund__net_income_growth_yoy_missing,0.0,0.0,0
15,2021-03-31,fund__operating_cash_flow_growth_yoy_missing,0.0,0.0,0
15,2021-03-31,fund__asset_growth_yoy_missing,0.0,0.0,0
15,2021-03-31,fund__revenue_growth_acceleration_missing,0.0,0.0,0
15,2021-03-31,fund__net_income_growth_acceleration_missing,0.0,0.0,0
15,2021-03-31,fund__operating_cash_flow_growth_acceleration_missing,0.0,0.0,0
16,2021-04-30,tech__momentum_12_1_sector_neutral,15.932110071182251,0.016426683346942614,3
16,2021-04-30,tech__momentum_6_1_sector_neutral,109.45913076400757,0.1128570209757854,11
16,2021-04-30,tech__return_3m_sector_neutral,11.606410026550293,0.011966702555349207,2
16,2021-04-30,tech__return_1m_sector_neutral,22.316610097885132,0.023009374515822575,4
16,2021-04-30,tech__return_1w_sector_neutral,4.056640148162842,0.00418256859064121,1
16,2021-04-30,tech__reversal_1m_sector_neutral,1.1549400091171265,0.001190792288637147,1
16,2021-04-30,tech__volatility_20d_sector_neutral,9.710220336914062,0.010011650308143612,1
16,2021-04-30,tech__volatility_60d_sector_neutral,133.75710105895996,0.13790926215572488,8
16,2021-04-30,tech__downside_volatility_60d_sector_neutral,6.540939807891846,0.006743987239329807,2
16,2021-04-30,tech__beta_60d_market_sector_neutral,17.649019718170166,0.01819689024234907,4
16,2021-04-30,tech__max_drawdown_126d_sector_neutral,9.588320016860962,0.009885965891675438,2
16,2021-04-30,tech__distance_sma_50d_sector_neutral,22.57811999320984,0.023279002344364957,6
16,2021-04-30,tech__distance_sma_200d_sector_neutral,13.68170976638794,0.014106424884908516,2
16,2021-04-30,tech__sma_50_200_spread_sector_neutral,24.5459201335907,0.02530788801309841,5
16,2021-04-30,tech__positive_day_ratio_60d_sector_neutral,21.319580078125,0.021981394144809464,5
16,2021-04-30,tech__average_dollar_volume_20d_sector_neutral,143.7478790283203,0.14821017931980737,12
16,2021-04-30,tech__dollar_volume_change_20d_60d_sector_neutral,31.12457013130188,0.03209075606258756,5
16,2021-04-30,tech__amihud_illiquidity_20d_sector_neutral,173.29724633693695,0.1786768342520454,18
16,2021-04-30,tech__zero_volume_ratio_60d_sector_neutral,0.0,0.0,0
16,2021-04-30,fund__earnings_yield_zscore,0.0,0.0,0
16,2021-04-30,fund__sales_yield_zscore,9.362199783325195,0.009652826310161544,2
16,2021-04-30,fund__book_to_market_zscore,25.818009853363037,0.026619466637790308,5
16,2021-04-30,fund__fcf_yield_zscore,0.0,0.0,0
16,2021-04-30,fund__roe_zscore,28.08697009086609,0.028958861180116653,5
16,2021-04-30,fund__roa_zscore,10.033103823661804,0.010344556920705593,3
16,2021-04-30,fund__gross_profitability_zscore,0.0,0.0,0
16,2021-04-30,fund__gross_margin_zscore,0.0,0.0,0
16,2021-04-30,fund__operating_margin_zscore,0.0,0.0,0
16,2021-04-30,fund__net_margin_zscore,3.914370059967041,0.004035882076545302,1
16,2021-04-30,fund__cash_conversion_zscore,0.0,0.0,0
16,2021-04-30,fund__debt_to_assets_zscore,6.636750221252441,0.006842771851950638,1
16,2021-04-30,fund__net_debt_to_assets_zscore,0.0,0.0,0
16,2021-04-30,fund__current_ratio_zscore,0.0,0.0,0
16,2021-04-30,fund__interest_coverage_zscore,7.778710126876831,0.008020181101622255,2
16,2021-04-30,fund__capex_to_assets_zscore,6.403820037841797,0.006602610922372777,1
16,2021-04-30,fund__accruals_zscore,0.0,0.0,0
16,2021-04-30,fund__revenue_growth_yoy_zscore,3.135050058364868,0.003232369997162101,1
16,2021-04-30,fund__net_income_growth_yoy_zscore,3.523819923400879,0.0036332082690072984,1
16,2021-04-30,fund__operating_cash_flow_growth_yoy_zscore,0.0,0.0,0
16,2021-04-30,fund__asset_growth_yoy_zscore,0.9819989800453186,0.0010124827295414271,1
16,2021-04-30,fund__revenue_growth_acceleration_zscore,0.0,0.0,0
16,2021-04-30,fund__net_income_growth_acceleration_zscore,0.0,0.0,0
16,2021-04-30,fund__operating_cash_flow_growth_acceleration_zscore,0.0,0.0,0
16,2021-04-30,fund__earnings_yield_sector_zscore,0.0,0.0,0
16,2021-04-30,fund__sales_yield_sector_zscore,0.0,0.0,0
16,2021-04-30,fund__book_to_market_sector_zscore,11.074899673461914,0.011418692767141875,1
16,2021-04-30,fund__fcf_yield_sector_zscore,3.0645101070404053,0.003159640306082976,1
16,2021-04-30,fund__roe_sector_zscore,0.0,0.0,0
16,2021-04-30,fund__roa_sector_zscore,0.0,0.0,0
16,2021-04-30,fund__gross_profitability_sector_zscore,0.0,0.0,0
16,2021-04-30,fund__gross_margin_sector_zscore,46.39741849899292,0.04783771254362028,5
16,2021-04-30,fund__operating_margin_sector_zscore,7.174630165100098,0.007397348959237788,1
16,2021-04-30,fund__net_margin_sector_zscore,2.106990098953247,0.002172396438137334,1
16,2021-04-30,fund__cash_conversion_sector_zscore,0.0,0.0,0
16,2021-04-30,fund__debt_to_assets_sector_zscore,0.0,0.0,0
16,2021-04-30,fund__net_debt_to_assets_sector_zscore,0.0,0.0,0
16,2021-04-30,fund__current_ratio_sector_zscore,0.0,0.0,0
16,2021-04-30,fund__interest_coverage_sector_zscore,0.0,0.0,0
16,2021-04-30,fund__capex_to_assets_sector_zscore,2.062700033187866,0.0021267314959236136,1
16,2021-04-30,fund__accruals_sector_zscore,4.336490154266357,0.004471105853713312,1
16,2021-04-30,fund__revenue_growth_yoy_sector_zscore,5.673870086669922,0.005850001465530955,1
16,2021-04-30,fund__net_income_growth_yoy_sector_zscore,10.259300231933594,0.010577775041613334,2
16,2021-04-30,fund__operating_cash_flow_growth_yoy_sector_zscore,0.0,0.0,0
16,2021-04-30,fund__asset_growth_yoy_sector_zscore,0.0,0.0,0
16,2021-04-30,fund__revenue_growth_acceleration_sector_zscore,0.0,0.0,0
16,2021-04-30,fund__net_income_growth_acceleration_sector_zscore,0.0,0.0,0
16,2021-04-30,fund__operating_cash_flow_growth_acceleration_sector_zscore,0.0,0.0,0
16,2021-04-30,fund__earnings_yield_missing,0.0,0.0,0
16,2021-04-30,fund__sales_yield_missing,0.0,0.0,0
16,2021-04-30,fund__book_to_market_missing,0.0,0.0,0
16,2021-04-30,fund__fcf_yield_missing,0.0,0.0,0
16,2021-04-30,fund__roe_missing,0.0,0.0,0
16,2021-04-30,fund__roa_missing,0.0,0.0,0
16,2021-04-30,fund__gross_profitability_missing,0.0,0.0,0
16,2021-04-30,fund__gross_margin_missing,0.0,0.0,0
16,2021-04-30,fund__operating_margin_missing,0.0,0.0,0
16,2021-04-30,fund__net_margin_missing,0.0,0.0,0
16,2021-04-30,fund__cash_conversion_missing,0.0,0.0,0
16,2021-04-30,fund__debt_to_assets_missing,0.0,0.0,0
16,2021-04-30,fund__net_debt_to_assets_missing,0.0,0.0,0
16,2021-04-30,fund__current_ratio_missing,0.0,0.0,0
16,2021-04-30,fund__interest_coverage_missing,0.0,0.0,0
16,2021-04-30,fund__capex_to_assets_missing,0.0,0.0,0
16,2021-04-30,fund__accruals_missing,0.0,0.0,0
16,2021-04-30,fund__revenue_growth_yoy_missing,0.0,0.0,0
16,2021-04-30,fund__net_income_growth_yoy_missing,0.0,0.0,0
16,2021-04-30,fund__operating_cash_flow_growth_yoy_missing,0.0,0.0,0
16,2021-04-30,fund__asset_growth_yoy_missing,0.0,0.0,0
16,2021-04-30,fund__revenue_growth_acceleration_missing,0.0,0.0,0
16,2021-04-30,fund__net_income_growth_acceleration_missing,0.0,0.0,0
16,2021-04-30,fund__operating_cash_flow_growth_acceleration_missing,0.0,0.0,0
17,2021-05-28,tech__momentum_12_1_sector_neutral,15.932110071182251,0.016426683346942614,3
17,2021-05-28,tech__momentum_6_1_sector_neutral,109.45913076400757,0.1128570209757854,11
17,2021-05-28,tech__return_3m_sector_neutral,11.606410026550293,0.011966702555349207,2
17,2021-05-28,tech__return_1m_sector_neutral,22.316610097885132,0.023009374515822575,4
17,2021-05-28,tech__return_1w_sector_neutral,4.056640148162842,0.00418256859064121,1
17,2021-05-28,tech__reversal_1m_sector_neutral,1.1549400091171265,0.001190792288637147,1
17,2021-05-28,tech__volatility_20d_sector_neutral,9.710220336914062,0.010011650308143612,1
17,2021-05-28,tech__volatility_60d_sector_neutral,133.75710105895996,0.13790926215572488,8
17,2021-05-28,tech__downside_volatility_60d_sector_neutral,6.540939807891846,0.006743987239329807,2
17,2021-05-28,tech__beta_60d_market_sector_neutral,17.649019718170166,0.01819689024234907,4
17,2021-05-28,tech__max_drawdown_126d_sector_neutral,9.588320016860962,0.009885965891675438,2
17,2021-05-28,tech__distance_sma_50d_sector_neutral,22.57811999320984,0.023279002344364957,6
17,2021-05-28,tech__distance_sma_200d_sector_neutral,13.68170976638794,0.014106424884908516,2
17,2021-05-28,tech__sma_50_200_spread_sector_neutral,24.5459201335907,0.02530788801309841,5
17,2021-05-28,tech__positive_day_ratio_60d_sector_neutral,21.319580078125,0.021981394144809464,5
17,2021-05-28,tech__average_dollar_volume_20d_sector_neutral,143.7478790283203,0.14821017931980737,12
17,2021-05-28,tech__dollar_volume_change_20d_60d_sector_neutral,31.12457013130188,0.03209075606258756,5
17,2021-05-28,tech__amihud_illiquidity_20d_sector_neutral,173.29724633693695,0.1786768342520454,18
17,2021-05-28,tech__zero_volume_ratio_60d_sector_neutral,0.0,0.0,0
17,2021-05-28,fund__earnings_yield_zscore,0.0,0.0,0
17,2021-05-28,fund__sales_yield_zscore,9.362199783325195,0.009652826310161544,2
17,2021-05-28,fund__book_to_market_zscore,25.818009853363037,0.026619466637790308,5
17,2021-05-28,fund__fcf_yield_zscore,0.0,0.0,0
17,2021-05-28,fund__roe_zscore,28.08697009086609,0.028958861180116653,5
17,2021-05-28,fund__roa_zscore,10.033103823661804,0.010344556920705593,3
17,2021-05-28,fund__gross_profitability_zscore,0.0,0.0,0
17,2021-05-28,fund__gross_margin_zscore,0.0,0.0,0
17,2021-05-28,fund__operating_margin_zscore,0.0,0.0,0
17,2021-05-28,fund__net_margin_zscore,3.914370059967041,0.004035882076545302,1
17,2021-05-28,fund__cash_conversion_zscore,0.0,0.0,0
17,2021-05-28,fund__debt_to_assets_zscore,6.636750221252441,0.006842771851950638,1
17,2021-05-28,fund__net_debt_to_assets_zscore,0.0,0.0,0
17,2021-05-28,fund__current_ratio_zscore,0.0,0.0,0
17,2021-05-28,fund__interest_coverage_zscore,7.778710126876831,0.008020181101622255,2
17,2021-05-28,fund__capex_to_assets_zscore,6.403820037841797,0.006602610922372777,1
17,2021-05-28,fund__accruals_zscore,0.0,0.0,0
17,2021-05-28,fund__revenue_growth_yoy_zscore,3.135050058364868,0.003232369997162101,1
17,2021-05-28,fund__net_income_growth_yoy_zscore,3.523819923400879,0.0036332082690072984,1
17,2021-05-28,fund__operating_cash_flow_growth_yoy_zscore,0.0,0.0,0
17,2021-05-28,fund__asset_growth_yoy_zscore,0.9819989800453186,0.0010124827295414271,1
17,2021-05-28,fund__revenue_growth_acceleration_zscore,0.0,0.0,0
17,2021-05-28,fund__net_income_growth_acceleration_zscore,0.0,0.0,0
17,2021-05-28,fund__operating_cash_flow_growth_acceleration_zscore,0.0,0.0,0
17,2021-05-28,fund__earnings_yield_sector_zscore,0.0,0.0,0
17,2021-05-28,fund__sales_yield_sector_zscore,0.0,0.0,0
17,2021-05-28,fund__book_to_market_sector_zscore,11.074899673461914,0.011418692767141875,1
17,2021-05-28,fund__fcf_yield_sector_zscore,3.0645101070404053,0.003159640306082976,1
17,2021-05-28,fund__roe_sector_zscore,0.0,0.0,0
17,2021-05-28,fund__roa_sector_zscore,0.0,0.0,0
17,2021-05-28,fund__gross_profitability_sector_zscore,0.0,0.0,0
17,2021-05-28,fund__gross_margin_sector_zscore,46.39741849899292,0.04783771254362028,5
17,2021-05-28,fund__operating_margin_sector_zscore,7.174630165100098,0.007397348959237788,1
17,2021-05-28,fund__net_margin_sector_zscore,2.106990098953247,0.002172396438137334,1
17,2021-05-28,fund__cash_conversion_sector_zscore,0.0,0.0,0
17,2021-05-28,fund__debt_to_assets_sector_zscore,0.0,0.0,0
17,2021-05-28,fund__net_debt_to_assets_sector_zscore,0.0,0.0,0
17,2021-05-28,fund__current_ratio_sector_zscore,0.0,0.0,0
17,2021-05-28,fund__interest_coverage_sector_zscore,0.0,0.0,0
17,2021-05-28,fund__capex_to_assets_sector_zscore,2.062700033187866,0.0021267314959236136,1
17,2021-05-28,fund__accruals_sector_zscore,4.336490154266357,0.004471105853713312,1
17,2021-05-28,fund__revenue_growth_yoy_sector_zscore,5.673870086669922,0.005850001465530955,1
17,2021-05-28,fund__net_income_growth_yoy_sector_zscore,10.259300231933594,0.010577775041613334,2
17,2021-05-28,fund__operating_cash_flow_growth_yoy_sector_zscore,0.0,0.0,0
17,2021-05-28,fund__asset_growth_yoy_sector_zscore,0.0,0.0,0
17,2021-05-28,fund__revenue_growth_acceleration_sector_zscore,0.0,0.0,0
17,2021-05-28,fund__net_income_growth_acceleration_sector_zscore,0.0,0.0,0
17,2021-05-28,fund__operating_cash_flow_growth_acceleration_sector_zscore,0.0,0.0,0
17,2021-05-28,fund__earnings_yield_missing,0.0,0.0,0
17,2021-05-28,fund__sales_yield_missing,0.0,0.0,0
17,2021-05-28,fund__book_to_market_missing,0.0,0.0,0
17,2021-05-28,fund__fcf_yield_missing,0.0,0.0,0
17,2021-05-28,fund__roe_missing,0.0,0.0,0
17,2021-05-28,fund__roa_missing,0.0,0.0,0
17,2021-05-28,fund__gross_profitability_missing,0.0,0.0,0
17,2021-05-28,fund__gross_margin_missing,0.0,0.0,0
17,2021-05-28,fund__operating_margin_missing,0.0,0.0,0
17,2021-05-28,fund__net_margin_missing,0.0,0.0,0
17,2021-05-28,fund__cash_conversion_missing,0.0,0.0,0
17,2021-05-28,fund__debt_to_assets_missing,0.0,0.0,0
17,2021-05-28,fund__net_debt_to_assets_missing,0.0,0.0,0
17,2021-05-28,fund__current_ratio_missing,0.0,0.0,0
17,2021-05-28,fund__interest_coverage_missing,0.0,0.0,0
17,2021-05-28,fund__capex_to_assets_missing,0.0,0.0,0
17,2021-05-28,fund__accruals_missing,0.0,0.0,0
17,2021-05-28,fund__revenue_growth_yoy_missing,0.0,0.0,0
17,2021-05-28,fund__net_income_growth_yoy_missing,0.0,0.0,0
17,2021-05-28,fund__operating_cash_flow_growth_yoy_missing,0.0,0.0,0
17,2021-05-28,fund__asset_growth_yoy_missing,0.0,0.0,0
17,2021-05-28,fund__revenue_growth_acceleration_missing,0.0,0.0,0
17,2021-05-28,fund__net_income_growth_acceleration_missing,0.0,0.0,0
17,2021-05-28,fund__operating_cash_flow_growth_acceleration_missing,0.0,0.0,0
18,2021-06-30,tech__momentum_12_1_sector_neutral,0.0,0.0,0
18,2021-06-30,tech__momentum_6_1_sector_neutral,54.68875980377197,0.043294945412889814,10
18,2021-06-30,tech__return_3m_sector_neutral,14.699810028076172,0.011637262849422172,3
18,2021-06-30,tech__return_1m_sector_neutral,36.08936023712158,0.028570530526905967,7
18,2021-06-30,tech__return_1w_sector_neutral,16.30819010734558,0.012910554253085446,5
18,2021-06-30,tech__reversal_1m_sector_neutral,9.571469783782959,0.007577357089407354,2
18,2021-06-30,tech__volatility_20d_sector_neutral,9.946170330047607,0.00787399281043881,2
18,2021-06-30,tech__volatility_60d_sector_neutral,121.35733008384705,0.09607383674975604,10
18,2021-06-30,tech__downside_volatility_60d_sector_neutral,0.0,0.0,0
18,2021-06-30,tech__beta_60d_market_sector_neutral,28.570449829101562,0.02261810416273774,7
18,2021-06-30,tech__max_drawdown_126d_sector_neutral,78.42315018177032,0.06208453105188948,9
18,2021-06-30,tech__distance_sma_50d_sector_neutral,4.366960048675537,0.0034571509320391967,1
18,2021-06-30,tech__distance_sma_200d_sector_neutral,3.708699941635132,0.0029360322322541685,1
18,2021-06-30,tech__sma_50_200_spread_sector_neutral,86.53657854348421,0.06850761395397363,18
18,2021-06-30,tech__positive_day_ratio_60d_sector_neutral,4.73321008682251,0.00374709671735116,2
18,2021-06-30,tech__average_dollar_volume_20d_sector_neutral,156.2694606781006,0.12371240075722939,17
18,2021-06-30,tech__dollar_volume_change_20d_60d_sector_neutral,27.928800106048584,0.022110135252244024,5
18,2021-06-30,tech__amihud_illiquidity_20d_sector_neutral,237.98251068592072,0.18840141642156527,29
18,2021-06-30,tech__zero_volume_ratio_60d_sector_neutral,0.0,0.0,0
18,2021-06-30,fund__earnings_yield_zscore,0.0,0.0,0
18,2021-06-30,fund__sales_yield_zscore,19.654379844665527,0.015559601379739194,4
18,2021-06-30,fund__book_to_market_zscore,75.80312061309814,0.06001035643972364,12
18,2021-06-30,fund__fcf_yield_zscore,0.0,0.0,0
18,2021-06-30,fund__roe_zscore,2.9061899185180664,0.002300716533583783,1
18,2021-06-30,fund__roa_zscore,6.986160039901733,0.005530668800289674,2
18,2021-06-30,fund__gross_profitability_zscore,0.0,0.0,0
18,2021-06-30,fund__gross_margin_zscore,0.0,0.0,0
18,2021-06-30,fund__operating_margin_zscore,3.050489902496338,0.0024149531692624227,1
18,2021-06-30,fund__net_margin_zscore,0.0,0.0,0
18,2021-06-30,fund__cash_conversion_zscore,43.94194054603577,0.03478711026001091,7
18,2021-06-30,fund__debt_to_assets_zscore,0.0,0.0,0
18,2021-06-30,fund__net_debt_to_assets_zscore,2.7936999797821045,0.0022116626626503834,1
18,2021-06-30,fund__current_ratio_zscore,5.398600101470947,0.004273859885246203,2
18,2021-06-30,fund__interest_coverage_zscore,0.0,0.0,0
18,2021-06-30,fund__capex_to_assets_zscore,0.0,0.0,0
18,2021-06-30,fund__accruals_zscore,9.66582989692688,0.007652058288746644,2
18,2021-06-30,fund__revenue_growth_yoy_zscore,9.709410190582275,0.007686559097352619,2
18,2021-06-30,fund__net_income_growth_yoy_zscore,6.793459892272949,0.0053781156540384295,2
18,2021-06-30,fund__operating_cash_flow_growth_yoy_zscore,4.387330055236816,0.0034732770670127303,1
18,2021-06-30,fund__asset_growth_yoy_zscore,3.6631898880004883,0.0029000037083871185,1
18,2021-06-30,fund__revenue_growth_acceleration_zscore,0.0,0.0,0
18,2021-06-30,fund__net_income_growth_acceleration_zscore,4.736519813537598,0.003749716898133746,1
18,2021-06-30,fund__operating_cash_flow_growth_acceleration_zscore,5.579040050506592,0.004416707113302453,2
18,2021-06-30,fund__earnings_yield_sector_zscore,0.0,0.0,0
18,2021-06-30,fund__sales_yield_sector_zscore,8.26864105463028,0.006545958701266918,3
18,2021-06-30,fund__book_to_market_sector_zscore,3.2990899085998535,0.002611760040226672,1
18,2021-06-30,fund__fcf_yield_sector_zscore,3.300410032272339,0.002612805130342879,1
18,2021-06-30,fund__roe_sector_zscore,3.7312099933624268,0.0029538525570205632,1
18,2021-06-30,fund__roa_sector_zscore,2.175309896469116,0.0017221074963424867,1
18,2021-06-30,fund__gross_profitability_sector_zscore,0.0,0.0,0
18,2021-06-30,fund__gross_margin_sector_zscore,92.49437999725342,0.07322417160946434,8
18,2021-06-30,fund__operating_margin_sector_zscore,0.0,0.0,0
18,2021-06-30,fund__net_margin_sector_zscore,0.0,0.0,0
18,2021-06-30,fund__cash_conversion_sector_zscore,8.672450065612793,0.00686563845173943,2
18,2021-06-30,fund__debt_to_assets_sector_zscore,0.0,0.0,0
18,2021-06-30,fund__net_debt_to_assets_sector_zscore,0.0,0.0,0
18,2021-06-30,fund__current_ratio_sector_zscore,2.1055400371551514,0.0016668734361571474,1
18,2021-06-30,fund__interest_coverage_sector_zscore,2.839329957962036,0.0022477861260746766,1
18,2021-06-30,fund__capex_to_assets_sector_zscore,15.768819808959961,0.012483555950148452,4
18,2021-06-30,fund__accruals_sector_zscore,8.44665002822876,0.006686881421449342,3
18,2021-06-30,fund__revenue_growth_yoy_sector_zscore,6.332409858703613,0.005013120431846196,2
18,2021-06-30,fund__net_income_growth_yoy_sector_zscore,6.200739860534668,0.004908882460392935,1
18,2021-06-30,fund__operating_cash_flow_growth_yoy_sector_zscore,0.0,0.0,0
18,2021-06-30,fund__asset_growth_yoy_sector_zscore,3.282059907913208,0.0025982780568583287,1
18,2021-06-30,fund__revenue_growth_acceleration_sector_zscore,0.0,0.0,0
18,2021-06-30,fund__net_income_growth_acceleration_sector_zscore,0.0,0.0,0
18,2021-06-30,fund__operating_cash_flow_growth_acceleration_sector_zscore,0.0,0.0,0
18,2021-06-30,fund__earnings_yield_missing,0.0,0.0,0
18,2021-06-30,fund__sales_yield_missing,0.0,0.0,0
18,2021-06-30,fund__book_to_market_missing,0.0,0.0,0
18,2021-06-30,fund__fcf_yield_missing,0.0,0.0,0
18,2021-06-30,fund__roe_missing,0.0,0.0,0
18,2021-06-30,fund__roa_missing,0.0,0.0,0
18,2021-06-30,fund__gross_profitability_missing,0.0,0.0,0
18,2021-06-30,fund__gross_margin_missing,0.0,0.0,0
18,2021-06-30,fund__operating_margin_missing,0.0,0.0,0
18,2021-06-30,fund__net_margin_missing,0.0,0.0,0
18,2021-06-30,fund__cash_conversion_missing,0.0,0.0,0
18,2021-06-30,fund__debt_to_assets_missing,0.0,0.0,0
18,2021-06-30,fund__net_debt_to_assets_missing,0.0,0.0,0
18,2021-06-30,fund__current_ratio_missing,0.0,0.0,0
18,2021-06-30,fund__interest_coverage_missing,0.0,0.0,0
18,2021-06-30,fund__capex_to_assets_missing,0.0,0.0,0
18,2021-06-30,fund__accruals_missing,0.0,0.0,0
18,2021-06-30,fund__revenue_growth_yoy_missing,0.0,0.0,0
18,2021-06-30,fund__net_income_growth_yoy_missing,0.0,0.0,0
18,2021-06-30,fund__operating_cash_flow_growth_yoy_missing,0.0,0.0,0
18,2021-06-30,fund__asset_growth_yoy_missing,0.0,0.0,0
18,2021-06-30,fund__revenue_growth_acceleration_missing,0.0,0.0,0
18,2021-06-30,fund__net_income_growth_acceleration_missing,0.0,0.0,0
18,2021-06-30,fund__operating_cash_flow_growth_acceleration_missing,0.0,0.0,0
19,2021-07-30,tech__momentum_12_1_sector_neutral,4.9458699226379395,0.0023453184222158225,2
19,2021-07-30,tech__momentum_6_1_sector_neutral,150.7649267911911,0.0714923291065463,29
19,2021-07-30,tech__return_3m_sector_neutral,36.42667019367218,0.01727343055953908,10
19,2021-07-30,tech__return_1m_sector_neutral,40.59036499261856,0.019247843609052677,14
19,2021-07-30,tech__return_1w_sector_neutral,19.05284258723259,0.009034807508965277,8
19,2021-07-30,tech__reversal_1m_sector_neutral,18.2391819357872,0.008648971782365903,10
19,2021-07-30,tech__volatility_20d_sector_neutral,38.833416014909744,0.018414703055668294,17
19,2021-07-30,tech__volatility_60d_sector_neutral,202.28848099708557,0.09592466209290774,24
19,2021-07-30,tech__downside_volatility_60d_sector_neutral,39.57914984226227,0.018768328062131575,7
19,2021-07-30,tech__beta_60d_market_sector_neutral,44.8598198890686,0.021272407816783225,16
19,2021-07-30,tech__max_drawdown_126d_sector_neutral,59.01984280347824,0.027987053191534664,19
19,2021-07-30,tech__distance_sma_50d_sector_neutral,37.560588002204895,0.017811131382089614,14
19,2021-07-30,tech__distance_sma_200d_sector_neutral,43.89210033416748,0.020813517766064386,11
19,2021-07-30,tech__sma_50_200_spread_sector_neutral,116.39814156293869,0.05519569054368547,33
19,2021-07-30,tech__positive_day_ratio_60d_sector_neutral,22.068677082657814,0.010464908241720135,9
19,2021-07-30,tech__average_dollar_volume_20d_sector_neutral,307.4201644510031,0.14577782803131267,38
19,2021-07-30,tech__dollar_volume_change_20d_60d_sector_neutral,15.597167044878006,0.007396135316316477,7
19,2021-07-30,tech__amihud_illiquidity_20d_sector_neutral,259.6515931338072,0.12312609798876517,44
19,2021-07-30,tech__zero_volume_ratio_60d_sector_neutral,0.0,0.0,0
19,2021-07-30,fund__earnings_yield_zscore,3.344300091266632,0.001585858248629857,3
19,2021-07-30,fund__sales_yield_zscore,34.025623083114624,0.016134860376925943,13
19,2021-07-30,fund__book_to_market_zscore,80.59640538692474,0.03821860204069233,19
19,2021-07-30,fund__fcf_yield_zscore,10.11231680214405,0.004795233853360522,6
19,2021-07-30,fund__roe_zscore,24.22005069255829,0.01148508391137814,10
19,2021-07-30,fund__roa_zscore,17.60580015182495,0.008348623817405618,5
19,2021-07-30,fund__gross_profitability_zscore,7.3687450885772705,0.003494239410897212,4
19,2021-07-30,fund__gross_margin_zscore,0.0,0.0,0
19,2021-07-30,fund__operating_margin_zscore,1.2653599977493286,0.0006000303606597135,1
19,2021-07-30,fund__net_margin_zscore,4.854027986526489,0.0023017672192801684,4
19,2021-07-30,fund__cash_conversion_zscore,55.21278090402484,0.02618175451870953,15
19,2021-07-30,fund__debt_to_assets_zscore,7.575549840927124,0.0035923056769079447,4
19,2021-07-30,fund__net_debt_to_assets_zscore,2.4225099086761475,0.001148747784654274,1
19,2021-07-30,fund__current_ratio_zscore,1.144260048866272,0.0005426050855337266,1
19,2021-07-30,fund__interest_coverage_zscore,1.6187200546264648,0.0007675927640451949,1
19,2021-07-30,fund__capex_to_assets_zscore,10.46011996269226,0.004960161191219731,4
19,2021-07-30,fund__accruals_zscore,20.780980229377747,0.009854285803308674,9
19,2021-07-30,fund__revenue_growth_yoy_zscore,9.243254035711288,0.004383126590521412,5
19,2021-07-30,fund__net_income_growth_yoy_zscore,18.563094347715378,0.008802570190484636,9
19,2021-07-30,fund__operating_cash_flow_growth_yoy_zscore,10.38060986995697,0.0049224577157622315,5
19,2021-07-30,fund__asset_growth_yoy_zscore,11.515670835971832,0.005460700620564081,5
19,2021-07-30,fund__revenue_growth_acceleration_zscore,5.838925004005432,0.0027688027772729213,4
19,2021-07-30,fund__net_income_growth_acceleration_zscore,5.2423441261053085,0.0024859057045301383,3
19,2021-07-30,fund__operating_cash_flow_growth_acceleration_zscore,8.697435975074768,0.004124301111321147,5
19,2021-07-30,fund__earnings_yield_sector_zscore,37.17976826429367,0.017630547670662317,10
19,2021-07-30,fund__sales_yield_sector_zscore,29.281450897455215,0.013885186487553531,9
19,2021-07-30,fund__book_to_market_sector_zscore,4.9853909611701965,0.00236405919404861,4
19,2021-07-30,fund__fcf_yield_sector_zscore,0.0,0.0,0
19,2021-07-30,fund__roe_sector_zscore,5.239522933959961,0.002484567902684439,3
19,2021-07-30,fund__roa_sector_zscore,7.351706074550748,0.003486159555559755,3
19,2021-07-30,fund__gross_profitability_sector_zscore,0.0,0.0,0
19,2021-07-30,fund__gross_margin_sector_zscore,35.566539883613586,0.01686555904386228,8
19,2021-07-30,fund__operating_margin_sector_zscore,11.380159735679626,0.005396441615596046,4
19,2021-07-30,fund__net_margin_sector_zscore,11.817639946937561,0.005603893573465342,4
19,2021-07-30,fund__cash_conversion_sector_zscore,40.79705899953842,0.019345857359873726,15
19,2021-07-30,fund__debt_to_assets_sector_zscore,8.496949911117554,0.004029231150616316,3
19,2021-07-30,fund__net_debt_to_assets_sector_zscore,1.7986700534820557,0.0008529245770518406,1
19,2021-07-30,fund__current_ratio_sector_zscore,1.5546090006828308,0.000737191472010915,2
19,2021-07-30,fund__interest_coverage_sector_zscore,0.0,0.0,0
19,2021-07-30,fund__capex_to_assets_sector_zscore,18.815880060195923,0.008922440506046306,6
19,2021-07-30,fund__accruals_sector_zscore,10.063963890075684,0.004772305030480919,6
19,2021-07-30,fund__revenue_growth_yoy_sector_zscore,21.20173990726471,0.010053808928524139,7
19,2021-07-30,fund__net_income_growth_yoy_sector_zscore,7.938540831208229,0.003764435043413923,5
19,2021-07-30,fund__operating_cash_flow_growth_yoy_sector_zscore,0.0,0.0,0
19,2021-07-30,fund__asset_growth_yoy_sector_zscore,5.222035050392151,0.002476275194598967,4
19,2021-07-30,fund__revenue_growth_acceleration_sector_zscore,9.441791951656342,0.004477272744596956,5
19,2021-07-30,fund__net_income_growth_acceleration_sector_zscore,19.225130081176758,0.009116505782430815,6
19,2021-07-30,fund__operating_cash_flow_growth_acceleration_sector_zscore,1.531350016593933,0.0007261621233383924,1
19,2021-07-30,fund__earnings_yield_missing,0.0,0.0,0
19,2021-07-30,fund__sales_yield_missing,0.0,0.0,0
19,2021-07-30,fund__book_to_market_missing,0.0,0.0,0
19,2021-07-30,fund__fcf_yield_missing,5.506810188293457,0.002611314810997281,1
19,2021-07-30,fund__roe_missing,0.0,0.0,0
19,2021-07-30,fund__roa_missing,0.0,0.0,0
19,2021-07-30,fund__gross_profitability_missing,0.0,0.0,0
19,2021-07-30,fund__gross_margin_missing,0.0,0.0,0
19,2021-07-30,fund__operating_margin_missing,0.0,0.0,0
19,2021-07-30,fund__net_margin_missing,0.0,0.0,0
19,2021-07-30,fund__cash_conversion_missing,0.0,0.0,0
19,2021-07-30,fund__debt_to_assets_missing,0.0,0.0,0
19,2021-07-30,fund__net_debt_to_assets_missing,0.0,0.0,0
19,2021-07-30,fund__current_ratio_missing,0.0,0.0,0
19,2021-07-30,fund__interest_coverage_missing,0.0,0.0,0
19,2021-07-30,fund__capex_to_assets_missing,1.8344500064849854,0.000869891336031832,1
19,2021-07-30,fund__accruals_missing,0.0,0.0,0
19,2021-07-30,fund__revenue_growth_yoy_missing,0.0,0.0,0
19,2021-07-30,fund__net_income_growth_yoy_missing,0.0,0.0,0
19,2021-07-30,fund__operating_cash_flow_growth_yoy_missing,0.0,0.0,0
19,2021-07-30,fund__asset_growth_yoy_missing,0.0,0.0,0
19,2021-07-30,fund__revenue_growth_acceleration_missing,0.0,0.0,0
19,2021-07-30,fund__net_income_growth_acceleration_missing,0.0,0.0,0
19,2021-07-30,fund__operating_cash_flow_growth_acceleration_missing,3.317579984664917,0.0015731876448257139,1
20,2021-08-31,tech__momentum_12_1_sector_neutral,0.0,0.0,0
20,2021-08-31,tech__momentum_6_1_sector_neutral,38.97119903564453,0.09513864063281544,2
20,2021-08-31,tech__return_3m_sector_neutral,0.0,0.0,0
20,2021-08-31,tech__return_1m_sector_neutral,0.0,0.0,0
20,2021-08-31,tech__return_1w_sector_neutral,0.0,0.0,0
20,2021-08-31,tech__reversal_1m_sector_neutral,0.0,0.0,0
20,2021-08-31,tech__volatility_20d_sector_neutral,0.0,0.0,0
20,2021-08-31,tech__volatility_60d_sector_neutral,6.833749771118164,0.016682926872594827,1
20,2021-08-31,tech__downside_volatility_60d_sector_neutral,0.0,0.0,0
20,2021-08-31,tech__beta_60d_market_sector_neutral,5.251840114593506,0.012821081765185472,1
20,2021-08-31,tech__max_drawdown_126d_sector_neutral,6.841050148010254,0.01670074895533304,1
20,2021-08-31,tech__distance_sma_50d_sector_neutral,0.0,0.0,0
20,2021-08-31,tech__distance_sma_200d_sector_neutral,17.63800048828125,0.04305885965687636,1
20,2021-08-31,tech__sma_50_200_spread_sector_neutral,90.2003002166748,0.2202019480960104,4
20,2021-08-31,tech__positive_day_ratio_60d_sector_neutral,2.1460700035095215,0.005239104464043098,1
20,2021-08-31,tech__average_dollar_volume_20d_sector_neutral,81.48400020599365,0.19892323574216342,6
20,2021-08-31,tech__dollar_volume_change_20d_60d_sector_neutral,0.0,0.0,0
20,2021-08-31,tech__amihud_illiquidity_20d_sector_neutral,93.769690990448,0.22891574173098417,6
20,2021-08-31,tech__zero_volume_ratio_60d_sector_neutral,0.0,0.0,0
20,2021-08-31,fund__earnings_yield_zscore,0.0,0.0,0
20,2021-08-31,fund__sales_yield_zscore,0.0,0.0,0
20,2021-08-31,fund__book_to_market_zscore,29.673069953918457,0.07243953505859976,4
20,2021-08-31,fund__fcf_yield_zscore,0.0,0.0,0
20,2021-08-31,fund__roe_zscore,10.21701979637146,0.02494235227035963,2
20,2021-08-31,fund__roa_zscore,0.0,0.0,0
20,2021-08-31,fund__gross_profitability_zscore,0.0,0.0,0
20,2021-08-31,fund__gross_margin_zscore,0.0,0.0,0
20,2021-08-31,fund__operating_margin_zscore,0.0,0.0,0
20,2021-08-31,fund__net_margin_zscore,0.0,0.0,0
20,2021-08-31,fund__cash_conversion_zscore,0.0,0.0,0
20,2021-08-31,fund__debt_to_assets_zscore,0.0,0.0,0
20,2021-08-31,fund__net_debt_to_assets_zscore,0.0,0.0,0
20,2021-08-31,fund__current_ratio_zscore,0.0,0.0,0
20,2021-08-31,fund__interest_coverage_zscore,0.0,0.0,0
20,2021-08-31,fund__capex_to_assets_zscore,0.0,0.0,0
20,2021-08-31,fund__accruals_zscore,0.0,0.0,0
20,2021-08-31,fund__revenue_growth_yoy_zscore,0.0,0.0,0
20,2021-08-31,fund__net_income_growth_yoy_zscore,0.0,0.0,0
20,2021-08-31,fund__operating_cash_flow_growth_yoy_zscore,0.0,0.0,0
20,2021-08-31,fund__asset_growth_yoy_zscore,0.0,0.0,0
20,2021-08-31,fund__revenue_growth_acceleration_zscore,0.0,0.0,0
20,2021-08-31,fund__net_income_growth_acceleration_zscore,0.0,0.0,0
20,2021-08-31,fund__operating_cash_flow_growth_acceleration_zscore,0.0,0.0,0
20,2021-08-31,fund__earnings_yield_sector_zscore,0.0,0.0,0
20,2021-08-31,fund__sales_yield_sector_zscore,0.0,0.0,0
20,2021-08-31,fund__book_to_market_sector_zscore,8.631099700927734,0.021070716658255977,1
20,2021-08-31,fund__fcf_yield_sector_zscore,0.0,0.0,0
20,2021-08-31,fund__roe_sector_zscore,0.0,0.0,0
20,2021-08-31,fund__roa_sector_zscore,0.0,0.0,0
20,2021-08-31,fund__gross_profitability_sector_zscore,0.0,0.0,0
20,2021-08-31,fund__gross_margin_sector_zscore,14.335800170898438,0.03499734610155301,1
20,2021-08-31,fund__operating_margin_sector_zscore,0.0,0.0,0
20,2021-08-31,fund__net_margin_sector_zscore,0.0,0.0,0
20,2021-08-31,fund__cash_conversion_sector_zscore,0.0,0.0,0
20,2021-08-31,fund__debt_to_assets_sector_zscore,0.0,0.0,0
20,2021-08-31,fund__net_debt_to_assets_sector_zscore,0.0,0.0,0
20,2021-08-31,fund__current_ratio_sector_zscore,0.0,0.0,0
20,2021-08-31,fund__interest_coverage_sector_zscore,0.0,0.0,0
20,2021-08-31,fund__capex_to_assets_sector_zscore,0.0,0.0,0
20,2021-08-31,fund__accruals_sector_zscore,0.0,0.0,0
20,2021-08-31,fund__revenue_growth_yoy_sector_zscore,0.0,0.0,0
20,2021-08-31,fund__net_income_growth_yoy_sector_zscore,3.632460117340088,0.008867761995225397,1
20,2021-08-31,fund__operating_cash_flow_growth_yoy_sector_zscore,0.0,0.0,0
20,2021-08-31,fund__asset_growth_yoy_sector_zscore,0.0,0.0,0
20,2021-08-31,fund__revenue_growth_acceleration_sector_zscore,0.0,0.0,0
20,2021-08-31,fund__net_income_growth_acceleration_sector_zscore,0.0,0.0,0
20,2021-08-31,fund__operating_cash_flow_growth_acceleration_sector_zscore,0.0,0.0,0
20,2021-08-31,fund__earnings_yield_missing,0.0,0.0,0
20,2021-08-31,fund__sales_yield_missing,0.0,0.0,0
20,2021-08-31,fund__book_to_market_missing,0.0,0.0,0
20,2021-08-31,fund__fcf_yield_missing,0.0,0.0,0
20,2021-08-31,fund__roe_missing,0.0,0.0,0
20,2021-08-31,fund__roa_missing,0.0,0.0,0
20,2021-08-31,fund__gross_profitability_missing,0.0,0.0,0
20,2021-08-31,fund__gross_margin_missing,0.0,0.0,0
20,2021-08-31,fund__operating_margin_missing,0.0,0.0,0
20,2021-08-31,fund__net_margin_missing,0.0,0.0,0
20,2021-08-31,fund__cash_conversion_missing,0.0,0.0,0
20,2021-08-31,fund__debt_to_assets_missing,0.0,0.0,0
20,2021-08-31,fund__net_debt_to_assets_missing,0.0,0.0,0
20,2021-08-31,fund__current_ratio_missing,0.0,0.0,0
20,2021-08-31,fund__interest_coverage_missing,0.0,0.0,0
20,2021-08-31,fund__capex_to_assets_missing,0.0,0.0,0
20,2021-08-31,fund__accruals_missing,0.0,0.0,0
20,2021-08-31,fund__revenue_growth_yoy_missing,0.0,0.0,0
20,2021-08-31,fund__net_income_growth_yoy_missing,0.0,0.0,0
20,2021-08-31,fund__operating_cash_flow_growth_yoy_missing,0.0,0.0,0
20,2021-08-31,fund__asset_growth_yoy_missing,0.0,0.0,0
20,2021-08-31,fund__revenue_growth_acceleration_missing,0.0,0.0,0
20,2021-08-31,fund__net_income_growth_acceleration_missing,0.0,0.0,0
20,2021-08-31,fund__operating_cash_flow_growth_acceleration_missing,0.0,0.0,0
21,2021-09-30,tech__momentum_12_1_sector_neutral,9.248216331005096,0.0075175877113244785,2
21,2021-09-30,tech__momentum_6_1_sector_neutral,171.57357037067413,0.13946682452512094,14
21,2021-09-30,tech__return_3m_sector_neutral,11.406610012054443,0.009272078872875145,2
21,2021-09-30,tech__return_1m_sector_neutral,32.96696996688843,0.026797825594954392,6
21,2021-09-30,tech__return_1w_sector_neutral,19.672529935836792,0.01599118835493729,5
21,2021-09-30,tech__reversal_1m_sector_neutral,3.493649959564209,0.0028398795036442236,2
21,2021-09-30,tech__volatility_20d_sector_neutral,11.475299835205078,0.00932791469590613,1
21,2021-09-30,tech__volatility_60d_sector_neutral,40.11378002166748,0.03260724543549766,5
21,2021-09-30,tech__downside_volatility_60d_sector_neutral,16.31417989730835,0.01326128995330424,3
21,2021-09-30,tech__beta_60d_market_sector_neutral,5.51993989944458,0.00448698763849141,1
21,2021-09-30,tech__max_drawdown_126d_sector_neutral,46.03036022186279,0.03741664965076649,7
21,2021-09-30,tech__distance_sma_50d_sector_neutral,12.299139738082886,0.009997588556065484,4
21,2021-09-30,tech__distance_sma_200d_sector_neutral,4.120530128479004,0.0033494509156480243,1
21,2021-09-30,tech__sma_50_200_spread_sector_neutral,76.54828119277954,0.062223719409395487,7
21,2021-09-30,tech__positive_day_ratio_60d_sector_neutral,55.47439956665039,0.04509341580572994,12
21,2021-09-30,tech__average_dollar_volume_20d_sector_neutral,241.64186787605286,0.19642316652957056,16
21,2021-09-30,tech__dollar_volume_change_20d_60d_sector_neutral,4.691629886627197,0.003813680164849491,1
21,2021-09-30,tech__amihud_illiquidity_20d_sector_neutral,202.8238389492035,0.16486919689977428,17
21,2021-09-30,tech__zero_volume_ratio_60d_sector_neutral,0.0,0.0,0
21,2021-09-30,fund__earnings_yield_zscore,0.0,0.0,0
21,2021-09-30,fund__sales_yield_zscore,37.88203001022339,0.03079312519216669,5
21,2021-09-30,fund__book_to_market_zscore,59.59363079071045,0.04844181088233305,8
21,2021-09-30,fund__fcf_yield_zscore,0.0,0.0,0
21,2021-09-30,fund__roe_zscore,18.494419813156128,0.015033539240355151,3
21,2021-09-30,fund__roa_zscore,9.079428255558014,0.007380385129076795,3
21,2021-09-30,fund__gross_profitability_zscore,0.0,0.0,0
21,2021-09-30,fund__gross_margin_zscore,0.0,0.0,0
21,2021-09-30,fund__operating_margin_zscore,0.0,0.0,0
21,2021-09-30,fund__net_margin_zscore,1.573989987373352,0.0012794475565149018,1
21,2021-09-30,fund__cash_conversion_zscore,6.121449947357178,0.004975936467387858,1
21,2021-09-30,fund__debt_to_assets_zscore,0.0,0.0,0
21,2021-09-30,fund__net_debt_to_assets_zscore,0.0,0.0,0
21,2021-09-30,fund__current_ratio_zscore,2.570359945297241,0.0020893657378738225,1
21,2021-09-30,fund__interest_coverage_zscore,1.5161800384521484,0.0012324556452048964,1
21,2021-09-30,fund__capex_to_assets_zscore,0.0,0.0,0
21,2021-09-30,fund__accruals_zscore,3.7263200283050537,0.0030290097734125892,1
21,2021-09-30,fund__revenue_growth_yoy_zscore,3.9021899700164795,0.0031719689847113887,1
21,2021-09-30,fund__net_income_growth_yoy_zscore,0.0,0.0,0
21,2021-09-30,fund__operating_cash_flow_growth_yoy_zscore,2.653939962387085,0.0021573053369163347,1
21,2021-09-30,fund__asset_growth_yoy_zscore,0.0,0.0,0
21,2021-09-30,fund__revenue_growth_acceleration_zscore,2.220249891281128,0.0018047721529617967,1
21,2021-09-30,fund__net_income_growth_acceleration_zscore,0.0,0.0,0
21,2021-09-30,fund__operating_cash_flow_growth_acceleration_zscore,0.0,0.0,0
21,2021-09-30,fund__earnings_yield_sector_zscore,4.677149772644043,0.003801909730092965,1
21,2021-09-30,fund__sales_yield_sector_zscore,16.624579906463623,0.013513604476548863,4
21,2021-09-30,fund__book_to_market_sector_zscore,5.025400161743164,0.004084991651174172,1
21,2021-09-30,fund__fcf_yield_sector_zscore,0.0,0.0,0
21,2021-09-30,fund__roe_sector_zscore,12.979020357131958,0.0105502423872476,4
21,2021-09-30,fund__roa_sector_zscore,0.0,0.0,0
21,2021-09-30,fund__gross_profitability_sector_zscore,0.0,0.0,0
21,2021-09-30,fund__gross_margin_sector_zscore,12.55448031425476,0.010205146976946798,3
21,2021-09-30,fund__operating_margin_sector_zscore,0.0,0.0,0
21,2021-09-30,fund__net_margin_sector_zscore,0.0,0.0,0
21,2021-09-30,fund__cash_conversion_sector_zscore,24.18558979034424,0.01965971448888747,3
21,2021-09-30,fund__debt_to_assets_sector_zscore,0.0,0.0,0
21,2021-09-30,fund__net_debt_to_assets_sector_zscore,0.0,0.0,0
21,2021-09-30,fund__current_ratio_sector_zscore,2.720249891281128,0.002211206617849983,1
21,2021-09-30,fund__interest_coverage_sector_zscore,0.0,0.0,0
21,2021-09-30,fund__capex_to_assets_sector_zscore,3.7556300163269043,0.0030528349520076692,1
21,2021-09-30,fund__accruals_sector_zscore,3.8478899002075195,0.0031278301450789973,1
21,2021-09-30,fund__revenue_growth_yoy_sector_zscore,9.116940021514893,0.007410877278124184,2
21,2021-09-30,fund__net_income_growth_yoy_sector_zscore,8.060149669647217,0.006551845235803511,2
21,2021-09-30,fund__operating_cash_flow_growth_yoy_sector_zscore,6.583729982376099,0.005351709544710671,2
21,2021-09-30,fund__asset_growth_yoy_sector_zscore,1.7845100164413452,0.0014505727472398922,1
21,2021-09-30,fund__revenue_growth_acceleration_sector_zscore,3.546329975128174,0.0028827014515163066,1
21,2021-09-30,fund__net_income_growth_acceleration_sector_zscore,0.0,0.0,0
21,2021-09-30,fund__operating_cash_flow_growth_acceleration_sector_zscore,0.0,0.0,0
21,2021-09-30,fund__earnings_yield_missing,0.0,0.0,0
21,2021-09-30,fund__sales_yield_missing,0.0,0.0,0
21,2021-09-30,fund__book_to_market_missing,0.0,0.0,0
21,2021-09-30,fund__fcf_yield_missing,0.0,0.0,0
21,2021-09-30,fund__roe_missing,0.0,0.0,0
21,2021-09-30,fund__roa_missing,0.0,0.0,0
21,2021-09-30,fund__gross_profitability_missing,0.0,0.0,0
21,2021-09-30,fund__gross_margin_missing,0.0,0.0,0
21,2021-09-30,fund__operating_margin_missing,0.0,0.0,0
21,2021-09-30,fund__net_margin_missing,0.0,0.0,0
21,2021-09-30,fund__cash_conversion_missing,0.0,0.0,0
21,2021-09-30,fund__debt_to_assets_missing,0.0,0.0,0
21,2021-09-30,fund__net_debt_to_assets_missing,0.0,0.0,0
21,2021-09-30,fund__current_ratio_missing,0.0,0.0,0
21,2021-09-30,fund__interest_coverage_missing,0.0,0.0,0
21,2021-09-30,fund__capex_to_assets_missing,0.0,0.0,0
21,2021-09-30,fund__accruals_missing,0.0,0.0,0
21,2021-09-30,fund__revenue_growth_yoy_missing,0.0,0.0,0
21,2021-09-30,fund__net_income_growth_yoy_missing,0.0,0.0,0
21,2021-09-30,fund__operating_cash_flow_growth_yoy_missing,0.0,0.0,0
21,2021-09-30,fund__asset_growth_yoy_missing,0.0,0.0,0
21,2021-09-30,fund__revenue_growth_acceleration_missing,0.0,0.0,0
21,2021-09-30,fund__net_income_growth_acceleration_missing,0.0,0.0,0
21,2021-09-30,fund__operating_cash_flow_growth_acceleration_missing,0.0,0.0,0
22,2021-10-29,tech__momentum_12_1_sector_neutral,7.380070209503174,0.010591632636160798,1
22,2021-10-29,tech__momentum_6_1_sector_neutral,167.01109075546265,0.23968879282050282,9
22,2021-10-29,tech__return_3m_sector_neutral,0.0,0.0,0
22,2021-10-29,tech__return_1m_sector_neutral,0.0,0.0,0
22,2021-10-29,tech__return_1w_sector_neutral,0.0,0.0,0
22,2021-10-29,tech__reversal_1m_sector_neutral,0.0,0.0,0
22,2021-10-29,tech__volatility_20d_sector_neutral,0.0,0.0,0
22,2021-10-29,tech__volatility_60d_sector_neutral,61.05050086975098,0.08761765933247785,4
22,2021-10-29,tech__downside_volatility_60d_sector_neutral,0.0,0.0,0
22,2021-10-29,tech__beta_60d_market_sector_neutral,0.0,0.0,0
22,2021-10-29,tech__max_drawdown_126d_sector_neutral,29.836219787597656,0.04281995567400706,2
22,2021-10-29,tech__distance_sma_50d_sector_neutral,0.0,0.0,0
22,2021-10-29,tech__distance_sma_200d_sector_neutral,0.0,0.0,0
22,2021-10-29,tech__sma_50_200_spread_sector_neutral,50.98812961578369,0.07317647696629263,3
22,2021-10-29,tech__positive_day_ratio_60d_sector_neutral,0.0,0.0,0
22,2021-10-29,tech__average_dollar_volume_20d_sector_neutral,142.8952989578247,0.2050786061691869,11
22,2021-10-29,tech__dollar_volume_change_20d_60d_sector_neutral,0.0,0.0,0
22,2021-10-29,tech__amihud_illiquidity_20d_sector_neutral,110.01644134521484,0.1578919573374482,9
22,2021-10-29,tech__zero_volume_ratio_60d_sector_neutral,0.0,0.0,0
22,2021-10-29,fund__earnings_yield_zscore,0.0,0.0,0
22,2021-10-29,fund__sales_yield_zscore,39.30164957046509,0.056404427387353566,5
22,2021-10-29,fund__book_to_market_zscore,20.17087984085083,0.02894857950637518,3
22,2021-10-29,fund__fcf_yield_zscore,0.0,0.0,0
22,2021-10-29,fund__roe_zscore,3.5589098930358887,0.005107629751773331,1
22,2021-10-29,fund__roa_zscore,17.692219734191895,0.02539128851396253,2
22,2021-10-29,fund__gross_profitability_zscore,0.0,0.0,0
22,2021-10-29,fund__gross_margin_zscore,0.0,0.0,0
22,2021-10-29,fund__operating_margin_zscore,0.0,0.0,0
22,2021-10-29,fund__net_margin_zscore,0.0,0.0,0
22,2021-10-29,fund__cash_conversion_zscore,0.0,0.0,0
22,2021-10-29,fund__debt_to_assets_zscore,0.0,0.0,0
22,2021-10-29,fund__net_debt_to_assets_zscore,0.0,0.0,0
22,2021-10-29,fund__current_ratio_zscore,3.7372899055480957,0.0053636348450216585,1
22,2021-10-29,fund__interest_coverage_zscore,0.0,0.0,0
22,2021-10-29,fund__capex_to_assets_zscore,0.0,0.0,0
22,2021-10-29,fund__accruals_zscore,0.0,0.0,0
22,2021-10-29,fund__revenue_growth_yoy_zscore,0.0,0.0,0
22,2021-10-29,fund__net_income_growth_yoy_zscore,0.0,0.0,0
22,2021-10-29,fund__operating_cash_flow_growth_yoy_zscore,0.0,0.0,0
22,2021-10-29,fund__asset_growth_yoy_zscore,0.0,0.0,0
22,2021-10-29,fund__revenue_growth_acceleration_zscore,0.0,0.0,0
22,2021-10-29,fund__net_income_growth_acceleration_zscore,0.0,0.0,0
22,2021-10-29,fund__operating_cash_flow_growth_acceleration_zscore,0.0,0.0,0
22,2021-10-29,fund__earnings_yield_sector_zscore,4.63523006439209,0.006652328857645654,1
22,2021-10-29,fund__sales_yield_sector_zscore,4.260310173034668,0.0061142562317058995,1
22,2021-10-29,fund__book_to_market_sector_zscore,5.957940101623535,0.008550638548585732,1
22,2021-10-29,fund__fcf_yield_sector_zscore,0.0,0.0,0
22,2021-10-29,fund__roe_sector_zscore,0.0,0.0,0
22,2021-10-29,fund__roa_sector_zscore,0.0,0.0,0
22,2021-10-29,fund__gross_profitability_sector_zscore,0.0,0.0,0
22,2021-10-29,fund__gross_margin_sector_zscore,12.653500080108643,0.01815988474439788,2
22,2021-10-29,fund__operating_margin_sector_zscore,0.0,0.0,0
22,2021-10-29,fund__net_margin_sector_zscore,9.440540313720703,0.013548751170556582,1
22,2021-10-29,fund__cash_conversion_sector_zscore,0.0,0.0,0
22,2021-10-29,fund__debt_to_assets_sector_zscore,0.0,0.0,0
22,2021-10-29,fund__net_debt_to_assets_sector_zscore,0.0,0.0,0
22,2021-10-29,fund__current_ratio_sector_zscore,0.0,0.0,0
22,2021-10-29,fund__interest_coverage_sector_zscore,0.0,0.0,0
22,2021-10-29,fund__capex_to_assets_sector_zscore,0.0,0.0,0
22,2021-10-29,fund__accruals_sector_zscore,0.0,0.0,0
22,2021-10-29,fund__revenue_growth_yoy_sector_zscore,0.0,0.0,0
22,2021-10-29,fund__net_income_growth_yoy_sector_zscore,6.196839809417725,0.008893499506545718,1
22,2021-10-29,fund__operating_cash_flow_growth_yoy_sector_zscore,0.0,0.0,0
22,2021-10-29,fund__asset_growth_yoy_sector_zscore,0.0,0.0,0
22,2021-10-29,fund__revenue_growth_acceleration_sector_zscore,0.0,0.0,0
22,2021-10-29,fund__net_income_growth_acceleration_sector_zscore,0.0,0.0,0
22,2021-10-29,fund__operating_cash_flow_growth_acceleration_sector_zscore,0.0,0.0,0
22,2021-10-29,fund__earnings_yield_missing,0.0,0.0,0
22,2021-10-29,fund__sales_yield_missing,0.0,0.0,0
22,2021-10-29,fund__book_to_market_missing,0.0,0.0,0
22,2021-10-29,fund__fcf_yield_missing,0.0,0.0,0
22,2021-10-29,fund__roe_missing,0.0,0.0,0
22,2021-10-29,fund__roa_missing,0.0,0.0,0
22,2021-10-29,fund__gross_profitability_missing,0.0,0.0,0
22,2021-10-29,fund__gross_margin_missing,0.0,0.0,0
22,2021-10-29,fund__operating_margin_missing,0.0,0.0,0
22,2021-10-29,fund__net_margin_missing,0.0,0.0,0
22,2021-10-29,fund__cash_conversion_missing,0.0,0.0,0
22,2021-10-29,fund__debt_to_assets_missing,0.0,0.0,0
22,2021-10-29,fund__net_debt_to_assets_missing,0.0,0.0,0
22,2021-10-29,fund__current_ratio_missing,0.0,0.0,0
22,2021-10-29,fund__interest_coverage_missing,0.0,0.0,0
22,2021-10-29,fund__capex_to_assets_missing,0.0,0.0,0
22,2021-10-29,fund__accruals_missing,0.0,0.0,0
22,2021-10-29,fund__revenue_growth_yoy_missing,0.0,0.0,0
22,2021-10-29,fund__net_income_growth_yoy_missing,0.0,0.0,0
22,2021-10-29,fund__operating_cash_flow_growth_yoy_missing,0.0,0.0,0
22,2021-10-29,fund__asset_growth_yoy_missing,0.0,0.0,0
22,2021-10-29,fund__revenue_growth_acceleration_missing,0.0,0.0,0
22,2021-10-29,fund__net_income_growth_acceleration_missing,0.0,0.0,0
22,2021-10-29,fund__operating_cash_flow_growth_acceleration_missing,0.0,0.0,0
23,2021-11-30,tech__momentum_12_1_sector_neutral,14.539835095405579,0.00755620968893218,2
23,2021-11-30,tech__momentum_6_1_sector_neutral,149.44164109230042,0.07766335511661916,17
23,2021-11-30,tech__return_3m_sector_neutral,31.518214225769043,0.016379706795013885,12
23,2021-11-30,tech__return_1m_sector_neutral,42.410539865493774,0.022040341595466317,11
23,2021-11-30,tech__return_1w_sector_neutral,21.83735990524292,0.011348661756751024,7
23,2021-11-30,tech__reversal_1m_sector_neutral,15.306730151176453,0.00795475752752776,7
23,2021-11-30,tech__volatility_20d_sector_neutral,31.73710060119629,0.016493459897433956,6
23,2021-11-30,tech__volatility_60d_sector_neutral,178.8400794863701,0.09294143520316285,21
23,2021-11-30,tech__downside_volatility_60d_sector_neutral,2.8361899852752686,0.0014739401173237035,1
23,2021-11-30,tech__beta_60d_market_sector_neutral,20.87883570790291,0.010850526132826019,6
23,2021-11-30,tech__max_drawdown_126d_sector_neutral,69.47529017925262,0.036105626876038494,17
23,2021-11-30,tech__distance_sma_50d_sector_neutral,35.70648980140686,0.018556312532072947,11
23,2021-11-30,tech__distance_sma_200d_sector_neutral,21.57208013534546,0.011210798462262195,5
23,2021-11-30,tech__sma_50_200_spread_sector_neutral,149.2361991405487,0.07755658894931718,23
23,2021-11-30,tech__positive_day_ratio_60d_sector_neutral,22.40875995159149,0.011645612756411239,10
23,2021-11-30,tech__average_dollar_volume_20d_sector_neutral,238.7841386795044,0.12409377482028909,29
23,2021-11-30,tech__dollar_volume_change_20d_60d_sector_neutral,7.909220099449158,0.0041103441101776675,3
23,2021-11-30,tech__amihud_illiquidity_20d_sector_neutral,318.1847320795059,0.16535748443042345,43
23,2021-11-30,tech__zero_volume_ratio_60d_sector_neutral,0.0,0.0,0
23,2021-11-30,fund__earnings_yield_zscore,4.6722999811172485,0.002428148473160588,2
23,2021-11-30,fund__sales_yield_zscore,32.786800146102905,0.017038978455219896,11
23,2021-11-30,fund__book_to_market_zscore,58.33734941482544,0.030317348304329576,14
23,2021-11-30,fund__fcf_yield_zscore,10.376169919967651,0.00539239373547236,4
23,2021-11-30,fund__roe_zscore,12.538930058479309,0.006516358966592626,5
23,2021-11-30,fund__roa_zscore,30.180037200450897,0.0156842693201136,10
23,2021-11-30,fund__gross_profitability_zscore,4.7057600021362305,0.0024455373179003335,1
23,2021-11-30,fund__gross_margin_zscore,3.0223100185394287,0.001570664873101671,1
23,2021-11-30,fund__operating_margin_zscore,9.728219985961914,0.005055660510016164,4
23,2021-11-30,fund__net_margin_zscore,2.1958301067352295,0.0011411513692479672,1
23,2021-11-30,fund__cash_conversion_zscore,39.94064009189606,0.02075675890849019,10
23,2021-11-30,fund__debt_to_assets_zscore,0.0,0.0,0
23,2021-11-30,fund__net_debt_to_assets_zscore,0.0,0.0,0
23,2021-11-30,fund__current_ratio_zscore,3.7213799953460693,0.001933964683403996,2
23,2021-11-30,fund__interest_coverage_zscore,7.738509893417358,0.004021627690469118,3
23,2021-11-30,fund__capex_to_assets_zscore,8.083549976348877,0.004200941637333684,2
23,2021-11-30,fund__accruals_zscore,13.44483995437622,0.006987151454111195,5
23,2021-11-30,fund__revenue_growth_yoy_zscore,4.644400000572205,0.0024136491269209533,2
23,2021-11-30,fund__net_income_growth_yoy_zscore,22.69979977607727,0.011796863298608892,6
23,2021-11-30,fund__operating_cash_flow_growth_yoy_zscore,7.3318798542022705,0.0038103060474128764,2
23,2021-11-30,fund__asset_growth_yoy_zscore,4.545040130615234,0.0023620127770494796,2
23,2021-11-30,fund__revenue_growth_acceleration_zscore,6.214119911193848,0.0032294171682859477,2
23,2021-11-30,fund__net_income_growth_acceleration_zscore,0.0,0.0,0
23,2021-11-30,fund__operating_cash_flow_growth_acceleration_zscore,3.8200430870056152,0.0019852389244284655,2
23,2021-11-30,fund__earnings_yield_sector_zscore,2.563230037689209,0.0013320855098191147,1
23,2021-11-30,fund__sales_yield_sector_zscore,52.35591524839401,0.027208855635359703,15
23,2021-11-30,fund__book_to_market_sector_zscore,9.870886027812958,0.005129802652663786,3
23,2021-11-30,fund__fcf_yield_sector_zscore,0.0,0.0,0
23,2021-11-30,fund__roe_sector_zscore,5.850790023803711,0.003040598189434977,2
23,2021-11-30,fund__roa_sector_zscore,4.420979976654053,0.002297539931847259,1
23,2021-11-30,fund__gross_profitability_sector_zscore,0.0,0.0,0
23,2021-11-30,fund__gross_margin_sector_zscore,62.562490940093994,0.03251311291382176,8
23,2021-11-30,fund__operating_margin_sector_zscore,3.5883500576019287,0.0018648303295475377,1
23,2021-11-30,fund__net_margin_sector_zscore,10.027199983596802,0.005211037482320309,3
23,2021-11-30,fund__cash_conversion_sector_zscore,24.967209100723267,0.012975213685339144,5
23,2021-11-30,fund__debt_to_assets_sector_zscore,2.9963600635528564,0.0015571789360184609,1
23,2021-11-30,fund__net_debt_to_assets_sector_zscore,0.0,0.0,0
23,2021-11-30,fund__current_ratio_sector_zscore,0.0,0.0,0
23,2021-11-30,fund__interest_coverage_sector_zscore,0.0,0.0,0
23,2021-11-30,fund__capex_to_assets_sector_zscore,21.22646999359131,0.01103118826141878,8
23,2021-11-30,fund__accruals_sector_zscore,14.205860018730164,0.007382646117290706,5
23,2021-11-30,fund__revenue_growth_yoy_sector_zscore,1.1850899457931519,0.0006158796211855206,1
23,2021-11-30,fund__net_income_growth_yoy_sector_zscore,27.00624942779541,0.01403488294392754,7
23,2021-11-30,fund__operating_cash_flow_growth_yoy_sector_zscore,4.490869998931885,0.0023338610909271382,2
23,2021-11-30,fund__asset_growth_yoy_sector_zscore,1.5886399745941162,0.0008256006130390152,1
23,2021-11-30,fund__revenue_growth_acceleration_sector_zscore,3.86149001121521,0.002006778484418932,1
23,2021-11-30,fund__net_income_growth_acceleration_sector_zscore,0.0,0.0,0
23,2021-11-30,fund__operating_cash_flow_growth_acceleration_sector_zscore,8.103920102119446,0.0042115277919016255,3
23,2021-11-30,fund__earnings_yield_missing,0.0,0.0,0
23,2021-11-30,fund__sales_yield_missing,0.0,0.0,0
23,2021-11-30,fund__book_to_market_missing,0.0,0.0,0
23,2021-11-30,fund__fcf_yield_missing,0.0,0.0,0
23,2021-11-30,fund__roe_missing,0.0,0.0,0
23,2021-11-30,fund__roa_missing,0.0,0.0,0
23,2021-11-30,fund__gross_profitability_missing,0.0,0.0,0
23,2021-11-30,fund__gross_margin_missing,0.0,0.0,0
23,2021-11-30,fund__operating_margin_missing,0.0,0.0,0
23,2021-11-30,fund__net_margin_missing,0.0,0.0,0
23,2021-11-30,fund__cash_conversion_missing,0.0,0.0,0
23,2021-11-30,fund__debt_to_assets_missing,0.0,0.0,0
23,2021-11-30,fund__net_debt_to_assets_missing,0.0,0.0,0
23,2021-11-30,fund__current_ratio_missing,0.0,0.0,0
23,2021-11-30,fund__interest_coverage_missing,0.0,0.0,0
23,2021-11-30,fund__capex_to_assets_missing,0.0,0.0,0
23,2021-11-30,fund__accruals_missing,0.0,0.0,0
23,2021-11-30,fund__revenue_growth_yoy_missing,0.0,0.0,0
23,2021-11-30,fund__net_income_growth_yoy_missing,0.0,0.0,0
23,2021-11-30,fund__operating_cash_flow_growth_yoy_missing,0.0,0.0,0
23,2021-11-30,fund__asset_growth_yoy_missing,0.0,0.0,0
23,2021-11-30,fund__revenue_growth_acceleration_missing,0.0,0.0,0
23,2021-11-30,fund__net_income_growth_acceleration_missing,0.0,0.0,0
23,2021-11-30,fund__operating_cash_flow_growth_acceleration_missing,0.0,0.0,0
24,2021-12-31,tech__momentum_12_1_sector_neutral,2.9548399448394775,0.0029508894275772717,1
24,2021-12-31,tech__momentum_6_1_sector_neutral,91.03373770415783,0.09091202879303002,9
24,2021-12-31,tech__return_3m_sector_neutral,0.0,0.0,0
24,2021-12-31,tech__return_1m_sector_neutral,31.682260036468506,0.03163990196715976,6
24,2021-12-31,tech__return_1w_sector_neutral,16.63668990135193,0.01661444723106583,4
24,2021-12-31,tech__reversal_1m_sector_neutral,5.6227500438690186,0.005615232624474386,2
24,2021-12-31,tech__volatility_20d_sector_neutral,18.41111969947815,0.018386504678851955,3
24,2021-12-31,tech__volatility_60d_sector_neutral,100.80844116210938,0.10067366381564685,7
24,2021-12-31,tech__downside_volatility_60d_sector_neutral,0.0,0.0,0
24,2021-12-31,tech__beta_60d_market_sector_neutral,14.464269638061523,0.014444931417394054,2
24,2021-12-31,tech__max_drawdown_126d_sector_neutral,8.628030061721802,0.00861649468845829,2
24,2021-12-31,tech__distance_sma_50d_sector_neutral,3.4372599124908447,0.0034326644166695914,1
24,2021-12-31,tech__distance_sma_200d_sector_neutral,14.40638017654419,0.014387119352054277,2
24,2021-12-31,tech__sma_50_200_spread_sector_neutral,62.6838800907135,0.06260007394385507,6
24,2021-12-31,tech__positive_day_ratio_60d_sector_neutral,9.837809920310974,0.009824657113851741,2
24,2021-12-31,tech__average_dollar_volume_20d_sector_neutral,213.9383281469345,0.21365230011354883,16
24,2021-12-31,tech__dollar_volume_change_20d_60d_sector_neutral,11.315829992294312,0.011300701124891928,2
24,2021-12-31,tech__amihud_illiquidity_20d_sector_neutral,217.26942002773285,0.21697893844145674,19
24,2021-12-31,tech__zero_volume_ratio_60d_sector_neutral,0.0,0.0,0
24,2021-12-31,fund__earnings_yield_zscore,3.2276599407196045,0.0032233446727015815,1
24,2021-12-31,fund__sales_yield_zscore,29.00551962852478,0.02896674026716145,5
24,2021-12-31,fund__book_to_market_zscore,20.430319786071777,0.02040300516582366,4
24,2021-12-31,fund__fcf_yield_zscore,0.0,0.0,0
24,2021-12-31,fund__roe_zscore,12.856499910354614,0.012839311221364504,3
24,2021-12-31,fund__roa_zscore,0.0,0.0,0
24,2021-12-31,fund__gross_profitability_zscore,0.0,0.0,0
24,2021-12-31,fund__gross_margin_zscore,3.840049982070923,0.0038349159700685476,1
24,2021-12-31,fund__operating_margin_zscore,0.0,0.0,0
24,2021-12-31,fund__net_margin_zscore,0.0,0.0,0
24,2021-12-31,fund__cash_conversion_zscore,3.3047399520874023,0.00330032163080045,2
24,2021-12-31,fund__debt_to_assets_zscore,0.0,0.0,0
24,2021-12-31,fund__net_debt_to_assets_zscore,0.0,0.0,0
24,2021-12-31,fund__current_ratio_zscore,0.0,0.0,0
24,2021-12-31,fund__interest_coverage_zscore,8.682720184326172,0.0086711116922889,1
24,2021-12-31,fund__capex_to_assets_zscore,0.0,0.0,0
24,2021-12-31,fund__accruals_zscore,0.839618980884552,0.0008384964397860222,1
24,2021-12-31,fund__revenue_growth_yoy_zscore,3.7783799171447754,0.0037733283558539785,1
24,2021-12-31,fund__net_income_growth_yoy_zscore,4.096570014953613,0.0040910930446736585,1
24,2021-12-31,fund__operating_cash_flow_growth_yoy_zscore,0.0,0.0,0
24,2021-12-31,fund__asset_growth_yoy_zscore,0.0,0.0,0
24,2021-12-31,fund__revenue_growth_acceleration_zscore,10.17166018486023,0.010158061032318732,3
24,2021-12-31,fund__net_income_growth_acceleration_zscore,0.0,0.0,0
24,2021-12-31,fund__operating_cash_flow_growth_acceleration_zscore,2.2959699630737305,0.0022929003318443064,1
24,2021-12-31,fund__earnings_yield_sector_zscore,0.0,0.0,0
24,2021-12-31,fund__sales_yield_sector_zscore,5.8922600746154785,0.0058843823297722,1
24,2021-12-31,fund__book_to_market_sector_zscore,16.89831018447876,0.016875717737059575,3
24,2021-12-31,fund__fcf_yield_sector_zscore,0.0,0.0,0
24,2021-12-31,fund__roe_sector_zscore,2.114180088043213,0.002111353503494086,1
24,2021-12-31,fund__roa_sector_zscore,12.833379745483398,0.012816221967341975,3
24,2021-12-31,fund__gross_profitability_sector_zscore,0.0,0.0,0
24,2021-12-31,fund__gross_margin_sector_zscore,15.717089653015137,0.015696076455974022,2
24,2021-12-31,fund__operating_margin_sector_zscore,0.0,0.0,0
24,2021-12-31,fund__net_margin_sector_zscore,0.0,0.0,0
24,2021-12-31,fund__cash_conversion_sector_zscore,4.457799911499023,0.004451839989530122,1
24,2021-12-31,fund__debt_to_assets_sector_zscore,0.0,0.0,0
24,2021-12-31,fund__net_debt_to_assets_sector_zscore,0.0,0.0,0
24,2021-12-31,fund__current_ratio_sector_zscore,3.918370008468628,0.003913131285340765,1
24,2021-12-31,fund__interest_coverage_sector_zscore,0.0,0.0,0
24,2021-12-31,fund__capex_to_assets_sector_zscore,0.0,0.0,0
24,2021-12-31,fund__accruals_sector_zscore,3.98868989944458,0.003983357161091404,1
24,2021-12-31,fund__revenue_growth_yoy_sector_zscore,0.0,0.0,0
24,2021-12-31,fund__net_income_growth_yoy_sector_zscore,8.140700340270996,0.00812981650973498,1
24,2021-12-31,fund__operating_cash_flow_growth_yoy_sector_zscore,0.0,0.0,0
24,2021-12-31,fund__asset_growth_yoy_sector_zscore,0.0,0.0,0
24,2021-12-31,fund__revenue_growth_acceleration_sector_zscore,0.0,0.0,0
24,2021-12-31,fund__net_income_growth_acceleration_sector_zscore,0.0,0.0,0
24,2021-12-31,fund__operating_cash_flow_growth_acceleration_sector_zscore,0.0,0.0,0
24,2021-12-31,fund__earnings_yield_missing,0.0,0.0,0
24,2021-12-31,fund__sales_yield_missing,0.0,0.0,0
24,2021-12-31,fund__book_to_market_missing,0.0,0.0,0
24,2021-12-31,fund__fcf_yield_missing,0.0,0.0,0
24,2021-12-31,fund__roe_missing,0.0,0.0,0
24,2021-12-31,fund__roa_missing,0.0,0.0,0
24,2021-12-31,fund__gross_profitability_missing,1.7172199487686157,0.0017149240859884803,1
24,2021-12-31,fund__gross_margin_missing,0.0,0.0,0
24,2021-12-31,fund__operating_margin_missing,0.0,0.0,0
24,2021-12-31,fund__net_margin_missing,0.0,0.0,0
24,2021-12-31,fund__cash_conversion_missing,0.0,0.0,0
24,2021-12-31,fund__debt_to_assets_missing,0.0,0.0,0
24,2021-12-31,fund__net_debt_to_assets_missing,0.0,0.0,0
24,2021-12-31,fund__current_ratio_missing,0.0,0.0,0
24,2021-12-31,fund__interest_coverage_missing,0.0,0.0,0
24,2021-12-31,fund__capex_to_assets_missing,0.0,0.0,0
24,2021-12-31,fund__accruals_missing,0.0,0.0,0
24,2021-12-31,fund__revenue_growth_yoy_missing,0.0,0.0,0
24,2021-12-31,fund__net_income_growth_yoy_missing,0.0,0.0,0
24,2021-12-31,fund__operating_cash_flow_growth_yoy_missing,0.0,0.0,0
24,2021-12-31,fund__asset_growth_yoy_missing,0.0,0.0,0
24,2021-12-31,fund__revenue_growth_acceleration_missing,0.0,0.0,0
24,2021-12-31,fund__net_income_growth_acceleration_missing,0.0,0.0,0
24,2021-12-31,fund__operating_cash_flow_growth_acceleration_missing,0.0,0.0,0
25,2022-01-31,tech__momentum_12_1_sector_neutral,2.9548399448394775,0.0029508894275772717,1
25,2022-01-31,tech__momentum_6_1_sector_neutral,91.03373770415783,0.09091202879303002,9
25,2022-01-31,tech__return_3m_sector_neutral,0.0,0.0,0
25,2022-01-31,tech__return_1m_sector_neutral,31.682260036468506,0.03163990196715976,6
25,2022-01-31,tech__return_1w_sector_neutral,16.63668990135193,0.01661444723106583,4
25,2022-01-31,tech__reversal_1m_sector_neutral,5.6227500438690186,0.005615232624474386,2
25,2022-01-31,tech__volatility_20d_sector_neutral,18.41111969947815,0.018386504678851955,3
25,2022-01-31,tech__volatility_60d_sector_neutral,100.80844116210938,0.10067366381564685,7
25,2022-01-31,tech__downside_volatility_60d_sector_neutral,0.0,0.0,0
25,2022-01-31,tech__beta_60d_market_sector_neutral,14.464269638061523,0.014444931417394054,2
25,2022-01-31,tech__max_drawdown_126d_sector_neutral,8.628030061721802,0.00861649468845829,2
25,2022-01-31,tech__distance_sma_50d_sector_neutral,3.4372599124908447,0.0034326644166695914,1
25,2022-01-31,tech__distance_sma_200d_sector_neutral,14.40638017654419,0.014387119352054277,2
25,2022-01-31,tech__sma_50_200_spread_sector_neutral,62.6838800907135,0.06260007394385507,6
25,2022-01-31,tech__positive_day_ratio_60d_sector_neutral,9.837809920310974,0.009824657113851741,2
25,2022-01-31,tech__average_dollar_volume_20d_sector_neutral,213.9383281469345,0.21365230011354883,16
25,2022-01-31,tech__dollar_volume_change_20d_60d_sector_neutral,11.315829992294312,0.011300701124891928,2
25,2022-01-31,tech__amihud_illiquidity_20d_sector_neutral,217.26942002773285,0.21697893844145674,19
25,2022-01-31,tech__zero_volume_ratio_60d_sector_neutral,0.0,0.0,0
25,2022-01-31,fund__earnings_yield_zscore,3.2276599407196045,0.0032233446727015815,1
25,2022-01-31,fund__sales_yield_zscore,29.00551962852478,0.02896674026716145,5
25,2022-01-31,fund__book_to_market_zscore,20.430319786071777,0.02040300516582366,4
25,2022-01-31,fund__fcf_yield_zscore,0.0,0.0,0
25,2022-01-31,fund__roe_zscore,12.856499910354614,0.012839311221364504,3
25,2022-01-31,fund__roa_zscore,0.0,0.0,0
25,2022-01-31,fund__gross_profitability_zscore,0.0,0.0,0
25,2022-01-31,fund__gross_margin_zscore,3.840049982070923,0.0038349159700685476,1
25,2022-01-31,fund__operating_margin_zscore,0.0,0.0,0
25,2022-01-31,fund__net_margin_zscore,0.0,0.0,0
25,2022-01-31,fund__cash_conversion_zscore,3.3047399520874023,0.00330032163080045,2
25,2022-01-31,fund__debt_to_assets_zscore,0.0,0.0,0
25,2022-01-31,fund__net_debt_to_assets_zscore,0.0,0.0,0
25,2022-01-31,fund__current_ratio_zscore,0.0,0.0,0
25,2022-01-31,fund__interest_coverage_zscore,8.682720184326172,0.0086711116922889,1
25,2022-01-31,fund__capex_to_assets_zscore,0.0,0.0,0
25,2022-01-31,fund__accruals_zscore,0.839618980884552,0.0008384964397860222,1
25,2022-01-31,fund__revenue_growth_yoy_zscore,3.7783799171447754,0.0037733283558539785,1
25,2022-01-31,fund__net_income_growth_yoy_zscore,4.096570014953613,0.0040910930446736585,1
25,2022-01-31,fund__operating_cash_flow_growth_yoy_zscore,0.0,0.0,0
25,2022-01-31,fund__asset_growth_yoy_zscore,0.0,0.0,0
25,2022-01-31,fund__revenue_growth_acceleration_zscore,10.17166018486023,0.010158061032318732,3
25,2022-01-31,fund__net_income_growth_acceleration_zscore,0.0,0.0,0
25,2022-01-31,fund__operating_cash_flow_growth_acceleration_zscore,2.2959699630737305,0.0022929003318443064,1
25,2022-01-31,fund__earnings_yield_sector_zscore,0.0,0.0,0
25,2022-01-31,fund__sales_yield_sector_zscore,5.8922600746154785,0.0058843823297722,1
25,2022-01-31,fund__book_to_market_sector_zscore,16.89831018447876,0.016875717737059575,3
25,2022-01-31,fund__fcf_yield_sector_zscore,0.0,0.0,0
25,2022-01-31,fund__roe_sector_zscore,2.114180088043213,0.002111353503494086,1
25,2022-01-31,fund__roa_sector_zscore,12.833379745483398,0.012816221967341975,3
25,2022-01-31,fund__gross_profitability_sector_zscore,0.0,0.0,0
25,2022-01-31,fund__gross_margin_sector_zscore,15.717089653015137,0.015696076455974022,2
25,2022-01-31,fund__operating_margin_sector_zscore,0.0,0.0,0
25,2022-01-31,fund__net_margin_sector_zscore,0.0,0.0,0
25,2022-01-31,fund__cash_conversion_sector_zscore,4.457799911499023,0.004451839989530122,1
25,2022-01-31,fund__debt_to_assets_sector_zscore,0.0,0.0,0
25,2022-01-31,fund__net_debt_to_assets_sector_zscore,0.0,0.0,0
25,2022-01-31,fund__current_ratio_sector_zscore,3.918370008468628,0.003913131285340765,1
25,2022-01-31,fund__interest_coverage_sector_zscore,0.0,0.0,0
25,2022-01-31,fund__capex_to_assets_sector_zscore,0.0,0.0,0
25,2022-01-31,fund__accruals_sector_zscore,3.98868989944458,0.003983357161091404,1
25,2022-01-31,fund__revenue_growth_yoy_sector_zscore,0.0,0.0,0
25,2022-01-31,fund__net_income_growth_yoy_sector_zscore,8.140700340270996,0.00812981650973498,1
25,2022-01-31,fund__operating_cash_flow_growth_yoy_sector_zscore,0.0,0.0,0
25,2022-01-31,fund__asset_growth_yoy_sector_zscore,0.0,0.0,0
25,2022-01-31,fund__revenue_growth_acceleration_sector_zscore,0.0,0.0,0
25,2022-01-31,fund__net_income_growth_acceleration_sector_zscore,0.0,0.0,0
25,2022-01-31,fund__operating_cash_flow_growth_acceleration_sector_zscore,0.0,0.0,0
25,2022-01-31,fund__earnings_yield_missing,0.0,0.0,0
25,2022-01-31,fund__sales_yield_missing,0.0,0.0,0
25,2022-01-31,fund__book_to_market_missing,0.0,0.0,0
25,2022-01-31,fund__fcf_yield_missing,0.0,0.0,0
25,2022-01-31,fund__roe_missing,0.0,0.0,0
25,2022-01-31,fund__roa_missing,0.0,0.0,0
25,2022-01-31,fund__gross_profitability_missing,1.7172199487686157,0.0017149240859884803,1
25,2022-01-31,fund__gross_margin_missing,0.0,0.0,0
25,2022-01-31,fund__operating_margin_missing,0.0,0.0,0
25,2022-01-31,fund__net_margin_missing,0.0,0.0,0
25,2022-01-31,fund__cash_conversion_missing,0.0,0.0,0
25,2022-01-31,fund__debt_to_assets_missing,0.0,0.0,0
25,2022-01-31,fund__net_debt_to_assets_missing,0.0,0.0,0
25,2022-01-31,fund__current_ratio_missing,0.0,0.0,0
25,2022-01-31,fund__interest_coverage_missing,0.0,0.0,0
25,2022-01-31,fund__capex_to_assets_missing,0.0,0.0,0
25,2022-01-31,fund__accruals_missing,0.0,0.0,0
25,2022-01-31,fund__revenue_growth_yoy_missing,0.0,0.0,0
25,2022-01-31,fund__net_income_growth_yoy_missing,0.0,0.0,0
25,2022-01-31,fund__operating_cash_flow_growth_yoy_missing,0.0,0.0,0
25,2022-01-31,fund__asset_growth_yoy_missing,0.0,0.0,0
25,2022-01-31,fund__revenue_growth_acceleration_missing,0.0,0.0,0
25,2022-01-31,fund__net_income_growth_acceleration_missing,0.0,0.0,0
25,2022-01-31,fund__operating_cash_flow_growth_acceleration_missing,0.0,0.0,0
26,2022-02-28,tech__momentum_12_1_sector_neutral,0.0,0.0,0
26,2022-02-28,tech__momentum_6_1_sector_neutral,0.0,0.0,0
26,2022-02-28,tech__return_3m_sector_neutral,0.0,0.0,0
26,2022-02-28,tech__return_1m_sector_neutral,0.0,0.0,0
26,2022-02-28,tech__return_1w_sector_neutral,0.0,0.0,0
26,2022-02-28,tech__reversal_1m_sector_neutral,0.0,0.0,0
26,2022-02-28,tech__volatility_20d_sector_neutral,0.0,0.0,0
26,2022-02-28,tech__volatility_60d_sector_neutral,0.0,0.0,0
26,2022-02-28,tech__downside_volatility_60d_sector_neutral,0.0,0.0,0
26,2022-02-28,tech__beta_60d_market_sector_neutral,0.0,0.0,0
26,2022-02-28,tech__max_drawdown_126d_sector_neutral,0.0,0.0,0
26,2022-02-28,tech__distance_sma_50d_sector_neutral,0.0,0.0,0
26,2022-02-28,tech__distance_sma_200d_sector_neutral,0.0,0.0,0
26,2022-02-28,tech__sma_50_200_spread_sector_neutral,0.0,0.0,0
26,2022-02-28,tech__positive_day_ratio_60d_sector_neutral,2.122760057449341,0.07010804157060327,1
26,2022-02-28,tech__average_dollar_volume_20d_sector_neutral,10.246100425720215,0.3383962459921646,1
26,2022-02-28,tech__dollar_volume_change_20d_60d_sector_neutral,0.0,0.0,0
26,2022-02-28,tech__amihud_illiquidity_20d_sector_neutral,5.0937299728393555,0.16822976833017397,1
26,2022-02-28,tech__zero_volume_ratio_60d_sector_neutral,0.0,0.0,0
26,2022-02-28,fund__earnings_yield_zscore,0.0,0.0,0
26,2022-02-28,fund__sales_yield_zscore,0.0,0.0,0
26,2022-02-28,fund__book_to_market_zscore,5.732450008392334,0.18932466817407403,1
26,2022-02-28,fund__fcf_yield_zscore,0.0,0.0,0
26,2022-02-28,fund__roe_zscore,3.820039987564087,0.12616382210022864,1
26,2022-02-28,fund__roa_zscore,0.0,0.0,0
26,2022-02-28,fund__gross_profitability_zscore,0.0,0.0,0
26,2022-02-28,fund__gross_margin_zscore,0.0,0.0,0
26,2022-02-28,fund__operating_margin_zscore,0.0,0.0,0
26,2022-02-28,fund__net_margin_zscore,0.0,0.0,0
26,2022-02-28,fund__cash_conversion_zscore,0.0,0.0,0
26,2022-02-28,fund__debt_to_assets_zscore,0.0,0.0,0
26,2022-02-28,fund__net_debt_to_assets_zscore,0.0,0.0,0
26,2022-02-28,fund__current_ratio_zscore,0.0,0.0,0
26,2022-02-28,fund__interest_coverage_zscore,0.0,0.0,0
26,2022-02-28,fund__capex_to_assets_zscore,0.0,0.0,0
26,2022-02-28,fund__accruals_zscore,0.0,0.0,0
26,2022-02-28,fund__revenue_growth_yoy_zscore,0.0,0.0,0
26,2022-02-28,fund__net_income_growth_yoy_zscore,0.0,0.0,0
26,2022-02-28,fund__operating_cash_flow_growth_yoy_zscore,0.0,0.0,0
26,2022-02-28,fund__asset_growth_yoy_zscore,0.0,0.0,0
26,2022-02-28,fund__revenue_growth_acceleration_zscore,0.0,0.0,0
26,2022-02-28,fund__net_income_growth_acceleration_zscore,0.0,0.0,0
26,2022-02-28,fund__operating_cash_flow_growth_acceleration_zscore,0.0,0.0,0
26,2022-02-28,fund__earnings_yield_sector_zscore,0.0,0.0,0
26,2022-02-28,fund__sales_yield_sector_zscore,0.0,0.0,0
26,2022-02-28,fund__book_to_market_sector_zscore,0.0,0.0,0
26,2022-02-28,fund__fcf_yield_sector_zscore,0.0,0.0,0
26,2022-02-28,fund__roe_sector_zscore,0.0,0.0,0
26,2022-02-28,fund__roa_sector_zscore,0.0,0.0,0
26,2022-02-28,fund__gross_profitability_sector_zscore,0.0,0.0,0
26,2022-02-28,fund__gross_margin_sector_zscore,0.0,0.0,0
26,2022-02-28,fund__operating_margin_sector_zscore,0.0,0.0,0
26,2022-02-28,fund__net_margin_sector_zscore,0.0,0.0,0
26,2022-02-28,fund__cash_conversion_sector_zscore,0.0,0.0,0
26,2022-02-28,fund__debt_to_assets_sector_zscore,0.0,0.0,0
26,2022-02-28,fund__net_debt_to_assets_sector_zscore,0.0,0.0,0
26,2022-02-28,fund__current_ratio_sector_zscore,0.0,0.0,0
26,2022-02-28,fund__interest_coverage_sector_zscore,0.0,0.0,0
26,2022-02-28,fund__capex_to_assets_sector_zscore,0.0,0.0,0
26,2022-02-28,fund__accruals_sector_zscore,0.0,0.0,0
26,2022-02-28,fund__revenue_growth_yoy_sector_zscore,0.0,0.0,0
26,2022-02-28,fund__net_income_growth_yoy_sector_zscore,0.0,0.0,0
26,2022-02-28,fund__operating_cash_flow_growth_yoy_sector_zscore,0.0,0.0,0
26,2022-02-28,fund__asset_growth_yoy_sector_zscore,0.0,0.0,0
26,2022-02-28,fund__revenue_growth_acceleration_sector_zscore,0.0,0.0,0
26,2022-02-28,fund__net_income_growth_acceleration_sector_zscore,0.0,0.0,0
26,2022-02-28,fund__operating_cash_flow_growth_acceleration_sector_zscore,0.0,0.0,0
26,2022-02-28,fund__earnings_yield_missing,0.0,0.0,0
26,2022-02-28,fund__sales_yield_missing,0.0,0.0,0
26,2022-02-28,fund__book_to_market_missing,0.0,0.0,0
26,2022-02-28,fund__fcf_yield_missing,0.0,0.0,0
26,2022-02-28,fund__roe_missing,0.0,0.0,0
26,2022-02-28,fund__roa_missing,0.0,0.0,0
26,2022-02-28,fund__gross_profitability_missing,0.0,0.0,0
26,2022-02-28,fund__gross_margin_missing,0.0,0.0,0
26,2022-02-28,fund__operating_margin_missing,0.0,0.0,0
26,2022-02-28,fund__net_margin_missing,0.0,0.0,0
26,2022-02-28,fund__cash_conversion_missing,0.0,0.0,0
26,2022-02-28,fund__debt_to_assets_missing,3.2633299827575684,0.10777745383275546,1
26,2022-02-28,fund__net_debt_to_assets_missing,0.0,0.0,0
26,2022-02-28,fund__current_ratio_missing,0.0,0.0,0
26,2022-02-28,fund__interest_coverage_missing,0.0,0.0,0
26,2022-02-28,fund__capex_to_assets_missing,0.0,0.0,0
26,2022-02-28,fund__accruals_missing,0.0,0.0,0
26,2022-02-28,fund__revenue_growth_yoy_missing,0.0,0.0,0
26,2022-02-28,fund__net_income_growth_yoy_missing,0.0,0.0,0
26,2022-02-28,fund__operating_cash_flow_growth_yoy_missing,0.0,0.0,0
26,2022-02-28,fund__asset_growth_yoy_missing,0.0,0.0,0
26,2022-02-28,fund__revenue_growth_acceleration_missing,0.0,0.0,0
26,2022-02-28,fund__net_income_growth_acceleration_missing,0.0,0.0,0
26,2022-02-28,fund__operating_cash_flow_growth_acceleration_missing,0.0,0.0,0
27,2022-03-31,tech__momentum_12_1_sector_neutral,0.0,0.0,0
27,2022-03-31,tech__momentum_6_1_sector_neutral,172.64847040176392,0.15622080410159048,13
27,2022-03-31,tech__return_3m_sector_neutral,0.0,0.0,0
27,2022-03-31,tech__return_1m_sector_neutral,0.0,0.0,0
27,2022-03-31,tech__return_1w_sector_neutral,13.641080141067505,0.01234311838090881,3
27,2022-03-31,tech__reversal_1m_sector_neutral,0.0,0.0,0
27,2022-03-31,tech__volatility_20d_sector_neutral,18.680690050125122,0.01690320460999179,2
27,2022-03-31,tech__volatility_60d_sector_neutral,153.7905511856079,0.13915723384941736,12
27,2022-03-31,tech__downside_volatility_60d_sector_neutral,0.0,0.0,0
27,2022-03-31,tech__beta_60d_market_sector_neutral,2.5274999141693115,0.0022870058914474843,1
27,2022-03-31,tech__max_drawdown_126d_sector_neutral,62.8094916343689,0.05683310871796163,6
27,2022-03-31,tech__distance_sma_50d_sector_neutral,0.0,0.0,0
27,2022-03-31,tech__distance_sma_200d_sector_neutral,6.608320236206055,0.0059795322753718105,1
27,2022-03-31,tech__sma_50_200_spread_sector_neutral,43.44833040237427,0.03931418040678535,4
27,2022-03-31,tech__positive_day_ratio_60d_sector_neutral,0.0,0.0,0
27,2022-03-31,tech__average_dollar_volume_20d_sector_neutral,173.33345794677734,0.15684061442966668,15
27,2022-03-31,tech__dollar_volume_change_20d_60d_sector_neutral,8.994770050048828,0.008138909117802266,1
27,2022-03-31,tech__amihud_illiquidity_20d_sector_neutral,162.99975037574768,0.1474901689705191,18
27,2022-03-31,tech__zero_volume_ratio_60d_sector_neutral,0.0,0.0,0
27,2022-03-31,fund__earnings_yield_zscore,0.0,0.0,0
27,2022-03-31,fund__sales_yield_zscore,73.85279059410095,0.06682562726972734,9
27,2022-03-31,fund__book_to_market_zscore,14.696130275726318,0.013297779490968706,2
27,2022-03-31,fund__fcf_yield_zscore,0.0,0.0,0
27,2022-03-31,fund__roe_zscore,3.7873799800872803,0.0034270071698327405,1
27,2022-03-31,fund__roa_zscore,2.1927599906921387,0.001984116790322992,1
27,2022-03-31,fund__gross_profitability_zscore,0.0,0.0,0
27,2022-03-31,fund__gross_margin_zscore,0.0,0.0,0
27,2022-03-31,fund__operating_margin_zscore,0.0,0.0,0
27,2022-03-31,fund__net_margin_zscore,0.0,0.0,0
27,2022-03-31,fund__cash_conversion_zscore,0.0,0.0,0
27,2022-03-31,fund__debt_to_assets_zscore,0.0,0.0,0
27,2022-03-31,fund__net_debt_to_assets_zscore,0.0,0.0,0
27,2022-03-31,fund__current_ratio_zscore,0.0,0.0,0
27,2022-03-31,fund__interest_coverage_zscore,0.0,0.0,0
27,2022-03-31,fund__capex_to_assets_zscore,0.0,0.0,0
27,2022-03-31,fund__accruals_zscore,6.617020130157471,0.005987404366132453,2
27,2022-03-31,fund__revenue_growth_yoy_zscore,0.0,0.0,0
27,2022-03-31,fund__net_income_growth_yoy_zscore,0.0,0.0,0
27,2022-03-31,fund__operating_cash_flow_growth_yoy_zscore,0.0,0.0,0
27,2022-03-31,fund__asset_growth_yoy_zscore,0.0,0.0,0
27,2022-03-31,fund__revenue_growth_acceleration_zscore,0.0,0.0,0
27,2022-03-31,fund__net_income_growth_acceleration_zscore,5.3071699142456055,0.004802187645091043,1
27,2022-03-31,fund__operating_cash_flow_growth_acceleration_zscore,0.0,0.0,0
27,2022-03-31,fund__earnings_yield_sector_zscore,0.0,0.0,0
27,2022-03-31,fund__sales_yield_sector_zscore,17.20261001586914,0.015565765297957104,3
27,2022-03-31,fund__book_to_market_sector_zscore,5.77938985824585,0.005229475411920702,1
27,2022-03-31,fund__fcf_yield_sector_zscore,0.0,0.0,0
27,2022-03-31,fund__roe_sector_zscore,11.634639978408813,0.01052759290962688,3
27,2022-03-31,fund__roa_sector_zscore,0.0,0.0,0
27,2022-03-31,fund__gross_profitability_sector_zscore,0.0,0.0,0
27,2022-03-31,fund__gross_margin_sector_zscore,59.80467939376831,0.05411420722228913,7
27,2022-03-31,fund__operating_margin_sector_zscore,0.0,0.0,0
27,2022-03-31,fund__net_margin_sector_zscore,0.0,0.0,0
27,2022-03-31,fund__cash_conversion_sector_zscore,44.05210065841675,0.039860501348245696,6
27,2022-03-31,fund__debt_to_assets_sector_zscore,0.0,0.0,0
27,2022-03-31,fund__net_debt_to_assets_sector_zscore,0.0,0.0,0
27,2022-03-31,fund__current_ratio_sector_zscore,0.0,0.0,0
27,2022-03-31,fund__interest_coverage_sector_zscore,0.0,0.0,0
27,2022-03-31,fund__capex_to_assets_sector_zscore,13.1528902053833,0.01190138018230551,2
27,2022-03-31,fund__accruals_sector_zscore,3.7099599838256836,0.0033569537599103484,1
27,2022-03-31,fund__revenue_growth_yoy_sector_zscore,9.872570037841797,0.008933185601192314,2
27,2022-03-31,fund__net_income_growth_yoy_sector_zscore,5.738500118255615,0.005192476369612859,1
27,2022-03-31,fund__operating_cash_flow_growth_yoy_sector_zscore,0.0,0.0,0
27,2022-03-31,fund__asset_growth_yoy_sector_zscore,3.89985990524292,0.003528784523041896,1
27,2022-03-31,fund__revenue_growth_acceleration_sector_zscore,0.0,0.0,0
27,2022-03-31,fund__net_income_growth_acceleration_sector_zscore,0.0,0.0,0
27,2022-03-31,fund__operating_cash_flow_growth_acceleration_sector_zscore,0.0,0.0,0
27,2022-03-31,fund__earnings_yield_missing,0.0,0.0,0
27,2022-03-31,fund__sales_yield_missing,0.0,0.0,0
27,2022-03-31,fund__book_to_market_missing,0.0,0.0,0
27,2022-03-31,fund__fcf_yield_missing,0.0,0.0,0
27,2022-03-31,fund__roe_missing,0.0,0.0,0
27,2022-03-31,fund__roa_missing,0.0,0.0,0
27,2022-03-31,fund__gross_profitability_missing,0.0,0.0,0
27,2022-03-31,fund__gross_margin_missing,0.0,0.0,0
27,2022-03-31,fund__operating_margin_missing,0.0,0.0,0
27,2022-03-31,fund__net_margin_missing,0.0,0.0,0
27,2022-03-31,fund__cash_conversion_missing,0.0,0.0,0
27,2022-03-31,fund__debt_to_assets_missing,0.0,0.0,0
27,2022-03-31,fund__net_debt_to_assets_missing,0.0,0.0,0
27,2022-03-31,fund__current_ratio_missing,0.0,0.0,0
27,2022-03-31,fund__interest_coverage_missing,4.373849868774414,0.003957673890359552,1
27,2022-03-31,fund__capex_to_assets_missing,0.0,0.0,0
27,2022-03-31,fund__accruals_missing,0.0,0.0,0
27,2022-03-31,fund__revenue_growth_yoy_missing,0.0,0.0,0
27,2022-03-31,fund__net_income_growth_yoy_missing,0.0,0.0,0
27,2022-03-31,fund__operating_cash_flow_growth_yoy_missing,0.0,0.0,0
27,2022-03-31,fund__asset_growth_yoy_missing,0.0,0.0,0
27,2022-03-31,fund__revenue_growth_acceleration_missing,0.0,0.0,0
27,2022-03-31,fund__net_income_growth_acceleration_missing,0.0,0.0,0
27,2022-03-31,fund__operating_cash_flow_growth_acceleration_missing,0.0,0.0,0
28,2022-04-29,tech__momentum_12_1_sector_neutral,0.0,0.0,0
28,2022-04-29,tech__momentum_6_1_sector_neutral,172.64847040176392,0.15622080410159048,13
28,2022-04-29,tech__return_3m_sector_neutral,0.0,0.0,0
28,2022-04-29,tech__return_1m_sector_neutral,0.0,0.0,0
28,2022-04-29,tech__return_1w_sector_neutral,13.641080141067505,0.01234311838090881,3
28,2022-04-29,tech__reversal_1m_sector_neutral,0.0,0.0,0
28,2022-04-29,tech__volatility_20d_sector_neutral,18.680690050125122,0.01690320460999179,2
28,2022-04-29,tech__volatility_60d_sector_neutral,153.7905511856079,0.13915723384941736,12
28,2022-04-29,tech__downside_volatility_60d_sector_neutral,0.0,0.0,0
28,2022-04-29,tech__beta_60d_market_sector_neutral,2.5274999141693115,0.0022870058914474843,1
28,2022-04-29,tech__max_drawdown_126d_sector_neutral,62.8094916343689,0.05683310871796163,6
28,2022-04-29,tech__distance_sma_50d_sector_neutral,0.0,0.0,0
28,2022-04-29,tech__distance_sma_200d_sector_neutral,6.608320236206055,0.0059795322753718105,1
28,2022-04-29,tech__sma_50_200_spread_sector_neutral,43.44833040237427,0.03931418040678535,4
28,2022-04-29,tech__positive_day_ratio_60d_sector_neutral,0.0,0.0,0
28,2022-04-29,tech__average_dollar_volume_20d_sector_neutral,173.33345794677734,0.15684061442966668,15
28,2022-04-29,tech__dollar_volume_change_20d_60d_sector_neutral,8.994770050048828,0.008138909117802266,1
28,2022-04-29,tech__amihud_illiquidity_20d_sector_neutral,162.99975037574768,0.1474901689705191,18
28,2022-04-29,tech__zero_volume_ratio_60d_sector_neutral,0.0,0.0,0
28,2022-04-29,fund__earnings_yield_zscore,0.0,0.0,0
28,2022-04-29,fund__sales_yield_zscore,73.85279059410095,0.06682562726972734,9
28,2022-04-29,fund__book_to_market_zscore,14.696130275726318,0.013297779490968706,2
28,2022-04-29,fund__fcf_yield_zscore,0.0,0.0,0
28,2022-04-29,fund__roe_zscore,3.7873799800872803,0.0034270071698327405,1
28,2022-04-29,fund__roa_zscore,2.1927599906921387,0.001984116790322992,1
28,2022-04-29,fund__gross_profitability_zscore,0.0,0.0,0
28,2022-04-29,fund__gross_margin_zscore,0.0,0.0,0
28,2022-04-29,fund__operating_margin_zscore,0.0,0.0,0
28,2022-04-29,fund__net_margin_zscore,0.0,0.0,0
28,2022-04-29,fund__cash_conversion_zscore,0.0,0.0,0
28,2022-04-29,fund__debt_to_assets_zscore,0.0,0.0,0
28,2022-04-29,fund__net_debt_to_assets_zscore,0.0,0.0,0
28,2022-04-29,fund__current_ratio_zscore,0.0,0.0,0
28,2022-04-29,fund__interest_coverage_zscore,0.0,0.0,0
28,2022-04-29,fund__capex_to_assets_zscore,0.0,0.0,0
28,2022-04-29,fund__accruals_zscore,6.617020130157471,0.005987404366132453,2
28,2022-04-29,fund__revenue_growth_yoy_zscore,0.0,0.0,0
28,2022-04-29,fund__net_income_growth_yoy_zscore,0.0,0.0,0
28,2022-04-29,fund__operating_cash_flow_growth_yoy_zscore,0.0,0.0,0
28,2022-04-29,fund__asset_growth_yoy_zscore,0.0,0.0,0
28,2022-04-29,fund__revenue_growth_acceleration_zscore,0.0,0.0,0
28,2022-04-29,fund__net_income_growth_acceleration_zscore,5.3071699142456055,0.004802187645091043,1
28,2022-04-29,fund__operating_cash_flow_growth_acceleration_zscore,0.0,0.0,0
28,2022-04-29,fund__earnings_yield_sector_zscore,0.0,0.0,0
28,2022-04-29,fund__sales_yield_sector_zscore,17.20261001586914,0.015565765297957104,3
28,2022-04-29,fund__book_to_market_sector_zscore,5.77938985824585,0.005229475411920702,1
28,2022-04-29,fund__fcf_yield_sector_zscore,0.0,0.0,0
28,2022-04-29,fund__roe_sector_zscore,11.634639978408813,0.01052759290962688,3
28,2022-04-29,fund__roa_sector_zscore,0.0,0.0,0
28,2022-04-29,fund__gross_profitability_sector_zscore,0.0,0.0,0
28,2022-04-29,fund__gross_margin_sector_zscore,59.80467939376831,0.05411420722228913,7
28,2022-04-29,fund__operating_margin_sector_zscore,0.0,0.0,0
28,2022-04-29,fund__net_margin_sector_zscore,0.0,0.0,0
28,2022-04-29,fund__cash_conversion_sector_zscore,44.05210065841675,0.039860501348245696,6
28,2022-04-29,fund__debt_to_assets_sector_zscore,0.0,0.0,0
28,2022-04-29,fund__net_debt_to_assets_sector_zscore,0.0,0.0,0
28,2022-04-29,fund__current_ratio_sector_zscore,0.0,0.0,0
28,2022-04-29,fund__interest_coverage_sector_zscore,0.0,0.0,0
28,2022-04-29,fund__capex_to_assets_sector_zscore,13.1528902053833,0.01190138018230551,2
28,2022-04-29,fund__accruals_sector_zscore,3.7099599838256836,0.0033569537599103484,1
28,2022-04-29,fund__revenue_growth_yoy_sector_zscore,9.872570037841797,0.008933185601192314,2
28,2022-04-29,fund__net_income_growth_yoy_sector_zscore,5.738500118255615,0.005192476369612859,1
28,2022-04-29,fund__operating_cash_flow_growth_yoy_sector_zscore,0.0,0.0,0
28,2022-04-29,fund__asset_growth_yoy_sector_zscore,3.89985990524292,0.003528784523041896,1
28,2022-04-29,fund__revenue_growth_acceleration_sector_zscore,0.0,0.0,0
28,2022-04-29,fund__net_income_growth_acceleration_sector_zscore,0.0,0.0,0
28,2022-04-29,fund__operating_cash_flow_growth_acceleration_sector_zscore,0.0,0.0,0
28,2022-04-29,fund__earnings_yield_missing,0.0,0.0,0
28,2022-04-29,fund__sales_yield_missing,0.0,0.0,0
28,2022-04-29,fund__book_to_market_missing,0.0,0.0,0
28,2022-04-29,fund__fcf_yield_missing,0.0,0.0,0
28,2022-04-29,fund__roe_missing,0.0,0.0,0
28,2022-04-29,fund__roa_missing,0.0,0.0,0
28,2022-04-29,fund__gross_profitability_missing,0.0,0.0,0
28,2022-04-29,fund__gross_margin_missing,0.0,0.0,0
28,2022-04-29,fund__operating_margin_missing,0.0,0.0,0
28,2022-04-29,fund__net_margin_missing,0.0,0.0,0
28,2022-04-29,fund__cash_conversion_missing,0.0,0.0,0
28,2022-04-29,fund__debt_to_assets_missing,0.0,0.0,0
28,2022-04-29,fund__net_debt_to_assets_missing,0.0,0.0,0
28,2022-04-29,fund__current_ratio_missing,0.0,0.0,0
28,2022-04-29,fund__interest_coverage_missing,4.373849868774414,0.003957673890359552,1
28,2022-04-29,fund__capex_to_assets_missing,0.0,0.0,0
28,2022-04-29,fund__accruals_missing,0.0,0.0,0
28,2022-04-29,fund__revenue_growth_yoy_missing,0.0,0.0,0
28,2022-04-29,fund__net_income_growth_yoy_missing,0.0,0.0,0
28,2022-04-29,fund__operating_cash_flow_growth_yoy_missing,0.0,0.0,0
28,2022-04-29,fund__asset_growth_yoy_missing,0.0,0.0,0
28,2022-04-29,fund__revenue_growth_acceleration_missing,0.0,0.0,0
28,2022-04-29,fund__net_income_growth_acceleration_missing,0.0,0.0,0
28,2022-04-29,fund__operating_cash_flow_growth_acceleration_missing,0.0,0.0,0
29,2022-05-31,tech__momentum_12_1_sector_neutral,6.841479778289795,0.0062197625493815665,1
29,2022-05-31,tech__momentum_6_1_sector_neutral,144.78823900222778,0.13163065531446755,12
29,2022-05-31,tech__return_3m_sector_neutral,3.55826997756958,0.00323491336147871,1
29,2022-05-31,tech__return_1m_sector_neutral,15.21867036819458,0.013835678694520891,2
29,2022-05-31,tech__return_1w_sector_neutral,0.0,0.0,0
29,2022-05-31,tech__reversal_1m_sector_neutral,0.0,0.0,0
29,2022-05-31,tech__volatility_20d_sector_neutral,17.554569721221924,0.015959303960678725,2
29,2022-05-31,tech__volatility_60d_sector_neutral,102.99183893203735,0.0936324893795937,10
29,2022-05-31,tech__downside_volatility_60d_sector_neutral,0.0,0.0,0
29,2022-05-31,tech__beta_60d_market_sector_neutral,20.236719727516174,0.01839771446565616,5
29,2022-05-31,tech__max_drawdown_126d_sector_neutral,36.14621019363403,0.03286143520848628,5
29,2022-05-31,tech__distance_sma_50d_sector_neutral,14.317430019378662,0.013016338266541425,2
29,2022-05-31,tech__distance_sma_200d_sector_neutral,25.64071035385132,0.023310619217863208,3
29,2022-05-31,tech__sma_50_200_spread_sector_neutral,35.895909786224365,0.03263388076843051,4
29,2022-05-31,tech__positive_day_ratio_60d_sector_neutral,0.0,0.0,0
29,2022-05-31,tech__average_dollar_volume_20d_sector_neutral,212.38641047477722,0.1930858651458028,15
29,2022-05-31,tech__dollar_volume_change_20d_60d_sector_neutral,33.54545021057129,0.03049701843509818,5
29,2022-05-31,tech__amihud_illiquidity_20d_sector_neutral,203.58598709106445,0.18508517734805252,19
29,2022-05-31,tech__zero_volume_ratio_60d_sector_neutral,0.0,0.0,0
29,2022-05-31,fund__earnings_yield_zscore,0.0,0.0,0
29,2022-05-31,fund__sales_yield_zscore,32.13893985748291,0.029218324248612787,4
29,2022-05-31,fund__book_to_market_zscore,13.455679893493652,0.012232899400448003,2
29,2022-05-31,fund__fcf_yield_zscore,0.0,0.0,0
29,2022-05-31,fund__roe_zscore,4.0448899269104,0.0036773118826724073,1
29,2022-05-31,fund__roa_zscore,6.276179790496826,0.005705834012400714,1
29,2022-05-31,fund__gross_profitability_zscore,0.0,0.0,0
29,2022-05-31,fund__gross_margin_zscore,0.0,0.0,0
29,2022-05-31,fund__operating_margin_zscore,0.0,0.0,0
29,2022-05-31,fund__net_margin_zscore,0.0,0.0,0
29,2022-05-31,fund__cash_conversion_zscore,10.572799921035767,0.00961200019908575,2
29,2022-05-31,fund__debt_to_assets_zscore,0.0,0.0,0
29,2022-05-31,fund__net_debt_to_assets_zscore,0.0,0.0,0
29,2022-05-31,fund__current_ratio_zscore,4.858650207519531,0.004417121964925129,1
29,2022-05-31,fund__interest_coverage_zscore,0.0,0.0,0
29,2022-05-31,fund__capex_to_assets_zscore,4.798520088195801,0.004362456150455226,1
29,2022-05-31,fund__accruals_zscore,2.31820011138916,0.002107534437293154,1
29,2022-05-31,fund__revenue_growth_yoy_zscore,20.61158013343811,0.018738509555250363,3
29,2022-05-31,fund__net_income_growth_yoy_zscore,10.454389572143555,0.009504350351776974,2
29,2022-05-31,fund__operating_cash_flow_growth_yoy_zscore,0.0,0.0,0
29,2022-05-31,fund__asset_growth_yoy_zscore,0.0,0.0,0
29,2022-05-31,fund__revenue_growth_acceleration_zscore,0.0,0.0,0
29,2022-05-31,fund__net_income_growth_acceleration_zscore,6.3483500480651855,0.005771445821504842,1
29,2022-05-31,fund__operating_cash_flow_growth_acceleration_zscore,0.0,0.0,0
29,2022-05-31,fund__earnings_yield_sector_zscore,5.412499904632568,0.004920640752632649,1
29,2022-05-31,fund__sales_yield_sector_zscore,32.33622980117798,0.02939768553344157,5
29,2022-05-31,fund__book_to_market_sector_zscore,6.080989837646484,0.0055283818824380365,1
29,2022-05-31,fund__fcf_yield_sector_zscore,0.0,0.0,0
29,2022-05-31,fund__roe_sector_zscore,12.346260070800781,0.011224297739938298,2
29,2022-05-31,fund__roa_sector_zscore,0.0,0.0,0
29,2022-05-31,fund__gross_profitability_sector_zscore,0.0,0.0,0
29,2022-05-31,fund__gross_margin_sector_zscore,22.482049465179443,0.02043900060051363,2
29,2022-05-31,fund__operating_margin_sector_zscore,0.0,0.0,0
29,2022-05-31,fund__net_margin_sector_zscore,0.0,0.0,0
29,2022-05-31,fund__cash_conversion_sector_zscore,19.311840057373047,0.017556882931914698,3
29,2022-05-31,fund__debt_to_assets_sector_zscore,0.0,0.0,0
29,2022-05-31,fund__net_debt_to_assets_sector_zscore,0.0,0.0,0
29,2022-05-31,fund__current_ratio_sector_zscore,0.0,0.0,0
29,2022-05-31,fund__interest_coverage_sector_zscore,0.0,0.0,0
29,2022-05-31,fund__capex_to_assets_sector_zscore,0.0,0.0,0
29,2022-05-31,fund__accruals_sector_zscore,0.0,0.0,0
29,2022-05-31,fund__revenue_growth_yoy_sector_zscore,0.0,0.0,0
29,2022-05-31,fund__net_income_growth_yoy_sector_zscore,9.569519996643066,0.008699893008462148,1
29,2022-05-31,fund__operating_cash_flow_growth_yoy_sector_zscore,0.0,0.0,0
29,2022-05-31,fund__asset_growth_yoy_sector_zscore,0.0,0.0,0
29,2022-05-31,fund__revenue_growth_acceleration_sector_zscore,0.0,0.0,0
29,2022-05-31,fund__net_income_growth_acceleration_sector_zscore,0.0,0.0,0
29,2022-05-31,fund__operating_cash_flow_growth_acceleration_sector_zscore,0.0,0.0,0
29,2022-05-31,fund__earnings_yield_missing,0.0,0.0,0
29,2022-05-31,fund__sales_yield_missing,0.0,0.0,0
29,2022-05-31,fund__book_to_market_missing,0.0,0.0,0
29,2022-05-31,fund__fcf_yield_missing,0.0,0.0,0
29,2022-05-31,fund__roe_missing,0.0,0.0,0
29,2022-05-31,fund__roa_missing,0.0,0.0,0
29,2022-05-31,fund__gross_profitability_missing,0.0,0.0,0
29,2022-05-31,fund__gross_margin_missing,0.0,0.0,0
29,2022-05-31,fund__operating_margin_missing,0.0,0.0,0
29,2022-05-31,fund__net_margin_missing,0.0,0.0,0
29,2022-05-31,fund__cash_conversion_missing,0.0,0.0,0
29,2022-05-31,fund__debt_to_assets_missing,3.832890033721924,0.0034845774101813997,1
29,2022-05-31,fund__net_debt_to_assets_missing,0.0,0.0,0
29,2022-05-31,fund__current_ratio_missing,0.0,0.0,0
29,2022-05-31,fund__interest_coverage_missing,0.0,0.0,0
29,2022-05-31,fund__capex_to_assets_missing,0.0,0.0,0
29,2022-05-31,fund__accruals_missing,0.0,0.0,0
29,2022-05-31,fund__revenue_growth_yoy_missing,0.0,0.0,0
29,2022-05-31,fund__net_income_growth_yoy_missing,0.0,0.0,0
29,2022-05-31,fund__operating_cash_flow_growth_yoy_missing,0.0,0.0,0
29,2022-05-31,fund__asset_growth_yoy_missing,0.0,0.0,0
29,2022-05-31,fund__revenue_growth_acceleration_missing,0.0,0.0,0
29,2022-05-31,fund__net_income_growth_acceleration_missing,0.0,0.0,0
29,2022-05-31,fund__operating_cash_flow_growth_acceleration_missing,0.0,0.0,0
30,2022-06-30,tech__momentum_12_1_sector_neutral,0.0,0.0,0
30,2022-06-30,tech__momentum_6_1_sector_neutral,0.0,0.0,0
30,2022-06-30,tech__return_3m_sector_neutral,0.0,0.0,0
30,2022-06-30,tech__return_1m_sector_neutral,0.0,0.0,0
30,2022-06-30,tech__return_1w_sector_neutral,0.0,0.0,0
30,2022-06-30,tech__reversal_1m_sector_neutral,0.0,0.0,0
30,2022-06-30,tech__volatility_20d_sector_neutral,0.0,0.0,0
30,2022-06-30,tech__volatility_60d_sector_neutral,0.0,0.0,0
30,2022-06-30,tech__downside_volatility_60d_sector_neutral,0.0,0.0,0
30,2022-06-30,tech__beta_60d_market_sector_neutral,0.0,0.0,0
30,2022-06-30,tech__max_drawdown_126d_sector_neutral,19.747600555419922,0.11733492549220813,1
30,2022-06-30,tech__distance_sma_50d_sector_neutral,0.0,0.0,0
30,2022-06-30,tech__distance_sma_200d_sector_neutral,0.0,0.0,0
30,2022-06-30,tech__sma_50_200_spread_sector_neutral,10.068300247192383,0.05982312919598033,1
30,2022-06-30,tech__positive_day_ratio_60d_sector_neutral,0.0,0.0,0
30,2022-06-30,tech__average_dollar_volume_20d_sector_neutral,47.889079570770264,0.2845440167557242,4
30,2022-06-30,tech__dollar_volume_change_20d_60d_sector_neutral,0.0,0.0,0
30,2022-06-30,tech__amihud_illiquidity_20d_sector_neutral,54.10201930999756,0.32145963186268134,4
30,2022-06-30,tech__zero_volume_ratio_60d_sector_neutral,0.0,0.0,0
30,2022-06-30,fund__earnings_yield_zscore,0.0,0.0,0
30,2022-06-30,fund__sales_yield_zscore,5.779280185699463,0.034338926801997065,1
30,2022-06-30,fund__book_to_market_zscore,7.023560047149658,0.04173210271848294,1
30,2022-06-30,fund__fcf_yield_zscore,0.0,0.0,0
30,2022-06-30,fund__roe_zscore,4.103730201721191,0.024383259936201458,1
30,2022-06-30,fund__roa_zscore,0.0,0.0,0
30,2022-06-30,fund__gross_profitability_zscore,0.0,0.0,0
30,2022-06-30,fund__gross_margin_zscore,0.0,0.0,0
30,2022-06-30,fund__operating_margin_zscore,0.0,0.0,0
30,2022-06-30,fund__net_margin_zscore,0.0,0.0,0
30,2022-06-30,fund__cash_conversion_zscore,2.194010019302368,0.013036216801202524,1
30,2022-06-30,fund__debt_to_assets_zscore,0.0,0.0,0
30,2022-06-30,fund__net_debt_to_assets_zscore,0.0,0.0,0
30,2022-06-30,fund__current_ratio_zscore,0.0,0.0,0
30,2022-06-30,fund__interest_coverage_zscore,0.0,0.0,0
30,2022-06-30,fund__capex_to_assets_zscore,0.0,0.0,0
30,2022-06-30,fund__accruals_zscore,0.0,0.0,0
30,2022-06-30,fund__revenue_growth_yoy_zscore,0.0,0.0,0
30,2022-06-30,fund__net_income_growth_yoy_zscore,7.009510040283203,0.041648621360623084,1
30,2022-06-30,fund__operating_cash_flow_growth_yoy_zscore,0.0,0.0,0
30,2022-06-30,fund__asset_growth_yoy_zscore,0.0,0.0,0
30,2022-06-30,fund__revenue_growth_acceleration_zscore,0.0,0.0,0
30,2022-06-30,fund__net_income_growth_acceleration_zscore,0.0,0.0,0
30,2022-06-30,fund__operating_cash_flow_growth_acceleration_zscore,0.0,0.0,0
30,2022-06-30,fund__earnings_yield_sector_zscore,0.0,0.0,0
30,2022-06-30,fund__sales_yield_sector_zscore,0.0,0.0,0
30,2022-06-30,fund__book_to_market_sector_zscore,0.0,0.0,0
30,2022-06-30,fund__fcf_yield_sector_zscore,0.0,0.0,0
30,2022-06-30,fund__roe_sector_zscore,0.0,0.0,0
30,2022-06-30,fund__roa_sector_zscore,0.0,0.0,0
30,2022-06-30,fund__gross_profitability_sector_zscore,0.0,0.0,0
30,2022-06-30,fund__gross_margin_sector_zscore,0.0,0.0,0
30,2022-06-30,fund__operating_margin_sector_zscore,0.0,0.0,0
30,2022-06-30,fund__net_margin_sector_zscore,0.0,0.0,0
30,2022-06-30,fund__cash_conversion_sector_zscore,6.683279991149902,0.03971025024556276,1
30,2022-06-30,fund__debt_to_assets_sector_zscore,0.0,0.0,0
30,2022-06-30,fund__net_debt_to_assets_sector_zscore,0.0,0.0,0
30,2022-06-30,fund__current_ratio_sector_zscore,0.0,0.0,0
30,2022-06-30,fund__interest_coverage_sector_zscore,0.0,0.0,0
30,2022-06-30,fund__capex_to_assets_sector_zscore,0.0,0.0,0
30,2022-06-30,fund__accruals_sector_zscore,0.0,0.0,0
30,2022-06-30,fund__revenue_growth_yoy_sector_zscore,0.0,0.0,0
30,2022-06-30,fund__net_income_growth_yoy_sector_zscore,0.0,0.0,0
30,2022-06-30,fund__operating_cash_flow_growth_yoy_sector_zscore,0.0,0.0,0
30,2022-06-30,fund__asset_growth_yoy_sector_zscore,0.0,0.0,0
30,2022-06-30,fund__revenue_growth_acceleration_sector_zscore,0.0,0.0,0
30,2022-06-30,fund__net_income_growth_acceleration_sector_zscore,0.0,0.0,0
30,2022-06-30,fund__operating_cash_flow_growth_acceleration_sector_zscore,0.0,0.0,0
30,2022-06-30,fund__earnings_yield_missing,0.0,0.0,0
30,2022-06-30,fund__sales_yield_missing,0.0,0.0,0
30,2022-06-30,fund__book_to_market_missing,0.0,0.0,0
30,2022-06-30,fund__fcf_yield_missing,0.0,0.0,0
30,2022-06-30,fund__roe_missing,0.0,0.0,0
30,2022-06-30,fund__roa_missing,0.0,0.0,0
30,2022-06-30,fund__gross_profitability_missing,0.0,0.0,0
30,2022-06-30,fund__gross_margin_missing,0.0,0.0,0
30,2022-06-30,fund__operating_margin_missing,0.0,0.0,0
30,2022-06-30,fund__net_margin_missing,0.0,0.0,0
30,2022-06-30,fund__cash_conversion_missing,0.0,0.0,0
30,2022-06-30,fund__debt_to_assets_missing,3.7007598876953125,0.021988918829336145,1
30,2022-06-30,fund__net_debt_to_assets_missing,0.0,0.0,0
30,2022-06-30,fund__current_ratio_missing,0.0,0.0,0
30,2022-06-30,fund__interest_coverage_missing,0.0,0.0,0
30,2022-06-30,fund__capex_to_assets_missing,0.0,0.0,0
30,2022-06-30,fund__accruals_missing,0.0,0.0,0
30,2022-06-30,fund__revenue_growth_yoy_missing,0.0,0.0,0
30,2022-06-30,fund__net_income_growth_yoy_missing,0.0,0.0,0
30,2022-06-30,fund__operating_cash_flow_growth_yoy_missing,0.0,0.0,0
30,2022-06-30,fund__asset_growth_yoy_missing,0.0,0.0,0
30,2022-06-30,fund__revenue_growth_acceleration_missing,0.0,0.0,0
30,2022-06-30,fund__net_income_growth_acceleration_missing,0.0,0.0,0
30,2022-06-30,fund__operating_cash_flow_growth_acceleration_missing,0.0,0.0,0
31,2022-07-29,tech__momentum_12_1_sector_neutral,0.0,0.0,0
31,2022-07-29,tech__momentum_6_1_sector_neutral,0.0,0.0,0
31,2022-07-29,tech__return_3m_sector_neutral,0.0,0.0,0
31,2022-07-29,tech__return_1m_sector_neutral,0.0,0.0,0
31,2022-07-29,tech__return_1w_sector_neutral,0.0,0.0,0
31,2022-07-29,tech__reversal_1m_sector_neutral,0.0,0.0,0
31,2022-07-29,tech__volatility_20d_sector_neutral,0.0,0.0,0
31,2022-07-29,tech__volatility_60d_sector_neutral,0.0,0.0,0
31,2022-07-29,tech__downside_volatility_60d_sector_neutral,0.0,0.0,0
31,2022-07-29,tech__beta_60d_market_sector_neutral,0.0,0.0,0
31,2022-07-29,tech__max_drawdown_126d_sector_neutral,19.747600555419922,0.11733492549220813,1
31,2022-07-29,tech__distance_sma_50d_sector_neutral,0.0,0.0,0
31,2022-07-29,tech__distance_sma_200d_sector_neutral,0.0,0.0,0
31,2022-07-29,tech__sma_50_200_spread_sector_neutral,10.068300247192383,0.05982312919598033,1
31,2022-07-29,tech__positive_day_ratio_60d_sector_neutral,0.0,0.0,0
31,2022-07-29,tech__average_dollar_volume_20d_sector_neutral,47.889079570770264,0.2845440167557242,4
31,2022-07-29,tech__dollar_volume_change_20d_60d_sector_neutral,0.0,0.0,0
31,2022-07-29,tech__amihud_illiquidity_20d_sector_neutral,54.10201930999756,0.32145963186268134,4
31,2022-07-29,tech__zero_volume_ratio_60d_sector_neutral,0.0,0.0,0
31,2022-07-29,fund__earnings_yield_zscore,0.0,0.0,0
31,2022-07-29,fund__sales_yield_zscore,5.779280185699463,0.034338926801997065,1
31,2022-07-29,fund__book_to_market_zscore,7.023560047149658,0.04173210271848294,1
31,2022-07-29,fund__fcf_yield_zscore,0.0,0.0,0
31,2022-07-29,fund__roe_zscore,4.103730201721191,0.024383259936201458,1
31,2022-07-29,fund__roa_zscore,0.0,0.0,0
31,2022-07-29,fund__gross_profitability_zscore,0.0,0.0,0
31,2022-07-29,fund__gross_margin_zscore,0.0,0.0,0
31,2022-07-29,fund__operating_margin_zscore,0.0,0.0,0
31,2022-07-29,fund__net_margin_zscore,0.0,0.0,0
31,2022-07-29,fund__cash_conversion_zscore,2.194010019302368,0.013036216801202524,1
31,2022-07-29,fund__debt_to_assets_zscore,0.0,0.0,0
31,2022-07-29,fund__net_debt_to_assets_zscore,0.0,0.0,0
31,2022-07-29,fund__current_ratio_zscore,0.0,0.0,0
31,2022-07-29,fund__interest_coverage_zscore,0.0,0.0,0
31,2022-07-29,fund__capex_to_assets_zscore,0.0,0.0,0
31,2022-07-29,fund__accruals_zscore,0.0,0.0,0
31,2022-07-29,fund__revenue_growth_yoy_zscore,0.0,0.0,0
31,2022-07-29,fund__net_income_growth_yoy_zscore,7.009510040283203,0.041648621360623084,1
31,2022-07-29,fund__operating_cash_flow_growth_yoy_zscore,0.0,0.0,0
31,2022-07-29,fund__asset_growth_yoy_zscore,0.0,0.0,0
31,2022-07-29,fund__revenue_growth_acceleration_zscore,0.0,0.0,0
31,2022-07-29,fund__net_income_growth_acceleration_zscore,0.0,0.0,0
31,2022-07-29,fund__operating_cash_flow_growth_acceleration_zscore,0.0,0.0,0
31,2022-07-29,fund__earnings_yield_sector_zscore,0.0,0.0,0
31,2022-07-29,fund__sales_yield_sector_zscore,0.0,0.0,0
31,2022-07-29,fund__book_to_market_sector_zscore,0.0,0.0,0
31,2022-07-29,fund__fcf_yield_sector_zscore,0.0,0.0,0
31,2022-07-29,fund__roe_sector_zscore,0.0,0.0,0
31,2022-07-29,fund__roa_sector_zscore,0.0,0.0,0
31,2022-07-29,fund__gross_profitability_sector_zscore,0.0,0.0,0
31,2022-07-29,fund__gross_margin_sector_zscore,0.0,0.0,0
31,2022-07-29,fund__operating_margin_sector_zscore,0.0,0.0,0
31,2022-07-29,fund__net_margin_sector_zscore,0.0,0.0,0
31,2022-07-29,fund__cash_conversion_sector_zscore,6.683279991149902,0.03971025024556276,1
31,2022-07-29,fund__debt_to_assets_sector_zscore,0.0,0.0,0
31,2022-07-29,fund__net_debt_to_assets_sector_zscore,0.0,0.0,0
31,2022-07-29,fund__current_ratio_sector_zscore,0.0,0.0,0
31,2022-07-29,fund__interest_coverage_sector_zscore,0.0,0.0,0
31,2022-07-29,fund__capex_to_assets_sector_zscore,0.0,0.0,0
31,2022-07-29,fund__accruals_sector_zscore,0.0,0.0,0
31,2022-07-29,fund__revenue_growth_yoy_sector_zscore,0.0,0.0,0
31,2022-07-29,fund__net_income_growth_yoy_sector_zscore,0.0,0.0,0
31,2022-07-29,fund__operating_cash_flow_growth_yoy_sector_zscore,0.0,0.0,0
31,2022-07-29,fund__asset_growth_yoy_sector_zscore,0.0,0.0,0
31,2022-07-29,fund__revenue_growth_acceleration_sector_zscore,0.0,0.0,0
31,2022-07-29,fund__net_income_growth_acceleration_sector_zscore,0.0,0.0,0
31,2022-07-29,fund__operating_cash_flow_growth_acceleration_sector_zscore,0.0,0.0,0
31,2022-07-29,fund__earnings_yield_missing,0.0,0.0,0
31,2022-07-29,fund__sales_yield_missing,0.0,0.0,0
31,2022-07-29,fund__book_to_market_missing,0.0,0.0,0
31,2022-07-29,fund__fcf_yield_missing,0.0,0.0,0
31,2022-07-29,fund__roe_missing,0.0,0.0,0
31,2022-07-29,fund__roa_missing,0.0,0.0,0
31,2022-07-29,fund__gross_profitability_missing,0.0,0.0,0
31,2022-07-29,fund__gross_margin_missing,0.0,0.0,0
31,2022-07-29,fund__operating_margin_missing,0.0,0.0,0
31,2022-07-29,fund__net_margin_missing,0.0,0.0,0
31,2022-07-29,fund__cash_conversion_missing,0.0,0.0,0
31,2022-07-29,fund__debt_to_assets_missing,3.7007598876953125,0.021988918829336145,1
31,2022-07-29,fund__net_debt_to_assets_missing,0.0,0.0,0
31,2022-07-29,fund__current_ratio_missing,0.0,0.0,0
31,2022-07-29,fund__interest_coverage_missing,0.0,0.0,0
31,2022-07-29,fund__capex_to_assets_missing,0.0,0.0,0
31,2022-07-29,fund__accruals_missing,0.0,0.0,0
31,2022-07-29,fund__revenue_growth_yoy_missing,0.0,0.0,0
31,2022-07-29,fund__net_income_growth_yoy_missing,0.0,0.0,0
31,2022-07-29,fund__operating_cash_flow_growth_yoy_missing,0.0,0.0,0
31,2022-07-29,fund__asset_growth_yoy_missing,0.0,0.0,0
31,2022-07-29,fund__revenue_growth_acceleration_missing,0.0,0.0,0
31,2022-07-29,fund__net_income_growth_acceleration_missing,0.0,0.0,0
31,2022-07-29,fund__operating_cash_flow_growth_acceleration_missing,0.0,0.0,0
32,2022-08-31,tech__momentum_12_1_sector_neutral,3.7302101254463196,0.00713773723410798,2
32,2022-08-31,tech__momentum_6_1_sector_neutral,8.20343017578125,0.015697220007431303,1
32,2022-08-31,tech__return_3m_sector_neutral,2.7095699310302734,0.005184747650863266,1
32,2022-08-31,tech__return_1m_sector_neutral,17.29994010925293,0.033103343380924966,3
32,2022-08-31,tech__return_1w_sector_neutral,10.03007984161377,0.01919250442707875,2
32,2022-08-31,tech__reversal_1m_sector_neutral,0.9913899898529053,0.0018970194723945577,1
32,2022-08-31,tech__volatility_20d_sector_neutral,14.178210258483887,0.0271299299159142,2
32,2022-08-31,tech__volatility_60d_sector_neutral,0.0,0.0,0
32,2022-08-31,tech__downside_volatility_60d_sector_neutral,0.0,0.0,0
32,2022-08-31,tech__beta_60d_market_sector_neutral,14.357687413692474,0.027473358497769447,3
32,2022-08-31,tech__max_drawdown_126d_sector_neutral,2.307349920272827,0.004415101799681295,1
32,2022-08-31,tech__distance_sma_50d_sector_neutral,7.126959800720215,0.013637399670482324,2
32,2022-08-31,tech__distance_sma_200d_sector_neutral,4.102409839630127,0.007849939407473814,1
32,2022-08-31,tech__sma_50_200_spread_sector_neutral,0.0,0.0,0
32,2022-08-31,tech__positive_day_ratio_60d_sector_neutral,29.12932950258255,0.05573881706471059,6
32,2022-08-31,tech__average_dollar_volume_20d_sector_neutral,100.2131404876709,0.19175731129091755,4
32,2022-08-31,tech__dollar_volume_change_20d_60d_sector_neutral,6.498469829559326,0.012434787453595005,1
32,2022-08-31,tech__amihud_illiquidity_20d_sector_neutral,105.26385927200317,0.2014218348200374,6
32,2022-08-31,tech__zero_volume_ratio_60d_sector_neutral,0.0,0.0,0
32,2022-08-31,fund__earnings_yield_zscore,2.9796480536460876,0.00570154070194701,2
32,2022-08-31,fund__sales_yield_zscore,9.937450051307678,0.019015257816024558,2
32,2022-08-31,fund__book_to_market_zscore,24.560800552368164,0.04699696121841458,4
32,2022-08-31,fund__fcf_yield_zscore,1.3427000045776367,0.0025692493169574586,1
32,2022-08-31,fund__roe_zscore,4.075650215148926,0.00779873500836309,1
32,2022-08-31,fund__roa_zscore,8.8581702709198,0.01695006169692585,2
32,2022-08-31,fund__gross_profitability_zscore,0.0,0.0,0
32,2022-08-31,fund__gross_margin_zscore,0.0,0.0,0
32,2022-08-31,fund__operating_margin_zscore,0.0,0.0,0
32,2022-08-31,fund__net_margin_zscore,0.0,0.0,0
32,2022-08-31,fund__cash_conversion_zscore,1.1879850029945374,0.0022732029843550473,2
32,2022-08-31,fund__debt_to_assets_zscore,0.0,0.0,0
32,2022-08-31,fund__net_debt_to_assets_zscore,0.0,0.0,0
32,2022-08-31,fund__current_ratio_zscore,0.0,0.0,0
32,2022-08-31,fund__interest_coverage_zscore,0.0,0.0,0
32,2022-08-31,fund__capex_to_assets_zscore,5.707230091094971,0.010920754422636151,1
32,2022-08-31,fund__accruals_zscore,0.0,0.0,0
32,2022-08-31,fund__revenue_growth_yoy_zscore,26.31379985809326,0.050351316065741676,2
32,2022-08-31,fund__net_income_growth_yoy_zscore,10.25,0.019613320480398672,2
32,2022-08-31,fund__operating_cash_flow_growth_yoy_zscore,0.0,0.0,0
32,2022-08-31,fund__asset_growth_yoy_zscore,0.0,0.0,0
32,2022-08-31,fund__revenue_growth_acceleration_zscore,18.367420077323914,0.035145960621918326,4
32,2022-08-31,fund__net_income_growth_acceleration_zscore,0.0,0.0,0
32,2022-08-31,fund__operating_cash_flow_growth_acceleration_zscore,13.582210302352905,0.025989487169972687,2
32,2022-08-31,fund__earnings_yield_sector_zscore,0.0,0.0,0
32,2022-08-31,fund__sales_yield_sector_zscore,0.0,0.0,0
32,2022-08-31,fund__book_to_market_sector_zscore,7.697922885417938,0.014729934496107051,2
32,2022-08-31,fund__fcf_yield_sector_zscore,0.0,0.0,0
32,2022-08-31,fund__roe_sector_zscore,0.0,0.0,0
32,2022-08-31,fund__roa_sector_zscore,2.6724400520324707,0.005113699824894258,1
32,2022-08-31,fund__gross_profitability_sector_zscore,0.0,0.0,0
32,2022-08-31,fund__gross_margin_sector_zscore,0.0,0.0,0
32,2022-08-31,fund__operating_margin_sector_zscore,0.0,0.0,0
32,2022-08-31,fund__net_margin_sector_zscore,14.136289596557617,0.027049714952293677,2
32,2022-08-31,fund__cash_conversion_sector_zscore,5.047190189361572,0.009657771581411958,1
32,2022-08-31,fund__debt_to_assets_sector_zscore,0.0,0.0,0
32,2022-08-31,fund__net_debt_to_assets_sector_zscore,0.0,0.0,0
32,2022-08-31,fund__current_ratio_sector_zscore,0.0,0.0,0
32,2022-08-31,fund__interest_coverage_sector_zscore,14.408430099487305,0.027570454357138244,2
32,2022-08-31,fund__capex_to_assets_sector_zscore,2.029589891433716,0.003883609461899221,1
32,2022-08-31,fund__accruals_sector_zscore,0.0,0.0,0
32,2022-08-31,fund__revenue_growth_yoy_sector_zscore,5.852369785308838,0.01119847845551846,1
32,2022-08-31,fund__net_income_growth_yoy_sector_zscore,6.909440040588379,0.013221176766454505,1
32,2022-08-31,fund__operating_cash_flow_growth_yoy_sector_zscore,0.0,0.0,0
32,2022-08-31,fund__asset_growth_yoy_sector_zscore,0.0,0.0,0
32,2022-08-31,fund__revenue_growth_acceleration_sector_zscore,0.0,0.0,0
32,2022-08-31,fund__net_income_growth_acceleration_sector_zscore,0.0,0.0,0
32,2022-08-31,fund__operating_cash_flow_growth_acceleration_sector_zscore,0.0,0.0,0
32,2022-08-31,fund__earnings_yield_missing,0.0,0.0,0
32,2022-08-31,fund__sales_yield_missing,0.0,0.0,0
32,2022-08-31,fund__book_to_market_missing,0.0,0.0,0
32,2022-08-31,fund__fcf_yield_missing,0.0,0.0,0
32,2022-08-31,fund__roe_missing,0.0,0.0,0
32,2022-08-31,fund__roa_missing,7.097259998321533,0.013580569256565264,1
32,2022-08-31,fund__gross_profitability_missing,0.0,0.0,0
32,2022-08-31,fund__gross_margin_missing,0.0,0.0,0
32,2022-08-31,fund__operating_margin_missing,0.0,0.0,0
32,2022-08-31,fund__net_margin_missing,0.0,0.0,0
32,2022-08-31,fund__cash_conversion_missing,0.0,0.0,0
32,2022-08-31,fund__debt_to_assets_missing,3.4479799270629883,0.006597691250679807,1
32,2022-08-31,fund__net_debt_to_assets_missing,0.0,0.0,0
32,2022-08-31,fund__current_ratio_missing,0.0,0.0,0
32,2022-08-31,fund__interest_coverage_missing,0.0,0.0,0
32,2022-08-31,fund__capex_to_assets_missing,0.0,0.0,0
32,2022-08-31,fund__accruals_missing,0.0,0.0,0
32,2022-08-31,fund__revenue_growth_yoy_missing,0.0,0.0,0
32,2022-08-31,fund__net_income_growth_yoy_missing,0.0,0.0,0
32,2022-08-31,fund__operating_cash_flow_growth_yoy_missing,0.0,0.0,0
32,2022-08-31,fund__asset_growth_yoy_missing,0.0,0.0,0
32,2022-08-31,fund__revenue_growth_acceleration_missing,0.0,0.0,0
32,2022-08-31,fund__net_income_growth_acceleration_missing,0.0,0.0,0
32,2022-08-31,fund__operating_cash_flow_growth_acceleration_missing,0.0,0.0,0
33,2022-09-30,tech__momentum_12_1_sector_neutral,0.0,0.0,0
33,2022-09-30,tech__momentum_6_1_sector_neutral,0.0,0.0,0
33,2022-09-30,tech__return_3m_sector_neutral,0.0,0.0,0
33,2022-09-30,tech__return_1m_sector_neutral,0.0,0.0,0
33,2022-09-30,tech__return_1w_sector_neutral,1.3654199838638306,0.010527395853125288,1
33,2022-09-30,tech__reversal_1m_sector_neutral,3.694499969482422,0.02848461580885979,2
33,2022-09-30,tech__volatility_20d_sector_neutral,8.833459854125977,0.06810602579136447,1
33,2022-09-30,tech__volatility_60d_sector_neutral,0.0,0.0,0
33,2022-09-30,tech__downside_volatility_60d_sector_neutral,0.0,0.0,0
33,2022-09-30,tech__beta_60d_market_sector_neutral,4.294429779052734,0.03311007805789232,1
33,2022-09-30,tech__max_drawdown_126d_sector_neutral,13.131199836730957,0.10124162553749978,1
33,2022-09-30,tech__distance_sma_50d_sector_neutral,0.415336012840271,0.0032022430247837267,1
33,2022-09-30,tech__distance_sma_200d_sector_neutral,0.0,0.0,0
33,2022-09-30,tech__sma_50_200_spread_sector_neutral,0.0,0.0,0
33,2022-09-30,tech__positive_day_ratio_60d_sector_neutral,0.0,0.0,0
33,2022-09-30,tech__average_dollar_volume_20d_sector_neutral,7.849030017852783,0.0605160661463116,1
33,2022-09-30,tech__dollar_volume_change_20d_60d_sector_neutral,0.0,0.0,0
33,2022-09-30,tech__amihud_illiquidity_20d_sector_neutral,27.148259162902832,0.20931323278451147,2
33,2022-09-30,tech__zero_volume_ratio_60d_sector_neutral,0.0,0.0,0
33,2022-09-30,fund__earnings_yield_zscore,0.0,0.0,0
33,2022-09-30,fund__sales_yield_zscore,0.0,0.0,0
33,2022-09-30,fund__book_to_market_zscore,7.0312700271606445,0.05421113196005266,1
33,2022-09-30,fund__fcf_yield_zscore,0.0,0.0,0
33,2022-09-30,fund__roe_zscore,4.171689987182617,0.032163753563438605,1
33,2022-09-30,fund__roa_zscore,0.0,0.0,0
33,2022-09-30,fund__gross_profitability_zscore,0.0,0.0,0
33,2022-09-30,fund__gross_margin_zscore,0.0,0.0,0
33,2022-09-30,fund__operating_margin_zscore,0.0,0.0,0
33,2022-09-30,fund__net_margin_zscore,0.0,0.0,0
33,2022-09-30,fund__cash_conversion_zscore,2.9351289868354797,0.022629861207217508,2
33,2022-09-30,fund__debt_to_assets_zscore,0.0,0.0,0
33,2022-09-30,fund__net_debt_to_assets_zscore,0.0,0.0,0
33,2022-09-30,fund__current_ratio_zscore,0.0,0.0,0
33,2022-09-30,fund__interest_coverage_zscore,0.0,0.0,0
33,2022-09-30,fund__capex_to_assets_zscore,0.0,0.0,0
33,2022-09-30,fund__accruals_zscore,0.0,0.0,0
33,2022-09-30,fund__revenue_growth_yoy_zscore,0.0,0.0,0
33,2022-09-30,fund__net_income_growth_yoy_zscore,0.0,0.0,0
33,2022-09-30,fund__operating_cash_flow_growth_yoy_zscore,0.0,0.0,0
33,2022-09-30,fund__asset_growth_yoy_zscore,0.0,0.0,0
33,2022-09-30,fund__revenue_growth_acceleration_zscore,0.0,0.0,0
33,2022-09-30,fund__net_income_growth_acceleration_zscore,0.0,0.0,0
33,2022-09-30,fund__operating_cash_flow_growth_acceleration_zscore,0.0,0.0,0
33,2022-09-30,fund__earnings_yield_sector_zscore,0.0,0.0,0
33,2022-09-30,fund__sales_yield_sector_zscore,6.155839920043945,0.04746156084766703,1
33,2022-09-30,fund__book_to_market_sector_zscore,8.901666104793549,0.0686318963725194,2
33,2022-09-30,fund__fcf_yield_sector_zscore,0.0,0.0,0
33,2022-09-30,fund__roe_sector_zscore,0.0,0.0,0
33,2022-09-30,fund__roa_sector_zscore,0.0,0.0,0
33,2022-09-30,fund__gross_profitability_sector_zscore,0.0,0.0,0
33,2022-09-30,fund__gross_margin_sector_zscore,20.60580062866211,0.15887084021917852,1
33,2022-09-30,fund__operating_margin_sector_zscore,0.0,0.0,0
33,2022-09-30,fund__net_margin_sector_zscore,0.0,0.0,0
33,2022-09-30,fund__cash_conversion_sector_zscore,0.0,0.0,0
33,2022-09-30,fund__debt_to_assets_sector_zscore,0.0,0.0,0
33,2022-09-30,fund__net_debt_to_assets_sector_zscore,0.0,0.0,0
33,2022-09-30,fund__current_ratio_sector_zscore,0.0,0.0,0
33,2022-09-30,fund__interest_coverage_sector_zscore,0.0,0.0,0
33,2022-09-30,fund__capex_to_assets_sector_zscore,2.1238999366760254,0.016375280609666296,1
33,2022-09-30,fund__accruals_sector_zscore,0.0,0.0,0
33,2022-09-30,fund__revenue_growth_yoy_sector_zscore,0.0,0.0,0
33,2022-09-30,fund__net_income_growth_yoy_sector_zscore,0.0,0.0,0
33,2022-09-30,fund__operating_cash_flow_growth_yoy_sector_zscore,0.0,0.0,0
33,2022-09-30,fund__asset_growth_yoy_sector_zscore,0.0,0.0,0
33,2022-09-30,fund__revenue_growth_acceleration_sector_zscore,0.0,0.0,0
33,2022-09-30,fund__net_income_growth_acceleration_sector_zscore,7.530910015106201,0.058063359113099934,1
33,2022-09-30,fund__operating_cash_flow_growth_acceleration_sector_zscore,0.0,0.0,0
33,2022-09-30,fund__earnings_yield_missing,0.0,0.0,0
33,2022-09-30,fund__sales_yield_missing,0.0,0.0,0
33,2022-09-30,fund__book_to_market_missing,0.0,0.0,0
33,2022-09-30,fund__fcf_yield_missing,0.0,0.0,0
33,2022-09-30,fund__roe_missing,0.0,0.0,0
33,2022-09-30,fund__roa_missing,0.0,0.0,0
33,2022-09-30,fund__gross_profitability_missing,0.0,0.0,0
33,2022-09-30,fund__gross_margin_missing,0.0,0.0,0
33,2022-09-30,fund__operating_margin_missing,0.0,0.0,0
33,2022-09-30,fund__net_margin_missing,0.0,0.0,0
33,2022-09-30,fund__cash_conversion_missing,0.0,0.0,0
33,2022-09-30,fund__debt_to_assets_missing,3.5137500762939453,0.02709103310281162,1
33,2022-09-30,fund__net_debt_to_assets_missing,0.0,0.0,0
33,2022-09-30,fund__current_ratio_missing,0.0,0.0,0
33,2022-09-30,fund__interest_coverage_missing,0.0,0.0,0
33,2022-09-30,fund__capex_to_assets_missing,0.0,0.0,0
33,2022-09-30,fund__accruals_missing,0.0,0.0,0
33,2022-09-30,fund__revenue_growth_yoy_missing,0.0,0.0,0
33,2022-09-30,fund__net_income_growth_yoy_missing,0.0,0.0,0
33,2022-09-30,fund__operating_cash_flow_growth_yoy_missing,0.0,0.0,0
33,2022-09-30,fund__asset_growth_yoy_missing,0.0,0.0,0
33,2022-09-30,fund__revenue_growth_acceleration_missing,0.0,0.0,0
33,2022-09-30,fund__net_income_growth_acceleration_missing,0.0,0.0,0
33,2022-09-30,fund__operating_cash_flow_growth_acceleration_missing,0.0,0.0,0
34,2022-10-31,tech__momentum_12_1_sector_neutral,3.155210018157959,0.002994204936896684,1
34,2022-10-31,tech__momentum_6_1_sector_neutral,133.09082078933716,0.1262994191732802,11
34,2022-10-31,tech__return_3m_sector_neutral,41.02131009101868,0.0389280613606206,7
34,2022-10-31,tech__return_1m_sector_neutral,16.982100009918213,0.01611553189675019,2
34,2022-10-31,tech__return_1w_sector_neutral,2.8181300163269043,0.0026743255628444555,1
34,2022-10-31,tech__reversal_1m_sector_neutral,0.0,0.0,0
34,2022-10-31,tech__volatility_20d_sector_neutral,9.886300086975098,0.009381818756186837,1
34,2022-10-31,tech__volatility_60d_sector_neutral,107.01119136810303,0.10155058954986147,10
34,2022-10-31,tech__downside_volatility_60d_sector_neutral,0.0,0.0,0
34,2022-10-31,tech__beta_60d_market_sector_neutral,4.282090187072754,0.004063582298669098,1
34,2022-10-31,tech__max_drawdown_126d_sector_neutral,25.29508066177368,0.02400431507278857,4
34,2022-10-31,tech__distance_sma_50d_sector_neutral,3.899600028991699,0.003700609972564068,1
34,2022-10-31,tech__distance_sma_200d_sector_neutral,18.691259622573853,0.017737475957749854,3
34,2022-10-31,tech__sma_50_200_spread_sector_neutral,4.597569942474365,0.004362963650679996,1
34,2022-10-31,tech__positive_day_ratio_60d_sector_neutral,0.0,0.0,0
34,2022-10-31,tech__average_dollar_volume_20d_sector_neutral,157.21347045898438,0.14919113044328128,14
34,2022-10-31,tech__dollar_volume_change_20d_60d_sector_neutral,16.949689865112305,0.01608477558733658,3
34,2022-10-31,tech__amihud_illiquidity_20d_sector_neutral,168.89871048927307,0.16028009225126244,17
34,2022-10-31,tech__zero_volume_ratio_60d_sector_neutral,0.0,0.0,0
34,2022-10-31,fund__earnings_yield_zscore,0.0,0.0,0
34,2022-10-31,fund__sales_yield_zscore,60.95591926574707,0.0578454408258786,8
34,2022-10-31,fund__book_to_market_zscore,26.660510063171387,0.025300068899354995,5
34,2022-10-31,fund__fcf_yield_zscore,0.0,0.0,0
34,2022-10-31,fund__roe_zscore,3.972830057144165,0.003770103195063154,1
34,2022-10-31,fund__roa_zscore,10.336799621582031,0.009809330054270643,1
34,2022-10-31,fund__gross_profitability_zscore,0.0,0.0,0
34,2022-10-31,fund__gross_margin_zscore,0.0,0.0,0
34,2022-10-31,fund__operating_margin_zscore,0.0,0.0,0
34,2022-10-31,fund__net_margin_zscore,0.0,0.0,0
34,2022-10-31,fund__cash_conversion_zscore,31.910760164260864,0.030282407533599728,6
34,2022-10-31,fund__debt_to_assets_zscore,0.0,0.0,0
34,2022-10-31,fund__net_debt_to_assets_zscore,0.0,0.0,0
34,2022-10-31,fund__current_ratio_zscore,7.249169826507568,0.006879256834891552,1
34,2022-10-31,fund__interest_coverage_zscore,0.0,0.0,0
34,2022-10-31,fund__capex_to_assets_zscore,14.783850193023682,0.014029455085254619,2
34,2022-10-31,fund__accruals_zscore,16.395479917526245,0.015558846044900538,4
34,2022-10-31,fund__revenue_growth_yoy_zscore,6.723550081253052,0.0063804585846596205,2
34,2022-10-31,fund__net_income_growth_yoy_zscore,10.143939971923828,0.009626311709434161,2
34,2022-10-31,fund__operating_cash_flow_growth_yoy_zscore,4.148680210113525,0.003936980009330589,1
34,2022-10-31,fund__asset_growth_yoy_zscore,0.0,0.0,0
34,2022-10-31,fund__revenue_growth_acceleration_zscore,0.0,0.0,0
34,2022-10-31,fund__net_income_growth_acceleration_zscore,0.0,0.0,0
34,2022-10-31,fund__operating_cash_flow_growth_acceleration_zscore,0.0,0.0,0
34,2022-10-31,fund__earnings_yield_sector_zscore,16.775739908218384,0.015919702005322278,3
34,2022-10-31,fund__sales_yield_sector_zscore,24.46113920211792,0.023212928248705817,3
34,2022-10-31,fund__book_to_market_sector_zscore,0.0,0.0,0
34,2022-10-31,fund__fcf_yield_sector_zscore,0.0,0.0,0
34,2022-10-31,fund__roe_sector_zscore,21.695759773254395,0.020588661499220246,3
34,2022-10-31,fund__roa_sector_zscore,0.0,0.0,0
34,2022-10-31,fund__gross_profitability_sector_zscore,0.0,0.0,0
34,2022-10-31,fund__gross_margin_sector_zscore,59.58437967300415,0.05654388860079482,6
34,2022-10-31,fund__operating_margin_sector_zscore,0.0,0.0,0
34,2022-10-31,fund__net_margin_sector_zscore,0.0,0.0,0
34,2022-10-31,fund__cash_conversion_sector_zscore,4.890900135040283,0.00464132569493925,1
34,2022-10-31,fund__debt_to_assets_sector_zscore,0.0,0.0,0
34,2022-10-31,fund__net_debt_to_assets_sector_zscore,0.0,0.0,0
34,2022-10-31,fund__current_ratio_sector_zscore,2.759850025177002,0.002619019502005688,1
34,2022-10-31,fund__interest_coverage_sector_zscore,0.0,0.0,0
34,2022-10-31,fund__capex_to_assets_sector_zscore,0.0,0.0,0
34,2022-10-31,fund__accruals_sector_zscore,0.0,0.0,0
34,2022-10-31,fund__revenue_growth_yoy_sector_zscore,5.125080108642578,0.004863555856813446,1
34,2022-10-31,fund__net_income_growth_yoy_sector_zscore,7.376999855041504,0.007000563911224749,1
34,2022-10-31,fund__operating_cash_flow_growth_yoy_sector_zscore,0.0,0.0,0
34,2022-10-31,fund__asset_growth_yoy_sector_zscore,0.0,0.0,0
34,2022-10-31,fund__revenue_growth_acceleration_sector_zscore,0.0,0.0,0
34,2022-10-31,fund__net_income_growth_acceleration_sector_zscore,0.0,0.0,0
34,2022-10-31,fund__operating_cash_flow_growth_acceleration_sector_zscore,0.0,0.0,0
34,2022-10-31,fund__earnings_yield_missing,0.0,0.0,0
34,2022-10-31,fund__sales_yield_missing,0.0,0.0,0
34,2022-10-31,fund__book_to_market_missing,0.0,0.0,0
34,2022-10-31,fund__fcf_yield_missing,0.0,0.0,0
34,2022-10-31,fund__roe_missing,0.0,0.0,0
34,2022-10-31,fund__roa_missing,0.0,0.0,0
34,2022-10-31,fund__gross_profitability_missing,0.0,0.0,0
34,2022-10-31,fund__gross_margin_missing,0.0,0.0,0
34,2022-10-31,fund__operating_margin_missing,0.0,0.0,0
34,2022-10-31,fund__net_margin_missing,0.0,0.0,0
34,2022-10-31,fund__cash_conversion_missing,0.0,0.0,0
34,2022-10-31,fund__debt_to_assets_missing,4.028359889984131,0.003822799433563164,1
34,2022-10-31,fund__net_debt_to_assets_missing,0.0,0.0,0
34,2022-10-31,fund__current_ratio_missing,0.0,0.0,0
34,2022-10-31,fund__interest_coverage_missing,0.0,0.0,0
34,2022-10-31,fund__capex_to_assets_missing,0.0,0.0,0
34,2022-10-31,fund__accruals_missing,0.0,0.0,0
34,2022-10-31,fund__revenue_growth_yoy_missing,0.0,0.0,0
34,2022-10-31,fund__net_income_growth_yoy_missing,0.0,0.0,0
34,2022-10-31,fund__operating_cash_flow_growth_yoy_missing,0.0,0.0,0
34,2022-10-31,fund__asset_growth_yoy_missing,0.0,0.0,0
34,2022-10-31,fund__revenue_growth_acceleration_missing,0.0,0.0,0
34,2022-10-31,fund__net_income_growth_acceleration_missing,0.0,0.0,0
34,2022-10-31,fund__operating_cash_flow_growth_acceleration_missing,0.0,0.0,0
35,2022-11-30,tech__momentum_12_1_sector_neutral,0.0,0.0,0
35,2022-11-30,tech__momentum_6_1_sector_neutral,0.0,0.0,0
35,2022-11-30,tech__return_3m_sector_neutral,0.0,0.0,0
35,2022-11-30,tech__return_1m_sector_neutral,0.0,0.0,0
35,2022-11-30,tech__return_1w_sector_neutral,0.0,0.0,0
35,2022-11-30,tech__reversal_1m_sector_neutral,4.3204100131988525,0.07914768317217953,2
35,2022-11-30,tech__volatility_20d_sector_neutral,0.0,0.0,0
35,2022-11-30,tech__volatility_60d_sector_neutral,0.0,0.0,0
35,2022-11-30,tech__downside_volatility_60d_sector_neutral,0.0,0.0,0
35,2022-11-30,tech__beta_60d_market_sector_neutral,4.991759777069092,0.09144646459481984,1
35,2022-11-30,tech__max_drawdown_126d_sector_neutral,3.1415200233459473,0.05755102657554157,1
35,2022-11-30,tech__distance_sma_50d_sector_neutral,0.0,0.0,0
35,2022-11-30,tech__distance_sma_200d_sector_neutral,0.0,0.0,0
35,2022-11-30,tech__sma_50_200_spread_sector_neutral,0.0,0.0,0
35,2022-11-30,tech__positive_day_ratio_60d_sector_neutral,2.102299928665161,0.03851305042312135,1
35,2022-11-30,tech__average_dollar_volume_20d_sector_neutral,7.0337300300598145,0.12885430647486928,1
35,2022-11-30,tech__dollar_volume_change_20d_60d_sector_neutral,0.0,0.0,0
35,2022-11-30,tech__amihud_illiquidity_20d_sector_neutral,4.450510025024414,0.08153104828919588,1
35,2022-11-30,tech__zero_volume_ratio_60d_sector_neutral,0.0,0.0,0
35,2022-11-30,fund__earnings_yield_zscore,0.5616379976272583,0.010288918449373472,1
35,2022-11-30,fund__sales_yield_zscore,0.0,0.0,0
35,2022-11-30,fund__book_to_market_zscore,11.239017844200134,0.20589301033505453,3
35,2022-11-30,fund__fcf_yield_zscore,0.0,0.0,0
35,2022-11-30,fund__roe_zscore,4.837472915649414,0.0886200088677086,2
35,2022-11-30,fund__roa_zscore,0.0,0.0,0
35,2022-11-30,fund__gross_profitability_zscore,0.0,0.0,0
35,2022-11-30,fund__gross_margin_zscore,0.0,0.0,0
35,2022-11-30,fund__operating_margin_zscore,0.0,0.0,0
35,2022-11-30,fund__net_margin_zscore,0.0,0.0,0
35,2022-11-30,fund__cash_conversion_zscore,0.5616160035133362,0.010288515528549974,1
35,2022-11-30,fund__debt_to_assets_zscore,0.0,0.0,0
35,2022-11-30,fund__net_debt_to_assets_zscore,0.0,0.0,0
35,2022-11-30,fund__current_ratio_zscore,0.0,0.0,0
35,2022-11-30,fund__interest_coverage_zscore,0.0,0.0,0
35,2022-11-30,fund__capex_to_assets_zscore,0.0,0.0,0
35,2022-11-30,fund__accruals_zscore,0.0,0.0,0
35,2022-11-30,fund__revenue_growth_yoy_zscore,0.0,0.0,0
35,2022-11-30,fund__net_income_growth_yoy_zscore,0.0,0.0,0
35,2022-11-30,fund__operating_cash_flow_growth_yoy_zscore,0.0,0.0,0
35,2022-11-30,fund__asset_growth_yoy_zscore,0.9689339995384216,0.01775037113976109,1
35,2022-11-30,fund__revenue_growth_acceleration_zscore,1.9524999856948853,0.03576879272785611,1
35,2022-11-30,fund__net_income_growth_acceleration_zscore,0.0,0.0,0
35,2022-11-30,fund__operating_cash_flow_growth_acceleration_zscore,0.0,0.0,0
35,2022-11-30,fund__earnings_yield_sector_zscore,0.0,0.0,0
35,2022-11-30,fund__sales_yield_sector_zscore,0.0,0.0,0
35,2022-11-30,fund__book_to_market_sector_zscore,0.7458209991455078,0.013663056044030628,1
35,2022-11-30,fund__fcf_yield_sector_zscore,0.0,0.0,0
35,2022-11-30,fund__roe_sector_zscore,0.0,0.0,0
35,2022-11-30,fund__roa_sector_zscore,0.0,0.0,0
35,2022-11-30,fund__gross_profitability_sector_zscore,0.0,0.0,0
35,2022-11-30,fund__gross_margin_sector_zscore,0.0,0.0,0
35,2022-11-30,fund__operating_margin_sector_zscore,0.0,0.0,0
35,2022-11-30,fund__net_margin_sector_zscore,0.0,0.0,0
35,2022-11-30,fund__cash_conversion_sector_zscore,0.0,0.0,0
35,2022-11-30,fund__debt_to_assets_sector_zscore,0.0,0.0,0
35,2022-11-30,fund__net_debt_to_assets_sector_zscore,0.0,0.0,0
35,2022-11-30,fund__current_ratio_sector_zscore,0.0,0.0,0
35,2022-11-30,fund__interest_coverage_sector_zscore,0.0,0.0,0
35,2022-11-30,fund__capex_to_assets_sector_zscore,2.3083300590515137,0.04228741615089362,1
35,2022-11-30,fund__accruals_sector_zscore,0.0,0.0,0
35,2022-11-30,fund__revenue_growth_yoy_sector_zscore,0.0,0.0,0
35,2022-11-30,fund__net_income_growth_yoy_sector_zscore,5.371129989624023,0.09839633122704453,1
35,2022-11-30,fund__operating_cash_flow_growth_yoy_sector_zscore,0.0,0.0,0
35,2022-11-30,fund__asset_growth_yoy_sector_zscore,0.0,0.0,0
35,2022-11-30,fund__revenue_growth_acceleration_sector_zscore,0.0,0.0,0
35,2022-11-30,fund__net_income_growth_acceleration_sector_zscore,0.0,0.0,0
35,2022-11-30,fund__operating_cash_flow_growth_acceleration_sector_zscore,0.0,0.0,0
35,2022-11-30,fund__earnings_yield_missing,0.0,0.0,0
35,2022-11-30,fund__sales_yield_missing,0.0,0.0,0
35,2022-11-30,fund__book_to_market_missing,0.0,0.0,0
35,2022-11-30,fund__fcf_yield_missing,0.0,0.0,0
35,2022-11-30,fund__roe_missing,0.0,0.0,0
35,2022-11-30,fund__roa_missing,0.0,0.0,0
35,2022-11-30,fund__gross_profitability_missing,0.0,0.0,0
35,2022-11-30,fund__gross_margin_missing,0.0,0.0,0
35,2022-11-30,fund__operating_margin_missing,0.0,0.0,0
35,2022-11-30,fund__net_margin_missing,0.0,0.0,0
35,2022-11-30,fund__cash_conversion_missing,0.0,0.0,0
35,2022-11-30,fund__debt_to_assets_missing,0.0,0.0,0
35,2022-11-30,fund__net_debt_to_assets_missing,0.0,0.0,0
35,2022-11-30,fund__current_ratio_missing,0.0,0.0,0
35,2022-11-30,fund__interest_coverage_missing,0.0,0.0,0
35,2022-11-30,fund__capex_to_assets_missing,0.0,0.0,0
35,2022-11-30,fund__accruals_missing,0.0,0.0,0
35,2022-11-30,fund__revenue_growth_yoy_missing,0.0,0.0,0
35,2022-11-30,fund__net_income_growth_yoy_missing,0.0,0.0,0
35,2022-11-30,fund__operating_cash_flow_growth_yoy_missing,0.0,0.0,0
35,2022-11-30,fund__asset_growth_yoy_missing,0.0,0.0,0
35,2022-11-30,fund__revenue_growth_acceleration_missing,0.0,0.0,0
35,2022-11-30,fund__net_income_growth_acceleration_missing,0.0,0.0,0
35,2022-11-30,fund__operating_cash_flow_growth_acceleration_missing,0.0,0.0,0
36,2022-12-30,tech__momentum_12_1_sector_neutral,0.0,0.0,0
36,2022-12-30,tech__momentum_6_1_sector_neutral,0.0,0.0,0
36,2022-12-30,tech__return_3m_sector_neutral,0.0,0.0,0
36,2022-12-30,tech__return_1m_sector_neutral,0.0,0.0,0
36,2022-12-30,tech__return_1w_sector_neutral,0.0,0.0,0
36,2022-12-30,tech__reversal_1m_sector_neutral,0.0,0.0,0
36,2022-12-30,tech__volatility_20d_sector_neutral,0.0,0.0,0
36,2022-12-30,tech__volatility_60d_sector_neutral,0.0,0.0,0
36,2022-12-30,tech__downside_volatility_60d_sector_neutral,0.0,0.0,0
36,2022-12-30,tech__beta_60d_market_sector_neutral,0.0,0.0,0
36,2022-12-30,tech__max_drawdown_126d_sector_neutral,0.0,0.0,0
36,2022-12-30,tech__distance_sma_50d_sector_neutral,1.0792700052261353,0.03731642100080099,1
36,2022-12-30,tech__distance_sma_200d_sector_neutral,0.0,0.0,0
36,2022-12-30,tech__sma_50_200_spread_sector_neutral,0.0,0.0,0
36,2022-12-30,tech__positive_day_ratio_60d_sector_neutral,0.0,0.0,0
36,2022-12-30,tech__average_dollar_volume_20d_sector_neutral,0.0,0.0,0
36,2022-12-30,tech__dollar_volume_change_20d_60d_sector_neutral,0.0,0.0,0
36,2022-12-30,tech__amihud_illiquidity_20d_sector_neutral,4.925779819488525,0.17031185209559288,1
36,2022-12-30,tech__zero_volume_ratio_60d_sector_neutral,0.0,0.0,0
36,2022-12-30,fund__earnings_yield_zscore,0.0,0.0,0
36,2022-12-30,fund__sales_yield_zscore,0.0,0.0,0
36,2022-12-30,fund__book_to_market_zscore,6.952809810638428,0.24039765468875474,1
36,2022-12-30,fund__fcf_yield_zscore,0.0,0.0,0
36,2022-12-30,fund__roe_zscore,0.0,0.0,0
36,2022-12-30,fund__roa_zscore,9.618630409240723,0.33257003350809117,1
36,2022-12-30,fund__gross_profitability_zscore,0.0,0.0,0
36,2022-12-30,fund__gross_margin_zscore,0.0,0.0,0
36,2022-12-30,fund__operating_margin_zscore,0.0,0.0,0
36,2022-12-30,fund__net_margin_zscore,0.0,0.0,0
36,2022-12-30,fund__cash_conversion_zscore,0.0,0.0,0
36,2022-12-30,fund__debt_to_assets_zscore,0.0,0.0,0
36,2022-12-30,fund__net_debt_to_assets_zscore,0.0,0.0,0
36,2022-12-30,fund__current_ratio_zscore,0.0,0.0,0
36,2022-12-30,fund__interest_coverage_zscore,0.0,0.0,0
36,2022-12-30,fund__capex_to_assets_zscore,0.0,0.0,0
36,2022-12-30,fund__accruals_zscore,0.0,0.0,0
36,2022-12-30,fund__revenue_growth_yoy_zscore,2.5389599800109863,0.08778609528615937,1
36,2022-12-30,fund__net_income_growth_yoy_zscore,0.0,0.0,0
36,2022-12-30,fund__operating_cash_flow_growth_yoy_zscore,0.0,0.0,0
36,2022-12-30,fund__asset_growth_yoy_zscore,0.0,0.0,0
36,2022-12-30,fund__revenue_growth_acceleration_zscore,0.0,0.0,0
36,2022-12-30,fund__net_income_growth_acceleration_zscore,0.0,0.0,0
36,2022-12-30,fund__operating_cash_flow_growth_acceleration_zscore,0.0,0.0,0
36,2022-12-30,fund__earnings_yield_sector_zscore,0.0,0.0,0
36,2022-12-30,fund__sales_yield_sector_zscore,0.0,0.0,0
36,2022-12-30,fund__book_to_market_sector_zscore,0.0,0.0,0
36,2022-12-30,fund__fcf_yield_sector_zscore,3.8066699504852295,0.13161794342060087,1
36,2022-12-30,fund__roe_sector_zscore,0.0,0.0,0
36,2022-12-30,fund__roa_sector_zscore,0.0,0.0,0
36,2022-12-30,fund__gross_profitability_sector_zscore,0.0,0.0,0
36,2022-12-30,fund__gross_margin_sector_zscore,0.0,0.0,0
36,2022-12-30,fund__operating_margin_sector_zscore,0.0,0.0,0
36,2022-12-30,fund__net_margin_sector_zscore,0.0,0.0,0
36,2022-12-30,fund__cash_conversion_sector_zscore,0.0,0.0,0
36,2022-12-30,fund__debt_to_assets_sector_zscore,0.0,0.0,0
36,2022-12-30,fund__net_debt_to_assets_sector_zscore,0.0,0.0,0
36,2022-12-30,fund__current_ratio_sector_zscore,0.0,0.0,0
36,2022-12-30,fund__interest_coverage_sector_zscore,0.0,0.0,0
36,2022-12-30,fund__capex_to_assets_sector_zscore,0.0,0.0,0
36,2022-12-30,fund__accruals_sector_zscore,0.0,0.0,0
36,2022-12-30,fund__revenue_growth_yoy_sector_zscore,0.0,0.0,0
36,2022-12-30,fund__net_income_growth_yoy_sector_zscore,0.0,0.0,0
36,2022-12-30,fund__operating_cash_flow_growth_yoy_sector_zscore,0.0,0.0,0
36,2022-12-30,fund__asset_growth_yoy_sector_zscore,0.0,0.0,0
36,2022-12-30,fund__revenue_growth_acceleration_sector_zscore,0.0,0.0,0
36,2022-12-30,fund__net_income_growth_acceleration_sector_zscore,0.0,0.0,0
36,2022-12-30,fund__operating_cash_flow_growth_acceleration_sector_zscore,0.0,0.0,0
36,2022-12-30,fund__earnings_yield_missing,0.0,0.0,0
36,2022-12-30,fund__sales_yield_missing,0.0,0.0,0
36,2022-12-30,fund__book_to_market_missing,0.0,0.0,0
36,2022-12-30,fund__fcf_yield_missing,0.0,0.0,0
36,2022-12-30,fund__roe_missing,0.0,0.0,0
36,2022-12-30,fund__roa_missing,0.0,0.0,0
36,2022-12-30,fund__gross_profitability_missing,0.0,0.0,0
36,2022-12-30,fund__gross_margin_missing,0.0,0.0,0
36,2022-12-30,fund__operating_margin_missing,0.0,0.0,0
36,2022-12-30,fund__net_margin_missing,0.0,0.0,0
36,2022-12-30,fund__cash_conversion_missing,0.0,0.0,0
36,2022-12-30,fund__debt_to_assets_missing,0.0,0.0,0
36,2022-12-30,fund__net_debt_to_assets_missing,0.0,0.0,0
36,2022-12-30,fund__current_ratio_missing,0.0,0.0,0
36,2022-12-30,fund__interest_coverage_missing,0.0,0.0,0
36,2022-12-30,fund__capex_to_assets_missing,0.0,0.0,0
36,2022-12-30,fund__accruals_missing,0.0,0.0,0
36,2022-12-30,fund__revenue_growth_yoy_missing,0.0,0.0,0
36,2022-12-30,fund__net_income_growth_yoy_missing,0.0,0.0,0
36,2022-12-30,fund__operating_cash_flow_growth_yoy_missing,0.0,0.0,0
36,2022-12-30,fund__asset_growth_yoy_missing,0.0,0.0,0
36,2022-12-30,fund__revenue_growth_acceleration_missing,0.0,0.0,0
36,2022-12-30,fund__net_income_growth_acceleration_missing,0.0,0.0,0
36,2022-12-30,fund__operating_cash_flow_growth_acceleration_missing,0.0,0.0,0
37,2023-01-31,tech__momentum_12_1_sector_neutral,0.0,0.0,0
37,2023-01-31,tech__momentum_6_1_sector_neutral,0.0,0.0,0
37,2023-01-31,tech__return_3m_sector_neutral,0.0,0.0,0
37,2023-01-31,tech__return_1m_sector_neutral,0.0,0.0,0
37,2023-01-31,tech__return_1w_sector_neutral,0.0,0.0,0
37,2023-01-31,tech__reversal_1m_sector_neutral,0.0,0.0,0
37,2023-01-31,tech__volatility_20d_sector_neutral,0.0,0.0,0
37,2023-01-31,tech__volatility_60d_sector_neutral,0.0,0.0,0
37,2023-01-31,tech__downside_volatility_60d_sector_neutral,0.0,0.0,0
37,2023-01-31,tech__beta_60d_market_sector_neutral,0.0,0.0,0
37,2023-01-31,tech__max_drawdown_126d_sector_neutral,0.0,0.0,0
37,2023-01-31,tech__distance_sma_50d_sector_neutral,1.0792700052261353,0.03731642100080099,1
37,2023-01-31,tech__distance_sma_200d_sector_neutral,0.0,0.0,0
37,2023-01-31,tech__sma_50_200_spread_sector_neutral,0.0,0.0,0
37,2023-01-31,tech__positive_day_ratio_60d_sector_neutral,0.0,0.0,0
37,2023-01-31,tech__average_dollar_volume_20d_sector_neutral,0.0,0.0,0
37,2023-01-31,tech__dollar_volume_change_20d_60d_sector_neutral,0.0,0.0,0
37,2023-01-31,tech__amihud_illiquidity_20d_sector_neutral,4.925779819488525,0.17031185209559288,1
37,2023-01-31,tech__zero_volume_ratio_60d_sector_neutral,0.0,0.0,0
37,2023-01-31,fund__earnings_yield_zscore,0.0,0.0,0
37,2023-01-31,fund__sales_yield_zscore,0.0,0.0,0
37,2023-01-31,fund__book_to_market_zscore,6.952809810638428,0.24039765468875474,1
37,2023-01-31,fund__fcf_yield_zscore,0.0,0.0,0
37,2023-01-31,fund__roe_zscore,0.0,0.0,0
37,2023-01-31,fund__roa_zscore,9.618630409240723,0.33257003350809117,1
37,2023-01-31,fund__gross_profitability_zscore,0.0,0.0,0
37,2023-01-31,fund__gross_margin_zscore,0.0,0.0,0
37,2023-01-31,fund__operating_margin_zscore,0.0,0.0,0
37,2023-01-31,fund__net_margin_zscore,0.0,0.0,0
37,2023-01-31,fund__cash_conversion_zscore,0.0,0.0,0
37,2023-01-31,fund__debt_to_assets_zscore,0.0,0.0,0
37,2023-01-31,fund__net_debt_to_assets_zscore,0.0,0.0,0
37,2023-01-31,fund__current_ratio_zscore,0.0,0.0,0
37,2023-01-31,fund__interest_coverage_zscore,0.0,0.0,0
37,2023-01-31,fund__capex_to_assets_zscore,0.0,0.0,0
37,2023-01-31,fund__accruals_zscore,0.0,0.0,0
37,2023-01-31,fund__revenue_growth_yoy_zscore,2.5389599800109863,0.08778609528615937,1
37,2023-01-31,fund__net_income_growth_yoy_zscore,0.0,0.0,0
37,2023-01-31,fund__operating_cash_flow_growth_yoy_zscore,0.0,0.0,0
37,2023-01-31,fund__asset_growth_yoy_zscore,0.0,0.0,0
37,2023-01-31,fund__revenue_growth_acceleration_zscore,0.0,0.0,0
37,2023-01-31,fund__net_income_growth_acceleration_zscore,0.0,0.0,0
37,2023-01-31,fund__operating_cash_flow_growth_acceleration_zscore,0.0,0.0,0
37,2023-01-31,fund__earnings_yield_sector_zscore,0.0,0.0,0
37,2023-01-31,fund__sales_yield_sector_zscore,0.0,0.0,0
37,2023-01-31,fund__book_to_market_sector_zscore,0.0,0.0,0
37,2023-01-31,fund__fcf_yield_sector_zscore,3.8066699504852295,0.13161794342060087,1
37,2023-01-31,fund__roe_sector_zscore,0.0,0.0,0
37,2023-01-31,fund__roa_sector_zscore,0.0,0.0,0
37,2023-01-31,fund__gross_profitability_sector_zscore,0.0,0.0,0
37,2023-01-31,fund__gross_margin_sector_zscore,0.0,0.0,0
37,2023-01-31,fund__operating_margin_sector_zscore,0.0,0.0,0
37,2023-01-31,fund__net_margin_sector_zscore,0.0,0.0,0
37,2023-01-31,fund__cash_conversion_sector_zscore,0.0,0.0,0
37,2023-01-31,fund__debt_to_assets_sector_zscore,0.0,0.0,0
37,2023-01-31,fund__net_debt_to_assets_sector_zscore,0.0,0.0,0
37,2023-01-31,fund__current_ratio_sector_zscore,0.0,0.0,0
37,2023-01-31,fund__interest_coverage_sector_zscore,0.0,0.0,0
37,2023-01-31,fund__capex_to_assets_sector_zscore,0.0,0.0,0
37,2023-01-31,fund__accruals_sector_zscore,0.0,0.0,0
37,2023-01-31,fund__revenue_growth_yoy_sector_zscore,0.0,0.0,0
37,2023-01-31,fund__net_income_growth_yoy_sector_zscore,0.0,0.0,0
37,2023-01-31,fund__operating_cash_flow_growth_yoy_sector_zscore,0.0,0.0,0
37,2023-01-31,fund__asset_growth_yoy_sector_zscore,0.0,0.0,0
37,2023-01-31,fund__revenue_growth_acceleration_sector_zscore,0.0,0.0,0
37,2023-01-31,fund__net_income_growth_acceleration_sector_zscore,0.0,0.0,0
37,2023-01-31,fund__operating_cash_flow_growth_acceleration_sector_zscore,0.0,0.0,0
37,2023-01-31,fund__earnings_yield_missing,0.0,0.0,0
37,2023-01-31,fund__sales_yield_missing,0.0,0.0,0
37,2023-01-31,fund__book_to_market_missing,0.0,0.0,0
37,2023-01-31,fund__fcf_yield_missing,0.0,0.0,0
37,2023-01-31,fund__roe_missing,0.0,0.0,0
37,2023-01-31,fund__roa_missing,0.0,0.0,0
37,2023-01-31,fund__gross_profitability_missing,0.0,0.0,0
37,2023-01-31,fund__gross_margin_missing,0.0,0.0,0
37,2023-01-31,fund__operating_margin_missing,0.0,0.0,0
37,2023-01-31,fund__net_margin_missing,0.0,0.0,0
37,2023-01-31,fund__cash_conversion_missing,0.0,0.0,0
37,2023-01-31,fund__debt_to_assets_missing,0.0,0.0,0
37,2023-01-31,fund__net_debt_to_assets_missing,0.0,0.0,0
37,2023-01-31,fund__current_ratio_missing,0.0,0.0,0
37,2023-01-31,fund__interest_coverage_missing,0.0,0.0,0
37,2023-01-31,fund__capex_to_assets_missing,0.0,0.0,0
37,2023-01-31,fund__accruals_missing,0.0,0.0,0
37,2023-01-31,fund__revenue_growth_yoy_missing,0.0,0.0,0
37,2023-01-31,fund__net_income_growth_yoy_missing,0.0,0.0,0
37,2023-01-31,fund__operating_cash_flow_growth_yoy_missing,0.0,0.0,0
37,2023-01-31,fund__asset_growth_yoy_missing,0.0,0.0,0
37,2023-01-31,fund__revenue_growth_acceleration_missing,0.0,0.0,0
37,2023-01-31,fund__net_income_growth_acceleration_missing,0.0,0.0,0
37,2023-01-31,fund__operating_cash_flow_growth_acceleration_missing,0.0,0.0,0
38,2023-02-28,tech__momentum_12_1_sector_neutral,0.0,0.0,0
38,2023-02-28,tech__momentum_6_1_sector_neutral,0.0,0.0,0
38,2023-02-28,tech__return_3m_sector_neutral,0.0,0.0,0
38,2023-02-28,tech__return_1m_sector_neutral,0.0,0.0,0
38,2023-02-28,tech__return_1w_sector_neutral,0.0,0.0,0
38,2023-02-28,tech__reversal_1m_sector_neutral,0.783390998840332,0.003771070447309582,1
38,2023-02-28,tech__volatility_20d_sector_neutral,0.0,0.0,0
38,2023-02-28,tech__volatility_60d_sector_neutral,0.0,0.0,0
38,2023-02-28,tech__downside_volatility_60d_sector_neutral,3.1366798877716064,0.015099281003937998,1
38,2023-02-28,tech__beta_60d_market_sector_neutral,7.626820087432861,0.036713819639542684,2
38,2023-02-28,tech__max_drawdown_126d_sector_neutral,17.730989456176758,0.08535304903774381,2
38,2023-02-28,tech__distance_sma_50d_sector_neutral,0.003536769887432456,1.7025225489154943e-05,1
38,2023-02-28,tech__distance_sma_200d_sector_neutral,13.28840959072113,0.06396745529817764,2
38,2023-02-28,tech__sma_50_200_spread_sector_neutral,20.830400466918945,0.10027292593699065,1
38,2023-02-28,tech__positive_day_ratio_60d_sector_neutral,0.0,0.0,0
38,2023-02-28,tech__average_dollar_volume_20d_sector_neutral,27.33125925064087,0.13156661769208736,2
38,2023-02-28,tech__dollar_volume_change_20d_60d_sector_neutral,6.841269850730896,0.03293235510026527,2
38,2023-02-28,tech__amihud_illiquidity_20d_sector_neutral,3.947390079498291,0.019001859984139304,1
38,2023-02-28,tech__zero_volume_ratio_60d_sector_neutral,0.0,0.0,0
38,2023-02-28,fund__earnings_yield_zscore,0.0,0.0,0
38,2023-02-28,fund__sales_yield_zscore,28.257308959960938,0.1360244155181105,2
38,2023-02-28,fund__book_to_market_zscore,6.6422200202941895,0.031974173382307035,1
38,2023-02-28,fund__fcf_yield_zscore,0.0,0.0,0
38,2023-02-28,fund__roe_zscore,8.854240417480469,0.04262234876474509,1
38,2023-02-28,fund__roa_zscore,6.771369934082031,0.03259587241111752,1
38,2023-02-28,fund__gross_profitability_zscore,0.0,0.0,0
38,2023-02-28,fund__gross_margin_zscore,0.0,0.0,0
38,2023-02-28,fund__operating_margin_zscore,0.0,0.0,0
38,2023-02-28,fund__net_margin_zscore,0.0,0.0,0
38,2023-02-28,fund__cash_conversion_zscore,6.177040100097656,0.02973490046197506,1
38,2023-02-28,fund__debt_to_assets_zscore,10.060999870300293,0.04843142101126939,1
38,2023-02-28,fund__net_debt_to_assets_zscore,0.0,0.0,0
38,2023-02-28,fund__current_ratio_zscore,0.0,0.0,0
38,2023-02-28,fund__interest_coverage_zscore,0.0,0.0,0
38,2023-02-28,fund__capex_to_assets_zscore,0.0,0.0,0
38,2023-02-28,fund__accruals_zscore,0.0,0.0,0
38,2023-02-28,fund__revenue_growth_yoy_zscore,2.1192800998687744,0.010201744168642567,1
38,2023-02-28,fund__net_income_growth_yoy_zscore,0.0,0.0,0
38,2023-02-28,fund__operating_cash_flow_growth_yoy_zscore,0.0,0.0,0
38,2023-02-28,fund__asset_growth_yoy_zscore,0.0,0.0,0
38,2023-02-28,fund__revenue_growth_acceleration_zscore,0.0,0.0,0
38,2023-02-28,fund__net_income_growth_acceleration_zscore,0.0,0.0,0
38,2023-02-28,fund__operating_cash_flow_growth_acceleration_zscore,0.0,0.0,0
38,2023-02-28,fund__earnings_yield_sector_zscore,0.0,0.0,0
38,2023-02-28,fund__sales_yield_sector_zscore,0.0,0.0,0
38,2023-02-28,fund__book_to_market_sector_zscore,10.25836992263794,0.049381516650172874,2
38,2023-02-28,fund__fcf_yield_sector_zscore,2.57096004486084,0.012376031203754596,1
38,2023-02-28,fund__roe_sector_zscore,0.0,0.0,0
38,2023-02-28,fund__roa_sector_zscore,0.0,0.0,0
38,2023-02-28,fund__gross_profitability_sector_zscore,0.0,0.0,0
38,2023-02-28,fund__gross_margin_sector_zscore,0.0,0.0,0
38,2023-02-28,fund__operating_margin_sector_zscore,0.0,0.0,0
38,2023-02-28,fund__net_margin_sector_zscore,7.141829967498779,0.034379184813219756,1
38,2023-02-28,fund__cash_conversion_sector_zscore,0.0,0.0,0
38,2023-02-28,fund__debt_to_assets_sector_zscore,7.349209785461426,0.035377465242845636,1
38,2023-02-28,fund__net_debt_to_assets_sector_zscore,0.0,0.0,0
38,2023-02-28,fund__current_ratio_sector_zscore,0.0,0.0,0
38,2023-02-28,fund__interest_coverage_sector_zscore,0.0,0.0,0
38,2023-02-28,fund__capex_to_assets_sector_zscore,6.238935887813568,0.030032853050419334,2
38,2023-02-28,fund__accruals_sector_zscore,0.0,0.0,0
38,2023-02-28,fund__revenue_growth_yoy_sector_zscore,0.0,0.0,0
38,2023-02-28,fund__net_income_growth_yoy_sector_zscore,0.0,0.0,0
38,2023-02-28,fund__operating_cash_flow_growth_yoy_sector_zscore,0.0,0.0,0
38,2023-02-28,fund__asset_growth_yoy_sector_zscore,0.0,0.0,0
38,2023-02-28,fund__revenue_growth_acceleration_sector_zscore,0.6924149990081787,0.003333132170141044,1
38,2023-02-28,fund__net_income_growth_acceleration_sector_zscore,0.0,0.0,0
38,2023-02-28,fund__operating_cash_flow_growth_acceleration_sector_zscore,0.0,0.0,0
38,2023-02-28,fund__earnings_yield_missing,0.0,0.0,0
38,2023-02-28,fund__sales_yield_missing,0.0,0.0,0
38,2023-02-28,fund__book_to_market_missing,0.0,0.0,0
38,2023-02-28,fund__fcf_yield_missing,0.0,0.0,0
38,2023-02-28,fund__roe_missing,0.0,0.0,0
38,2023-02-28,fund__roa_missing,0.0,0.0,0
38,2023-02-28,fund__gross_profitability_missing,0.0,0.0,0
38,2023-02-28,fund__gross_margin_missing,0.0,0.0,0
38,2023-02-28,fund__operating_margin_missing,0.0,0.0,0
38,2023-02-28,fund__net_margin_missing,0.0,0.0,0
38,2023-02-28,fund__cash_conversion_missing,0.0,0.0,0
38,2023-02-28,fund__debt_to_assets_missing,0.0,0.0,0
38,2023-02-28,fund__net_debt_to_assets_missing,0.0,0.0,0
38,2023-02-28,fund__current_ratio_missing,0.0,0.0,0
38,2023-02-28,fund__interest_coverage_missing,0.0,0.0,0
38,2023-02-28,fund__capex_to_assets_missing,0.0,0.0,0
38,2023-02-28,fund__accruals_missing,0.0,0.0,0
38,2023-02-28,fund__revenue_growth_yoy_missing,0.0,0.0,0
38,2023-02-28,fund__net_income_growth_yoy_missing,0.0,0.0,0
38,2023-02-28,fund__operating_cash_flow_growth_yoy_missing,0.0,0.0,0
38,2023-02-28,fund__asset_growth_yoy_missing,0.0,0.0,0
38,2023-02-28,fund__revenue_growth_acceleration_missing,3.0827099680900574,0.014839481785596147,2
38,2023-02-28,fund__net_income_growth_acceleration_missing,0.0,0.0,0
38,2023-02-28,fund__operating_cash_flow_growth_acceleration_missing,0.0,0.0,0
39,2023-03-31,tech__momentum_12_1_sector_neutral,25.186646074056625,0.006213368623360285,15
39,2023-03-31,tech__momentum_6_1_sector_neutral,93.64259257912636,0.023100969649967464,31
39,2023-03-31,tech__return_3m_sector_neutral,125.2628847360611,0.03090147355873343,49
39,2023-03-31,tech__return_1m_sector_neutral,54.6359885931015,0.01347831450970045,24
39,2023-03-31,tech__return_1w_sector_neutral,75.98895291984081,0.018745940781709467,39
39,2023-03-31,tech__reversal_1m_sector_neutral,24.333642531535588,0.006002938642681966,16
39,2023-03-31,tech__volatility_20d_sector_neutral,91.89741718769073,0.022670447142622757,36
39,2023-03-31,tech__volatility_60d_sector_neutral,367.21618524193764,0.09058965281298467,47
39,2023-03-31,tech__downside_volatility_60d_sector_neutral,70.23198319971561,0.017325736800620217,34
39,2023-03-31,tech__beta_60d_market_sector_neutral,58.093113481998444,0.014331162929793823,28
39,2023-03-31,tech__max_drawdown_126d_sector_neutral,87.25471192598343,0.021525124374526396,34
39,2023-03-31,tech__distance_sma_50d_sector_neutral,118.42966318130493,0.029215765811860212,48
39,2023-03-31,tech__distance_sma_200d_sector_neutral,78.66043385863304,0.019404976359300496,31
39,2023-03-31,tech__sma_50_200_spread_sector_neutral,116.97343707084656,0.02885652506195505,44
39,2023-03-31,tech__positive_day_ratio_60d_sector_neutral,60.47196574509144,0.014918009069119074,28
39,2023-03-31,tech__average_dollar_volume_20d_sector_neutral,341.80586647987366,0.08432110570903269,54
39,2023-03-31,tech__dollar_volume_change_20d_60d_sector_neutral,136.0392702817917,0.03355993215723834,51
39,2023-03-31,tech__amihud_illiquidity_20d_sector_neutral,427.13246577978134,0.10537057824575827,86
39,2023-03-31,tech__zero_volume_ratio_60d_sector_neutral,0.0,0.0,0
39,2023-03-31,fund__earnings_yield_zscore,28.08299994468689,0.006927878773263054,14
39,2023-03-31,fund__sales_yield_zscore,120.45784837007523,0.029716104847761063,33
39,2023-03-31,fund__book_to_market_zscore,123.9097769856453,0.03056767138373407,36
39,2023-03-31,fund__fcf_yield_zscore,31.21539482474327,0.007700618581750862,16
39,2023-03-31,fund__roe_zscore,38.00263100862503,0.009374982060725744,18
39,2023-03-31,fund__roa_zscore,30.136192187666893,0.007434386873736154,13
39,2023-03-31,fund__gross_profitability_zscore,11.718379974365234,0.002890842005531361,5
39,2023-03-31,fund__gross_margin_zscore,5.298736065626144,0.0013071609581055404,5
39,2023-03-31,fund__operating_margin_zscore,18.359358072280884,0.0045291246423177865,8
39,2023-03-31,fund__net_margin_zscore,8.87808495759964,0.002190161181003639,5
39,2023-03-31,fund__cash_conversion_zscore,62.47500956058502,0.01541214590487758,25
39,2023-03-31,fund__debt_to_assets_zscore,15.505620241165161,0.003825127569940027,8
39,2023-03-31,fund__net_debt_to_assets_zscore,12.295953869819641,0.0030333254274660065,7
39,2023-03-31,fund__current_ratio_zscore,40.048250913619995,0.009879622118621704,17
39,2023-03-31,fund__interest_coverage_zscore,24.16722470521927,0.0059618845341928356,8
39,2023-03-31,fund__capex_to_assets_zscore,65.67859065532684,0.01620244685236904,26
39,2023-03-31,fund__accruals_zscore,41.93591183423996,0.01034529480490305,25
39,2023-03-31,fund__revenue_growth_yoy_zscore,48.33526015281677,0.01192396907283405,17
39,2023-03-31,fund__net_income_growth_yoy_zscore,49.813121527433395,0.0122885470903962,20
39,2023-03-31,fund__operating_cash_flow_growth_yoy_zscore,100.6607117652893,0.024832290343405245,31
39,2023-03-31,fund__asset_growth_yoy_zscore,26.99895292520523,0.0066604519901459274,16
39,2023-03-31,fund__revenue_growth_acceleration_zscore,52.25524711608887,0.01289100231457497,20
39,2023-03-31,fund__net_income_growth_acceleration_zscore,27.24023085832596,0.00671997356101144,14
39,2023-03-31,fund__operating_cash_flow_growth_acceleration_zscore,22.297535717487335,0.005500645397482929,11
39,2023-03-31,fund__earnings_yield_sector_zscore,45.58252674341202,0.011244889081628365,19
39,2023-03-31,fund__sales_yield_sector_zscore,17.86471712589264,0.004407100196225154,9
39,2023-03-31,fund__book_to_market_sector_zscore,41.47841873764992,0.010232434472352283,15
39,2023-03-31,fund__fcf_yield_sector_zscore,29.459139108657837,0.0072673626361661695,14
39,2023-03-31,fund__roe_sector_zscore,22.733057856559753,0.005608085649183558,13
39,2023-03-31,fund__roa_sector_zscore,23.32502019405365,0.0057541185986751614,8
39,2023-03-31,fund__gross_profitability_sector_zscore,3.8809200525283813,0.0009573957093472507,3
39,2023-03-31,fund__gross_margin_sector_zscore,49.59929037094116,0.012235796446481994,9
39,2023-03-31,fund__operating_margin_sector_zscore,31.808980107307434,0.007847051900388376,14
39,2023-03-31,fund__net_margin_sector_zscore,29.103319883346558,0.007179584533292253,14
39,2023-03-31,fund__cash_conversion_sector_zscore,48.5592423081398,0.011979223896838196,20
39,2023-03-31,fund__debt_to_assets_sector_zscore,4.119773983955383,0.0010163192960261243,3
39,2023-03-31,fund__net_debt_to_assets_sector_zscore,10.243709921836853,0.0025270512647059336,8
39,2023-03-31,fund__current_ratio_sector_zscore,15.263439774513245,0.0037653833503936327,8
39,2023-03-31,fund__interest_coverage_sector_zscore,16.02135980129242,0.003952356895801762,8
39,2023-03-31,fund__capex_to_assets_sector_zscore,71.6363890171051,0.017672193848318234,19
39,2023-03-31,fund__accruals_sector_zscore,25.29788512736559,0.006240810516238358,13
39,2023-03-31,fund__revenue_growth_yoy_sector_zscore,30.40258026123047,0.007500102939823341,14
39,2023-03-31,fund__net_income_growth_yoy_sector_zscore,38.08429217338562,0.009395127296315215,13
39,2023-03-31,fund__operating_cash_flow_growth_yoy_sector_zscore,34.79412895441055,0.00858346714710738,14
39,2023-03-31,fund__asset_growth_yoy_sector_zscore,14.298198729753494,0.0035272651665014423,9
39,2023-03-31,fund__revenue_growth_acceleration_sector_zscore,18.075275778770447,0.004459043536490516,13
39,2023-03-31,fund__net_income_growth_acceleration_sector_zscore,25.767888963222504,0.006356757160264947,11
39,2023-03-31,fund__operating_cash_flow_growth_acceleration_sector_zscore,30.1092768907547,0.007427747059096645,13
39,2023-03-31,fund__earnings_yield_missing,0.0,0.0,0
39,2023-03-31,fund__sales_yield_missing,0.0,0.0,0
39,2023-03-31,fund__book_to_market_missing,0.0,0.0,0
39,2023-03-31,fund__fcf_yield_missing,0.0,0.0,0
39,2023-03-31,fund__roe_missing,0.0,0.0,0
39,2023-03-31,fund__roa_missing,0.0,0.0,0
39,2023-03-31,fund__gross_profitability_missing,2.6408700942993164,0.0006514840973285277,1
39,2023-03-31,fund__gross_margin_missing,0.0,0.0,0
39,2023-03-31,fund__operating_margin_missing,0.0,0.0,0
39,2023-03-31,fund__net_margin_missing,0.0,0.0,0
39,2023-03-31,fund__cash_conversion_missing,1.7845100164413452,0.000440226082965836,1
39,2023-03-31,fund__debt_to_assets_missing,5.570459842681885,0.001374193304755225,1
39,2023-03-31,fund__net_debt_to_assets_missing,0.0,0.0,0
39,2023-03-31,fund__current_ratio_missing,0.0,0.0,0
39,2023-03-31,fund__interest_coverage_missing,0.0,0.0,0
39,2023-03-31,fund__capex_to_assets_missing,1.8564900159835815,0.0004579830431164729,1
39,2023-03-31,fund__accruals_missing,0.0,0.0,0
39,2023-03-31,fund__revenue_growth_yoy_missing,0.0,0.0,0
39,2023-03-31,fund__net_income_growth_yoy_missing,3.2208499908447266,0.0007945610628275941,2
39,2023-03-31,fund__operating_cash_flow_growth_yoy_missing,1.2280900478363037,0.0003029611861559827,1
39,2023-03-31,fund__asset_growth_yoy_missing,0.0,0.0,0
39,2023-03-31,fund__revenue_growth_acceleration_missing,0.0,0.0,0
39,2023-03-31,fund__net_income_growth_acceleration_missing,0.7873839735984802,0.00019424209407273304,1
39,2023-03-31,fund__operating_cash_flow_growth_acceleration_missing,0.0,0.0,0
40,2023-04-28,tech__momentum_12_1_sector_neutral,25.186646074056625,0.006213368623360285,15
40,2023-04-28,tech__momentum_6_1_sector_neutral,93.64259257912636,0.023100969649967464,31
40,2023-04-28,tech__return_3m_sector_neutral,125.2628847360611,0.03090147355873343,49
40,2023-04-28,tech__return_1m_sector_neutral,54.6359885931015,0.01347831450970045,24
40,2023-04-28,tech__return_1w_sector_neutral,75.98895291984081,0.018745940781709467,39
40,2023-04-28,tech__reversal_1m_sector_neutral,24.333642531535588,0.006002938642681966,16
40,2023-04-28,tech__volatility_20d_sector_neutral,91.89741718769073,0.022670447142622757,36
40,2023-04-28,tech__volatility_60d_sector_neutral,367.21618524193764,0.09058965281298467,47
40,2023-04-28,tech__downside_volatility_60d_sector_neutral,70.23198319971561,0.017325736800620217,34
40,2023-04-28,tech__beta_60d_market_sector_neutral,58.093113481998444,0.014331162929793823,28
40,2023-04-28,tech__max_drawdown_126d_sector_neutral,87.25471192598343,0.021525124374526396,34
40,2023-04-28,tech__distance_sma_50d_sector_neutral,118.42966318130493,0.029215765811860212,48
40,2023-04-28,tech__distance_sma_200d_sector_neutral,78.66043385863304,0.019404976359300496,31
40,2023-04-28,tech__sma_50_200_spread_sector_neutral,116.97343707084656,0.02885652506195505,44
40,2023-04-28,tech__positive_day_ratio_60d_sector_neutral,60.47196574509144,0.014918009069119074,28
40,2023-04-28,tech__average_dollar_volume_20d_sector_neutral,341.80586647987366,0.08432110570903269,54
40,2023-04-28,tech__dollar_volume_change_20d_60d_sector_neutral,136.0392702817917,0.03355993215723834,51
40,2023-04-28,tech__amihud_illiquidity_20d_sector_neutral,427.13246577978134,0.10537057824575827,86
40,2023-04-28,tech__zero_volume_ratio_60d_sector_neutral,0.0,0.0,0
40,2023-04-28,fund__earnings_yield_zscore,28.08299994468689,0.006927878773263054,14
40,2023-04-28,fund__sales_yield_zscore,120.45784837007523,0.029716104847761063,33
40,2023-04-28,fund__book_to_market_zscore,123.9097769856453,0.03056767138373407,36
40,2023-04-28,fund__fcf_yield_zscore,31.21539482474327,0.007700618581750862,16
40,2023-04-28,fund__roe_zscore,38.00263100862503,0.009374982060725744,18
40,2023-04-28,fund__roa_zscore,30.136192187666893,0.007434386873736154,13
40,2023-04-28,fund__gross_profitability_zscore,11.718379974365234,0.002890842005531361,5
40,2023-04-28,fund__gross_margin_zscore,5.298736065626144,0.0013071609581055404,5
40,2023-04-28,fund__operating_margin_zscore,18.359358072280884,0.0045291246423177865,8
40,2023-04-28,fund__net_margin_zscore,8.87808495759964,0.002190161181003639,5
40,2023-04-28,fund__cash_conversion_zscore,62.47500956058502,0.01541214590487758,25
40,2023-04-28,fund__debt_to_assets_zscore,15.505620241165161,0.003825127569940027,8
40,2023-04-28,fund__net_debt_to_assets_zscore,12.295953869819641,0.0030333254274660065,7
40,2023-04-28,fund__current_ratio_zscore,40.048250913619995,0.009879622118621704,17
40,2023-04-28,fund__interest_coverage_zscore,24.16722470521927,0.0059618845341928356,8
40,2023-04-28,fund__capex_to_assets_zscore,65.67859065532684,0.01620244685236904,26
40,2023-04-28,fund__accruals_zscore,41.93591183423996,0.01034529480490305,25
40,2023-04-28,fund__revenue_growth_yoy_zscore,48.33526015281677,0.01192396907283405,17
40,2023-04-28,fund__net_income_growth_yoy_zscore,49.813121527433395,0.0122885470903962,20
40,2023-04-28,fund__operating_cash_flow_growth_yoy_zscore,100.6607117652893,0.024832290343405245,31
40,2023-04-28,fund__asset_growth_yoy_zscore,26.99895292520523,0.0066604519901459274,16
40,2023-04-28,fund__revenue_growth_acceleration_zscore,52.25524711608887,0.01289100231457497,20
40,2023-04-28,fund__net_income_growth_acceleration_zscore,27.24023085832596,0.00671997356101144,14
40,2023-04-28,fund__operating_cash_flow_growth_acceleration_zscore,22.297535717487335,0.005500645397482929,11
40,2023-04-28,fund__earnings_yield_sector_zscore,45.58252674341202,0.011244889081628365,19
40,2023-04-28,fund__sales_yield_sector_zscore,17.86471712589264,0.004407100196225154,9
40,2023-04-28,fund__book_to_market_sector_zscore,41.47841873764992,0.010232434472352283,15
40,2023-04-28,fund__fcf_yield_sector_zscore,29.459139108657837,0.0072673626361661695,14
40,2023-04-28,fund__roe_sector_zscore,22.733057856559753,0.005608085649183558,13
40,2023-04-28,fund__roa_sector_zscore,23.32502019405365,0.0057541185986751614,8
40,2023-04-28,fund__gross_profitability_sector_zscore,3.8809200525283813,0.0009573957093472507,3
40,2023-04-28,fund__gross_margin_sector_zscore,49.59929037094116,0.012235796446481994,9
40,2023-04-28,fund__operating_margin_sector_zscore,31.808980107307434,0.007847051900388376,14
40,2023-04-28,fund__net_margin_sector_zscore,29.103319883346558,0.007179584533292253,14
40,2023-04-28,fund__cash_conversion_sector_zscore,48.5592423081398,0.011979223896838196,20
40,2023-04-28,fund__debt_to_assets_sector_zscore,4.119773983955383,0.0010163192960261243,3
40,2023-04-28,fund__net_debt_to_assets_sector_zscore,10.243709921836853,0.0025270512647059336,8
40,2023-04-28,fund__current_ratio_sector_zscore,15.263439774513245,0.0037653833503936327,8
40,2023-04-28,fund__interest_coverage_sector_zscore,16.02135980129242,0.003952356895801762,8
40,2023-04-28,fund__capex_to_assets_sector_zscore,71.6363890171051,0.017672193848318234,19
40,2023-04-28,fund__accruals_sector_zscore,25.29788512736559,0.006240810516238358,13
40,2023-04-28,fund__revenue_growth_yoy_sector_zscore,30.40258026123047,0.007500102939823341,14
40,2023-04-28,fund__net_income_growth_yoy_sector_zscore,38.08429217338562,0.009395127296315215,13
40,2023-04-28,fund__operating_cash_flow_growth_yoy_sector_zscore,34.79412895441055,0.00858346714710738,14
40,2023-04-28,fund__asset_growth_yoy_sector_zscore,14.298198729753494,0.0035272651665014423,9
40,2023-04-28,fund__revenue_growth_acceleration_sector_zscore,18.075275778770447,0.004459043536490516,13
40,2023-04-28,fund__net_income_growth_acceleration_sector_zscore,25.767888963222504,0.006356757160264947,11
40,2023-04-28,fund__operating_cash_flow_growth_acceleration_sector_zscore,30.1092768907547,0.007427747059096645,13
40,2023-04-28,fund__earnings_yield_missing,0.0,0.0,0
40,2023-04-28,fund__sales_yield_missing,0.0,0.0,0
40,2023-04-28,fund__book_to_market_missing,0.0,0.0,0
40,2023-04-28,fund__fcf_yield_missing,0.0,0.0,0
40,2023-04-28,fund__roe_missing,0.0,0.0,0
40,2023-04-28,fund__roa_missing,0.0,0.0,0
40,2023-04-28,fund__gross_profitability_missing,2.6408700942993164,0.0006514840973285277,1
40,2023-04-28,fund__gross_margin_missing,0.0,0.0,0
40,2023-04-28,fund__operating_margin_missing,0.0,0.0,0
40,2023-04-28,fund__net_margin_missing,0.0,0.0,0
40,2023-04-28,fund__cash_conversion_missing,1.7845100164413452,0.000440226082965836,1
40,2023-04-28,fund__debt_to_assets_missing,5.570459842681885,0.001374193304755225,1
40,2023-04-28,fund__net_debt_to_assets_missing,0.0,0.0,0
40,2023-04-28,fund__current_ratio_missing,0.0,0.0,0
40,2023-04-28,fund__interest_coverage_missing,0.0,0.0,0
40,2023-04-28,fund__capex_to_assets_missing,1.8564900159835815,0.0004579830431164729,1
40,2023-04-28,fund__accruals_missing,0.0,0.0,0
40,2023-04-28,fund__revenue_growth_yoy_missing,0.0,0.0,0
40,2023-04-28,fund__net_income_growth_yoy_missing,3.2208499908447266,0.0007945610628275941,2
40,2023-04-28,fund__operating_cash_flow_growth_yoy_missing,1.2280900478363037,0.0003029611861559827,1
40,2023-04-28,fund__asset_growth_yoy_missing,0.0,0.0,0
40,2023-04-28,fund__revenue_growth_acceleration_missing,0.0,0.0,0
40,2023-04-28,fund__net_income_growth_acceleration_missing,0.7873839735984802,0.00019424209407273304,1
40,2023-04-28,fund__operating_cash_flow_growth_acceleration_missing,0.0,0.0,0
41,2023-05-31,tech__momentum_12_1_sector_neutral,0.0,0.0,0
41,2023-05-31,tech__momentum_6_1_sector_neutral,0.0,0.0,0
41,2023-05-31,tech__return_3m_sector_neutral,0.0,0.0,0
41,2023-05-31,tech__return_1m_sector_neutral,4.469220161437988,0.021019105839369664,1
41,2023-05-31,tech__return_1w_sector_neutral,18.140550136566162,0.08531648241338638,2
41,2023-05-31,tech__reversal_1m_sector_neutral,0.822812020778656,0.003869751841692118,1
41,2023-05-31,tech__volatility_20d_sector_neutral,0.0,0.0,0
41,2023-05-31,tech__volatility_60d_sector_neutral,18.110000610351562,0.08517280550742687,1
41,2023-05-31,tech__downside_volatility_60d_sector_neutral,4.196919918060303,0.019738455652335663,1
41,2023-05-31,tech__beta_60d_market_sector_neutral,0.0,0.0,0
41,2023-05-31,tech__max_drawdown_126d_sector_neutral,7.4907097816467285,0.03522941721935102,1
41,2023-05-31,tech__distance_sma_50d_sector_neutral,0.0,0.0,0
41,2023-05-31,tech__distance_sma_200d_sector_neutral,0.0,0.0,0
41,2023-05-31,tech__sma_50_200_spread_sector_neutral,0.0,0.0,0
41,2023-05-31,tech__positive_day_ratio_60d_sector_neutral,5.532700061798096,0.02602073828893758,2
41,2023-05-31,tech__average_dollar_volume_20d_sector_neutral,55.02777862548828,0.2588001175270789,3
41,2023-05-31,tech__dollar_volume_change_20d_60d_sector_neutral,0.4455229938030243,0.0020953308681050838,1
41,2023-05-31,tech__amihud_illiquidity_20d_sector_neutral,30.55538010597229,0.14370443728665103,7
41,2023-05-31,tech__zero_volume_ratio_60d_sector_neutral,0.0,0.0,0
41,2023-05-31,fund__earnings_yield_zscore,3.7631101608276367,0.017698213088297193,2
41,2023-05-31,fund__sales_yield_zscore,0.0,0.0,0
41,2023-05-31,fund__book_to_market_zscore,14.273970007896423,0.06713164165254026,3
41,2023-05-31,fund__fcf_yield_zscore,0.0,0.0,0
41,2023-05-31,fund__roe_zscore,3.9875500202178955,0.018753771997612415,1
41,2023-05-31,fund__roa_zscore,1.9065799713134766,0.00896680064097943,1
41,2023-05-31,fund__gross_profitability_zscore,0.0,0.0,0
41,2023-05-31,fund__gross_margin_zscore,0.0,0.0,0
41,2023-05-31,fund__operating_margin_zscore,0.0,0.0,0
41,2023-05-31,fund__net_margin_zscore,0.0,0.0,0
41,2023-05-31,fund__cash_conversion_zscore,0.0,0.0,0
41,2023-05-31,fund__debt_to_assets_zscore,0.0,0.0,0
41,2023-05-31,fund__net_debt_to_assets_zscore,0.0,0.0,0
41,2023-05-31,fund__current_ratio_zscore,0.0,0.0,0
41,2023-05-31,fund__interest_coverage_zscore,0.0,0.0,0
41,2023-05-31,fund__capex_to_assets_zscore,0.0,0.0,0
41,2023-05-31,fund__accruals_zscore,0.0,0.0,0
41,2023-05-31,fund__revenue_growth_yoy_zscore,7.991569995880127,0.037585003534954205,1
41,2023-05-31,fund__net_income_growth_yoy_zscore,8.4621000289917,0.039797944542405504,1
41,2023-05-31,fund__operating_cash_flow_growth_yoy_zscore,0.0,0.0,0
41,2023-05-31,fund__asset_growth_yoy_zscore,0.0,0.0,0
41,2023-05-31,fund__revenue_growth_acceleration_zscore,1.241170048713684,0.005837323666367451,1
41,2023-05-31,fund__net_income_growth_acceleration_zscore,0.544064998626709,0.0025587819298550306,1
41,2023-05-31,fund__operating_cash_flow_growth_acceleration_zscore,0.0,0.0,0
41,2023-05-31,fund__earnings_yield_sector_zscore,0.0,0.0,0
41,2023-05-31,fund__sales_yield_sector_zscore,0.0,0.0,0
41,2023-05-31,fund__book_to_market_sector_zscore,0.0,0.0,0
41,2023-05-31,fund__fcf_yield_sector_zscore,2.065469980239868,0.009714073273296483,1
41,2023-05-31,fund__roe_sector_zscore,2.0503900051116943,0.009643150924021982,1
41,2023-05-31,fund__roa_sector_zscore,0.0,0.0,0
41,2023-05-31,fund__gross_profitability_sector_zscore,0.0,0.0,0
41,2023-05-31,fund__gross_margin_sector_zscore,0.0,0.0,0
41,2023-05-31,fund__operating_margin_sector_zscore,0.0,0.0,0
41,2023-05-31,fund__net_margin_sector_zscore,0.0,0.0,0
41,2023-05-31,fund__cash_conversion_sector_zscore,0.0,0.0,0
41,2023-05-31,fund__debt_to_assets_sector_zscore,0.0,0.0,0
41,2023-05-31,fund__net_debt_to_assets_sector_zscore,0.0,0.0,0
41,2023-05-31,fund__current_ratio_sector_zscore,0.0,0.0,0
41,2023-05-31,fund__interest_coverage_sector_zscore,0.0,0.0,0
41,2023-05-31,fund__capex_to_assets_sector_zscore,0.0,0.0,0
41,2023-05-31,fund__accruals_sector_zscore,0.0,0.0,0
41,2023-05-31,fund__revenue_growth_yoy_sector_zscore,0.0,0.0,0
41,2023-05-31,fund__net_income_growth_yoy_sector_zscore,8.51333999633789,0.040038930275475525,2
41,2023-05-31,fund__operating_cash_flow_growth_yoy_sector_zscore,0.0,0.0,0
41,2023-05-31,fund__asset_growth_yoy_sector_zscore,0.0,0.0,0
41,2023-05-31,fund__revenue_growth_acceleration_sector_zscore,0.0,0.0,0
41,2023-05-31,fund__net_income_growth_acceleration_sector_zscore,9.304409980773926,0.04375939673910562,1
41,2023-05-31,fund__operating_cash_flow_growth_acceleration_sector_zscore,0.0,0.0,0
41,2023-05-31,fund__earnings_yield_missing,0.0,0.0,0
41,2023-05-31,fund__sales_yield_missing,0.0,0.0,0
41,2023-05-31,fund__book_to_market_missing,0.0,0.0,0
41,2023-05-31,fund__fcf_yield_missing,0.0,0.0,0
41,2023-05-31,fund__roe_missing,0.0,0.0,0
41,2023-05-31,fund__roa_missing,0.0,0.0,0
41,2023-05-31,fund__gross_profitability_missing,0.0,0.0,0
41,2023-05-31,fund__gross_margin_missing,0.0,0.0,0
41,2023-05-31,fund__operating_margin_missing,0.0,0.0,0
41,2023-05-31,fund__net_margin_missing,0.0,0.0,0
41,2023-05-31,fund__cash_conversion_missing,0.0,0.0,0
41,2023-05-31,fund__debt_to_assets_missing,3.7312400341033936,0.017548325290754577,1
41,2023-05-31,fund__net_debt_to_assets_missing,0.0,0.0,0
41,2023-05-31,fund__current_ratio_missing,0.0,0.0,0
41,2023-05-31,fund__interest_coverage_missing,0.0,0.0,0
41,2023-05-31,fund__capex_to_assets_missing,0.0,0.0,0
41,2023-05-31,fund__accruals_missing,0.0,0.0,0
41,2023-05-31,fund__revenue_growth_yoy_missing,0.0,0.0,0
41,2023-05-31,fund__net_income_growth_yoy_missing,0.0,0.0,0
41,2023-05-31,fund__operating_cash_flow_growth_yoy_missing,0.0,0.0,0
41,2023-05-31,fund__asset_growth_yoy_missing,0.0,0.0,0
41,2023-05-31,fund__revenue_growth_acceleration_missing,0.0,0.0,0
41,2023-05-31,fund__net_income_growth_acceleration_missing,0.0,0.0,0
41,2023-05-31,fund__operating_cash_flow_growth_acceleration_missing,0.0,0.0,0
42,2023-06-30,tech__momentum_12_1_sector_neutral,10.428239822387695,0.012136863006410344,2
42,2023-06-30,tech__momentum_6_1_sector_neutral,44.02484893798828,0.0512381350581495,3
42,2023-06-30,tech__return_3m_sector_neutral,8.080860137939453,0.009404875044931347,1
42,2023-06-30,tech__return_1m_sector_neutral,0.0,0.0,0
42,2023-06-30,tech__return_1w_sector_neutral,5.528439998626709,0.006434251613435634,1
42,2023-06-30,tech__reversal_1m_sector_neutral,0.0,0.0,0
42,2023-06-30,tech__volatility_20d_sector_neutral,0.0,0.0,0
42,2023-06-30,tech__volatility_60d_sector_neutral,181.85279750823975,0.21164861264042487,9
42,2023-06-30,tech__downside_volatility_60d_sector_neutral,0.0,0.0,0
42,2023-06-30,tech__beta_60d_market_sector_neutral,0.0,0.0,0
42,2023-06-30,tech__max_drawdown_126d_sector_neutral,8.419360160827637,0.00979883687122544,1
42,2023-06-30,tech__distance_sma_50d_sector_neutral,3.2675399780273438,0.0038029126445815417,1
42,2023-06-30,tech__distance_sma_200d_sector_neutral,34.63015079498291,0.04030415518328632,2
42,2023-06-30,tech__sma_50_200_spread_sector_neutral,104.27202105522156,0.12135655264005969,8
42,2023-06-30,tech__positive_day_ratio_60d_sector_neutral,0.0,0.0,0
42,2023-06-30,tech__average_dollar_volume_20d_sector_neutral,102.49517154693604,0.11928857382173871,10
42,2023-06-30,tech__dollar_volume_change_20d_60d_sector_neutral,19.351170539855957,0.0225217783495643,2
42,2023-06-30,tech__amihud_illiquidity_20d_sector_neutral,129.02379059791565,0.1501637953984196,19
42,2023-06-30,tech__zero_volume_ratio_60d_sector_neutral,0.0,0.0,0
42,2023-06-30,fund__earnings_yield_zscore,0.0,0.0,0
42,2023-06-30,fund__sales_yield_zscore,43.64638948440552,0.05079766661670133,5
42,2023-06-30,fund__book_to_market_zscore,22.213039875030518,0.025852552924645698,4
42,2023-06-30,fund__fcf_yield_zscore,0.0,0.0,0
42,2023-06-30,fund__roe_zscore,0.0,0.0,0
42,2023-06-30,fund__roa_zscore,6.819850206375122,0.007937253945897692,2
42,2023-06-30,fund__gross_profitability_zscore,0.0,0.0,0
42,2023-06-30,fund__gross_margin_zscore,0.0,0.0,0
42,2023-06-30,fund__operating_margin_zscore,0.0,0.0,0
42,2023-06-30,fund__net_margin_zscore,0.0,0.0,0
42,2023-06-30,fund__cash_conversion_zscore,7.235589981079102,0.008421110932104093,1
42,2023-06-30,fund__debt_to_assets_zscore,0.0,0.0,0
42,2023-06-30,fund__net_debt_to_assets_zscore,0.0,0.0,0
42,2023-06-30,fund__current_ratio_zscore,6.440320014953613,0.007495539330724517,1
42,2023-06-30,fund__interest_coverage_zscore,0.0,0.0,0
42,2023-06-30,fund__capex_to_assets_zscore,0.0,0.0,0
42,2023-06-30,fund__accruals_zscore,5.561240196228027,0.006472425985299978,1
42,2023-06-30,fund__revenue_growth_yoy_zscore,3.6683900356292725,0.004269440296235834,1
42,2023-06-30,fund__net_income_growth_yoy_zscore,0.0,0.0,0
42,2023-06-30,fund__operating_cash_flow_growth_yoy_zscore,0.0,0.0,0
42,2023-06-30,fund__asset_growth_yoy_zscore,0.0,0.0,0
42,2023-06-30,fund__revenue_growth_acceleration_zscore,0.0,0.0,0
42,2023-06-30,fund__net_income_growth_acceleration_zscore,0.0,0.0,0
42,2023-06-30,fund__operating_cash_flow_growth_acceleration_zscore,0.0,0.0,0
42,2023-06-30,fund__earnings_yield_sector_zscore,0.0,0.0,0
42,2023-06-30,fund__sales_yield_sector_zscore,21.92732000350952,0.02552001905527545,3
42,2023-06-30,fund__book_to_market_sector_zscore,0.0,0.0,0
42,2023-06-30,fund__fcf_yield_sector_zscore,2.2616701126098633,0.0026322352371978336,1
42,2023-06-30,fund__roe_sector_zscore,0.0,0.0,0
42,2023-06-30,fund__roa_sector_zscore,0.0,0.0,0
42,2023-06-30,fund__gross_profitability_sector_zscore,0.0,0.0,0
42,2023-06-30,fund__gross_margin_sector_zscore,48.38718032836914,0.05631521607808845,5
42,2023-06-30,fund__operating_margin_sector_zscore,0.0,0.0,0
42,2023-06-30,fund__net_margin_sector_zscore,10.838860034942627,0.012614761611766855,2
42,2023-06-30,fund__cash_conversion_sector_zscore,0.0,0.0,0
42,2023-06-30,fund__debt_to_assets_sector_zscore,0.0,0.0,0
42,2023-06-30,fund__net_debt_to_assets_sector_zscore,0.0,0.0,0
42,2023-06-30,fund__current_ratio_sector_zscore,0.0,0.0,0
42,2023-06-30,fund__interest_coverage_sector_zscore,0.0,0.0,0
42,2023-06-30,fund__capex_to_assets_sector_zscore,0.0,0.0,0
42,2023-06-30,fund__accruals_sector_zscore,0.0,0.0,0
42,2023-06-30,fund__revenue_growth_yoy_sector_zscore,0.0,0.0,0
42,2023-06-30,fund__net_income_growth_yoy_sector_zscore,15.797520160675049,0.018385877319344074,2
42,2023-06-30,fund__operating_cash_flow_growth_yoy_sector_zscore,4.957699775695801,0.0057699980082309065,1
42,2023-06-30,fund__asset_growth_yoy_sector_zscore,0.0,0.0,0
42,2023-06-30,fund__revenue_growth_acceleration_sector_zscore,0.0,0.0,0
42,2023-06-30,fund__net_income_growth_acceleration_sector_zscore,0.0,0.0,0
42,2023-06-30,fund__operating_cash_flow_growth_acceleration_sector_zscore,8.090900421142578,0.009416560386260023,1
42,2023-06-30,fund__earnings_yield_missing,0.0,0.0,0
42,2023-06-30,fund__sales_yield_missing,0.0,0.0,0
42,2023-06-30,fund__book_to_market_missing,0.0,0.0,0
42,2023-06-30,fund__fcf_yield_missing,0.0,0.0,0
42,2023-06-30,fund__roe_missing,0.0,0.0,0
42,2023-06-30,fund__roa_missing,0.0,0.0,0
42,2023-06-30,fund__gross_profitability_missing,0.0,0.0,0
42,2023-06-30,fund__gross_margin_missing,0.0,0.0,0
42,2023-06-30,fund__operating_margin_missing,0.0,0.0,0
42,2023-06-30,fund__net_margin_missing,0.0,0.0,0
42,2023-06-30,fund__cash_conversion_missing,0.0,0.0,0
42,2023-06-30,fund__debt_to_assets_missing,0.0,0.0,0
42,2023-06-30,fund__net_debt_to_assets_missing,0.0,0.0,0
42,2023-06-30,fund__current_ratio_missing,0.0,0.0,0
42,2023-06-30,fund__interest_coverage_missing,0.0,0.0,0
42,2023-06-30,fund__capex_to_assets_missing,0.0,0.0,0
42,2023-06-30,fund__accruals_missing,0.0,0.0,0
42,2023-06-30,fund__revenue_growth_yoy_missing,0.0,0.0,0
42,2023-06-30,fund__net_income_growth_yoy_missing,0.0,0.0,0
42,2023-06-30,fund__operating_cash_flow_growth_yoy_missing,0.0,0.0,0
42,2023-06-30,fund__asset_growth_yoy_missing,0.0,0.0,0
42,2023-06-30,fund__revenue_growth_acceleration_missing,0.0,0.0,0
42,2023-06-30,fund__net_income_growth_acceleration_missing,0.0,0.0,0
42,2023-06-30,fund__operating_cash_flow_growth_acceleration_missing,0.0,0.0,0
43,2023-07-31,tech__momentum_12_1_sector_neutral,10.428239822387695,0.012136863006410344,2
43,2023-07-31,tech__momentum_6_1_sector_neutral,44.02484893798828,0.0512381350581495,3
43,2023-07-31,tech__return_3m_sector_neutral,8.080860137939453,0.009404875044931347,1
43,2023-07-31,tech__return_1m_sector_neutral,0.0,0.0,0
43,2023-07-31,tech__return_1w_sector_neutral,5.528439998626709,0.006434251613435634,1
43,2023-07-31,tech__reversal_1m_sector_neutral,0.0,0.0,0
43,2023-07-31,tech__volatility_20d_sector_neutral,0.0,0.0,0
43,2023-07-31,tech__volatility_60d_sector_neutral,181.85279750823975,0.21164861264042487,9
43,2023-07-31,tech__downside_volatility_60d_sector_neutral,0.0,0.0,0
43,2023-07-31,tech__beta_60d_market_sector_neutral,0.0,0.0,0
43,2023-07-31,tech__max_drawdown_126d_sector_neutral,8.419360160827637,0.00979883687122544,1
43,2023-07-31,tech__distance_sma_50d_sector_neutral,3.2675399780273438,0.0038029126445815417,1
43,2023-07-31,tech__distance_sma_200d_sector_neutral,34.63015079498291,0.04030415518328632,2
43,2023-07-31,tech__sma_50_200_spread_sector_neutral,104.27202105522156,0.12135655264005969,8
43,2023-07-31,tech__positive_day_ratio_60d_sector_neutral,0.0,0.0,0
43,2023-07-31,tech__average_dollar_volume_20d_sector_neutral,102.49517154693604,0.11928857382173871,10
43,2023-07-31,tech__dollar_volume_change_20d_60d_sector_neutral,19.351170539855957,0.0225217783495643,2
43,2023-07-31,tech__amihud_illiquidity_20d_sector_neutral,129.02379059791565,0.1501637953984196,19
43,2023-07-31,tech__zero_volume_ratio_60d_sector_neutral,0.0,0.0,0
43,2023-07-31,fund__earnings_yield_zscore,0.0,0.0,0
43,2023-07-31,fund__sales_yield_zscore,43.64638948440552,0.05079766661670133,5
43,2023-07-31,fund__book_to_market_zscore,22.213039875030518,0.025852552924645698,4
43,2023-07-31,fund__fcf_yield_zscore,0.0,0.0,0
43,2023-07-31,fund__roe_zscore,0.0,0.0,0
43,2023-07-31,fund__roa_zscore,6.819850206375122,0.007937253945897692,2
43,2023-07-31,fund__gross_profitability_zscore,0.0,0.0,0
43,2023-07-31,fund__gross_margin_zscore,0.0,0.0,0
43,2023-07-31,fund__operating_margin_zscore,0.0,0.0,0
43,2023-07-31,fund__net_margin_zscore,0.0,0.0,0
43,2023-07-31,fund__cash_conversion_zscore,7.235589981079102,0.008421110932104093,1
43,2023-07-31,fund__debt_to_assets_zscore,0.0,0.0,0
43,2023-07-31,fund__net_debt_to_assets_zscore,0.0,0.0,0
43,2023-07-31,fund__current_ratio_zscore,6.440320014953613,0.007495539330724517,1
43,2023-07-31,fund__interest_coverage_zscore,0.0,0.0,0
43,2023-07-31,fund__capex_to_assets_zscore,0.0,0.0,0
43,2023-07-31,fund__accruals_zscore,5.561240196228027,0.006472425985299978,1
43,2023-07-31,fund__revenue_growth_yoy_zscore,3.6683900356292725,0.004269440296235834,1
43,2023-07-31,fund__net_income_growth_yoy_zscore,0.0,0.0,0
43,2023-07-31,fund__operating_cash_flow_growth_yoy_zscore,0.0,0.0,0
43,2023-07-31,fund__asset_growth_yoy_zscore,0.0,0.0,0
43,2023-07-31,fund__revenue_growth_acceleration_zscore,0.0,0.0,0
43,2023-07-31,fund__net_income_growth_acceleration_zscore,0.0,0.0,0
43,2023-07-31,fund__operating_cash_flow_growth_acceleration_zscore,0.0,0.0,0
43,2023-07-31,fund__earnings_yield_sector_zscore,0.0,0.0,0
43,2023-07-31,fund__sales_yield_sector_zscore,21.92732000350952,0.02552001905527545,3
43,2023-07-31,fund__book_to_market_sector_zscore,0.0,0.0,0
43,2023-07-31,fund__fcf_yield_sector_zscore,2.2616701126098633,0.0026322352371978336,1
43,2023-07-31,fund__roe_sector_zscore,0.0,0.0,0
43,2023-07-31,fund__roa_sector_zscore,0.0,0.0,0
43,2023-07-31,fund__gross_profitability_sector_zscore,0.0,0.0,0
43,2023-07-31,fund__gross_margin_sector_zscore,48.38718032836914,0.05631521607808845,5
43,2023-07-31,fund__operating_margin_sector_zscore,0.0,0.0,0
43,2023-07-31,fund__net_margin_sector_zscore,10.838860034942627,0.012614761611766855,2
43,2023-07-31,fund__cash_conversion_sector_zscore,0.0,0.0,0
43,2023-07-31,fund__debt_to_assets_sector_zscore,0.0,0.0,0
43,2023-07-31,fund__net_debt_to_assets_sector_zscore,0.0,0.0,0
43,2023-07-31,fund__current_ratio_sector_zscore,0.0,0.0,0
43,2023-07-31,fund__interest_coverage_sector_zscore,0.0,0.0,0
43,2023-07-31,fund__capex_to_assets_sector_zscore,0.0,0.0,0
43,2023-07-31,fund__accruals_sector_zscore,0.0,0.0,0
43,2023-07-31,fund__revenue_growth_yoy_sector_zscore,0.0,0.0,0
43,2023-07-31,fund__net_income_growth_yoy_sector_zscore,15.797520160675049,0.018385877319344074,2
43,2023-07-31,fund__operating_cash_flow_growth_yoy_sector_zscore,4.957699775695801,0.0057699980082309065,1
43,2023-07-31,fund__asset_growth_yoy_sector_zscore,0.0,0.0,0
43,2023-07-31,fund__revenue_growth_acceleration_sector_zscore,0.0,0.0,0
43,2023-07-31,fund__net_income_growth_acceleration_sector_zscore,0.0,0.0,0
43,2023-07-31,fund__operating_cash_flow_growth_acceleration_sector_zscore,8.090900421142578,0.009416560386260023,1
43,2023-07-31,fund__earnings_yield_missing,0.0,0.0,0
43,2023-07-31,fund__sales_yield_missing,0.0,0.0,0
43,2023-07-31,fund__book_to_market_missing,0.0,0.0,0
43,2023-07-31,fund__fcf_yield_missing,0.0,0.0,0
43,2023-07-31,fund__roe_missing,0.0,0.0,0
43,2023-07-31,fund__roa_missing,0.0,0.0,0
43,2023-07-31,fund__gross_profitability_missing,0.0,0.0,0
43,2023-07-31,fund__gross_margin_missing,0.0,0.0,0
43,2023-07-31,fund__operating_margin_missing,0.0,0.0,0
43,2023-07-31,fund__net_margin_missing,0.0,0.0,0
43,2023-07-31,fund__cash_conversion_missing,0.0,0.0,0
43,2023-07-31,fund__debt_to_assets_missing,0.0,0.0,0
43,2023-07-31,fund__net_debt_to_assets_missing,0.0,0.0,0
43,2023-07-31,fund__current_ratio_missing,0.0,0.0,0
43,2023-07-31,fund__interest_coverage_missing,0.0,0.0,0
43,2023-07-31,fund__capex_to_assets_missing,0.0,0.0,0
43,2023-07-31,fund__accruals_missing,0.0,0.0,0
43,2023-07-31,fund__revenue_growth_yoy_missing,0.0,0.0,0
43,2023-07-31,fund__net_income_growth_yoy_missing,0.0,0.0,0
43,2023-07-31,fund__operating_cash_flow_growth_yoy_missing,0.0,0.0,0
43,2023-07-31,fund__asset_growth_yoy_missing,0.0,0.0,0
43,2023-07-31,fund__revenue_growth_acceleration_missing,0.0,0.0,0
43,2023-07-31,fund__net_income_growth_acceleration_missing,0.0,0.0,0
43,2023-07-31,fund__operating_cash_flow_growth_acceleration_missing,0.0,0.0,0
44,2023-08-31,tech__momentum_12_1_sector_neutral,20.6257004737854,0.008602137624387093,6
44,2023-08-31,tech__momentum_6_1_sector_neutral,121.61877036094666,0.05072222403710632,20
44,2023-08-31,tech__return_3m_sector_neutral,61.451839447021484,0.025629053464965898,14
44,2023-08-31,tech__return_1m_sector_neutral,48.176620841026306,0.02009250174456575,13
44,2023-08-31,tech__return_1w_sector_neutral,17.626150369644165,0.007351147732438369,7
44,2023-08-31,tech__reversal_1m_sector_neutral,15.619578182697296,0.006514288391475754,6
44,2023-08-31,tech__volatility_20d_sector_neutral,8.248129844665527,0.0034399582287061975,1
44,2023-08-31,tech__volatility_60d_sector_neutral,240.74488973617554,0.10040486511042625,24
44,2023-08-31,tech__downside_volatility_60d_sector_neutral,18.15436029434204,0.007571442527885109,4
44,2023-08-31,tech__beta_60d_market_sector_neutral,18.209500193595886,0.0075944391287801555,6
44,2023-08-31,tech__max_drawdown_126d_sector_neutral,109.57874035835266,0.04570081905666955,21
44,2023-08-31,tech__distance_sma_50d_sector_neutral,39.29156029224396,0.016386905721837756,11
44,2023-08-31,tech__distance_sma_200d_sector_neutral,31.613130569458008,0.013184546155987483,8
44,2023-08-31,tech__sma_50_200_spread_sector_neutral,88.53908896446228,0.036926039403033045,17
44,2023-08-31,tech__positive_day_ratio_60d_sector_neutral,36.91632044315338,0.015396290149834558,8
44,2023-08-31,tech__average_dollar_volume_20d_sector_neutral,358.0402731895447,0.14932398097044433,37
44,2023-08-31,tech__dollar_volume_change_20d_60d_sector_neutral,66.33005023002625,0.027663556029836833,15
44,2023-08-31,tech__amihud_illiquidity_20d_sector_neutral,326.26796984672546,0.1360730503489087,39
44,2023-08-31,tech__zero_volume_ratio_60d_sector_neutral,0.0,0.0,0
44,2023-08-31,fund__earnings_yield_zscore,25.576719760894775,0.01066700564391639,10
44,2023-08-31,fund__sales_yield_zscore,48.08077955245972,0.020052530255820617,10
44,2023-08-31,fund__book_to_market_zscore,59.89059638977051,0.02497792272345916,12
44,2023-08-31,fund__fcf_yield_zscore,5.439080238342285,0.002268418317223707,1
44,2023-08-31,fund__roe_zscore,22.652813255786896,0.00944756360897819,7
44,2023-08-31,fund__roa_zscore,18.189980268478394,0.007586298164913652,5
44,2023-08-31,fund__gross_profitability_zscore,4.144810080528259,0.0017286310729163555,2
44,2023-08-31,fund__gross_margin_zscore,4.696450233459473,0.0019586976600212804,1
44,2023-08-31,fund__operating_margin_zscore,13.656120300292969,0.005695410266798426,3
44,2023-08-31,fund__net_margin_zscore,9.47353994846344,0.003951026755691818,2
44,2023-08-31,fund__cash_conversion_zscore,28.68818974494934,0.011964672748653255,7
44,2023-08-31,fund__debt_to_assets_zscore,6.102750062942505,0.0025452079067758222,2
44,2023-08-31,fund__net_debt_to_assets_zscore,0.0,0.0,0
44,2023-08-31,fund__current_ratio_zscore,9.734070062637329,0.00405968323018438,3
44,2023-08-31,fund__interest_coverage_zscore,10.64671015739441,0.004440308155219629,4
44,2023-08-31,fund__capex_to_assets_zscore,41.45571994781494,0.01728948836246267,8
44,2023-08-31,fund__accruals_zscore,57.751280784606934,0.024085701522002016,16
44,2023-08-31,fund__revenue_growth_yoy_zscore,12.074899911880493,0.005035947796037809,3
44,2023-08-31,fund__net_income_growth_yoy_zscore,3.0261800289154053,0.0012620961464066337,1
44,2023-08-31,fund__operating_cash_flow_growth_yoy_zscore,17.965740203857422,0.007492776788550087,7
44,2023-08-31,fund__asset_growth_yoy_zscore,10.311899900436401,0.004300672465655065,2
44,2023-08-31,fund__revenue_growth_acceleration_zscore,49.1044796705246,0.020479473782557444,15
44,2023-08-31,fund__net_income_growth_acceleration_zscore,4.739240050315857,0.0019765435457398655,2
44,2023-08-31,fund__operating_cash_flow_growth_acceleration_zscore,0.0,0.0,0
44,2023-08-31,fund__earnings_yield_sector_zscore,13.959269762039185,0.005821841531230592,3
44,2023-08-31,fund__sales_yield_sector_zscore,17.04766011238098,0.007109883062970796,6
44,2023-08-31,fund__book_to_market_sector_zscore,17.361470222473145,0.007240760448607602,6
44,2023-08-31,fund__fcf_yield_sector_zscore,3.7698099613189697,0.0015722338325559729,1
44,2023-08-31,fund__roe_sector_zscore,2.783519983291626,0.0011608925479616348,1
44,2023-08-31,fund__roa_sector_zscore,8.599550247192383,0.0035865213318791354,2
44,2023-08-31,fund__gross_profitability_sector_zscore,0.0,0.0,0
44,2023-08-31,fund__gross_margin_sector_zscore,17.87365996837616,0.007454373881502033,6
44,2023-08-31,fund__operating_margin_sector_zscore,17.725319862365723,0.007392507279262765,4
44,2023-08-31,fund__net_margin_sector_zscore,23.461029529571533,0.009784637621383298,3
44,2023-08-31,fund__cash_conversion_sector_zscore,37.55789923667908,0.015663866472190768,6
44,2023-08-31,fund__debt_to_assets_sector_zscore,3.7685699462890625,0.0015717166729105523,1
44,2023-08-31,fund__net_debt_to_assets_sector_zscore,0.0,0.0,0
44,2023-08-31,fund__current_ratio_sector_zscore,12.312779903411865,0.005135157829066344,3
44,2023-08-31,fund__interest_coverage_sector_zscore,3.5822598934173584,0.001494014355956703,1
44,2023-08-31,fund__capex_to_assets_sector_zscore,13.902870178222656,0.005798319567331012,4
44,2023-08-31,fund__accruals_sector_zscore,7.269740343093872,0.0030319119103049564,2
44,2023-08-31,fund__revenue_growth_yoy_sector_zscore,16.684635639190674,0.006958480375659759,5
44,2023-08-31,fund__net_income_growth_yoy_sector_zscore,16.13073992729187,0.0067274730869925385,4
44,2023-08-31,fund__operating_cash_flow_growth_yoy_sector_zscore,29.863100051879883,0.01245467987201727,7
44,2023-08-31,fund__asset_growth_yoy_sector_zscore,15.024510145187378,0.006266109806654348,4
44,2023-08-31,fund__revenue_growth_acceleration_sector_zscore,3.466360092163086,0.001445677280457352,1
44,2023-08-31,fund__net_income_growth_acceleration_sector_zscore,9.542540311813354,0.003979803990308556,2
44,2023-08-31,fund__operating_cash_flow_growth_acceleration_sector_zscore,13.115620017051697,0.005469989664556531,6
44,2023-08-31,fund__earnings_yield_missing,0.0,0.0,0
44,2023-08-31,fund__sales_yield_missing,0.0,0.0,0
44,2023-08-31,fund__book_to_market_missing,0.0,0.0,0
44,2023-08-31,fund__fcf_yield_missing,0.0,0.0,0
44,2023-08-31,fund__roe_missing,0.0,0.0,0
44,2023-08-31,fund__roa_missing,0.0,0.0,0
44,2023-08-31,fund__gross_profitability_missing,0.0,0.0,0
44,2023-08-31,fund__gross_margin_missing,0.0,0.0,0
44,2023-08-31,fund__operating_margin_missing,0.0,0.0,0
44,2023-08-31,fund__net_margin_missing,0.0,0.0,0
44,2023-08-31,fund__cash_conversion_missing,0.0,0.0,0
44,2023-08-31,fund__debt_to_assets_missing,2.48363995552063,0.001035824830966048,1
44,2023-08-31,fund__net_debt_to_assets_missing,0.0,0.0,0
44,2023-08-31,fund__current_ratio_missing,0.0,0.0,0
44,2023-08-31,fund__interest_coverage_missing,0.0,0.0,0
44,2023-08-31,fund__capex_to_assets_missing,0.0,0.0,0
44,2023-08-31,fund__accruals_missing,0.0,0.0,0
44,2023-08-31,fund__revenue_growth_yoy_missing,0.0,0.0,0
44,2023-08-31,fund__net_income_growth_yoy_missing,0.0,0.0,0
44,2023-08-31,fund__operating_cash_flow_growth_yoy_missing,0.0,0.0,0
44,2023-08-31,fund__asset_growth_yoy_missing,0.0,0.0,0
44,2023-08-31,fund__revenue_growth_acceleration_missing,0.0,0.0,0
44,2023-08-31,fund__net_income_growth_acceleration_missing,0.0,0.0,0
44,2023-08-31,fund__operating_cash_flow_growth_acceleration_missing,0.0,0.0,0
45,2023-09-29,tech__momentum_12_1_sector_neutral,20.6257004737854,0.008602137624387093,6
45,2023-09-29,tech__momentum_6_1_sector_neutral,121.61877036094666,0.05072222403710632,20
45,2023-09-29,tech__return_3m_sector_neutral,61.451839447021484,0.025629053464965898,14
45,2023-09-29,tech__return_1m_sector_neutral,48.176620841026306,0.02009250174456575,13
45,2023-09-29,tech__return_1w_sector_neutral,17.626150369644165,0.007351147732438369,7
45,2023-09-29,tech__reversal_1m_sector_neutral,15.619578182697296,0.006514288391475754,6
45,2023-09-29,tech__volatility_20d_sector_neutral,8.248129844665527,0.0034399582287061975,1
45,2023-09-29,tech__volatility_60d_sector_neutral,240.74488973617554,0.10040486511042625,24
45,2023-09-29,tech__downside_volatility_60d_sector_neutral,18.15436029434204,0.007571442527885109,4
45,2023-09-29,tech__beta_60d_market_sector_neutral,18.209500193595886,0.0075944391287801555,6
45,2023-09-29,tech__max_drawdown_126d_sector_neutral,109.57874035835266,0.04570081905666955,21
45,2023-09-29,tech__distance_sma_50d_sector_neutral,39.29156029224396,0.016386905721837756,11
45,2023-09-29,tech__distance_sma_200d_sector_neutral,31.613130569458008,0.013184546155987483,8
45,2023-09-29,tech__sma_50_200_spread_sector_neutral,88.53908896446228,0.036926039403033045,17
45,2023-09-29,tech__positive_day_ratio_60d_sector_neutral,36.91632044315338,0.015396290149834558,8
45,2023-09-29,tech__average_dollar_volume_20d_sector_neutral,358.0402731895447,0.14932398097044433,37
45,2023-09-29,tech__dollar_volume_change_20d_60d_sector_neutral,66.33005023002625,0.027663556029836833,15
45,2023-09-29,tech__amihud_illiquidity_20d_sector_neutral,326.26796984672546,0.1360730503489087,39
45,2023-09-29,tech__zero_volume_ratio_60d_sector_neutral,0.0,0.0,0
45,2023-09-29,fund__earnings_yield_zscore,25.576719760894775,0.01066700564391639,10
45,2023-09-29,fund__sales_yield_zscore,48.08077955245972,0.020052530255820617,10
45,2023-09-29,fund__book_to_market_zscore,59.89059638977051,0.02497792272345916,12
45,2023-09-29,fund__fcf_yield_zscore,5.439080238342285,0.002268418317223707,1
45,2023-09-29,fund__roe_zscore,22.652813255786896,0.00944756360897819,7
45,2023-09-29,fund__roa_zscore,18.189980268478394,0.007586298164913652,5
45,2023-09-29,fund__gross_profitability_zscore,4.144810080528259,0.0017286310729163555,2
45,2023-09-29,fund__gross_margin_zscore,4.696450233459473,0.0019586976600212804,1
45,2023-09-29,fund__operating_margin_zscore,13.656120300292969,0.005695410266798426,3
45,2023-09-29,fund__net_margin_zscore,9.47353994846344,0.003951026755691818,2
45,2023-09-29,fund__cash_conversion_zscore,28.68818974494934,0.011964672748653255,7
45,2023-09-29,fund__debt_to_assets_zscore,6.102750062942505,0.0025452079067758222,2
45,2023-09-29,fund__net_debt_to_assets_zscore,0.0,0.0,0
45,2023-09-29,fund__current_ratio_zscore,9.734070062637329,0.00405968323018438,3
45,2023-09-29,fund__interest_coverage_zscore,10.64671015739441,0.004440308155219629,4
45,2023-09-29,fund__capex_to_assets_zscore,41.45571994781494,0.01728948836246267,8
45,2023-09-29,fund__accruals_zscore,57.751280784606934,0.024085701522002016,16
45,2023-09-29,fund__revenue_growth_yoy_zscore,12.074899911880493,0.005035947796037809,3
45,2023-09-29,fund__net_income_growth_yoy_zscore,3.0261800289154053,0.0012620961464066337,1
45,2023-09-29,fund__operating_cash_flow_growth_yoy_zscore,17.965740203857422,0.007492776788550087,7
45,2023-09-29,fund__asset_growth_yoy_zscore,10.311899900436401,0.004300672465655065,2
45,2023-09-29,fund__revenue_growth_acceleration_zscore,49.1044796705246,0.020479473782557444,15
45,2023-09-29,fund__net_income_growth_acceleration_zscore,4.739240050315857,0.0019765435457398655,2
45,2023-09-29,fund__operating_cash_flow_growth_acceleration_zscore,0.0,0.0,0
45,2023-09-29,fund__earnings_yield_sector_zscore,13.959269762039185,0.005821841531230592,3
45,2023-09-29,fund__sales_yield_sector_zscore,17.04766011238098,0.007109883062970796,6
45,2023-09-29,fund__book_to_market_sector_zscore,17.361470222473145,0.007240760448607602,6
45,2023-09-29,fund__fcf_yield_sector_zscore,3.7698099613189697,0.0015722338325559729,1
45,2023-09-29,fund__roe_sector_zscore,2.783519983291626,0.0011608925479616348,1
45,2023-09-29,fund__roa_sector_zscore,8.599550247192383,0.0035865213318791354,2
45,2023-09-29,fund__gross_profitability_sector_zscore,0.0,0.0,0
45,2023-09-29,fund__gross_margin_sector_zscore,17.87365996837616,0.007454373881502033,6
45,2023-09-29,fund__operating_margin_sector_zscore,17.725319862365723,0.007392507279262765,4
45,2023-09-29,fund__net_margin_sector_zscore,23.461029529571533,0.009784637621383298,3
45,2023-09-29,fund__cash_conversion_sector_zscore,37.55789923667908,0.015663866472190768,6
45,2023-09-29,fund__debt_to_assets_sector_zscore,3.7685699462890625,0.0015717166729105523,1
45,2023-09-29,fund__net_debt_to_assets_sector_zscore,0.0,0.0,0
45,2023-09-29,fund__current_ratio_sector_zscore,12.312779903411865,0.005135157829066344,3
45,2023-09-29,fund__interest_coverage_sector_zscore,3.5822598934173584,0.001494014355956703,1
45,2023-09-29,fund__capex_to_assets_sector_zscore,13.902870178222656,0.005798319567331012,4
45,2023-09-29,fund__accruals_sector_zscore,7.269740343093872,0.0030319119103049564,2
45,2023-09-29,fund__revenue_growth_yoy_sector_zscore,16.684635639190674,0.006958480375659759,5
45,2023-09-29,fund__net_income_growth_yoy_sector_zscore,16.13073992729187,0.0067274730869925385,4
45,2023-09-29,fund__operating_cash_flow_growth_yoy_sector_zscore,29.863100051879883,0.01245467987201727,7
45,2023-09-29,fund__asset_growth_yoy_sector_zscore,15.024510145187378,0.006266109806654348,4
45,2023-09-29,fund__revenue_growth_acceleration_sector_zscore,3.466360092163086,0.001445677280457352,1
45,2023-09-29,fund__net_income_growth_acceleration_sector_zscore,9.542540311813354,0.003979803990308556,2
45,2023-09-29,fund__operating_cash_flow_growth_acceleration_sector_zscore,13.115620017051697,0.005469989664556531,6
45,2023-09-29,fund__earnings_yield_missing,0.0,0.0,0
45,2023-09-29,fund__sales_yield_missing,0.0,0.0,0
45,2023-09-29,fund__book_to_market_missing,0.0,0.0,0
45,2023-09-29,fund__fcf_yield_missing,0.0,0.0,0
45,2023-09-29,fund__roe_missing,0.0,0.0,0
45,2023-09-29,fund__roa_missing,0.0,0.0,0
45,2023-09-29,fund__gross_profitability_missing,0.0,0.0,0
45,2023-09-29,fund__gross_margin_missing,0.0,0.0,0
45,2023-09-29,fund__operating_margin_missing,0.0,0.0,0
45,2023-09-29,fund__net_margin_missing,0.0,0.0,0
45,2023-09-29,fund__cash_conversion_missing,0.0,0.0,0
45,2023-09-29,fund__debt_to_assets_missing,2.48363995552063,0.001035824830966048,1
45,2023-09-29,fund__net_debt_to_assets_missing,0.0,0.0,0
45,2023-09-29,fund__current_ratio_missing,0.0,0.0,0
45,2023-09-29,fund__interest_coverage_missing,0.0,0.0,0
45,2023-09-29,fund__capex_to_assets_missing,0.0,0.0,0
45,2023-09-29,fund__accruals_missing,0.0,0.0,0
45,2023-09-29,fund__revenue_growth_yoy_missing,0.0,0.0,0
45,2023-09-29,fund__net_income_growth_yoy_missing,0.0,0.0,0
45,2023-09-29,fund__operating_cash_flow_growth_yoy_missing,0.0,0.0,0
45,2023-09-29,fund__asset_growth_yoy_missing,0.0,0.0,0
45,2023-09-29,fund__revenue_growth_acceleration_missing,0.0,0.0,0
45,2023-09-29,fund__net_income_growth_acceleration_missing,0.0,0.0,0
45,2023-09-29,fund__operating_cash_flow_growth_acceleration_missing,0.0,0.0,0
46,2023-10-31,tech__momentum_12_1_sector_neutral,9.406870126724243,0.012754192000599435,2
46,2023-10-31,tech__momentum_6_1_sector_neutral,6.765860080718994,0.009173410215745277,1
46,2023-10-31,tech__return_3m_sector_neutral,0.0,0.0,0
46,2023-10-31,tech__return_1m_sector_neutral,22.208719730377197,0.03011142619307846,3
46,2023-10-31,tech__return_1w_sector_neutral,13.222269773483276,0.017927255835672246,3
46,2023-10-31,tech__reversal_1m_sector_neutral,0.0,0.0,0
46,2023-10-31,tech__volatility_20d_sector_neutral,8.073639750480652,0.010946547590655444,2
46,2023-10-31,tech__volatility_60d_sector_neutral,24.291549682617188,0.032935406194673195,3
46,2023-10-31,tech__downside_volatility_60d_sector_neutral,8.40542984008789,0.011396401202934498,3
46,2023-10-31,tech__beta_60d_market_sector_neutral,0.0,0.0,0
46,2023-10-31,tech__max_drawdown_126d_sector_neutral,26.939969778060913,0.03652623480615503,5
46,2023-10-31,tech__distance_sma_50d_sector_neutral,0.0,0.0,0
46,2023-10-31,tech__distance_sma_200d_sector_neutral,2.5071070194244385,0.0033992309727916823,2
46,2023-10-31,tech__sma_50_200_spread_sector_neutral,22.425020217895508,0.03040469461397378,3
46,2023-10-31,tech__positive_day_ratio_60d_sector_neutral,14.005099773406982,0.018988646498916475,4
46,2023-10-31,tech__average_dollar_volume_20d_sector_neutral,135.49805068969727,0.18371340636390332,10
46,2023-10-31,tech__dollar_volume_change_20d_60d_sector_neutral,23.54770016670227,0.03192686675299648,5
46,2023-10-31,tech__amihud_illiquidity_20d_sector_neutral,140.8890797495842,0.191022768434851,9
46,2023-10-31,tech__zero_volume_ratio_60d_sector_neutral,0.0,0.0,0
46,2023-10-31,fund__earnings_yield_zscore,8.98868989944458,0.012187207356639388,3
46,2023-10-31,fund__sales_yield_zscore,20.516700267791748,0.027817321905058402,3
46,2023-10-31,fund__book_to_market_zscore,28.31416082382202,0.03838941524843089,4
46,2023-10-31,fund__fcf_yield_zscore,2.4275699853897095,0.0032913916394564403,2
46,2023-10-31,fund__roe_zscore,17.573112666606903,0.023826293972245952,4
46,2023-10-31,fund__roa_zscore,13.769270062446594,0.0186688996147228,3
46,2023-10-31,fund__gross_profitability_zscore,0.0,0.0,0
46,2023-10-31,fund__gross_margin_zscore,3.701930046081543,0.005019217438367425,1
46,2023-10-31,fund__operating_margin_zscore,0.0,0.0,0
46,2023-10-31,fund__net_margin_zscore,1.6997699737548828,0.0023046127256008994,1
46,2023-10-31,fund__cash_conversion_zscore,55.93423891067505,0.07583776674533248,5
46,2023-10-31,fund__debt_to_assets_zscore,7.416369915008545,0.01005539616995088,1
46,2023-10-31,fund__net_debt_to_assets_zscore,5.462029933929443,0.007405627754171684,1
46,2023-10-31,fund__current_ratio_zscore,0.0,0.0,0
46,2023-10-31,fund__interest_coverage_zscore,0.0,0.0,0
46,2023-10-31,fund__capex_to_assets_zscore,5.207509994506836,0.00706053994795709,1
46,2023-10-31,fund__accruals_zscore,17.71656036376953,0.024020785811402778,3
46,2023-10-31,fund__revenue_growth_yoy_zscore,0.0,0.0,0
46,2023-10-31,fund__net_income_growth_yoy_zscore,4.490910053253174,0.006088946515152869,1
46,2023-10-31,fund__operating_cash_flow_growth_yoy_zscore,0.3143790066242218,0.00042624700430932047,1
46,2023-10-31,fund__asset_growth_yoy_zscore,0.0,0.0,0
46,2023-10-31,fund__revenue_growth_acceleration_zscore,3.4722399711608887,0.004707794906036766,1
46,2023-10-31,fund__net_income_growth_acceleration_zscore,8.556952118873596,0.01160184086670864,2
46,2023-10-31,fund__operating_cash_flow_growth_acceleration_zscore,0.0,0.0,0
46,2023-10-31,fund__earnings_yield_sector_zscore,6.991369962692261,0.009479165083620882,2
46,2023-10-31,fund__sales_yield_sector_zscore,0.0,0.0,0
46,2023-10-31,fund__book_to_market_sector_zscore,12.456459760665894,0.01688894151774558,2
46,2023-10-31,fund__fcf_yield_sector_zscore,0.0,0.0,0
46,2023-10-31,fund__roe_sector_zscore,9.567220211029053,0.01297160073857337,2
46,2023-10-31,fund__roa_sector_zscore,0.0,0.0,0
46,2023-10-31,fund__gross_profitability_sector_zscore,0.0,0.0,0
46,2023-10-31,fund__gross_margin_sector_zscore,0.0,0.0,0
46,2023-10-31,fund__operating_margin_sector_zscore,0.0,0.0,0
46,2023-10-31,fund__net_margin_sector_zscore,13.036999702453613,0.01767605963267971,1
46,2023-10-31,fund__cash_conversion_sector_zscore,0.0,0.0,0
46,2023-10-31,fund__debt_to_assets_sector_zscore,0.0,0.0,0
46,2023-10-31,fund__net_debt_to_assets_sector_zscore,0.0,0.0,0
46,2023-10-31,fund__current_ratio_sector_zscore,0.0,0.0,0
46,2023-10-31,fund__interest_coverage_sector_zscore,0.0,0.0,0
46,2023-10-31,fund__capex_to_assets_sector_zscore,2.2431600093841553,0.003041361585983191,1
46,2023-10-31,fund__accruals_sector_zscore,3.445549964904785,0.004671607581272871,1
46,2023-10-31,fund__revenue_growth_yoy_sector_zscore,0.0,0.0,0
46,2023-10-31,fund__net_income_growth_yoy_sector_zscore,13.373380184173584,0.018132137073030706,2
46,2023-10-31,fund__operating_cash_flow_growth_yoy_sector_zscore,6.194169998168945,0.008398291076280665,1
46,2023-10-31,fund__asset_growth_yoy_sector_zscore,0.0,0.0,0
46,2023-10-31,fund__revenue_growth_acceleration_sector_zscore,0.0,0.0,0
46,2023-10-31,fund__net_income_growth_acceleration_sector_zscore,3.0208799839019775,0.004095823882589359,1
46,2023-10-31,fund__operating_cash_flow_growth_acceleration_sector_zscore,0.0,0.0,0
46,2023-10-31,fund__earnings_yield_missing,0.0,0.0,0
46,2023-10-31,fund__sales_yield_missing,0.0,0.0,0
46,2023-10-31,fund__book_to_market_missing,0.0,0.0,0
46,2023-10-31,fund__fcf_yield_missing,0.0,0.0,0
46,2023-10-31,fund__roe_missing,0.0,0.0,0
46,2023-10-31,fund__roa_missing,0.0,0.0,0
46,2023-10-31,fund__gross_profitability_missing,0.0,0.0,0
46,2023-10-31,fund__gross_margin_missing,0.0,0.0,0
46,2023-10-31,fund__operating_margin_missing,0.0,0.0,0
46,2023-10-31,fund__net_margin_missing,0.0,0.0,0
46,2023-10-31,fund__cash_conversion_missing,0.0,0.0,0
46,2023-10-31,fund__debt_to_assets_missing,3.473289966583252,0.0047092185297326564,1
46,2023-10-31,fund__net_debt_to_assets_missing,0.0,0.0,0
46,2023-10-31,fund__current_ratio_missing,0.0,0.0,0
46,2023-10-31,fund__interest_coverage_missing,0.0,0.0,0
46,2023-10-31,fund__capex_to_assets_missing,0.0,0.0,0
46,2023-10-31,fund__accruals_missing,0.0,0.0,0
46,2023-10-31,fund__revenue_growth_yoy_missing,0.0,0.0,0
46,2023-10-31,fund__net_income_growth_yoy_missing,0.0,0.0,0
46,2023-10-31,fund__operating_cash_flow_growth_yoy_missing,0.0,0.0,0
46,2023-10-31,fund__asset_growth_yoy_missing,0.0,0.0,0
46,2023-10-31,fund__revenue_growth_acceleration_missing,0.0,0.0,0
46,2023-10-31,fund__net_income_growth_acceleration_missing,0.0,0.0,0
46,2023-10-31,fund__operating_cash_flow_growth_acceleration_missing,0.0,0.0,0
47,2023-11-30,tech__momentum_12_1_sector_neutral,15.664750099182129,0.007285658038150409,4
47,2023-11-30,tech__momentum_6_1_sector_neutral,136.3841211795807,0.06343210472281781,15
47,2023-11-30,tech__return_3m_sector_neutral,24.715049982070923,0.01149494255733869,7
47,2023-11-30,tech__return_1m_sector_neutral,75.19541931152344,0.034973306798408155,14
47,2023-11-30,tech__return_1w_sector_neutral,42.294140100479126,0.019670958032442763,10
47,2023-11-30,tech__reversal_1m_sector_neutral,10.821409583091736,0.0050330256923336765,3
47,2023-11-30,tech__volatility_20d_sector_neutral,0.0,0.0,0
47,2023-11-30,tech__volatility_60d_sector_neutral,180.60902881622314,0.08400106061226964,11
47,2023-11-30,tech__downside_volatility_60d_sector_neutral,18.608490228652954,0.008654788333923516,4
47,2023-11-30,tech__beta_60d_market_sector_neutral,28.34683719277382,0.013184082793663999,10
47,2023-11-30,tech__max_drawdown_126d_sector_neutral,69.93701046705246,0.032527626629683254,13
47,2023-11-30,tech__distance_sma_50d_sector_neutral,26.630400240421295,0.01238576985539769,7
47,2023-11-30,tech__distance_sma_200d_sector_neutral,23.370349884033203,0.01086952402106203,5
47,2023-11-30,tech__sma_50_200_spread_sector_neutral,110.86617004871368,0.051563733724455225,16
47,2023-11-30,tech__positive_day_ratio_60d_sector_neutral,20.020964235067368,0.009311728440427288,8
47,2023-11-30,tech__average_dollar_volume_20d_sector_neutral,386.5352016687393,0.17977709706412578,31
47,2023-11-30,tech__dollar_volume_change_20d_60d_sector_neutral,16.72025990486145,0.0077765744875928815,5
47,2023-11-30,tech__amihud_illiquidity_20d_sector_neutral,312.91175523400307,0.14553491312136518,31
47,2023-11-30,tech__zero_volume_ratio_60d_sector_neutral,0.0,0.0,0
47,2023-11-30,fund__earnings_yield_zscore,8.77357017993927,0.004080577838780119,4
47,2023-11-30,fund__sales_yield_zscore,79.65704941749573,0.03704840605240315,15
47,2023-11-30,fund__book_to_market_zscore,64.33696407079697,0.029923051211462937,13
47,2023-11-30,fund__fcf_yield_zscore,0.0,0.0,0
47,2023-11-30,fund__roe_zscore,3.943730115890503,0.0018342245383559386,1
47,2023-11-30,fund__roa_zscore,8.44544005393982,0.003927964878157656,4
47,2023-11-30,fund__gross_profitability_zscore,5.347109794616699,0.0024869348830567,1
47,2023-11-30,fund__gross_margin_zscore,5.451800227165222,0.002535626288063819,2
47,2023-11-30,fund__operating_margin_zscore,6.713269948959351,0.0031223344679123187,2
47,2023-11-30,fund__net_margin_zscore,10.2666597366333,0.004775012149032809,3
47,2023-11-30,fund__cash_conversion_zscore,10.152850031852722,0.004722079380542781,4
47,2023-11-30,fund__debt_to_assets_zscore,4.1191500425338745,0.0019158121532562085,2
47,2023-11-30,fund__net_debt_to_assets_zscore,10.986949920654297,0.005110018321221116,4
47,2023-11-30,fund__current_ratio_zscore,16.32389998435974,0.007592227924607833,4
47,2023-11-30,fund__interest_coverage_zscore,4.583049774169922,0.0021315714080984835,1
47,2023-11-30,fund__capex_to_assets_zscore,12.38086998462677,0.005758329009506556,3
47,2023-11-30,fund__accruals_zscore,32.36135995388031,0.015051232913430057,11
47,2023-11-30,fund__revenue_growth_yoy_zscore,2.7313169836997986,0.0012703325243642498,2
47,2023-11-30,fund__net_income_growth_yoy_zscore,23.60299038887024,0.010977724863931131,7
47,2023-11-30,fund__operating_cash_flow_growth_yoy_zscore,20.945619821548462,0.009741784736474959,5
47,2023-11-30,fund__asset_growth_yoy_zscore,8.67149019241333,0.004033100548881221,2
47,2023-11-30,fund__revenue_growth_acceleration_zscore,1.0392199754714966,0.0004833400673334514,1
47,2023-11-30,fund__net_income_growth_acceleration_zscore,5.678838133811951,0.0026412213686780924,2
47,2023-11-30,fund__operating_cash_flow_growth_acceleration_zscore,10.420759916305542,0.004846683973070915,4
47,2023-11-30,fund__earnings_yield_sector_zscore,3.5668699741363525,0.0016589473010144389,2
47,2023-11-30,fund__sales_yield_sector_zscore,11.112259984016418,0.005168299893835737,3
47,2023-11-30,fund__book_to_market_sector_zscore,40.15500044822693,0.018676046533473416,8
47,2023-11-30,fund__fcf_yield_sector_zscore,2.0557000637054443,0.0009561038381291411,1
47,2023-11-30,fund__roe_sector_zscore,11.117349982261658,0.00517066724642003,4
47,2023-11-30,fund__roa_sector_zscore,2.9569599628448486,0.0013752788257320686,1
47,2023-11-30,fund__gross_profitability_sector_zscore,2.670759916305542,0.0012421674989387362,1
47,2023-11-30,fund__gross_margin_sector_zscore,17.872860193252563,0.008312647613734207,4
47,2023-11-30,fund__operating_margin_sector_zscore,8.453130006790161,0.003931541466768541,3
47,2023-11-30,fund__net_margin_sector_zscore,31.85599970817566,0.014816190419105682,7
47,2023-11-30,fund__cash_conversion_sector_zscore,14.678019881248474,0.006826730899303197,5
47,2023-11-30,fund__debt_to_assets_sector_zscore,1.5823500156402588,0.0007359492515120804,1
47,2023-11-30,fund__net_debt_to_assets_sector_zscore,4.163111925125122,0.0019362587764864042,2
47,2023-11-30,fund__current_ratio_sector_zscore,3.7782599925994873,0.0017572645660489518,2
47,2023-11-30,fund__interest_coverage_sector_zscore,3.948930025100708,0.0018366430104091226,1
47,2023-11-30,fund__capex_to_assets_sector_zscore,1.0561200380325317,0.0004912002678386276,1
47,2023-11-30,fund__accruals_sector_zscore,10.71343994140625,0.0049828091307644535,3
47,2023-11-30,fund__revenue_growth_yoy_sector_zscore,13.706959962844849,0.006375091999528317,4
47,2023-11-30,fund__net_income_growth_yoy_sector_zscore,32.787049889564514,0.015249220834210184,7
47,2023-11-30,fund__operating_cash_flow_growth_yoy_sector_zscore,2.9823501110076904,0.0013870877557106004,1
47,2023-11-30,fund__asset_growth_yoy_sector_zscore,8.807239770889282,0.00409623752849065,3
47,2023-11-30,fund__revenue_growth_acceleration_sector_zscore,30.48229992389679,0.014177284160661167,10
47,2023-11-30,fund__net_income_growth_acceleration_sector_zscore,5.115819931030273,0.002379362221947402,1
47,2023-11-30,fund__operating_cash_flow_growth_acceleration_sector_zscore,6.95842981338501,0.0032363580511533896,1
47,2023-11-30,fund__earnings_yield_missing,0.0,0.0,0
47,2023-11-30,fund__sales_yield_missing,0.0,0.0,0
47,2023-11-30,fund__book_to_market_missing,0.0,0.0,0
47,2023-11-30,fund__fcf_yield_missing,0.0,0.0,0
47,2023-11-30,fund__roe_missing,6.614870071411133,0.0030765687931155264,1
47,2023-11-30,fund__roa_missing,7.72268009185791,0.003591810014910251,1
47,2023-11-30,fund__gross_profitability_missing,0.0,0.0,0
47,2023-11-30,fund__gross_margin_missing,0.0,0.0,0
47,2023-11-30,fund__operating_margin_missing,0.0,0.0,0
47,2023-11-30,fund__net_margin_missing,0.0,0.0,0
47,2023-11-30,fund__cash_conversion_missing,0.0,0.0,0
47,2023-11-30,fund__debt_to_assets_missing,0.0,0.0,0
47,2023-11-30,fund__net_debt_to_assets_missing,0.0,0.0,0
47,2023-11-30,fund__current_ratio_missing,0.0,0.0,0
47,2023-11-30,fund__interest_coverage_missing,0.0,0.0,0
47,2023-11-30,fund__capex_to_assets_missing,5.35345983505249,0.0024898882798776306,1
47,2023-11-30,fund__accruals_missing,0.0,0.0,0
47,2023-11-30,fund__revenue_growth_yoy_missing,0.0,0.0,0
47,2023-11-30,fund__net_income_growth_yoy_missing,0.0,0.0,0
47,2023-11-30,fund__operating_cash_flow_growth_yoy_missing,0.0,0.0,0
47,2023-11-30,fund__asset_growth_yoy_missing,1.2467399835586548,0.0005798573947995423,1
47,2023-11-30,fund__revenue_growth_acceleration_missing,0.0,0.0,0
47,2023-11-30,fund__net_income_growth_acceleration_missing,0.0,0.0,0
47,2023-11-30,fund__operating_cash_flow_growth_acceleration_missing,0.0,0.0,0
48,2023-12-29,tech__momentum_12_1_sector_neutral,15.664750099182129,0.007285658038150409,4
48,2023-12-29,tech__momentum_6_1_sector_neutral,136.3841211795807,0.06343210472281781,15
48,2023-12-29,tech__return_3m_sector_neutral,24.715049982070923,0.01149494255733869,7
48,2023-12-29,tech__return_1m_sector_neutral,75.19541931152344,0.034973306798408155,14
48,2023-12-29,tech__return_1w_sector_neutral,42.294140100479126,0.019670958032442763,10
48,2023-12-29,tech__reversal_1m_sector_neutral,10.821409583091736,0.0050330256923336765,3
48,2023-12-29,tech__volatility_20d_sector_neutral,0.0,0.0,0
48,2023-12-29,tech__volatility_60d_sector_neutral,180.60902881622314,0.08400106061226964,11
48,2023-12-29,tech__downside_volatility_60d_sector_neutral,18.608490228652954,0.008654788333923516,4
48,2023-12-29,tech__beta_60d_market_sector_neutral,28.34683719277382,0.013184082793663999,10
48,2023-12-29,tech__max_drawdown_126d_sector_neutral,69.93701046705246,0.032527626629683254,13
48,2023-12-29,tech__distance_sma_50d_sector_neutral,26.630400240421295,0.01238576985539769,7
48,2023-12-29,tech__distance_sma_200d_sector_neutral,23.370349884033203,0.01086952402106203,5
48,2023-12-29,tech__sma_50_200_spread_sector_neutral,110.86617004871368,0.051563733724455225,16
48,2023-12-29,tech__positive_day_ratio_60d_sector_neutral,20.020964235067368,0.009311728440427288,8
48,2023-12-29,tech__average_dollar_volume_20d_sector_neutral,386.5352016687393,0.17977709706412578,31
48,2023-12-29,tech__dollar_volume_change_20d_60d_sector_neutral,16.72025990486145,0.0077765744875928815,5
48,2023-12-29,tech__amihud_illiquidity_20d_sector_neutral,312.91175523400307,0.14553491312136518,31
48,2023-12-29,tech__zero_volume_ratio_60d_sector_neutral,0.0,0.0,0
48,2023-12-29,fund__earnings_yield_zscore,8.77357017993927,0.004080577838780119,4
48,2023-12-29,fund__sales_yield_zscore,79.65704941749573,0.03704840605240315,15
48,2023-12-29,fund__book_to_market_zscore,64.33696407079697,0.029923051211462937,13
48,2023-12-29,fund__fcf_yield_zscore,0.0,0.0,0
48,2023-12-29,fund__roe_zscore,3.943730115890503,0.0018342245383559386,1
48,2023-12-29,fund__roa_zscore,8.44544005393982,0.003927964878157656,4
48,2023-12-29,fund__gross_profitability_zscore,5.347109794616699,0.0024869348830567,1
48,2023-12-29,fund__gross_margin_zscore,5.451800227165222,0.002535626288063819,2
48,2023-12-29,fund__operating_margin_zscore,6.713269948959351,0.0031223344679123187,2
48,2023-12-29,fund__net_margin_zscore,10.2666597366333,0.004775012149032809,3
48,2023-12-29,fund__cash_conversion_zscore,10.152850031852722,0.004722079380542781,4
48,2023-12-29,fund__debt_to_assets_zscore,4.1191500425338745,0.0019158121532562085,2
48,2023-12-29,fund__net_debt_to_assets_zscore,10.986949920654297,0.005110018321221116,4
48,2023-12-29,fund__current_ratio_zscore,16.32389998435974,0.007592227924607833,4
48,2023-12-29,fund__interest_coverage_zscore,4.583049774169922,0.0021315714080984835,1
48,2023-12-29,fund__capex_to_assets_zscore,12.38086998462677,0.005758329009506556,3
48,2023-12-29,fund__accruals_zscore,32.36135995388031,0.015051232913430057,11
48,2023-12-29,fund__revenue_growth_yoy_zscore,2.7313169836997986,0.0012703325243642498,2
48,2023-12-29,fund__net_income_growth_yoy_zscore,23.60299038887024,0.010977724863931131,7
48,2023-12-29,fund__operating_cash_flow_growth_yoy_zscore,20.945619821548462,0.009741784736474959,5
48,2023-12-29,fund__asset_growth_yoy_zscore,8.67149019241333,0.004033100548881221,2
48,2023-12-29,fund__revenue_growth_acceleration_zscore,1.0392199754714966,0.0004833400673334514,1
48,2023-12-29,fund__net_income_growth_acceleration_zscore,5.678838133811951,0.0026412213686780924,2
48,2023-12-29,fund__operating_cash_flow_growth_acceleration_zscore,10.420759916305542,0.004846683973070915,4
48,2023-12-29,fund__earnings_yield_sector_zscore,3.5668699741363525,0.0016589473010144389,2
48,2023-12-29,fund__sales_yield_sector_zscore,11.112259984016418,0.005168299893835737,3
48,2023-12-29,fund__book_to_market_sector_zscore,40.15500044822693,0.018676046533473416,8
48,2023-12-29,fund__fcf_yield_sector_zscore,2.0557000637054443,0.0009561038381291411,1
48,2023-12-29,fund__roe_sector_zscore,11.117349982261658,0.00517066724642003,4
48,2023-12-29,fund__roa_sector_zscore,2.9569599628448486,0.0013752788257320686,1
48,2023-12-29,fund__gross_profitability_sector_zscore,2.670759916305542,0.0012421674989387362,1
48,2023-12-29,fund__gross_margin_sector_zscore,17.872860193252563,0.008312647613734207,4
48,2023-12-29,fund__operating_margin_sector_zscore,8.453130006790161,0.003931541466768541,3
48,2023-12-29,fund__net_margin_sector_zscore,31.85599970817566,0.014816190419105682,7
48,2023-12-29,fund__cash_conversion_sector_zscore,14.678019881248474,0.006826730899303197,5
48,2023-12-29,fund__debt_to_assets_sector_zscore,1.5823500156402588,0.0007359492515120804,1
48,2023-12-29,fund__net_debt_to_assets_sector_zscore,4.163111925125122,0.0019362587764864042,2
48,2023-12-29,fund__current_ratio_sector_zscore,3.7782599925994873,0.0017572645660489518,2
48,2023-12-29,fund__interest_coverage_sector_zscore,3.948930025100708,0.0018366430104091226,1
48,2023-12-29,fund__capex_to_assets_sector_zscore,1.0561200380325317,0.0004912002678386276,1
48,2023-12-29,fund__accruals_sector_zscore,10.71343994140625,0.0049828091307644535,3
48,2023-12-29,fund__revenue_growth_yoy_sector_zscore,13.706959962844849,0.006375091999528317,4
48,2023-12-29,fund__net_income_growth_yoy_sector_zscore,32.787049889564514,0.015249220834210184,7
48,2023-12-29,fund__operating_cash_flow_growth_yoy_sector_zscore,2.9823501110076904,0.0013870877557106004,1
48,2023-12-29,fund__asset_growth_yoy_sector_zscore,8.807239770889282,0.00409623752849065,3
48,2023-12-29,fund__revenue_growth_acceleration_sector_zscore,30.48229992389679,0.014177284160661167,10
48,2023-12-29,fund__net_income_growth_acceleration_sector_zscore,5.115819931030273,0.002379362221947402,1
48,2023-12-29,fund__operating_cash_flow_growth_acceleration_sector_zscore,6.95842981338501,0.0032363580511533896,1
48,2023-12-29,fund__earnings_yield_missing,0.0,0.0,0
48,2023-12-29,fund__sales_yield_missing,0.0,0.0,0
48,2023-12-29,fund__book_to_market_missing,0.0,0.0,0
48,2023-12-29,fund__fcf_yield_missing,0.0,0.0,0
48,2023-12-29,fund__roe_missing,6.614870071411133,0.0030765687931155264,1
48,2023-12-29,fund__roa_missing,7.72268009185791,0.003591810014910251,1
48,2023-12-29,fund__gross_profitability_missing,0.0,0.0,0
48,2023-12-29,fund__gross_margin_missing,0.0,0.0,0
48,2023-12-29,fund__operating_margin_missing,0.0,0.0,0
48,2023-12-29,fund__net_margin_missing,0.0,0.0,0
48,2023-12-29,fund__cash_conversion_missing,0.0,0.0,0
48,2023-12-29,fund__debt_to_assets_missing,0.0,0.0,0
48,2023-12-29,fund__net_debt_to_assets_missing,0.0,0.0,0
48,2023-12-29,fund__current_ratio_missing,0.0,0.0,0
48,2023-12-29,fund__interest_coverage_missing,0.0,0.0,0
48,2023-12-29,fund__capex_to_assets_missing,5.35345983505249,0.0024898882798776306,1
48,2023-12-29,fund__accruals_missing,0.0,0.0,0
48,2023-12-29,fund__revenue_growth_yoy_missing,0.0,0.0,0
48,2023-12-29,fund__net_income_growth_yoy_missing,0.0,0.0,0
48,2023-12-29,fund__operating_cash_flow_growth_yoy_missing,0.0,0.0,0
48,2023-12-29,fund__asset_growth_yoy_missing,1.2467399835586548,0.0005798573947995423,1
48,2023-12-29,fund__revenue_growth_acceleration_missing,0.0,0.0,0
48,2023-12-29,fund__net_income_growth_acceleration_missing,0.0,0.0,0
48,2023-12-29,fund__operating_cash_flow_growth_acceleration_missing,0.0,0.0,0
49,2024-01-31,tech__momentum_12_1_sector_neutral,16.140329599380493,0.0063120463413709185,4
49,2024-01-31,tech__momentum_6_1_sector_neutral,104.91296064853668,0.04102862121535638,22
49,2024-01-31,tech__return_3m_sector_neutral,49.0967903137207,0.019200426717721472,10
49,2024-01-31,tech__return_1m_sector_neutral,53.51334023475647,0.020927619932637344,14
49,2024-01-31,tech__return_1w_sector_neutral,27.65995955467224,0.010817062032998244,8
49,2024-01-31,tech__reversal_1m_sector_neutral,12.78173816204071,0.004998592073681493,5
49,2024-01-31,tech__volatility_20d_sector_neutral,14.598440170288086,0.005709055090803472,3
49,2024-01-31,tech__volatility_60d_sector_neutral,392.9317557811737,0.15366498163595155,29
49,2024-01-31,tech__downside_volatility_60d_sector_neutral,15.853959918022156,0.0062000549047420885,6
49,2024-01-31,tech__beta_60d_market_sector_neutral,71.94736981391907,0.02813667029591757,17
49,2024-01-31,tech__max_drawdown_126d_sector_neutral,150.32658982276917,0.058788663233865855,24
49,2024-01-31,tech__distance_sma_50d_sector_neutral,40.7690172791481,0.015943659934181998,12
49,2024-01-31,tech__distance_sma_200d_sector_neutral,70.21068847179413,0.027457501196910598,18
49,2024-01-31,tech__sma_50_200_spread_sector_neutral,89.77492147684097,0.035108543550220035,18
49,2024-01-31,tech__positive_day_ratio_60d_sector_neutral,37.14572989940643,0.014526690242936556,9
49,2024-01-31,tech__average_dollar_volume_20d_sector_neutral,261.9406089782715,0.10243788718052138,33
49,2024-01-31,tech__dollar_volume_change_20d_60d_sector_neutral,30.47968018054962,0.011919778501746229,9
49,2024-01-31,tech__amihud_illiquidity_20d_sector_neutral,270.968403339386,0.10596841337063766,37
49,2024-01-31,tech__zero_volume_ratio_60d_sector_neutral,0.0,0.0,0
49,2024-01-31,fund__earnings_yield_zscore,14.324609756469727,0.005601967422546399,5
49,2024-01-31,fund__sales_yield_zscore,152.60944032669067,0.05968142431922359,31
49,2024-01-31,fund__book_to_market_zscore,77.63065087795258,0.030359247798212953,17
49,2024-01-31,fund__fcf_yield_zscore,0.0,0.0,0
49,2024-01-31,fund__roe_zscore,6.711761057376862,0.002624788209281519,3
49,2024-01-31,fund__roa_zscore,26.756110191345215,0.010463590994392083,7
49,2024-01-31,fund__gross_profitability_zscore,0.0,0.0,0
49,2024-01-31,fund__gross_margin_zscore,0.0,0.0,0
49,2024-01-31,fund__operating_margin_zscore,5.414639949798584,0.002117519228744795,1
49,2024-01-31,fund__net_margin_zscore,0.0,0.0,0
49,2024-01-31,fund__cash_conversion_zscore,43.37553000450134,0.01696299655989961,14
49,2024-01-31,fund__debt_to_assets_zscore,23.327619671821594,0.009122801086296614,4
49,2024-01-31,fund__net_debt_to_assets_zscore,6.5970799922943115,0.002579939546630503,3
49,2024-01-31,fund__current_ratio_zscore,11.696820139884949,0.0045743099801672125,6
49,2024-01-31,fund__interest_coverage_zscore,5.447027921676636,0.002130185288513805,2
49,2024-01-31,fund__capex_to_assets_zscore,26.446269750595093,0.010342420778604134,4
49,2024-01-31,fund__accruals_zscore,33.87491989135742,0.013247564917923517,12
49,2024-01-31,fund__revenue_growth_yoy_zscore,51.535160303115845,0.020154007267344263,9
49,2024-01-31,fund__net_income_growth_yoy_zscore,11.672110080718994,0.0045646465443870965,5
49,2024-01-31,fund__operating_cash_flow_growth_yoy_zscore,14.988749980926514,0.0058616947006126805,5
49,2024-01-31,fund__asset_growth_yoy_zscore,6.550679922103882,0.0025617937342118954,3
49,2024-01-31,fund__revenue_growth_acceleration_zscore,14.991069793701172,0.005862601916642365,3
49,2024-01-31,fund__net_income_growth_acceleration_zscore,3.1757919788360596,0.00124196634384323,2
49,2024-01-31,fund__operating_cash_flow_growth_acceleration_zscore,1.8843899965286255,0.0007369339585085675,1
49,2024-01-31,fund__earnings_yield_sector_zscore,21.06807041168213,0.0082391524871281,6
49,2024-01-31,fund__sales_yield_sector_zscore,10.835429906845093,0.004237443558978357,3
49,2024-01-31,fund__book_to_market_sector_zscore,6.340620040893555,0.0024796449963872757,2
49,2024-01-31,fund__fcf_yield_sector_zscore,3.4594600200653076,0.001352901242091755,1
49,2024-01-31,fund__roe_sector_zscore,7.572549819946289,0.0029614194116380126,1
49,2024-01-31,fund__roa_sector_zscore,2.4380500316619873,0.0009534554228075968,1
49,2024-01-31,fund__gross_profitability_sector_zscore,0.0,0.0,0
49,2024-01-31,fund__gross_margin_sector_zscore,38.31757950782776,0.014984968928506688,8
49,2024-01-31,fund__operating_margin_sector_zscore,22.126790285110474,0.008653189193284743,4
49,2024-01-31,fund__net_margin_sector_zscore,23.09198021888733,0.009030648869849098,6
49,2024-01-31,fund__cash_conversion_sector_zscore,18.106810092926025,0.007081083672872363,5
49,2024-01-31,fund__debt_to_assets_sector_zscore,0.0,0.0,0
49,2024-01-31,fund__net_debt_to_assets_sector_zscore,0.0,0.0,0
49,2024-01-31,fund__current_ratio_sector_zscore,3.548379898071289,0.0013876754012678073,1
49,2024-01-31,fund__interest_coverage_sector_zscore,7.562909185886383,0.002957649220417837,3
49,2024-01-31,fund__capex_to_assets_sector_zscore,21.086700439453125,0.00824643818708283,6
49,2024-01-31,fund__accruals_sector_zscore,35.22425961494446,0.013775255186767896,10
49,2024-01-31,fund__revenue_growth_yoy_sector_zscore,5.757940053939819,0.002251774613865314,2
49,2024-01-31,fund__net_income_growth_yoy_sector_zscore,20.38301992416382,0.007971247770760952,6
49,2024-01-31,fund__operating_cash_flow_growth_yoy_sector_zscore,27.643710136413574,0.010810707325032864,7
49,2024-01-31,fund__asset_growth_yoy_sector_zscore,18.579999923706055,0.007266135416813431,6
49,2024-01-31,fund__revenue_growth_acceleration_sector_zscore,0.0,0.0,0
49,2024-01-31,fund__net_income_growth_acceleration_sector_zscore,5.96042001247406,0.0023309590489536806,2
49,2024-01-31,fund__operating_cash_flow_growth_acceleration_sector_zscore,6.389190196990967,0.002498639470707444,2
49,2024-01-31,fund__earnings_yield_missing,0.0,0.0,0
49,2024-01-31,fund__sales_yield_missing,0.0,0.0,0
49,2024-01-31,fund__book_to_market_missing,0.0,0.0,0
49,2024-01-31,fund__fcf_yield_missing,0.0,0.0,0
49,2024-01-31,fund__roe_missing,0.0,0.0,0
49,2024-01-31,fund__roa_missing,0.0,0.0,0
49,2024-01-31,fund__gross_profitability_missing,0.0,0.0,0
49,2024-01-31,fund__gross_margin_missing,0.0,0.0,0
49,2024-01-31,fund__operating_margin_missing,0.0,0.0,0
49,2024-01-31,fund__net_margin_missing,0.0,0.0,0
49,2024-01-31,fund__cash_conversion_missing,0.0,0.0,0
49,2024-01-31,fund__debt_to_assets_missing,0.0,0.0,0
49,2024-01-31,fund__net_debt_to_assets_missing,0.0,0.0,0
49,2024-01-31,fund__current_ratio_missing,0.0,0.0,0
49,2024-01-31,fund__interest_coverage_missing,0.0,0.0,0
49,2024-01-31,fund__capex_to_assets_missing,0.0,0.0,0
49,2024-01-31,fund__accruals_missing,0.0,0.0,0
49,2024-01-31,fund__revenue_growth_yoy_missing,0.0,0.0,0
49,2024-01-31,fund__net_income_growth_yoy_missing,0.0,0.0,0
49,2024-01-31,fund__operating_cash_flow_growth_yoy_missing,0.0,0.0,0
49,2024-01-31,fund__asset_growth_yoy_missing,0.0,0.0,0
49,2024-01-31,fund__revenue_growth_acceleration_missing,0.0,0.0,0
49,2024-01-31,fund__net_income_growth_acceleration_missing,0.0,0.0,0
49,2024-01-31,fund__operating_cash_flow_growth_acceleration_missing,1.511080026626587,0.0005909425265982865,1
50,2024-02-29,tech__momentum_12_1_sector_neutral,16.140329599380493,0.0063120463413709185,4
50,2024-02-29,tech__momentum_6_1_sector_neutral,104.91296064853668,0.04102862121535638,22
50,2024-02-29,tech__return_3m_sector_neutral,49.0967903137207,0.019200426717721472,10
50,2024-02-29,tech__return_1m_sector_neutral,53.51334023475647,0.020927619932637344,14
50,2024-02-29,tech__return_1w_sector_neutral,27.65995955467224,0.010817062032998244,8
50,2024-02-29,tech__reversal_1m_sector_neutral,12.78173816204071,0.004998592073681493,5
50,2024-02-29,tech__volatility_20d_sector_neutral,14.598440170288086,0.005709055090803472,3
50,2024-02-29,tech__volatility_60d_sector_neutral,392.9317557811737,0.15366498163595155,29
50,2024-02-29,tech__downside_volatility_60d_sector_neutral,15.853959918022156,0.0062000549047420885,6
50,2024-02-29,tech__beta_60d_market_sector_neutral,71.94736981391907,0.02813667029591757,17
50,2024-02-29,tech__max_drawdown_126d_sector_neutral,150.32658982276917,0.058788663233865855,24
50,2024-02-29,tech__distance_sma_50d_sector_neutral,40.7690172791481,0.015943659934181998,12
50,2024-02-29,tech__distance_sma_200d_sector_neutral,70.21068847179413,0.027457501196910598,18
50,2024-02-29,tech__sma_50_200_spread_sector_neutral,89.77492147684097,0.035108543550220035,18
50,2024-02-29,tech__positive_day_ratio_60d_sector_neutral,37.14572989940643,0.014526690242936556,9
50,2024-02-29,tech__average_dollar_volume_20d_sector_neutral,261.9406089782715,0.10243788718052138,33
50,2024-02-29,tech__dollar_volume_change_20d_60d_sector_neutral,30.47968018054962,0.011919778501746229,9
50,2024-02-29,tech__amihud_illiquidity_20d_sector_neutral,270.968403339386,0.10596841337063766,37
50,2024-02-29,tech__zero_volume_ratio_60d_sector_neutral,0.0,0.0,0
50,2024-02-29,fund__earnings_yield_zscore,14.324609756469727,0.005601967422546399,5
50,2024-02-29,fund__sales_yield_zscore,152.60944032669067,0.05968142431922359,31
50,2024-02-29,fund__book_to_market_zscore,77.63065087795258,0.030359247798212953,17
50,2024-02-29,fund__fcf_yield_zscore,0.0,0.0,0
50,2024-02-29,fund__roe_zscore,6.711761057376862,0.002624788209281519,3
50,2024-02-29,fund__roa_zscore,26.756110191345215,0.010463590994392083,7
50,2024-02-29,fund__gross_profitability_zscore,0.0,0.0,0
50,2024-02-29,fund__gross_margin_zscore,0.0,0.0,0
50,2024-02-29,fund__operating_margin_zscore,5.414639949798584,0.002117519228744795,1
50,2024-02-29,fund__net_margin_zscore,0.0,0.0,0
50,2024-02-29,fund__cash_conversion_zscore,43.37553000450134,0.01696299655989961,14
50,2024-02-29,fund__debt_to_assets_zscore,23.327619671821594,0.009122801086296614,4
50,2024-02-29,fund__net_debt_to_assets_zscore,6.5970799922943115,0.002579939546630503,3
50,2024-02-29,fund__current_ratio_zscore,11.696820139884949,0.0045743099801672125,6
50,2024-02-29,fund__interest_coverage_zscore,5.447027921676636,0.002130185288513805,2
50,2024-02-29,fund__capex_to_assets_zscore,26.446269750595093,0.010342420778604134,4
50,2024-02-29,fund__accruals_zscore,33.87491989135742,0.013247564917923517,12
50,2024-02-29,fund__revenue_growth_yoy_zscore,51.535160303115845,0.020154007267344263,9
50,2024-02-29,fund__net_income_growth_yoy_zscore,11.672110080718994,0.0045646465443870965,5
50,2024-02-29,fund__operating_cash_flow_growth_yoy_zscore,14.988749980926514,0.0058616947006126805,5
50,2024-02-29,fund__asset_growth_yoy_zscore,6.550679922103882,0.0025617937342118954,3
50,2024-02-29,fund__revenue_growth_acceleration_zscore,14.991069793701172,0.005862601916642365,3
50,2024-02-29,fund__net_income_growth_acceleration_zscore,3.1757919788360596,0.00124196634384323,2
50,2024-02-29,fund__operating_cash_flow_growth_acceleration_zscore,1.8843899965286255,0.0007369339585085675,1
50,2024-02-29,fund__earnings_yield_sector_zscore,21.06807041168213,0.0082391524871281,6
50,2024-02-29,fund__sales_yield_sector_zscore,10.835429906845093,0.004237443558978357,3
50,2024-02-29,fund__book_to_market_sector_zscore,6.340620040893555,0.0024796449963872757,2
50,2024-02-29,fund__fcf_yield_sector_zscore,3.4594600200653076,0.001352901242091755,1
50,2024-02-29,fund__roe_sector_zscore,7.572549819946289,0.0029614194116380126,1
50,2024-02-29,fund__roa_sector_zscore,2.4380500316619873,0.0009534554228075968,1
50,2024-02-29,fund__gross_profitability_sector_zscore,0.0,0.0,0
50,2024-02-29,fund__gross_margin_sector_zscore,38.31757950782776,0.014984968928506688,8
50,2024-02-29,fund__operating_margin_sector_zscore,22.126790285110474,0.008653189193284743,4
50,2024-02-29,fund__net_margin_sector_zscore,23.09198021888733,0.009030648869849098,6
50,2024-02-29,fund__cash_conversion_sector_zscore,18.106810092926025,0.007081083672872363,5
50,2024-02-29,fund__debt_to_assets_sector_zscore,0.0,0.0,0
50,2024-02-29,fund__net_debt_to_assets_sector_zscore,0.0,0.0,0
50,2024-02-29,fund__current_ratio_sector_zscore,3.548379898071289,0.0013876754012678073,1
50,2024-02-29,fund__interest_coverage_sector_zscore,7.562909185886383,0.002957649220417837,3
50,2024-02-29,fund__capex_to_assets_sector_zscore,21.086700439453125,0.00824643818708283,6
50,2024-02-29,fund__accruals_sector_zscore,35.22425961494446,0.013775255186767896,10
50,2024-02-29,fund__revenue_growth_yoy_sector_zscore,5.757940053939819,0.002251774613865314,2
50,2024-02-29,fund__net_income_growth_yoy_sector_zscore,20.38301992416382,0.007971247770760952,6
50,2024-02-29,fund__operating_cash_flow_growth_yoy_sector_zscore,27.643710136413574,0.010810707325032864,7
50,2024-02-29,fund__asset_growth_yoy_sector_zscore,18.579999923706055,0.007266135416813431,6
50,2024-02-29,fund__revenue_growth_acceleration_sector_zscore,0.0,0.0,0
50,2024-02-29,fund__net_income_growth_acceleration_sector_zscore,5.96042001247406,0.0023309590489536806,2
50,2024-02-29,fund__operating_cash_flow_growth_acceleration_sector_zscore,6.389190196990967,0.002498639470707444,2
50,2024-02-29,fund__earnings_yield_missing,0.0,0.0,0
50,2024-02-29,fund__sales_yield_missing,0.0,0.0,0
50,2024-02-29,fund__book_to_market_missing,0.0,0.0,0
50,2024-02-29,fund__fcf_yield_missing,0.0,0.0,0
50,2024-02-29,fund__roe_missing,0.0,0.0,0
50,2024-02-29,fund__roa_missing,0.0,0.0,0
50,2024-02-29,fund__gross_profitability_missing,0.0,0.0,0
50,2024-02-29,fund__gross_margin_missing,0.0,0.0,0
50,2024-02-29,fund__operating_margin_missing,0.0,0.0,0
50,2024-02-29,fund__net_margin_missing,0.0,0.0,0
50,2024-02-29,fund__cash_conversion_missing,0.0,0.0,0
50,2024-02-29,fund__debt_to_assets_missing,0.0,0.0,0
50,2024-02-29,fund__net_debt_to_assets_missing,0.0,0.0,0
50,2024-02-29,fund__current_ratio_missing,0.0,0.0,0
50,2024-02-29,fund__interest_coverage_missing,0.0,0.0,0
50,2024-02-29,fund__capex_to_assets_missing,0.0,0.0,0
50,2024-02-29,fund__accruals_missing,0.0,0.0,0
50,2024-02-29,fund__revenue_growth_yoy_missing,0.0,0.0,0
50,2024-02-29,fund__net_income_growth_yoy_missing,0.0,0.0,0
50,2024-02-29,fund__operating_cash_flow_growth_yoy_missing,0.0,0.0,0
50,2024-02-29,fund__asset_growth_yoy_missing,0.0,0.0,0
50,2024-02-29,fund__revenue_growth_acceleration_missing,0.0,0.0,0
50,2024-02-29,fund__net_income_growth_acceleration_missing,0.0,0.0,0
50,2024-02-29,fund__operating_cash_flow_growth_acceleration_missing,1.511080026626587,0.0005909425265982865,1
51,2024-03-28,tech__momentum_12_1_sector_neutral,4.88746976852417,0.006563764095334222,1
51,2024-03-28,tech__momentum_6_1_sector_neutral,116.7562608718872,0.15680108303724216,6
51,2024-03-28,tech__return_3m_sector_neutral,0.0,0.0,0
51,2024-03-28,tech__return_1m_sector_neutral,0.0,0.0,0
51,2024-03-28,tech__return_1w_sector_neutral,0.0,0.0,0
51,2024-03-28,tech__reversal_1m_sector_neutral,0.0,0.0,0
51,2024-03-28,tech__volatility_20d_sector_neutral,0.0,0.0,0
51,2024-03-28,tech__volatility_60d_sector_neutral,105.72136974334717,0.1419814676501777,5
51,2024-03-28,tech__downside_volatility_60d_sector_neutral,0.0,0.0,0
51,2024-03-28,tech__beta_60d_market_sector_neutral,0.0,0.0,0
51,2024-03-28,tech__max_drawdown_126d_sector_neutral,77.14652013778687,0.10360607491047231,9
51,2024-03-28,tech__distance_sma_50d_sector_neutral,0.0,0.0,0
51,2024-03-28,tech__distance_sma_200d_sector_neutral,20.74871015548706,0.027865060080812857,3
51,2024-03-28,tech__sma_50_200_spread_sector_neutral,23.959059715270996,0.032176488728348974,2
51,2024-03-28,tech__positive_day_ratio_60d_sector_neutral,0.0,0.0,0
51,2024-03-28,tech__average_dollar_volume_20d_sector_neutral,121.31190848350525,0.16291921729491204,9
51,2024-03-28,tech__dollar_volume_change_20d_60d_sector_neutral,0.0,0.0,0
51,2024-03-28,tech__amihud_illiquidity_20d_sector_neutral,73.63489866256714,0.09889004472571439,6
51,2024-03-28,tech__zero_volume_ratio_60d_sector_neutral,0.0,0.0,0
51,2024-03-28,fund__earnings_yield_zscore,0.0,0.0,0
51,2024-03-28,fund__sales_yield_zscore,36.85311985015869,0.04949292708291547,4
51,2024-03-28,fund__book_to_market_zscore,11.803299903869629,0.015851571423402495,2
51,2024-03-28,fund__fcf_yield_zscore,0.0,0.0,0
51,2024-03-28,fund__roe_zscore,9.162070274353027,0.012304458289035444,1
51,2024-03-28,fund__roa_zscore,0.0,0.0,0
51,2024-03-28,fund__gross_profitability_zscore,0.0,0.0,0
51,2024-03-28,fund__gross_margin_zscore,0.0,0.0,0
51,2024-03-28,fund__operating_margin_zscore,0.0,0.0,0
51,2024-03-28,fund__net_margin_zscore,0.0,0.0,0
51,2024-03-28,fund__cash_conversion_zscore,4.941490173339844,0.006636312307463953,1
51,2024-03-28,fund__debt_to_assets_zscore,0.0,0.0,0
51,2024-03-28,fund__net_debt_to_assets_zscore,0.0,0.0,0
51,2024-03-28,fund__current_ratio_zscore,0.0,0.0,0
51,2024-03-28,fund__interest_coverage_zscore,0.0,0.0,0
51,2024-03-28,fund__capex_to_assets_zscore,0.0,0.0,0
51,2024-03-28,fund__accruals_zscore,0.0,0.0,0
51,2024-03-28,fund__revenue_growth_yoy_zscore,0.0,0.0,0
51,2024-03-28,fund__net_income_growth_yoy_zscore,0.0,0.0,0
51,2024-03-28,fund__operating_cash_flow_growth_yoy_zscore,0.0,0.0,0
51,2024-03-28,fund__asset_growth_yoy_zscore,0.0,0.0,0
51,2024-03-28,fund__revenue_growth_acceleration_zscore,0.0,0.0,0
51,2024-03-28,fund__net_income_growth_acceleration_zscore,0.0,0.0,0
51,2024-03-28,fund__operating_cash_flow_growth_acceleration_zscore,0.0,0.0,0
51,2024-03-28,fund__earnings_yield_sector_zscore,9.534150123596191,0.012804153319537314,1
51,2024-03-28,fund__sales_yield_sector_zscore,47.18270015716553,0.06336532559382764,3
51,2024-03-28,fund__book_to_market_sector_zscore,5.1234002113342285,0.006880613476068209,1
51,2024-03-28,fund__fcf_yield_sector_zscore,0.0,0.0,0
51,2024-03-28,fund__roe_sector_zscore,28.81528949737549,0.03869829821098753,3
51,2024-03-28,fund__roa_sector_zscore,0.0,0.0,0
51,2024-03-28,fund__gross_profitability_sector_zscore,0.0,0.0,0
51,2024-03-28,fund__gross_margin_sector_zscore,15.088199615478516,0.020263119280473505,1
51,2024-03-28,fund__operating_margin_sector_zscore,0.0,0.0,0
51,2024-03-28,fund__net_margin_sector_zscore,0.0,0.0,0
51,2024-03-28,fund__cash_conversion_sector_zscore,0.0,0.0,0
51,2024-03-28,fund__debt_to_assets_sector_zscore,0.0,0.0,0
51,2024-03-28,fund__net_debt_to_assets_sector_zscore,0.0,0.0,0
51,2024-03-28,fund__current_ratio_sector_zscore,0.0,0.0,0
51,2024-03-28,fund__interest_coverage_sector_zscore,0.0,0.0,0
51,2024-03-28,fund__capex_to_assets_sector_zscore,0.0,0.0,0
51,2024-03-28,fund__accruals_sector_zscore,7.463059902191162,0.010022724834597334,1
51,2024-03-28,fund__revenue_growth_yoy_sector_zscore,0.0,0.0,0
51,2024-03-28,fund__net_income_growth_yoy_sector_zscore,7.173960208892822,0.00963447032322124,1
51,2024-03-28,fund__operating_cash_flow_growth_yoy_sector_zscore,0.0,0.0,0
51,2024-03-28,fund__asset_growth_yoy_sector_zscore,13.235300064086914,0.017774716052690976,1
51,2024-03-28,fund__revenue_growth_acceleration_sector_zscore,0.0,0.0,0
51,2024-03-28,fund__net_income_growth_acceleration_sector_zscore,4.071630001068115,0.005468109282764226,1
51,2024-03-28,fund__operating_cash_flow_growth_acceleration_sector_zscore,0.0,0.0,0
51,2024-03-28,fund__earnings_yield_missing,0.0,0.0,0
51,2024-03-28,fund__sales_yield_missing,0.0,0.0,0
51,2024-03-28,fund__book_to_market_missing,0.0,0.0,0
51,2024-03-28,fund__fcf_yield_missing,0.0,0.0,0
51,2024-03-28,fund__roe_missing,0.0,0.0,0
51,2024-03-28,fund__roa_missing,0.0,0.0,0
51,2024-03-28,fund__gross_profitability_missing,0.0,0.0,0
51,2024-03-28,fund__gross_margin_missing,0.0,0.0,0
51,2024-03-28,fund__operating_margin_missing,0.0,0.0,0
51,2024-03-28,fund__net_margin_missing,0.0,0.0,0
51,2024-03-28,fund__cash_conversion_missing,0.0,0.0,0
51,2024-03-28,fund__debt_to_assets_missing,0.0,0.0,0
51,2024-03-28,fund__net_debt_to_assets_missing,0.0,0.0,0
51,2024-03-28,fund__current_ratio_missing,0.0,0.0,0
51,2024-03-28,fund__interest_coverage_missing,0.0,0.0,0
51,2024-03-28,fund__capex_to_assets_missing,0.0,0.0,0
51,2024-03-28,fund__accruals_missing,0.0,0.0,0
51,2024-03-28,fund__revenue_growth_yoy_missing,0.0,0.0,0
51,2024-03-28,fund__net_income_growth_yoy_missing,0.0,0.0,0
51,2024-03-28,fund__operating_cash_flow_growth_yoy_missing,0.0,0.0,0
51,2024-03-28,fund__asset_growth_yoy_missing,0.0,0.0,0
51,2024-03-28,fund__revenue_growth_acceleration_missing,0.0,0.0,0
51,2024-03-28,fund__net_income_growth_acceleration_missing,0.0,0.0,0
51,2024-03-28,fund__operating_cash_flow_growth_acceleration_missing,0.0,0.0,0
52,2024-04-30,tech__momentum_12_1_sector_neutral,0.0,0.0,0
52,2024-04-30,tech__momentum_6_1_sector_neutral,41.07172083854675,0.08067186688673854,3
52,2024-04-30,tech__return_3m_sector_neutral,0.0,0.0,0
52,2024-04-30,tech__return_1m_sector_neutral,0.0,0.0,0
52,2024-04-30,tech__return_1w_sector_neutral,0.0,0.0,0
52,2024-04-30,tech__reversal_1m_sector_neutral,0.0,0.0,0
52,2024-04-30,tech__volatility_20d_sector_neutral,0.0,0.0,0
52,2024-04-30,tech__volatility_60d_sector_neutral,25.44809913635254,0.049984408350419576,1
52,2024-04-30,tech__downside_volatility_60d_sector_neutral,22.00229036808014,0.043216252047352355,5
52,2024-04-30,tech__beta_60d_market_sector_neutral,14.576359987258911,0.02863045785706942,3
52,2024-04-30,tech__max_drawdown_126d_sector_neutral,2.2434499263763428,0.004406518405672419,1
52,2024-04-30,tech__distance_sma_50d_sector_neutral,0.0,0.0,0
52,2024-04-30,tech__distance_sma_200d_sector_neutral,20.345640182495117,0.0399623084452626,2
52,2024-04-30,tech__sma_50_200_spread_sector_neutral,45.50221014022827,0.08937410375169423,3
52,2024-04-30,tech__positive_day_ratio_60d_sector_neutral,6.140580177307129,0.012061147099688795,1
52,2024-04-30,tech__average_dollar_volume_20d_sector_neutral,117.47889995574951,0.23074860234091019,5
52,2024-04-30,tech__dollar_volume_change_20d_60d_sector_neutral,5.5071797370910645,0.010817040571988703,2
52,2024-04-30,tech__amihud_illiquidity_20d_sector_neutral,24.89836049079895,0.04890462786079926,4
52,2024-04-30,tech__zero_volume_ratio_60d_sector_neutral,0.0,0.0,0
52,2024-04-30,fund__earnings_yield_zscore,0.0,0.0,0
52,2024-04-30,fund__sales_yield_zscore,18.53550958633423,0.03640690313183209,3
52,2024-04-30,fund__book_to_market_zscore,28.38118004798889,0.05574547966763332,3
52,2024-04-30,fund__fcf_yield_zscore,0.0,0.0,0
52,2024-04-30,fund__roe_zscore,0.0,0.0,0
52,2024-04-30,fund__roa_zscore,0.0,0.0,0
52,2024-04-30,fund__gross_profitability_zscore,6.4562201499938965,0.012681117856716898,1
52,2024-04-30,fund__gross_margin_zscore,0.0,0.0,0
52,2024-04-30,fund__operating_margin_zscore,0.10070999711751938,0.00019781161625941296,1
52,2024-04-30,fund__net_margin_zscore,0.0,0.0,0
52,2024-04-30,fund__cash_conversion_zscore,2.364370107650757,0.004644026271632948,1
52,2024-04-30,fund__debt_to_assets_zscore,0.0,0.0,0
52,2024-04-30,fund__net_debt_to_assets_zscore,0.0,0.0,0
52,2024-04-30,fund__current_ratio_zscore,0.20824499428272247,0.00040902869701136765,1
52,2024-04-30,fund__interest_coverage_zscore,0.0,0.0,0
52,2024-04-30,fund__capex_to_assets_zscore,3.2878899574279785,0.006457976816372892,1
52,2024-04-30,fund__accruals_zscore,16.545979976654053,0.03249912754896165,2
52,2024-04-30,fund__revenue_growth_yoy_zscore,2.436110019683838,0.004784935698261292,1
52,2024-04-30,fund__net_income_growth_yoy_zscore,0.0,0.0,0
52,2024-04-30,fund__operating_cash_flow_growth_yoy_zscore,0.0,0.0,0
52,2024-04-30,fund__asset_growth_yoy_zscore,0.0,0.0,0
52,2024-04-30,fund__revenue_growth_acceleration_zscore,1.6130000352859497,0.0031682072598421198,1
52,2024-04-30,fund__net_income_growth_acceleration_zscore,7.53318977355957,0.014796469936920242,2
52,2024-04-30,fund__operating_cash_flow_growth_acceleration_zscore,3.153130054473877,0.006193285375867674,1
52,2024-04-30,fund__earnings_yield_sector_zscore,2.5472099781036377,0.00500315497112781,1
52,2024-04-30,fund__sales_yield_sector_zscore,11.21697998046875,0.022032062386982375,2
52,2024-04-30,fund__book_to_market_sector_zscore,28.128389835357666,0.05524895656201956,5
52,2024-04-30,fund__fcf_yield_sector_zscore,7.977409839630127,0.015668993934133166,1
52,2024-04-30,fund__roe_sector_zscore,7.133700132369995,0.014011804125537194,2
52,2024-04-30,fund__roa_sector_zscore,0.0,0.0,0
52,2024-04-30,fund__gross_profitability_sector_zscore,0.0,0.0,0
52,2024-04-30,fund__gross_margin_sector_zscore,0.0,0.0,0
52,2024-04-30,fund__operating_margin_sector_zscore,0.0,0.0,0
52,2024-04-30,fund__net_margin_sector_zscore,8.043915927410126,0.01579962323699672,2
52,2024-04-30,fund__cash_conversion_sector_zscore,0.0,0.0,0
52,2024-04-30,fund__debt_to_assets_sector_zscore,0.0,0.0,0
52,2024-04-30,fund__net_debt_to_assets_sector_zscore,0.0,0.0,0
52,2024-04-30,fund__current_ratio_sector_zscore,2.6315670013427734,0.005168846556743628,2
52,2024-04-30,fund__interest_coverage_sector_zscore,0.0,0.0,0
52,2024-04-30,fund__capex_to_assets_sector_zscore,5.7048499584198,0.011205298610778687,2
52,2024-04-30,fund__accruals_sector_zscore,3.4636799693107605,0.00680325839087455,2
52,2024-04-30,fund__revenue_growth_yoy_sector_zscore,11.331700325012207,0.02225739271586221,1
52,2024-04-30,fund__net_income_growth_yoy_sector_zscore,0.0,0.0,0
52,2024-04-30,fund__operating_cash_flow_growth_yoy_sector_zscore,0.0,0.0,0
52,2024-04-30,fund__asset_growth_yoy_sector_zscore,0.0,0.0,0
52,2024-04-30,fund__revenue_growth_acceleration_sector_zscore,4.234399795532227,0.008317083620460628,1
52,2024-04-30,fund__net_income_growth_acceleration_sector_zscore,0.0,0.0,0
52,2024-04-30,fund__operating_cash_flow_growth_acceleration_sector_zscore,0.0,0.0,0
52,2024-04-30,fund__earnings_yield_missing,0.0,0.0,0
52,2024-04-30,fund__sales_yield_missing,0.0,0.0,0
52,2024-04-30,fund__book_to_market_missing,0.0,0.0,0
52,2024-04-30,fund__fcf_yield_missing,0.0,0.0,0
52,2024-04-30,fund__roe_missing,0.0,0.0,0
52,2024-04-30,fund__roa_missing,0.0,0.0,0
52,2024-04-30,fund__gross_profitability_missing,0.0,0.0,0
52,2024-04-30,fund__gross_margin_missing,0.0,0.0,0
52,2024-04-30,fund__operating_margin_missing,0.0,0.0,0
52,2024-04-30,fund__net_margin_missing,0.0,0.0,0
52,2024-04-30,fund__cash_conversion_missing,0.0,0.0,0
52,2024-04-30,fund__debt_to_assets_missing,0.8766149878501892,0.0017218213935754978,1
52,2024-04-30,fund__net_debt_to_assets_missing,0.0,0.0,0
52,2024-04-30,fund__current_ratio_missing,0.0,0.0,0
52,2024-04-30,fund__interest_coverage_missing,0.0,0.0,0
52,2024-04-30,fund__capex_to_assets_missing,0.0,0.0,0
52,2024-04-30,fund__accruals_missing,0.0,0.0,0
52,2024-04-30,fund__revenue_growth_yoy_missing,0.0,0.0,0
52,2024-04-30,fund__net_income_growth_yoy_missing,0.0,0.0,0
52,2024-04-30,fund__operating_cash_flow_growth_yoy_missing,0.0,0.0,0
52,2024-04-30,fund__asset_growth_yoy_missing,0.0,0.0,0
52,2024-04-30,fund__revenue_growth_acceleration_missing,0.0,0.0,0
52,2024-04-30,fund__net_income_growth_acceleration_missing,0.0,0.0,0
52,2024-04-30,fund__operating_cash_flow_growth_acceleration_missing,0.0,0.0,0
53,2024-05-31,tech__momentum_12_1_sector_neutral,4.305469989776611,0.00317485505332162,1
53,2024-05-31,tech__momentum_6_1_sector_neutral,199.31954956054688,0.14697830449421495,17
53,2024-05-31,tech__return_3m_sector_neutral,60.938361167907715,0.04493596851318617,6
53,2024-05-31,tech__return_1m_sector_neutral,0.0,0.0,0
53,2024-05-31,tech__return_1w_sector_neutral,4.088119983673096,0.003014581083962694,1
53,2024-05-31,tech__reversal_1m_sector_neutral,0.0,0.0,0
53,2024-05-31,tech__volatility_20d_sector_neutral,0.0,0.0,0
53,2024-05-31,tech__volatility_60d_sector_neutral,178.58628845214844,0.13168959061207483,13
53,2024-05-31,tech__downside_volatility_60d_sector_neutral,3.341870069503784,0.0024642961402359834,1
53,2024-05-31,tech__beta_60d_market_sector_neutral,23.001239776611328,0.01696112213320192,4
53,2024-05-31,tech__max_drawdown_126d_sector_neutral,134.3845295906067,0.09909519840390832,16
53,2024-05-31,tech__distance_sma_50d_sector_neutral,3.2579100131988525,0.002402383965799782,1
53,2024-05-31,tech__distance_sma_200d_sector_neutral,36.4475998878479,0.026876472710330588,4
53,2024-05-31,tech__sma_50_200_spread_sector_neutral,91.08990979194641,0.0671697308531412,11
53,2024-05-31,tech__positive_day_ratio_60d_sector_neutral,0.0,0.0,0
53,2024-05-31,tech__average_dollar_volume_20d_sector_neutral,233.19585061073303,0.17195870055606471,19
53,2024-05-31,tech__dollar_volume_change_20d_60d_sector_neutral,22.401580333709717,0.016518933053475692,4
53,2024-05-31,tech__amihud_illiquidity_20d_sector_neutral,48.925480127334595,0.03607766589647372,7
53,2024-05-31,tech__zero_volume_ratio_60d_sector_neutral,0.0,0.0,0
53,2024-05-31,fund__earnings_yield_zscore,0.0,0.0,0
53,2024-05-31,fund__sales_yield_zscore,44.471630573272705,0.03279339570134427,7
53,2024-05-31,fund__book_to_market_zscore,45.913870334625244,0.03385690379809193,6
53,2024-05-31,fund__fcf_yield_zscore,6.2711098194122314,0.00462431854068707,2
53,2024-05-31,fund__roe_zscore,9.699509620666504,0.007152421734917838,1
53,2024-05-31,fund__roa_zscore,0.0,0.0,0
53,2024-05-31,fund__gross_profitability_zscore,0.0,0.0,0
53,2024-05-31,fund__gross_margin_zscore,0.0,0.0,0
53,2024-05-31,fund__operating_margin_zscore,0.0,0.0,0
53,2024-05-31,fund__net_margin_zscore,0.0,0.0,0
53,2024-05-31,fund__cash_conversion_zscore,10.97672986984253,0.008094244386551649,2
53,2024-05-31,fund__debt_to_assets_zscore,0.0,0.0,0
53,2024-05-31,fund__net_debt_to_assets_zscore,0.0,0.0,0
53,2024-05-31,fund__current_ratio_zscore,3.0970499515533447,0.002283765700940069,1
53,2024-05-31,fund__interest_coverage_zscore,0.0,0.0,0
53,2024-05-31,fund__capex_to_assets_zscore,11.521900177001953,0.008496253158814814,1
53,2024-05-31,fund__accruals_zscore,23.017329931259155,0.01697298701878089,5
53,2024-05-31,fund__revenue_growth_yoy_zscore,2.5525898933410645,0.001882280666495147,1
53,2024-05-31,fund__net_income_growth_yoy_zscore,0.0,0.0,0
53,2024-05-31,fund__operating_cash_flow_growth_yoy_zscore,0.0,0.0,0
53,2024-05-31,fund__asset_growth_yoy_zscore,0.0,0.0,0
53,2024-05-31,fund__revenue_growth_acceleration_zscore,3.8200700283050537,0.002816920954554379,1
53,2024-05-31,fund__net_income_growth_acceleration_zscore,0.0,0.0,0
53,2024-05-31,fund__operating_cash_flow_growth_acceleration_zscore,12.211990356445312,0.009005125894812458,2
53,2024-05-31,fund__earnings_yield_sector_zscore,10.321000099182129,0.007610709027824734,1
53,2024-05-31,fund__sales_yield_sector_zscore,41.773059606552124,0.030803468541061273,6
53,2024-05-31,fund__book_to_market_sector_zscore,13.665249824523926,0.010076759927095252,2
53,2024-05-31,fund__fcf_yield_sector_zscore,0.0,0.0,0
53,2024-05-31,fund__roe_sector_zscore,0.0,0.0,0
53,2024-05-31,fund__roa_sector_zscore,7.142340183258057,0.005266764111050148,1
53,2024-05-31,fund__gross_profitability_sector_zscore,0.0,0.0,0
53,2024-05-31,fund__gross_margin_sector_zscore,21.94064998626709,0.01617904285652104,4
53,2024-05-31,fund__operating_margin_sector_zscore,4.5045599937438965,0.003321664090816305,1
53,2024-05-31,fund__net_margin_sector_zscore,3.379430055618286,0.002491992886932969,1
53,2024-05-31,fund__cash_conversion_sector_zscore,8.94303035736084,0.006594593665614859,1
53,2024-05-31,fund__debt_to_assets_sector_zscore,0.0,0.0,0
53,2024-05-31,fund__net_debt_to_assets_sector_zscore,0.0,0.0,0
53,2024-05-31,fund__current_ratio_sector_zscore,0.0,0.0,0
53,2024-05-31,fund__interest_coverage_sector_zscore,0.0,0.0,0
53,2024-05-31,fund__capex_to_assets_sector_zscore,11.226009845733643,0.00827806352662905,3
53,2024-05-31,fund__accruals_sector_zscore,3.4888699054718018,0.0025726938699074716,1
53,2024-05-31,fund__revenue_growth_yoy_sector_zscore,0.0,0.0,0
53,2024-05-31,fund__net_income_growth_yoy_sector_zscore,4.363150119781494,0.003217388401053014,1
53,2024-05-31,fund__operating_cash_flow_growth_yoy_sector_zscore,0.0,0.0,0
53,2024-05-31,fund__asset_growth_yoy_sector_zscore,0.0,0.0,0
53,2024-05-31,fund__revenue_growth_acceleration_sector_zscore,0.0,0.0,0
53,2024-05-31,fund__net_income_growth_acceleration_sector_zscore,8.53056025505066,0.006290438070111218,2
53,2024-05-31,fund__operating_cash_flow_growth_acceleration_sector_zscore,0.0,0.0,0
53,2024-05-31,fund__earnings_yield_missing,0.0,0.0,0
53,2024-05-31,fund__sales_yield_missing,0.0,0.0,0
53,2024-05-31,fund__book_to_market_missing,0.0,0.0,0
53,2024-05-31,fund__fcf_yield_missing,0.0,0.0,0
53,2024-05-31,fund__roe_missing,0.0,0.0,0
53,2024-05-31,fund__roa_missing,0.0,0.0,0
53,2024-05-31,fund__gross_profitability_missing,0.0,0.0,0
53,2024-05-31,fund__gross_margin_missing,0.0,0.0,0
53,2024-05-31,fund__operating_margin_missing,0.0,0.0,0
53,2024-05-31,fund__net_margin_missing,0.0,0.0,0
53,2024-05-31,fund__cash_conversion_missing,0.0,0.0,0
53,2024-05-31,fund__debt_to_assets_missing,0.0,0.0,0
53,2024-05-31,fund__net_debt_to_assets_missing,0.0,0.0,0
53,2024-05-31,fund__current_ratio_missing,0.0,0.0,0
53,2024-05-31,fund__interest_coverage_missing,0.0,0.0,0
53,2024-05-31,fund__capex_to_assets_missing,0.0,0.0,0
53,2024-05-31,fund__accruals_missing,0.0,0.0,0
53,2024-05-31,fund__revenue_growth_yoy_missing,0.0,0.0,0
53,2024-05-31,fund__net_income_growth_yoy_missing,0.0,0.0,0
53,2024-05-31,fund__operating_cash_flow_growth_yoy_missing,0.0,0.0,0
53,2024-05-31,fund__asset_growth_yoy_missing,0.0,0.0,0
53,2024-05-31,fund__revenue_growth_acceleration_missing,0.0,0.0,0
53,2024-05-31,fund__net_income_growth_acceleration_missing,0.0,0.0,0
53,2024-05-31,fund__operating_cash_flow_growth_acceleration_missing,0.0,0.0,0
54,2024-06-28,tech__momentum_12_1_sector_neutral,4.305469989776611,0.00317485505332162,1
54,2024-06-28,tech__momentum_6_1_sector_neutral,199.31954956054688,0.14697830449421495,17
54,2024-06-28,tech__return_3m_sector_neutral,60.938361167907715,0.04493596851318617,6
54,2024-06-28,tech__return_1m_sector_neutral,0.0,0.0,0
54,2024-06-28,tech__return_1w_sector_neutral,4.088119983673096,0.003014581083962694,1
54,2024-06-28,tech__reversal_1m_sector_neutral,0.0,0.0,0
54,2024-06-28,tech__volatility_20d_sector_neutral,0.0,0.0,0
54,2024-06-28,tech__volatility_60d_sector_neutral,178.58628845214844,0.13168959061207483,13
54,2024-06-28,tech__downside_volatility_60d_sector_neutral,3.341870069503784,0.0024642961402359834,1
54,2024-06-28,tech__beta_60d_market_sector_neutral,23.001239776611328,0.01696112213320192,4
54,2024-06-28,tech__max_drawdown_126d_sector_neutral,134.3845295906067,0.09909519840390832,16
54,2024-06-28,tech__distance_sma_50d_sector_neutral,3.2579100131988525,0.002402383965799782,1
54,2024-06-28,tech__distance_sma_200d_sector_neutral,36.4475998878479,0.026876472710330588,4
54,2024-06-28,tech__sma_50_200_spread_sector_neutral,91.08990979194641,0.0671697308531412,11
54,2024-06-28,tech__positive_day_ratio_60d_sector_neutral,0.0,0.0,0
54,2024-06-28,tech__average_dollar_volume_20d_sector_neutral,233.19585061073303,0.17195870055606471,19
54,2024-06-28,tech__dollar_volume_change_20d_60d_sector_neutral,22.401580333709717,0.016518933053475692,4
54,2024-06-28,tech__amihud_illiquidity_20d_sector_neutral,48.925480127334595,0.03607766589647372,7
54,2024-06-28,tech__zero_volume_ratio_60d_sector_neutral,0.0,0.0,0
54,2024-06-28,fund__earnings_yield_zscore,0.0,0.0,0
54,2024-06-28,fund__sales_yield_zscore,44.471630573272705,0.03279339570134427,7
54,2024-06-28,fund__book_to_market_zscore,45.913870334625244,0.03385690379809193,6
54,2024-06-28,fund__fcf_yield_zscore,6.2711098194122314,0.00462431854068707,2
54,2024-06-28,fund__roe_zscore,9.699509620666504,0.007152421734917838,1
54,2024-06-28,fund__roa_zscore,0.0,0.0,0
54,2024-06-28,fund__gross_profitability_zscore,0.0,0.0,0
54,2024-06-28,fund__gross_margin_zscore,0.0,0.0,0
54,2024-06-28,fund__operating_margin_zscore,0.0,0.0,0
54,2024-06-28,fund__net_margin_zscore,0.0,0.0,0
54,2024-06-28,fund__cash_conversion_zscore,10.97672986984253,0.008094244386551649,2
54,2024-06-28,fund__debt_to_assets_zscore,0.0,0.0,0
54,2024-06-28,fund__net_debt_to_assets_zscore,0.0,0.0,0
54,2024-06-28,fund__current_ratio_zscore,3.0970499515533447,0.002283765700940069,1
54,2024-06-28,fund__interest_coverage_zscore,0.0,0.0,0
54,2024-06-28,fund__capex_to_assets_zscore,11.521900177001953,0.008496253158814814,1
54,2024-06-28,fund__accruals_zscore,23.017329931259155,0.01697298701878089,5
54,2024-06-28,fund__revenue_growth_yoy_zscore,2.5525898933410645,0.001882280666495147,1
54,2024-06-28,fund__net_income_growth_yoy_zscore,0.0,0.0,0
54,2024-06-28,fund__operating_cash_flow_growth_yoy_zscore,0.0,0.0,0
54,2024-06-28,fund__asset_growth_yoy_zscore,0.0,0.0,0
54,2024-06-28,fund__revenue_growth_acceleration_zscore,3.8200700283050537,0.002816920954554379,1
54,2024-06-28,fund__net_income_growth_acceleration_zscore,0.0,0.0,0
54,2024-06-28,fund__operating_cash_flow_growth_acceleration_zscore,12.211990356445312,0.009005125894812458,2
54,2024-06-28,fund__earnings_yield_sector_zscore,10.321000099182129,0.007610709027824734,1
54,2024-06-28,fund__sales_yield_sector_zscore,41.773059606552124,0.030803468541061273,6
54,2024-06-28,fund__book_to_market_sector_zscore,13.665249824523926,0.010076759927095252,2
54,2024-06-28,fund__fcf_yield_sector_zscore,0.0,0.0,0
54,2024-06-28,fund__roe_sector_zscore,0.0,0.0,0
54,2024-06-28,fund__roa_sector_zscore,7.142340183258057,0.005266764111050148,1
54,2024-06-28,fund__gross_profitability_sector_zscore,0.0,0.0,0
54,2024-06-28,fund__gross_margin_sector_zscore,21.94064998626709,0.01617904285652104,4
54,2024-06-28,fund__operating_margin_sector_zscore,4.5045599937438965,0.003321664090816305,1
54,2024-06-28,fund__net_margin_sector_zscore,3.379430055618286,0.002491992886932969,1
54,2024-06-28,fund__cash_conversion_sector_zscore,8.94303035736084,0.006594593665614859,1
54,2024-06-28,fund__debt_to_assets_sector_zscore,0.0,0.0,0
54,2024-06-28,fund__net_debt_to_assets_sector_zscore,0.0,0.0,0
54,2024-06-28,fund__current_ratio_sector_zscore,0.0,0.0,0
54,2024-06-28,fund__interest_coverage_sector_zscore,0.0,0.0,0
54,2024-06-28,fund__capex_to_assets_sector_zscore,11.226009845733643,0.00827806352662905,3
54,2024-06-28,fund__accruals_sector_zscore,3.4888699054718018,0.0025726938699074716,1
54,2024-06-28,fund__revenue_growth_yoy_sector_zscore,0.0,0.0,0
54,2024-06-28,fund__net_income_growth_yoy_sector_zscore,4.363150119781494,0.003217388401053014,1
54,2024-06-28,fund__operating_cash_flow_growth_yoy_sector_zscore,0.0,0.0,0
54,2024-06-28,fund__asset_growth_yoy_sector_zscore,0.0,0.0,0
54,2024-06-28,fund__revenue_growth_acceleration_sector_zscore,0.0,0.0,0
54,2024-06-28,fund__net_income_growth_acceleration_sector_zscore,8.53056025505066,0.006290438070111218,2
54,2024-06-28,fund__operating_cash_flow_growth_acceleration_sector_zscore,0.0,0.0,0
54,2024-06-28,fund__earnings_yield_missing,0.0,0.0,0
54,2024-06-28,fund__sales_yield_missing,0.0,0.0,0
54,2024-06-28,fund__book_to_market_missing,0.0,0.0,0
54,2024-06-28,fund__fcf_yield_missing,0.0,0.0,0
54,2024-06-28,fund__roe_missing,0.0,0.0,0
54,2024-06-28,fund__roa_missing,0.0,0.0,0
54,2024-06-28,fund__gross_profitability_missing,0.0,0.0,0
54,2024-06-28,fund__gross_margin_missing,0.0,0.0,0
54,2024-06-28,fund__operating_margin_missing,0.0,0.0,0
54,2024-06-28,fund__net_margin_missing,0.0,0.0,0
54,2024-06-28,fund__cash_conversion_missing,0.0,0.0,0
54,2024-06-28,fund__debt_to_assets_missing,0.0,0.0,0
54,2024-06-28,fund__net_debt_to_assets_missing,0.0,0.0,0
54,2024-06-28,fund__current_ratio_missing,0.0,0.0,0
54,2024-06-28,fund__interest_coverage_missing,0.0,0.0,0
54,2024-06-28,fund__capex_to_assets_missing,0.0,0.0,0
54,2024-06-28,fund__accruals_missing,0.0,0.0,0
54,2024-06-28,fund__revenue_growth_yoy_missing,0.0,0.0,0
54,2024-06-28,fund__net_income_growth_yoy_missing,0.0,0.0,0
54,2024-06-28,fund__operating_cash_flow_growth_yoy_missing,0.0,0.0,0
54,2024-06-28,fund__asset_growth_yoy_missing,0.0,0.0,0
54,2024-06-28,fund__revenue_growth_acceleration_missing,0.0,0.0,0
54,2024-06-28,fund__net_income_growth_acceleration_missing,0.0,0.0,0
54,2024-06-28,fund__operating_cash_flow_growth_acceleration_missing,0.0,0.0,0
55,2024-07-31,tech__momentum_12_1_sector_neutral,34.57413852214813,0.008366294632049387,15
55,2024-07-31,tech__momentum_6_1_sector_neutral,204.56587851047516,0.049501115123556816,36
55,2024-07-31,tech__return_3m_sector_neutral,125.60769218206406,0.03039471135842555,43
55,2024-07-31,tech__return_1m_sector_neutral,80.71628022193909,0.019531829593012404,26
55,2024-07-31,tech__return_1w_sector_neutral,60.32264709472656,0.014596951945927016,29
55,2024-07-31,tech__reversal_1m_sector_neutral,36.540770173072815,0.008842182695429752,15
55,2024-07-31,tech__volatility_20d_sector_neutral,54.97611677646637,0.013303191643755055,23
55,2024-07-31,tech__volatility_60d_sector_neutral,372.326586663723,0.09009606765410848,47
55,2024-07-31,tech__downside_volatility_60d_sector_neutral,47.28653718531132,0.011442457256548699,21
55,2024-07-31,tech__beta_60d_market_sector_neutral,61.888870537281036,0.01497594871461409,32
55,2024-07-31,tech__max_drawdown_126d_sector_neutral,127.3276598751545,0.03081091135915103,30
55,2024-07-31,tech__distance_sma_50d_sector_neutral,60.88609081506729,0.014733294784084179,26
55,2024-07-31,tech__distance_sma_200d_sector_neutral,54.89781951904297,0.013284245172418802,16
55,2024-07-31,tech__sma_50_200_spread_sector_neutral,190.3502258658409,0.046061193161779104,46
55,2024-07-31,tech__positive_day_ratio_60d_sector_neutral,49.615113615989685,0.012005929184557007,26
55,2024-07-31,tech__average_dollar_volume_20d_sector_neutral,427.56314593553543,0.10346228150879659,57
55,2024-07-31,tech__dollar_volume_change_20d_60d_sector_neutral,133.9322025179863,0.03240908710616114,47
55,2024-07-31,tech__amihud_illiquidity_20d_sector_neutral,429.1903378665447,0.10385603151095489,75
55,2024-07-31,tech__zero_volume_ratio_60d_sector_neutral,0.0,0.0,0
55,2024-07-31,fund__earnings_yield_zscore,44.48169881105423,0.010763738849167967,19
55,2024-07-31,fund__sales_yield_zscore,89.5613104403019,0.021672161413248476,30
55,2024-07-31,fund__book_to_market_zscore,96.08383579552174,0.02325049051121934,28
55,2024-07-31,fund__fcf_yield_zscore,7.421069860458374,0.0017957600562583404,4
55,2024-07-31,fund__roe_zscore,44.854194432497025,0.01085387582007593,19
55,2024-07-31,fund__roa_zscore,36.30823305249214,0.008785913063073764,17
55,2024-07-31,fund__gross_profitability_zscore,7.634220123291016,0.0018473384317720001,2
55,2024-07-31,fund__gross_margin_zscore,0.648855984210968,0.00015701100793009905,1
55,2024-07-31,fund__operating_margin_zscore,14.323473870754242,0.0034660126811381043,6
55,2024-07-31,fund__net_margin_zscore,17.59511798620224,0.004257689343841194,8
55,2024-07-31,fund__cash_conversion_zscore,144.80690324306488,0.035040561213407116,42
55,2024-07-31,fund__debt_to_assets_zscore,26.098462879657745,0.006315339708462954,9
55,2024-07-31,fund__net_debt_to_assets_zscore,18.94767999649048,0.004584984043575779,10
55,2024-07-31,fund__current_ratio_zscore,31.072571396827698,0.007518980902871072,16
55,2024-07-31,fund__interest_coverage_zscore,5.842702031135559,0.0014138245731976778,3
55,2024-07-31,fund__capex_to_assets_zscore,30.62075984477997,0.007409650960776539,6
55,2024-07-31,fund__accruals_zscore,84.78607952594757,0.020516644877674746,24
55,2024-07-31,fund__revenue_growth_yoy_zscore,28.52821236848831,0.006903293623572244,14
55,2024-07-31,fund__net_income_growth_yoy_zscore,11.448390245437622,0.0027702962373062296,6
55,2024-07-31,fund__operating_cash_flow_growth_yoy_zscore,19.814056634902954,0.004794630979959746,10
55,2024-07-31,fund__asset_growth_yoy_zscore,31.284169912338257,0.007570183784566347,12
55,2024-07-31,fund__revenue_growth_acceleration_zscore,50.563325226306915,0.012235378652990243,21
55,2024-07-31,fund__net_income_growth_acceleration_zscore,16.872637271881104,0.004082862528760551,9
55,2024-07-31,fund__operating_cash_flow_growth_acceleration_zscore,29.00409960746765,0.007018449431442429,9
55,2024-07-31,fund__earnings_yield_sector_zscore,51.92578512430191,0.012565068456358042,24
55,2024-07-31,fund__sales_yield_sector_zscore,49.55441290140152,0.0119912407473514,21
55,2024-07-31,fund__book_to_market_sector_zscore,53.89935767650604,0.01304263608798213,18
55,2024-07-31,fund__fcf_yield_sector_zscore,22.21564817428589,0.0053757711981446046,10
55,2024-07-31,fund__roe_sector_zscore,34.46011012792587,0.008338701894145829,14
55,2024-07-31,fund__roa_sector_zscore,5.032906889915466,0.0012178693004810694,3
55,2024-07-31,fund__gross_profitability_sector_zscore,0.7218409776687622,0.00017467201078039262,1
55,2024-07-31,fund__gross_margin_sector_zscore,9.0647252202034,0.00219349390013604,3
55,2024-07-31,fund__operating_margin_sector_zscore,22.784430384635925,0.005513405850999609,8
55,2024-07-31,fund__net_margin_sector_zscore,29.87477558851242,0.007229136728301694,10
55,2024-07-31,fund__cash_conversion_sector_zscore,53.26630941033363,0.012889450252051219,21
55,2024-07-31,fund__debt_to_assets_sector_zscore,8.61614990234375,0.0020849470661643147,3
55,2024-07-31,fund__net_debt_to_assets_sector_zscore,8.190571039915085,0.001981964944137767,4
55,2024-07-31,fund__current_ratio_sector_zscore,19.18361872434616,0.004642076801247443,12
55,2024-07-31,fund__interest_coverage_sector_zscore,13.816292881965637,0.0033432843713275388,6
55,2024-07-31,fund__capex_to_assets_sector_zscore,21.37026011943817,0.005171203106281944,9
55,2024-07-31,fund__accruals_sector_zscore,34.71599096059799,0.008400620268061574,16
55,2024-07-31,fund__revenue_growth_yoy_sector_zscore,29.512979984283447,0.007141588961359623,12
55,2024-07-31,fund__net_income_growth_yoy_sector_zscore,30.552390098571777,0.007393106761408282,12
55,2024-07-31,fund__operating_cash_flow_growth_yoy_sector_zscore,43.61122989654541,0.010553101658536138,16
55,2024-07-31,fund__asset_growth_yoy_sector_zscore,20.099225223064423,0.004863636442723079,11
55,2024-07-31,fund__revenue_growth_acceleration_sector_zscore,25.543472796678543,0.006181042492377726,10
55,2024-07-31,fund__net_income_growth_acceleration_sector_zscore,26.814754903316498,0.006488668976195167,10
55,2024-07-31,fund__operating_cash_flow_growth_acceleration_sector_zscore,49.75490975379944,0.01203975723428816,13
55,2024-07-31,fund__earnings_yield_missing,0.0,0.0,0
55,2024-07-31,fund__sales_yield_missing,0.0,0.0,0
55,2024-07-31,fund__book_to_market_missing,0.0,0.0,0
55,2024-07-31,fund__fcf_yield_missing,0.0,0.0,0
55,2024-07-31,fund__roe_missing,0.0,0.0,0
55,2024-07-31,fund__roa_missing,0.0,0.0,0
55,2024-07-31,fund__gross_profitability_missing,8.51183032989502,0.0020597036814756,1
55,2024-07-31,fund__gross_margin_missing,0.0,0.0,0
55,2024-07-31,fund__operating_margin_missing,0.0,0.0,0
55,2024-07-31,fund__net_margin_missing,0.0,0.0,0
55,2024-07-31,fund__cash_conversion_missing,0.0,0.0,0
55,2024-07-31,fund__debt_to_assets_missing,7.0193599462509155,0.001698553773107657,3
55,2024-07-31,fund__net_debt_to_assets_missing,0.0,0.0,0
55,2024-07-31,fund__current_ratio_missing,1.1239999532699585,0.0002719869583863156,1
55,2024-07-31,fund__interest_coverage_missing,0.0,0.0,0
55,2024-07-31,fund__capex_to_assets_missing,5.801279902458191,0.001403801193075581,3
55,2024-07-31,fund__accruals_missing,0.0,0.0,0
55,2024-07-31,fund__revenue_growth_yoy_missing,2.2280499935150146,0.0005391464110881968,1
55,2024-07-31,fund__net_income_growth_yoy_missing,0.0,0.0,0
55,2024-07-31,fund__operating_cash_flow_growth_yoy_missing,2.114069938659668,0.0005115653704069919,1
55,2024-07-31,fund__asset_growth_yoy_missing,0.0,0.0,0
55,2024-07-31,fund__revenue_growth_acceleration_missing,0.0,0.0,0
55,2024-07-31,fund__net_income_growth_acceleration_missing,0.0,0.0,0
55,2024-07-31,fund__operating_cash_flow_growth_acceleration_missing,0.0,0.0,0
56,2024-08-30,tech__momentum_12_1_sector_neutral,3.338749885559082,0.002864829240442747,1
56,2024-08-30,tech__momentum_6_1_sector_neutral,174.5204005241394,0.14974800856986412,16
56,2024-08-30,tech__return_3m_sector_neutral,32.33554983139038,0.027745662849269884,4
56,2024-08-30,tech__return_1m_sector_neutral,0.0,0.0,0
56,2024-08-30,tech__return_1w_sector_neutral,5.017429828643799,0.004305228057705023,1
56,2024-08-30,tech__reversal_1m_sector_neutral,0.0,0.0,0
56,2024-08-30,tech__volatility_20d_sector_neutral,0.0,0.0,0
56,2024-08-30,tech__volatility_60d_sector_neutral,168.53096890449524,0.14460875003726048,12
56,2024-08-30,tech__downside_volatility_60d_sector_neutral,3.7169899940490723,0.003189379853651951,1
56,2024-08-30,tech__beta_60d_market_sector_neutral,9.708479881286621,0.008330404491950334,2
56,2024-08-30,tech__max_drawdown_126d_sector_neutral,57.70821976661682,0.049516795527681776,8
56,2024-08-30,tech__distance_sma_50d_sector_neutral,4.786819934844971,0.004107352209098397,2
56,2024-08-30,tech__distance_sma_200d_sector_neutral,20.828089714050293,0.01787163533676449,2
56,2024-08-30,tech__sma_50_200_spread_sector_neutral,88.13838863372803,0.07562753773666658,9
56,2024-08-30,tech__positive_day_ratio_60d_sector_neutral,0.0,0.0,0
56,2024-08-30,tech__average_dollar_volume_20d_sector_neutral,276.35964179039,0.23713162405599503,20
56,2024-08-30,tech__dollar_volume_change_20d_60d_sector_neutral,11.869719982147217,0.010184866206301263,2
56,2024-08-30,tech__amihud_illiquidity_20d_sector_neutral,91.09685039520264,0.0781660590549788,10
56,2024-08-30,tech__zero_volume_ratio_60d_sector_neutral,0.0,0.0,0
56,2024-08-30,fund__earnings_yield_zscore,6.415770053863525,0.00550508012887206,1
56,2024-08-30,fund__sales_yield_zscore,42.28280973434448,0.03628095360450855,5
56,2024-08-30,fund__book_to_market_zscore,36.29519033432007,0.03114325005503773,5
56,2024-08-30,fund__fcf_yield_zscore,2.9318699836730957,0.0025157041246881536,1
56,2024-08-30,fund__roe_zscore,7.31089973449707,0.006273150146383342,2
56,2024-08-30,fund__roa_zscore,5.5797200202941895,0.00478770366620196,1
56,2024-08-30,fund__gross_profitability_zscore,0.0,0.0,0
56,2024-08-30,fund__gross_margin_zscore,0.0,0.0,0
56,2024-08-30,fund__operating_margin_zscore,0.0,0.0,0
56,2024-08-30,fund__net_margin_zscore,0.0,0.0,0
56,2024-08-30,fund__cash_conversion_zscore,11.099740266799927,0.009524181675059319,2
56,2024-08-30,fund__debt_to_assets_zscore,0.0,0.0,0
56,2024-08-30,fund__net_debt_to_assets_zscore,4.0048298835754395,0.003436362155515172,1
56,2024-08-30,fund__current_ratio_zscore,2.3840999603271484,0.002045687611409652,1
56,2024-08-30,fund__interest_coverage_zscore,5.729139804840088,0.004915913979205404,1
56,2024-08-30,fund__capex_to_assets_zscore,24.50810956954956,0.021029292798032753,2
56,2024-08-30,fund__accruals_zscore,0.0,0.0,0
56,2024-08-30,fund__revenue_growth_yoy_zscore,0.0,0.0,0
56,2024-08-30,fund__net_income_growth_yoy_zscore,0.0,0.0,0
56,2024-08-30,fund__operating_cash_flow_growth_yoy_zscore,0.0,0.0,0
56,2024-08-30,fund__asset_growth_yoy_zscore,0.0,0.0,0
56,2024-08-30,fund__revenue_growth_acceleration_zscore,0.0,0.0,0
56,2024-08-30,fund__net_income_growth_acceleration_zscore,0.0,0.0,0
56,2024-08-30,fund__operating_cash_flow_growth_acceleration_zscore,0.0,0.0,0
56,2024-08-30,fund__earnings_yield_sector_zscore,0.0,0.0,0
56,2024-08-30,fund__sales_yield_sector_zscore,28.147029876708984,0.02415168460841706,4
56,2024-08-30,fund__book_to_market_sector_zscore,0.0,0.0,0
56,2024-08-30,fund__fcf_yield_sector_zscore,0.0,0.0,0
56,2024-08-30,fund__roe_sector_zscore,5.202239990234375,0.004463805241682066,1
56,2024-08-30,fund__roa_sector_zscore,4.567689895629883,0.003919326700952966,1
56,2024-08-30,fund__gross_profitability_sector_zscore,0.0,0.0,0
56,2024-08-30,fund__gross_margin_sector_zscore,11.929009914398193,0.010235740197285475,2
56,2024-08-30,fund__operating_margin_sector_zscore,0.0,0.0,0
56,2024-08-30,fund__net_margin_sector_zscore,0.0,0.0,0
56,2024-08-30,fund__cash_conversion_sector_zscore,5.877709865570068,0.005043395182896208,1
56,2024-08-30,fund__debt_to_assets_sector_zscore,0.0,0.0,0
56,2024-08-30,fund__net_debt_to_assets_sector_zscore,0.0,0.0,0
56,2024-08-30,fund__current_ratio_sector_zscore,0.0,0.0,0
56,2024-08-30,fund__interest_coverage_sector_zscore,0.0,0.0,0
56,2024-08-30,fund__capex_to_assets_sector_zscore,3.835010051727295,0.003290647490876803,1
56,2024-08-30,fund__accruals_sector_zscore,0.0,0.0,0
56,2024-08-30,fund__revenue_growth_yoy_sector_zscore,0.0,0.0,0
56,2024-08-30,fund__net_income_growth_yoy_sector_zscore,4.3689799308776855,0.0037488227288370317,1
56,2024-08-30,fund__operating_cash_flow_growth_yoy_sector_zscore,0.0,0.0,0
56,2024-08-30,fund__asset_growth_yoy_sector_zscore,0.0,0.0,0
56,2024-08-30,fund__revenue_growth_acceleration_sector_zscore,0.0,0.0,0
56,2024-08-30,fund__net_income_growth_acceleration_sector_zscore,0.0,0.0,0
56,2024-08-30,fund__operating_cash_flow_growth_acceleration_sector_zscore,0.0,0.0,0
56,2024-08-30,fund__earnings_yield_missing,0.0,0.0,0
56,2024-08-30,fund__sales_yield_missing,0.0,0.0,0
56,2024-08-30,fund__book_to_market_missing,0.0,0.0,0
56,2024-08-30,fund__fcf_yield_missing,0.0,0.0,0
56,2024-08-30,fund__roe_missing,0.0,0.0,0
56,2024-08-30,fund__roa_missing,0.0,0.0,0
56,2024-08-30,fund__gross_profitability_missing,0.0,0.0,0
56,2024-08-30,fund__gross_margin_missing,0.0,0.0,0
56,2024-08-30,fund__operating_margin_missing,0.0,0.0,0
56,2024-08-30,fund__net_margin_missing,0.0,0.0,0
56,2024-08-30,fund__cash_conversion_missing,0.0,0.0,0
56,2024-08-30,fund__debt_to_assets_missing,0.0,0.0,0
56,2024-08-30,fund__net_debt_to_assets_missing,0.0,0.0,0
56,2024-08-30,fund__current_ratio_missing,0.0,0.0,0
56,2024-08-30,fund__interest_coverage_missing,0.0,0.0,0
56,2024-08-30,fund__capex_to_assets_missing,5.001039981842041,0.004291164676507426,1
56,2024-08-30,fund__accruals_missing,0.0,0.0,0
56,2024-08-30,fund__revenue_growth_yoy_missing,0.0,0.0,0
56,2024-08-30,fund__net_income_growth_yoy_missing,0.0,0.0,0
56,2024-08-30,fund__operating_cash_flow_growth_yoy_missing,0.0,0.0,0
56,2024-08-30,fund__asset_growth_yoy_missing,0.0,0.0,0
56,2024-08-30,fund__revenue_growth_acceleration_missing,0.0,0.0,0
56,2024-08-30,fund__net_income_growth_acceleration_missing,0.0,0.0,0
56,2024-08-30,fund__operating_cash_flow_growth_acceleration_missing,0.0,0.0,0
57,2024-09-30,tech__momentum_12_1_sector_neutral,3.338749885559082,0.002864829240442747,1
57,2024-09-30,tech__momentum_6_1_sector_neutral,174.5204005241394,0.14974800856986412,16
57,2024-09-30,tech__return_3m_sector_neutral,32.33554983139038,0.027745662849269884,4
57,2024-09-30,tech__return_1m_sector_neutral,0.0,0.0,0
57,2024-09-30,tech__return_1w_sector_neutral,5.017429828643799,0.004305228057705023,1
57,2024-09-30,tech__reversal_1m_sector_neutral,0.0,0.0,0
57,2024-09-30,tech__volatility_20d_sector_neutral,0.0,0.0,0
57,2024-09-30,tech__volatility_60d_sector_neutral,168.53096890449524,0.14460875003726048,12
57,2024-09-30,tech__downside_volatility_60d_sector_neutral,3.7169899940490723,0.003189379853651951,1
57,2024-09-30,tech__beta_60d_market_sector_neutral,9.708479881286621,0.008330404491950334,2
57,2024-09-30,tech__max_drawdown_126d_sector_neutral,57.70821976661682,0.049516795527681776,8
57,2024-09-30,tech__distance_sma_50d_sector_neutral,4.786819934844971,0.004107352209098397,2
57,2024-09-30,tech__distance_sma_200d_sector_neutral,20.828089714050293,0.01787163533676449,2
57,2024-09-30,tech__sma_50_200_spread_sector_neutral,88.13838863372803,0.07562753773666658,9
57,2024-09-30,tech__positive_day_ratio_60d_sector_neutral,0.0,0.0,0
57,2024-09-30,tech__average_dollar_volume_20d_sector_neutral,276.35964179039,0.23713162405599503,20
57,2024-09-30,tech__dollar_volume_change_20d_60d_sector_neutral,11.869719982147217,0.010184866206301263,2
57,2024-09-30,tech__amihud_illiquidity_20d_sector_neutral,91.09685039520264,0.0781660590549788,10
57,2024-09-30,tech__zero_volume_ratio_60d_sector_neutral,0.0,0.0,0
57,2024-09-30,fund__earnings_yield_zscore,6.415770053863525,0.00550508012887206,1
57,2024-09-30,fund__sales_yield_zscore,42.28280973434448,0.03628095360450855,5
57,2024-09-30,fund__book_to_market_zscore,36.29519033432007,0.03114325005503773,5
57,2024-09-30,fund__fcf_yield_zscore,2.9318699836730957,0.0025157041246881536,1
57,2024-09-30,fund__roe_zscore,7.31089973449707,0.006273150146383342,2
57,2024-09-30,fund__roa_zscore,5.5797200202941895,0.00478770366620196,1
57,2024-09-30,fund__gross_profitability_zscore,0.0,0.0,0
57,2024-09-30,fund__gross_margin_zscore,0.0,0.0,0
57,2024-09-30,fund__operating_margin_zscore,0.0,0.0,0
57,2024-09-30,fund__net_margin_zscore,0.0,0.0,0
57,2024-09-30,fund__cash_conversion_zscore,11.099740266799927,0.009524181675059319,2
57,2024-09-30,fund__debt_to_assets_zscore,0.0,0.0,0
57,2024-09-30,fund__net_debt_to_assets_zscore,4.0048298835754395,0.003436362155515172,1
57,2024-09-30,fund__current_ratio_zscore,2.3840999603271484,0.002045687611409652,1
57,2024-09-30,fund__interest_coverage_zscore,5.729139804840088,0.004915913979205404,1
57,2024-09-30,fund__capex_to_assets_zscore,24.50810956954956,0.021029292798032753,2
57,2024-09-30,fund__accruals_zscore,0.0,0.0,0
57,2024-09-30,fund__revenue_growth_yoy_zscore,0.0,0.0,0
57,2024-09-30,fund__net_income_growth_yoy_zscore,0.0,0.0,0
57,2024-09-30,fund__operating_cash_flow_growth_yoy_zscore,0.0,0.0,0
57,2024-09-30,fund__asset_growth_yoy_zscore,0.0,0.0,0
57,2024-09-30,fund__revenue_growth_acceleration_zscore,0.0,0.0,0
57,2024-09-30,fund__net_income_growth_acceleration_zscore,0.0,0.0,0
57,2024-09-30,fund__operating_cash_flow_growth_acceleration_zscore,0.0,0.0,0
57,2024-09-30,fund__earnings_yield_sector_zscore,0.0,0.0,0
57,2024-09-30,fund__sales_yield_sector_zscore,28.147029876708984,0.02415168460841706,4
57,2024-09-30,fund__book_to_market_sector_zscore,0.0,0.0,0
57,2024-09-30,fund__fcf_yield_sector_zscore,0.0,0.0,0
57,2024-09-30,fund__roe_sector_zscore,5.202239990234375,0.004463805241682066,1
57,2024-09-30,fund__roa_sector_zscore,4.567689895629883,0.003919326700952966,1
57,2024-09-30,fund__gross_profitability_sector_zscore,0.0,0.0,0
57,2024-09-30,fund__gross_margin_sector_zscore,11.929009914398193,0.010235740197285475,2
57,2024-09-30,fund__operating_margin_sector_zscore,0.0,0.0,0
57,2024-09-30,fund__net_margin_sector_zscore,0.0,0.0,0
57,2024-09-30,fund__cash_conversion_sector_zscore,5.877709865570068,0.005043395182896208,1
57,2024-09-30,fund__debt_to_assets_sector_zscore,0.0,0.0,0
57,2024-09-30,fund__net_debt_to_assets_sector_zscore,0.0,0.0,0
57,2024-09-30,fund__current_ratio_sector_zscore,0.0,0.0,0
57,2024-09-30,fund__interest_coverage_sector_zscore,0.0,0.0,0
57,2024-09-30,fund__capex_to_assets_sector_zscore,3.835010051727295,0.003290647490876803,1
57,2024-09-30,fund__accruals_sector_zscore,0.0,0.0,0
57,2024-09-30,fund__revenue_growth_yoy_sector_zscore,0.0,0.0,0
57,2024-09-30,fund__net_income_growth_yoy_sector_zscore,4.3689799308776855,0.0037488227288370317,1
57,2024-09-30,fund__operating_cash_flow_growth_yoy_sector_zscore,0.0,0.0,0
57,2024-09-30,fund__asset_growth_yoy_sector_zscore,0.0,0.0,0
57,2024-09-30,fund__revenue_growth_acceleration_sector_zscore,0.0,0.0,0
57,2024-09-30,fund__net_income_growth_acceleration_sector_zscore,0.0,0.0,0
57,2024-09-30,fund__operating_cash_flow_growth_acceleration_sector_zscore,0.0,0.0,0
57,2024-09-30,fund__earnings_yield_missing,0.0,0.0,0
57,2024-09-30,fund__sales_yield_missing,0.0,0.0,0
57,2024-09-30,fund__book_to_market_missing,0.0,0.0,0
57,2024-09-30,fund__fcf_yield_missing,0.0,0.0,0
57,2024-09-30,fund__roe_missing,0.0,0.0,0
57,2024-09-30,fund__roa_missing,0.0,0.0,0
57,2024-09-30,fund__gross_profitability_missing,0.0,0.0,0
57,2024-09-30,fund__gross_margin_missing,0.0,0.0,0
57,2024-09-30,fund__operating_margin_missing,0.0,0.0,0
57,2024-09-30,fund__net_margin_missing,0.0,0.0,0
57,2024-09-30,fund__cash_conversion_missing,0.0,0.0,0
57,2024-09-30,fund__debt_to_assets_missing,0.0,0.0,0
57,2024-09-30,fund__net_debt_to_assets_missing,0.0,0.0,0
57,2024-09-30,fund__current_ratio_missing,0.0,0.0,0
57,2024-09-30,fund__interest_coverage_missing,0.0,0.0,0
57,2024-09-30,fund__capex_to_assets_missing,5.001039981842041,0.004291164676507426,1
57,2024-09-30,fund__accruals_missing,0.0,0.0,0
57,2024-09-30,fund__revenue_growth_yoy_missing,0.0,0.0,0
57,2024-09-30,fund__net_income_growth_yoy_missing,0.0,0.0,0
57,2024-09-30,fund__operating_cash_flow_growth_yoy_missing,0.0,0.0,0
57,2024-09-30,fund__asset_growth_yoy_missing,0.0,0.0,0
57,2024-09-30,fund__revenue_growth_acceleration_missing,0.0,0.0,0
57,2024-09-30,fund__net_income_growth_acceleration_missing,0.0,0.0,0
57,2024-09-30,fund__operating_cash_flow_growth_acceleration_missing,0.0,0.0,0
58,2024-10-31,tech__momentum_12_1_sector_neutral,3.903409957885742,0.0038257386656880806,1
58,2024-10-31,tech__momentum_6_1_sector_neutral,120.33327198028564,0.11793884228165775,10
58,2024-10-31,tech__return_3m_sector_neutral,17.06130027770996,0.01672180910116446,1
58,2024-10-31,tech__return_1m_sector_neutral,8.14240026473999,0.007980380195883197,2
58,2024-10-31,tech__return_1w_sector_neutral,11.135729789733887,0.010914147498438737,2
58,2024-10-31,tech__reversal_1m_sector_neutral,0.0,0.0,0
58,2024-10-31,tech__volatility_20d_sector_neutral,6.884359836578369,0.00674737265607982,1
58,2024-10-31,tech__volatility_60d_sector_neutral,166.3307590484619,0.1630210567300025,9
58,2024-10-31,tech__downside_volatility_60d_sector_neutral,16.902790069580078,0.01656645297954478,2
58,2024-10-31,tech__beta_60d_market_sector_neutral,5.066629886627197,0.004965812474511258,1
58,2024-10-31,tech__max_drawdown_126d_sector_neutral,30.464499711990356,0.02985830741235621,4
58,2024-10-31,tech__distance_sma_50d_sector_neutral,7.4835100173950195,0.007334600756134629,1
58,2024-10-31,tech__distance_sma_200d_sector_neutral,8.992630004882812,0.008813691794376983,1
58,2024-10-31,tech__sma_50_200_spread_sector_neutral,30.315820693969727,0.029712586856699752,3
58,2024-10-31,tech__positive_day_ratio_60d_sector_neutral,4.51738977432251,0.004427501316559242,1
58,2024-10-31,tech__average_dollar_volume_20d_sector_neutral,201.9060983657837,0.1978885066365376,13
58,2024-10-31,tech__dollar_volume_change_20d_60d_sector_neutral,49.14660930633545,0.04816867445113405,6
58,2024-10-31,tech__amihud_illiquidity_20d_sector_neutral,126.61663007736206,0.12409717212190077,11
58,2024-10-31,tech__zero_volume_ratio_60d_sector_neutral,0.0,0.0,0
58,2024-10-31,fund__earnings_yield_zscore,0.0,0.0,0
58,2024-10-31,fund__sales_yield_zscore,38.81847047805786,0.03804604821247533,5
58,2024-10-31,fund__book_to_market_zscore,24.68189001083374,0.024190761917267982,3
58,2024-10-31,fund__fcf_yield_zscore,0.0,0.0,0
58,2024-10-31,fund__roe_zscore,3.981950044631958,0.0039027159368210987,1
58,2024-10-31,fund__roa_zscore,5.256410121917725,0.005151816402350704,1
58,2024-10-31,fund__gross_profitability_zscore,0.0,0.0,0
58,2024-10-31,fund__gross_margin_zscore,0.0,0.0,0
58,2024-10-31,fund__operating_margin_zscore,0.0,0.0,0
58,2024-10-31,fund__net_margin_zscore,0.0,0.0,0
58,2024-10-31,fund__cash_conversion_zscore,0.0,0.0,0
58,2024-10-31,fund__debt_to_assets_zscore,0.0,0.0,0
58,2024-10-31,fund__net_debt_to_assets_zscore,0.0,0.0,0
58,2024-10-31,fund__current_ratio_zscore,0.0,0.0,0
58,2024-10-31,fund__interest_coverage_zscore,0.0,0.0,0
58,2024-10-31,fund__capex_to_assets_zscore,13.460010051727295,0.013192178492913155,2
58,2024-10-31,fund__accruals_zscore,3.046839952468872,0.002986212962534179,1
58,2024-10-31,fund__revenue_growth_yoy_zscore,0.0,0.0,0
58,2024-10-31,fund__net_income_growth_yoy_zscore,0.0,0.0,0
58,2024-10-31,fund__operating_cash_flow_growth_yoy_zscore,0.0,0.0,0
58,2024-10-31,fund__asset_growth_yoy_zscore,0.0,0.0,0
58,2024-10-31,fund__revenue_growth_acceleration_zscore,0.0,0.0,0
58,2024-10-31,fund__net_income_growth_acceleration_zscore,0.0,0.0,0
58,2024-10-31,fund__operating_cash_flow_growth_acceleration_zscore,0.0,0.0,0
58,2024-10-31,fund__earnings_yield_sector_zscore,8.673089981079102,0.00850051007954555,1
58,2024-10-31,fund__sales_yield_sector_zscore,7.512829780578613,0.007363337105349931,1
58,2024-10-31,fund__book_to_market_sector_zscore,21.39695978164673,0.02097119627402836,2
58,2024-10-31,fund__fcf_yield_sector_zscore,0.0,0.0,0
58,2024-10-31,fund__roe_sector_zscore,8.145380020141602,0.007983300659164593,1
58,2024-10-31,fund__roa_sector_zscore,0.0,0.0,0
58,2024-10-31,fund__gross_profitability_sector_zscore,0.0,0.0,0
58,2024-10-31,fund__gross_margin_sector_zscore,24.751580715179443,0.024259065893824625,3
58,2024-10-31,fund__operating_margin_sector_zscore,0.0,0.0,0
58,2024-10-31,fund__net_margin_sector_zscore,0.0,0.0,0
58,2024-10-31,fund__cash_conversion_sector_zscore,12.054289817810059,0.011814429727075047,2
58,2024-10-31,fund__debt_to_assets_sector_zscore,0.0,0.0,0
58,2024-10-31,fund__net_debt_to_assets_sector_zscore,0.0,0.0,0
58,2024-10-31,fund__current_ratio_sector_zscore,0.0,0.0,0
58,2024-10-31,fund__interest_coverage_sector_zscore,0.0,0.0,0
58,2024-10-31,fund__capex_to_assets_sector_zscore,13.443209886550903,0.013175712622764051,2
58,2024-10-31,fund__accruals_sector_zscore,0.0,0.0,0
58,2024-10-31,fund__revenue_growth_yoy_sector_zscore,0.0,0.0,0
58,2024-10-31,fund__net_income_growth_yoy_sector_zscore,6.8391499519348145,0.006703062372092681,1
58,2024-10-31,fund__operating_cash_flow_growth_yoy_sector_zscore,0.0,0.0,0
58,2024-10-31,fund__asset_growth_yoy_sector_zscore,4.55049991607666,0.004459952622187379,1
58,2024-10-31,fund__revenue_growth_acceleration_sector_zscore,0.0,0.0,0
58,2024-10-31,fund__net_income_growth_acceleration_sector_zscore,8.485899925231934,0.008317044790935507,1
58,2024-10-31,fund__operating_cash_flow_growth_acceleration_sector_zscore,0.0,0.0,0
58,2024-10-31,fund__earnings_yield_missing,0.0,0.0,0
58,2024-10-31,fund__sales_yield_missing,0.0,0.0,0
58,2024-10-31,fund__book_to_market_missing,0.0,0.0,0
58,2024-10-31,fund__fcf_yield_missing,0.0,0.0,0
58,2024-10-31,fund__roe_missing,0.0,0.0,0
58,2024-10-31,fund__roa_missing,0.0,0.0,0
58,2024-10-31,fund__gross_profitability_missing,0.0,0.0,0
58,2024-10-31,fund__gross_margin_missing,0.0,0.0,0
58,2024-10-31,fund__operating_margin_missing,0.0,0.0,0
58,2024-10-31,fund__net_margin_missing,0.0,0.0,0
58,2024-10-31,fund__cash_conversion_missing,0.0,0.0,0
58,2024-10-31,fund__debt_to_assets_missing,0.0,0.0,0
58,2024-10-31,fund__net_debt_to_assets_missing,0.0,0.0,0
58,2024-10-31,fund__current_ratio_missing,0.0,0.0,0
58,2024-10-31,fund__interest_coverage_missing,0.0,0.0,0
58,2024-10-31,fund__capex_to_assets_missing,0.0,0.0,0
58,2024-10-31,fund__accruals_missing,0.0,0.0,0
58,2024-10-31,fund__revenue_growth_yoy_missing,0.0,0.0,0
58,2024-10-31,fund__net_income_growth_yoy_missing,0.0,0.0,0
58,2024-10-31,fund__operating_cash_flow_growth_yoy_missing,0.0,0.0,0
58,2024-10-31,fund__asset_growth_yoy_missing,0.0,0.0,0
58,2024-10-31,fund__revenue_growth_acceleration_missing,0.0,0.0,0
58,2024-10-31,fund__net_income_growth_acceleration_missing,0.0,0.0,0
58,2024-10-31,fund__operating_cash_flow_growth_acceleration_missing,0.0,0.0,0
59,2024-11-29,tech__momentum_12_1_sector_neutral,3.903409957885742,0.0038257386656880806,1
59,2024-11-29,tech__momentum_6_1_sector_neutral,120.33327198028564,0.11793884228165775,10
59,2024-11-29,tech__return_3m_sector_neutral,17.06130027770996,0.01672180910116446,1
59,2024-11-29,tech__return_1m_sector_neutral,8.14240026473999,0.007980380195883197,2
59,2024-11-29,tech__return_1w_sector_neutral,11.135729789733887,0.010914147498438737,2
59,2024-11-29,tech__reversal_1m_sector_neutral,0.0,0.0,0
59,2024-11-29,tech__volatility_20d_sector_neutral,6.884359836578369,0.00674737265607982,1
59,2024-11-29,tech__volatility_60d_sector_neutral,166.3307590484619,0.1630210567300025,9
59,2024-11-29,tech__downside_volatility_60d_sector_neutral,16.902790069580078,0.01656645297954478,2
59,2024-11-29,tech__beta_60d_market_sector_neutral,5.066629886627197,0.004965812474511258,1
59,2024-11-29,tech__max_drawdown_126d_sector_neutral,30.464499711990356,0.02985830741235621,4
59,2024-11-29,tech__distance_sma_50d_sector_neutral,7.4835100173950195,0.007334600756134629,1
59,2024-11-29,tech__distance_sma_200d_sector_neutral,8.992630004882812,0.008813691794376983,1
59,2024-11-29,tech__sma_50_200_spread_sector_neutral,30.315820693969727,0.029712586856699752,3
59,2024-11-29,tech__positive_day_ratio_60d_sector_neutral,4.51738977432251,0.004427501316559242,1
59,2024-11-29,tech__average_dollar_volume_20d_sector_neutral,201.9060983657837,0.1978885066365376,13
59,2024-11-29,tech__dollar_volume_change_20d_60d_sector_neutral,49.14660930633545,0.04816867445113405,6
59,2024-11-29,tech__amihud_illiquidity_20d_sector_neutral,126.61663007736206,0.12409717212190077,11
59,2024-11-29,tech__zero_volume_ratio_60d_sector_neutral,0.0,0.0,0
59,2024-11-29,fund__earnings_yield_zscore,0.0,0.0,0
59,2024-11-29,fund__sales_yield_zscore,38.81847047805786,0.03804604821247533,5
59,2024-11-29,fund__book_to_market_zscore,24.68189001083374,0.024190761917267982,3
59,2024-11-29,fund__fcf_yield_zscore,0.0,0.0,0
59,2024-11-29,fund__roe_zscore,3.981950044631958,0.0039027159368210987,1
59,2024-11-29,fund__roa_zscore,5.256410121917725,0.005151816402350704,1
59,2024-11-29,fund__gross_profitability_zscore,0.0,0.0,0
59,2024-11-29,fund__gross_margin_zscore,0.0,0.0,0
59,2024-11-29,fund__operating_margin_zscore,0.0,0.0,0
59,2024-11-29,fund__net_margin_zscore,0.0,0.0,0
59,2024-11-29,fund__cash_conversion_zscore,0.0,0.0,0
59,2024-11-29,fund__debt_to_assets_zscore,0.0,0.0,0
59,2024-11-29,fund__net_debt_to_assets_zscore,0.0,0.0,0
59,2024-11-29,fund__current_ratio_zscore,0.0,0.0,0
59,2024-11-29,fund__interest_coverage_zscore,0.0,0.0,0
59,2024-11-29,fund__capex_to_assets_zscore,13.460010051727295,0.013192178492913155,2
59,2024-11-29,fund__accruals_zscore,3.046839952468872,0.002986212962534179,1
59,2024-11-29,fund__revenue_growth_yoy_zscore,0.0,0.0,0
59,2024-11-29,fund__net_income_growth_yoy_zscore,0.0,0.0,0
59,2024-11-29,fund__operating_cash_flow_growth_yoy_zscore,0.0,0.0,0
59,2024-11-29,fund__asset_growth_yoy_zscore,0.0,0.0,0
59,2024-11-29,fund__revenue_growth_acceleration_zscore,0.0,0.0,0
59,2024-11-29,fund__net_income_growth_acceleration_zscore,0.0,0.0,0
59,2024-11-29,fund__operating_cash_flow_growth_acceleration_zscore,0.0,0.0,0
59,2024-11-29,fund__earnings_yield_sector_zscore,8.673089981079102,0.00850051007954555,1
59,2024-11-29,fund__sales_yield_sector_zscore,7.512829780578613,0.007363337105349931,1
59,2024-11-29,fund__book_to_market_sector_zscore,21.39695978164673,0.02097119627402836,2
59,2024-11-29,fund__fcf_yield_sector_zscore,0.0,0.0,0
59,2024-11-29,fund__roe_sector_zscore,8.145380020141602,0.007983300659164593,1
59,2024-11-29,fund__roa_sector_zscore,0.0,0.0,0
59,2024-11-29,fund__gross_profitability_sector_zscore,0.0,0.0,0
59,2024-11-29,fund__gross_margin_sector_zscore,24.751580715179443,0.024259065893824625,3
59,2024-11-29,fund__operating_margin_sector_zscore,0.0,0.0,0
59,2024-11-29,fund__net_margin_sector_zscore,0.0,0.0,0
59,2024-11-29,fund__cash_conversion_sector_zscore,12.054289817810059,0.011814429727075047,2
59,2024-11-29,fund__debt_to_assets_sector_zscore,0.0,0.0,0
59,2024-11-29,fund__net_debt_to_assets_sector_zscore,0.0,0.0,0
59,2024-11-29,fund__current_ratio_sector_zscore,0.0,0.0,0
59,2024-11-29,fund__interest_coverage_sector_zscore,0.0,0.0,0
59,2024-11-29,fund__capex_to_assets_sector_zscore,13.443209886550903,0.013175712622764051,2
59,2024-11-29,fund__accruals_sector_zscore,0.0,0.0,0
59,2024-11-29,fund__revenue_growth_yoy_sector_zscore,0.0,0.0,0
59,2024-11-29,fund__net_income_growth_yoy_sector_zscore,6.8391499519348145,0.006703062372092681,1
59,2024-11-29,fund__operating_cash_flow_growth_yoy_sector_zscore,0.0,0.0,0
59,2024-11-29,fund__asset_growth_yoy_sector_zscore,4.55049991607666,0.004459952622187379,1
59,2024-11-29,fund__revenue_growth_acceleration_sector_zscore,0.0,0.0,0
59,2024-11-29,fund__net_income_growth_acceleration_sector_zscore,8.485899925231934,0.008317044790935507,1
59,2024-11-29,fund__operating_cash_flow_growth_acceleration_sector_zscore,0.0,0.0,0
59,2024-11-29,fund__earnings_yield_missing,0.0,0.0,0
59,2024-11-29,fund__sales_yield_missing,0.0,0.0,0
59,2024-11-29,fund__book_to_market_missing,0.0,0.0,0
59,2024-11-29,fund__fcf_yield_missing,0.0,0.0,0
59,2024-11-29,fund__roe_missing,0.0,0.0,0
59,2024-11-29,fund__roa_missing,0.0,0.0,0
59,2024-11-29,fund__gross_profitability_missing,0.0,0.0,0
59,2024-11-29,fund__gross_margin_missing,0.0,0.0,0
59,2024-11-29,fund__operating_margin_missing,0.0,0.0,0
59,2024-11-29,fund__net_margin_missing,0.0,0.0,0
59,2024-11-29,fund__cash_conversion_missing,0.0,0.0,0
59,2024-11-29,fund__debt_to_assets_missing,0.0,0.0,0
59,2024-11-29,fund__net_debt_to_assets_missing,0.0,0.0,0
59,2024-11-29,fund__current_ratio_missing,0.0,0.0,0
59,2024-11-29,fund__interest_coverage_missing,0.0,0.0,0
59,2024-11-29,fund__capex_to_assets_missing,0.0,0.0,0
59,2024-11-29,fund__accruals_missing,0.0,0.0,0
59,2024-11-29,fund__revenue_growth_yoy_missing,0.0,0.0,0
59,2024-11-29,fund__net_income_growth_yoy_missing,0.0,0.0,0
59,2024-11-29,fund__operating_cash_flow_growth_yoy_missing,0.0,0.0,0
59,2024-11-29,fund__asset_growth_yoy_missing,0.0,0.0,0
59,2024-11-29,fund__revenue_growth_acceleration_missing,0.0,0.0,0
59,2024-11-29,fund__net_income_growth_acceleration_missing,0.0,0.0,0
59,2024-11-29,fund__operating_cash_flow_growth_acceleration_missing,0.0,0.0,0
60,2024-12-31,tech__momentum_12_1_sector_neutral,10.896900177001953,0.00698441364594431,1
60,2024-12-31,tech__momentum_6_1_sector_neutral,189.42519092559814,0.12141286667731552,21
60,2024-12-31,tech__return_3m_sector_neutral,48.20372009277344,0.030896375568512872,8
60,2024-12-31,tech__return_1m_sector_neutral,4.062920093536377,0.0026041455902814517,1
60,2024-12-31,tech__return_1w_sector_neutral,25.726200103759766,0.016489315323105894,6
60,2024-12-31,tech__reversal_1m_sector_neutral,0.0,0.0,0
60,2024-12-31,tech__volatility_20d_sector_neutral,6.032599925994873,0.003866620099224726,1
60,2024-12-31,tech__volatility_60d_sector_neutral,256.10818910598755,0.16415361265813538,17
60,2024-12-31,tech__downside_volatility_60d_sector_neutral,0.0,0.0,0
60,2024-12-31,tech__beta_60d_market_sector_neutral,10.081939935684204,0.006462061478088829,2
60,2024-12-31,tech__max_drawdown_126d_sector_neutral,95.75870990753174,0.06137694475789887,14
60,2024-12-31,tech__distance_sma_50d_sector_neutral,14.2531099319458,0.009135590295295846,4
60,2024-12-31,tech__distance_sma_200d_sector_neutral,16.992300033569336,0.010891285622760859,2
60,2024-12-31,tech__sma_50_200_spread_sector_neutral,121.97952055931091,0.07818328277598234,18
60,2024-12-31,tech__positive_day_ratio_60d_sector_neutral,9.399479866027832,0.006024635848240443,2
60,2024-12-31,tech__average_dollar_volume_20d_sector_neutral,232.13440108299255,0.14878751317177202,21
60,2024-12-31,tech__dollar_volume_change_20d_60d_sector_neutral,50.129910469055176,0.032130975329019276,8
60,2024-12-31,tech__amihud_illiquidity_20d_sector_neutral,82.8939094543457,0.05313119721703223,13
60,2024-12-31,tech__zero_volume_ratio_60d_sector_neutral,0.0,0.0,0
60,2024-12-31,fund__earnings_yield_zscore,0.0,0.0,0
60,2024-12-31,fund__sales_yield_zscore,24.197280406951904,0.01550934786259128,4
60,2024-12-31,fund__book_to_market_zscore,47.28116011619568,0.03030505690128208,7
60,2024-12-31,fund__fcf_yield_zscore,0.0,0.0,0
60,2024-12-31,fund__roe_zscore,19.382039785385132,0.01242299929010859,4
60,2024-12-31,fund__roa_zscore,4.0281901359558105,0.002581885279026998,1
60,2024-12-31,fund__gross_profitability_zscore,0.0,0.0,0
60,2024-12-31,fund__gross_margin_zscore,0.0,0.0,0
60,2024-12-31,fund__operating_margin_zscore,0.0,0.0,0
60,2024-12-31,fund__net_margin_zscore,0.0,0.0,0
60,2024-12-31,fund__cash_conversion_zscore,0.0,0.0,0
60,2024-12-31,fund__debt_to_assets_zscore,0.0,0.0,0
60,2024-12-31,fund__net_debt_to_assets_zscore,0.0,0.0,0
60,2024-12-31,fund__current_ratio_zscore,12.333229780197144,0.007905035099539229,3
60,2024-12-31,fund__interest_coverage_zscore,3.2934200763702393,0.002110931342821195,1
60,2024-12-31,fund__capex_to_assets_zscore,5.824930191040039,0.0037335133159094695,1
60,2024-12-31,fund__accruals_zscore,23.44322979450226,0.01502603597556113,7
60,2024-12-31,fund__revenue_growth_yoy_zscore,0.0,0.0,0
60,2024-12-31,fund__net_income_growth_yoy_zscore,0.0,0.0,0
60,2024-12-31,fund__operating_cash_flow_growth_yoy_zscore,0.0,0.0,0
60,2024-12-31,fund__asset_growth_yoy_zscore,3.266089916229248,0.002093413962618204,1
60,2024-12-31,fund__revenue_growth_acceleration_zscore,18.745060205459595,0.012014724569963012,4
60,2024-12-31,fund__net_income_growth_acceleration_zscore,0.0,0.0,0
60,2024-12-31,fund__operating_cash_flow_growth_acceleration_zscore,0.0,0.0,0
60,2024-12-31,fund__earnings_yield_sector_zscore,7.530179977416992,0.004826500283235405,2
60,2024-12-31,fund__sales_yield_sector_zscore,51.21395993232727,0.03282580135671253,8
60,2024-12-31,fund__book_to_market_sector_zscore,38.195820569992065,0.0244817706020769,5
60,2024-12-31,fund__fcf_yield_sector_zscore,12.705980062484741,0.008143950948620207,2
60,2024-12-31,fund__roe_sector_zscore,10.119600057601929,0.0064861998904040315,2
60,2024-12-31,fund__roa_sector_zscore,0.0,0.0,0
60,2024-12-31,fund__gross_profitability_sector_zscore,0.0,0.0,0
60,2024-12-31,fund__gross_margin_sector_zscore,29.274900197982788,0.018763869458764165,7
60,2024-12-31,fund__operating_margin_sector_zscore,6.741919994354248,0.004321261757340237,2
60,2024-12-31,fund__net_margin_sector_zscore,12.269869804382324,0.007864424258612036,3
60,2024-12-31,fund__cash_conversion_sector_zscore,16.538150310516357,0.010600196462406107,3
60,2024-12-31,fund__debt_to_assets_sector_zscore,0.0,0.0,0
60,2024-12-31,fund__net_debt_to_assets_sector_zscore,0.0,0.0,0
60,2024-12-31,fund__current_ratio_sector_zscore,0.0,0.0,0
60,2024-12-31,fund__interest_coverage_sector_zscore,0.0,0.0,0
60,2024-12-31,fund__capex_to_assets_sector_zscore,4.730020046234131,0.0030317260890607755,1
60,2024-12-31,fund__accruals_sector_zscore,3.325160026550293,0.0021312751963536913,1
60,2024-12-31,fund__revenue_growth_yoy_sector_zscore,8.540989875793457,0.00547438310614831,2
60,2024-12-31,fund__net_income_growth_yoy_sector_zscore,0.0,0.0,0
60,2024-12-31,fund__operating_cash_flow_growth_yoy_sector_zscore,0.0,0.0,0
60,2024-12-31,fund__asset_growth_yoy_sector_zscore,5.1496901512146,0.0033007153943135385,1
60,2024-12-31,fund__revenue_growth_acceleration_sector_zscore,7.053289890289307,0.004520835591621557,1
60,2024-12-31,fund__net_income_growth_acceleration_sector_zscore,10.91077995300293,0.006993309946298467,2
60,2024-12-31,fund__operating_cash_flow_growth_acceleration_sector_zscore,0.0,0.0,0
60,2024-12-31,fund__earnings_yield_missing,0.0,0.0,0
60,2024-12-31,fund__sales_yield_missing,0.0,0.0,0
60,2024-12-31,fund__book_to_market_missing,0.0,0.0,0
60,2024-12-31,fund__fcf_yield_missing,0.0,0.0,0
60,2024-12-31,fund__roe_missing,0.0,0.0,0
60,2024-12-31,fund__roa_missing,0.0,0.0,0
60,2024-12-31,fund__gross_profitability_missing,0.0,0.0,0
60,2024-12-31,fund__gross_margin_missing,0.0,0.0,0
60,2024-12-31,fund__operating_margin_missing,0.0,0.0,0
60,2024-12-31,fund__net_margin_missing,0.0,0.0,0
60,2024-12-31,fund__cash_conversion_missing,0.0,0.0,0
60,2024-12-31,fund__debt_to_assets_missing,0.0,0.0,0
60,2024-12-31,fund__net_debt_to_assets_missing,0.0,0.0,0
60,2024-12-31,fund__current_ratio_missing,0.0,0.0,0
60,2024-12-31,fund__interest_coverage_missing,0.0,0.0,0
60,2024-12-31,fund__capex_to_assets_missing,0.0,0.0,0
60,2024-12-31,fund__accruals_missing,0.0,0.0,0
60,2024-12-31,fund__revenue_growth_yoy_missing,0.0,0.0,0
60,2024-12-31,fund__net_income_growth_yoy_missing,0.0,0.0,0
60,2024-12-31,fund__operating_cash_flow_growth_yoy_missing,0.0,0.0,0
60,2024-12-31,fund__asset_growth_yoy_missing,0.0,0.0,0
60,2024-12-31,fund__revenue_growth_acceleration_missing,0.0,0.0,0
60,2024-12-31,fund__net_income_growth_acceleration_missing,0.0,0.0,0
60,2024-12-31,fund__operating_cash_flow_growth_acceleration_missing,0.0,0.0,0
61,2025-01-31,tech__momentum_12_1_sector_neutral,10.896900177001953,0.00698441364594431,1
61,2025-01-31,tech__momentum_6_1_sector_neutral,189.42519092559814,0.12141286667731552,21
61,2025-01-31,tech__return_3m_sector_neutral,48.20372009277344,0.030896375568512872,8
61,2025-01-31,tech__return_1m_sector_neutral,4.062920093536377,0.0026041455902814517,1
61,2025-01-31,tech__return_1w_sector_neutral,25.726200103759766,0.016489315323105894,6
61,2025-01-31,tech__reversal_1m_sector_neutral,0.0,0.0,0
61,2025-01-31,tech__volatility_20d_sector_neutral,6.032599925994873,0.003866620099224726,1
61,2025-01-31,tech__volatility_60d_sector_neutral,256.10818910598755,0.16415361265813538,17
61,2025-01-31,tech__downside_volatility_60d_sector_neutral,0.0,0.0,0
61,2025-01-31,tech__beta_60d_market_sector_neutral,10.081939935684204,0.006462061478088829,2
61,2025-01-31,tech__max_drawdown_126d_sector_neutral,95.75870990753174,0.06137694475789887,14
61,2025-01-31,tech__distance_sma_50d_sector_neutral,14.2531099319458,0.009135590295295846,4
61,2025-01-31,tech__distance_sma_200d_sector_neutral,16.992300033569336,0.010891285622760859,2
61,2025-01-31,tech__sma_50_200_spread_sector_neutral,121.97952055931091,0.07818328277598234,18
61,2025-01-31,tech__positive_day_ratio_60d_sector_neutral,9.399479866027832,0.006024635848240443,2
61,2025-01-31,tech__average_dollar_volume_20d_sector_neutral,232.13440108299255,0.14878751317177202,21
61,2025-01-31,tech__dollar_volume_change_20d_60d_sector_neutral,50.129910469055176,0.032130975329019276,8
61,2025-01-31,tech__amihud_illiquidity_20d_sector_neutral,82.8939094543457,0.05313119721703223,13
61,2025-01-31,tech__zero_volume_ratio_60d_sector_neutral,0.0,0.0,0
61,2025-01-31,fund__earnings_yield_zscore,0.0,0.0,0
61,2025-01-31,fund__sales_yield_zscore,24.197280406951904,0.01550934786259128,4
61,2025-01-31,fund__book_to_market_zscore,47.28116011619568,0.03030505690128208,7
61,2025-01-31,fund__fcf_yield_zscore,0.0,0.0,0
61,2025-01-31,fund__roe_zscore,19.382039785385132,0.01242299929010859,4
61,2025-01-31,fund__roa_zscore,4.0281901359558105,0.002581885279026998,1
61,2025-01-31,fund__gross_profitability_zscore,0.0,0.0,0
61,2025-01-31,fund__gross_margin_zscore,0.0,0.0,0
61,2025-01-31,fund__operating_margin_zscore,0.0,0.0,0
61,2025-01-31,fund__net_margin_zscore,0.0,0.0,0
61,2025-01-31,fund__cash_conversion_zscore,0.0,0.0,0
61,2025-01-31,fund__debt_to_assets_zscore,0.0,0.0,0
61,2025-01-31,fund__net_debt_to_assets_zscore,0.0,0.0,0
61,2025-01-31,fund__current_ratio_zscore,12.333229780197144,0.007905035099539229,3
61,2025-01-31,fund__interest_coverage_zscore,3.2934200763702393,0.002110931342821195,1
61,2025-01-31,fund__capex_to_assets_zscore,5.824930191040039,0.0037335133159094695,1
61,2025-01-31,fund__accruals_zscore,23.44322979450226,0.01502603597556113,7
61,2025-01-31,fund__revenue_growth_yoy_zscore,0.0,0.0,0
61,2025-01-31,fund__net_income_growth_yoy_zscore,0.0,0.0,0
61,2025-01-31,fund__operating_cash_flow_growth_yoy_zscore,0.0,0.0,0
61,2025-01-31,fund__asset_growth_yoy_zscore,3.266089916229248,0.002093413962618204,1
61,2025-01-31,fund__revenue_growth_acceleration_zscore,18.745060205459595,0.012014724569963012,4
61,2025-01-31,fund__net_income_growth_acceleration_zscore,0.0,0.0,0
61,2025-01-31,fund__operating_cash_flow_growth_acceleration_zscore,0.0,0.0,0
61,2025-01-31,fund__earnings_yield_sector_zscore,7.530179977416992,0.004826500283235405,2
61,2025-01-31,fund__sales_yield_sector_zscore,51.21395993232727,0.03282580135671253,8
61,2025-01-31,fund__book_to_market_sector_zscore,38.195820569992065,0.0244817706020769,5
61,2025-01-31,fund__fcf_yield_sector_zscore,12.705980062484741,0.008143950948620207,2
61,2025-01-31,fund__roe_sector_zscore,10.119600057601929,0.0064861998904040315,2
61,2025-01-31,fund__roa_sector_zscore,0.0,0.0,0
61,2025-01-31,fund__gross_profitability_sector_zscore,0.0,0.0,0
61,2025-01-31,fund__gross_margin_sector_zscore,29.274900197982788,0.018763869458764165,7
61,2025-01-31,fund__operating_margin_sector_zscore,6.741919994354248,0.004321261757340237,2
61,2025-01-31,fund__net_margin_sector_zscore,12.269869804382324,0.007864424258612036,3
61,2025-01-31,fund__cash_conversion_sector_zscore,16.538150310516357,0.010600196462406107,3
61,2025-01-31,fund__debt_to_assets_sector_zscore,0.0,0.0,0
61,2025-01-31,fund__net_debt_to_assets_sector_zscore,0.0,0.0,0
61,2025-01-31,fund__current_ratio_sector_zscore,0.0,0.0,0
61,2025-01-31,fund__interest_coverage_sector_zscore,0.0,0.0,0
61,2025-01-31,fund__capex_to_assets_sector_zscore,4.730020046234131,0.0030317260890607755,1
61,2025-01-31,fund__accruals_sector_zscore,3.325160026550293,0.0021312751963536913,1
61,2025-01-31,fund__revenue_growth_yoy_sector_zscore,8.540989875793457,0.00547438310614831,2
61,2025-01-31,fund__net_income_growth_yoy_sector_zscore,0.0,0.0,0
61,2025-01-31,fund__operating_cash_flow_growth_yoy_sector_zscore,0.0,0.0,0
61,2025-01-31,fund__asset_growth_yoy_sector_zscore,5.1496901512146,0.0033007153943135385,1
61,2025-01-31,fund__revenue_growth_acceleration_sector_zscore,7.053289890289307,0.004520835591621557,1
61,2025-01-31,fund__net_income_growth_acceleration_sector_zscore,10.91077995300293,0.006993309946298467,2
61,2025-01-31,fund__operating_cash_flow_growth_acceleration_sector_zscore,0.0,0.0,0
61,2025-01-31,fund__earnings_yield_missing,0.0,0.0,0
61,2025-01-31,fund__sales_yield_missing,0.0,0.0,0
61,2025-01-31,fund__book_to_market_missing,0.0,0.0,0
61,2025-01-31,fund__fcf_yield_missing,0.0,0.0,0
61,2025-01-31,fund__roe_missing,0.0,0.0,0
61,2025-01-31,fund__roa_missing,0.0,0.0,0
61,2025-01-31,fund__gross_profitability_missing,0.0,0.0,0
61,2025-01-31,fund__gross_margin_missing,0.0,0.0,0
61,2025-01-31,fund__operating_margin_missing,0.0,0.0,0
61,2025-01-31,fund__net_margin_missing,0.0,0.0,0
61,2025-01-31,fund__cash_conversion_missing,0.0,0.0,0
61,2025-01-31,fund__debt_to_assets_missing,0.0,0.0,0
61,2025-01-31,fund__net_debt_to_assets_missing,0.0,0.0,0
61,2025-01-31,fund__current_ratio_missing,0.0,0.0,0
61,2025-01-31,fund__interest_coverage_missing,0.0,0.0,0
61,2025-01-31,fund__capex_to_assets_missing,0.0,0.0,0
61,2025-01-31,fund__accruals_missing,0.0,0.0,0
61,2025-01-31,fund__revenue_growth_yoy_missing,0.0,0.0,0
61,2025-01-31,fund__net_income_growth_yoy_missing,0.0,0.0,0
61,2025-01-31,fund__operating_cash_flow_growth_yoy_missing,0.0,0.0,0
61,2025-01-31,fund__asset_growth_yoy_missing,0.0,0.0,0
61,2025-01-31,fund__revenue_growth_acceleration_missing,0.0,0.0,0
61,2025-01-31,fund__net_income_growth_acceleration_missing,0.0,0.0,0
61,2025-01-31,fund__operating_cash_flow_growth_acceleration_missing,0.0,0.0,0
62,2025-02-28,tech__momentum_12_1_sector_neutral,23.754509806632996,0.007427439699241392,5
62,2025-02-28,tech__momentum_6_1_sector_neutral,212.83262050151825,0.06654742479110831,38
62,2025-02-28,tech__return_3m_sector_neutral,172.0388903617859,0.053792248061029745,36
62,2025-02-28,tech__return_1m_sector_neutral,44.05527985095978,0.013774981558863347,13
62,2025-02-28,tech__return_1w_sector_neutral,41.069990038871765,0.01284155627479994,16
62,2025-02-28,tech__reversal_1m_sector_neutral,23.2223699092865,0.00726105289390315,10
62,2025-02-28,tech__volatility_20d_sector_neutral,14.214830040931702,0.004444620992957897,6
62,2025-02-28,tech__volatility_60d_sector_neutral,400.2868390083313,0.12515965950617697,34
62,2025-02-28,tech__downside_volatility_60d_sector_neutral,53.66711962223053,0.016780362889862187,12
62,2025-02-28,tech__beta_60d_market_sector_neutral,27.36854887008667,0.008557459111681955,13
62,2025-02-28,tech__max_drawdown_126d_sector_neutral,75.49003875255585,0.023603842608928106,19
62,2025-02-28,tech__distance_sma_50d_sector_neutral,37.0616295337677,0.011588242433056593,13
62,2025-02-28,tech__distance_sma_200d_sector_neutral,42.69014424085617,0.013348137877058538,14
62,2025-02-28,tech__sma_50_200_spread_sector_neutral,126.44670152664185,0.03953671359258527,30
62,2025-02-28,tech__positive_day_ratio_60d_sector_neutral,39.076939821243286,0.01221837943682276,12
62,2025-02-28,tech__average_dollar_volume_20d_sector_neutral,333.2595498561859,0.10420190653911032,36
62,2025-02-28,tech__dollar_volume_change_20d_60d_sector_neutral,100.88240075111389,0.03154339762820009,23
62,2025-02-28,tech__amihud_illiquidity_20d_sector_neutral,283.9758374094963,0.0887921251825476,48
62,2025-02-28,tech__zero_volume_ratio_60d_sector_neutral,0.0,0.0,0
62,2025-02-28,fund__earnings_yield_zscore,8.039719939231873,0.0025138188720172728,3
62,2025-02-28,fund__sales_yield_zscore,112.62246024608612,0.035214219913072664,31
62,2025-02-28,fund__book_to_market_zscore,90.52285027503967,0.02830422590465632,22
62,2025-02-28,fund__fcf_yield_zscore,1.2984000444412231,0.0004059771434595836,1
62,2025-02-28,fund__roe_zscore,29.665499925613403,0.00927565812298169,10
62,2025-02-28,fund__roa_zscore,33.25353002548218,0.010397545184544919,9
62,2025-02-28,fund__gross_profitability_zscore,6.362459897994995,0.0019893817054479398,2
62,2025-02-28,fund__gross_margin_zscore,6.355090141296387,0.0019870773672855204,2
62,2025-02-28,fund__operating_margin_zscore,1.8703900575637817,0.0005848240809724682,1
62,2025-02-28,fund__net_margin_zscore,14.369551956653595,0.00449299865717956,7
62,2025-02-28,fund__cash_conversion_zscore,34.64123839139938,0.010831446801201508,12
62,2025-02-28,fund__debt_to_assets_zscore,7.2722697257995605,0.002273856429986717,3
62,2025-02-28,fund__net_debt_to_assets_zscore,5.495514929294586,0.0017183097477439344,3
62,2025-02-28,fund__current_ratio_zscore,21.482290029525757,0.006716973538698891,8
62,2025-02-28,fund__interest_coverage_zscore,4.128619074821472,0.001290915681653495,2
62,2025-02-28,fund__capex_to_assets_zscore,9.707069993019104,0.003035157433951037,3
62,2025-02-28,fund__accruals_zscore,40.00260925292969,0.012507813061900639,18
62,2025-02-28,fund__revenue_growth_yoy_zscore,61.02883017063141,0.019082185222826044,20
62,2025-02-28,fund__net_income_growth_yoy_zscore,18.22212028503418,0.0056976001909171195,4
62,2025-02-28,fund__operating_cash_flow_growth_yoy_zscore,27.77051031589508,0.008683142378752706,9
62,2025-02-28,fund__asset_growth_yoy_zscore,7.057766914367676,0.0022067867783627884,3
62,2025-02-28,fund__revenue_growth_acceleration_zscore,62.11959910392761,0.01942324132307027,17
62,2025-02-28,fund__net_income_growth_acceleration_zscore,36.14557981491089,0.011301816651017675,14
62,2025-02-28,fund__operating_cash_flow_growth_acceleration_zscore,25.180039882659912,0.007873167216472179,8
62,2025-02-28,fund__earnings_yield_sector_zscore,36.71885001659393,0.011481063871399542,10
62,2025-02-28,fund__sales_yield_sector_zscore,36.24835991859436,0.011333953412778071,11
62,2025-02-28,fund__book_to_market_sector_zscore,24.550870060920715,0.0076764415862827715,8
62,2025-02-28,fund__fcf_yield_sector_zscore,21.73634958267212,0.00679641159178319,4
62,2025-02-28,fund__roe_sector_zscore,13.991673082113266,0.004374845406402658,5
62,2025-02-28,fund__roa_sector_zscore,6.650699973106384,0.0020795071508569146,3
62,2025-02-28,fund__gross_profitability_sector_zscore,1.4220900535583496,0.0004446519084450326,1
62,2025-02-28,fund__gross_margin_sector_zscore,38.853960156440735,0.012148659285661587,9
62,2025-02-28,fund__operating_margin_sector_zscore,7.553269863128662,0.0023617181283538905,3
62,2025-02-28,fund__net_margin_sector_zscore,6.132920026779175,0.0019176103422034296,2
62,2025-02-28,fund__cash_conversion_sector_zscore,42.12844914197922,0.013172509901140338,12
62,2025-02-28,fund__debt_to_assets_sector_zscore,0.0,0.0,0
62,2025-02-28,fund__net_debt_to_assets_sector_zscore,0.0,0.0,0
62,2025-02-28,fund__current_ratio_sector_zscore,13.177780151367188,0.004120361490970845,6
62,2025-02-28,fund__interest_coverage_sector_zscore,0.0,0.0,0
62,2025-02-28,fund__capex_to_assets_sector_zscore,28.842820167541504,0.009018426786927795,8
62,2025-02-28,fund__accruals_sector_zscore,7.032129764556885,0.002198770684331377,3
62,2025-02-28,fund__revenue_growth_yoy_sector_zscore,31.374799966812134,0.009810113394307447,11
62,2025-02-28,fund__net_income_growth_yoy_sector_zscore,19.963571786880493,0.006242108417961448,8
62,2025-02-28,fund__operating_cash_flow_growth_yoy_sector_zscore,39.816971361637115,0.012449768747170771,12
62,2025-02-28,fund__asset_growth_yoy_sector_zscore,32.664660573005676,0.010213420469507725,10
62,2025-02-28,fund__revenue_growth_acceleration_sector_zscore,20.185959935188293,0.006311643616743824,7
62,2025-02-28,fund__net_income_growth_acceleration_sector_zscore,6.176050186157227,0.0019310960617828629,2
62,2025-02-28,fund__operating_cash_flow_growth_acceleration_sector_zscore,19.173669934272766,0.005995125911215519,7
62,2025-02-28,fund__earnings_yield_missing,0.0,0.0,0
62,2025-02-28,fund__sales_yield_missing,0.0,0.0,0
62,2025-02-28,fund__book_to_market_missing,0.0,0.0,0
62,2025-02-28,fund__fcf_yield_missing,0.0,0.0,0
62,2025-02-28,fund__roe_missing,8.63415002822876,0.0026996822586911684,2
62,2025-02-28,fund__roa_missing,0.0,0.0,0
62,2025-02-28,fund__gross_profitability_missing,0.0,0.0,0
62,2025-02-28,fund__gross_margin_missing,0.0,0.0,0
62,2025-02-28,fund__operating_margin_missing,0.0,0.0,0
62,2025-02-28,fund__net_margin_missing,0.0,0.0,0
62,2025-02-28,fund__cash_conversion_missing,9.754929542541504,0.0030501219152644435,1
62,2025-02-28,fund__debt_to_assets_missing,1.7347300052642822,0.0005424065835687074,1
62,2025-02-28,fund__net_debt_to_assets_missing,0.0,0.0,0
62,2025-02-28,fund__current_ratio_missing,0.0,0.0,0
62,2025-02-28,fund__interest_coverage_missing,0.0,0.0,0
62,2025-02-28,fund__capex_to_assets_missing,5.192019939422607,0.0016234144729247268,2
62,2025-02-28,fund__accruals_missing,0.0,0.0,0
62,2025-02-28,fund__revenue_growth_yoy_missing,0.0,0.0,0
62,2025-02-28,fund__net_income_growth_yoy_missing,0.0,0.0,0
62,2025-02-28,fund__operating_cash_flow_growth_yoy_missing,2.489729881286621,0.0007784761172167896,1
62,2025-02-28,fund__asset_growth_yoy_missing,0.0,0.0,0
62,2025-02-28,fund__revenue_growth_acceleration_missing,0.0,0.0,0
62,2025-02-28,fund__net_income_growth_acceleration_missing,0.0,0.0,0
62,2025-02-28,fund__operating_cash_flow_growth_acceleration_missing,0.0,0.0,0
63,2025-03-31,tech__momentum_12_1_sector_neutral,26.550890922546387,0.026978373022325988,3
63,2025-03-31,tech__momentum_6_1_sector_neutral,60.194360971450806,0.061163519102454086,6
63,2025-03-31,tech__return_3m_sector_neutral,1.4212890565395355,0.001444172493184117,2
63,2025-03-31,tech__return_1m_sector_neutral,1.6865700483322144,0.001713724636394425,1
63,2025-03-31,tech__return_1w_sector_neutral,12.444369107484818,0.012644729428802043,4
63,2025-03-31,tech__reversal_1m_sector_neutral,2.775439977645874,0.0028201258946991808,1
63,2025-03-31,tech__volatility_20d_sector_neutral,16.090799570083618,0.016349869173714542,3
63,2025-03-31,tech__volatility_60d_sector_neutral,34.04007005691528,0.03458813153880771,3
63,2025-03-31,tech__downside_volatility_60d_sector_neutral,24.48171067237854,0.024875877976027774,4
63,2025-03-31,tech__beta_60d_market_sector_neutral,2.0322399139404297,0.0020649599529101747,1
63,2025-03-31,tech__max_drawdown_126d_sector_neutral,28.786202013492584,0.029249673695753837,6
63,2025-03-31,tech__distance_sma_50d_sector_neutral,3.9075698852539062,0.003970483637732373,1
63,2025-03-31,tech__distance_sma_200d_sector_neutral,10.761199951171875,0.010934460440422301,1
63,2025-03-31,tech__sma_50_200_spread_sector_neutral,66.17857933044434,0.06724408625204394,7
63,2025-03-31,tech__positive_day_ratio_60d_sector_neutral,2.9701199531555176,0.003017940311345232,1
63,2025-03-31,tech__average_dollar_volume_20d_sector_neutral,217.35026049613953,0.22084970411238491,8
63,2025-03-31,tech__dollar_volume_change_20d_60d_sector_neutral,94.15831983089447,0.09567431401694454,10
63,2025-03-31,tech__amihud_illiquidity_20d_sector_neutral,51.55735868215561,0.052387456926799525,9
63,2025-03-31,tech__zero_volume_ratio_60d_sector_neutral,0.0,0.0,0
63,2025-03-31,fund__earnings_yield_zscore,0.0,0.0,0
63,2025-03-31,fund__sales_yield_zscore,29.708119869232178,0.030186434871890683,5
63,2025-03-31,fund__book_to_market_zscore,52.1840603351593,0.05302424877750479,9
63,2025-03-31,fund__fcf_yield_zscore,9.653459787368774,0.009808885127786939,2
63,2025-03-31,fund__roe_zscore,13.018529891967773,0.013228134477761016,3
63,2025-03-31,fund__roa_zscore,10.190630078315735,0.01035470411849253,4
63,2025-03-31,fund__gross_profitability_zscore,0.0,0.0,0
63,2025-03-31,fund__gross_margin_zscore,1.683519959449768,0.0017106254396156077,1
63,2025-03-31,fund__operating_margin_zscore,6.514589786529541,0.006619477811917176,2
63,2025-03-31,fund__net_margin_zscore,0.0,0.0,0
63,2025-03-31,fund__cash_conversion_zscore,0.0,0.0,0
63,2025-03-31,fund__debt_to_assets_zscore,14.232649803161621,0.014461802302828466,2
63,2025-03-31,fund__net_debt_to_assets_zscore,0.0,0.0,0
63,2025-03-31,fund__current_ratio_zscore,5.5655601024627686,0.005655168293991664,2
63,2025-03-31,fund__interest_coverage_zscore,3.086970090866089,0.0031366717924116165,1
63,2025-03-31,fund__capex_to_assets_zscore,10.036089897155762,0.010197675766169664,2
63,2025-03-31,fund__accruals_zscore,23.903900623321533,0.024288764907581882,3
63,2025-03-31,fund__revenue_growth_yoy_zscore,0.0,0.0,0
63,2025-03-31,fund__net_income_growth_yoy_zscore,0.0,0.0,0
63,2025-03-31,fund__operating_cash_flow_growth_yoy_zscore,4.7131500244140625,0.004789034004160365,1
63,2025-03-31,fund__asset_growth_yoy_zscore,4.012160062789917,0.004076757767375296,2
63,2025-03-31,fund__revenue_growth_acceleration_zscore,0.0,0.0,0
63,2025-03-31,fund__net_income_growth_acceleration_zscore,0.6804540157318115,0.00069140965229772,1
63,2025-03-31,fund__operating_cash_flow_growth_acceleration_zscore,7.825089752674103,0.007951077457124216,2
63,2025-03-31,fund__earnings_yield_sector_zscore,5.79472017288208,0.0058880179516408076,2
63,2025-03-31,fund__sales_yield_sector_zscore,6.3365638256073,0.006438585547494525,2
63,2025-03-31,fund__book_to_market_sector_zscore,13.055959701538086,0.013266166925247928,2
63,2025-03-31,fund__fcf_yield_sector_zscore,0.0,0.0,0
63,2025-03-31,fund__roe_sector_zscore,0.0,0.0,0
63,2025-03-31,fund__roa_sector_zscore,0.0,0.0,0
63,2025-03-31,fund__gross_profitability_sector_zscore,0.0,0.0,0
63,2025-03-31,fund__gross_margin_sector_zscore,6.7759599685668945,0.006885056179456216,1
63,2025-03-31,fund__operating_margin_sector_zscore,3.600369930267334,0.0036583376158814936,1
63,2025-03-31,fund__net_margin_sector_zscore,11.011009931564331,0.011188292481516057,2
63,2025-03-31,fund__cash_conversion_sector_zscore,11.140549898147583,0.011319918103796586,2
63,2025-03-31,fund__debt_to_assets_sector_zscore,0.0,0.0,0
63,2025-03-31,fund__net_debt_to_assets_sector_zscore,0.0,0.0,0
63,2025-03-31,fund__current_ratio_sector_zscore,9.298940181732178,0.009448657586176643,2
63,2025-03-31,fund__interest_coverage_sector_zscore,0.0,0.0,0
63,2025-03-31,fund__capex_to_assets_sector_zscore,8.81270980834961,0.008954598670181455,2
63,2025-03-31,fund__accruals_sector_zscore,7.359829902648926,0.007478326699987405,2
63,2025-03-31,fund__revenue_growth_yoy_sector_zscore,3.464479923248291,0.0035202597144633877,1
63,2025-03-31,fund__net_income_growth_yoy_sector_zscore,8.702569961547852,0.00884268551893136,2
63,2025-03-31,fund__operating_cash_flow_growth_yoy_sector_zscore,11.784940004348755,0.011974683200293927,3
63,2025-03-31,fund__asset_growth_yoy_sector_zscore,0.0,0.0,0
63,2025-03-31,fund__revenue_growth_acceleration_sector_zscore,11.783859729766846,0.01197358553277225,2
63,2025-03-31,fund__net_income_growth_acceleration_sector_zscore,0.0,0.0,0
63,2025-03-31,fund__operating_cash_flow_growth_acceleration_sector_zscore,7.389930009841919,0.0075089114333672935,2
63,2025-03-31,fund__earnings_yield_missing,0.0,0.0,0
63,2025-03-31,fund__sales_yield_missing,0.0,0.0,0
63,2025-03-31,fund__book_to_market_missing,0.0,0.0,0
63,2025-03-31,fund__fcf_yield_missing,0.0,0.0,0
63,2025-03-31,fund__roe_missing,0.0,0.0,0
63,2025-03-31,fund__roa_missing,0.0,0.0,0
63,2025-03-31,fund__gross_profitability_missing,0.0,0.0,0
63,2025-03-31,fund__gross_margin_missing,0.0,0.0,0
63,2025-03-31,fund__operating_margin_missing,0.0,0.0,0
63,2025-03-31,fund__net_margin_missing,0.0,0.0,0
63,2025-03-31,fund__cash_conversion_missing,0.0,0.0,0
63,2025-03-31,fund__debt_to_assets_missing,3.44596004486084,0.0035014416571363363,1
63,2025-03-31,fund__net_debt_to_assets_missing,0.0,0.0,0
63,2025-03-31,fund__current_ratio_missing,0.0,0.0,0
63,2025-03-31,fund__interest_coverage_missing,0.0,0.0,0
63,2025-03-31,fund__capex_to_assets_missing,0.0,0.0,0
63,2025-03-31,fund__accruals_missing,0.0,0.0,0
63,2025-03-31,fund__revenue_growth_yoy_missing,0.0,0.0,0
63,2025-03-31,fund__net_income_growth_yoy_missing,0.0,0.0,0
63,2025-03-31,fund__operating_cash_flow_growth_yoy_missing,0.0,0.0,0
63,2025-03-31,fund__asset_growth_yoy_missing,0.0,0.0,0
63,2025-03-31,fund__revenue_growth_acceleration_missing,0.0,0.0,0
63,2025-03-31,fund__net_income_growth_acceleration_missing,0.0,0.0,0
63,2025-03-31,fund__operating_cash_flow_growth_acceleration_missing,0.0,0.0,0
64,2025-04-30,tech__momentum_12_1_sector_neutral,9.957269668579102,0.01575967025791439,2
64,2025-04-30,tech__momentum_6_1_sector_neutral,10.84060001373291,0.017157743769206594,1
64,2025-04-30,tech__return_3m_sector_neutral,11.603400230407715,0.01836505062013936,1
64,2025-04-30,tech__return_1m_sector_neutral,0.0,0.0,0
64,2025-04-30,tech__return_1w_sector_neutral,0.0,0.0,0
64,2025-04-30,tech__reversal_1m_sector_neutral,0.0,0.0,0
64,2025-04-30,tech__volatility_20d_sector_neutral,0.0,0.0,0
64,2025-04-30,tech__volatility_60d_sector_neutral,130.18140029907227,0.20604201861690682,5
64,2025-04-30,tech__downside_volatility_60d_sector_neutral,0.0,0.0,0
64,2025-04-30,tech__beta_60d_market_sector_neutral,0.0,0.0,0
64,2025-04-30,tech__max_drawdown_126d_sector_neutral,50.88018012046814,0.08052959175065641,4
64,2025-04-30,tech__distance_sma_50d_sector_neutral,5.771190166473389,0.009134236296355876,1
64,2025-04-30,tech__distance_sma_200d_sector_neutral,0.0,0.0,0
64,2025-04-30,tech__sma_50_200_spread_sector_neutral,11.877920150756836,0.01879954155670435,2
64,2025-04-30,tech__positive_day_ratio_60d_sector_neutral,13.658870220184326,0.021618304809501956,2
64,2025-04-30,tech__average_dollar_volume_20d_sector_neutral,182.71489095687866,0.28918835469302895,11
64,2025-04-30,tech__dollar_volume_change_20d_60d_sector_neutral,10.800999641418457,0.01709506706861107,1
64,2025-04-30,tech__amihud_illiquidity_20d_sector_neutral,8.981969833374023,0.014216033867917572,1
64,2025-04-30,tech__zero_volume_ratio_60d_sector_neutral,0.0,0.0,0
64,2025-04-30,fund__earnings_yield_zscore,0.0,0.0,0
64,2025-04-30,fund__sales_yield_zscore,11.436599731445312,0.018101050452422884,1
64,2025-04-30,fund__book_to_market_zscore,26.137529850006104,0.04136865481230574,3
64,2025-04-30,fund__fcf_yield_zscore,3.2612600326538086,0.005161694365085263,1
64,2025-04-30,fund__roe_zscore,3.7836101055145264,0.005988433539726616,1
64,2025-04-30,fund__roa_zscore,5.280360221862793,0.008357384976944217,1
64,2025-04-30,fund__gross_profitability_zscore,0.0,0.0,0
64,2025-04-30,fund__gross_margin_zscore,0.0,0.0,0
64,2025-04-30,fund__operating_margin_zscore,0.0,0.0,0
64,2025-04-30,fund__net_margin_zscore,0.0,0.0,0
64,2025-04-30,fund__cash_conversion_zscore,48.81683921813965,0.07726388003121025,4
64,2025-04-30,fund__debt_to_assets_zscore,0.0,0.0,0
64,2025-04-30,fund__net_debt_to_assets_zscore,0.0,0.0,0
64,2025-04-30,fund__current_ratio_zscore,0.0,0.0,0
64,2025-04-30,fund__interest_coverage_zscore,0.0,0.0,0
64,2025-04-30,fund__capex_to_assets_zscore,0.0,0.0,0
64,2025-04-30,fund__accruals_zscore,0.0,0.0,0
64,2025-04-30,fund__revenue_growth_yoy_zscore,0.0,0.0,0
64,2025-04-30,fund__net_income_growth_yoy_zscore,0.0,0.0,0
64,2025-04-30,fund__operating_cash_flow_growth_yoy_zscore,12.194000244140625,0.019299811029423183,1
64,2025-04-30,fund__asset_growth_yoy_zscore,0.0,0.0,0
64,2025-04-30,fund__revenue_growth_acceleration_zscore,0.0,0.0,0
64,2025-04-30,fund__net_income_growth_acceleration_zscore,6.715290069580078,0.010628491615205099,1
64,2025-04-30,fund__operating_cash_flow_growth_acceleration_zscore,0.0,0.0,0
64,2025-04-30,fund__earnings_yield_sector_zscore,0.0,0.0,0
64,2025-04-30,fund__sales_yield_sector_zscore,0.0,0.0,0
64,2025-04-30,fund__book_to_market_sector_zscore,16.00046992301941,0.02532442510361841,3
64,2025-04-30,fund__fcf_yield_sector_zscore,0.0,0.0,0
64,2025-04-30,fund__roe_sector_zscore,0.0,0.0,0
64,2025-04-30,fund__roa_sector_zscore,7.413660049438477,0.011733822792016065,1
64,2025-04-30,fund__gross_profitability_sector_zscore,0.0,0.0,0
64,2025-04-30,fund__gross_margin_sector_zscore,5.492859840393066,0.00869371451600827,1
64,2025-04-30,fund__operating_margin_sector_zscore,9.528739929199219,0.01508142334755421,2
64,2025-04-30,fund__net_margin_sector_zscore,0.0,0.0,0
64,2025-04-30,fund__cash_conversion_sector_zscore,0.0,0.0,0
64,2025-04-30,fund__debt_to_assets_sector_zscore,0.0,0.0,0
64,2025-04-30,fund__net_debt_to_assets_sector_zscore,0.0,0.0,0
64,2025-04-30,fund__current_ratio_sector_zscore,0.0,0.0,0
64,2025-04-30,fund__interest_coverage_sector_zscore,0.0,0.0,0
64,2025-04-30,fund__capex_to_assets_sector_zscore,8.449830055236816,0.013373800232222654,1
64,2025-04-30,fund__accruals_sector_zscore,0.0,0.0,0
64,2025-04-30,fund__revenue_growth_yoy_sector_zscore,0.0,0.0,0
64,2025-04-30,fund__net_income_growth_yoy_sector_zscore,15.079899787902832,0.023867411056434206,1
64,2025-04-30,fund__operating_cash_flow_growth_yoy_sector_zscore,4.9600300788879395,0.00785038882287956,1
64,2025-04-30,fund__asset_growth_yoy_sector_zscore,0.0,0.0,0
64,2025-04-30,fund__revenue_growth_acceleration_sector_zscore,0.0,0.0,0
64,2025-04-30,fund__net_income_growth_acceleration_sector_zscore,0.0,0.0,0
64,2025-04-30,fund__operating_cash_flow_growth_acceleration_sector_zscore,0.0,0.0,0
64,2025-04-30,fund__earnings_yield_missing,0.0,0.0,0
64,2025-04-30,fund__sales_yield_missing,0.0,0.0,0
64,2025-04-30,fund__book_to_market_missing,0.0,0.0,0
64,2025-04-30,fund__fcf_yield_missing,0.0,0.0,0
64,2025-04-30,fund__roe_missing,0.0,0.0,0
64,2025-04-30,fund__roa_missing,0.0,0.0,0
64,2025-04-30,fund__gross_profitability_missing,0.0,0.0,0
64,2025-04-30,fund__gross_margin_missing,0.0,0.0,0
64,2025-04-30,fund__operating_margin_missing,0.0,0.0,0
64,2025-04-30,fund__net_margin_missing,0.0,0.0,0
64,2025-04-30,fund__cash_conversion_missing,0.0,0.0,0
64,2025-04-30,fund__debt_to_assets_missing,0.0,0.0,0
64,2025-04-30,fund__net_debt_to_assets_missing,0.0,0.0,0
64,2025-04-30,fund__current_ratio_missing,0.0,0.0,0
64,2025-04-30,fund__interest_coverage_missing,0.0,0.0,0
64,2025-04-30,fund__capex_to_assets_missing,0.0,0.0,0
64,2025-04-30,fund__accruals_missing,0.0,0.0,0
64,2025-04-30,fund__revenue_growth_yoy_missing,0.0,0.0,0
64,2025-04-30,fund__net_income_growth_yoy_missing,0.0,0.0,0
64,2025-04-30,fund__operating_cash_flow_growth_yoy_missing,0.0,0.0,0
64,2025-04-30,fund__asset_growth_yoy_missing,0.0,0.0,0
64,2025-04-30,fund__revenue_growth_acceleration_missing,0.0,0.0,0
64,2025-04-30,fund__net_income_growth_acceleration_missing,0.0,0.0,0
64,2025-04-30,fund__operating_cash_flow_growth_acceleration_missing,0.0,0.0,0
65,2025-05-30,tech__momentum_12_1_sector_neutral,20.936410188674927,0.016946275170002714,5
65,2025-05-30,tech__momentum_6_1_sector_neutral,59.51337003707886,0.04817110172440518,5
65,2025-05-30,tech__return_3m_sector_neutral,1.0481300354003906,0.0008483737103817158,1
65,2025-05-30,tech__return_1m_sector_neutral,6.069680213928223,0.004912899115569848,1
65,2025-05-30,tech__return_1w_sector_neutral,21.476929903030396,0.017383780727628532,6
65,2025-05-30,tech__reversal_1m_sector_neutral,8.172950029373169,0.006615320339078878,3
65,2025-05-30,tech__volatility_20d_sector_neutral,4.770299911499023,0.0038611593016757936,1
65,2025-05-30,tech__volatility_60d_sector_neutral,78.50137901306152,0.06354030886821349,5
65,2025-05-30,tech__downside_volatility_60d_sector_neutral,21.258829832077026,0.017207246938709352,3
65,2025-05-30,tech__beta_60d_market_sector_neutral,16.358994781970978,0.013241239762768729,5
65,2025-05-30,tech__max_drawdown_126d_sector_neutral,42.358229875564575,0.034285448781177986,6
65,2025-05-30,tech__distance_sma_50d_sector_neutral,9.599560260772705,0.0077700421525975635,2
65,2025-05-30,tech__distance_sma_200d_sector_neutral,17.382230520248413,0.014069463619120664,3
65,2025-05-30,tech__sma_50_200_spread_sector_neutral,90.94112825393677,0.07360924675116229,10
65,2025-05-30,tech__positive_day_ratio_60d_sector_neutral,10.997889876365662,0.00890187316998088,3
65,2025-05-30,tech__average_dollar_volume_20d_sector_neutral,311.60298109054565,0.25221658411191766,12
65,2025-05-30,tech__dollar_volume_change_20d_60d_sector_neutral,44.39124381542206,0.03593100374207153,9
65,2025-05-30,tech__amihud_illiquidity_20d_sector_neutral,14.864609718322754,0.012031659883968713,3
65,2025-05-30,tech__zero_volume_ratio_60d_sector_neutral,0.0,0.0,0
65,2025-05-30,fund__earnings_yield_zscore,3.7079598903656006,0.0030012837948436033,1
65,2025-05-30,fund__sales_yield_zscore,23.306479930877686,0.01886464864766753,4
65,2025-05-30,fund__book_to_market_zscore,58.84110903739929,0.04762696260103276,10
65,2025-05-30,fund__fcf_yield_zscore,8.324389696121216,0.006737898099126497,3
65,2025-05-30,fund__roe_zscore,4.841024816036224,0.003918405204046769,2
65,2025-05-30,fund__roa_zscore,0.0,0.0,0
65,2025-05-30,fund__gross_profitability_zscore,0.0,0.0,0
65,2025-05-30,fund__gross_margin_zscore,0.0,0.0,0
65,2025-05-30,fund__operating_margin_zscore,0.0,0.0,0
65,2025-05-30,fund__net_margin_zscore,0.0,0.0,0
65,2025-05-30,fund__cash_conversion_zscore,6.561229944229126,0.005310767561705166,2
65,2025-05-30,fund__debt_to_assets_zscore,0.6157320141792297,0.000498383631636405,1
65,2025-05-30,fund__net_debt_to_assets_zscore,3.5861520767211914,0.0029026905446506383,2
65,2025-05-30,fund__current_ratio_zscore,5.5844199657440186,0.004520121479829717,2
65,2025-05-30,fund__interest_coverage_zscore,10.691659927368164,0.008654005606523673,2
65,2025-05-30,fund__capex_to_assets_zscore,34.33634042739868,0.027792399364067563,6
65,2025-05-30,fund__accruals_zscore,67.54792034626007,0.05467439905090987,10
65,2025-05-30,fund__revenue_growth_yoy_zscore,12.299170017242432,0.009955150744399347,2
65,2025-05-30,fund__net_income_growth_yoy_zscore,6.889941990375519,0.005576832504811058,2
65,2025-05-30,fund__operating_cash_flow_growth_yoy_zscore,12.186300039291382,0.009863791925597389,3
65,2025-05-30,fund__asset_growth_yoy_zscore,12.860569953918457,0.010409557097809457,4
65,2025-05-30,fund__revenue_growth_acceleration_zscore,15.556689739227295,0.012591840849483692,3
65,2025-05-30,fund__net_income_growth_acceleration_zscore,0.0,0.0,0
65,2025-05-30,fund__operating_cash_flow_growth_acceleration_zscore,7.925120115280151,0.006414722725556279,2
65,2025-05-30,fund__earnings_yield_sector_zscore,10.036710023880005,0.008123878369473226,2
65,2025-05-30,fund__sales_yield_sector_zscore,6.335341989994049,0.005127930131813425,2
65,2025-05-30,fund__book_to_market_sector_zscore,23.16255021095276,0.018748149562246064,3
65,2025-05-30,fund__fcf_yield_sector_zscore,11.59175992012024,0.00938256136275093,3
65,2025-05-30,fund__roe_sector_zscore,2.675290107727051,0.002165423867633831,1
65,2025-05-30,fund__roa_sector_zscore,0.0,0.0,0
65,2025-05-30,fund__gross_profitability_sector_zscore,0.0,0.0,0
65,2025-05-30,fund__gross_margin_sector_zscore,6.821169853210449,0.005521167204507625,1
65,2025-05-30,fund__operating_margin_sector_zscore,14.45290994644165,0.0116984233090807,3
65,2025-05-30,fund__net_margin_sector_zscore,4.263820171356201,0.0034512062597195138,1
65,2025-05-30,fund__cash_conversion_sector_zscore,8.85573959350586,0.007167981455895252,1
65,2025-05-30,fund__debt_to_assets_sector_zscore,7.68900990486145,0.006223611233177949,3
65,2025-05-30,fund__net_debt_to_assets_sector_zscore,2.939879894256592,0.002379587197894111,1
65,2025-05-30,fund__current_ratio_sector_zscore,1.5767099857330322,0.0012762150263934094,1
65,2025-05-30,fund__interest_coverage_sector_zscore,0.0,0.0,0
65,2025-05-30,fund__capex_to_assets_sector_zscore,20.274410009384155,0.01641044132361959,4
65,2025-05-30,fund__accruals_sector_zscore,0.0,0.0,0
65,2025-05-30,fund__revenue_growth_yoy_sector_zscore,0.0,0.0,0
65,2025-05-30,fund__net_income_growth_yoy_sector_zscore,7.435780048370361,0.006018642817356617,1
65,2025-05-30,fund__operating_cash_flow_growth_yoy_sector_zscore,6.041159987449646,0.004889814374610856,2
65,2025-05-30,fund__asset_growth_yoy_sector_zscore,0.0,0.0,0
65,2025-05-30,fund__revenue_growth_acceleration_sector_zscore,4.744019985198975,0.0038398878965726917,1
65,2025-05-30,fund__net_income_growth_acceleration_sector_zscore,3.567729949951172,0.0028877793718828115,1
65,2025-05-30,fund__operating_cash_flow_growth_acceleration_sector_zscore,13.645919799804688,0.011045232195554072,3
65,2025-05-30,fund__earnings_yield_missing,0.0,0.0,0
65,2025-05-30,fund__sales_yield_missing,0.0,0.0,0
65,2025-05-30,fund__book_to_market_missing,0.0,0.0,0
65,2025-05-30,fund__fcf_yield_missing,0.0,0.0,0
65,2025-05-30,fund__roe_missing,0.0,0.0,0
65,2025-05-30,fund__roa_missing,0.0,0.0,0
65,2025-05-30,fund__gross_profitability_missing,0.0,0.0,0
65,2025-05-30,fund__gross_margin_missing,0.0,0.0,0
65,2025-05-30,fund__operating_margin_missing,0.0,0.0,0
65,2025-05-30,fund__net_margin_missing,0.0,0.0,0
65,2025-05-30,fund__cash_conversion_missing,0.0,0.0,0
65,2025-05-30,fund__debt_to_assets_missing,3.440969944000244,0.0027851777356883898,1
65,2025-05-30,fund__net_debt_to_assets_missing,0.0,0.0,0
65,2025-05-30,fund__current_ratio_missing,0.0,0.0,0
65,2025-05-30,fund__interest_coverage_missing,0.0,0.0,0
65,2025-05-30,fund__capex_to_assets_missing,0.0,0.0,0
65,2025-05-30,fund__accruals_missing,0.0,0.0,0
65,2025-05-30,fund__revenue_growth_yoy_missing,0.0,0.0,0
65,2025-05-30,fund__net_income_growth_yoy_missing,0.0,0.0,0
65,2025-05-30,fund__operating_cash_flow_growth_yoy_missing,0.0,0.0,0
65,2025-05-30,fund__asset_growth_yoy_missing,0.0,0.0,0
65,2025-05-30,fund__revenue_growth_acceleration_missing,0.0,0.0,0
65,2025-05-30,fund__net_income_growth_acceleration_missing,0.0,0.0,0
65,2025-05-30,fund__operating_cash_flow_growth_acceleration_missing,0.0,0.0,0
66,2025-06-30,tech__momentum_12_1_sector_neutral,20.936410188674927,0.016946275170002714,5
66,2025-06-30,tech__momentum_6_1_sector_neutral,59.51337003707886,0.04817110172440518,5
66,2025-06-30,tech__return_3m_sector_neutral,1.0481300354003906,0.0008483737103817158,1
66,2025-06-30,tech__return_1m_sector_neutral,6.069680213928223,0.004912899115569848,1
66,2025-06-30,tech__return_1w_sector_neutral,21.476929903030396,0.017383780727628532,6
66,2025-06-30,tech__reversal_1m_sector_neutral,8.172950029373169,0.006615320339078878,3
66,2025-06-30,tech__volatility_20d_sector_neutral,4.770299911499023,0.0038611593016757936,1
66,2025-06-30,tech__volatility_60d_sector_neutral,78.50137901306152,0.06354030886821349,5
66,2025-06-30,tech__downside_volatility_60d_sector_neutral,21.258829832077026,0.017207246938709352,3
66,2025-06-30,tech__beta_60d_market_sector_neutral,16.358994781970978,0.013241239762768729,5
66,2025-06-30,tech__max_drawdown_126d_sector_neutral,42.358229875564575,0.034285448781177986,6
66,2025-06-30,tech__distance_sma_50d_sector_neutral,9.599560260772705,0.0077700421525975635,2
66,2025-06-30,tech__distance_sma_200d_sector_neutral,17.382230520248413,0.014069463619120664,3
66,2025-06-30,tech__sma_50_200_spread_sector_neutral,90.94112825393677,0.07360924675116229,10
66,2025-06-30,tech__positive_day_ratio_60d_sector_neutral,10.997889876365662,0.00890187316998088,3
66,2025-06-30,tech__average_dollar_volume_20d_sector_neutral,311.60298109054565,0.25221658411191766,12
66,2025-06-30,tech__dollar_volume_change_20d_60d_sector_neutral,44.39124381542206,0.03593100374207153,9
66,2025-06-30,tech__amihud_illiquidity_20d_sector_neutral,14.864609718322754,0.012031659883968713,3
66,2025-06-30,tech__zero_volume_ratio_60d_sector_neutral,0.0,0.0,0
66,2025-06-30,fund__earnings_yield_zscore,3.7079598903656006,0.0030012837948436033,1
66,2025-06-30,fund__sales_yield_zscore,23.306479930877686,0.01886464864766753,4
66,2025-06-30,fund__book_to_market_zscore,58.84110903739929,0.04762696260103276,10
66,2025-06-30,fund__fcf_yield_zscore,8.324389696121216,0.006737898099126497,3
66,2025-06-30,fund__roe_zscore,4.841024816036224,0.003918405204046769,2
66,2025-06-30,fund__roa_zscore,0.0,0.0,0
66,2025-06-30,fund__gross_profitability_zscore,0.0,0.0,0
66,2025-06-30,fund__gross_margin_zscore,0.0,0.0,0
66,2025-06-30,fund__operating_margin_zscore,0.0,0.0,0
66,2025-06-30,fund__net_margin_zscore,0.0,0.0,0
66,2025-06-30,fund__cash_conversion_zscore,6.561229944229126,0.005310767561705166,2
66,2025-06-30,fund__debt_to_assets_zscore,0.6157320141792297,0.000498383631636405,1
66,2025-06-30,fund__net_debt_to_assets_zscore,3.5861520767211914,0.0029026905446506383,2
66,2025-06-30,fund__current_ratio_zscore,5.5844199657440186,0.004520121479829717,2
66,2025-06-30,fund__interest_coverage_zscore,10.691659927368164,0.008654005606523673,2
66,2025-06-30,fund__capex_to_assets_zscore,34.33634042739868,0.027792399364067563,6
66,2025-06-30,fund__accruals_zscore,67.54792034626007,0.05467439905090987,10
66,2025-06-30,fund__revenue_growth_yoy_zscore,12.299170017242432,0.009955150744399347,2
66,2025-06-30,fund__net_income_growth_yoy_zscore,6.889941990375519,0.005576832504811058,2
66,2025-06-30,fund__operating_cash_flow_growth_yoy_zscore,12.186300039291382,0.009863791925597389,3
66,2025-06-30,fund__asset_growth_yoy_zscore,12.860569953918457,0.010409557097809457,4
66,2025-06-30,fund__revenue_growth_acceleration_zscore,15.556689739227295,0.012591840849483692,3
66,2025-06-30,fund__net_income_growth_acceleration_zscore,0.0,0.0,0
66,2025-06-30,fund__operating_cash_flow_growth_acceleration_zscore,7.925120115280151,0.006414722725556279,2
66,2025-06-30,fund__earnings_yield_sector_zscore,10.036710023880005,0.008123878369473226,2
66,2025-06-30,fund__sales_yield_sector_zscore,6.335341989994049,0.005127930131813425,2
66,2025-06-30,fund__book_to_market_sector_zscore,23.16255021095276,0.018748149562246064,3
66,2025-06-30,fund__fcf_yield_sector_zscore,11.59175992012024,0.00938256136275093,3
66,2025-06-30,fund__roe_sector_zscore,2.675290107727051,0.002165423867633831,1
66,2025-06-30,fund__roa_sector_zscore,0.0,0.0,0
66,2025-06-30,fund__gross_profitability_sector_zscore,0.0,0.0,0
66,2025-06-30,fund__gross_margin_sector_zscore,6.821169853210449,0.005521167204507625,1
66,2025-06-30,fund__operating_margin_sector_zscore,14.45290994644165,0.0116984233090807,3
66,2025-06-30,fund__net_margin_sector_zscore,4.263820171356201,0.0034512062597195138,1
66,2025-06-30,fund__cash_conversion_sector_zscore,8.85573959350586,0.007167981455895252,1
66,2025-06-30,fund__debt_to_assets_sector_zscore,7.68900990486145,0.006223611233177949,3
66,2025-06-30,fund__net_debt_to_assets_sector_zscore,2.939879894256592,0.002379587197894111,1
66,2025-06-30,fund__current_ratio_sector_zscore,1.5767099857330322,0.0012762150263934094,1
66,2025-06-30,fund__interest_coverage_sector_zscore,0.0,0.0,0
66,2025-06-30,fund__capex_to_assets_sector_zscore,20.274410009384155,0.01641044132361959,4
66,2025-06-30,fund__accruals_sector_zscore,0.0,0.0,0
66,2025-06-30,fund__revenue_growth_yoy_sector_zscore,0.0,0.0,0
66,2025-06-30,fund__net_income_growth_yoy_sector_zscore,7.435780048370361,0.006018642817356617,1
66,2025-06-30,fund__operating_cash_flow_growth_yoy_sector_zscore,6.041159987449646,0.004889814374610856,2
66,2025-06-30,fund__asset_growth_yoy_sector_zscore,0.0,0.0,0
66,2025-06-30,fund__revenue_growth_acceleration_sector_zscore,4.744019985198975,0.0038398878965726917,1
66,2025-06-30,fund__net_income_growth_acceleration_sector_zscore,3.567729949951172,0.0028877793718828115,1
66,2025-06-30,fund__operating_cash_flow_growth_acceleration_sector_zscore,13.645919799804688,0.011045232195554072,3
66,2025-06-30,fund__earnings_yield_missing,0.0,0.0,0
66,2025-06-30,fund__sales_yield_missing,0.0,0.0,0
66,2025-06-30,fund__book_to_market_missing,0.0,0.0,0
66,2025-06-30,fund__fcf_yield_missing,0.0,0.0,0
66,2025-06-30,fund__roe_missing,0.0,0.0,0
66,2025-06-30,fund__roa_missing,0.0,0.0,0
66,2025-06-30,fund__gross_profitability_missing,0.0,0.0,0
66,2025-06-30,fund__gross_margin_missing,0.0,0.0,0
66,2025-06-30,fund__operating_margin_missing,0.0,0.0,0
66,2025-06-30,fund__net_margin_missing,0.0,0.0,0
66,2025-06-30,fund__cash_conversion_missing,0.0,0.0,0
66,2025-06-30,fund__debt_to_assets_missing,3.440969944000244,0.0027851777356883898,1
66,2025-06-30,fund__net_debt_to_assets_missing,0.0,0.0,0
66,2025-06-30,fund__current_ratio_missing,0.0,0.0,0
66,2025-06-30,fund__interest_coverage_missing,0.0,0.0,0
66,2025-06-30,fund__capex_to_assets_missing,0.0,0.0,0
66,2025-06-30,fund__accruals_missing,0.0,0.0,0
66,2025-06-30,fund__revenue_growth_yoy_missing,0.0,0.0,0
66,2025-06-30,fund__net_income_growth_yoy_missing,0.0,0.0,0
66,2025-06-30,fund__operating_cash_flow_growth_yoy_missing,0.0,0.0,0
66,2025-06-30,fund__asset_growth_yoy_missing,0.0,0.0,0
66,2025-06-30,fund__revenue_growth_acceleration_missing,0.0,0.0,0
66,2025-06-30,fund__net_income_growth_acceleration_missing,0.0,0.0,0
66,2025-06-30,fund__operating_cash_flow_growth_acceleration_missing,0.0,0.0,0
67,2025-07-31,tech__momentum_12_1_sector_neutral,6.5700801610946655,0.02608554919899757,3
67,2025-07-31,tech__momentum_6_1_sector_neutral,0.0,0.0,0
67,2025-07-31,tech__return_3m_sector_neutral,0.0,0.0,0
67,2025-07-31,tech__return_1m_sector_neutral,0.0,0.0,0
67,2025-07-31,tech__return_1w_sector_neutral,1.4065799713134766,0.005584621518211277,1
67,2025-07-31,tech__reversal_1m_sector_neutral,0.0,0.0,0
67,2025-07-31,tech__volatility_20d_sector_neutral,0.0,0.0,0
67,2025-07-31,tech__volatility_60d_sector_neutral,22.188800811767578,0.08809741145466986,1
67,2025-07-31,tech__downside_volatility_60d_sector_neutral,5.474210023880005,0.02173455595704261,2
67,2025-07-31,tech__beta_60d_market_sector_neutral,7.366189956665039,0.029246387534445646,1
67,2025-07-31,tech__max_drawdown_126d_sector_neutral,20.667299270629883,0.0820565105319199,1
67,2025-07-31,tech__distance_sma_50d_sector_neutral,0.0,0.0,0
67,2025-07-31,tech__distance_sma_200d_sector_neutral,0.0,0.0,0
67,2025-07-31,tech__sma_50_200_spread_sector_neutral,4.793960094451904,0.019033722395408435,1
67,2025-07-31,tech__positive_day_ratio_60d_sector_neutral,0.0,0.0,0
67,2025-07-31,tech__average_dollar_volume_20d_sector_neutral,80.31295490264893,0.31887092471652045,6
67,2025-07-31,tech__dollar_volume_change_20d_60d_sector_neutral,6.375539779663086,0.02531315486489561,1
67,2025-07-31,tech__amihud_illiquidity_20d_sector_neutral,2.282680034637451,0.009063049595909908,1
67,2025-07-31,tech__zero_volume_ratio_60d_sector_neutral,0.0,0.0,0
67,2025-07-31,fund__earnings_yield_zscore,0.0,0.0,0
67,2025-07-31,fund__sales_yield_zscore,2.0323801040649414,0.008069270069121452,1
67,2025-07-31,fund__book_to_market_zscore,11.398979663848877,0.0452579934413099,2
67,2025-07-31,fund__fcf_yield_zscore,0.0,0.0,0
67,2025-07-31,fund__roe_zscore,0.0,0.0,0
67,2025-07-31,fund__roa_zscore,7.983080148696899,0.031695660459594405,3
67,2025-07-31,fund__gross_profitability_zscore,0.0,0.0,0
67,2025-07-31,fund__gross_margin_zscore,0.15318700671195984,0.0006082067649485446,1
67,2025-07-31,fund__operating_margin_zscore,3.404910087585449,0.013518701055403091,1
67,2025-07-31,fund__net_margin_zscore,0.0,0.0,0
67,2025-07-31,fund__cash_conversion_zscore,15.74212247133255,0.06250181126468507,3
67,2025-07-31,fund__debt_to_assets_zscore,0.0,0.0,0
67,2025-07-31,fund__net_debt_to_assets_zscore,0.0,0.0,0
67,2025-07-31,fund__current_ratio_zscore,0.0,0.0,0
67,2025-07-31,fund__interest_coverage_zscore,0.0,0.0,0
67,2025-07-31,fund__capex_to_assets_zscore,26.99467945098877,0.10717845470132159,3
67,2025-07-31,fund__accruals_zscore,3.226219892501831,0.012809237584495368,1
67,2025-07-31,fund__revenue_growth_yoy_zscore,2.302839994430542,0.009143091788720059,1
67,2025-07-31,fund__net_income_growth_yoy_zscore,0.0,0.0,0
67,2025-07-31,fund__operating_cash_flow_growth_yoy_zscore,0.0,0.0,0
67,2025-07-31,fund__asset_growth_yoy_zscore,6.208899974822998,0.024651535718540597,1
67,2025-07-31,fund__revenue_growth_acceleration_zscore,0.0,0.0,0
67,2025-07-31,fund__net_income_growth_acceleration_zscore,0.0,0.0,0
67,2025-07-31,fund__operating_cash_flow_growth_acceleration_zscore,0.0,0.0,0
67,2025-07-31,fund__earnings_yield_sector_zscore,0.0,0.0,0
67,2025-07-31,fund__sales_yield_sector_zscore,0.0,0.0,0
67,2025-07-31,fund__book_to_market_sector_zscore,0.0,0.0,0
67,2025-07-31,fund__fcf_yield_sector_zscore,0.0,0.0,0
67,2025-07-31,fund__roe_sector_zscore,0.0,0.0,0
67,2025-07-31,fund__roa_sector_zscore,0.8860160112380981,0.003517797908937565,1
67,2025-07-31,fund__gross_profitability_sector_zscore,0.0,0.0,0
67,2025-07-31,fund__gross_margin_sector_zscore,0.0,0.0,0
67,2025-07-31,fund__operating_margin_sector_zscore,0.0,0.0,0
67,2025-07-31,fund__net_margin_sector_zscore,0.0,0.0,0
67,2025-07-31,fund__cash_conversion_sector_zscore,0.0,0.0,0
67,2025-07-31,fund__debt_to_assets_sector_zscore,0.0,0.0,0
67,2025-07-31,fund__net_debt_to_assets_sector_zscore,0.0,0.0,0
67,2025-07-31,fund__current_ratio_sector_zscore,0.0,0.0,0
67,2025-07-31,fund__interest_coverage_sector_zscore,0.0,0.0,0
67,2025-07-31,fund__capex_to_assets_sector_zscore,2.173840045928955,0.00863091622604844,1
67,2025-07-31,fund__accruals_sector_zscore,0.0,0.0,0
67,2025-07-31,fund__revenue_growth_yoy_sector_zscore,0.0,0.0,0
67,2025-07-31,fund__net_income_growth_yoy_sector_zscore,0.0,0.0,0
67,2025-07-31,fund__operating_cash_flow_growth_yoy_sector_zscore,0.0,0.0,0
67,2025-07-31,fund__asset_growth_yoy_sector_zscore,0.0,0.0,0
67,2025-07-31,fund__revenue_growth_acceleration_sector_zscore,0.0,0.0,0
67,2025-07-31,fund__net_income_growth_acceleration_sector_zscore,8.630260467529297,0.03426519593459425,1
67,2025-07-31,fund__operating_cash_flow_growth_acceleration_sector_zscore,0.0,0.0,0
67,2025-07-31,fund__earnings_yield_missing,0.0,0.0,0
67,2025-07-31,fund__sales_yield_missing,0.0,0.0,0
67,2025-07-31,fund__book_to_market_missing,0.0,0.0,0
67,2025-07-31,fund__fcf_yield_missing,3.290950059890747,0.013066239314258371,1
67,2025-07-31,fund__roe_missing,0.0,0.0,0
67,2025-07-31,fund__roa_missing,0.0,0.0,0
67,2025-07-31,fund__gross_profitability_missing,0.0,0.0,0
67,2025-07-31,fund__gross_margin_missing,0.0,0.0,0
67,2025-07-31,fund__operating_margin_missing,0.0,0.0,0
67,2025-07-31,fund__net_margin_missing,0.0,0.0,0
67,2025-07-31,fund__cash_conversion_missing,0.0,0.0,0
67,2025-07-31,fund__debt_to_assets_missing,0.0,0.0,0
67,2025-07-31,fund__net_debt_to_assets_missing,0.0,0.0,0
67,2025-07-31,fund__current_ratio_missing,0.0,0.0,0
67,2025-07-31,fund__interest_coverage_missing,0.0,0.0,0
67,2025-07-31,fund__capex_to_assets_missing,0.0,0.0,0
67,2025-07-31,fund__accruals_missing,0.0,0.0,0
67,2025-07-31,fund__revenue_growth_yoy_missing,0.0,0.0,0
67,2025-07-31,fund__net_income_growth_yoy_missing,0.0,0.0,0
67,2025-07-31,fund__operating_cash_flow_growth_yoy_missing,0.0,0.0,0
67,2025-07-31,fund__asset_growth_yoy_missing,0.0,0.0,0
67,2025-07-31,fund__revenue_growth_acceleration_missing,0.0,0.0,0
67,2025-07-31,fund__net_income_growth_acceleration_missing,0.0,0.0,0
67,2025-07-31,fund__operating_cash_flow_growth_acceleration_missing,0.0,0.0,0
68,2025-08-29,tech__momentum_12_1_sector_neutral,46.75038146972656,0.011952777214080968,16
68,2025-08-29,tech__momentum_6_1_sector_neutral,188.1433093547821,0.04810303125534644,48
68,2025-08-29,tech__return_3m_sector_neutral,115.30204492807388,0.029479538177579756,35
68,2025-08-29,tech__return_1m_sector_neutral,37.16268250346184,0.00950146823783986,12
68,2025-08-29,tech__return_1w_sector_neutral,59.82106840610504,0.015294589710021745,25
68,2025-08-29,tech__reversal_1m_sector_neutral,23.357687652111053,0.005971913553744234,10
68,2025-08-29,tech__volatility_20d_sector_neutral,24.648459553718567,0.00630192816515657,9
68,2025-08-29,tech__volatility_60d_sector_neutral,452.0403584241867,0.11557419482269765,38
68,2025-08-29,tech__downside_volatility_60d_sector_neutral,46.39367687702179,0.01186157773305426,18
68,2025-08-29,tech__beta_60d_market_sector_neutral,97.25843977928162,0.02486628828095555,32
68,2025-08-29,tech__max_drawdown_126d_sector_neutral,139.12221938371658,0.03556969679271768,32
68,2025-08-29,tech__distance_sma_50d_sector_neutral,49.26129299402237,0.01259474772021707,20
68,2025-08-29,tech__distance_sma_200d_sector_neutral,44.544089049100876,0.011388689372574666,14
68,2025-08-29,tech__sma_50_200_spread_sector_neutral,170.494659781456,0.04359076055620885,39
68,2025-08-29,tech__positive_day_ratio_60d_sector_neutral,59.422720074653625,0.015192743078833872,19
68,2025-08-29,tech__average_dollar_volume_20d_sector_neutral,472.2779865860939,0.12074839561328005,51
68,2025-08-29,tech__dollar_volume_change_20d_60d_sector_neutral,81.34559890627861,0.02079781577188537,25
68,2025-08-29,tech__amihud_illiquidity_20d_sector_neutral,281.10528978705406,0.0718708339246409,54
68,2025-08-29,tech__zero_volume_ratio_60d_sector_neutral,0.0,0.0,0
68,2025-08-29,fund__earnings_yield_zscore,17.59280002117157,0.004497991516093026,7
68,2025-08-29,fund__sales_yield_zscore,99.25060534477234,0.0253756298184849,29
68,2025-08-29,fund__book_to_market_zscore,78.07239007949829,0.019960946966718435,23
68,2025-08-29,fund__fcf_yield_zscore,10.316764056682587,0.0026377107194219948,6
68,2025-08-29,fund__roe_zscore,35.33880126476288,0.009035152339963654,13
68,2025-08-29,fund__roa_zscore,24.060228124260902,0.006151533686960049,9
68,2025-08-29,fund__gross_profitability_zscore,8.784279942512512,0.0022458969924547684,3
68,2025-08-29,fund__gross_margin_zscore,1.7487679570913315,0.0004471115129567829,2
68,2025-08-29,fund__operating_margin_zscore,19.042952299118042,0.00486875527373232,8
68,2025-08-29,fund__net_margin_zscore,12.331546813249588,0.003152834846047825,7
68,2025-08-29,fund__cash_conversion_zscore,99.53648942708969,0.025448722457252014,35
68,2025-08-29,fund__debt_to_assets_zscore,23.164763011038303,0.005922588068446486,9
68,2025-08-29,fund__net_debt_to_assets_zscore,26.67058664560318,0.006818930034831272,8
68,2025-08-29,fund__current_ratio_zscore,42.301990270614624,0.010815446837461594,14
68,2025-08-29,fund__interest_coverage_zscore,4.24780011177063,0.0010860447934274264,2
68,2025-08-29,fund__capex_to_assets_zscore,43.45530068874359,0.011110316356237623,11
68,2025-08-29,fund__accruals_zscore,60.996660232543945,0.01559515596754454,19
68,2025-08-29,fund__revenue_growth_yoy_zscore,13.106095165014267,0.003350865398935867,7
68,2025-08-29,fund__net_income_growth_yoy_zscore,28.645399808883667,0.007323835043904009,9
68,2025-08-29,fund__operating_cash_flow_growth_yoy_zscore,33.315330028533936,0.008517806809822741,11
68,2025-08-29,fund__asset_growth_yoy_zscore,18.900219917297363,0.004832262558432392,9
68,2025-08-29,fund__revenue_growth_acceleration_zscore,7.732209920883179,0.001976911837963743,5
68,2025-08-29,fund__net_income_growth_acceleration_zscore,17.109780430793762,0.004374496790011247,7
68,2025-08-29,fund__operating_cash_flow_growth_acceleration_zscore,33.94359993934631,0.008678438018342692,13
68,2025-08-29,fund__earnings_yield_sector_zscore,51.09608042240143,0.013063852028613201,12
68,2025-08-29,fund__sales_yield_sector_zscore,23.492980003356934,0.006006504059369485,7
68,2025-08-29,fund__book_to_market_sector_zscore,55.977060198783875,0.01431178331857098,11
68,2025-08-29,fund__fcf_yield_sector_zscore,189.90672078728676,0.048553886699234966,32
68,2025-08-29,fund__roe_sector_zscore,10.91778016090393,0.0027913738847265284,5
68,2025-08-29,fund__roa_sector_zscore,23.354879796504974,0.005971195662863911,7
68,2025-08-29,fund__gross_profitability_sector_zscore,6.505970001220703,0.001663396266326551,1
68,2025-08-29,fund__gross_margin_sector_zscore,13.148109674453735,0.0033616073448901277,3
68,2025-08-29,fund__operating_margin_sector_zscore,34.761109828948975,0.008887452646106877,10
68,2025-08-29,fund__net_margin_sector_zscore,12.135649919509888,0.0031027494380962903,5
68,2025-08-29,fund__cash_conversion_sector_zscore,38.231249928474426,0.009774671321277167,12
68,2025-08-29,fund__debt_to_assets_sector_zscore,10.009030103683472,0.002559031674122893,4
68,2025-08-29,fund__net_debt_to_assets_sector_zscore,28.76082992553711,0.0073533473264732405,6
68,2025-08-29,fund__current_ratio_sector_zscore,8.873800039291382,0.002268784800839256,3
68,2025-08-29,fund__interest_coverage_sector_zscore,8.49303114414215,0.002171432744434803,4
68,2025-08-29,fund__capex_to_assets_sector_zscore,14.94137990474701,0.003820096856065972,5
68,2025-08-29,fund__accruals_sector_zscore,36.18687117099762,0.009251980317244534,14
68,2025-08-29,fund__revenue_growth_yoy_sector_zscore,18.6906498670578,0.00477868130321035,8
68,2025-08-29,fund__net_income_growth_yoy_sector_zscore,26.37747013568878,0.006743988264718776,9
68,2025-08-29,fund__operating_cash_flow_growth_yoy_sector_zscore,28.082067981362343,0.007179806704021398,10
68,2025-08-29,fund__asset_growth_yoy_sector_zscore,25.445410788059235,0.00650568651439548,8
68,2025-08-29,fund__revenue_growth_acceleration_sector_zscore,20.431860089302063,0.005223860512771307,7
68,2025-08-29,fund__net_income_growth_acceleration_sector_zscore,15.357769966125488,0.003926556257708231,4
68,2025-08-29,fund__operating_cash_flow_growth_acceleration_sector_zscore,51.356006145477295,0.0131303078341588,18
68,2025-08-29,fund__earnings_yield_missing,0.0,0.0,0
68,2025-08-29,fund__sales_yield_missing,0.0,0.0,0
68,2025-08-29,fund__book_to_market_missing,0.0,0.0,0
68,2025-08-29,fund__fcf_yield_missing,0.0,0.0,0
68,2025-08-29,fund__roe_missing,0.0,0.0,0
68,2025-08-29,fund__roa_missing,0.0,0.0,0
68,2025-08-29,fund__gross_profitability_missing,0.0,0.0,0
68,2025-08-29,fund__gross_margin_missing,0.0,0.0,0
68,2025-08-29,fund__operating_margin_missing,0.0,0.0,0
68,2025-08-29,fund__net_margin_missing,0.0,0.0,0
68,2025-08-29,fund__cash_conversion_missing,0.0,0.0,0
68,2025-08-29,fund__debt_to_assets_missing,0.0,0.0,0
68,2025-08-29,fund__net_debt_to_assets_missing,0.0,0.0,0
68,2025-08-29,fund__current_ratio_missing,0.0,0.0,0
68,2025-08-29,fund__interest_coverage_missing,0.0,0.0,0
68,2025-08-29,fund__capex_to_assets_missing,3.974910020828247,0.0010162743582262338,1
68,2025-08-29,fund__accruals_missing,0.0,0.0,0
68,2025-08-29,fund__revenue_growth_yoy_missing,0.5557010173797607,0.00014207735315870278,1
68,2025-08-29,fund__net_income_growth_yoy_missing,0.0,0.0,0
68,2025-08-29,fund__operating_cash_flow_growth_yoy_missing,3.425860047340393,0.0008758974927080974,2
68,2025-08-29,fund__asset_growth_yoy_missing,0.0,0.0,0
68,2025-08-29,fund__revenue_growth_acceleration_missing,0.0,0.0,0
68,2025-08-29,fund__net_income_growth_acceleration_missing,0.0,0.0,0
68,2025-08-29,fund__operating_cash_flow_growth_acceleration_missing,2.6492600440979004,0.0006773423893829402,1
69,2025-09-30,tech__momentum_12_1_sector_neutral,16.197200775146484,0.024540874833027432,1
69,2025-09-30,tech__momentum_6_1_sector_neutral,89.11512875556946,0.1350210601745026,6
69,2025-09-30,tech__return_3m_sector_neutral,5.781189918518066,0.008759257858556045,1
69,2025-09-30,tech__return_1m_sector_neutral,0.0,0.0,0
69,2025-09-30,tech__return_1w_sector_neutral,0.0,0.0,0
69,2025-09-30,tech__reversal_1m_sector_neutral,0.0,0.0,0
69,2025-09-30,tech__volatility_20d_sector_neutral,0.0,0.0,0
69,2025-09-30,tech__volatility_60d_sector_neutral,99.6598014831543,0.1509976166891302,4
69,2025-09-30,tech__downside_volatility_60d_sector_neutral,4.111080169677734,0.006228823441357263,1
69,2025-09-30,tech__beta_60d_market_sector_neutral,0.0,0.0,0
69,2025-09-30,tech__max_drawdown_126d_sector_neutral,8.048140048980713,0.012193983412477932,2
69,2025-09-30,tech__distance_sma_50d_sector_neutral,0.0,0.0,0
69,2025-09-30,tech__distance_sma_200d_sector_neutral,0.0,0.0,0
69,2025-09-30,tech__sma_50_200_spread_sector_neutral,43.98844003677368,0.06664823237228981,4
69,2025-09-30,tech__positive_day_ratio_60d_sector_neutral,0.0,0.0,0
69,2025-09-30,tech__average_dollar_volume_20d_sector_neutral,186.50050163269043,0.28257262044239195,9
69,2025-09-30,tech__dollar_volume_change_20d_60d_sector_neutral,8.055580139160156,0.012205256120915326,1
69,2025-09-30,tech__amihud_illiquidity_20d_sector_neutral,0.0,0.0,0
69,2025-09-30,tech__zero_volume_ratio_60d_sector_neutral,0.0,0.0,0
69,2025-09-30,fund__earnings_yield_zscore,0.0,0.0,0
69,2025-09-30,fund__sales_yield_zscore,65.32158041000366,0.09897072654660224,7
69,2025-09-30,fund__book_to_market_zscore,32.80928039550781,0.049710345307525904,3
69,2025-09-30,fund__fcf_yield_zscore,0.0,0.0,0
69,2025-09-30,fund__roe_zscore,7.215459823608398,0.010932364107359809,1
69,2025-09-30,fund__roa_zscore,0.0,0.0,0
69,2025-09-30,fund__gross_profitability_zscore,0.0,0.0,0
69,2025-09-30,fund__gross_margin_zscore,0.0,0.0,0
69,2025-09-30,fund__operating_margin_zscore,0.0,0.0,0
69,2025-09-30,fund__net_margin_zscore,0.0,0.0,0
69,2025-09-30,fund__cash_conversion_zscore,0.0,0.0,0
69,2025-09-30,fund__debt_to_assets_zscore,11.088969707489014,0.01680123753459243,2
69,2025-09-30,fund__net_debt_to_assets_zscore,0.0,0.0,0
69,2025-09-30,fund__current_ratio_zscore,0.0,0.0,0
69,2025-09-30,fund__interest_coverage_zscore,5.58381986618042,0.008460216449028142,1
69,2025-09-30,fund__capex_to_assets_zscore,0.0,0.0,0
69,2025-09-30,fund__accruals_zscore,0.0,0.0,0
69,2025-09-30,fund__revenue_growth_yoy_zscore,0.0,0.0,0
69,2025-09-30,fund__net_income_growth_yoy_zscore,0.0,0.0,0
69,2025-09-30,fund__operating_cash_flow_growth_yoy_zscore,0.0,0.0,0
69,2025-09-30,fund__asset_growth_yoy_zscore,0.0,0.0,0
69,2025-09-30,fund__revenue_growth_acceleration_zscore,14.993640184402466,0.02271732333042859,2
69,2025-09-30,fund__net_income_growth_acceleration_zscore,0.0,0.0,0
69,2025-09-30,fund__operating_cash_flow_growth_acceleration_zscore,0.0,0.0,0
69,2025-09-30,fund__earnings_yield_sector_zscore,13.969929695129395,0.02116626822335991,2
69,2025-09-30,fund__sales_yield_sector_zscore,7.542399883270264,0.01142772100226079,1
69,2025-09-30,fund__book_to_market_sector_zscore,11.660099983215332,0.01766657450266031,1
69,2025-09-30,fund__fcf_yield_sector_zscore,9.274240016937256,0.014051685015619809,2
69,2025-09-30,fund__roe_sector_zscore,0.0,0.0,0
69,2025-09-30,fund__roa_sector_zscore,8.822369575500488,0.013367042274075211,1
69,2025-09-30,fund__gross_profitability_sector_zscore,0.0,0.0,0
69,2025-09-30,fund__gross_margin_sector_zscore,3.908950090408325,0.0059225699692788064,1
69,2025-09-30,fund__operating_margin_sector_zscore,0.0,0.0,0
69,2025-09-30,fund__net_margin_sector_zscore,0.0,0.0,0
69,2025-09-30,fund__cash_conversion_sector_zscore,0.0,0.0,0
69,2025-09-30,fund__debt_to_assets_sector_zscore,0.0,0.0,0
69,2025-09-30,fund__net_debt_to_assets_sector_zscore,0.0,0.0,0
69,2025-09-30,fund__current_ratio_sector_zscore,0.0,0.0,0
69,2025-09-30,fund__interest_coverage_sector_zscore,0.0,0.0,0
69,2025-09-30,fund__capex_to_assets_sector_zscore,0.0,0.0,0
69,2025-09-30,fund__accruals_sector_zscore,0.0,0.0,0
69,2025-09-30,fund__revenue_growth_yoy_sector_zscore,0.0,0.0,0
69,2025-09-30,fund__net_income_growth_yoy_sector_zscore,0.0,0.0,0
69,2025-09-30,fund__operating_cash_flow_growth_yoy_sector_zscore,0.0,0.0,0
69,2025-09-30,fund__asset_growth_yoy_sector_zscore,0.0,0.0,0
69,2025-09-30,fund__revenue_growth_acceleration_sector_zscore,6.361299991607666,0.00963820039255952,1
69,2025-09-30,fund__net_income_growth_acceleration_sector_zscore,0.0,0.0,0
69,2025-09-30,fund__operating_cash_flow_growth_acceleration_sector_zscore,0.0,0.0,0
69,2025-09-30,fund__earnings_yield_missing,0.0,0.0,0
69,2025-09-30,fund__sales_yield_missing,0.0,0.0,0
69,2025-09-30,fund__book_to_market_missing,0.0,0.0,0
69,2025-09-30,fund__fcf_yield_missing,0.0,0.0,0
69,2025-09-30,fund__roe_missing,0.0,0.0,0
69,2025-09-30,fund__roa_missing,0.0,0.0,0
69,2025-09-30,fund__gross_profitability_missing,0.0,0.0,0
69,2025-09-30,fund__gross_margin_missing,0.0,0.0,0
69,2025-09-30,fund__operating_margin_missing,0.0,0.0,0
69,2025-09-30,fund__net_margin_missing,0.0,0.0,0
69,2025-09-30,fund__cash_conversion_missing,0.0,0.0,0
69,2025-09-30,fund__debt_to_assets_missing,0.0,0.0,0
69,2025-09-30,fund__net_debt_to_assets_missing,0.0,0.0,0
69,2025-09-30,fund__current_ratio_missing,0.0,0.0,0
69,2025-09-30,fund__interest_coverage_missing,0.0,0.0,0
69,2025-09-30,fund__capex_to_assets_missing,0.0,0.0,0
69,2025-09-30,fund__accruals_missing,0.0,0.0,0
69,2025-09-30,fund__revenue_growth_yoy_missing,0.0,0.0,0
69,2025-09-30,fund__net_income_growth_yoy_missing,0.0,0.0,0
69,2025-09-30,fund__operating_cash_flow_growth_yoy_missing,0.0,0.0,0
69,2025-09-30,fund__asset_growth_yoy_missing,0.0,0.0,0
69,2025-09-30,fund__revenue_growth_acceleration_missing,0.0,0.0,0
69,2025-09-30,fund__net_income_growth_acceleration_missing,0.0,0.0,0
69,2025-09-30,fund__operating_cash_flow_growth_acceleration_missing,0.0,0.0,0
70,2025-10-31,tech__momentum_12_1_sector_neutral,16.04591989517212,0.01752633876337585,2
70,2025-10-31,tech__momentum_6_1_sector_neutral,24.64767074584961,0.026921699101207883,3
70,2025-10-31,tech__return_3m_sector_neutral,0.0,0.0,0
70,2025-10-31,tech__return_1m_sector_neutral,3.1330299377441406,0.0034220876337057865,1
70,2025-10-31,tech__return_1w_sector_neutral,0.0,0.0,0
70,2025-10-31,tech__reversal_1m_sector_neutral,0.0,0.0,0
70,2025-10-31,tech__volatility_20d_sector_neutral,0.0,0.0,0
70,2025-10-31,tech__volatility_60d_sector_neutral,44.427239418029785,0.04852615826633121,3
70,2025-10-31,tech__downside_volatility_60d_sector_neutral,9.131500244140625,0.009973985146517594,1
70,2025-10-31,tech__beta_60d_market_sector_neutral,3.918829917907715,0.004280386612048847,1
70,2025-10-31,tech__max_drawdown_126d_sector_neutral,25.47681999206543,0.027827346809130727,3
70,2025-10-31,tech__distance_sma_50d_sector_neutral,17.353890419006348,0.018954984465397968,3
70,2025-10-31,tech__distance_sma_200d_sector_neutral,4.596610069274902,0.0050206997020778975,1
70,2025-10-31,tech__sma_50_200_spread_sector_neutral,44.99164009094238,0.04914263132966239,6
70,2025-10-31,tech__positive_day_ratio_60d_sector_neutral,7.290619850158691,0.007963262569154379,1
70,2025-10-31,tech__average_dollar_volume_20d_sector_neutral,234.2007577419281,0.25580844511503287,9
70,2025-10-31,tech__dollar_volume_change_20d_60d_sector_neutral,2.0685300827026367,0.0022593755427252425,1
70,2025-10-31,tech__amihud_illiquidity_20d_sector_neutral,143.92623019218445,0.15720506420095023,9
70,2025-10-31,tech__zero_volume_ratio_60d_sector_neutral,0.0,0.0,0
70,2025-10-31,fund__earnings_yield_zscore,12.519309520721436,0.013674358414922575,2
70,2025-10-31,fund__sales_yield_zscore,27.26488995552063,0.029780386592257277,3
70,2025-10-31,fund__book_to_market_zscore,57.55784058570862,0.06286820694505853,9
70,2025-10-31,fund__fcf_yield_zscore,0.0,0.0,0
70,2025-10-31,fund__roe_zscore,18.30977988243103,0.01999906561909756,5
70,2025-10-31,fund__roa_zscore,7.898200035095215,0.008626898946294466,1
70,2025-10-31,fund__gross_profitability_zscore,0.0,0.0,0
70,2025-10-31,fund__gross_margin_zscore,0.0,0.0,0
70,2025-10-31,fund__operating_margin_zscore,6.961090087890625,0.007603329933078927,1
70,2025-10-31,fund__net_margin_zscore,4.405277967453003,0.004811715034651739,2
70,2025-10-31,fund__cash_conversion_zscore,0.0,0.0,0
70,2025-10-31,fund__debt_to_assets_zscore,0.0,0.0,0
70,2025-10-31,fund__net_debt_to_assets_zscore,0.0,0.0,0
70,2025-10-31,fund__current_ratio_zscore,5.338399887084961,0.005830928079328716,1
70,2025-10-31,fund__interest_coverage_zscore,0.0,0.0,0
70,2025-10-31,fund__capex_to_assets_zscore,22.43108034133911,0.024500602985628492,2
70,2025-10-31,fund__accruals_zscore,0.0,0.0,0
70,2025-10-31,fund__revenue_growth_yoy_zscore,0.0,0.0,0
70,2025-10-31,fund__net_income_growth_yoy_zscore,0.0,0.0,0
70,2025-10-31,fund__operating_cash_flow_growth_yoy_zscore,7.275789976119995,0.007947064470328112,2
70,2025-10-31,fund__asset_growth_yoy_zscore,0.0,0.0,0
70,2025-10-31,fund__revenue_growth_acceleration_zscore,0.0,0.0,0
70,2025-10-31,fund__net_income_growth_acceleration_zscore,7.484519958496094,0.008175052170945865,1
70,2025-10-31,fund__operating_cash_flow_growth_acceleration_zscore,0.0,0.0,0
70,2025-10-31,fund__earnings_yield_sector_zscore,63.92594003677368,0.06982383610109184,5
70,2025-10-31,fund__sales_yield_sector_zscore,0.0,0.0,0
70,2025-10-31,fund__book_to_market_sector_zscore,0.0,0.0,0
70,2025-10-31,fund__fcf_yield_sector_zscore,24.67441987991333,0.026950916147553027,4
70,2025-10-31,fund__roe_sector_zscore,9.71711015701294,0.010613624243761206,2
70,2025-10-31,fund__roa_sector_zscore,0.0,0.0,0
70,2025-10-31,fund__gross_profitability_sector_zscore,0.0,0.0,0
70,2025-10-31,fund__gross_margin_sector_zscore,0.0,0.0,0
70,2025-10-31,fund__operating_margin_sector_zscore,0.0,0.0,0
70,2025-10-31,fund__net_margin_sector_zscore,7.626259803771973,0.008329869131319759,1
70,2025-10-31,fund__cash_conversion_sector_zscore,11.77957010269165,0.012866369610185155,2
70,2025-10-31,fund__debt_to_assets_sector_zscore,0.0,0.0,0
70,2025-10-31,fund__net_debt_to_assets_sector_zscore,0.0,0.0,0
70,2025-10-31,fund__current_ratio_sector_zscore,6.733870029449463,0.007355146236283079,1
70,2025-10-31,fund__interest_coverage_sector_zscore,0.0,0.0,0
70,2025-10-31,fund__capex_to_assets_sector_zscore,20.43934988975525,0.022325112714715864,4
70,2025-10-31,fund__accruals_sector_zscore,0.0,0.0,0
70,2025-10-31,fund__revenue_growth_yoy_sector_zscore,0.0,0.0,0
70,2025-10-31,fund__net_income_growth_yoy_sector_zscore,0.0,0.0,0
70,2025-10-31,fund__operating_cash_flow_growth_yoy_sector_zscore,0.0,0.0,0
70,2025-10-31,fund__asset_growth_yoy_sector_zscore,0.0,0.0,0
70,2025-10-31,fund__revenue_growth_acceleration_sector_zscore,0.0,0.0,0
70,2025-10-31,fund__net_income_growth_acceleration_sector_zscore,0.0,0.0,0
70,2025-10-31,fund__operating_cash_flow_growth_acceleration_sector_zscore,0.0,0.0,0
70,2025-10-31,fund__earnings_yield_missing,0.0,0.0,0
70,2025-10-31,fund__sales_yield_missing,0.0,0.0,0
70,2025-10-31,fund__book_to_market_missing,0.0,0.0,0
70,2025-10-31,fund__fcf_yield_missing,0.0,0.0,0
70,2025-10-31,fund__roe_missing,0.0,0.0,0
70,2025-10-31,fund__roa_missing,0.0,0.0,0
70,2025-10-31,fund__gross_profitability_missing,0.0,0.0,0
70,2025-10-31,fund__gross_margin_missing,0.0,0.0,0
70,2025-10-31,fund__operating_margin_missing,0.0,0.0,0
70,2025-10-31,fund__net_margin_missing,0.0,0.0,0
70,2025-10-31,fund__cash_conversion_missing,0.0,0.0,0
70,2025-10-31,fund__debt_to_assets_missing,5.432240009307861,0.005933426021635533,1
70,2025-10-31,fund__net_debt_to_assets_missing,0.0,0.0,0
70,2025-10-31,fund__current_ratio_missing,0.0,0.0,0
70,2025-10-31,fund__interest_coverage_missing,6.547540187835693,0.007151625344543388,1
70,2025-10-31,fund__capex_to_assets_missing,0.0,0.0,0
70,2025-10-31,fund__accruals_missing,0.0,0.0,0
70,2025-10-31,fund__revenue_growth_yoy_missing,0.0,0.0,0
70,2025-10-31,fund__net_income_growth_yoy_missing,0.0,0.0,0
70,2025-10-31,fund__operating_cash_flow_growth_yoy_missing,0.0,0.0,0
70,2025-10-31,fund__asset_growth_yoy_missing,0.0,0.0,0
70,2025-10-31,fund__revenue_growth_acceleration_missing,0.0,0.0,0
70,2025-10-31,fund__net_income_growth_acceleration_missing,0.0,0.0,0
70,2025-10-31,fund__operating_cash_flow_growth_acceleration_missing,0.0,0.0,0
71,2025-11-28,tech__momentum_12_1_sector_neutral,16.04591989517212,0.01752633876337585,2
71,2025-11-28,tech__momentum_6_1_sector_neutral,24.64767074584961,0.026921699101207883,3
71,2025-11-28,tech__return_3m_sector_neutral,0.0,0.0,0
71,2025-11-28,tech__return_1m_sector_neutral,3.1330299377441406,0.0034220876337057865,1
71,2025-11-28,tech__return_1w_sector_neutral,0.0,0.0,0
71,2025-11-28,tech__reversal_1m_sector_neutral,0.0,0.0,0
71,2025-11-28,tech__volatility_20d_sector_neutral,0.0,0.0,0
71,2025-11-28,tech__volatility_60d_sector_neutral,44.427239418029785,0.04852615826633121,3
71,2025-11-28,tech__downside_volatility_60d_sector_neutral,9.131500244140625,0.009973985146517594,1
71,2025-11-28,tech__beta_60d_market_sector_neutral,3.918829917907715,0.004280386612048847,1
71,2025-11-28,tech__max_drawdown_126d_sector_neutral,25.47681999206543,0.027827346809130727,3
71,2025-11-28,tech__distance_sma_50d_sector_neutral,17.353890419006348,0.018954984465397968,3
71,2025-11-28,tech__distance_sma_200d_sector_neutral,4.596610069274902,0.0050206997020778975,1
71,2025-11-28,tech__sma_50_200_spread_sector_neutral,44.99164009094238,0.04914263132966239,6
71,2025-11-28,tech__positive_day_ratio_60d_sector_neutral,7.290619850158691,0.007963262569154379,1
71,2025-11-28,tech__average_dollar_volume_20d_sector_neutral,234.2007577419281,0.25580844511503287,9
71,2025-11-28,tech__dollar_volume_change_20d_60d_sector_neutral,2.0685300827026367,0.0022593755427252425,1
71,2025-11-28,tech__amihud_illiquidity_20d_sector_neutral,143.92623019218445,0.15720506420095023,9
71,2025-11-28,tech__zero_volume_ratio_60d_sector_neutral,0.0,0.0,0
71,2025-11-28,fund__earnings_yield_zscore,12.519309520721436,0.013674358414922575,2
71,2025-11-28,fund__sales_yield_zscore,27.26488995552063,0.029780386592257277,3
71,2025-11-28,fund__book_to_market_zscore,57.55784058570862,0.06286820694505853,9
71,2025-11-28,fund__fcf_yield_zscore,0.0,0.0,0
71,2025-11-28,fund__roe_zscore,18.30977988243103,0.01999906561909756,5
71,2025-11-28,fund__roa_zscore,7.898200035095215,0.008626898946294466,1
71,2025-11-28,fund__gross_profitability_zscore,0.0,0.0,0
71,2025-11-28,fund__gross_margin_zscore,0.0,0.0,0
71,2025-11-28,fund__operating_margin_zscore,6.961090087890625,0.007603329933078927,1
71,2025-11-28,fund__net_margin_zscore,4.405277967453003,0.004811715034651739,2
71,2025-11-28,fund__cash_conversion_zscore,0.0,0.0,0
71,2025-11-28,fund__debt_to_assets_zscore,0.0,0.0,0
71,2025-11-28,fund__net_debt_to_assets_zscore,0.0,0.0,0
71,2025-11-28,fund__current_ratio_zscore,5.338399887084961,0.005830928079328716,1
71,2025-11-28,fund__interest_coverage_zscore,0.0,0.0,0
71,2025-11-28,fund__capex_to_assets_zscore,22.43108034133911,0.024500602985628492,2
71,2025-11-28,fund__accruals_zscore,0.0,0.0,0
71,2025-11-28,fund__revenue_growth_yoy_zscore,0.0,0.0,0
71,2025-11-28,fund__net_income_growth_yoy_zscore,0.0,0.0,0
71,2025-11-28,fund__operating_cash_flow_growth_yoy_zscore,7.275789976119995,0.007947064470328112,2
71,2025-11-28,fund__asset_growth_yoy_zscore,0.0,0.0,0
71,2025-11-28,fund__revenue_growth_acceleration_zscore,0.0,0.0,0
71,2025-11-28,fund__net_income_growth_acceleration_zscore,7.484519958496094,0.008175052170945865,1
71,2025-11-28,fund__operating_cash_flow_growth_acceleration_zscore,0.0,0.0,0
71,2025-11-28,fund__earnings_yield_sector_zscore,63.92594003677368,0.06982383610109184,5
71,2025-11-28,fund__sales_yield_sector_zscore,0.0,0.0,0
71,2025-11-28,fund__book_to_market_sector_zscore,0.0,0.0,0
71,2025-11-28,fund__fcf_yield_sector_zscore,24.67441987991333,0.026950916147553027,4
71,2025-11-28,fund__roe_sector_zscore,9.71711015701294,0.010613624243761206,2
71,2025-11-28,fund__roa_sector_zscore,0.0,0.0,0
71,2025-11-28,fund__gross_profitability_sector_zscore,0.0,0.0,0
71,2025-11-28,fund__gross_margin_sector_zscore,0.0,0.0,0
71,2025-11-28,fund__operating_margin_sector_zscore,0.0,0.0,0
71,2025-11-28,fund__net_margin_sector_zscore,7.626259803771973,0.008329869131319759,1
71,2025-11-28,fund__cash_conversion_sector_zscore,11.77957010269165,0.012866369610185155,2
71,2025-11-28,fund__debt_to_assets_sector_zscore,0.0,0.0,0
71,2025-11-28,fund__net_debt_to_assets_sector_zscore,0.0,0.0,0
71,2025-11-28,fund__current_ratio_sector_zscore,6.733870029449463,0.007355146236283079,1
71,2025-11-28,fund__interest_coverage_sector_zscore,0.0,0.0,0
71,2025-11-28,fund__capex_to_assets_sector_zscore,20.43934988975525,0.022325112714715864,4
71,2025-11-28,fund__accruals_sector_zscore,0.0,0.0,0
71,2025-11-28,fund__revenue_growth_yoy_sector_zscore,0.0,0.0,0
71,2025-11-28,fund__net_income_growth_yoy_sector_zscore,0.0,0.0,0
71,2025-11-28,fund__operating_cash_flow_growth_yoy_sector_zscore,0.0,0.0,0
71,2025-11-28,fund__asset_growth_yoy_sector_zscore,0.0,0.0,0
71,2025-11-28,fund__revenue_growth_acceleration_sector_zscore,0.0,0.0,0
71,2025-11-28,fund__net_income_growth_acceleration_sector_zscore,0.0,0.0,0
71,2025-11-28,fund__operating_cash_flow_growth_acceleration_sector_zscore,0.0,0.0,0
71,2025-11-28,fund__earnings_yield_missing,0.0,0.0,0
71,2025-11-28,fund__sales_yield_missing,0.0,0.0,0
71,2025-11-28,fund__book_to_market_missing,0.0,0.0,0
71,2025-11-28,fund__fcf_yield_missing,0.0,0.0,0
71,2025-11-28,fund__roe_missing,0.0,0.0,0
71,2025-11-28,fund__roa_missing,0.0,0.0,0
71,2025-11-28,fund__gross_profitability_missing,0.0,0.0,0
71,2025-11-28,fund__gross_margin_missing,0.0,0.0,0
71,2025-11-28,fund__operating_margin_missing,0.0,0.0,0
71,2025-11-28,fund__net_margin_missing,0.0,0.0,0
71,2025-11-28,fund__cash_conversion_missing,0.0,0.0,0
71,2025-11-28,fund__debt_to_assets_missing,5.432240009307861,0.005933426021635533,1
71,2025-11-28,fund__net_debt_to_assets_missing,0.0,0.0,0
71,2025-11-28,fund__current_ratio_missing,0.0,0.0,0
71,2025-11-28,fund__interest_coverage_missing,6.547540187835693,0.007151625344543388,1
71,2025-11-28,fund__capex_to_assets_missing,0.0,0.0,0
71,2025-11-28,fund__accruals_missing,0.0,0.0,0
71,2025-11-28,fund__revenue_growth_yoy_missing,0.0,0.0,0
71,2025-11-28,fund__net_income_growth_yoy_missing,0.0,0.0,0
71,2025-11-28,fund__operating_cash_flow_growth_yoy_missing,0.0,0.0,0
71,2025-11-28,fund__asset_growth_yoy_missing,0.0,0.0,0
71,2025-11-28,fund__revenue_growth_acceleration_missing,0.0,0.0,0
71,2025-11-28,fund__net_income_growth_acceleration_missing,0.0,0.0,0
71,2025-11-28,fund__operating_cash_flow_growth_acceleration_missing,0.0,0.0,0
72,2025-12-31,tech__momentum_12_1_sector_neutral,46.2793288230896,0.022931086407213638,8
72,2025-12-31,tech__momentum_6_1_sector_neutral,70.51650094985962,0.03494043707066108,12
72,2025-12-31,tech__return_3m_sector_neutral,11.912389755249023,0.005902506491358954,2
72,2025-12-31,tech__return_1m_sector_neutral,30.02915072441101,0.014879235881509918,6
72,2025-12-31,tech__return_1w_sector_neutral,3.30145001411438,0.0016358455809104672,1
72,2025-12-31,tech__reversal_1m_sector_neutral,14.345940113067627,0.007108313812912037,3
72,2025-12-31,tech__volatility_20d_sector_neutral,10.328350067138672,0.005117625813867545,3
72,2025-12-31,tech__volatility_60d_sector_neutral,330.3115200996399,0.16366706694596486,19
72,2025-12-31,tech__downside_volatility_60d_sector_neutral,16.135550022125244,0.007995053108909163,2
72,2025-12-31,tech__beta_60d_market_sector_neutral,15.042710304260254,0.00745355860938016,5
72,2025-12-31,tech__max_drawdown_126d_sector_neutral,35.6045401096344,0.01764180264722828,6
72,2025-12-31,tech__distance_sma_50d_sector_neutral,9.310309886932373,0.0046131939663884,3
72,2025-12-31,tech__distance_sma_200d_sector_neutral,49.728360176086426,0.02464005751781669,7
72,2025-12-31,tech__sma_50_200_spread_sector_neutral,103.97745156288147,0.051520105991699844,17
72,2025-12-31,tech__positive_day_ratio_60d_sector_neutral,9.496100187301636,0.004705251771454582,2
72,2025-12-31,tech__average_dollar_volume_20d_sector_neutral,307.6887695789337,0.15245765098960531,21
72,2025-12-31,tech__dollar_volume_change_20d_60d_sector_neutral,26.73741054534912,0.013248201456513998,6
72,2025-12-31,tech__amihud_illiquidity_20d_sector_neutral,243.2350902557373,0.12052129997913738,25
72,2025-12-31,tech__zero_volume_ratio_60d_sector_neutral,0.0,0.0,0
72,2025-12-31,fund__earnings_yield_zscore,3.499569892883301,0.0017340126065474115,1
72,2025-12-31,fund__sales_yield_zscore,108.07989025115967,0.05355283590446099,18
72,2025-12-31,fund__book_to_market_zscore,44.82874011993408,0.022212329767061344,5
72,2025-12-31,fund__fcf_yield_zscore,0.0,0.0,0
72,2025-12-31,fund__roe_zscore,3.8544399738311768,0.0019098482700389415,1
72,2025-12-31,fund__roa_zscore,34.741310358047485,0.01721407829326053,7
72,2025-12-31,fund__gross_profitability_zscore,2.222330093383789,0.001101149145691796,1
72,2025-12-31,fund__gross_margin_zscore,0.0,0.0,0
72,2025-12-31,fund__operating_margin_zscore,0.0,0.0,0
72,2025-12-31,fund__net_margin_zscore,0.0,0.0,0
72,2025-12-31,fund__cash_conversion_zscore,24.947659969329834,0.012361392461013124,6
72,2025-12-31,fund__debt_to_assets_zscore,6.956079840660095,0.0034466893089873606,2
72,2025-12-31,fund__net_debt_to_assets_zscore,12.01718020439148,0.005954429432011833,3
72,2025-12-31,fund__current_ratio_zscore,18.499449968338013,0.00916634913465377,4
72,2025-12-31,fund__interest_coverage_zscore,0.0,0.0,0
72,2025-12-31,fund__capex_to_assets_zscore,15.490409851074219,0.007675390629280574,2
72,2025-12-31,fund__accruals_zscore,40.91553974151611,0.02027336612415143,10
72,2025-12-31,fund__revenue_growth_yoy_zscore,5.902400016784668,0.0029245982652907586,1
72,2025-12-31,fund__net_income_growth_yoy_zscore,8.592479944229126,0.0042575142091314,3
72,2025-12-31,fund__operating_cash_flow_growth_yoy_zscore,20.541020393371582,0.010177933118548962,4
72,2025-12-31,fund__asset_growth_yoy_zscore,8.7991304397583,0.00435990809619894,1
72,2025-12-31,fund__revenue_growth_acceleration_zscore,3.7241299152374268,0.0018452805399241626,1
72,2025-12-31,fund__net_income_growth_acceleration_zscore,29.185929775238037,0.014461425750343732,5
72,2025-12-31,fund__operating_cash_flow_growth_acceleration_zscore,9.492419719696045,0.004703428125286216,2
72,2025-12-31,fund__earnings_yield_sector_zscore,14.596651017665863,0.007232539327040594,4
72,2025-12-31,fund__sales_yield_sector_zscore,16.158679962158203,0.008006513833750634,4
72,2025-12-31,fund__book_to_market_sector_zscore,27.02093005180359,0.013388683405279734,5
72,2025-12-31,fund__fcf_yield_sector_zscore,2.124419927597046,0.0010526353377153879,1
72,2025-12-31,fund__roe_sector_zscore,0.0,0.0,0
72,2025-12-31,fund__roa_sector_zscore,6.576039791107178,0.0032583821006479047,1
72,2025-12-31,fund__gross_profitability_sector_zscore,0.0,0.0,0
72,2025-12-31,fund__gross_margin_sector_zscore,50.762749671936035,0.02515259033778722,4
72,2025-12-31,fund__operating_margin_sector_zscore,2.6254398822784424,0.0013008872498478155,1
72,2025-12-31,fund__net_margin_sector_zscore,13.587170124053955,0.006732348546695985,3
72,2025-12-31,fund__cash_conversion_sector_zscore,40.019920110702515,0.019829592809704897,7
72,2025-12-31,fund__debt_to_assets_sector_zscore,0.0,0.0,0
72,2025-12-31,fund__net_debt_to_assets_sector_zscore,2.1961700916290283,0.0010881870462857218,1
72,2025-12-31,fund__current_ratio_sector_zscore,4.741219997406006,0.002349241620416139,1
72,2025-12-31,fund__interest_coverage_sector_zscore,1.9637700319290161,0.0009730344287878692,1
72,2025-12-31,fund__capex_to_assets_sector_zscore,21.621440649032593,0.010713273860705657,3
72,2025-12-31,fund__accruals_sector_zscore,0.0,0.0,0
72,2025-12-31,fund__revenue_growth_yoy_sector_zscore,13.649190068244934,0.006763078998830468,5
72,2025-12-31,fund__net_income_growth_yoy_sector_zscore,10.898439884185791,0.005400101363687055,2
72,2025-12-31,fund__operating_cash_flow_growth_yoy_sector_zscore,0.0,0.0,0
72,2025-12-31,fund__asset_growth_yoy_sector_zscore,3.0135600566864014,0.0014931981040037503,1
72,2025-12-31,fund__revenue_growth_acceleration_sector_zscore,5.999009847640991,0.0029724677663291437,2
72,2025-12-31,fund__net_income_growth_acceleration_sector_zscore,8.15184998512268,0.004039185120900635,2
72,2025-12-31,fund__operating_cash_flow_growth_acceleration_sector_zscore,18.971959590911865,0.009400474374993794,3
72,2025-12-31,fund__earnings_yield_missing,0.0,0.0,0
72,2025-12-31,fund__sales_yield_missing,0.0,0.0,0
72,2025-12-31,fund__book_to_market_missing,0.0,0.0,0
72,2025-12-31,fund__fcf_yield_missing,0.0,0.0,0
72,2025-12-31,fund__roe_missing,0.0,0.0,0
72,2025-12-31,fund__roa_missing,0.0,0.0,0
72,2025-12-31,fund__gross_profitability_missing,0.0,0.0,0
72,2025-12-31,fund__gross_margin_missing,0.0,0.0,0
72,2025-12-31,fund__operating_margin_missing,0.0,0.0,0
72,2025-12-31,fund__net_margin_missing,0.0,0.0,0
72,2025-12-31,fund__cash_conversion_missing,6.4460601806640625,0.0031939781052995543,1
72,2025-12-31,fund__debt_to_assets_missing,4.988999843597412,0.002472014815435909,1
72,2025-12-31,fund__net_debt_to_assets_missing,0.0,0.0,0
72,2025-12-31,fund__current_ratio_missing,0.0,0.0,0
72,2025-12-31,fund__interest_coverage_missing,0.0,0.0,0
72,2025-12-31,fund__capex_to_assets_missing,0.0,0.0,0
72,2025-12-31,fund__accruals_missing,0.0,0.0,0
72,2025-12-31,fund__revenue_growth_yoy_missing,0.0,0.0,0
72,2025-12-31,fund__net_income_growth_yoy_missing,0.0,0.0,0
72,2025-12-31,fund__operating_cash_flow_growth_yoy_missing,0.0,0.0,0
72,2025-12-31,fund__asset_growth_yoy_missing,0.0,0.0,0
72,2025-12-31,fund__revenue_growth_acceleration_missing,0.0,0.0,0
72,2025-12-31,fund__net_income_growth_acceleration_missing,0.0,0.0,0
72,2025-12-31,fund__operating_cash_flow_growth_acceleration_missing,5.80702018737793,0.002877338221438524,1
73,2026-01-30,tech__momentum_12_1_sector_neutral,46.2793288230896,0.022931086407213638,8
73,2026-01-30,tech__momentum_6_1_sector_neutral,70.51650094985962,0.03494043707066108,12
73,2026-01-30,tech__return_3m_sector_neutral,11.912389755249023,0.005902506491358954,2
73,2026-01-30,tech__return_1m_sector_neutral,30.02915072441101,0.014879235881509918,6
73,2026-01-30,tech__return_1w_sector_neutral,3.30145001411438,0.0016358455809104672,1
73,2026-01-30,tech__reversal_1m_sector_neutral,14.345940113067627,0.007108313812912037,3
73,2026-01-30,tech__volatility_20d_sector_neutral,10.328350067138672,0.005117625813867545,3
73,2026-01-30,tech__volatility_60d_sector_neutral,330.3115200996399,0.16366706694596486,19
73,2026-01-30,tech__downside_volatility_60d_sector_neutral,16.135550022125244,0.007995053108909163,2
73,2026-01-30,tech__beta_60d_market_sector_neutral,15.042710304260254,0.00745355860938016,5
73,2026-01-30,tech__max_drawdown_126d_sector_neutral,35.6045401096344,0.01764180264722828,6
73,2026-01-30,tech__distance_sma_50d_sector_neutral,9.310309886932373,0.0046131939663884,3
73,2026-01-30,tech__distance_sma_200d_sector_neutral,49.728360176086426,0.02464005751781669,7
73,2026-01-30,tech__sma_50_200_spread_sector_neutral,103.97745156288147,0.051520105991699844,17
73,2026-01-30,tech__positive_day_ratio_60d_sector_neutral,9.496100187301636,0.004705251771454582,2
73,2026-01-30,tech__average_dollar_volume_20d_sector_neutral,307.6887695789337,0.15245765098960531,21
73,2026-01-30,tech__dollar_volume_change_20d_60d_sector_neutral,26.73741054534912,0.013248201456513998,6
73,2026-01-30,tech__amihud_illiquidity_20d_sector_neutral,243.2350902557373,0.12052129997913738,25
73,2026-01-30,tech__zero_volume_ratio_60d_sector_neutral,0.0,0.0,0
73,2026-01-30,fund__earnings_yield_zscore,3.499569892883301,0.0017340126065474115,1
73,2026-01-30,fund__sales_yield_zscore,108.07989025115967,0.05355283590446099,18
73,2026-01-30,fund__book_to_market_zscore,44.82874011993408,0.022212329767061344,5
73,2026-01-30,fund__fcf_yield_zscore,0.0,0.0,0
73,2026-01-30,fund__roe_zscore,3.8544399738311768,0.0019098482700389415,1
73,2026-01-30,fund__roa_zscore,34.741310358047485,0.01721407829326053,7
73,2026-01-30,fund__gross_profitability_zscore,2.222330093383789,0.001101149145691796,1
73,2026-01-30,fund__gross_margin_zscore,0.0,0.0,0
73,2026-01-30,fund__operating_margin_zscore,0.0,0.0,0
73,2026-01-30,fund__net_margin_zscore,0.0,0.0,0
73,2026-01-30,fund__cash_conversion_zscore,24.947659969329834,0.012361392461013124,6
73,2026-01-30,fund__debt_to_assets_zscore,6.956079840660095,0.0034466893089873606,2
73,2026-01-30,fund__net_debt_to_assets_zscore,12.01718020439148,0.005954429432011833,3
73,2026-01-30,fund__current_ratio_zscore,18.499449968338013,0.00916634913465377,4
73,2026-01-30,fund__interest_coverage_zscore,0.0,0.0,0
73,2026-01-30,fund__capex_to_assets_zscore,15.490409851074219,0.007675390629280574,2
73,2026-01-30,fund__accruals_zscore,40.91553974151611,0.02027336612415143,10
73,2026-01-30,fund__revenue_growth_yoy_zscore,5.902400016784668,0.0029245982652907586,1
73,2026-01-30,fund__net_income_growth_yoy_zscore,8.592479944229126,0.0042575142091314,3
73,2026-01-30,fund__operating_cash_flow_growth_yoy_zscore,20.541020393371582,0.010177933118548962,4
73,2026-01-30,fund__asset_growth_yoy_zscore,8.7991304397583,0.00435990809619894,1
73,2026-01-30,fund__revenue_growth_acceleration_zscore,3.7241299152374268,0.0018452805399241626,1
73,2026-01-30,fund__net_income_growth_acceleration_zscore,29.185929775238037,0.014461425750343732,5
73,2026-01-30,fund__operating_cash_flow_growth_acceleration_zscore,9.492419719696045,0.004703428125286216,2
73,2026-01-30,fund__earnings_yield_sector_zscore,14.596651017665863,0.007232539327040594,4
73,2026-01-30,fund__sales_yield_sector_zscore,16.158679962158203,0.008006513833750634,4
73,2026-01-30,fund__book_to_market_sector_zscore,27.02093005180359,0.013388683405279734,5
73,2026-01-30,fund__fcf_yield_sector_zscore,2.124419927597046,0.0010526353377153879,1
73,2026-01-30,fund__roe_sector_zscore,0.0,0.0,0
73,2026-01-30,fund__roa_sector_zscore,6.576039791107178,0.0032583821006479047,1
73,2026-01-30,fund__gross_profitability_sector_zscore,0.0,0.0,0
73,2026-01-30,fund__gross_margin_sector_zscore,50.762749671936035,0.02515259033778722,4
73,2026-01-30,fund__operating_margin_sector_zscore,2.6254398822784424,0.0013008872498478155,1
73,2026-01-30,fund__net_margin_sector_zscore,13.587170124053955,0.006732348546695985,3
73,2026-01-30,fund__cash_conversion_sector_zscore,40.019920110702515,0.019829592809704897,7
73,2026-01-30,fund__debt_to_assets_sector_zscore,0.0,0.0,0
73,2026-01-30,fund__net_debt_to_assets_sector_zscore,2.1961700916290283,0.0010881870462857218,1
73,2026-01-30,fund__current_ratio_sector_zscore,4.741219997406006,0.002349241620416139,1
73,2026-01-30,fund__interest_coverage_sector_zscore,1.9637700319290161,0.0009730344287878692,1
73,2026-01-30,fund__capex_to_assets_sector_zscore,21.621440649032593,0.010713273860705657,3
73,2026-01-30,fund__accruals_sector_zscore,0.0,0.0,0
73,2026-01-30,fund__revenue_growth_yoy_sector_zscore,13.649190068244934,0.006763078998830468,5
73,2026-01-30,fund__net_income_growth_yoy_sector_zscore,10.898439884185791,0.005400101363687055,2
73,2026-01-30,fund__operating_cash_flow_growth_yoy_sector_zscore,0.0,0.0,0
73,2026-01-30,fund__asset_growth_yoy_sector_zscore,3.0135600566864014,0.0014931981040037503,1
73,2026-01-30,fund__revenue_growth_acceleration_sector_zscore,5.999009847640991,0.0029724677663291437,2
73,2026-01-30,fund__net_income_growth_acceleration_sector_zscore,8.15184998512268,0.004039185120900635,2
73,2026-01-30,fund__operating_cash_flow_growth_acceleration_sector_zscore,18.971959590911865,0.009400474374993794,3
73,2026-01-30,fund__earnings_yield_missing,0.0,0.0,0
73,2026-01-30,fund__sales_yield_missing,0.0,0.0,0
73,2026-01-30,fund__book_to_market_missing,0.0,0.0,0
73,2026-01-30,fund__fcf_yield_missing,0.0,0.0,0
73,2026-01-30,fund__roe_missing,0.0,0.0,0
73,2026-01-30,fund__roa_missing,0.0,0.0,0
73,2026-01-30,fund__gross_profitability_missing,0.0,0.0,0
73,2026-01-30,fund__gross_margin_missing,0.0,0.0,0
73,2026-01-30,fund__operating_margin_missing,0.0,0.0,0
73,2026-01-30,fund__net_margin_missing,0.0,0.0,0
73,2026-01-30,fund__cash_conversion_missing,6.4460601806640625,0.0031939781052995543,1
73,2026-01-30,fund__debt_to_assets_missing,4.988999843597412,0.002472014815435909,1
73,2026-01-30,fund__net_debt_to_assets_missing,0.0,0.0,0
73,2026-01-30,fund__current_ratio_missing,0.0,0.0,0
73,2026-01-30,fund__interest_coverage_missing,0.0,0.0,0
73,2026-01-30,fund__capex_to_assets_missing,0.0,0.0,0
73,2026-01-30,fund__accruals_missing,0.0,0.0,0
73,2026-01-30,fund__revenue_growth_yoy_missing,0.0,0.0,0
73,2026-01-30,fund__net_income_growth_yoy_missing,0.0,0.0,0
73,2026-01-30,fund__operating_cash_flow_growth_yoy_missing,0.0,0.0,0
73,2026-01-30,fund__asset_growth_yoy_missing,0.0,0.0,0
73,2026-01-30,fund__revenue_growth_acceleration_missing,0.0,0.0,0
73,2026-01-30,fund__net_income_growth_acceleration_missing,0.0,0.0,0
73,2026-01-30,fund__operating_cash_flow_growth_acceleration_missing,5.80702018737793,0.002877338221438524,1
74,2026-02-27,tech__momentum_12_1_sector_neutral,50.17182898521423,0.022731193891352097,8
74,2026-02-27,tech__momentum_6_1_sector_neutral,178.19103932380676,0.08073245776558571,22
74,2026-02-27,tech__return_3m_sector_neutral,22.823570251464844,0.010340603704757043,4
74,2026-02-27,tech__return_1m_sector_neutral,9.69452953338623,0.004392270223471117,1
74,2026-02-27,tech__return_1w_sector_neutral,35.20197010040283,0.01594884667141897,6
74,2026-02-27,tech__reversal_1m_sector_neutral,7.269369959831238,0.003293510748304419,2
74,2026-02-27,tech__volatility_20d_sector_neutral,29.747509241104126,0.01347761112204227,6
74,2026-02-27,tech__volatility_60d_sector_neutral,250.02043044567108,0.11327597570610257,16
74,2026-02-27,tech__downside_volatility_60d_sector_neutral,15.305070161819458,0.006934220346473585,4
74,2026-02-27,tech__beta_60d_market_sector_neutral,6.784460067749023,0.0030738141376824737,3
74,2026-02-27,tech__max_drawdown_126d_sector_neutral,109.87288761138916,0.04977976610008092,15
74,2026-02-27,tech__distance_sma_50d_sector_neutral,22.462499976158142,0.010177014722604941,6
74,2026-02-27,tech__distance_sma_200d_sector_neutral,85.96640014648438,0.03894852847495712,13
74,2026-02-27,tech__sma_50_200_spread_sector_neutral,155.41355097293854,0.07041273224363626,27
74,2026-02-27,tech__positive_day_ratio_60d_sector_neutral,5.427749872207642,0.0024591336858633085,2
74,2026-02-27,tech__average_dollar_volume_20d_sector_neutral,355.24180364608765,0.1609482946968625,33
74,2026-02-27,tech__dollar_volume_change_20d_60d_sector_neutral,35.14904046058655,0.015924866004785952,9
74,2026-02-27,tech__amihud_illiquidity_20d_sector_neutral,250.89630806446075,0.11367280684382472,27
74,2026-02-27,tech__zero_volume_ratio_60d_sector_neutral,0.0,0.0,0
74,2026-02-27,fund__earnings_yield_zscore,0.0,0.0,0
74,2026-02-27,fund__sales_yield_zscore,92.43622994422913,0.04187979405867591,14
74,2026-02-27,fund__book_to_market_zscore,48.21749973297119,0.021845752039643448,6
74,2026-02-27,fund__fcf_yield_zscore,1.301509976387024,0.0005896710608955728,1
74,2026-02-27,fund__roe_zscore,19.96563994884491,0.009045770146746443,4
74,2026-02-27,fund__roa_zscore,23.7462100982666,0.0107586212591045,5
74,2026-02-27,fund__gross_profitability_zscore,0.0,0.0,0
74,2026-02-27,fund__gross_margin_zscore,0.0,0.0,0
74,2026-02-27,fund__operating_margin_zscore,2.2081100940704346,0.0010004215452571754,1
74,2026-02-27,fund__net_margin_zscore,0.0,0.0,0
74,2026-02-27,fund__cash_conversion_zscore,18.474340438842773,0.00837011173449428,4
74,2026-02-27,fund__debt_to_assets_zscore,8.436740040779114,0.0038224074656397528,2
74,2026-02-27,fund__net_debt_to_assets_zscore,14.66485047340393,0.006644158011398594,4
74,2026-02-27,fund__current_ratio_zscore,22.868839740753174,0.010361113810910014,7
74,2026-02-27,fund__interest_coverage_zscore,0.0,0.0,0
74,2026-02-27,fund__capex_to_assets_zscore,15.217730283737183,0.006894649540639093,2
74,2026-02-27,fund__accruals_zscore,24.06156015396118,0.010901495924123284,8
74,2026-02-27,fund__revenue_growth_yoy_zscore,2.369649887084961,0.0010736098748527383,1
74,2026-02-27,fund__net_income_growth_yoy_zscore,8.331629991531372,0.00377478558384461,2
74,2026-02-27,fund__operating_cash_flow_growth_yoy_zscore,18.451639890670776,0.008359826868018916,5
74,2026-02-27,fund__asset_growth_yoy_zscore,9.542129874229431,0.004323222985781415,3
74,2026-02-27,fund__revenue_growth_acceleration_zscore,10.971729755401611,0.004970927339863374,2
74,2026-02-27,fund__net_income_growth_acceleration_zscore,15.444679975509644,0.0069974729288154085,4
74,2026-02-27,fund__operating_cash_flow_growth_acceleration_zscore,11.325559854507446,0.005131236037992385,3
74,2026-02-27,fund__earnings_yield_sector_zscore,16.769569993019104,0.0075977367119356085,4
74,2026-02-27,fund__sales_yield_sector_zscore,8.840230226516724,0.004005215504150014,3
74,2026-02-27,fund__book_to_market_sector_zscore,0.0,0.0,0
74,2026-02-27,fund__fcf_yield_sector_zscore,7.903290271759033,0.0035807190445446,2
74,2026-02-27,fund__roe_sector_zscore,15.75564980506897,0.007138363058456824,3
74,2026-02-27,fund__roa_sector_zscore,0.0,0.0,0
74,2026-02-27,fund__gross_profitability_sector_zscore,0.0,0.0,0
74,2026-02-27,fund__gross_margin_sector_zscore,10.611579895019531,0.0048077553672270755,3
74,2026-02-27,fund__operating_margin_sector_zscore,16.81179928779602,0.007616869406654632,3
74,2026-02-27,fund__net_margin_sector_zscore,5.711549997329712,0.002587714122355686,2
74,2026-02-27,fund__cash_conversion_sector_zscore,24.719029664993286,0.011199373582466726,5
74,2026-02-27,fund__debt_to_assets_sector_zscore,6.1905198097229,0.0028047194796214678,1
74,2026-02-27,fund__net_debt_to_assets_sector_zscore,8.925899744033813,0.004044029524939119,2
74,2026-02-27,fund__current_ratio_sector_zscore,6.1284098625183105,0.0027765795197865323,1
74,2026-02-27,fund__interest_coverage_sector_zscore,0.0,0.0,0
74,2026-02-27,fund__capex_to_assets_sector_zscore,6.085269927978516,0.002757034244353713,1
74,2026-02-27,fund__accruals_sector_zscore,4.159090042114258,0.0018843459381708498,1
74,2026-02-27,fund__revenue_growth_yoy_sector_zscore,0.0,0.0,0
74,2026-02-27,fund__net_income_growth_yoy_sector_zscore,3.051909923553467,0.0013827192991445452,1
74,2026-02-27,fund__operating_cash_flow_growth_yoy_sector_zscore,20.73161005973816,0.00939280583306408,6
74,2026-02-27,fund__asset_growth_yoy_sector_zscore,16.289610385894775,0.007380282911461731,3
74,2026-02-27,fund__revenue_growth_acceleration_sector_zscore,2.120539903640747,0.0009607463925266165,1
74,2026-02-27,fund__net_income_growth_acceleration_sector_zscore,14.209479808807373,0.006437844646334133,3
74,2026-02-27,fund__operating_cash_flow_growth_acceleration_sector_zscore,10.36270022392273,0.00469499623179702,3
74,2026-02-27,fund__earnings_yield_missing,0.0,0.0,0
74,2026-02-27,fund__sales_yield_missing,3.126889944076538,0.0014166902629096849,1
74,2026-02-27,fund__book_to_market_missing,0.0,0.0,0
74,2026-02-27,fund__fcf_yield_missing,0.0,0.0,0
74,2026-02-27,fund__roe_missing,0.0,0.0,0
74,2026-02-27,fund__roa_missing,0.0,0.0,0
74,2026-02-27,fund__gross_profitability_missing,0.0,0.0,0
74,2026-02-27,fund__gross_margin_missing,0.0,0.0,0
74,2026-02-27,fund__operating_margin_missing,0.0,0.0,0
74,2026-02-27,fund__net_margin_missing,0.0,0.0,0
74,2026-02-27,fund__cash_conversion_missing,0.0,0.0,0
74,2026-02-27,fund__debt_to_assets_missing,4.998740196228027,0.002264763611596479,1
74,2026-02-27,fund__net_debt_to_assets_missing,0.0,0.0,0
74,2026-02-27,fund__current_ratio_missing,0.0,0.0,0
74,2026-02-27,fund__interest_coverage_missing,0.0,0.0,0
74,2026-02-27,fund__capex_to_assets_missing,0.0,0.0,0
74,2026-02-27,fund__accruals_missing,0.0,0.0,0
74,2026-02-27,fund__revenue_growth_yoy_missing,0.0,0.0,0
74,2026-02-27,fund__net_income_growth_yoy_missing,0.0,0.0,0
74,2026-02-27,fund__operating_cash_flow_growth_yoy_missing,0.0,0.0,0
74,2026-02-27,fund__asset_growth_yoy_missing,0.0,0.0,0
74,2026-02-27,fund__revenue_growth_acceleration_missing,0.0,0.0,0
74,2026-02-27,fund__net_income_growth_acceleration_missing,0.0,0.0,0
74,2026-02-27,fund__operating_cash_flow_growth_acceleration_missing,0.0,0.0,0
75,2026-03-31,tech__momentum_12_1_sector_neutral,0.0,0.0,0
75,2026-03-31,tech__momentum_6_1_sector_neutral,0.0,0.0,0
75,2026-03-31,tech__return_3m_sector_neutral,0.0,0.0,0
75,2026-03-31,tech__return_1m_sector_neutral,0.0,0.0,0
75,2026-03-31,tech__return_1w_sector_neutral,0.0,0.0,0
75,2026-03-31,tech__reversal_1m_sector_neutral,0.0,0.0,0
75,2026-03-31,tech__volatility_20d_sector_neutral,0.0,0.0,0
75,2026-03-31,tech__volatility_60d_sector_neutral,18.36210060119629,0.16574648761985114,1
75,2026-03-31,tech__downside_volatility_60d_sector_neutral,0.0,0.0,0
75,2026-03-31,tech__beta_60d_market_sector_neutral,0.0,0.0,0
75,2026-03-31,tech__max_drawdown_126d_sector_neutral,6.310359954833984,0.05696080316990279,2
75,2026-03-31,tech__distance_sma_50d_sector_neutral,0.0,0.0,0
75,2026-03-31,tech__distance_sma_200d_sector_neutral,0.0,0.0,0
75,2026-03-31,tech__sma_50_200_spread_sector_neutral,0.0,0.0,0
75,2026-03-31,tech__positive_day_ratio_60d_sector_neutral,0.0,0.0,0
75,2026-03-31,tech__average_dollar_volume_20d_sector_neutral,25.158000946044922,0.22709004720691775,1
75,2026-03-31,tech__dollar_volume_change_20d_60d_sector_neutral,0.0,0.0,0
75,2026-03-31,tech__amihud_illiquidity_20d_sector_neutral,0.0,0.0,0
75,2026-03-31,tech__zero_volume_ratio_60d_sector_neutral,0.0,0.0,0
75,2026-03-31,fund__earnings_yield_zscore,0.0,0.0,0
75,2026-03-31,fund__sales_yield_zscore,7.421090126037598,0.0669868687366278,1
75,2026-03-31,fund__book_to_market_zscore,18.367520093917847,0.16579540696207615,2
75,2026-03-31,fund__fcf_yield_zscore,0.0,0.0,0
75,2026-03-31,fund__roe_zscore,7.153029918670654,0.06456720887272176,1
75,2026-03-31,fund__roa_zscore,0.0,0.0,0
75,2026-03-31,fund__gross_profitability_zscore,11.327300071716309,0.10224648268078598,1
75,2026-03-31,fund__gross_margin_zscore,0.0,0.0,0
75,2026-03-31,fund__operating_margin_zscore,0.0,0.0,0
75,2026-03-31,fund__net_margin_zscore,0.0,0.0,0
75,2026-03-31,fund__cash_conversion_zscore,0.0,0.0,0
75,2026-03-31,fund__debt_to_assets_zscore,0.0,0.0,0
75,2026-03-31,fund__net_debt_to_assets_zscore,0.0,0.0,0
75,2026-03-31,fund__current_ratio_zscore,0.0,0.0,0
75,2026-03-31,fund__interest_coverage_zscore,0.0,0.0,0
75,2026-03-31,fund__capex_to_assets_zscore,0.0,0.0,0
75,2026-03-31,fund__accruals_zscore,0.0,0.0,0
75,2026-03-31,fund__revenue_growth_yoy_zscore,0.0,0.0,0
75,2026-03-31,fund__net_income_growth_yoy_zscore,0.0,0.0,0
75,2026-03-31,fund__operating_cash_flow_growth_yoy_zscore,0.0,0.0,0
75,2026-03-31,fund__asset_growth_yoy_zscore,3.0388500690460205,0.027430343416967526,1
75,2026-03-31,fund__revenue_growth_acceleration_zscore,0.0,0.0,0
75,2026-03-31,fund__net_income_growth_acceleration_zscore,0.0,0.0,0
75,2026-03-31,fund__operating_cash_flow_growth_acceleration_zscore,0.0,0.0,0
75,2026-03-31,fund__earnings_yield_sector_zscore,0.0,0.0,0
75,2026-03-31,fund__sales_yield_sector_zscore,7.8559699058532715,0.07091233443398087,1
75,2026-03-31,fund__book_to_market_sector_zscore,0.0,0.0,0
75,2026-03-31,fund__fcf_yield_sector_zscore,0.0,0.0,0
75,2026-03-31,fund__roe_sector_zscore,0.0,0.0,0
75,2026-03-31,fund__roa_sector_zscore,0.0,0.0,0
75,2026-03-31,fund__gross_profitability_sector_zscore,0.0,0.0,0
75,2026-03-31,fund__gross_margin_sector_zscore,0.0,0.0,0
75,2026-03-31,fund__operating_margin_sector_zscore,0.0,0.0,0
75,2026-03-31,fund__net_margin_sector_zscore,0.0,0.0,0
75,2026-03-31,fund__cash_conversion_sector_zscore,5.790030002593994,0.052264016900168235,1
75,2026-03-31,fund__debt_to_assets_sector_zscore,0.0,0.0,0
75,2026-03-31,fund__net_debt_to_assets_sector_zscore,0.0,0.0,0
75,2026-03-31,fund__current_ratio_sector_zscore,0.0,0.0,0
75,2026-03-31,fund__interest_coverage_sector_zscore,0.0,0.0,0
75,2026-03-31,fund__capex_to_assets_sector_zscore,0.0,0.0,0
75,2026-03-31,fund__accruals_sector_zscore,0.0,0.0,0
75,2026-03-31,fund__revenue_growth_yoy_sector_zscore,0.0,0.0,0
75,2026-03-31,fund__net_income_growth_yoy_sector_zscore,0.0,0.0,0
75,2026-03-31,fund__operating_cash_flow_growth_yoy_sector_zscore,0.0,0.0,0
75,2026-03-31,fund__asset_growth_yoy_sector_zscore,0.0,0.0,0
75,2026-03-31,fund__revenue_growth_acceleration_sector_zscore,0.0,0.0,0
75,2026-03-31,fund__net_income_growth_acceleration_sector_zscore,0.0,0.0,0
75,2026-03-31,fund__operating_cash_flow_growth_acceleration_sector_zscore,0.0,0.0,0
75,2026-03-31,fund__earnings_yield_missing,0.0,0.0,0
75,2026-03-31,fund__sales_yield_missing,0.0,0.0,0
75,2026-03-31,fund__book_to_market_missing,0.0,0.0,0
75,2026-03-31,fund__fcf_yield_missing,0.0,0.0,0
75,2026-03-31,fund__roe_missing,0.0,0.0,0
75,2026-03-31,fund__roa_missing,0.0,0.0,0
75,2026-03-31,fund__gross_profitability_missing,0.0,0.0,0
75,2026-03-31,fund__gross_margin_missing,0.0,0.0,0
75,2026-03-31,fund__operating_margin_missing,0.0,0.0,0
75,2026-03-31,fund__net_margin_missing,0.0,0.0,0
75,2026-03-31,fund__cash_conversion_missing,0.0,0.0,0
75,2026-03-31,fund__debt_to_assets_missing,0.0,0.0,0
75,2026-03-31,fund__net_debt_to_assets_missing,0.0,0.0,0
75,2026-03-31,fund__current_ratio_missing,0.0,0.0,0
75,2026-03-31,fund__interest_coverage_missing,0.0,0.0,0
75,2026-03-31,fund__capex_to_assets_missing,0.0,0.0,0
75,2026-03-31,fund__accruals_missing,0.0,0.0,0
75,2026-03-31,fund__revenue_growth_yoy_missing,0.0,0.0,0
75,2026-03-31,fund__net_income_growth_yoy_missing,0.0,0.0,0
75,2026-03-31,fund__operating_cash_flow_growth_yoy_missing,0.0,0.0,0
75,2026-03-31,fund__asset_growth_yoy_missing,0.0,0.0,0
75,2026-03-31,fund__revenue_growth_acceleration_missing,0.0,0.0,0
75,2026-03-31,fund__net_income_growth_acceleration_missing,0.0,0.0,0
75,2026-03-31,fund__operating_cash_flow_growth_acceleration_missing,0.0,0.0,0
76,2026-04-30,tech__momentum_12_1_sector_neutral,5.025569915771484,0.037720523953310825,1
76,2026-04-30,tech__momentum_6_1_sector_neutral,0.0,0.0,0
76,2026-04-30,tech__return_3m_sector_neutral,0.0,0.0,0
76,2026-04-30,tech__return_1m_sector_neutral,0.0,0.0,0
76,2026-04-30,tech__return_1w_sector_neutral,0.0,0.0,0
76,2026-04-30,tech__reversal_1m_sector_neutral,0.0,0.0,0
76,2026-04-30,tech__volatility_20d_sector_neutral,0.0,0.0,0
76,2026-04-30,tech__volatility_60d_sector_neutral,15.134599685668945,0.11359607756634071,1
76,2026-04-30,tech__downside_volatility_60d_sector_neutral,0.0,0.0,0
76,2026-04-30,tech__beta_60d_market_sector_neutral,0.0,0.0,0
76,2026-04-30,tech__max_drawdown_126d_sector_neutral,0.0,0.0,0
76,2026-04-30,tech__distance_sma_50d_sector_neutral,0.0,0.0,0
76,2026-04-30,tech__distance_sma_200d_sector_neutral,0.0,0.0,0
76,2026-04-30,tech__sma_50_200_spread_sector_neutral,8.915149688720703,0.06691462322022382,1
76,2026-04-30,tech__positive_day_ratio_60d_sector_neutral,0.0,0.0,0
76,2026-04-30,tech__average_dollar_volume_20d_sector_neutral,41.23160171508789,0.30947288490535124,2
76,2026-04-30,tech__dollar_volume_change_20d_60d_sector_neutral,0.0,0.0,0
76,2026-04-30,tech__amihud_illiquidity_20d_sector_neutral,26.889299631118774,0.20182357181825494,2
76,2026-04-30,tech__zero_volume_ratio_60d_sector_neutral,0.0,0.0,0
76,2026-04-30,fund__earnings_yield_zscore,0.0,0.0,0
76,2026-04-30,fund__sales_yield_zscore,0.0,0.0,0
76,2026-04-30,fund__book_to_market_zscore,7.870039939880371,0.059070321384673954,1
76,2026-04-30,fund__fcf_yield_zscore,0.0,0.0,0
76,2026-04-30,fund__roe_zscore,3.6251299381256104,0.02720921267771076,1
76,2026-04-30,fund__roa_zscore,0.0,0.0,0
76,2026-04-30,fund__gross_profitability_zscore,0.0,0.0,0
76,2026-04-30,fund__gross_margin_zscore,0.0,0.0,0
76,2026-04-30,fund__operating_margin_zscore,0.0,0.0,0
76,2026-04-30,fund__net_margin_zscore,0.0,0.0,0
76,2026-04-30,fund__cash_conversion_zscore,0.0,0.0,0
76,2026-04-30,fund__debt_to_assets_zscore,0.0,0.0,0
76,2026-04-30,fund__net_debt_to_assets_zscore,0.0,0.0,0
76,2026-04-30,fund__current_ratio_zscore,0.0,0.0,0
76,2026-04-30,fund__interest_coverage_zscore,0.0,0.0,0
76,2026-04-30,fund__capex_to_assets_zscore,0.0,0.0,0
76,2026-04-30,fund__accruals_zscore,0.0,0.0,0
76,2026-04-30,fund__revenue_growth_yoy_zscore,0.0,0.0,0
76,2026-04-30,fund__net_income_growth_yoy_zscore,0.0,0.0,0
76,2026-04-30,fund__operating_cash_flow_growth_yoy_zscore,0.0,0.0,0
76,2026-04-30,fund__asset_growth_yoy_zscore,0.0,0.0,0
76,2026-04-30,fund__revenue_growth_acceleration_zscore,21.9399995803833,0.1646755081668052,2
76,2026-04-30,fund__net_income_growth_acceleration_zscore,0.0,0.0,0
76,2026-04-30,fund__operating_cash_flow_growth_acceleration_zscore,0.0,0.0,0
76,2026-04-30,fund__earnings_yield_sector_zscore,0.0,0.0,0
76,2026-04-30,fund__sales_yield_sector_zscore,0.0,0.0,0
76,2026-04-30,fund__book_to_market_sector_zscore,0.0,0.0,0
76,2026-04-30,fund__fcf_yield_sector_zscore,0.0,0.0,0
76,2026-04-30,fund__roe_sector_zscore,0.0,0.0,0
76,2026-04-30,fund__roa_sector_zscore,0.0,0.0,0
76,2026-04-30,fund__gross_profitability_sector_zscore,0.0,0.0,0
76,2026-04-30,fund__gross_margin_sector_zscore,0.0,0.0,0
76,2026-04-30,fund__operating_margin_sector_zscore,0.0,0.0,0
76,2026-04-30,fund__net_margin_sector_zscore,0.0,0.0,0
76,2026-04-30,fund__cash_conversion_sector_zscore,0.0,0.0,0
76,2026-04-30,fund__debt_to_assets_sector_zscore,0.0,0.0,0
76,2026-04-30,fund__net_debt_to_assets_sector_zscore,0.0,0.0,0
76,2026-04-30,fund__current_ratio_sector_zscore,0.0,0.0,0
76,2026-04-30,fund__interest_coverage_sector_zscore,0.0,0.0,0
76,2026-04-30,fund__capex_to_assets_sector_zscore,0.0,0.0,0
76,2026-04-30,fund__accruals_sector_zscore,0.0,0.0,0
76,2026-04-30,fund__revenue_growth_yoy_sector_zscore,0.0,0.0,0
76,2026-04-30,fund__net_income_growth_yoy_sector_zscore,0.0,0.0,0
76,2026-04-30,fund__operating_cash_flow_growth_yoy_sector_zscore,2.6003201007843018,0.019517276307328538,1
76,2026-04-30,fund__asset_growth_yoy_sector_zscore,0.0,0.0,0
76,2026-04-30,fund__revenue_growth_acceleration_sector_zscore,0.0,0.0,0
76,2026-04-30,fund__net_income_growth_acceleration_sector_zscore,0.0,0.0,0
76,2026-04-30,fund__operating_cash_flow_growth_acceleration_sector_zscore,0.0,0.0,0
76,2026-04-30,fund__earnings_yield_missing,0.0,0.0,0
76,2026-04-30,fund__sales_yield_missing,0.0,0.0,0
76,2026-04-30,fund__book_to_market_missing,0.0,0.0,0
76,2026-04-30,fund__fcf_yield_missing,0.0,0.0,0
76,2026-04-30,fund__roe_missing,0.0,0.0,0
76,2026-04-30,fund__roa_missing,0.0,0.0,0
76,2026-04-30,fund__gross_profitability_missing,0.0,0.0,0
76,2026-04-30,fund__gross_margin_missing,0.0,0.0,0
76,2026-04-30,fund__operating_margin_missing,0.0,0.0,0
76,2026-04-30,fund__net_margin_missing,0.0,0.0,0
76,2026-04-30,fund__cash_conversion_missing,0.0,0.0,0
76,2026-04-30,fund__debt_to_assets_missing,0.0,0.0,0
76,2026-04-30,fund__net_debt_to_assets_missing,0.0,0.0,0
76,2026-04-30,fund__current_ratio_missing,0.0,0.0,0
76,2026-04-30,fund__interest_coverage_missing,0.0,0.0,0
76,2026-04-30,fund__capex_to_assets_missing,0.0,0.0,0
76,2026-04-30,fund__accruals_missing,0.0,0.0,0
76,2026-04-30,fund__revenue_growth_yoy_missing,0.0,0.0,0
76,2026-04-30,fund__net_income_growth_yoy_missing,0.0,0.0,0
76,2026-04-30,fund__operating_cash_flow_growth_yoy_missing,0.0,0.0,0
76,2026-04-30,fund__asset_growth_yoy_missing,0.0,0.0,0
76,2026-04-30,fund__revenue_growth_acceleration_missing,0.0,0.0,0
76,2026-04-30,fund__net_income_growth_acceleration_missing,0.0,0.0,0
76,2026-04-30,fund__operating_cash_flow_growth_acceleration_missing,0.0,0.0,0
77,2026-05-29,tech__momentum_12_1_sector_neutral,5.025569915771484,0.037720523953310825,1
77,2026-05-29,tech__momentum_6_1_sector_neutral,0.0,0.0,0
77,2026-05-29,tech__return_3m_sector_neutral,0.0,0.0,0
77,2026-05-29,tech__return_1m_sector_neutral,0.0,0.0,0
77,2026-05-29,tech__return_1w_sector_neutral,0.0,0.0,0
77,2026-05-29,tech__reversal_1m_sector_neutral,0.0,0.0,0
77,2026-05-29,tech__volatility_20d_sector_neutral,0.0,0.0,0
77,2026-05-29,tech__volatility_60d_sector_neutral,15.134599685668945,0.11359607756634071,1
77,2026-05-29,tech__downside_volatility_60d_sector_neutral,0.0,0.0,0
77,2026-05-29,tech__beta_60d_market_sector_neutral,0.0,0.0,0
77,2026-05-29,tech__max_drawdown_126d_sector_neutral,0.0,0.0,0
77,2026-05-29,tech__distance_sma_50d_sector_neutral,0.0,0.0,0
77,2026-05-29,tech__distance_sma_200d_sector_neutral,0.0,0.0,0
77,2026-05-29,tech__sma_50_200_spread_sector_neutral,8.915149688720703,0.06691462322022382,1
77,2026-05-29,tech__positive_day_ratio_60d_sector_neutral,0.0,0.0,0
77,2026-05-29,tech__average_dollar_volume_20d_sector_neutral,41.23160171508789,0.30947288490535124,2
77,2026-05-29,tech__dollar_volume_change_20d_60d_sector_neutral,0.0,0.0,0
77,2026-05-29,tech__amihud_illiquidity_20d_sector_neutral,26.889299631118774,0.20182357181825494,2
77,2026-05-29,tech__zero_volume_ratio_60d_sector_neutral,0.0,0.0,0
77,2026-05-29,fund__earnings_yield_zscore,0.0,0.0,0
77,2026-05-29,fund__sales_yield_zscore,0.0,0.0,0
77,2026-05-29,fund__book_to_market_zscore,7.870039939880371,0.059070321384673954,1
77,2026-05-29,fund__fcf_yield_zscore,0.0,0.0,0
77,2026-05-29,fund__roe_zscore,3.6251299381256104,0.02720921267771076,1
77,2026-05-29,fund__roa_zscore,0.0,0.0,0
77,2026-05-29,fund__gross_profitability_zscore,0.0,0.0,0
77,2026-05-29,fund__gross_margin_zscore,0.0,0.0,0
77,2026-05-29,fund__operating_margin_zscore,0.0,0.0,0
77,2026-05-29,fund__net_margin_zscore,0.0,0.0,0
77,2026-05-29,fund__cash_conversion_zscore,0.0,0.0,0
77,2026-05-29,fund__debt_to_assets_zscore,0.0,0.0,0
77,2026-05-29,fund__net_debt_to_assets_zscore,0.0,0.0,0
77,2026-05-29,fund__current_ratio_zscore,0.0,0.0,0
77,2026-05-29,fund__interest_coverage_zscore,0.0,0.0,0
77,2026-05-29,fund__capex_to_assets_zscore,0.0,0.0,0
77,2026-05-29,fund__accruals_zscore,0.0,0.0,0
77,2026-05-29,fund__revenue_growth_yoy_zscore,0.0,0.0,0
77,2026-05-29,fund__net_income_growth_yoy_zscore,0.0,0.0,0
77,2026-05-29,fund__operating_cash_flow_growth_yoy_zscore,0.0,0.0,0
77,2026-05-29,fund__asset_growth_yoy_zscore,0.0,0.0,0
77,2026-05-29,fund__revenue_growth_acceleration_zscore,21.9399995803833,0.1646755081668052,2
77,2026-05-29,fund__net_income_growth_acceleration_zscore,0.0,0.0,0
77,2026-05-29,fund__operating_cash_flow_growth_acceleration_zscore,0.0,0.0,0
77,2026-05-29,fund__earnings_yield_sector_zscore,0.0,0.0,0
77,2026-05-29,fund__sales_yield_sector_zscore,0.0,0.0,0
77,2026-05-29,fund__book_to_market_sector_zscore,0.0,0.0,0
77,2026-05-29,fund__fcf_yield_sector_zscore,0.0,0.0,0
77,2026-05-29,fund__roe_sector_zscore,0.0,0.0,0
77,2026-05-29,fund__roa_sector_zscore,0.0,0.0,0
77,2026-05-29,fund__gross_profitability_sector_zscore,0.0,0.0,0
77,2026-05-29,fund__gross_margin_sector_zscore,0.0,0.0,0
77,2026-05-29,fund__operating_margin_sector_zscore,0.0,0.0,0
77,2026-05-29,fund__net_margin_sector_zscore,0.0,0.0,0
77,2026-05-29,fund__cash_conversion_sector_zscore,0.0,0.0,0
77,2026-05-29,fund__debt_to_assets_sector_zscore,0.0,0.0,0
77,2026-05-29,fund__net_debt_to_assets_sector_zscore,0.0,0.0,0
77,2026-05-29,fund__current_ratio_sector_zscore,0.0,0.0,0
77,2026-05-29,fund__interest_coverage_sector_zscore,0.0,0.0,0
77,2026-05-29,fund__capex_to_assets_sector_zscore,0.0,0.0,0
77,2026-05-29,fund__accruals_sector_zscore,0.0,0.0,0
77,2026-05-29,fund__revenue_growth_yoy_sector_zscore,0.0,0.0,0
77,2026-05-29,fund__net_income_growth_yoy_sector_zscore,0.0,0.0,0
77,2026-05-29,fund__operating_cash_flow_growth_yoy_sector_zscore,2.6003201007843018,0.019517276307328538,1
77,2026-05-29,fund__asset_growth_yoy_sector_zscore,0.0,0.0,0
77,2026-05-29,fund__revenue_growth_acceleration_sector_zscore,0.0,0.0,0
77,2026-05-29,fund__net_income_growth_acceleration_sector_zscore,0.0,0.0,0
77,2026-05-29,fund__operating_cash_flow_growth_acceleration_sector_zscore,0.0,0.0,0
77,2026-05-29,fund__earnings_yield_missing,0.0,0.0,0
77,2026-05-29,fund__sales_yield_missing,0.0,0.0,0
77,2026-05-29,fund__book_to_market_missing,0.0,0.0,0
77,2026-05-29,fund__fcf_yield_missing,0.0,0.0,0
77,2026-05-29,fund__roe_missing,0.0,0.0,0
77,2026-05-29,fund__roa_missing,0.0,0.0,0
77,2026-05-29,fund__gross_profitability_missing,0.0,0.0,0
77,2026-05-29,fund__gross_margin_missing,0.0,0.0,0
77,2026-05-29,fund__operating_margin_missing,0.0,0.0,0
77,2026-05-29,fund__net_margin_missing,0.0,0.0,0
77,2026-05-29,fund__cash_conversion_missing,0.0,0.0,0
77,2026-05-29,fund__debt_to_assets_missing,0.0,0.0,0
77,2026-05-29,fund__net_debt_to_assets_missing,0.0,0.0,0
77,2026-05-29,fund__current_ratio_missing,0.0,0.0,0
77,2026-05-29,fund__interest_coverage_missing,0.0,0.0,0
77,2026-05-29,fund__capex_to_assets_missing,0.0,0.0,0
77,2026-05-29,fund__accruals_missing,0.0,0.0,0
77,2026-05-29,fund__revenue_growth_yoy_missing,0.0,0.0,0
77,2026-05-29,fund__net_income_growth_yoy_missing,0.0,0.0,0
77,2026-05-29,fund__operating_cash_flow_growth_yoy_missing,0.0,0.0,0
77,2026-05-29,fund__asset_growth_yoy_missing,0.0,0.0,0
77,2026-05-29,fund__revenue_growth_acceleration_missing,0.0,0.0,0
77,2026-05-29,fund__net_income_growth_acceleration_missing,0.0,0.0,0
77,2026-05-29,fund__operating_cash_flow_growth_acceleration_missing,0.0,0.0,0
