fold_id,test_date,feature,gain,gain_share,split_count,selected_candidate,selected_estimators
1,2020-01-31,fund__accruals_missing,0.025266699492931366,0.001469967759363604,1,regularized,67
1,2020-01-31,fund__accruals_sector_zscore,0.14904040098190308,0.008670882572031715,6,regularized,67
1,2020-01-31,fund__accruals_zscore,0.34177529998123646,0.01988382661771053,12,regularized,67
1,2020-01-31,fund__asset_growth_yoy_missing,0.0,0.0,0,regularized,67
1,2020-01-31,fund__asset_growth_yoy_sector_zscore,0.0419716015458107,0.0024418266856918816,1,regularized,67
1,2020-01-31,fund__asset_growth_yoy_zscore,0.22200299613177776,0.012915705388712626,5,regularized,67
1,2020-01-31,fund__book_to_market_missing,0.0,0.0,0,regularized,67
1,2020-01-31,fund__book_to_market_sector_zscore,1.0613392926752567,0.06174666946171043,19,regularized,67
1,2020-01-31,fund__book_to_market_zscore,0.5134031996130943,0.029868806220475972,11,regularized,67
1,2020-01-31,fund__capex_to_assets_missing,0.0,0.0,0,regularized,67
1,2020-01-31,fund__capex_to_assets_sector_zscore,0.02527010068297386,0.0014701656340289253,1,regularized,67
1,2020-01-31,fund__capex_to_assets_zscore,0.3796718046069145,0.02208857203797822,12,regularized,67
1,2020-01-31,fund__cash_conversion_missing,0.0,0.0,0,regularized,67
1,2020-01-31,fund__cash_conversion_sector_zscore,0.23747650161385536,0.013815924041701054,6,regularized,67
1,2020-01-31,fund__cash_conversion_zscore,0.37507539242506027,0.021821161657846772,8,regularized,67
1,2020-01-31,fund__current_ratio_missing,0.0,0.0,0,regularized,67
1,2020-01-31,fund__current_ratio_sector_zscore,0.10029010102152824,0.005834684309527986,2,regularized,67
1,2020-01-31,fund__current_ratio_zscore,0.04293939843773842,0.002498131239008948,1,regularized,67
1,2020-01-31,fund__debt_to_assets_missing,0.0,0.0,0,regularized,67
1,2020-01-31,fund__debt_to_assets_sector_zscore,0.0,0.0,0,regularized,67
1,2020-01-31,fund__debt_to_assets_zscore,0.02586369961500168,0.0015047000730171942,1,regularized,67
1,2020-01-31,fund__earnings_yield_missing,0.0,0.0,0,regularized,67
1,2020-01-31,fund__earnings_yield_sector_zscore,0.10306690074503422,0.005996233152458797,3,regularized,67
1,2020-01-31,fund__earnings_yield_zscore,0.21662560105323792,0.01260285893256882,4,regularized,67
1,2020-01-31,fund__fcf_yield_missing,0.0,0.0,0,regularized,67
1,2020-01-31,fund__fcf_yield_sector_zscore,0.06772900000214577,0.0039403423626795655,2,regularized,67
1,2020-01-31,fund__fcf_yield_zscore,0.21312579791992903,0.012399247148151823,6,regularized,67
1,2020-01-31,fund__gross_margin_missing,0.0,0.0,0,regularized,67
1,2020-01-31,fund__gross_margin_sector_zscore,0.0,0.0,0,regularized,67
1,2020-01-31,fund__gross_margin_zscore,0.03981480002403259,0.002316348140255144,1,regularized,67
1,2020-01-31,fund__gross_profitability_missing,0.0,0.0,0,regularized,67
1,2020-01-31,fund__gross_profitability_sector_zscore,0.14710679836571217,0.008558389307685222,5,regularized,67
1,2020-01-31,fund__gross_profitability_zscore,0.3079227935522795,0.01791435319922398,8,regularized,67
1,2020-01-31,fund__interest_coverage_missing,0.0,0.0,0,regularized,67
1,2020-01-31,fund__interest_coverage_sector_zscore,0.120669299736619,0.007020306716650386,3,regularized,67
1,2020-01-31,fund__interest_coverage_zscore,0.05195379815995693,0.003022571598359583,2,regularized,67
1,2020-01-31,fund__net_debt_to_assets_missing,0.0,0.0,0,regularized,67
1,2020-01-31,fund__net_debt_to_assets_sector_zscore,0.0,0.0,0,regularized,67
1,2020-01-31,fund__net_debt_to_assets_zscore,0.042810200713574886,0.0024906147650366876,2,regularized,67
1,2020-01-31,fund__net_income_growth_acceleration_missing,0.0,0.0,0,regularized,67
1,2020-01-31,fund__net_income_growth_acceleration_sector_zscore,0.0,0.0,0,regularized,67
1,2020-01-31,fund__net_income_growth_acceleration_zscore,0.02712780050933361,0.0015782430207128553,1,regularized,67
1,2020-01-31,fund__net_income_growth_yoy_missing,0.0,0.0,0,regularized,67
1,2020-01-31,fund__net_income_growth_yoy_sector_zscore,0.07292240113019943,0.004242484406274028,3,regularized,67
1,2020-01-31,fund__net_income_growth_yoy_zscore,0.048440590500831604,0.002818179964529123,4,regularized,67
1,2020-01-31,fund__net_margin_missing,0.0,0.0,0,regularized,67
1,2020-01-31,fund__net_margin_sector_zscore,0.5728729981929064,0.03332864420179314,12,regularized,67
1,2020-01-31,fund__net_margin_zscore,0.22178076999261975,0.012902776701293776,9,regularized,67
1,2020-01-31,fund__operating_cash_flow_growth_acceleration_missing,0.0,0.0,0,regularized,67
1,2020-01-31,fund__operating_cash_flow_growth_acceleration_sector_zscore,0.02147899940609932,0.001249606686428871,1,regularized,67
1,2020-01-31,fund__operating_cash_flow_growth_acceleration_zscore,0.05701970122754574,0.003317296051131898,2,regularized,67
1,2020-01-31,fund__operating_cash_flow_growth_yoy_missing,0.0,0.0,0,regularized,67
1,2020-01-31,fund__operating_cash_flow_growth_yoy_sector_zscore,0.08077229931950569,0.004699176316343054,3,regularized,67
1,2020-01-31,fund__operating_cash_flow_growth_yoy_zscore,0.22455769777297974,0.013064332994324938,7,regularized,67
1,2020-01-31,fund__operating_margin_missing,0.0,0.0,0,regularized,67
1,2020-01-31,fund__operating_margin_sector_zscore,0.17504849983379245,0.010183983513661014,7,regularized,67
1,2020-01-31,fund__operating_margin_zscore,0.21875819470733404,0.012726929111035214,6,regularized,67
1,2020-01-31,fund__revenue_growth_acceleration_missing,0.0,0.0,0,regularized,67
1,2020-01-31,fund__revenue_growth_acceleration_sector_zscore,0.0,0.0,0,regularized,67
1,2020-01-31,fund__revenue_growth_acceleration_zscore,0.035898201167583466,0.002088487985946061,1,regularized,67
1,2020-01-31,fund__revenue_growth_yoy_missing,0.0,0.0,0,regularized,67
1,2020-01-31,fund__revenue_growth_yoy_sector_zscore,0.2269452977925539,0.013203238950443655,8,regularized,67
1,2020-01-31,fund__revenue_growth_yoy_zscore,0.28556480072438717,0.016613608373795597,8,regularized,67
1,2020-01-31,fund__roa_missing,0.0,0.0,0,regularized,67
1,2020-01-31,fund__roa_sector_zscore,0.049023501574993134,0.002852092604596464,2,regularized,67
1,2020-01-31,fund__roa_zscore,0.12489169836044312,0.007265957710597543,3,regularized,67
1,2020-01-31,fund__roe_missing,0.0,0.0,0,regularized,67
1,2020-01-31,fund__roe_sector_zscore,0.0,0.0,0,regularized,67
1,2020-01-31,fund__roe_zscore,0.5184540022164583,0.030162652157414902,15,regularized,67
1,2020-01-31,fund__sales_yield_missing,0.0,0.0,0,regularized,67
1,2020-01-31,fund__sales_yield_sector_zscore,0.19975160248577595,0.011621162297729118,6,regularized,67
1,2020-01-31,fund__sales_yield_zscore,0.7192110996693373,0.04184231220963931,15,regularized,67
1,2020-01-31,tech__amihud_illiquidity_20d_sector_neutral,0.7896092925220728,0.04593794305528787,24,regularized,67
1,2020-01-31,tech__average_dollar_volume_20d_sector_neutral,0.15493059903383255,0.009013562914393999,6,regularized,67
1,2020-01-31,tech__beta_60d_market_sector_neutral,0.47599770221859217,0.02769262665225575,10,regularized,67
1,2020-01-31,tech__distance_sma_200d_sector_neutral,0.2859963960945606,0.01663871775855806,7,regularized,67
1,2020-01-31,tech__distance_sma_50d_sector_neutral,0.27684049867093563,0.01610604533632364,9,regularized,67
1,2020-01-31,tech__dollar_volume_change_20d_60d_sector_neutral,0.14619536977261305,0.008505364153086274,6,regularized,67
1,2020-01-31,tech__downside_volatility_60d_sector_neutral,0.18845310155302286,0.010963837343002323,8,regularized,67
1,2020-01-31,tech__max_drawdown_126d_sector_neutral,0.3246361007913947,0.01888670112304802,11,regularized,67
1,2020-01-31,tech__momentum_12_1_sector_neutral,0.03287690132856369,0.001912714598686993,1,regularized,67
1,2020-01-31,tech__momentum_6_1_sector_neutral,1.467413192614913,0.08537126439534355,26,regularized,67
1,2020-01-31,tech__positive_day_ratio_60d_sector_neutral,0.24328247760422528,0.014153704507245063,10,regularized,67
1,2020-01-31,tech__return_1m_sector_neutral,0.3834091052412987,0.02230600096814501,12,regularized,67
1,2020-01-31,tech__return_1w_sector_neutral,0.4642480965703726,0.027009057296750842,13,regularized,67
1,2020-01-31,tech__return_3m_sector_neutral,1.088722798973322,0.06333978895116917,28,regularized,67
1,2020-01-31,tech__reversal_1m_sector_neutral,0.1300061009824276,0.0075635037737398665,5,regularized,67
1,2020-01-31,tech__sma_50_200_spread_sector_neutral,0.8458015043288469,0.04920709737069014,19,regularized,67
1,2020-01-31,tech__volatility_20d_sector_neutral,0.38261845894157887,0.022260002694014534,12,regularized,67
1,2020-01-31,tech__volatility_60d_sector_neutral,0.7748386021703482,0.04507861282869249,16,regularized,67
1,2020-01-31,tech__zero_volume_ratio_60d_sector_neutral,0.0,0.0,0,regularized,67
2,2020-02-28,fund__accruals_missing,0.025266699492931366,0.001469967759363604,1,regularized,67
2,2020-02-28,fund__accruals_sector_zscore,0.14904040098190308,0.008670882572031715,6,regularized,67
2,2020-02-28,fund__accruals_zscore,0.34177529998123646,0.01988382661771053,12,regularized,67
2,2020-02-28,fund__asset_growth_yoy_missing,0.0,0.0,0,regularized,67
2,2020-02-28,fund__asset_growth_yoy_sector_zscore,0.0419716015458107,0.0024418266856918816,1,regularized,67
2,2020-02-28,fund__asset_growth_yoy_zscore,0.22200299613177776,0.012915705388712626,5,regularized,67
2,2020-02-28,fund__book_to_market_missing,0.0,0.0,0,regularized,67
2,2020-02-28,fund__book_to_market_sector_zscore,1.0613392926752567,0.06174666946171043,19,regularized,67
2,2020-02-28,fund__book_to_market_zscore,0.5134031996130943,0.029868806220475972,11,regularized,67
2,2020-02-28,fund__capex_to_assets_missing,0.0,0.0,0,regularized,67
2,2020-02-28,fund__capex_to_assets_sector_zscore,0.02527010068297386,0.0014701656340289253,1,regularized,67
2,2020-02-28,fund__capex_to_assets_zscore,0.3796718046069145,0.02208857203797822,12,regularized,67
2,2020-02-28,fund__cash_conversion_missing,0.0,0.0,0,regularized,67
2,2020-02-28,fund__cash_conversion_sector_zscore,0.23747650161385536,0.013815924041701054,6,regularized,67
2,2020-02-28,fund__cash_conversion_zscore,0.37507539242506027,0.021821161657846772,8,regularized,67
2,2020-02-28,fund__current_ratio_missing,0.0,0.0,0,regularized,67
2,2020-02-28,fund__current_ratio_sector_zscore,0.10029010102152824,0.005834684309527986,2,regularized,67
2,2020-02-28,fund__current_ratio_zscore,0.04293939843773842,0.002498131239008948,1,regularized,67
2,2020-02-28,fund__debt_to_assets_missing,0.0,0.0,0,regularized,67
2,2020-02-28,fund__debt_to_assets_sector_zscore,0.0,0.0,0,regularized,67
2,2020-02-28,fund__debt_to_assets_zscore,0.02586369961500168,0.0015047000730171942,1,regularized,67
2,2020-02-28,fund__earnings_yield_missing,0.0,0.0,0,regularized,67
2,2020-02-28,fund__earnings_yield_sector_zscore,0.10306690074503422,0.005996233152458797,3,regularized,67
2,2020-02-28,fund__earnings_yield_zscore,0.21662560105323792,0.01260285893256882,4,regularized,67
2,2020-02-28,fund__fcf_yield_missing,0.0,0.0,0,regularized,67
2,2020-02-28,fund__fcf_yield_sector_zscore,0.06772900000214577,0.0039403423626795655,2,regularized,67
2,2020-02-28,fund__fcf_yield_zscore,0.21312579791992903,0.012399247148151823,6,regularized,67
2,2020-02-28,fund__gross_margin_missing,0.0,0.0,0,regularized,67
2,2020-02-28,fund__gross_margin_sector_zscore,0.0,0.0,0,regularized,67
2,2020-02-28,fund__gross_margin_zscore,0.03981480002403259,0.002316348140255144,1,regularized,67
2,2020-02-28,fund__gross_profitability_missing,0.0,0.0,0,regularized,67
2,2020-02-28,fund__gross_profitability_sector_zscore,0.14710679836571217,0.008558389307685222,5,regularized,67
2,2020-02-28,fund__gross_profitability_zscore,0.3079227935522795,0.01791435319922398,8,regularized,67
2,2020-02-28,fund__interest_coverage_missing,0.0,0.0,0,regularized,67
2,2020-02-28,fund__interest_coverage_sector_zscore,0.120669299736619,0.007020306716650386,3,regularized,67
2,2020-02-28,fund__interest_coverage_zscore,0.05195379815995693,0.003022571598359583,2,regularized,67
2,2020-02-28,fund__net_debt_to_assets_missing,0.0,0.0,0,regularized,67
2,2020-02-28,fund__net_debt_to_assets_sector_zscore,0.0,0.0,0,regularized,67
2,2020-02-28,fund__net_debt_to_assets_zscore,0.042810200713574886,0.0024906147650366876,2,regularized,67
2,2020-02-28,fund__net_income_growth_acceleration_missing,0.0,0.0,0,regularized,67
2,2020-02-28,fund__net_income_growth_acceleration_sector_zscore,0.0,0.0,0,regularized,67
2,2020-02-28,fund__net_income_growth_acceleration_zscore,0.02712780050933361,0.0015782430207128553,1,regularized,67
2,2020-02-28,fund__net_income_growth_yoy_missing,0.0,0.0,0,regularized,67
2,2020-02-28,fund__net_income_growth_yoy_sector_zscore,0.07292240113019943,0.004242484406274028,3,regularized,67
2,2020-02-28,fund__net_income_growth_yoy_zscore,0.048440590500831604,0.002818179964529123,4,regularized,67
2,2020-02-28,fund__net_margin_missing,0.0,0.0,0,regularized,67
2,2020-02-28,fund__net_margin_sector_zscore,0.5728729981929064,0.03332864420179314,12,regularized,67
2,2020-02-28,fund__net_margin_zscore,0.22178076999261975,0.012902776701293776,9,regularized,67
2,2020-02-28,fund__operating_cash_flow_growth_acceleration_missing,0.0,0.0,0,regularized,67
2,2020-02-28,fund__operating_cash_flow_growth_acceleration_sector_zscore,0.02147899940609932,0.001249606686428871,1,regularized,67
2,2020-02-28,fund__operating_cash_flow_growth_acceleration_zscore,0.05701970122754574,0.003317296051131898,2,regularized,67
2,2020-02-28,fund__operating_cash_flow_growth_yoy_missing,0.0,0.0,0,regularized,67
2,2020-02-28,fund__operating_cash_flow_growth_yoy_sector_zscore,0.08077229931950569,0.004699176316343054,3,regularized,67
2,2020-02-28,fund__operating_cash_flow_growth_yoy_zscore,0.22455769777297974,0.013064332994324938,7,regularized,67
2,2020-02-28,fund__operating_margin_missing,0.0,0.0,0,regularized,67
2,2020-02-28,fund__operating_margin_sector_zscore,0.17504849983379245,0.010183983513661014,7,regularized,67
2,2020-02-28,fund__operating_margin_zscore,0.21875819470733404,0.012726929111035214,6,regularized,67
2,2020-02-28,fund__revenue_growth_acceleration_missing,0.0,0.0,0,regularized,67
2,2020-02-28,fund__revenue_growth_acceleration_sector_zscore,0.0,0.0,0,regularized,67
2,2020-02-28,fund__revenue_growth_acceleration_zscore,0.035898201167583466,0.002088487985946061,1,regularized,67
2,2020-02-28,fund__revenue_growth_yoy_missing,0.0,0.0,0,regularized,67
2,2020-02-28,fund__revenue_growth_yoy_sector_zscore,0.2269452977925539,0.013203238950443655,8,regularized,67
2,2020-02-28,fund__revenue_growth_yoy_zscore,0.28556480072438717,0.016613608373795597,8,regularized,67
2,2020-02-28,fund__roa_missing,0.0,0.0,0,regularized,67
2,2020-02-28,fund__roa_sector_zscore,0.049023501574993134,0.002852092604596464,2,regularized,67
2,2020-02-28,fund__roa_zscore,0.12489169836044312,0.007265957710597543,3,regularized,67
2,2020-02-28,fund__roe_missing,0.0,0.0,0,regularized,67
2,2020-02-28,fund__roe_sector_zscore,0.0,0.0,0,regularized,67
2,2020-02-28,fund__roe_zscore,0.5184540022164583,0.030162652157414902,15,regularized,67
2,2020-02-28,fund__sales_yield_missing,0.0,0.0,0,regularized,67
2,2020-02-28,fund__sales_yield_sector_zscore,0.19975160248577595,0.011621162297729118,6,regularized,67
2,2020-02-28,fund__sales_yield_zscore,0.7192110996693373,0.04184231220963931,15,regularized,67
2,2020-02-28,tech__amihud_illiquidity_20d_sector_neutral,0.7896092925220728,0.04593794305528787,24,regularized,67
2,2020-02-28,tech__average_dollar_volume_20d_sector_neutral,0.15493059903383255,0.009013562914393999,6,regularized,67
2,2020-02-28,tech__beta_60d_market_sector_neutral,0.47599770221859217,0.02769262665225575,10,regularized,67
2,2020-02-28,tech__distance_sma_200d_sector_neutral,0.2859963960945606,0.01663871775855806,7,regularized,67
2,2020-02-28,tech__distance_sma_50d_sector_neutral,0.27684049867093563,0.01610604533632364,9,regularized,67
2,2020-02-28,tech__dollar_volume_change_20d_60d_sector_neutral,0.14619536977261305,0.008505364153086274,6,regularized,67
2,2020-02-28,tech__downside_volatility_60d_sector_neutral,0.18845310155302286,0.010963837343002323,8,regularized,67
2,2020-02-28,tech__max_drawdown_126d_sector_neutral,0.3246361007913947,0.01888670112304802,11,regularized,67
2,2020-02-28,tech__momentum_12_1_sector_neutral,0.03287690132856369,0.001912714598686993,1,regularized,67
2,2020-02-28,tech__momentum_6_1_sector_neutral,1.467413192614913,0.08537126439534355,26,regularized,67
2,2020-02-28,tech__positive_day_ratio_60d_sector_neutral,0.24328247760422528,0.014153704507245063,10,regularized,67
2,2020-02-28,tech__return_1m_sector_neutral,0.3834091052412987,0.02230600096814501,12,regularized,67
2,2020-02-28,tech__return_1w_sector_neutral,0.4642480965703726,0.027009057296750842,13,regularized,67
2,2020-02-28,tech__return_3m_sector_neutral,1.088722798973322,0.06333978895116917,28,regularized,67
2,2020-02-28,tech__reversal_1m_sector_neutral,0.1300061009824276,0.0075635037737398665,5,regularized,67
2,2020-02-28,tech__sma_50_200_spread_sector_neutral,0.8458015043288469,0.04920709737069014,19,regularized,67
2,2020-02-28,tech__volatility_20d_sector_neutral,0.38261845894157887,0.022260002694014534,12,regularized,67
2,2020-02-28,tech__volatility_60d_sector_neutral,0.7748386021703482,0.04507861282869249,16,regularized,67
2,2020-02-28,tech__zero_volume_ratio_60d_sector_neutral,0.0,0.0,0,regularized,67
3,2020-03-31,fund__accruals_missing,0.0,0.0,0,regularized,86
3,2020-03-31,fund__accruals_sector_zscore,0.25804019905626774,0.01164332558649011,9,regularized,86
3,2020-03-31,fund__accruals_zscore,0.5979889035224915,0.026982538094005824,17,regularized,86
3,2020-03-31,fund__asset_growth_yoy_missing,0.0,0.0,0,regularized,86
3,2020-03-31,fund__asset_growth_yoy_sector_zscore,0.10758550092577934,0.00485448786757187,4,regularized,86
3,2020-03-31,fund__asset_growth_yoy_zscore,0.31737390253692865,0.014320589169467554,11,regularized,86
3,2020-03-31,fund__book_to_market_missing,0.0,0.0,0,regularized,86
3,2020-03-31,fund__book_to_market_sector_zscore,0.8893772941082716,0.04013060539561946,21,regularized,86
3,2020-03-31,fund__book_to_market_zscore,0.7707738038152456,0.03477896228642043,16,regularized,86
3,2020-03-31,fund__capex_to_assets_missing,0.0,0.0,0,regularized,86
3,2020-03-31,fund__capex_to_assets_sector_zscore,0.22608899883925915,0.010201619106777455,6,regularized,86
3,2020-03-31,fund__capex_to_assets_zscore,0.24572200141847134,0.01108750216727037,7,regularized,86
3,2020-03-31,fund__cash_conversion_missing,0.0,0.0,0,regularized,86
3,2020-03-31,fund__cash_conversion_sector_zscore,0.5249688941985369,0.023687719123950873,16,regularized,86
3,2020-03-31,fund__cash_conversion_zscore,0.6552183981984854,0.02956485527597947,17,regularized,86
3,2020-03-31,fund__current_ratio_missing,0.0,0.0,0,regularized,86
3,2020-03-31,fund__current_ratio_sector_zscore,0.18934440053999424,0.008543624255169701,6,regularized,86
3,2020-03-31,fund__current_ratio_zscore,0.1246504969894886,0.005624496982541636,5,regularized,86
3,2020-03-31,fund__debt_to_assets_missing,0.0,0.0,0,regularized,86
3,2020-03-31,fund__debt_to_assets_sector_zscore,0.0,0.0,0,regularized,86
3,2020-03-31,fund__debt_to_assets_zscore,0.3290040045976639,0.014845364244794953,10,regularized,86
3,2020-03-31,fund__earnings_yield_missing,0.0,0.0,0,regularized,86
3,2020-03-31,fund__earnings_yield_sector_zscore,0.10721610113978386,0.004837819759286202,4,regularized,86
3,2020-03-31,fund__earnings_yield_zscore,0.3108010981231928,0.01402401017873147,10,regularized,86
3,2020-03-31,fund__fcf_yield_missing,0.0,0.0,0,regularized,86
3,2020-03-31,fund__fcf_yield_sector_zscore,0.016528699547052383,0.0007458102692969844,1,regularized,86
3,2020-03-31,fund__fcf_yield_zscore,0.12968060187995434,0.005851466071807908,5,regularized,86
3,2020-03-31,fund__gross_margin_missing,0.0,0.0,0,regularized,86
3,2020-03-31,fund__gross_margin_sector_zscore,0.08291999995708466,0.0037415277180186768,3,regularized,86
3,2020-03-31,fund__gross_margin_zscore,0.036650098860263824,0.0016537308348380637,1,regularized,86
3,2020-03-31,fund__gross_profitability_missing,0.0,0.0,0,regularized,86
3,2020-03-31,fund__gross_profitability_sector_zscore,0.0,0.0,0,regularized,86
3,2020-03-31,fund__gross_profitability_zscore,0.10949569940567017,0.0049406801078411364,4,regularized,86
3,2020-03-31,fund__interest_coverage_missing,0.0,0.0,0,regularized,86
3,2020-03-31,fund__interest_coverage_sector_zscore,0.11971910111606121,0.005401981855208051,3,regularized,86
3,2020-03-31,fund__interest_coverage_zscore,0.2107247021049261,0.009508349182403083,7,regularized,86
3,2020-03-31,fund__net_debt_to_assets_missing,0.0,0.0,0,regularized,86
3,2020-03-31,fund__net_debt_to_assets_sector_zscore,0.0,0.0,0,regularized,86
3,2020-03-31,fund__net_debt_to_assets_zscore,0.049899499863386154,0.0022515721412295644,2,regularized,86
3,2020-03-31,fund__net_income_growth_acceleration_missing,0.0,0.0,0,regularized,86
3,2020-03-31,fund__net_income_growth_acceleration_sector_zscore,0.05965329892933369,0.0026916844130592185,2,regularized,86
3,2020-03-31,fund__net_income_growth_acceleration_zscore,0.054728999733924866,0.002469489503013696,2,regularized,86
3,2020-03-31,fund__net_income_growth_yoy_missing,0.0,0.0,0,regularized,86
3,2020-03-31,fund__net_income_growth_yoy_sector_zscore,0.19106999970972538,0.008621486979808878,7,regularized,86
3,2020-03-31,fund__net_income_growth_yoy_zscore,0.04172159917652607,0.0018825677742381637,2,regularized,86
3,2020-03-31,fund__net_margin_missing,0.0,0.0,0,regularized,86
3,2020-03-31,fund__net_margin_sector_zscore,0.30467079393565655,0.013747397744464422,8,regularized,86
3,2020-03-31,fund__net_margin_zscore,0.3989660991355777,0.01800220356051763,13,regularized,86
3,2020-03-31,fund__operating_cash_flow_growth_acceleration_missing,0.0,0.0,0,regularized,86
3,2020-03-31,fund__operating_cash_flow_growth_acceleration_sector_zscore,0.08669829927384853,0.003912012662880706,3,regularized,86
3,2020-03-31,fund__operating_cash_flow_growth_acceleration_zscore,0.0,0.0,0,regularized,86
3,2020-03-31,fund__operating_cash_flow_growth_yoy_missing,0.0,0.0,0,regularized,86
3,2020-03-31,fund__operating_cash_flow_growth_yoy_sector_zscore,0.0,0.0,0,regularized,86
3,2020-03-31,fund__operating_cash_flow_growth_yoy_zscore,0.0,0.0,0,regularized,86
3,2020-03-31,fund__operating_margin_missing,0.0,0.0,0,regularized,86
3,2020-03-31,fund__operating_margin_sector_zscore,0.24964360147714615,0.011264453148048342,9,regularized,86
3,2020-03-31,fund__operating_margin_zscore,0.46393329929560423,0.020933662560597362,13,regularized,86
3,2020-03-31,fund__revenue_growth_acceleration_missing,0.0,0.0,0,regularized,86
3,2020-03-31,fund__revenue_growth_acceleration_sector_zscore,0.04444729909300804,0.002005557183232334,2,regularized,86
3,2020-03-31,fund__revenue_growth_acceleration_zscore,0.15557079948484898,0.007019687152534255,5,regularized,86
3,2020-03-31,fund__revenue_growth_yoy_missing,0.0,0.0,0,regularized,86
3,2020-03-31,fund__revenue_growth_yoy_sector_zscore,0.28876359947025776,0.0130296311135068,9,regularized,86
3,2020-03-31,fund__revenue_growth_yoy_zscore,0.41242210380733013,0.018609367266248542,9,regularized,86
3,2020-03-31,fund__roa_missing,0.0,0.0,0,regularized,86
3,2020-03-31,fund__roa_sector_zscore,0.10853240080177784,0.00489721401487132,3,regularized,86
3,2020-03-31,fund__roa_zscore,0.28551439940929413,0.012883020258516746,8,regularized,86
3,2020-03-31,fund__roe_missing,0.0,0.0,0,regularized,86
3,2020-03-31,fund__roe_sector_zscore,0.06842520087957382,0.0030874913872940444,4,regularized,86
3,2020-03-31,fund__roe_zscore,0.5644642021507025,0.025469831877341986,18,regularized,86
3,2020-03-31,fund__sales_yield_missing,0.0,0.0,0,regularized,86
3,2020-03-31,fund__sales_yield_sector_zscore,0.4592297989875078,0.020721430568513905,8,regularized,86
3,2020-03-31,fund__sales_yield_zscore,1.5994609016925097,0.07217109624538011,31,regularized,86
3,2020-03-31,tech__amihud_illiquidity_20d_sector_neutral,0.718677805736661,0.03242827944862795,22,regularized,86
3,2020-03-31,tech__average_dollar_volume_20d_sector_neutral,0.30507260002195835,0.01376552809431904,11,regularized,86
3,2020-03-31,tech__beta_60d_market_sector_neutral,0.4386643934994936,0.019793475494882428,11,regularized,86
3,2020-03-31,tech__distance_sma_200d_sector_neutral,0.3124783970415592,0.014099693492741585,10,regularized,86
3,2020-03-31,tech__distance_sma_50d_sector_neutral,0.3350075986236334,0.015116259245609253,12,regularized,86
3,2020-03-31,tech__dollar_volume_change_20d_60d_sector_neutral,0.1710818987339735,0.007719581120305291,5,regularized,86
3,2020-03-31,tech__downside_volatility_60d_sector_neutral,0.17812822200357914,0.008037526294412794,6,regularized,86
3,2020-03-31,tech__max_drawdown_126d_sector_neutral,0.2026399951428175,0.009143549915562233,6,regularized,86
3,2020-03-31,tech__momentum_12_1_sector_neutral,0.1869190987199545,0.008434189450672158,5,regularized,86
3,2020-03-31,tech__momentum_6_1_sector_neutral,1.863380180671811,0.08407969849009335,29,regularized,86
3,2020-03-31,tech__positive_day_ratio_60d_sector_neutral,0.4311811989173293,0.0194558177529265,16,regularized,86
3,2020-03-31,tech__return_1m_sector_neutral,0.19179349765181541,0.008654132754117371,7,regularized,86
3,2020-03-31,tech__return_1w_sector_neutral,0.5210254183039069,0.02350978105867431,17,regularized,86
3,2020-03-31,tech__return_3m_sector_neutral,1.0941304587759078,0.04936950603904076,30,regularized,86
3,2020-03-31,tech__reversal_1m_sector_neutral,0.25818051025271416,0.01164965672772171,9,regularized,86
3,2020-03-31,tech__sma_50_200_spread_sector_neutral,1.3256298042833805,0.05981525155722303,25,regularized,86
3,2020-03-31,tech__volatility_20d_sector_neutral,0.48183753062039614,0.021741539765206593,15,regularized,86
3,2020-03-31,tech__volatility_60d_sector_neutral,0.8985524978488684,0.04054461020907434,18,regularized,86
3,2020-03-31,tech__zero_volume_ratio_60d_sector_neutral,0.0,0.0,0,regularized,86
4,2020-04-30,fund__accruals_missing,0.0,0.0,0,balanced,42
4,2020-04-30,fund__accruals_sector_zscore,0.0,0.0,0,balanced,42
4,2020-04-30,fund__accruals_zscore,0.3307771012187004,0.02604107188187321,8,balanced,42
4,2020-04-30,fund__asset_growth_yoy_missing,0.0,0.0,0,balanced,42
4,2020-04-30,fund__asset_growth_yoy_sector_zscore,0.0,0.0,0,balanced,42
4,2020-04-30,fund__asset_growth_yoy_zscore,0.14156439900398254,0.011144933179456966,4,balanced,42
4,2020-04-30,fund__book_to_market_missing,0.0,0.0,0,balanced,42
4,2020-04-30,fund__book_to_market_sector_zscore,0.5555734075605869,0.04373859916130299,8,balanced,42
4,2020-04-30,fund__book_to_market_zscore,0.3469481039792299,0.027314165586780226,7,balanced,42
4,2020-04-30,fund__capex_to_assets_missing,0.0,0.0,0,balanced,42
4,2020-04-30,fund__capex_to_assets_sector_zscore,0.0,0.0,0,balanced,42
4,2020-04-30,fund__capex_to_assets_zscore,0.19786300510168076,0.01557715065411854,4,balanced,42
4,2020-04-30,fund__cash_conversion_missing,0.0,0.0,0,balanced,42
4,2020-04-30,fund__cash_conversion_sector_zscore,0.37607969902455807,0.029607607175735427,7,balanced,42
4,2020-04-30,fund__cash_conversion_zscore,0.23248640447854996,0.01830294524100478,5,balanced,42
4,2020-04-30,fund__current_ratio_missing,0.0,0.0,0,balanced,42
4,2020-04-30,fund__current_ratio_sector_zscore,0.049020398408174515,0.0038592263911924217,1,balanced,42
4,2020-04-30,fund__current_ratio_zscore,0.047363799065351486,0.0037288073796980445,2,balanced,42
4,2020-04-30,fund__debt_to_assets_missing,0.0,0.0,0,balanced,42
4,2020-04-30,fund__debt_to_assets_sector_zscore,0.025463499128818512,0.0020046635898751585,1,balanced,42
4,2020-04-30,fund__debt_to_assets_zscore,0.06788109987974167,0.005344071868566914,2,balanced,42
4,2020-04-30,fund__earnings_yield_missing,0.0,0.0,0,balanced,42
4,2020-04-30,fund__earnings_yield_sector_zscore,0.04450489953160286,0.0035037349427394222,2,balanced,42
4,2020-04-30,fund__earnings_yield_zscore,0.0,0.0,0,balanced,42
4,2020-04-30,fund__fcf_yield_missing,0.0,0.0,0,balanced,42
4,2020-04-30,fund__fcf_yield_sector_zscore,0.0,0.0,0,balanced,42
4,2020-04-30,fund__fcf_yield_zscore,0.31054179929196835,0.024448008304969095,7,balanced,42
4,2020-04-30,fund__gross_margin_missing,0.0,0.0,0,balanced,42
4,2020-04-30,fund__gross_margin_sector_zscore,0.0,0.0,0,balanced,42
4,2020-04-30,fund__gross_margin_zscore,0.0,0.0,0,balanced,42
4,2020-04-30,fund__gross_profitability_missing,0.0,0.0,0,balanced,42
4,2020-04-30,fund__gross_profitability_sector_zscore,0.0,0.0,0,balanced,42
4,2020-04-30,fund__gross_profitability_zscore,0.1350002959370613,0.010628161373984549,2,balanced,42
4,2020-04-30,fund__interest_coverage_missing,0.0,0.0,0,balanced,42
4,2020-04-30,fund__interest_coverage_sector_zscore,0.17846889793872833,0.014050311774237084,3,balanced,42
4,2020-04-30,fund__interest_coverage_zscore,0.025831200182437897,0.002033611571863827,1,balanced,42
4,2020-04-30,fund__net_debt_to_assets_missing,0.0,0.0,0,balanced,42
4,2020-04-30,fund__net_debt_to_assets_sector_zscore,0.0,0.0,0,balanced,42
4,2020-04-30,fund__net_debt_to_assets_zscore,0.05176340043544769,0.004075174571103209,1,balanced,42
4,2020-04-30,fund__net_income_growth_acceleration_missing,0.0,0.0,0,balanced,42
4,2020-04-30,fund__net_income_growth_acceleration_sector_zscore,0.0,0.0,0,balanced,42
4,2020-04-30,fund__net_income_growth_acceleration_zscore,0.06429549865424633,0.005061788424795148,2,balanced,42
4,2020-04-30,fund__net_income_growth_yoy_missing,0.0,0.0,0,balanced,42
4,2020-04-30,fund__net_income_growth_yoy_sector_zscore,0.0260102991014719,0.002047711483276518,1,balanced,42
4,2020-04-30,fund__net_income_growth_yoy_zscore,0.0,0.0,0,balanced,42
4,2020-04-30,fund__net_margin_missing,0.0,0.0,0,balanced,42
4,2020-04-30,fund__net_margin_sector_zscore,0.17947809398174286,0.01412976269935317,3,balanced,42
4,2020-04-30,fund__net_margin_zscore,0.18110379576683044,0.014257749240404464,4,balanced,42
4,2020-04-30,fund__operating_cash_flow_growth_acceleration_missing,0.0,0.0,0,balanced,42
4,2020-04-30,fund__operating_cash_flow_growth_acceleration_sector_zscore,0.0,0.0,0,balanced,42
4,2020-04-30,fund__operating_cash_flow_growth_acceleration_zscore,0.0,0.0,0,balanced,42
4,2020-04-30,fund__operating_cash_flow_growth_yoy_missing,0.0,0.0,0,balanced,42
4,2020-04-30,fund__operating_cash_flow_growth_yoy_sector_zscore,0.0,0.0,0,balanced,42
4,2020-04-30,fund__operating_cash_flow_growth_yoy_zscore,0.0,0.0,0,balanced,42
4,2020-04-30,fund__operating_margin_missing,0.0,0.0,0,balanced,42
4,2020-04-30,fund__operating_margin_sector_zscore,0.1984088011085987,0.01562011950836094,4,balanced,42
4,2020-04-30,fund__operating_margin_zscore,0.15244649723172188,0.012001647568482345,3,balanced,42
4,2020-04-30,fund__revenue_growth_acceleration_missing,0.0,0.0,0,balanced,42
4,2020-04-30,fund__revenue_growth_acceleration_sector_zscore,0.0,0.0,0,balanced,42
4,2020-04-30,fund__revenue_growth_acceleration_zscore,0.0,0.0,0,balanced,42
4,2020-04-30,fund__revenue_growth_yoy_missing,0.0,0.0,0,balanced,42
4,2020-04-30,fund__revenue_growth_yoy_sector_zscore,0.11250589974224567,0.008857246198507425,3,balanced,42
4,2020-04-30,fund__revenue_growth_yoy_zscore,0.1704363003373146,0.01341792987486771,4,balanced,42
4,2020-04-30,fund__roa_missing,0.0,0.0,0,balanced,42
4,2020-04-30,fund__roa_sector_zscore,0.0,0.0,0,balanced,42
4,2020-04-30,fund__roa_zscore,0.19169361609965563,0.01509145348258806,6,balanced,42
4,2020-04-30,fund__roe_missing,0.0,0.0,0,balanced,42
4,2020-04-30,fund__roe_sector_zscore,0.03324320167303085,0.0026171358330473894,1,balanced,42
4,2020-04-30,fund__roe_zscore,0.26029759645462036,0.020492435525250853,6,balanced,42
4,2020-04-30,fund__sales_yield_missing,0.0,0.0,0,balanced,42
4,2020-04-30,fund__sales_yield_sector_zscore,0.4891193024814129,0.03850687023920888,6,balanced,42
4,2020-04-30,fund__sales_yield_zscore,0.6371276956051588,0.05015911941321583,14,balanced,42
4,2020-04-30,tech__amihud_illiquidity_20d_sector_neutral,0.3788609020411968,0.029826562802976644,11,balanced,42
4,2020-04-30,tech__average_dollar_volume_20d_sector_neutral,0.22034480050206184,0.017347073807498517,6,balanced,42
4,2020-04-30,tech__beta_60d_market_sector_neutral,0.26601359620690346,0.02094243874457152,5,balanced,42
4,2020-04-30,tech__distance_sma_200d_sector_neutral,0.320993397384882,0.02527083073196068,6,balanced,42
4,2020-04-30,tech__distance_sma_50d_sector_neutral,0.09952290169894695,0.007835134377459013,2,balanced,42
4,2020-04-30,tech__dollar_volume_change_20d_60d_sector_neutral,0.06861460022628307,0.005401818112727372,3,balanced,42
4,2020-04-30,tech__downside_volatility_60d_sector_neutral,0.03926660120487213,0.003091339699046601,1,balanced,42
4,2020-04-30,tech__max_drawdown_126d_sector_neutral,0.09017270058393478,0.00709902157385531,3,balanced,42
4,2020-04-30,tech__momentum_12_1_sector_neutral,0.06027759797871113,0.004745471364393012,2,balanced,42
4,2020-04-30,tech__momentum_6_1_sector_neutral,1.73423570394516,0.1365310853144199,16,balanced,42
4,2020-04-30,tech__positive_day_ratio_60d_sector_neutral,0.09725219942629337,0.007656368916105601,3,balanced,42
4,2020-04-30,tech__return_1m_sector_neutral,0.4562212061136961,0.035916903493832274,11,balanced,42
4,2020-04-30,tech__return_1w_sector_neutral,0.16431749984622002,0.01293621538244254,4,balanced,42
4,2020-04-30,tech__return_3m_sector_neutral,0.9584714993834496,0.07545753657133783,21,balanced,42
4,2020-04-30,tech__reversal_1m_sector_neutral,0.11484699696302414,0.00904155363933126,3,balanced,42
4,2020-04-30,tech__sma_50_200_spread_sector_neutral,0.8384849913418293,0.06601136490693078,12,balanced,42
4,2020-04-30,tech__volatility_20d_sector_neutral,0.085743498057127,0.006750323973703976,2,balanced,42
4,2020-04-30,tech__volatility_60d_sector_neutral,0.8951920988038182,0.07047574244754658,13,balanced,42
4,2020-04-30,tech__zero_volume_ratio_60d_sector_neutral,0.0,0.0,0,balanced,42
5,2020-05-29,fund__accruals_missing,0.0,0.0,0,balanced,42
5,2020-05-29,fund__accruals_sector_zscore,0.0,0.0,0,balanced,42
5,2020-05-29,fund__accruals_zscore,0.3307771012187004,0.02604107188187321,8,balanced,42
5,2020-05-29,fund__asset_growth_yoy_missing,0.0,0.0,0,balanced,42
5,2020-05-29,fund__asset_growth_yoy_sector_zscore,0.0,0.0,0,balanced,42
5,2020-05-29,fund__asset_growth_yoy_zscore,0.14156439900398254,0.011144933179456966,4,balanced,42
5,2020-05-29,fund__book_to_market_missing,0.0,0.0,0,balanced,42
5,2020-05-29,fund__book_to_market_sector_zscore,0.5555734075605869,0.04373859916130299,8,balanced,42
5,2020-05-29,fund__book_to_market_zscore,0.3469481039792299,0.027314165586780226,7,balanced,42
5,2020-05-29,fund__capex_to_assets_missing,0.0,0.0,0,balanced,42
5,2020-05-29,fund__capex_to_assets_sector_zscore,0.0,0.0,0,balanced,42
5,2020-05-29,fund__capex_to_assets_zscore,0.19786300510168076,0.01557715065411854,4,balanced,42
5,2020-05-29,fund__cash_conversion_missing,0.0,0.0,0,balanced,42
5,2020-05-29,fund__cash_conversion_sector_zscore,0.37607969902455807,0.029607607175735427,7,balanced,42
5,2020-05-29,fund__cash_conversion_zscore,0.23248640447854996,0.01830294524100478,5,balanced,42
5,2020-05-29,fund__current_ratio_missing,0.0,0.0,0,balanced,42
5,2020-05-29,fund__current_ratio_sector_zscore,0.049020398408174515,0.0038592263911924217,1,balanced,42
5,2020-05-29,fund__current_ratio_zscore,0.047363799065351486,0.0037288073796980445,2,balanced,42
5,2020-05-29,fund__debt_to_assets_missing,0.0,0.0,0,balanced,42
5,2020-05-29,fund__debt_to_assets_sector_zscore,0.025463499128818512,0.0020046635898751585,1,balanced,42
5,2020-05-29,fund__debt_to_assets_zscore,0.06788109987974167,0.005344071868566914,2,balanced,42
5,2020-05-29,fund__earnings_yield_missing,0.0,0.0,0,balanced,42
5,2020-05-29,fund__earnings_yield_sector_zscore,0.04450489953160286,0.0035037349427394222,2,balanced,42
5,2020-05-29,fund__earnings_yield_zscore,0.0,0.0,0,balanced,42
5,2020-05-29,fund__fcf_yield_missing,0.0,0.0,0,balanced,42
5,2020-05-29,fund__fcf_yield_sector_zscore,0.0,0.0,0,balanced,42
5,2020-05-29,fund__fcf_yield_zscore,0.31054179929196835,0.024448008304969095,7,balanced,42
5,2020-05-29,fund__gross_margin_missing,0.0,0.0,0,balanced,42
5,2020-05-29,fund__gross_margin_sector_zscore,0.0,0.0,0,balanced,42
5,2020-05-29,fund__gross_margin_zscore,0.0,0.0,0,balanced,42
5,2020-05-29,fund__gross_profitability_missing,0.0,0.0,0,balanced,42
5,2020-05-29,fund__gross_profitability_sector_zscore,0.0,0.0,0,balanced,42
5,2020-05-29,fund__gross_profitability_zscore,0.1350002959370613,0.010628161373984549,2,balanced,42
5,2020-05-29,fund__interest_coverage_missing,0.0,0.0,0,balanced,42
5,2020-05-29,fund__interest_coverage_sector_zscore,0.17846889793872833,0.014050311774237084,3,balanced,42
5,2020-05-29,fund__interest_coverage_zscore,0.025831200182437897,0.002033611571863827,1,balanced,42
5,2020-05-29,fund__net_debt_to_assets_missing,0.0,0.0,0,balanced,42
5,2020-05-29,fund__net_debt_to_assets_sector_zscore,0.0,0.0,0,balanced,42
5,2020-05-29,fund__net_debt_to_assets_zscore,0.05176340043544769,0.004075174571103209,1,balanced,42
5,2020-05-29,fund__net_income_growth_acceleration_missing,0.0,0.0,0,balanced,42
5,2020-05-29,fund__net_income_growth_acceleration_sector_zscore,0.0,0.0,0,balanced,42
5,2020-05-29,fund__net_income_growth_acceleration_zscore,0.06429549865424633,0.005061788424795148,2,balanced,42
5,2020-05-29,fund__net_income_growth_yoy_missing,0.0,0.0,0,balanced,42
5,2020-05-29,fund__net_income_growth_yoy_sector_zscore,0.0260102991014719,0.002047711483276518,1,balanced,42
5,2020-05-29,fund__net_income_growth_yoy_zscore,0.0,0.0,0,balanced,42
5,2020-05-29,fund__net_margin_missing,0.0,0.0,0,balanced,42
5,2020-05-29,fund__net_margin_sector_zscore,0.17947809398174286,0.01412976269935317,3,balanced,42
5,2020-05-29,fund__net_margin_zscore,0.18110379576683044,0.014257749240404464,4,balanced,42
5,2020-05-29,fund__operating_cash_flow_growth_acceleration_missing,0.0,0.0,0,balanced,42
5,2020-05-29,fund__operating_cash_flow_growth_acceleration_sector_zscore,0.0,0.0,0,balanced,42
5,2020-05-29,fund__operating_cash_flow_growth_acceleration_zscore,0.0,0.0,0,balanced,42
5,2020-05-29,fund__operating_cash_flow_growth_yoy_missing,0.0,0.0,0,balanced,42
5,2020-05-29,fund__operating_cash_flow_growth_yoy_sector_zscore,0.0,0.0,0,balanced,42
5,2020-05-29,fund__operating_cash_flow_growth_yoy_zscore,0.0,0.0,0,balanced,42
5,2020-05-29,fund__operating_margin_missing,0.0,0.0,0,balanced,42
5,2020-05-29,fund__operating_margin_sector_zscore,0.1984088011085987,0.01562011950836094,4,balanced,42
5,2020-05-29,fund__operating_margin_zscore,0.15244649723172188,0.012001647568482345,3,balanced,42
5,2020-05-29,fund__revenue_growth_acceleration_missing,0.0,0.0,0,balanced,42
5,2020-05-29,fund__revenue_growth_acceleration_sector_zscore,0.0,0.0,0,balanced,42
5,2020-05-29,fund__revenue_growth_acceleration_zscore,0.0,0.0,0,balanced,42
5,2020-05-29,fund__revenue_growth_yoy_missing,0.0,0.0,0,balanced,42
5,2020-05-29,fund__revenue_growth_yoy_sector_zscore,0.11250589974224567,0.008857246198507425,3,balanced,42
5,2020-05-29,fund__revenue_growth_yoy_zscore,0.1704363003373146,0.01341792987486771,4,balanced,42
5,2020-05-29,fund__roa_missing,0.0,0.0,0,balanced,42
5,2020-05-29,fund__roa_sector_zscore,0.0,0.0,0,balanced,42
5,2020-05-29,fund__roa_zscore,0.19169361609965563,0.01509145348258806,6,balanced,42
5,2020-05-29,fund__roe_missing,0.0,0.0,0,balanced,42
5,2020-05-29,fund__roe_sector_zscore,0.03324320167303085,0.0026171358330473894,1,balanced,42
5,2020-05-29,fund__roe_zscore,0.26029759645462036,0.020492435525250853,6,balanced,42
5,2020-05-29,fund__sales_yield_missing,0.0,0.0,0,balanced,42
5,2020-05-29,fund__sales_yield_sector_zscore,0.4891193024814129,0.03850687023920888,6,balanced,42
5,2020-05-29,fund__sales_yield_zscore,0.6371276956051588,0.05015911941321583,14,balanced,42
5,2020-05-29,tech__amihud_illiquidity_20d_sector_neutral,0.3788609020411968,0.029826562802976644,11,balanced,42
5,2020-05-29,tech__average_dollar_volume_20d_sector_neutral,0.22034480050206184,0.017347073807498517,6,balanced,42
5,2020-05-29,tech__beta_60d_market_sector_neutral,0.26601359620690346,0.02094243874457152,5,balanced,42
5,2020-05-29,tech__distance_sma_200d_sector_neutral,0.320993397384882,0.02527083073196068,6,balanced,42
5,2020-05-29,tech__distance_sma_50d_sector_neutral,0.09952290169894695,0.007835134377459013,2,balanced,42
5,2020-05-29,tech__dollar_volume_change_20d_60d_sector_neutral,0.06861460022628307,0.005401818112727372,3,balanced,42
5,2020-05-29,tech__downside_volatility_60d_sector_neutral,0.03926660120487213,0.003091339699046601,1,balanced,42
5,2020-05-29,tech__max_drawdown_126d_sector_neutral,0.09017270058393478,0.00709902157385531,3,balanced,42
5,2020-05-29,tech__momentum_12_1_sector_neutral,0.06027759797871113,0.004745471364393012,2,balanced,42
5,2020-05-29,tech__momentum_6_1_sector_neutral,1.73423570394516,0.1365310853144199,16,balanced,42
5,2020-05-29,tech__positive_day_ratio_60d_sector_neutral,0.09725219942629337,0.007656368916105601,3,balanced,42
5,2020-05-29,tech__return_1m_sector_neutral,0.4562212061136961,0.035916903493832274,11,balanced,42
5,2020-05-29,tech__return_1w_sector_neutral,0.16431749984622002,0.01293621538244254,4,balanced,42
5,2020-05-29,tech__return_3m_sector_neutral,0.9584714993834496,0.07545753657133783,21,balanced,42
5,2020-05-29,tech__reversal_1m_sector_neutral,0.11484699696302414,0.00904155363933126,3,balanced,42
5,2020-05-29,tech__sma_50_200_spread_sector_neutral,0.8384849913418293,0.06601136490693078,12,balanced,42
5,2020-05-29,tech__volatility_20d_sector_neutral,0.085743498057127,0.006750323973703976,2,balanced,42
5,2020-05-29,tech__volatility_60d_sector_neutral,0.8951920988038182,0.07047574244754658,13,balanced,42
5,2020-05-29,tech__zero_volume_ratio_60d_sector_neutral,0.0,0.0,0,balanced,42
6,2020-06-30,fund__accruals_missing,0.0,0.0,0,shallow,94
6,2020-06-30,fund__accruals_sector_zscore,0.13543399795889854,0.00784094209855064,4,shallow,94
6,2020-06-30,fund__accruals_zscore,0.14746410213410854,0.008537424161392648,4,shallow,94
6,2020-06-30,fund__asset_growth_yoy_missing,0.0,0.0,0,shallow,94
6,2020-06-30,fund__asset_growth_yoy_sector_zscore,0.04204539954662323,0.002434215546494831,1,shallow,94
6,2020-06-30,fund__asset_growth_yoy_zscore,0.3732533026486635,0.021609474565235456,11,shallow,94
6,2020-06-30,fund__book_to_market_missing,0.0,0.0,0,shallow,94
6,2020-06-30,fund__book_to_market_sector_zscore,0.058173300698399544,0.0033679392865309456,2,shallow,94
6,2020-06-30,fund__book_to_market_zscore,0.6793346032500267,0.039330030641507405,13,shallow,94
6,2020-06-30,fund__capex_to_assets_missing,0.0,0.0,0,shallow,94
6,2020-06-30,fund__capex_to_assets_sector_zscore,0.0,0.0,0,shallow,94
6,2020-06-30,fund__capex_to_assets_zscore,0.14378800056874752,0.00832459651134325,4,shallow,94
6,2020-06-30,fund__cash_conversion_missing,0.0,0.0,0,shallow,94
6,2020-06-30,fund__cash_conversion_sector_zscore,1.027215102687478,0.05947054849088625,20,shallow,94
6,2020-06-30,fund__cash_conversion_zscore,0.532057598233223,0.030803438454993306,10,shallow,94
6,2020-06-30,fund__current_ratio_missing,0.0,0.0,0,shallow,94
6,2020-06-30,fund__current_ratio_sector_zscore,0.09303120151162148,0.0053860350828053875,3,shallow,94
6,2020-06-30,fund__current_ratio_zscore,0.051088498905301094,0.00295776516868314,2,shallow,94
6,2020-06-30,fund__debt_to_assets_missing,0.0,0.0,0,shallow,94
6,2020-06-30,fund__debt_to_assets_sector_zscore,0.0,0.0,0,shallow,94
6,2020-06-30,fund__debt_to_assets_zscore,0.06943430006504059,0.004019894078801378,2,shallow,94
6,2020-06-30,fund__earnings_yield_missing,0.0,0.0,0,shallow,94
6,2020-06-30,fund__earnings_yield_sector_zscore,0.32497549802064896,0.01881443435053041,7,shallow,94
6,2020-06-30,fund__earnings_yield_zscore,0.03199790045619011,0.0018525162701636768,1,shallow,94
6,2020-06-30,fund__fcf_yield_missing,0.0,0.0,0,shallow,94
6,2020-06-30,fund__fcf_yield_sector_zscore,0.0,0.0,0,shallow,94
6,2020-06-30,fund__fcf_yield_zscore,0.20376310497522354,0.011796851100980504,5,shallow,94
6,2020-06-30,fund__gross_margin_missing,0.0,0.0,0,shallow,94
6,2020-06-30,fund__gross_margin_sector_zscore,0.6373564079403877,0.036899705879741014,13,shallow,94
6,2020-06-30,fund__gross_margin_zscore,0.04802139848470688,0.002780195598480997,1,shallow,94
6,2020-06-30,fund__gross_profitability_missing,0.024228300899267197,0.0014026958323645538,1,shallow,94
6,2020-06-30,fund__gross_profitability_sector_zscore,0.0,0.0,0,shallow,94
6,2020-06-30,fund__gross_profitability_zscore,0.08067989908158779,0.00467095726885078,2,shallow,94
6,2020-06-30,fund__interest_coverage_missing,0.0,0.0,0,shallow,94
6,2020-06-30,fund__interest_coverage_sector_zscore,0.06455810368061066,0.0037375870208418227,1,shallow,94
6,2020-06-30,fund__interest_coverage_zscore,0.10815420188009739,0.006261580160353536,3,shallow,94
6,2020-06-30,fund__net_debt_to_assets_missing,0.0,0.0,0,shallow,94
6,2020-06-30,fund__net_debt_to_assets_sector_zscore,0.0,0.0,0,shallow,94
6,2020-06-30,fund__net_debt_to_assets_zscore,0.14512120001018047,0.008401782002310359,4,shallow,94
6,2020-06-30,fund__net_income_growth_acceleration_missing,0.0,0.0,0,shallow,94
6,2020-06-30,fund__net_income_growth_acceleration_sector_zscore,0.06348259933292866,0.0036753207697969906,2,shallow,94
6,2020-06-30,fund__net_income_growth_acceleration_zscore,0.04076720029115677,0.0023602142875527106,1,shallow,94
6,2020-06-30,fund__net_income_growth_yoy_missing,0.0,0.0,0,shallow,94
6,2020-06-30,fund__net_income_growth_yoy_sector_zscore,0.11347820051014423,0.006569812698860071,4,shallow,94
6,2020-06-30,fund__net_income_growth_yoy_zscore,0.0,0.0,0,shallow,94
6,2020-06-30,fund__net_margin_missing,0.0,0.0,0,shallow,94
6,2020-06-30,fund__net_margin_sector_zscore,0.12245099991559982,0.007089292310038929,3,shallow,94
6,2020-06-30,fund__net_margin_zscore,0.07778200134634972,0.00450318367660684,3,shallow,94
6,2020-06-30,fund__operating_cash_flow_growth_acceleration_missing,0.0,0.0,0,shallow,94
6,2020-06-30,fund__operating_cash_flow_growth_acceleration_sector_zscore,0.0,0.0,0,shallow,94
6,2020-06-30,fund__operating_cash_flow_growth_acceleration_zscore,0.0,0.0,0,shallow,94
6,2020-06-30,fund__operating_cash_flow_growth_yoy_missing,0.0,0.0,0,shallow,94
6,2020-06-30,fund__operating_cash_flow_growth_yoy_sector_zscore,0.08357470110058784,0.004838551634813714,2,shallow,94
6,2020-06-30,fund__operating_cash_flow_growth_yoy_zscore,0.0,0.0,0,shallow,94
6,2020-06-30,fund__operating_margin_missing,0.0,0.0,0,shallow,94
6,2020-06-30,fund__operating_margin_sector_zscore,0.08389370143413544,0.004857020137423554,2,shallow,94
6,2020-06-30,fund__operating_margin_zscore,0.1870109997689724,0.01082698910967381,5,shallow,94
6,2020-06-30,fund__revenue_growth_acceleration_missing,0.0,0.0,0,shallow,94
6,2020-06-30,fund__revenue_growth_acceleration_sector_zscore,0.08016990125179291,0.004641430979188846,2,shallow,94
6,2020-06-30,fund__revenue_growth_acceleration_zscore,0.0,0.0,0,shallow,94
6,2020-06-30,fund__revenue_growth_yoy_missing,0.0,0.0,0,shallow,94
6,2020-06-30,fund__revenue_growth_yoy_sector_zscore,0.32709719985723495,0.018937270134024804,9,shallow,94
6,2020-06-30,fund__revenue_growth_yoy_zscore,0.043549999594688416,0.0025213242639229023,1,shallow,94
6,2020-06-30,fund__roa_missing,0.0,0.0,0,shallow,94
6,2020-06-30,fund__roa_sector_zscore,0.048838600516319275,0.002827507454508723,1,shallow,94
6,2020-06-30,fund__roa_zscore,0.24948189966380596,0.014443737609325994,7,shallow,94
6,2020-06-30,fund__roe_missing,0.0,0.0,0,shallow,94
6,2020-06-30,fund__roe_sector_zscore,0.0,0.0,0,shallow,94
6,2020-06-30,fund__roe_zscore,0.5507581029087305,0.03188610290102723,13,shallow,94
6,2020-06-30,fund__sales_yield_missing,0.0,0.0,0,shallow,94
6,2020-06-30,fund__sales_yield_sector_zscore,0.14392729848623276,0.008332661154799925,4,shallow,94
6,2020-06-30,fund__sales_yield_zscore,1.1202798038721085,0.06485852303498157,19,shallow,94
6,2020-06-30,tech__amihud_illiquidity_20d_sector_neutral,0.7098529972136021,0.04109689098392875,19,shallow,94
6,2020-06-30,tech__average_dollar_volume_20d_sector_neutral,0.18086149729788303,0.010470964082447347,6,shallow,94
6,2020-06-30,tech__beta_60d_market_sector_neutral,0.5334892049431801,0.03088632122807719,10,shallow,94
6,2020-06-30,tech__distance_sma_200d_sector_neutral,0.3738738987594843,0.021645403934853626,6,shallow,94
6,2020-06-30,tech__distance_sma_50d_sector_neutral,0.12686969712376595,0.007345112484311364,4,shallow,94
6,2020-06-30,tech__dollar_volume_change_20d_60d_sector_neutral,0.05159510113298893,0.0029870948701920816,2,shallow,94
6,2020-06-30,tech__downside_volatility_60d_sector_neutral,0.12491060048341751,0.007231690717591467,3,shallow,94
6,2020-06-30,tech__max_drawdown_126d_sector_neutral,0.21810970082879066,0.012627446291955115,6,shallow,94
6,2020-06-30,tech__momentum_12_1_sector_neutral,0.03388670086860657,0.001961868241549551,1,shallow,94
6,2020-06-30,tech__momentum_6_1_sector_neutral,0.9893723018467426,0.05727964211057516,11,shallow,94
6,2020-06-30,tech__positive_day_ratio_60d_sector_neutral,0.048713598400354385,0.002820270465508557,1,shallow,94
6,2020-06-30,tech__return_1m_sector_neutral,0.2331297006458044,0.013497028159583264,6,shallow,94
6,2020-06-30,tech__return_1w_sector_neutral,0.336322408169508,0.01947136294169303,7,shallow,94
6,2020-06-30,tech__return_3m_sector_neutral,1.2150775007903576,0.07034682924918284,26,shallow,94
6,2020-06-30,tech__reversal_1m_sector_neutral,0.23211640119552612,0.013438363256841957,6,shallow,94
6,2020-06-30,tech__sma_50_200_spread_sector_neutral,2.110427198931575,0.12218303911437947,27,shallow,94
6,2020-06-30,tech__volatility_20d_sector_neutral,0.30517840199172497,0.017668282822689167,7,shallow,94
6,2020-06-30,tech__volatility_60d_sector_neutral,1.0911635123193264,0.06317283731625113,18,shallow,94
6,2020-06-30,tech__zero_volume_ratio_60d_sector_neutral,0.0,0.0,0,shallow,94
7,2020-07-31,fund__accruals_missing,0.0,0.0,0,flexible,123
7,2020-07-31,fund__accruals_sector_zscore,0.2927888985723257,0.006709549034911321,10,flexible,123
7,2020-07-31,fund__accruals_zscore,0.9493921091780066,0.021756265148537318,28,flexible,123
7,2020-07-31,fund__asset_growth_yoy_missing,0.0,0.0,0,flexible,123
7,2020-07-31,fund__asset_growth_yoy_sector_zscore,0.3044283986091614,0.006976279763500437,10,flexible,123
7,2020-07-31,fund__asset_growth_yoy_zscore,0.7230757027864456,0.016569999434593263,24,flexible,123
7,2020-07-31,fund__book_to_market_missing,0.0,0.0,0,flexible,123
7,2020-07-31,fund__book_to_market_sector_zscore,0.7465207166969776,0.017107265264083155,18,flexible,123
7,2020-07-31,fund__book_to_market_zscore,0.8779152929782867,0.02011830276167825,22,flexible,123
7,2020-07-31,fund__capex_to_assets_missing,0.0,0.0,0,flexible,123
7,2020-07-31,fund__capex_to_assets_sector_zscore,0.18847410008311272,0.004319071598973377,7,flexible,123
7,2020-07-31,fund__capex_to_assets_zscore,0.4149519018828869,0.009509035849339735,14,flexible,123
7,2020-07-31,fund__cash_conversion_missing,0.0,0.0,0,flexible,123
7,2020-07-31,fund__cash_conversion_sector_zscore,0.9181974735110998,0.021041409023001525,29,flexible,123
7,2020-07-31,fund__cash_conversion_zscore,0.8381620394065976,0.019207317388130613,21,flexible,123
7,2020-07-31,fund__current_ratio_missing,0.0,0.0,0,flexible,123
7,2020-07-31,fund__current_ratio_sector_zscore,0.4421647023409605,0.01013264425779037,10,flexible,123
7,2020-07-31,fund__current_ratio_zscore,0.22940119728446007,0.005256956767666645,9,flexible,123
7,2020-07-31,fund__debt_to_assets_missing,0.0650033988058567,0.0014896175840357346,2,flexible,123
7,2020-07-31,fund__debt_to_assets_sector_zscore,0.016012800857424736,0.000366949269808539,1,flexible,123
7,2020-07-31,fund__debt_to_assets_zscore,0.31977210380136967,0.00732789604016372,10,flexible,123
7,2020-07-31,fund__earnings_yield_missing,0.0,0.0,0,flexible,123
7,2020-07-31,fund__earnings_yield_sector_zscore,1.0728065492585301,0.02458442988215289,29,flexible,123
7,2020-07-31,fund__earnings_yield_zscore,0.47227670066058636,0.010822690670922352,15,flexible,123
7,2020-07-31,fund__fcf_yield_missing,0.0,0.0,0,flexible,123
7,2020-07-31,fund__fcf_yield_sector_zscore,0.08936560153961182,0.0020479017083233305,4,flexible,123
7,2020-07-31,fund__fcf_yield_zscore,0.5035001020878553,0.011538205992488518,15,flexible,123
7,2020-07-31,fund__gross_margin_missing,0.0,0.0,0,flexible,123
7,2020-07-31,fund__gross_margin_sector_zscore,0.33805480040609837,0.007746862230336849,11,flexible,123
7,2020-07-31,fund__gross_margin_zscore,0.38029410131275654,0.008714817853024467,9,flexible,123
7,2020-07-31,fund__gross_profitability_missing,0.0,0.0,0,flexible,123
7,2020-07-31,fund__gross_profitability_sector_zscore,0.09702729992568493,0.0022234771528252327,3,flexible,123
7,2020-07-31,fund__gross_profitability_zscore,0.9864377081394196,0.022605201921657013,21,flexible,123
7,2020-07-31,fund__interest_coverage_missing,0.0,0.0,0,flexible,123
7,2020-07-31,fund__interest_coverage_sector_zscore,0.13966810051351786,0.003200633540335147,5,flexible,123
7,2020-07-31,fund__interest_coverage_zscore,0.4302177168428898,0.009858867193804868,13,flexible,123
7,2020-07-31,fund__net_debt_to_assets_missing,0.049886301159858704,0.001143194244845124,1,flexible,123
7,2020-07-31,fund__net_debt_to_assets_sector_zscore,0.0829762015491724,0.0019014822479252263,3,flexible,123
7,2020-07-31,fund__net_debt_to_assets_zscore,0.14054019935429096,0.0032206185533052035,4,flexible,123
7,2020-07-31,fund__net_income_growth_acceleration_missing,0.0,0.0,0,flexible,123
7,2020-07-31,fund__net_income_growth_acceleration_sector_zscore,0.040397100150585175,0.0009257397587484689,2,flexible,123
7,2020-07-31,fund__net_income_growth_acceleration_zscore,0.15143289975821972,0.003470235624987669,6,flexible,123
7,2020-07-31,fund__net_income_growth_yoy_missing,0.0,0.0,0,flexible,123
7,2020-07-31,fund__net_income_growth_yoy_sector_zscore,0.28345890156924725,0.006495742867078537,11,flexible,123
7,2020-07-31,fund__net_income_growth_yoy_zscore,0.12821430061012506,0.0029381583151384077,4,flexible,123
7,2020-07-31,fund__net_margin_missing,0.0,0.0,0,flexible,123
7,2020-07-31,fund__net_margin_sector_zscore,0.4726318996399641,0.010830830409078089,14,flexible,123
7,2020-07-31,fund__net_margin_zscore,0.5500816013664007,0.012605667412826085,15,flexible,123
7,2020-07-31,fund__operating_cash_flow_growth_acceleration_missing,0.0,0.0,0,flexible,123
7,2020-07-31,fund__operating_cash_flow_growth_acceleration_sector_zscore,0.050872499123215675,0.0011657939527764639,2,flexible,123
7,2020-07-31,fund__operating_cash_flow_growth_acceleration_zscore,0.112423500046134,0.0025762964030193883,4,flexible,123
7,2020-07-31,fund__operating_cash_flow_growth_yoy_missing,0.0,0.0,0,flexible,123
7,2020-07-31,fund__operating_cash_flow_growth_yoy_sector_zscore,0.08596159890294075,0.001969895599768398,3,flexible,123
7,2020-07-31,fund__operating_cash_flow_growth_yoy_zscore,0.4909790027886629,0.011251272539312619,13,flexible,123
7,2020-07-31,fund__operating_margin_missing,0.051600001752376556,0.0011824653996352185,1,flexible,123
7,2020-07-31,fund__operating_margin_sector_zscore,0.17666380107402802,0.004048426841932345,7,flexible,123
7,2020-07-31,fund__operating_margin_zscore,0.6226050909608603,0.014267615362320166,18,flexible,123
7,2020-07-31,fund__revenue_growth_acceleration_missing,0.023188000544905663,0.0005313761124012112,1,flexible,123
7,2020-07-31,fund__revenue_growth_acceleration_sector_zscore,0.08858649991452694,0.002030047819114499,4,flexible,123
7,2020-07-31,fund__revenue_growth_acceleration_zscore,0.34692530147731304,0.007950138591536883,11,flexible,123
7,2020-07-31,fund__revenue_growth_yoy_missing,0.0,0.0,0,flexible,123
7,2020-07-31,fund__revenue_growth_yoy_sector_zscore,0.5756615987047553,0.013191858512596195,19,flexible,123
7,2020-07-31,fund__revenue_growth_yoy_zscore,0.8252808023244143,0.0189121310191984,18,flexible,123
7,2020-07-31,fund__roa_missing,0.0,0.0,0,flexible,123
7,2020-07-31,fund__roa_sector_zscore,0.22007990069687366,0.005043349978514722,8,flexible,123
7,2020-07-31,fund__roa_zscore,0.6388163007795811,0.014639111370960925,15,flexible,123
7,2020-07-31,fund__roe_missing,0.0,0.0,0,flexible,123
7,2020-07-31,fund__roe_sector_zscore,0.24681130144745111,0.005655926633512315,11,flexible,123
7,2020-07-31,fund__roe_zscore,0.912165304645896,0.020903175869404166,28,flexible,123
7,2020-07-31,fund__sales_yield_missing,0.0,0.0,0,flexible,123
7,2020-07-31,fund__sales_yield_sector_zscore,0.4940496999770403,0.011321640621768084,15,flexible,123
7,2020-07-31,fund__sales_yield_zscore,2.8812457881867886,0.06602661505178467,51,flexible,123
7,2020-07-31,tech__amihud_illiquidity_20d_sector_neutral,1.4237271007150412,0.03262612360359008,46,flexible,123
7,2020-07-31,tech__average_dollar_volume_20d_sector_neutral,0.7303315065801144,0.016736273400507616,25,flexible,123
7,2020-07-31,tech__beta_60d_market_sector_neutral,1.5853738151490688,0.03633041895807908,38,flexible,123
7,2020-07-31,tech__distance_sma_200d_sector_neutral,1.120604382827878,0.025679764813428804,15,flexible,123
7,2020-07-31,tech__distance_sma_50d_sector_neutral,1.1221318934112787,0.025714769238837858,33,flexible,123
7,2020-07-31,tech__dollar_volume_change_20d_60d_sector_neutral,0.39700879715383053,0.00909785174500658,14,flexible,123
7,2020-07-31,tech__downside_volatility_60d_sector_neutral,0.3327642008662224,0.007625622875942035,12,flexible,123
7,2020-07-31,tech__max_drawdown_126d_sector_neutral,0.3956425078213215,0.009066541865031464,11,flexible,123
7,2020-07-31,tech__momentum_12_1_sector_neutral,0.3575332211330533,0.008193229628921305,15,flexible,123
7,2020-07-31,tech__momentum_6_1_sector_neutral,4.046107200905681,0.09272057375590138,50,flexible,123
7,2020-07-31,tech__positive_day_ratio_60d_sector_neutral,0.6196235027164221,0.014199289300008648,20,flexible,123
7,2020-07-31,tech__return_1m_sector_neutral,0.7802936043590307,0.017881204600321755,25,flexible,123
7,2020-07-31,tech__return_1w_sector_neutral,1.40205271076411,0.032129433384505024,36,flexible,123
7,2020-07-31,tech__return_3m_sector_neutral,1.8725792923942208,0.0429120183358828,56,flexible,123
7,2020-07-31,tech__reversal_1m_sector_neutral,0.2183903008699417,0.005004631116756453,6,flexible,123
7,2020-07-31,tech__sma_50_200_spread_sector_neutral,1.7627716092392802,0.04039566598054893,32,flexible,123
7,2020-07-31,tech__volatility_20d_sector_neutral,0.8909420967102051,0.020416824935277265,24,flexible,123
7,2020-07-31,tech__volatility_60d_sector_neutral,2.0003193113952875,0.04583930801587878,54,flexible,123
7,2020-07-31,tech__zero_volume_ratio_60d_sector_neutral,0.0,0.0,0,flexible,123
8,2020-08-31,fund__accruals_missing,0.0,0.0,0,regularized,91
8,2020-08-31,fund__accruals_sector_zscore,0.18923476804047823,0.007013050695176157,8,regularized,91
8,2020-08-31,fund__accruals_zscore,0.7238183077424765,0.026824745467538956,17,regularized,91
8,2020-08-31,fund__asset_growth_yoy_missing,0.0,0.0,0,regularized,91
8,2020-08-31,fund__asset_growth_yoy_sector_zscore,0.03826120123267174,0.0014179621783121101,1,regularized,91
8,2020-08-31,fund__asset_growth_yoy_zscore,0.7534518986940384,0.027922967944176882,20,regularized,91
8,2020-08-31,fund__book_to_market_missing,0.0,0.0,0,regularized,91
8,2020-08-31,fund__book_to_market_sector_zscore,0.09697169810533524,0.003593776354377775,3,regularized,91
8,2020-08-31,fund__book_to_market_zscore,1.0539938993752003,0.03906107067567813,22,regularized,91
8,2020-08-31,fund__capex_to_assets_missing,0.0,0.0,0,regularized,91
8,2020-08-31,fund__capex_to_assets_sector_zscore,0.016876600682735443,0.0006254477302233974,1,regularized,91
8,2020-08-31,fund__capex_to_assets_zscore,0.16042150184512138,0.005945229498183332,5,regularized,91
8,2020-08-31,fund__cash_conversion_missing,0.0,0.0,0,regularized,91
8,2020-08-31,fund__cash_conversion_sector_zscore,0.3229936081916094,0.011970160515012181,10,regularized,91
8,2020-08-31,fund__cash_conversion_zscore,0.2936860043555498,0.010884019138431426,8,regularized,91
8,2020-08-31,fund__current_ratio_missing,0.0,0.0,0,regularized,91
8,2020-08-31,fund__current_ratio_sector_zscore,0.21201570332050323,0.007857313383564202,4,regularized,91
8,2020-08-31,fund__current_ratio_zscore,0.06700610090047121,0.00248324970811165,3,regularized,91
8,2020-08-31,fund__debt_to_assets_missing,0.0,0.0,0,regularized,91
8,2020-08-31,fund__debt_to_assets_sector_zscore,0.0,0.0,0,regularized,91
8,2020-08-31,fund__debt_to_assets_zscore,0.16232099942862988,0.006015624980929189,5,regularized,91
8,2020-08-31,fund__earnings_yield_missing,0.0,0.0,0,regularized,91
8,2020-08-31,fund__earnings_yield_sector_zscore,0.4046676978468895,0.014997006676349301,12,regularized,91
8,2020-08-31,fund__earnings_yield_zscore,0.24589200131595135,0.009112770811747556,7,regularized,91
8,2020-08-31,fund__fcf_yield_missing,0.0,0.0,0,regularized,91
8,2020-08-31,fund__fcf_yield_sector_zscore,0.029576299712061882,0.0010960992602165253,1,regularized,91
8,2020-08-31,fund__fcf_yield_zscore,0.3094436042010784,0.011467996637362032,9,regularized,91
8,2020-08-31,fund__gross_margin_missing,0.0,0.0,0,regularized,91
8,2020-08-31,fund__gross_margin_sector_zscore,0.1622101031243801,0.0060115151579211625,3,regularized,91
8,2020-08-31,fund__gross_margin_zscore,0.8592438977211714,0.03184362512575045,12,regularized,91
8,2020-08-31,fund__gross_profitability_missing,0.0,0.0,0,regularized,91
8,2020-08-31,fund__gross_profitability_sector_zscore,0.06177929975092411,0.0022895441760101814,2,regularized,91
8,2020-08-31,fund__gross_profitability_zscore,1.15760319493711,0.04290083674927691,20,regularized,91
8,2020-08-31,fund__interest_coverage_missing,0.0,0.0,0,regularized,91
8,2020-08-31,fund__interest_coverage_sector_zscore,0.0,0.0,0,regularized,91
8,2020-08-31,fund__interest_coverage_zscore,0.18201018124818802,0.006745307119560107,6,regularized,91
8,2020-08-31,fund__net_debt_to_assets_missing,0.0,0.0,0,regularized,91
8,2020-08-31,fund__net_debt_to_assets_sector_zscore,0.06870149821043015,0.0025460812237275542,1,regularized,91
8,2020-08-31,fund__net_debt_to_assets_zscore,0.03780699893832207,0.0014011294168215884,1,regularized,91
8,2020-08-31,fund__net_income_growth_acceleration_missing,0.0,0.0,0,regularized,91
8,2020-08-31,fund__net_income_growth_acceleration_sector_zscore,0.09552139975130558,0.003540028219268877,3,regularized,91
8,2020-08-31,fund__net_income_growth_acceleration_zscore,0.0,0.0,0,regularized,91
8,2020-08-31,fund__net_income_growth_yoy_missing,0.0,0.0,0,regularized,91
8,2020-08-31,fund__net_income_growth_yoy_sector_zscore,0.163637800142169,0.00606442568629174,6,regularized,91
8,2020-08-31,fund__net_income_growth_yoy_zscore,0.0,0.0,0,regularized,91
8,2020-08-31,fund__net_margin_missing,0.0,0.0,0,regularized,91
8,2020-08-31,fund__net_margin_sector_zscore,0.3369480986148119,0.012487314681641519,11,regularized,91
8,2020-08-31,fund__net_margin_zscore,0.23899370338767767,0.008857119519004862,6,regularized,91
8,2020-08-31,fund__operating_cash_flow_growth_acceleration_missing,0.0,0.0,0,regularized,91
8,2020-08-31,fund__operating_cash_flow_growth_acceleration_sector_zscore,0.019340500235557556,0.0007167599803489514,1,regularized,91
8,2020-08-31,fund__operating_cash_flow_growth_acceleration_zscore,0.1587820015847683,0.005884469530236262,5,regularized,91
8,2020-08-31,fund__operating_cash_flow_growth_yoy_missing,0.0,0.0,0,regularized,91
8,2020-08-31,fund__operating_cash_flow_growth_yoy_sector_zscore,0.1083397176116705,0.004015075769528732,5,regularized,91
8,2020-08-31,fund__operating_cash_flow_growth_yoy_zscore,0.07830820232629776,0.002902106195648812,3,regularized,91
8,2020-08-31,fund__operating_margin_missing,0.031099699437618256,0.0011525565360912156,1,regularized,91
8,2020-08-31,fund__operating_margin_sector_zscore,0.19860630296170712,0.007360360284078622,7,regularized,91
8,2020-08-31,fund__operating_margin_zscore,0.1183795016258955,0.004387150705807452,4,regularized,91
8,2020-08-31,fund__revenue_growth_acceleration_missing,0.0,0.0,0,regularized,91
8,2020-08-31,fund__revenue_growth_acceleration_sector_zscore,0.13303840160369873,0.004930410328467599,4,regularized,91
8,2020-08-31,fund__revenue_growth_acceleration_zscore,0.1550212986767292,0.005745097677924572,3,regularized,91
8,2020-08-31,fund__revenue_growth_yoy_missing,0.0,0.0,0,regularized,91
8,2020-08-31,fund__revenue_growth_yoy_sector_zscore,0.19279020093381405,0.00714481522968774,6,regularized,91
8,2020-08-31,fund__revenue_growth_yoy_zscore,0.17322159931063652,0.006419601799628761,3,regularized,91
8,2020-08-31,fund__roa_missing,0.0,0.0,0,regularized,91
8,2020-08-31,fund__roa_sector_zscore,0.1975163985043764,0.007319968366191082,6,regularized,91
8,2020-08-31,fund__roa_zscore,0.42290779761970043,0.015672985756284716,12,regularized,91
8,2020-08-31,fund__roe_missing,0.03714590147137642,0.0013766291090919292,1,regularized,91
8,2020-08-31,fund__roe_sector_zscore,0.04171749949455261,0.0015460527780428895,1,regularized,91
8,2020-08-31,fund__roe_zscore,0.5551865985617042,0.02057524524332017,17,regularized,91
8,2020-08-31,fund__sales_yield_missing,0.0,0.0,0,regularized,91
8,2020-08-31,fund__sales_yield_sector_zscore,0.16678190231323242,0.006180946282082914,4,regularized,91
8,2020-08-31,fund__sales_yield_zscore,1.702517693862319,0.06309539742684522,32,regularized,91
8,2020-08-31,tech__amihud_illiquidity_20d_sector_neutral,0.7039233054965734,0.02608743561282285,21,regularized,91
8,2020-08-31,tech__average_dollar_volume_20d_sector_neutral,0.6425406001508236,0.023812589246827765,20,regularized,91
8,2020-08-31,tech__beta_60d_market_sector_neutral,0.9481154009699821,0.03513720782249413,22,regularized,91
8,2020-08-31,tech__distance_sma_200d_sector_neutral,2.007899028249085,0.07441284612610763,19,regularized,91
8,2020-08-31,tech__distance_sma_50d_sector_neutral,0.13928399607539177,0.0051618723959568355,5,regularized,91
8,2020-08-31,tech__dollar_volume_change_20d_60d_sector_neutral,0.3051544325426221,0.011309039704698196,12,regularized,91
8,2020-08-31,tech__downside_volatility_60d_sector_neutral,0.20777869783341885,0.007700289732020919,6,regularized,91
8,2020-08-31,tech__max_drawdown_126d_sector_neutral,0.06650800071656704,0.002464790088470035,2,regularized,91
8,2020-08-31,tech__momentum_12_1_sector_neutral,0.2229267992079258,0.008261679184789771,7,regularized,91
8,2020-08-31,tech__momentum_6_1_sector_neutral,2.7517412919551134,0.10197968048008381,25,regularized,91
8,2020-08-31,tech__positive_day_ratio_60d_sector_neutral,0.30964200012385845,0.011475349200945248,9,regularized,91
8,2020-08-31,tech__return_1m_sector_neutral,0.33788259979337454,0.012521947345648377,11,regularized,91
8,2020-08-31,tech__return_1w_sector_neutral,0.3951784959062934,0.014645336341371908,11,regularized,91
8,2020-08-31,tech__return_3m_sector_neutral,1.4691590908914804,0.05444711503277741,37,regularized,91
8,2020-08-31,tech__reversal_1m_sector_neutral,0.2606842014938593,0.009660970547002717,8,regularized,91
8,2020-08-31,tech__sma_50_200_spread_sector_neutral,1.4599369931966066,0.05410534359553189,23,regularized,91
8,2020-08-31,tech__volatility_20d_sector_neutral,0.26869950257241726,0.009958018036653263,8,regularized,91
8,2020-08-31,tech__volatility_60d_sector_neutral,1.5503874332644045,0.057457441775823855,30,regularized,91
8,2020-08-31,tech__zero_volume_ratio_60d_sector_neutral,0.0,0.0,0,regularized,91
9,2020-09-30,fund__accruals_missing,0.0,0.0,0,shallow,151
9,2020-09-30,fund__accruals_sector_zscore,0.09144299849867821,0.0032690279856040752,3,shallow,151
9,2020-09-30,fund__accruals_zscore,0.12955420091748238,0.0046314787944967154,4,shallow,151
9,2020-09-30,fund__asset_growth_yoy_missing,0.0,0.0,0,shallow,151
9,2020-09-30,fund__asset_growth_yoy_sector_zscore,0.31012379936873913,0.011086725017584873,11,shallow,151
9,2020-09-30,fund__asset_growth_yoy_zscore,0.6941609941422939,0.024815806060851195,18,shallow,151
9,2020-09-30,fund__book_to_market_missing,0.0,0.0,0,shallow,151
9,2020-09-30,fund__book_to_market_sector_zscore,0.11988410167396069,0.004285779008076237,4,shallow,151
9,2020-09-30,fund__book_to_market_zscore,0.9617168996483088,0.034380756436198354,19,shallow,151
9,2020-09-30,fund__capex_to_assets_missing,0.0,0.0,0,shallow,151
9,2020-09-30,fund__capex_to_assets_sector_zscore,0.0,0.0,0,shallow,151
9,2020-09-30,fund__capex_to_assets_zscore,0.32648530043661594,0.011671638086442226,10,shallow,151
9,2020-09-30,fund__cash_conversion_missing,0.0,0.0,0,shallow,151
9,2020-09-30,fund__cash_conversion_sector_zscore,0.7339387014508247,0.026237833340464457,19,shallow,151
9,2020-09-30,fund__cash_conversion_zscore,0.47417449578642845,0.016951431189211743,10,shallow,151
9,2020-09-30,fund__current_ratio_missing,0.0,0.0,0,shallow,151
9,2020-09-30,fund__current_ratio_sector_zscore,0.1938014030456543,0.0069282746695444,5,shallow,151
9,2020-09-30,fund__current_ratio_zscore,0.0551907978951931,0.0019730352878773185,2,shallow,151
9,2020-09-30,fund__debt_to_assets_missing,0.0,0.0,0,shallow,151
9,2020-09-30,fund__debt_to_assets_sector_zscore,0.0,0.0,0,shallow,151
9,2020-09-30,fund__debt_to_assets_zscore,0.30195189639925957,0.010794584777856669,8,shallow,151
9,2020-09-30,fund__earnings_yield_missing,0.0,0.0,0,shallow,151
9,2020-09-30,fund__earnings_yield_sector_zscore,0.6450665015727282,0.023060709740915213,15,shallow,151
9,2020-09-30,fund__earnings_yield_zscore,0.0,0.0,0,shallow,151
9,2020-09-30,fund__fcf_yield_missing,0.0,0.0,0,shallow,151
9,2020-09-30,fund__fcf_yield_sector_zscore,0.06129990145564079,0.0021914317844264303,1,shallow,151
9,2020-09-30,fund__fcf_yield_zscore,0.5734197031706572,0.020499383090426065,15,shallow,151
9,2020-09-30,fund__gross_margin_missing,0.0,0.0,0,shallow,151
9,2020-09-30,fund__gross_margin_sector_zscore,1.147254005074501,0.04101358781710461,20,shallow,151
9,2020-09-30,fund__gross_margin_zscore,0.17842129990458488,0.006378445941100419,5,shallow,151
9,2020-09-30,fund__gross_profitability_missing,0.0,0.0,0,shallow,151
9,2020-09-30,fund__gross_profitability_sector_zscore,0.0,0.0,0,shallow,151
9,2020-09-30,fund__gross_profitability_zscore,0.4193194005638361,0.014990397054507346,10,shallow,151
9,2020-09-30,fund__interest_coverage_missing,0.0,0.0,0,shallow,151
9,2020-09-30,fund__interest_coverage_sector_zscore,0.245135098695755,0.008763421049691668,5,shallow,151
9,2020-09-30,fund__interest_coverage_zscore,0.13528339937329292,0.0048362939295493465,3,shallow,151
9,2020-09-30,fund__net_debt_to_assets_missing,0.0,0.0,0,shallow,151
9,2020-09-30,fund__net_debt_to_assets_sector_zscore,0.0,0.0,0,shallow,151
9,2020-09-30,fund__net_debt_to_assets_zscore,0.4056321009993553,0.014501084957810507,7,shallow,151
9,2020-09-30,fund__net_income_growth_acceleration_missing,0.0,0.0,0,shallow,151
9,2020-09-30,fund__net_income_growth_acceleration_sector_zscore,0.0,0.0,0,shallow,151
9,2020-09-30,fund__net_income_growth_acceleration_zscore,0.0366532988846302,0.0013103317015604947,1,shallow,151
9,2020-09-30,fund__net_income_growth_yoy_missing,0.0,0.0,0,shallow,151
9,2020-09-30,fund__net_income_growth_yoy_sector_zscore,0.13299440033733845,0.004754463696175448,4,shallow,151
9,2020-09-30,fund__net_income_growth_yoy_zscore,0.036422599107027054,0.001302084333892775,1,shallow,151
9,2020-09-30,fund__net_margin_missing,0.0,0.0,0,shallow,151
9,2020-09-30,fund__net_margin_sector_zscore,0.4017241969704628,0.014361379919204526,12,shallow,151
9,2020-09-30,fund__net_margin_zscore,0.2491282969713211,0.008906175302386916,6,shallow,151
9,2020-09-30,fund__operating_cash_flow_growth_acceleration_missing,0.0,0.0,0,shallow,151
9,2020-09-30,fund__operating_cash_flow_growth_acceleration_sector_zscore,0.03658140078186989,0.0013077613909419216,1,shallow,151
9,2020-09-30,fund__operating_cash_flow_growth_acceleration_zscore,0.2039180975407362,0.00728993994703098,6,shallow,151
9,2020-09-30,fund__operating_cash_flow_growth_yoy_missing,0.0,0.0,0,shallow,151
9,2020-09-30,fund__operating_cash_flow_growth_yoy_sector_zscore,0.02233080007135868,0.000798311643020501,1,shallow,151
9,2020-09-30,fund__operating_cash_flow_growth_yoy_zscore,0.12936259992420673,0.00462462918305165,4,shallow,151
9,2020-09-30,fund__operating_margin_missing,0.0,0.0,0,shallow,151
9,2020-09-30,fund__operating_margin_sector_zscore,0.12528540007770061,0.004478871928587583,4,shallow,151
9,2020-09-30,fund__operating_margin_zscore,0.21311979740858078,0.007618894759066678,5,shallow,151
9,2020-09-30,fund__revenue_growth_acceleration_missing,0.0,0.0,0,shallow,151
9,2020-09-30,fund__revenue_growth_acceleration_sector_zscore,0.20783619955182076,0.0074300095568969795,5,shallow,151
9,2020-09-30,fund__revenue_growth_acceleration_zscore,0.17750030383467674,0.006345520927960079,5,shallow,151
9,2020-09-30,fund__revenue_growth_yoy_missing,0.0,0.0,0,shallow,151
9,2020-09-30,fund__revenue_growth_yoy_sector_zscore,0.33475939743220806,0.01196743169643178,10,shallow,151
9,2020-09-30,fund__revenue_growth_yoy_zscore,0.20096709951758385,0.007184443678519108,5,shallow,151
9,2020-09-30,fund__roa_missing,0.0,0.0,0,shallow,151
9,2020-09-30,fund__roa_sector_zscore,0.06720780208706856,0.002402635406545017,2,shallow,151
9,2020-09-30,fund__roa_zscore,0.5555159039795399,0.019859333862324212,14,shallow,151
9,2020-09-30,fund__roe_missing,0.0,0.0,0,shallow,151
9,2020-09-30,fund__roe_sector_zscore,0.07651140168309212,0.0027352330678814987,2,shallow,151
9,2020-09-30,fund__roe_zscore,0.7941009104251862,0.02838859335535823,20,shallow,151
9,2020-09-30,fund__sales_yield_missing,0.0,0.0,0,shallow,151
9,2020-09-30,fund__sales_yield_sector_zscore,0.30119590274989605,0.010767558494409237,5,shallow,151
9,2020-09-30,fund__sales_yield_zscore,1.718840079382062,0.061447419862977394,34,shallow,151
9,2020-09-30,tech__amihud_illiquidity_20d_sector_neutral,0.7602313030511141,0.02717777682281786,24,shallow,151
9,2020-09-30,tech__average_dollar_volume_20d_sector_neutral,0.4737308006733656,0.016935569376219036,14,shallow,151
9,2020-09-30,tech__beta_60d_market_sector_neutral,0.5028110016137362,0.017975167729967635,9,shallow,151
9,2020-09-30,tech__distance_sma_200d_sector_neutral,0.8235211092978716,0.02944034641503328,11,shallow,151
9,2020-09-30,tech__distance_sma_50d_sector_neutral,0.3321150057017803,0.011872896404352603,9,shallow,151
9,2020-09-30,tech__dollar_volume_change_20d_60d_sector_neutral,0.14758470095694065,0.0052760574958860456,4,shallow,151
9,2020-09-30,tech__downside_volatility_60d_sector_neutral,0.2015033010393381,0.007203612535723232,6,shallow,151
9,2020-09-30,tech__max_drawdown_126d_sector_neutral,0.16374479606747627,0.005853770432181853,4,shallow,151
9,2020-09-30,tech__momentum_12_1_sector_neutral,0.09076299890875816,0.0032447184405744465,2,shallow,151
9,2020-09-30,tech__momentum_6_1_sector_neutral,3.24110209569335,0.11586730125844169,28,shallow,151
9,2020-09-30,tech__positive_day_ratio_60d_sector_neutral,0.25192950293421745,0.00900631660173726,7,shallow,151
9,2020-09-30,tech__return_1m_sector_neutral,0.09007910266518593,0.0032202695926998935,2,shallow,151
9,2020-09-30,tech__return_1w_sector_neutral,0.26653830148279667,0.009528571690431097,7,shallow,151
9,2020-09-30,tech__return_3m_sector_neutral,1.5552078001201153,0.055597671833736886,41,shallow,151
9,2020-09-30,tech__reversal_1m_sector_neutral,0.34627489745616913,0.012379103365828068,11,shallow,151
9,2020-09-30,tech__sma_50_200_spread_sector_neutral,1.7278493996709585,0.06176949722963438,21,shallow,151
9,2020-09-30,tech__volatility_20d_sector_neutral,0.7354002110660076,0.02629008136285768,17,shallow,151
9,2020-09-30,tech__volatility_60d_sector_neutral,2.0369354020804167,0.07281912167791418,35,shallow,151
9,2020-09-30,tech__zero_volume_ratio_60d_sector_neutral,0.0,0.0,0,shallow,151
10,2020-10-30,fund__accruals_missing,0.0,0.0,0,shallow,130
10,2020-10-30,fund__accruals_sector_zscore,0.06193920038640499,0.002491444056772239,2,shallow,130
10,2020-10-30,fund__accruals_zscore,0.032410599291324615,0.001303684814738436,1,shallow,130
10,2020-10-30,fund__asset_growth_yoy_missing,0.0,0.0,0,shallow,130
10,2020-10-30,fund__asset_growth_yoy_sector_zscore,0.12973160110414028,0.005218327400581044,4,shallow,130
10,2020-10-30,fund__asset_growth_yoy_zscore,0.5623987969011068,0.022621944283004753,14,shallow,130
10,2020-10-30,fund__book_to_market_missing,0.0,0.0,0,shallow,130
10,2020-10-30,fund__book_to_market_sector_zscore,0.14058920182287693,0.005655063822955651,4,shallow,130
10,2020-10-30,fund__book_to_market_zscore,0.8999086003750563,0.03619794766570427,16,shallow,130
10,2020-10-30,fund__capex_to_assets_missing,0.0,0.0,0,shallow,130
10,2020-10-30,fund__capex_to_assets_sector_zscore,0.0,0.0,0,shallow,130
10,2020-10-30,fund__capex_to_assets_zscore,0.20663170143961906,0.008311559097967793,6,shallow,130
10,2020-10-30,fund__cash_conversion_missing,0.0,0.0,0,shallow,130
10,2020-10-30,fund__cash_conversion_sector_zscore,0.6416166070848703,0.025808403603460702,15,shallow,130
10,2020-10-30,fund__cash_conversion_zscore,0.36701200157403946,0.014762700589955038,7,shallow,130
10,2020-10-30,fund__current_ratio_missing,0.0,0.0,0,shallow,130
10,2020-10-30,fund__current_ratio_sector_zscore,0.10646229796111584,0.0042823423271663,3,shallow,130
10,2020-10-30,fund__current_ratio_zscore,0.0,0.0,0,shallow,130
10,2020-10-30,fund__debt_to_assets_missing,0.0,0.0,0,shallow,130
10,2020-10-30,fund__debt_to_assets_sector_zscore,0.08375100046396255,0.0033688024878097624,2,shallow,130
10,2020-10-30,fund__debt_to_assets_zscore,0.18498470075428486,0.007440829562100906,5,shallow,130
10,2020-10-30,fund__earnings_yield_missing,0.0,0.0,0,shallow,130
10,2020-10-30,fund__earnings_yield_sector_zscore,0.520324595272541,0.020929550468796985,12,shallow,130
10,2020-10-30,fund__earnings_yield_zscore,0.03119629994034767,0.00125484080509252,1,shallow,130
10,2020-10-30,fund__fcf_yield_missing,0.0,0.0,0,shallow,130
10,2020-10-30,fund__fcf_yield_sector_zscore,0.0,0.0,0,shallow,130
10,2020-10-30,fund__fcf_yield_zscore,0.40498969331383705,0.016290316280580176,11,shallow,130
10,2020-10-30,fund__gross_margin_missing,0.0,0.0,0,shallow,130
10,2020-10-30,fund__gross_margin_sector_zscore,0.626907205209136,0.02521673222809021,14,shallow,130
10,2020-10-30,fund__gross_margin_zscore,0.20059189945459366,0.008068613941010688,4,shallow,130
10,2020-10-30,fund__gross_profitability_missing,0.0,0.0,0,shallow,130
10,2020-10-30,fund__gross_profitability_sector_zscore,0.0,0.0,0,shallow,130
10,2020-10-30,fund__gross_profitability_zscore,0.2943256050348282,0.011838961027027835,7,shallow,130
10,2020-10-30,fund__interest_coverage_missing,0.0,0.0,0,shallow,130
10,2020-10-30,fund__interest_coverage_sector_zscore,0.18192890100181103,0.007317912990939325,4,shallow,130
10,2020-10-30,fund__interest_coverage_zscore,0.19127969816327095,0.0076940397066325335,4,shallow,130
10,2020-10-30,fund__net_debt_to_assets_missing,0.0,0.0,0,shallow,130
10,2020-10-30,fund__net_debt_to_assets_sector_zscore,0.05180459842085838,0.002083789555627671,1,shallow,130
10,2020-10-30,fund__net_debt_to_assets_zscore,0.4581563025712967,0.018428891396611278,9,shallow,130
10,2020-10-30,fund__net_income_growth_acceleration_missing,0.0,0.0,0,shallow,130
10,2020-10-30,fund__net_income_growth_acceleration_sector_zscore,0.0,0.0,0,shallow,130
10,2020-10-30,fund__net_income_growth_acceleration_zscore,0.13114910013973713,0.005275344919788368,4,shallow,130
10,2020-10-30,fund__net_income_growth_yoy_missing,0.0,0.0,0,shallow,130
10,2020-10-30,fund__net_income_growth_yoy_sector_zscore,0.18874729983508587,0.007592176448392579,6,shallow,130
10,2020-10-30,fund__net_income_growth_yoy_zscore,0.07584410160779953,0.0030507551762559886,3,shallow,130
10,2020-10-30,fund__net_margin_missing,0.0,0.0,0,shallow,130
10,2020-10-30,fund__net_margin_sector_zscore,0.3295661974698305,0.013256479561842347,10,shallow,130
10,2020-10-30,fund__net_margin_zscore,0.3368255998939276,0.013548481959554997,9,shallow,130
10,2020-10-30,fund__operating_cash_flow_growth_acceleration_missing,0.0,0.0,0,shallow,130
10,2020-10-30,fund__operating_cash_flow_growth_acceleration_sector_zscore,0.0,0.0,0,shallow,130
10,2020-10-30,fund__operating_cash_flow_growth_acceleration_zscore,0.19662019610404968,0.00790885603896733,5,shallow,130
10,2020-10-30,fund__operating_cash_flow_growth_yoy_missing,0.0,0.0,0,shallow,130
10,2020-10-30,fund__operating_cash_flow_growth_yoy_sector_zscore,0.0,0.0,0,shallow,130
10,2020-10-30,fund__operating_cash_flow_growth_yoy_zscore,0.12818309850990772,0.005156040390719291,4,shallow,130
10,2020-10-30,fund__operating_margin_missing,0.0,0.0,0,shallow,130
10,2020-10-30,fund__operating_margin_sector_zscore,0.2333017997443676,0.009384337847134234,6,shallow,130
10,2020-10-30,fund__operating_margin_zscore,0.2513640969991684,0.010110876176114733,7,shallow,130
10,2020-10-30,fund__revenue_growth_acceleration_missing,0.0,0.0,0,shallow,130
10,2020-10-30,fund__revenue_growth_acceleration_sector_zscore,0.08030560053884983,0.003230214628859783,3,shallow,130
10,2020-10-30,fund__revenue_growth_acceleration_zscore,0.02262059971690178,0.000909891609412328,1,shallow,130
10,2020-10-30,fund__revenue_growth_yoy_missing,0.0,0.0,0,shallow,130
10,2020-10-30,fund__revenue_growth_yoy_sector_zscore,0.30452620051801205,0.012249270053194958,9,shallow,130
10,2020-10-30,fund__revenue_growth_yoy_zscore,0.0900522992014885,0.0036222660971494992,3,shallow,130
10,2020-10-30,fund__roa_missing,0.0,0.0,0,shallow,130
10,2020-10-30,fund__roa_sector_zscore,0.053926000371575356,0.0021691208845626008,2,shallow,130
10,2020-10-30,fund__roa_zscore,0.49042610451579094,0.019726912775096396,11,shallow,130
10,2020-10-30,fund__roe_missing,0.0,0.0,0,shallow,130
10,2020-10-30,fund__roe_sector_zscore,0.0592443011701107,0.002383044358452752,1,shallow,130
10,2020-10-30,fund__roe_zscore,0.7398353014141321,0.029759154997149647,19,shallow,130
10,2020-10-30,fund__sales_yield_missing,0.0,0.0,0,shallow,130
10,2020-10-30,fund__sales_yield_sector_zscore,0.2583399973809719,0.010391474980078213,4,shallow,130
10,2020-10-30,fund__sales_yield_zscore,1.5044836197048426,0.060516389450315476,30,shallow,130
10,2020-10-30,tech__amihud_illiquidity_20d_sector_neutral,0.6657613068819046,0.026779600655353453,19,shallow,130
10,2020-10-30,tech__average_dollar_volume_20d_sector_neutral,0.5757270995527506,0.023158062286161733,16,shallow,130
10,2020-10-30,tech__beta_60d_market_sector_neutral,0.4976745992898941,0.020018476423203285,8,shallow,130
10,2020-10-30,tech__distance_sma_200d_sector_neutral,0.7818033955991268,0.03144728074270275,9,shallow,130
10,2020-10-30,tech__distance_sma_50d_sector_neutral,0.26628899946808815,0.010711215853122527,7,shallow,130
10,2020-10-30,tech__dollar_volume_change_20d_60d_sector_neutral,0.13687179796397686,0.005505534870481289,5,shallow,130
10,2020-10-30,tech__downside_volatility_60d_sector_neutral,0.21039440110325813,0.00846291003010624,5,shallow,130
10,2020-10-30,tech__max_drawdown_126d_sector_neutral,0.11444270238280296,0.004603346328558209,3,shallow,130
10,2020-10-30,tech__momentum_12_1_sector_neutral,0.21546550281345844,0.008666890161240436,5,shallow,130
10,2020-10-30,tech__momentum_6_1_sector_neutral,3.382998129352927,0.136077807444507,28,shallow,130
10,2020-10-30,tech__positive_day_ratio_60d_sector_neutral,0.11928059905767441,0.004797946014099713,2,shallow,130
10,2020-10-30,tech__return_1m_sector_neutral,0.35624550096690655,0.014329628580911736,10,shallow,130
10,2020-10-30,tech__return_1w_sector_neutral,0.07096319831907749,0.002854425591526062,2,shallow,130
10,2020-10-30,tech__return_3m_sector_neutral,1.4553435072302818,0.05853977624881965,34,shallow,130
10,2020-10-30,tech__reversal_1m_sector_neutral,0.05572049878537655,0.002241302836865193,2,shallow,130
10,2020-10-30,tech__sma_50_200_spread_sector_neutral,1.7955867741256952,0.0722257305374612,25,shallow,130
10,2020-10-30,tech__volatility_20d_sector_neutral,0.6909124124795198,0.027791279401147905,11,shallow,130
10,2020-10-30,tech__volatility_60d_sector_neutral,1.6149800177663565,0.06496099952806396,26,shallow,130
10,2020-10-30,tech__zero_volume_ratio_60d_sector_neutral,0.0,0.0,0,shallow,130
11,2020-11-30,fund__accruals_missing,0.0,0.0,0,shallow,130
11,2020-11-30,fund__accruals_sector_zscore,0.06193920038640499,0.002491444056772239,2,shallow,130
11,2020-11-30,fund__accruals_zscore,0.032410599291324615,0.001303684814738436,1,shallow,130
11,2020-11-30,fund__asset_growth_yoy_missing,0.0,0.0,0,shallow,130
11,2020-11-30,fund__asset_growth_yoy_sector_zscore,0.12973160110414028,0.005218327400581044,4,shallow,130
11,2020-11-30,fund__asset_growth_yoy_zscore,0.5623987969011068,0.022621944283004753,14,shallow,130
11,2020-11-30,fund__book_to_market_missing,0.0,0.0,0,shallow,130
11,2020-11-30,fund__book_to_market_sector_zscore,0.14058920182287693,0.005655063822955651,4,shallow,130
11,2020-11-30,fund__book_to_market_zscore,0.8999086003750563,0.03619794766570427,16,shallow,130
11,2020-11-30,fund__capex_to_assets_missing,0.0,0.0,0,shallow,130
11,2020-11-30,fund__capex_to_assets_sector_zscore,0.0,0.0,0,shallow,130
11,2020-11-30,fund__capex_to_assets_zscore,0.20663170143961906,0.008311559097967793,6,shallow,130
11,2020-11-30,fund__cash_conversion_missing,0.0,0.0,0,shallow,130
11,2020-11-30,fund__cash_conversion_sector_zscore,0.6416166070848703,0.025808403603460702,15,shallow,130
11,2020-11-30,fund__cash_conversion_zscore,0.36701200157403946,0.014762700589955038,7,shallow,130
11,2020-11-30,fund__current_ratio_missing,0.0,0.0,0,shallow,130
11,2020-11-30,fund__current_ratio_sector_zscore,0.10646229796111584,0.0042823423271663,3,shallow,130
11,2020-11-30,fund__current_ratio_zscore,0.0,0.0,0,shallow,130
11,2020-11-30,fund__debt_to_assets_missing,0.0,0.0,0,shallow,130
11,2020-11-30,fund__debt_to_assets_sector_zscore,0.08375100046396255,0.0033688024878097624,2,shallow,130
11,2020-11-30,fund__debt_to_assets_zscore,0.18498470075428486,0.007440829562100906,5,shallow,130
11,2020-11-30,fund__earnings_yield_missing,0.0,0.0,0,shallow,130
11,2020-11-30,fund__earnings_yield_sector_zscore,0.520324595272541,0.020929550468796985,12,shallow,130
11,2020-11-30,fund__earnings_yield_zscore,0.03119629994034767,0.00125484080509252,1,shallow,130
11,2020-11-30,fund__fcf_yield_missing,0.0,0.0,0,shallow,130
11,2020-11-30,fund__fcf_yield_sector_zscore,0.0,0.0,0,shallow,130
11,2020-11-30,fund__fcf_yield_zscore,0.40498969331383705,0.016290316280580176,11,shallow,130
11,2020-11-30,fund__gross_margin_missing,0.0,0.0,0,shallow,130
11,2020-11-30,fund__gross_margin_sector_zscore,0.626907205209136,0.02521673222809021,14,shallow,130
11,2020-11-30,fund__gross_margin_zscore,0.20059189945459366,0.008068613941010688,4,shallow,130
11,2020-11-30,fund__gross_profitability_missing,0.0,0.0,0,shallow,130
11,2020-11-30,fund__gross_profitability_sector_zscore,0.0,0.0,0,shallow,130
11,2020-11-30,fund__gross_profitability_zscore,0.2943256050348282,0.011838961027027835,7,shallow,130
11,2020-11-30,fund__interest_coverage_missing,0.0,0.0,0,shallow,130
11,2020-11-30,fund__interest_coverage_sector_zscore,0.18192890100181103,0.007317912990939325,4,shallow,130
11,2020-11-30,fund__interest_coverage_zscore,0.19127969816327095,0.0076940397066325335,4,shallow,130
11,2020-11-30,fund__net_debt_to_assets_missing,0.0,0.0,0,shallow,130
11,2020-11-30,fund__net_debt_to_assets_sector_zscore,0.05180459842085838,0.002083789555627671,1,shallow,130
11,2020-11-30,fund__net_debt_to_assets_zscore,0.4581563025712967,0.018428891396611278,9,shallow,130
11,2020-11-30,fund__net_income_growth_acceleration_missing,0.0,0.0,0,shallow,130
11,2020-11-30,fund__net_income_growth_acceleration_sector_zscore,0.0,0.0,0,shallow,130
11,2020-11-30,fund__net_income_growth_acceleration_zscore,0.13114910013973713,0.005275344919788368,4,shallow,130
11,2020-11-30,fund__net_income_growth_yoy_missing,0.0,0.0,0,shallow,130
11,2020-11-30,fund__net_income_growth_yoy_sector_zscore,0.18874729983508587,0.007592176448392579,6,shallow,130
11,2020-11-30,fund__net_income_growth_yoy_zscore,0.07584410160779953,0.0030507551762559886,3,shallow,130
11,2020-11-30,fund__net_margin_missing,0.0,0.0,0,shallow,130
11,2020-11-30,fund__net_margin_sector_zscore,0.3295661974698305,0.013256479561842347,10,shallow,130
11,2020-11-30,fund__net_margin_zscore,0.3368255998939276,0.013548481959554997,9,shallow,130
11,2020-11-30,fund__operating_cash_flow_growth_acceleration_missing,0.0,0.0,0,shallow,130
11,2020-11-30,fund__operating_cash_flow_growth_acceleration_sector_zscore,0.0,0.0,0,shallow,130
11,2020-11-30,fund__operating_cash_flow_growth_acceleration_zscore,0.19662019610404968,0.00790885603896733,5,shallow,130
11,2020-11-30,fund__operating_cash_flow_growth_yoy_missing,0.0,0.0,0,shallow,130
11,2020-11-30,fund__operating_cash_flow_growth_yoy_sector_zscore,0.0,0.0,0,shallow,130
11,2020-11-30,fund__operating_cash_flow_growth_yoy_zscore,0.12818309850990772,0.005156040390719291,4,shallow,130
11,2020-11-30,fund__operating_margin_missing,0.0,0.0,0,shallow,130
11,2020-11-30,fund__operating_margin_sector_zscore,0.2333017997443676,0.009384337847134234,6,shallow,130
11,2020-11-30,fund__operating_margin_zscore,0.2513640969991684,0.010110876176114733,7,shallow,130
11,2020-11-30,fund__revenue_growth_acceleration_missing,0.0,0.0,0,shallow,130
11,2020-11-30,fund__revenue_growth_acceleration_sector_zscore,0.08030560053884983,0.003230214628859783,3,shallow,130
11,2020-11-30,fund__revenue_growth_acceleration_zscore,0.02262059971690178,0.000909891609412328,1,shallow,130
11,2020-11-30,fund__revenue_growth_yoy_missing,0.0,0.0,0,shallow,130
11,2020-11-30,fund__revenue_growth_yoy_sector_zscore,0.30452620051801205,0.012249270053194958,9,shallow,130
11,2020-11-30,fund__revenue_growth_yoy_zscore,0.0900522992014885,0.0036222660971494992,3,shallow,130
11,2020-11-30,fund__roa_missing,0.0,0.0,0,shallow,130
11,2020-11-30,fund__roa_sector_zscore,0.053926000371575356,0.0021691208845626008,2,shallow,130
11,2020-11-30,fund__roa_zscore,0.49042610451579094,0.019726912775096396,11,shallow,130
11,2020-11-30,fund__roe_missing,0.0,0.0,0,shallow,130
11,2020-11-30,fund__roe_sector_zscore,0.0592443011701107,0.002383044358452752,1,shallow,130
11,2020-11-30,fund__roe_zscore,0.7398353014141321,0.029759154997149647,19,shallow,130
11,2020-11-30,fund__sales_yield_missing,0.0,0.0,0,shallow,130
11,2020-11-30,fund__sales_yield_sector_zscore,0.2583399973809719,0.010391474980078213,4,shallow,130
11,2020-11-30,fund__sales_yield_zscore,1.5044836197048426,0.060516389450315476,30,shallow,130
11,2020-11-30,tech__amihud_illiquidity_20d_sector_neutral,0.6657613068819046,0.026779600655353453,19,shallow,130
11,2020-11-30,tech__average_dollar_volume_20d_sector_neutral,0.5757270995527506,0.023158062286161733,16,shallow,130
11,2020-11-30,tech__beta_60d_market_sector_neutral,0.4976745992898941,0.020018476423203285,8,shallow,130
11,2020-11-30,tech__distance_sma_200d_sector_neutral,0.7818033955991268,0.03144728074270275,9,shallow,130
11,2020-11-30,tech__distance_sma_50d_sector_neutral,0.26628899946808815,0.010711215853122527,7,shallow,130
11,2020-11-30,tech__dollar_volume_change_20d_60d_sector_neutral,0.13687179796397686,0.005505534870481289,5,shallow,130
11,2020-11-30,tech__downside_volatility_60d_sector_neutral,0.21039440110325813,0.00846291003010624,5,shallow,130
11,2020-11-30,tech__max_drawdown_126d_sector_neutral,0.11444270238280296,0.004603346328558209,3,shallow,130
11,2020-11-30,tech__momentum_12_1_sector_neutral,0.21546550281345844,0.008666890161240436,5,shallow,130
11,2020-11-30,tech__momentum_6_1_sector_neutral,3.382998129352927,0.136077807444507,28,shallow,130
11,2020-11-30,tech__positive_day_ratio_60d_sector_neutral,0.11928059905767441,0.004797946014099713,2,shallow,130
11,2020-11-30,tech__return_1m_sector_neutral,0.35624550096690655,0.014329628580911736,10,shallow,130
11,2020-11-30,tech__return_1w_sector_neutral,0.07096319831907749,0.002854425591526062,2,shallow,130
11,2020-11-30,tech__return_3m_sector_neutral,1.4553435072302818,0.05853977624881965,34,shallow,130
11,2020-11-30,tech__reversal_1m_sector_neutral,0.05572049878537655,0.002241302836865193,2,shallow,130
11,2020-11-30,tech__sma_50_200_spread_sector_neutral,1.7955867741256952,0.0722257305374612,25,shallow,130
11,2020-11-30,tech__volatility_20d_sector_neutral,0.6909124124795198,0.027791279401147905,11,shallow,130
11,2020-11-30,tech__volatility_60d_sector_neutral,1.6149800177663565,0.06496099952806396,26,shallow,130
11,2020-11-30,tech__zero_volume_ratio_60d_sector_neutral,0.0,0.0,0,shallow,130
12,2020-12-31,fund__accruals_missing,0.0,0.0,0,shallow,129
12,2020-12-31,fund__accruals_sector_zscore,0.029802899807691574,0.0011458062708310924,1,shallow,129
12,2020-12-31,fund__accruals_zscore,0.0550973005592823,0.0021182781841382506,1,shallow,129
12,2020-12-31,fund__asset_growth_yoy_missing,0.0,0.0,0,shallow,129
12,2020-12-31,fund__asset_growth_yoy_sector_zscore,0.15117230080068111,0.005811990489216799,5,shallow,129
12,2020-12-31,fund__asset_growth_yoy_zscore,0.5768718998879194,0.022178494194287655,18,shallow,129
12,2020-12-31,fund__book_to_market_missing,0.0,0.0,0,shallow,129
12,2020-12-31,fund__book_to_market_sector_zscore,0.022905200719833374,0.0008806164094359907,1,shallow,129
12,2020-12-31,fund__book_to_market_zscore,0.7503240015357733,0.02884705688581646,10,shallow,129
12,2020-12-31,fund__capex_to_assets_missing,0.0,0.0,0,shallow,129
12,2020-12-31,fund__capex_to_assets_sector_zscore,0.06714490056037903,0.0025814618246160367,1,shallow,129
12,2020-12-31,fund__capex_to_assets_zscore,0.3349243961274624,0.012876548114895931,9,shallow,129
12,2020-12-31,fund__cash_conversion_missing,0.0,0.0,0,shallow,129
12,2020-12-31,fund__cash_conversion_sector_zscore,0.3858740031719208,0.014835363519592023,10,shallow,129
12,2020-12-31,fund__cash_conversion_zscore,0.5272222980856895,0.020269658964952697,12,shallow,129
12,2020-12-31,fund__current_ratio_missing,0.0,0.0,0,shallow,129
12,2020-12-31,fund__current_ratio_sector_zscore,0.08027349784970284,0.0030862056313727547,2,shallow,129
12,2020-12-31,fund__current_ratio_zscore,0.0,0.0,0,shallow,129
12,2020-12-31,fund__debt_to_assets_missing,0.0,0.0,0,shallow,129
12,2020-12-31,fund__debt_to_assets_sector_zscore,0.0,0.0,0,shallow,129
12,2020-12-31,fund__debt_to_assets_zscore,0.17549439892172813,0.006747081125587442,4,shallow,129
12,2020-12-31,fund__earnings_yield_missing,0.0,0.0,0,shallow,129
12,2020-12-31,fund__earnings_yield_sector_zscore,0.3074798993766308,0.011821413323321364,7,shallow,129
12,2020-12-31,fund__earnings_yield_zscore,0.060392698273062706,0.002321865752668354,2,shallow,129
12,2020-12-31,fund__fcf_yield_missing,0.0,0.0,0,shallow,129
12,2020-12-31,fund__fcf_yield_sector_zscore,0.0,0.0,0,shallow,129
12,2020-12-31,fund__fcf_yield_zscore,0.6695693023502827,0.025742350923548533,17,shallow,129
12,2020-12-31,fund__gross_margin_missing,0.0,0.0,0,shallow,129
12,2020-12-31,fund__gross_margin_sector_zscore,1.2419409025460482,0.04774782599415486,19,shallow,129
12,2020-12-31,fund__gross_margin_zscore,0.24347660318017006,0.009360734040131678,6,shallow,129
12,2020-12-31,fund__gross_profitability_missing,0.0,0.0,0,shallow,129
12,2020-12-31,fund__gross_profitability_sector_zscore,0.0,0.0,0,shallow,129
12,2020-12-31,fund__gross_profitability_zscore,0.5784346032887697,0.022238574098179465,11,shallow,129
12,2020-12-31,fund__interest_coverage_missing,0.05300759896636009,0.002037937237291258,1,shallow,129
12,2020-12-31,fund__interest_coverage_sector_zscore,0.1684672050178051,0.006476912689179686,4,shallow,129
12,2020-12-31,fund__interest_coverage_zscore,0.13052350096404552,0.00501812396983042,4,shallow,129
12,2020-12-31,fund__net_debt_to_assets_missing,0.0,0.0,0,shallow,129
12,2020-12-31,fund__net_debt_to_assets_sector_zscore,0.0,0.0,0,shallow,129
12,2020-12-31,fund__net_debt_to_assets_zscore,0.23432959988713264,0.009009067128518934,5,shallow,129
12,2020-12-31,fund__net_income_growth_acceleration_missing,0.0,0.0,0,shallow,129
12,2020-12-31,fund__net_income_growth_acceleration_sector_zscore,0.0,0.0,0,shallow,129
12,2020-12-31,fund__net_income_growth_acceleration_zscore,0.08617899939417839,0.003313249333352267,2,shallow,129
12,2020-12-31,fund__net_income_growth_yoy_missing,0.0,0.0,0,shallow,129
12,2020-12-31,fund__net_income_growth_yoy_sector_zscore,0.19380030408501625,0.00745087240310338,6,shallow,129
12,2020-12-31,fund__net_income_growth_yoy_zscore,0.04516969993710518,0.001736600323238906,1,shallow,129
12,2020-12-31,fund__net_margin_missing,0.0,0.0,0,shallow,129
12,2020-12-31,fund__net_margin_sector_zscore,0.5327618960291147,0.020482635088162744,12,shallow,129
12,2020-12-31,fund__net_margin_zscore,0.2291053980588913,0.008808216766523578,5,shallow,129
12,2020-12-31,fund__operating_cash_flow_growth_acceleration_missing,0.0,0.0,0,shallow,129
12,2020-12-31,fund__operating_cash_flow_growth_acceleration_sector_zscore,0.0,0.0,0,shallow,129
12,2020-12-31,fund__operating_cash_flow_growth_acceleration_zscore,0.30599449947476387,0.011764305440087405,8,shallow,129
12,2020-12-31,fund__operating_cash_flow_growth_yoy_missing,0.0,0.0,0,shallow,129
12,2020-12-31,fund__operating_cash_flow_growth_yoy_sector_zscore,0.032042499631643295,0.0012319102251105286,1,shallow,129
12,2020-12-31,fund__operating_cash_flow_growth_yoy_zscore,0.11676729843020439,0.004489251167928443,3,shallow,129
12,2020-12-31,fund__operating_margin_missing,0.0,0.0,0,shallow,129
12,2020-12-31,fund__operating_margin_sector_zscore,0.19629400223493576,0.007546745455597429,6,shallow,129
12,2020-12-31,fund__operating_margin_zscore,0.09256010130047798,0.0035585780304330573,3,shallow,129
12,2020-12-31,fund__revenue_growth_acceleration_missing,0.0,0.0,0,shallow,129
12,2020-12-31,fund__revenue_growth_acceleration_sector_zscore,0.19043989852070808,0.007321677801471822,5,shallow,129
12,2020-12-31,fund__revenue_growth_acceleration_zscore,0.15204639732837677,0.0058455961211924794,4,shallow,129
12,2020-12-31,fund__revenue_growth_yoy_missing,0.0,0.0,0,shallow,129
12,2020-12-31,fund__revenue_growth_yoy_sector_zscore,0.39420659467577934,0.015155719446666306,10,shallow,129
12,2020-12-31,fund__revenue_growth_yoy_zscore,0.20243020355701447,0.007782658672072601,6,shallow,129
12,2020-12-31,fund__roa_missing,0.0,0.0,0,shallow,129
12,2020-12-31,fund__roa_sector_zscore,0.03709439933300018,0.0014261362364978683,1,shallow,129
12,2020-12-31,fund__roa_zscore,0.3206464033573866,0.012327614495805226,8,shallow,129
12,2020-12-31,fund__roe_missing,0.0,0.0,0,shallow,129
12,2020-12-31,fund__roe_sector_zscore,0.0544344000518322,0.0020927922225950917,2,shallow,129
12,2020-12-31,fund__roe_zscore,0.43984459713101387,0.016910324191132038,12,shallow,129
12,2020-12-31,fund__sales_yield_missing,0.0,0.0,0,shallow,129
12,2020-12-31,fund__sales_yield_sector_zscore,0.02956319972872734,0.0011365907295459105,1,shallow,129
12,2020-12-31,fund__sales_yield_zscore,1.7430360037833452,0.06701299525571298,36,shallow,129
12,2020-12-31,tech__amihud_illiquidity_20d_sector_neutral,0.8739004004746675,0.033598091642319146,24,shallow,129
12,2020-12-31,tech__average_dollar_volume_20d_sector_neutral,0.09825550019741058,0.0037775440979331623,3,shallow,129
12,2020-12-31,tech__beta_60d_market_sector_neutral,0.34980969689786434,0.013448830378567861,6,shallow,129
12,2020-12-31,tech__distance_sma_200d_sector_neutral,0.4018382076174021,0.015449125458211877,5,shallow,129
12,2020-12-31,tech__distance_sma_50d_sector_neutral,0.28590700402855873,0.010992018904345244,9,shallow,129
12,2020-12-31,tech__dollar_volume_change_20d_60d_sector_neutral,0.1491575986146927,0.005734532979596649,4,shallow,129
12,2020-12-31,tech__downside_volatility_60d_sector_neutral,0.3333392012864351,0.01281560350208784,6,shallow,129
12,2020-12-31,tech__max_drawdown_126d_sector_neutral,0.28463029861450195,0.010942934517293326,7,shallow,129
12,2020-12-31,tech__momentum_12_1_sector_neutral,0.033758800476789474,0.0012978953568826277,1,shallow,129
12,2020-12-31,tech__momentum_6_1_sector_neutral,2.9279073867946863,0.11256671887130303,23,shallow,129
12,2020-12-31,tech__positive_day_ratio_60d_sector_neutral,0.11055560037493706,0.004250435393954739,3,shallow,129
12,2020-12-31,tech__return_1m_sector_neutral,0.3071216009557247,0.011807638134324583,7,shallow,129
12,2020-12-31,tech__return_1w_sector_neutral,0.3766680024564266,0.014481428385187203,8,shallow,129
12,2020-12-31,tech__return_3m_sector_neutral,1.7924121953547,0.06891131891875514,38,shallow,129
12,2020-12-31,tech__reversal_1m_sector_neutral,0.06271949969232082,0.0024113222711403108,2,shallow,129
12,2020-12-31,tech__sma_50_200_spread_sector_neutral,3.248215289786458,0.12488131933679232,33,shallow,129
12,2020-12-31,tech__volatility_20d_sector_neutral,0.26486859656870365,0.010183173478183717,5,shallow,129
12,2020-12-31,tech__volatility_60d_sector_neutral,1.8702070992439985,0.07190223219532348,27,shallow,129
12,2020-12-31,tech__zero_volume_ratio_60d_sector_neutral,0.0,0.0,0,shallow,129
13,2021-01-29,fund__accruals_missing,0.0,0.0,0,shallow,129
13,2021-01-29,fund__accruals_sector_zscore,0.029802899807691574,0.0011458062708310924,1,shallow,129
13,2021-01-29,fund__accruals_zscore,0.0550973005592823,0.0021182781841382506,1,shallow,129
13,2021-01-29,fund__asset_growth_yoy_missing,0.0,0.0,0,shallow,129
13,2021-01-29,fund__asset_growth_yoy_sector_zscore,0.15117230080068111,0.005811990489216799,5,shallow,129
13,2021-01-29,fund__asset_growth_yoy_zscore,0.5768718998879194,0.022178494194287655,18,shallow,129
13,2021-01-29,fund__book_to_market_missing,0.0,0.0,0,shallow,129
13,2021-01-29,fund__book_to_market_sector_zscore,0.022905200719833374,0.0008806164094359907,1,shallow,129
13,2021-01-29,fund__book_to_market_zscore,0.7503240015357733,0.02884705688581646,10,shallow,129
13,2021-01-29,fund__capex_to_assets_missing,0.0,0.0,0,shallow,129
13,2021-01-29,fund__capex_to_assets_sector_zscore,0.06714490056037903,0.0025814618246160367,1,shallow,129
13,2021-01-29,fund__capex_to_assets_zscore,0.3349243961274624,0.012876548114895931,9,shallow,129
13,2021-01-29,fund__cash_conversion_missing,0.0,0.0,0,shallow,129
13,2021-01-29,fund__cash_conversion_sector_zscore,0.3858740031719208,0.014835363519592023,10,shallow,129
13,2021-01-29,fund__cash_conversion_zscore,0.5272222980856895,0.020269658964952697,12,shallow,129
13,2021-01-29,fund__current_ratio_missing,0.0,0.0,0,shallow,129
13,2021-01-29,fund__current_ratio_sector_zscore,0.08027349784970284,0.0030862056313727547,2,shallow,129
13,2021-01-29,fund__current_ratio_zscore,0.0,0.0,0,shallow,129
13,2021-01-29,fund__debt_to_assets_missing,0.0,0.0,0,shallow,129
13,2021-01-29,fund__debt_to_assets_sector_zscore,0.0,0.0,0,shallow,129
13,2021-01-29,fund__debt_to_assets_zscore,0.17549439892172813,0.006747081125587442,4,shallow,129
13,2021-01-29,fund__earnings_yield_missing,0.0,0.0,0,shallow,129
13,2021-01-29,fund__earnings_yield_sector_zscore,0.3074798993766308,0.011821413323321364,7,shallow,129
13,2021-01-29,fund__earnings_yield_zscore,0.060392698273062706,0.002321865752668354,2,shallow,129
13,2021-01-29,fund__fcf_yield_missing,0.0,0.0,0,shallow,129
13,2021-01-29,fund__fcf_yield_sector_zscore,0.0,0.0,0,shallow,129
13,2021-01-29,fund__fcf_yield_zscore,0.6695693023502827,0.025742350923548533,17,shallow,129
13,2021-01-29,fund__gross_margin_missing,0.0,0.0,0,shallow,129
13,2021-01-29,fund__gross_margin_sector_zscore,1.2419409025460482,0.04774782599415486,19,shallow,129
13,2021-01-29,fund__gross_margin_zscore,0.24347660318017006,0.009360734040131678,6,shallow,129
13,2021-01-29,fund__gross_profitability_missing,0.0,0.0,0,shallow,129
13,2021-01-29,fund__gross_profitability_sector_zscore,0.0,0.0,0,shallow,129
13,2021-01-29,fund__gross_profitability_zscore,0.5784346032887697,0.022238574098179465,11,shallow,129
13,2021-01-29,fund__interest_coverage_missing,0.05300759896636009,0.002037937237291258,1,shallow,129
13,2021-01-29,fund__interest_coverage_sector_zscore,0.1684672050178051,0.006476912689179686,4,shallow,129
13,2021-01-29,fund__interest_coverage_zscore,0.13052350096404552,0.00501812396983042,4,shallow,129
13,2021-01-29,fund__net_debt_to_assets_missing,0.0,0.0,0,shallow,129
13,2021-01-29,fund__net_debt_to_assets_sector_zscore,0.0,0.0,0,shallow,129
13,2021-01-29,fund__net_debt_to_assets_zscore,0.23432959988713264,0.009009067128518934,5,shallow,129
13,2021-01-29,fund__net_income_growth_acceleration_missing,0.0,0.0,0,shallow,129
13,2021-01-29,fund__net_income_growth_acceleration_sector_zscore,0.0,0.0,0,shallow,129
13,2021-01-29,fund__net_income_growth_acceleration_zscore,0.08617899939417839,0.003313249333352267,2,shallow,129
13,2021-01-29,fund__net_income_growth_yoy_missing,0.0,0.0,0,shallow,129
13,2021-01-29,fund__net_income_growth_yoy_sector_zscore,0.19380030408501625,0.00745087240310338,6,shallow,129
13,2021-01-29,fund__net_income_growth_yoy_zscore,0.04516969993710518,0.001736600323238906,1,shallow,129
13,2021-01-29,fund__net_margin_missing,0.0,0.0,0,shallow,129
13,2021-01-29,fund__net_margin_sector_zscore,0.5327618960291147,0.020482635088162744,12,shallow,129
13,2021-01-29,fund__net_margin_zscore,0.2291053980588913,0.008808216766523578,5,shallow,129
13,2021-01-29,fund__operating_cash_flow_growth_acceleration_missing,0.0,0.0,0,shallow,129
13,2021-01-29,fund__operating_cash_flow_growth_acceleration_sector_zscore,0.0,0.0,0,shallow,129
13,2021-01-29,fund__operating_cash_flow_growth_acceleration_zscore,0.30599449947476387,0.011764305440087405,8,shallow,129
13,2021-01-29,fund__operating_cash_flow_growth_yoy_missing,0.0,0.0,0,shallow,129
13,2021-01-29,fund__operating_cash_flow_growth_yoy_sector_zscore,0.032042499631643295,0.0012319102251105286,1,shallow,129
13,2021-01-29,fund__operating_cash_flow_growth_yoy_zscore,0.11676729843020439,0.004489251167928443,3,shallow,129
13,2021-01-29,fund__operating_margin_missing,0.0,0.0,0,shallow,129
13,2021-01-29,fund__operating_margin_sector_zscore,0.19629400223493576,0.007546745455597429,6,shallow,129
13,2021-01-29,fund__operating_margin_zscore,0.09256010130047798,0.0035585780304330573,3,shallow,129
13,2021-01-29,fund__revenue_growth_acceleration_missing,0.0,0.0,0,shallow,129
13,2021-01-29,fund__revenue_growth_acceleration_sector_zscore,0.19043989852070808,0.007321677801471822,5,shallow,129
13,2021-01-29,fund__revenue_growth_acceleration_zscore,0.15204639732837677,0.0058455961211924794,4,shallow,129
13,2021-01-29,fund__revenue_growth_yoy_missing,0.0,0.0,0,shallow,129
13,2021-01-29,fund__revenue_growth_yoy_sector_zscore,0.39420659467577934,0.015155719446666306,10,shallow,129
13,2021-01-29,fund__revenue_growth_yoy_zscore,0.20243020355701447,0.007782658672072601,6,shallow,129
13,2021-01-29,fund__roa_missing,0.0,0.0,0,shallow,129
13,2021-01-29,fund__roa_sector_zscore,0.03709439933300018,0.0014261362364978683,1,shallow,129
13,2021-01-29,fund__roa_zscore,0.3206464033573866,0.012327614495805226,8,shallow,129
13,2021-01-29,fund__roe_missing,0.0,0.0,0,shallow,129
13,2021-01-29,fund__roe_sector_zscore,0.0544344000518322,0.0020927922225950917,2,shallow,129
13,2021-01-29,fund__roe_zscore,0.43984459713101387,0.016910324191132038,12,shallow,129
13,2021-01-29,fund__sales_yield_missing,0.0,0.0,0,shallow,129
13,2021-01-29,fund__sales_yield_sector_zscore,0.02956319972872734,0.0011365907295459105,1,shallow,129
13,2021-01-29,fund__sales_yield_zscore,1.7430360037833452,0.06701299525571298,36,shallow,129
13,2021-01-29,tech__amihud_illiquidity_20d_sector_neutral,0.8739004004746675,0.033598091642319146,24,shallow,129
13,2021-01-29,tech__average_dollar_volume_20d_sector_neutral,0.09825550019741058,0.0037775440979331623,3,shallow,129
13,2021-01-29,tech__beta_60d_market_sector_neutral,0.34980969689786434,0.013448830378567861,6,shallow,129
13,2021-01-29,tech__distance_sma_200d_sector_neutral,0.4018382076174021,0.015449125458211877,5,shallow,129
13,2021-01-29,tech__distance_sma_50d_sector_neutral,0.28590700402855873,0.010992018904345244,9,shallow,129
13,2021-01-29,tech__dollar_volume_change_20d_60d_sector_neutral,0.1491575986146927,0.005734532979596649,4,shallow,129
13,2021-01-29,tech__downside_volatility_60d_sector_neutral,0.3333392012864351,0.01281560350208784,6,shallow,129
13,2021-01-29,tech__max_drawdown_126d_sector_neutral,0.28463029861450195,0.010942934517293326,7,shallow,129
13,2021-01-29,tech__momentum_12_1_sector_neutral,0.033758800476789474,0.0012978953568826277,1,shallow,129
13,2021-01-29,tech__momentum_6_1_sector_neutral,2.9279073867946863,0.11256671887130303,23,shallow,129
13,2021-01-29,tech__positive_day_ratio_60d_sector_neutral,0.11055560037493706,0.004250435393954739,3,shallow,129
13,2021-01-29,tech__return_1m_sector_neutral,0.3071216009557247,0.011807638134324583,7,shallow,129
13,2021-01-29,tech__return_1w_sector_neutral,0.3766680024564266,0.014481428385187203,8,shallow,129
13,2021-01-29,tech__return_3m_sector_neutral,1.7924121953547,0.06891131891875514,38,shallow,129
13,2021-01-29,tech__reversal_1m_sector_neutral,0.06271949969232082,0.0024113222711403108,2,shallow,129
13,2021-01-29,tech__sma_50_200_spread_sector_neutral,3.248215289786458,0.12488131933679232,33,shallow,129
13,2021-01-29,tech__volatility_20d_sector_neutral,0.26486859656870365,0.010183173478183717,5,shallow,129
13,2021-01-29,tech__volatility_60d_sector_neutral,1.8702070992439985,0.07190223219532348,27,shallow,129
13,2021-01-29,tech__zero_volume_ratio_60d_sector_neutral,0.0,0.0,0,shallow,129
14,2021-02-26,fund__accruals_missing,0.0,0.0,0,shallow,180
14,2021-02-26,fund__accruals_sector_zscore,0.1356877963989973,0.00413396289547187,5,shallow,180
14,2021-02-26,fund__accruals_zscore,0.048435598611831665,0.0014756741047845666,2,shallow,180
14,2021-02-26,fund__asset_growth_yoy_missing,0.0,0.0,0,shallow,180
14,2021-02-26,fund__asset_growth_yoy_sector_zscore,0.15900690108537674,0.0048444196652586416,6,shallow,180
14,2021-02-26,fund__asset_growth_yoy_zscore,0.7076447959989309,0.021559620006143445,19,shallow,180
14,2021-02-26,fund__book_to_market_missing,0.0,0.0,0,shallow,180
14,2021-02-26,fund__book_to_market_sector_zscore,0.11063780076801777,0.0033707715457819494,3,shallow,180
14,2021-02-26,fund__book_to_market_zscore,0.8848285991698503,0.026957830364231217,15,shallow,180
14,2021-02-26,fund__capex_to_assets_missing,0.0,0.0,0,shallow,180
14,2021-02-26,fund__capex_to_assets_sector_zscore,0.07574799656867981,0.0023077934459223544,1,shallow,180
14,2021-02-26,fund__capex_to_assets_zscore,0.49216680228710175,0.014994711042804977,13,shallow,180
14,2021-02-26,fund__cash_conversion_missing,0.0,0.0,0,shallow,180
14,2021-02-26,fund__cash_conversion_sector_zscore,0.6252912953495979,0.01905057847822696,19,shallow,180
14,2021-02-26,fund__cash_conversion_zscore,0.6060161981731653,0.018463329376622598,14,shallow,180
14,2021-02-26,fund__current_ratio_missing,0.0,0.0,0,shallow,180
14,2021-02-26,fund__current_ratio_sector_zscore,0.2642984017729759,0.008052306952123759,8,shallow,180
14,2021-02-26,fund__current_ratio_zscore,0.05559059977531433,0.0016936635637622788,2,shallow,180
14,2021-02-26,fund__debt_to_assets_missing,0.0,0.0,0,shallow,180
14,2021-02-26,fund__debt_to_assets_sector_zscore,0.03381039947271347,0.001030092171961251,1,shallow,180
14,2021-02-26,fund__debt_to_assets_zscore,0.6297827940434217,0.019187419737633434,17,shallow,180
14,2021-02-26,fund__earnings_yield_missing,0.0,0.0,0,shallow,180
14,2021-02-26,fund__earnings_yield_sector_zscore,0.4411584995687008,0.013440655067285983,12,shallow,180
14,2021-02-26,fund__earnings_yield_zscore,0.15256540477275848,0.004648168362972185,4,shallow,180
14,2021-02-26,fund__fcf_yield_missing,0.0,0.0,0,shallow,180
14,2021-02-26,fund__fcf_yield_sector_zscore,0.0,0.0,0,shallow,180
14,2021-02-26,fund__fcf_yield_zscore,0.7965974006801844,0.02426971462752383,20,shallow,180
14,2021-02-26,fund__gross_margin_missing,0.0333792008459568,0.0010169549616085324,1,shallow,180
14,2021-02-26,fund__gross_margin_sector_zscore,1.0459092054516077,0.031865429037222996,19,shallow,180
14,2021-02-26,fund__gross_margin_zscore,0.6726125031709671,0.020492300744297302,13,shallow,180
14,2021-02-26,fund__gross_profitability_missing,0.0,0.0,0,shallow,180
14,2021-02-26,fund__gross_profitability_sector_zscore,0.040393900126218796,0.0012306698815724812,1,shallow,180
14,2021-02-26,fund__gross_profitability_zscore,0.9433159958571196,0.02873974984538289,19,shallow,180
14,2021-02-26,fund__interest_coverage_missing,0.05417019873857498,0.0016503885947643032,1,shallow,180
14,2021-02-26,fund__interest_coverage_sector_zscore,0.10685310140252113,0.0032554641477498397,2,shallow,180
14,2021-02-26,fund__interest_coverage_zscore,0.15313800051808357,0.0046656134805737595,3,shallow,180
14,2021-02-26,fund__net_debt_to_assets_missing,0.0,0.0,0,shallow,180
14,2021-02-26,fund__net_debt_to_assets_sector_zscore,0.0,0.0,0,shallow,180
14,2021-02-26,fund__net_debt_to_assets_zscore,0.5163787007331848,0.015732368315318396,10,shallow,180
14,2021-02-26,fund__net_income_growth_acceleration_missing,0.0,0.0,0,shallow,180
14,2021-02-26,fund__net_income_growth_acceleration_sector_zscore,0.06098479777574539,0.0018580071154774083,2,shallow,180
14,2021-02-26,fund__net_income_growth_acceleration_zscore,0.26253689639270306,0.0079986396506016,7,shallow,180
14,2021-02-26,fund__net_income_growth_yoy_missing,0.0,0.0,0,shallow,180
14,2021-02-26,fund__net_income_growth_yoy_sector_zscore,0.1966842021793127,0.0059923236688422974,6,shallow,180
14,2021-02-26,fund__net_income_growth_yoy_zscore,0.06695679947733879,0.002039954454156898,2,shallow,180
14,2021-02-26,fund__net_margin_missing,0.0,0.0,0,shallow,180
14,2021-02-26,fund__net_margin_sector_zscore,0.7413869947195053,0.022587634324485812,18,shallow,180
14,2021-02-26,fund__net_margin_zscore,0.21173050068318844,0.0064507351205716126,5,shallow,180
14,2021-02-26,fund__operating_cash_flow_growth_acceleration_missing,0.0,0.0,0,shallow,180
14,2021-02-26,fund__operating_cash_flow_growth_acceleration_sector_zscore,0.0,0.0,0,shallow,180
14,2021-02-26,fund__operating_cash_flow_growth_acceleration_zscore,0.2935331016778946,0.008942992539734067,8,shallow,180
14,2021-02-26,fund__operating_cash_flow_growth_yoy_missing,0.0,0.0,0,shallow,180
14,2021-02-26,fund__operating_cash_flow_growth_yoy_sector_zscore,0.09900739789009094,0.0030164312496557015,3,shallow,180
14,2021-02-26,fund__operating_cash_flow_growth_yoy_zscore,0.1347493026405573,0.0041053700634119065,4,shallow,180
14,2021-02-26,fund__operating_margin_missing,0.0,0.0,0,shallow,180
14,2021-02-26,fund__operating_margin_sector_zscore,0.1724678985774517,0.00525453218565542,6,shallow,180
14,2021-02-26,fund__operating_margin_zscore,0.17955589853227139,0.0054704803371764905,5,shallow,180
14,2021-02-26,fund__revenue_growth_acceleration_missing,0.0,0.0,0,shallow,180
14,2021-02-26,fund__revenue_growth_acceleration_sector_zscore,0.2760927025228739,0.008411640679784432,9,shallow,180
14,2021-02-26,fund__revenue_growth_acceleration_zscore,0.13649829849600792,0.004158656240670663,4,shallow,180
14,2021-02-26,fund__revenue_growth_yoy_missing,0.0,0.0,0,shallow,180
14,2021-02-26,fund__revenue_growth_yoy_sector_zscore,0.6559035070240498,0.019983232339288927,17,shallow,180
14,2021-02-26,fund__revenue_growth_yoy_zscore,0.4459310006350279,0.013586057548941599,10,shallow,180
14,2021-02-26,fund__roa_missing,0.0,0.0,0,shallow,180
14,2021-02-26,fund__roa_sector_zscore,0.07680229842662811,0.002339914571602435,2,shallow,180
14,2021-02-26,fund__roa_zscore,0.18288270384073257,0.005571837202499857,4,shallow,180
14,2021-02-26,fund__roe_missing,0.0,0.0,0,shallow,180
14,2021-02-26,fund__roe_sector_zscore,0.08430200256407261,0.0025684060015910607,3,shallow,180
14,2021-02-26,fund__roe_zscore,0.6602924037724733,0.02011694765335216,19,shallow,180
14,2021-02-26,fund__sales_yield_missing,0.0,0.0,0,shallow,180
14,2021-02-26,fund__sales_yield_sector_zscore,0.11553640104830265,0.0035200158576204122,3,shallow,180
14,2021-02-26,fund__sales_yield_zscore,1.4002751018851995,0.042661797658092734,33,shallow,180
14,2021-02-26,tech__amihud_illiquidity_20d_sector_neutral,1.009831003844738,0.03076624435933508,27,shallow,180
14,2021-02-26,tech__average_dollar_volume_20d_sector_neutral,0.2979396004229784,0.009077244129004142,9,shallow,180
14,2021-02-26,tech__beta_60d_market_sector_neutral,0.45013589784502983,0.013714166999509326,8,shallow,180
14,2021-02-26,tech__distance_sma_200d_sector_neutral,0.6551104970276356,0.019959071921123724,14,shallow,180
14,2021-02-26,tech__distance_sma_50d_sector_neutral,0.27965869940817356,0.00852028492930742,8,shallow,180
14,2021-02-26,tech__dollar_volume_change_20d_60d_sector_neutral,0.2515510004013777,0.007663935369104493,6,shallow,180
14,2021-02-26,tech__downside_volatility_60d_sector_neutral,0.32629849947988987,0.009941246932270026,7,shallow,180
14,2021-02-26,tech__max_drawdown_126d_sector_neutral,0.5019523035734892,0.015292843227902626,12,shallow,180
14,2021-02-26,tech__momentum_12_1_sector_neutral,0.11521709896624088,0.003510287768619624,3,shallow,180
14,2021-02-26,tech__momentum_6_1_sector_neutral,4.051796326413751,0.1234449679184815,30,shallow,180
14,2021-02-26,tech__positive_day_ratio_60d_sector_neutral,0.3680280987173319,0.011212611192495947,9,shallow,180
14,2021-02-26,tech__return_1m_sector_neutral,0.41922830417752266,0.012772513816240885,12,shallow,180
14,2021-02-26,tech__return_1w_sector_neutral,0.5376636981964111,0.016380852497966975,12,shallow,180
14,2021-02-26,tech__return_3m_sector_neutral,1.857897698879242,0.05660405986817331,41,shallow,180
14,2021-02-26,tech__reversal_1m_sector_neutral,0.15662370063364506,0.004771811350425669,4,shallow,180
14,2021-02-26,tech__sma_50_200_spread_sector_neutral,2.5935593135654926,0.07901726060874012,33,shallow,180
14,2021-02-26,tech__volatility_20d_sector_neutral,0.4878417979925871,0.014862942322619525,9,shallow,180
14,2021-02-26,tech__volatility_60d_sector_neutral,2.2228314988315105,0.06772239790846432,37,shallow,180
14,2021-02-26,tech__zero_volume_ratio_60d_sector_neutral,0.0,0.0,0,shallow,180
15,2021-03-31,fund__accruals_missing,0.0,0.0,0,regularized,111
15,2021-03-31,fund__accruals_sector_zscore,0.6200922057032585,0.017558357374698633,11,regularized,111
15,2021-03-31,fund__accruals_zscore,0.8042084984481335,0.02277174279832735,19,regularized,111
15,2021-03-31,fund__asset_growth_yoy_missing,0.0,0.0,0,regularized,111
15,2021-03-31,fund__asset_growth_yoy_sector_zscore,0.017690449487417936,0.0005009178173218024,2,regularized,111
15,2021-03-31,fund__asset_growth_yoy_zscore,0.5242667999118567,0.014844991999378759,17,regularized,111
15,2021-03-31,fund__book_to_market_missing,0.0,0.0,0,regularized,111
15,2021-03-31,fund__book_to_market_sector_zscore,0.565526507794857,0.016013290341983753,9,regularized,111
15,2021-03-31,fund__book_to_market_zscore,2.196627786383033,0.06219909771122572,36,regularized,111
15,2021-03-31,fund__capex_to_assets_missing,0.04205569997429848,0.0011908374319176778,1,regularized,111
15,2021-03-31,fund__capex_to_assets_sector_zscore,0.24524840526282787,0.006944385214930987,4,regularized,111
15,2021-03-31,fund__capex_to_assets_zscore,0.3985722977668047,0.011285861650054891,12,regularized,111
15,2021-03-31,fund__cash_conversion_missing,0.0,0.0,0,regularized,111
15,2021-03-31,fund__cash_conversion_sector_zscore,0.7309509962797165,0.02069740386676147,20,regularized,111
15,2021-03-31,fund__cash_conversion_zscore,0.5346371312625706,0.015138635399949115,14,regularized,111
15,2021-03-31,fund__current_ratio_missing,0.0,0.0,0,regularized,111
15,2021-03-31,fund__current_ratio_sector_zscore,0.17888599820435047,0.005065285867025982,4,regularized,111
15,2021-03-31,fund__current_ratio_zscore,0.2528136195614934,0.007158599706018649,9,regularized,111
15,2021-03-31,fund__debt_to_assets_missing,0.0,0.0,0,regularized,111
15,2021-03-31,fund__debt_to_assets_sector_zscore,0.0,0.0,0,regularized,111
15,2021-03-31,fund__debt_to_assets_zscore,0.12771959975361824,0.0036164724465197647,4,regularized,111
15,2021-03-31,fund__earnings_yield_missing,0.0,0.0,0,regularized,111
15,2021-03-31,fund__earnings_yield_sector_zscore,0.19478809460997581,0.005515565178923182,6,regularized,111
15,2021-03-31,fund__earnings_yield_zscore,0.36436420818790793,0.010317234958076432,13,regularized,111
15,2021-03-31,fund__fcf_yield_missing,0.0,0.0,0,regularized,111
15,2021-03-31,fund__fcf_yield_sector_zscore,0.022962400689721107,0.0006501969123025713,1,regularized,111
15,2021-03-31,fund__fcf_yield_zscore,0.3994840029627085,0.011311677239257295,13,regularized,111
15,2021-03-31,fund__gross_margin_missing,0.0,0.0,0,regularized,111
15,2021-03-31,fund__gross_margin_sector_zscore,0.5601043924689293,0.01585975924169924,11,regularized,111
15,2021-03-31,fund__gross_margin_zscore,1.2848565988242626,0.03638163990758519,19,regularized,111
15,2021-03-31,fund__gross_profitability_missing,0.0,0.0,0,regularized,111
15,2021-03-31,fund__gross_profitability_sector_zscore,0.09393030218780041,0.0026597041519920038,3,regularized,111
15,2021-03-31,fund__gross_profitability_zscore,0.7450611852109432,0.02109694402804767,14,regularized,111
15,2021-03-31,fund__interest_coverage_missing,0.0,0.0,0,regularized,111
15,2021-03-31,fund__interest_coverage_sector_zscore,0.07182959839701653,0.002033906807948882,2,regularized,111
15,2021-03-31,fund__interest_coverage_zscore,0.09787929989397526,0.0027715228659818784,3,regularized,111
15,2021-03-31,fund__net_debt_to_assets_missing,0.0,0.0,0,regularized,111
15,2021-03-31,fund__net_debt_to_assets_sector_zscore,0.02696100063621998,0.0007634201494491385,1,regularized,111
15,2021-03-31,fund__net_debt_to_assets_zscore,0.05265200138092041,0.0014908793373573416,2,regularized,111
15,2021-03-31,fund__net_income_growth_acceleration_missing,0.048208098858594894,0.0013650470370838309,1,regularized,111
15,2021-03-31,fund__net_income_growth_acceleration_sector_zscore,0.05344710126519203,0.001513393163185534,2,regularized,111
15,2021-03-31,fund__net_income_growth_acceleration_zscore,0.14415189996361732,0.004081764860973319,5,regularized,111
15,2021-03-31,fund__net_income_growth_yoy_missing,0.0,0.0,0,regularized,111
15,2021-03-31,fund__net_income_growth_yoy_sector_zscore,0.24446919932961464,0.006922321437773319,10,regularized,111
15,2021-03-31,fund__net_income_growth_yoy_zscore,0.0,0.0,0,regularized,111
15,2021-03-31,fund__net_margin_missing,0.0,0.0,0,regularized,111
15,2021-03-31,fund__net_margin_sector_zscore,0.6784818023443222,0.01921170085387617,17,regularized,111
15,2021-03-31,fund__net_margin_zscore,0.25178980268538,0.007129609593851928,5,regularized,111
15,2021-03-31,fund__operating_cash_flow_growth_acceleration_missing,0.0,0.0,0,regularized,111
15,2021-03-31,fund__operating_cash_flow_growth_acceleration_sector_zscore,0.03449239954352379,0.00097667713337765,1,regularized,111
15,2021-03-31,fund__operating_cash_flow_growth_acceleration_zscore,0.37049639970064163,0.010490872376964097,12,regularized,111
15,2021-03-31,fund__operating_cash_flow_growth_yoy_missing,0.04245540127158165,0.0012021552620021072,1,regularized,111
15,2021-03-31,fund__operating_cash_flow_growth_yoy_sector_zscore,0.18895009439438581,0.005350257998481133,6,regularized,111
15,2021-03-31,fund__operating_cash_flow_growth_yoy_zscore,0.3137524975463748,0.008884127922355782,8,regularized,111
15,2021-03-31,fund__operating_margin_missing,0.0,0.0,0,regularized,111
15,2021-03-31,fund__operating_margin_sector_zscore,0.18807449750602245,0.005325464842010763,6,regularized,111
15,2021-03-31,fund__operating_margin_zscore,0.15026249922811985,0.004254790879802284,4,regularized,111
15,2021-03-31,fund__revenue_growth_acceleration_missing,0.0,0.0,0,regularized,111
15,2021-03-31,fund__revenue_growth_acceleration_sector_zscore,0.25452500209212303,0.007207058734855388,7,regularized,111
15,2021-03-31,fund__revenue_growth_acceleration_zscore,0.4495249018073082,0.012728621327867711,11,regularized,111
15,2021-03-31,fund__revenue_growth_yoy_missing,0.0,0.0,0,regularized,111
15,2021-03-31,fund__revenue_growth_yoy_sector_zscore,0.5591027960181236,0.015831398316877538,17,regularized,111
15,2021-03-31,fund__revenue_growth_yoy_zscore,0.24156560190021992,0.006840103985483705,8,regularized,111
15,2021-03-31,fund__roa_missing,0.0,0.0,0,regularized,111
15,2021-03-31,fund__roa_sector_zscore,0.05208500102162361,0.0014748243138486606,2,regularized,111
15,2021-03-31,fund__roa_zscore,0.4835913013666868,0.013693235964902977,12,regularized,111
15,2021-03-31,fund__roe_missing,0.0,0.0,0,regularized,111
15,2021-03-31,fund__roe_sector_zscore,0.046921451576054096,0.00132861469267722,2,regularized,111
15,2021-03-31,fund__roe_zscore,0.4656441956758499,0.013185050742345928,14,regularized,111
15,2021-03-31,fund__sales_yield_missing,0.0,0.0,0,regularized,111
15,2021-03-31,fund__sales_yield_sector_zscore,0.0753576997667551,0.0021338075390567304,3,regularized,111
15,2021-03-31,fund__sales_yield_zscore,2.219717390835285,0.06285289648967238,45,regularized,111
15,2021-03-31,tech__amihud_illiquidity_20d_sector_neutral,1.447010216768831,0.04097313637744013,39,regularized,111
15,2021-03-31,tech__average_dollar_volume_20d_sector_neutral,0.3802489982917905,0.010767024229576351,12,regularized,111
15,2021-03-31,tech__beta_60d_market_sector_neutral,0.7013331111520529,0.019858752119535427,22,regularized,111
15,2021-03-31,tech__distance_sma_200d_sector_neutral,0.7035798924043775,0.01992237134875368,16,regularized,111
15,2021-03-31,tech__distance_sma_50d_sector_neutral,0.46738539449870586,0.013234354040969776,13,regularized,111
15,2021-03-31,tech__dollar_volume_change_20d_60d_sector_neutral,0.23403600696474314,0.006626898082316638,10,regularized,111
15,2021-03-31,tech__downside_volatility_60d_sector_neutral,0.5493055004626513,0.015553980837531164,16,regularized,111
15,2021-03-31,tech__max_drawdown_126d_sector_neutral,0.34256260097026825,0.0096999067489015,10,regularized,111
15,2021-03-31,tech__momentum_12_1_sector_neutral,0.3721792921423912,0.010538524688416562,13,regularized,111
15,2021-03-31,tech__momentum_6_1_sector_neutral,4.559808879159391,0.12911427223924526,39,regularized,111
15,2021-03-31,tech__positive_day_ratio_60d_sector_neutral,0.31121314549818635,0.008812224340352686,13,regularized,111
15,2021-03-31,tech__return_1m_sector_neutral,0.3368811048567295,0.00953903109481819,12,regularized,111
15,2021-03-31,tech__return_1w_sector_neutral,0.5587857207283378,0.015822420101699954,17,regularized,111
15,2021-03-31,tech__return_3m_sector_neutral,1.745035806670785,0.049411945583837456,46,regularized,111
15,2021-03-31,tech__reversal_1m_sector_neutral,0.08209719881415367,0.002324641308151537,3,regularized,111
15,2021-03-31,tech__sma_50_200_spread_sector_neutral,1.6778418784961104,0.04750930111669291,26,regularized,111
15,2021-03-31,tech__volatility_20d_sector_neutral,0.510460396297276,0.014454053738109684,16,regularized,111
15,2021-03-31,tech__volatility_60d_sector_neutral,1.625070309266448,0.046015036129589564,33,regularized,111
15,2021-03-31,tech__zero_volume_ratio_60d_sector_neutral,0.0,0.0,0,regularized,111
16,2021-04-30,fund__accruals_missing,0.0,0.0,0,shallow,155
16,2021-04-30,fund__accruals_sector_zscore,0.28067589923739433,0.00898228336585943,8,shallow,155
16,2021-04-30,fund__accruals_zscore,0.3387120012193918,0.0108395739806525,4,shallow,155
16,2021-04-30,fund__asset_growth_yoy_missing,0.0,0.0,0,shallow,155
16,2021-04-30,fund__asset_growth_yoy_sector_zscore,0.09949900023639202,0.0031842000583993018,3,shallow,155
16,2021-04-30,fund__asset_growth_yoy_zscore,0.5723329968750477,0.018315990690797097,17,shallow,155
16,2021-04-30,fund__book_to_market_missing,0.0,0.0,0,shallow,155
16,2021-04-30,fund__book_to_market_sector_zscore,0.1639923993498087,0.005248139241058545,5,shallow,155
16,2021-04-30,fund__book_to_market_zscore,0.9500759094953537,0.030404644863882647,16,shallow,155
16,2021-04-30,fund__capex_to_assets_missing,0.0,0.0,0,shallow,155
16,2021-04-30,fund__capex_to_assets_sector_zscore,0.017364200204610825,0.0005556949032072394,1,shallow,155
16,2021-04-30,fund__capex_to_assets_zscore,0.38283479772508144,0.012251606371695267,11,shallow,155
16,2021-04-30,fund__cash_conversion_missing,0.0,0.0,0,shallow,155
16,2021-04-30,fund__cash_conversion_sector_zscore,0.6117025092244148,0.019575906903263277,16,shallow,155
16,2021-04-30,fund__cash_conversion_zscore,0.7819075956940651,0.02502286662133985,16,shallow,155
16,2021-04-30,fund__current_ratio_missing,0.0,0.0,0,shallow,155
16,2021-04-30,fund__current_ratio_sector_zscore,0.14535429701209068,0.004651676498606714,5,shallow,155
16,2021-04-30,fund__current_ratio_zscore,0.13698549941182137,0.004383855457750035,3,shallow,155
16,2021-04-30,fund__debt_to_assets_missing,0.0,0.0,0,shallow,155
16,2021-04-30,fund__debt_to_assets_sector_zscore,0.10725130140781403,0.0034322917757444414,2,shallow,155
16,2021-04-30,fund__debt_to_assets_zscore,0.35600510239601135,0.011392993549147388,10,shallow,155
16,2021-04-30,fund__earnings_yield_missing,0.0,0.0,0,shallow,155
16,2021-04-30,fund__earnings_yield_sector_zscore,0.3340188004076481,0.01068938060922837,8,shallow,155
16,2021-04-30,fund__earnings_yield_zscore,0.13762439787387848,0.004404301698570145,3,shallow,155
16,2021-04-30,fund__fcf_yield_missing,0.0,0.0,0,shallow,155
16,2021-04-30,fund__fcf_yield_sector_zscore,0.0,0.0,0,shallow,155
16,2021-04-30,fund__fcf_yield_zscore,0.3235987015068531,0.010355913142725099,8,shallow,155
16,2021-04-30,fund__gross_margin_missing,0.0,0.0,0,shallow,155
16,2021-04-30,fund__gross_margin_sector_zscore,0.6809524092823267,0.0217920652092228,14,shallow,155
16,2021-04-30,fund__gross_margin_zscore,0.3918925076723099,0.012541474214330934,11,shallow,155
16,2021-04-30,fund__gross_profitability_missing,0.0,0.0,0,shallow,155
16,2021-04-30,fund__gross_profitability_sector_zscore,0.06698389910161495,0.002143640990607299,2,shallow,155
16,2021-04-30,fund__gross_profitability_zscore,0.8507182076573372,0.027224966683766446,13,shallow,155
16,2021-04-30,fund__interest_coverage_missing,0.0,0.0,0,shallow,155
16,2021-04-30,fund__interest_coverage_sector_zscore,0.2437174003571272,0.007799525207352284,6,shallow,155
16,2021-04-30,fund__interest_coverage_zscore,0.0,0.0,0,shallow,155
16,2021-04-30,fund__net_debt_to_assets_missing,0.0,0.0,0,shallow,155
16,2021-04-30,fund__net_debt_to_assets_sector_zscore,0.04921489953994751,0.0015749915639041718,1,shallow,155
16,2021-04-30,fund__net_debt_to_assets_zscore,0.24248300306499004,0.007760021615151632,6,shallow,155
16,2021-04-30,fund__net_income_growth_acceleration_missing,0.0,0.0,0,shallow,155
16,2021-04-30,fund__net_income_growth_acceleration_sector_zscore,0.05302109941840172,0.0016967988368060004,2,shallow,155
16,2021-04-30,fund__net_income_growth_acceleration_zscore,0.049261800944805145,0.0015764925182427268,2,shallow,155
16,2021-04-30,fund__net_income_growth_yoy_missing,0.0,0.0,0,shallow,155
16,2021-04-30,fund__net_income_growth_yoy_sector_zscore,0.2582601998001337,0.008264928706138132,8,shallow,155
16,2021-04-30,fund__net_income_growth_yoy_zscore,0.08072759956121445,0.002583471458271364,3,shallow,155
16,2021-04-30,fund__net_margin_missing,0.0,0.0,0,shallow,155
16,2021-04-30,fund__net_margin_sector_zscore,0.4822979085147381,0.015434657884097933,12,shallow,155
16,2021-04-30,fund__net_margin_zscore,0.26538199931383133,0.008492842899984773,5,shallow,155
16,2021-04-30,fund__operating_cash_flow_growth_acceleration_missing,0.0,0.0,0,shallow,155
16,2021-04-30,fund__operating_cash_flow_growth_acceleration_sector_zscore,0.05736669898033142,0.0018358681575630096,2,shallow,155
16,2021-04-30,fund__operating_cash_flow_growth_acceleration_zscore,0.36458260007202625,0.011667493479156705,9,shallow,155
16,2021-04-30,fund__operating_cash_flow_growth_yoy_missing,0.0,0.0,0,shallow,155
16,2021-04-30,fund__operating_cash_flow_growth_yoy_sector_zscore,0.11281020194292068,0.003610189557294697,4,shallow,155
16,2021-04-30,fund__operating_cash_flow_growth_yoy_zscore,0.18145649880170822,0.005807031153163312,5,shallow,155
16,2021-04-30,fund__operating_margin_missing,0.0,0.0,0,shallow,155
16,2021-04-30,fund__operating_margin_sector_zscore,0.06656800024211407,0.002130331257147017,2,shallow,155
16,2021-04-30,fund__operating_margin_zscore,0.03623589873313904,0.0011596332685563117,1,shallow,155
16,2021-04-30,fund__revenue_growth_acceleration_missing,0.0,0.0,0,shallow,155
16,2021-04-30,fund__revenue_growth_acceleration_sector_zscore,0.33398550376296043,0.010688315038944175,8,shallow,155
16,2021-04-30,fund__revenue_growth_acceleration_zscore,0.15847869962453842,0.00507168799084005,5,shallow,155
16,2021-04-30,fund__revenue_growth_yoy_missing,0.0,0.0,0,shallow,155
16,2021-04-30,fund__revenue_growth_yoy_sector_zscore,0.335608696565032,0.010740260994208752,9,shallow,155
16,2021-04-30,fund__revenue_growth_yoy_zscore,0.10453120060265064,0.00334524220618017,4,shallow,155
16,2021-04-30,fund__roa_missing,0.0,0.0,0,shallow,155
16,2021-04-30,fund__roa_sector_zscore,0.0878071989864111,0.002810035150867239,3,shallow,155
16,2021-04-30,fund__roa_zscore,0.42385589703917503,0.013564377218851637,10,shallow,155
16,2021-04-30,fund__roe_missing,0.0,0.0,0,shallow,155
16,2021-04-30,fund__roe_sector_zscore,0.05049379914999008,0.0016159193340657756,2,shallow,155
16,2021-04-30,fund__roe_zscore,0.583844305947423,0.018684379427703252,14,shallow,155
16,2021-04-30,fund__sales_yield_missing,0.0,0.0,0,shallow,155
16,2021-04-30,fund__sales_yield_sector_zscore,0.19335170090198517,0.00618770536227481,4,shallow,155
16,2021-04-30,fund__sales_yield_zscore,2.918374415487051,0.09339478750688061,54,shallow,155
16,2021-04-30,tech__amihud_illiquidity_20d_sector_neutral,1.024201899766922,0.032776849428660826,28,shallow,155
16,2021-04-30,tech__average_dollar_volume_20d_sector_neutral,0.32474080100655556,0.01039246299031161,8,shallow,155
16,2021-04-30,tech__beta_60d_market_sector_neutral,0.20368740241974592,0.00651847191569003,5,shallow,155
16,2021-04-30,tech__distance_sma_200d_sector_neutral,0.5682296920567751,0.018184675366915128,11,shallow,155
16,2021-04-30,tech__distance_sma_50d_sector_neutral,0.3773318976163864,0.012075500734393963,10,shallow,155
16,2021-04-30,tech__dollar_volume_change_20d_60d_sector_neutral,0.19238520227372646,0.0061567751521095565,5,shallow,155
16,2021-04-30,tech__downside_volatility_60d_sector_neutral,0.3904334958642721,0.012494782433777144,9,shallow,155
16,2021-04-30,tech__max_drawdown_126d_sector_neutral,0.6732743009924889,0.02154634783712045,17,shallow,155
16,2021-04-30,tech__momentum_12_1_sector_neutral,0.28940299712121487,0.009261570851415029,8,shallow,155
16,2021-04-30,tech__momentum_6_1_sector_neutral,2.637036804109812,0.08439132780930597,23,shallow,155
16,2021-04-30,tech__positive_day_ratio_60d_sector_neutral,0.12075719982385635,0.0038645120234145043,3,shallow,155
16,2021-04-30,tech__return_1m_sector_neutral,0.24613730423152447,0.007876967775014971,7,shallow,155
16,2021-04-30,tech__return_1w_sector_neutral,0.5762266032397747,0.018440595175108418,15,shallow,155
16,2021-04-30,tech__return_3m_sector_neutral,1.732223492115736,0.05543519162656039,39,shallow,155
16,2021-04-30,tech__reversal_1m_sector_neutral,0.17154350318014622,0.005489792174258026,5,shallow,155
16,2021-04-30,tech__sma_50_200_spread_sector_neutral,3.378912080079317,0.108133066836379,37,shallow,155
16,2021-04-30,tech__volatility_20d_sector_neutral,0.581085504963994,0.018596091362178213,10,shallow,155
16,2021-04-30,tech__volatility_60d_sector_neutral,2.295912792906165,0.07347456388388542,35,shallow,155
16,2021-04-30,tech__zero_volume_ratio_60d_sector_neutral,0.0,0.0,0,shallow,155
17,2021-05-28,fund__accruals_missing,0.0,0.0,0,shallow,155
17,2021-05-28,fund__accruals_sector_zscore,0.28067589923739433,0.00898228336585943,8,shallow,155
17,2021-05-28,fund__accruals_zscore,0.3387120012193918,0.0108395739806525,4,shallow,155
17,2021-05-28,fund__asset_growth_yoy_missing,0.0,0.0,0,shallow,155
17,2021-05-28,fund__asset_growth_yoy_sector_zscore,0.09949900023639202,0.0031842000583993018,3,shallow,155
17,2021-05-28,fund__asset_growth_yoy_zscore,0.5723329968750477,0.018315990690797097,17,shallow,155
17,2021-05-28,fund__book_to_market_missing,0.0,0.0,0,shallow,155
17,2021-05-28,fund__book_to_market_sector_zscore,0.1639923993498087,0.005248139241058545,5,shallow,155
17,2021-05-28,fund__book_to_market_zscore,0.9500759094953537,0.030404644863882647,16,shallow,155
17,2021-05-28,fund__capex_to_assets_missing,0.0,0.0,0,shallow,155
17,2021-05-28,fund__capex_to_assets_sector_zscore,0.017364200204610825,0.0005556949032072394,1,shallow,155
17,2021-05-28,fund__capex_to_assets_zscore,0.38283479772508144,0.012251606371695267,11,shallow,155
17,2021-05-28,fund__cash_conversion_missing,0.0,0.0,0,shallow,155
17,2021-05-28,fund__cash_conversion_sector_zscore,0.6117025092244148,0.019575906903263277,16,shallow,155
17,2021-05-28,fund__cash_conversion_zscore,0.7819075956940651,0.02502286662133985,16,shallow,155
17,2021-05-28,fund__current_ratio_missing,0.0,0.0,0,shallow,155
17,2021-05-28,fund__current_ratio_sector_zscore,0.14535429701209068,0.004651676498606714,5,shallow,155
17,2021-05-28,fund__current_ratio_zscore,0.13698549941182137,0.004383855457750035,3,shallow,155
17,2021-05-28,fund__debt_to_assets_missing,0.0,0.0,0,shallow,155
17,2021-05-28,fund__debt_to_assets_sector_zscore,0.10725130140781403,0.0034322917757444414,2,shallow,155
17,2021-05-28,fund__debt_to_assets_zscore,0.35600510239601135,0.011392993549147388,10,shallow,155
17,2021-05-28,fund__earnings_yield_missing,0.0,0.0,0,shallow,155
17,2021-05-28,fund__earnings_yield_sector_zscore,0.3340188004076481,0.01068938060922837,8,shallow,155
17,2021-05-28,fund__earnings_yield_zscore,0.13762439787387848,0.004404301698570145,3,shallow,155
17,2021-05-28,fund__fcf_yield_missing,0.0,0.0,0,shallow,155
17,2021-05-28,fund__fcf_yield_sector_zscore,0.0,0.0,0,shallow,155
17,2021-05-28,fund__fcf_yield_zscore,0.3235987015068531,0.010355913142725099,8,shallow,155
17,2021-05-28,fund__gross_margin_missing,0.0,0.0,0,shallow,155
17,2021-05-28,fund__gross_margin_sector_zscore,0.6809524092823267,0.0217920652092228,14,shallow,155
17,2021-05-28,fund__gross_margin_zscore,0.3918925076723099,0.012541474214330934,11,shallow,155
17,2021-05-28,fund__gross_profitability_missing,0.0,0.0,0,shallow,155
17,2021-05-28,fund__gross_profitability_sector_zscore,0.06698389910161495,0.002143640990607299,2,shallow,155
17,2021-05-28,fund__gross_profitability_zscore,0.8507182076573372,0.027224966683766446,13,shallow,155
17,2021-05-28,fund__interest_coverage_missing,0.0,0.0,0,shallow,155
17,2021-05-28,fund__interest_coverage_sector_zscore,0.2437174003571272,0.007799525207352284,6,shallow,155
17,2021-05-28,fund__interest_coverage_zscore,0.0,0.0,0,shallow,155
17,2021-05-28,fund__net_debt_to_assets_missing,0.0,0.0,0,shallow,155
17,2021-05-28,fund__net_debt_to_assets_sector_zscore,0.04921489953994751,0.0015749915639041718,1,shallow,155
17,2021-05-28,fund__net_debt_to_assets_zscore,0.24248300306499004,0.007760021615151632,6,shallow,155
17,2021-05-28,fund__net_income_growth_acceleration_missing,0.0,0.0,0,shallow,155
17,2021-05-28,fund__net_income_growth_acceleration_sector_zscore,0.05302109941840172,0.0016967988368060004,2,shallow,155
17,2021-05-28,fund__net_income_growth_acceleration_zscore,0.049261800944805145,0.0015764925182427268,2,shallow,155
17,2021-05-28,fund__net_income_growth_yoy_missing,0.0,0.0,0,shallow,155
17,2021-05-28,fund__net_income_growth_yoy_sector_zscore,0.2582601998001337,0.008264928706138132,8,shallow,155
17,2021-05-28,fund__net_income_growth_yoy_zscore,0.08072759956121445,0.002583471458271364,3,shallow,155
17,2021-05-28,fund__net_margin_missing,0.0,0.0,0,shallow,155
17,2021-05-28,fund__net_margin_sector_zscore,0.4822979085147381,0.015434657884097933,12,shallow,155
17,2021-05-28,fund__net_margin_zscore,0.26538199931383133,0.008492842899984773,5,shallow,155
17,2021-05-28,fund__operating_cash_flow_growth_acceleration_missing,0.0,0.0,0,shallow,155
17,2021-05-28,fund__operating_cash_flow_growth_acceleration_sector_zscore,0.05736669898033142,0.0018358681575630096,2,shallow,155
17,2021-05-28,fund__operating_cash_flow_growth_acceleration_zscore,0.36458260007202625,0.011667493479156705,9,shallow,155
17,2021-05-28,fund__operating_cash_flow_growth_yoy_missing,0.0,0.0,0,shallow,155
17,2021-05-28,fund__operating_cash_flow_growth_yoy_sector_zscore,0.11281020194292068,0.003610189557294697,4,shallow,155
17,2021-05-28,fund__operating_cash_flow_growth_yoy_zscore,0.18145649880170822,0.005807031153163312,5,shallow,155
17,2021-05-28,fund__operating_margin_missing,0.0,0.0,0,shallow,155
17,2021-05-28,fund__operating_margin_sector_zscore,0.06656800024211407,0.002130331257147017,2,shallow,155
17,2021-05-28,fund__operating_margin_zscore,0.03623589873313904,0.0011596332685563117,1,shallow,155
17,2021-05-28,fund__revenue_growth_acceleration_missing,0.0,0.0,0,shallow,155
17,2021-05-28,fund__revenue_growth_acceleration_sector_zscore,0.33398550376296043,0.010688315038944175,8,shallow,155
17,2021-05-28,fund__revenue_growth_acceleration_zscore,0.15847869962453842,0.00507168799084005,5,shallow,155
17,2021-05-28,fund__revenue_growth_yoy_missing,0.0,0.0,0,shallow,155
17,2021-05-28,fund__revenue_growth_yoy_sector_zscore,0.335608696565032,0.010740260994208752,9,shallow,155
17,2021-05-28,fund__revenue_growth_yoy_zscore,0.10453120060265064,0.00334524220618017,4,shallow,155
17,2021-05-28,fund__roa_missing,0.0,0.0,0,shallow,155
17,2021-05-28,fund__roa_sector_zscore,0.0878071989864111,0.002810035150867239,3,shallow,155
17,2021-05-28,fund__roa_zscore,0.42385589703917503,0.013564377218851637,10,shallow,155
17,2021-05-28,fund__roe_missing,0.0,0.0,0,shallow,155
17,2021-05-28,fund__roe_sector_zscore,0.05049379914999008,0.0016159193340657756,2,shallow,155
17,2021-05-28,fund__roe_zscore,0.583844305947423,0.018684379427703252,14,shallow,155
17,2021-05-28,fund__sales_yield_missing,0.0,0.0,0,shallow,155
17,2021-05-28,fund__sales_yield_sector_zscore,0.19335170090198517,0.00618770536227481,4,shallow,155
17,2021-05-28,fund__sales_yield_zscore,2.918374415487051,0.09339478750688061,54,shallow,155
17,2021-05-28,tech__amihud_illiquidity_20d_sector_neutral,1.024201899766922,0.032776849428660826,28,shallow,155
17,2021-05-28,tech__average_dollar_volume_20d_sector_neutral,0.32474080100655556,0.01039246299031161,8,shallow,155
17,2021-05-28,tech__beta_60d_market_sector_neutral,0.20368740241974592,0.00651847191569003,5,shallow,155
17,2021-05-28,tech__distance_sma_200d_sector_neutral,0.5682296920567751,0.018184675366915128,11,shallow,155
17,2021-05-28,tech__distance_sma_50d_sector_neutral,0.3773318976163864,0.012075500734393963,10,shallow,155
17,2021-05-28,tech__dollar_volume_change_20d_60d_sector_neutral,0.19238520227372646,0.0061567751521095565,5,shallow,155
17,2021-05-28,tech__downside_volatility_60d_sector_neutral,0.3904334958642721,0.012494782433777144,9,shallow,155
17,2021-05-28,tech__max_drawdown_126d_sector_neutral,0.6732743009924889,0.02154634783712045,17,shallow,155
17,2021-05-28,tech__momentum_12_1_sector_neutral,0.28940299712121487,0.009261570851415029,8,shallow,155
17,2021-05-28,tech__momentum_6_1_sector_neutral,2.637036804109812,0.08439132780930597,23,shallow,155
17,2021-05-28,tech__positive_day_ratio_60d_sector_neutral,0.12075719982385635,0.0038645120234145043,3,shallow,155
17,2021-05-28,tech__return_1m_sector_neutral,0.24613730423152447,0.007876967775014971,7,shallow,155
17,2021-05-28,tech__return_1w_sector_neutral,0.5762266032397747,0.018440595175108418,15,shallow,155
17,2021-05-28,tech__return_3m_sector_neutral,1.732223492115736,0.05543519162656039,39,shallow,155
17,2021-05-28,tech__reversal_1m_sector_neutral,0.17154350318014622,0.005489792174258026,5,shallow,155
17,2021-05-28,tech__sma_50_200_spread_sector_neutral,3.378912080079317,0.108133066836379,37,shallow,155
17,2021-05-28,tech__volatility_20d_sector_neutral,0.581085504963994,0.018596091362178213,10,shallow,155
17,2021-05-28,tech__volatility_60d_sector_neutral,2.295912792906165,0.07347456388388542,35,shallow,155
17,2021-05-28,tech__zero_volume_ratio_60d_sector_neutral,0.0,0.0,0,shallow,155
18,2021-06-30,fund__accruals_missing,0.0,0.0,0,shallow,154
18,2021-06-30,fund__accruals_sector_zscore,0.10502490028738976,0.0033434284427853508,4,shallow,154
18,2021-06-30,fund__accruals_zscore,0.21494160033762455,0.006842585502486804,3,shallow,154
18,2021-06-30,fund__asset_growth_yoy_missing,0.0,0.0,0,shallow,154
18,2021-06-30,fund__asset_growth_yoy_sector_zscore,0.06050329841673374,0.001926099889219567,2,shallow,154
18,2021-06-30,fund__asset_growth_yoy_zscore,0.7808556985110044,0.024858249281539034,21,shallow,154
18,2021-06-30,fund__book_to_market_missing,0.0,0.0,0,shallow,154
18,2021-06-30,fund__book_to_market_sector_zscore,0.023260699585080147,0.0007404956765398634,1,shallow,154
18,2021-06-30,fund__book_to_market_zscore,1.7028240989893675,0.05420876868287753,29,shallow,154
18,2021-06-30,fund__capex_to_assets_missing,0.0,0.0,0,shallow,154
18,2021-06-30,fund__capex_to_assets_sector_zscore,0.026542799547314644,0.0008449801020025088,1,shallow,154
18,2021-06-30,fund__capex_to_assets_zscore,0.4942629989236593,0.015734677817315346,13,shallow,154
18,2021-06-30,fund__cash_conversion_missing,0.0,0.0,0,shallow,154
18,2021-06-30,fund__cash_conversion_sector_zscore,0.6935063041746616,0.022077513963675865,19,shallow,154
18,2021-06-30,fund__cash_conversion_zscore,1.142190596088767,0.036361210680470046,20,shallow,154
18,2021-06-30,fund__current_ratio_missing,0.0,0.0,0,shallow,154
18,2021-06-30,fund__current_ratio_sector_zscore,0.21469269506633282,0.00683466169621497,6,shallow,154
18,2021-06-30,fund__current_ratio_zscore,0.1149310003966093,0.0036587854369040155,3,shallow,154
18,2021-06-30,fund__debt_to_assets_missing,0.0,0.0,0,shallow,154
18,2021-06-30,fund__debt_to_assets_sector_zscore,0.0,0.0,0,shallow,154
18,2021-06-30,fund__debt_to_assets_zscore,0.2731225974857807,0.0086947557988876,7,shallow,154
18,2021-06-30,fund__earnings_yield_missing,0.0,0.0,0,shallow,154
18,2021-06-30,fund__earnings_yield_sector_zscore,0.38017259910702705,0.012102652585661958,7,shallow,154
18,2021-06-30,fund__earnings_yield_zscore,0.09063639864325523,0.002885375871305411,3,shallow,154
18,2021-06-30,fund__fcf_yield_missing,0.0,0.0,0,shallow,154
18,2021-06-30,fund__fcf_yield_sector_zscore,0.06146309897303581,0.0019566547811600533,1,shallow,154
18,2021-06-30,fund__fcf_yield_zscore,0.2795867957174778,0.008900541133303706,7,shallow,154
18,2021-06-30,fund__gross_margin_missing,0.0,0.0,0,shallow,154
18,2021-06-30,fund__gross_margin_sector_zscore,1.078506302088499,0.03433384498589137,17,shallow,154
18,2021-06-30,fund__gross_margin_zscore,0.4959243033081293,0.015787564821406395,13,shallow,154
18,2021-06-30,fund__gross_profitability_missing,0.048314400017261505,0.0015380708648310578,1,shallow,154
18,2021-06-30,fund__gross_profitability_sector_zscore,0.08910879865288734,0.0028367452966224674,2,shallow,154
18,2021-06-30,fund__gross_profitability_zscore,0.5438153073191643,0.017312157032642866,10,shallow,154
18,2021-06-30,fund__interest_coverage_missing,0.0,0.0,0,shallow,154
18,2021-06-30,fund__interest_coverage_sector_zscore,0.20895349606871605,0.006651956441414161,5,shallow,154
18,2021-06-30,fund__interest_coverage_zscore,0.17855419777333736,0.005684206143309961,4,shallow,154
18,2021-06-30,fund__net_debt_to_assets_missing,0.0,0.0,0,shallow,154
18,2021-06-30,fund__net_debt_to_assets_sector_zscore,0.09611140191555023,0.0030596705539458462,2,shallow,154
18,2021-06-30,fund__net_debt_to_assets_zscore,0.07075069844722748,0.0022523220387555276,1,shallow,154
18,2021-06-30,fund__net_income_growth_acceleration_missing,0.0,0.0,0,shallow,154
18,2021-06-30,fund__net_income_growth_acceleration_sector_zscore,0.0,0.0,0,shallow,154
18,2021-06-30,fund__net_income_growth_acceleration_zscore,0.04482569918036461,0.0014270093777500683,1,shallow,154
18,2021-06-30,fund__net_income_growth_yoy_missing,0.0,0.0,0,shallow,154
18,2021-06-30,fund__net_income_growth_yoy_sector_zscore,0.3685830943286419,0.011733705033149954,10,shallow,154
18,2021-06-30,fund__net_income_growth_yoy_zscore,0.027274299412965775,0.0008682671267939555,1,shallow,154
18,2021-06-30,fund__net_margin_missing,0.0,0.0,0,shallow,154
18,2021-06-30,fund__net_margin_sector_zscore,0.32328929752111435,0.010291793942412067,8,shallow,154
18,2021-06-30,fund__net_margin_zscore,0.29717719927430153,0.009460525055316709,6,shallow,154
18,2021-06-30,fund__operating_cash_flow_growth_acceleration_missing,0.0,0.0,0,shallow,154
18,2021-06-30,fund__operating_cash_flow_growth_acceleration_sector_zscore,0.02042349986732006,0.0006501744840582305,1,shallow,154
18,2021-06-30,fund__operating_cash_flow_growth_acceleration_zscore,0.40150089748203754,0.012781630992002656,10,shallow,154
18,2021-06-30,fund__operating_cash_flow_growth_yoy_missing,0.0,0.0,0,shallow,154
18,2021-06-30,fund__operating_cash_flow_growth_yoy_sector_zscore,0.08494889922440052,0.0027043164532694086,3,shallow,154
18,2021-06-30,fund__operating_cash_flow_growth_yoy_zscore,0.06608129851520061,0.002103673437321406,2,shallow,154
18,2021-06-30,fund__operating_margin_missing,0.0,0.0,0,shallow,154
18,2021-06-30,fund__operating_margin_sector_zscore,0.10367020219564438,0.003300302135415056,4,shallow,154
18,2021-06-30,fund__operating_margin_zscore,0.06478339806199074,0.0020623552615431713,2,shallow,154
18,2021-06-30,fund__revenue_growth_acceleration_missing,0.0,0.0,0,shallow,154
18,2021-06-30,fund__revenue_growth_acceleration_sector_zscore,0.39742280915379524,0.012651806574445238,8,shallow,154
18,2021-06-30,fund__revenue_growth_acceleration_zscore,0.09934979677200317,0.00316276364370272,3,shallow,154
18,2021-06-30,fund__revenue_growth_yoy_missing,0.0,0.0,0,shallow,154
18,2021-06-30,fund__revenue_growth_yoy_sector_zscore,0.30869840271770954,0.009827298260360466,9,shallow,154
18,2021-06-30,fund__revenue_growth_yoy_zscore,0.04106669872999191,0.0013073430035109295,1,shallow,154
18,2021-06-30,fund__roa_missing,0.0,0.0,0,shallow,154
18,2021-06-30,fund__roa_sector_zscore,0.06777200102806091,0.002157496319840862,2,shallow,154
18,2021-06-30,fund__roa_zscore,0.3062669038772583,0.009749892403658688,6,shallow,154
18,2021-06-30,fund__roe_missing,0.0,0.0,0,shallow,154
18,2021-06-30,fund__roe_sector_zscore,0.05664210021495819,0.0018031800877656057,2,shallow,154
18,2021-06-30,fund__roe_zscore,0.39526920206844807,0.012583247297892435,13,shallow,154
18,2021-06-30,fund__sales_yield_missing,0.0,0.0,0,shallow,154
18,2021-06-30,fund__sales_yield_sector_zscore,0.44877449981868267,0.014286568451717064,9,shallow,154
18,2021-06-30,fund__sales_yield_zscore,2.593484502285719,0.08256260969672367,52,shallow,154
18,2021-06-30,tech__amihud_illiquidity_20d_sector_neutral,0.891792694106698,0.028389887068548007,24,shallow,154
18,2021-06-30,tech__average_dollar_volume_20d_sector_neutral,0.2962353993207216,0.009430543205835334,9,shallow,154
18,2021-06-30,tech__beta_60d_market_sector_neutral,0.2410178054124117,0.00767271174386744,5,shallow,154
18,2021-06-30,tech__distance_sma_200d_sector_neutral,0.6003494951874018,0.019111901771187798,12,shallow,154
18,2021-06-30,tech__distance_sma_50d_sector_neutral,0.30045539885759354,0.009564885313673666,8,shallow,154
18,2021-06-30,tech__dollar_volume_change_20d_60d_sector_neutral,0.31936330534517765,0.0101668114490104,8,shallow,154
18,2021-06-30,tech__downside_volatility_60d_sector_neutral,0.5299753006547689,0.01687156559381782,11,shallow,154
18,2021-06-30,tech__max_drawdown_126d_sector_neutral,0.4399723969399929,0.014006356796762818,10,shallow,154
18,2021-06-30,tech__momentum_12_1_sector_neutral,0.16761500015854836,0.005335960876268972,4,shallow,154
18,2021-06-30,tech__momentum_6_1_sector_neutral,2.6515330113470554,0.08441056228440405,26,shallow,154
18,2021-06-30,tech__positive_day_ratio_60d_sector_neutral,0.05733250081539154,0.0018251587328115759,1,shallow,154
18,2021-06-30,tech__return_1m_sector_neutral,0.21377820521593094,0.006805549253659866,6,shallow,154
18,2021-06-30,tech__return_1w_sector_neutral,0.5262084063142538,0.0167516479205367,13,shallow,154
18,2021-06-30,tech__return_3m_sector_neutral,2.2661490868777037,0.07214200910380388,45,shallow,154
18,2021-06-30,tech__reversal_1m_sector_neutral,0.27872559800744057,0.008873125226116734,8,shallow,154
18,2021-06-30,tech__sma_50_200_spread_sector_neutral,2.9798330944031477,0.09486187271131169,29,shallow,154
18,2021-06-30,tech__volatility_20d_sector_neutral,0.8629183080047369,0.02747068178011552,13,shallow,154
18,2021-06-30,tech__volatility_60d_sector_neutral,1.803219998255372,0.05740483460844809,29,shallow,154
18,2021-06-30,tech__zero_volume_ratio_60d_sector_neutral,0.0,0.0,0,shallow,154
19,2021-07-30,fund__accruals_missing,0.0,0.0,0,shallow,137
19,2021-07-30,fund__accruals_sector_zscore,0.1200391985476017,0.004116251759853757,4,shallow,137
19,2021-07-30,fund__accruals_zscore,0.15471340157091618,0.005305261274605271,4,shallow,137
19,2021-07-30,fund__asset_growth_yoy_missing,0.0,0.0,0,shallow,137
19,2021-07-30,fund__asset_growth_yoy_sector_zscore,0.0,0.0,0,shallow,137
19,2021-07-30,fund__asset_growth_yoy_zscore,0.514267697930336,0.017634700516617027,16,shallow,137
19,2021-07-30,fund__book_to_market_missing,0.0,0.0,0,shallow,137
19,2021-07-30,fund__book_to_market_sector_zscore,0.15598190017044544,0.005348759229072318,4,shallow,137
19,2021-07-30,fund__book_to_market_zscore,1.5477765928953886,0.053074647293980814,26,shallow,137
19,2021-07-30,fund__capex_to_assets_missing,0.0,0.0,0,shallow,137
19,2021-07-30,fund__capex_to_assets_sector_zscore,0.0670815035700798,0.002300284910803362,1,shallow,137
19,2021-07-30,fund__capex_to_assets_zscore,0.4371763952076435,0.01499117061687461,11,shallow,137
19,2021-07-30,fund__cash_conversion_missing,0.0,0.0,0,shallow,137
19,2021-07-30,fund__cash_conversion_sector_zscore,0.5912632998079062,0.020274948748563254,16,shallow,137
19,2021-07-30,fund__cash_conversion_zscore,1.0052587985992432,0.034471225640528735,19,shallow,137
19,2021-07-30,fund__current_ratio_missing,0.0,0.0,0,shallow,137
19,2021-07-30,fund__current_ratio_sector_zscore,0.260973097756505,0.008949001542098038,7,shallow,137
19,2021-07-30,fund__current_ratio_zscore,0.11610689759254456,0.00398140963392845,3,shallow,137
19,2021-07-30,fund__debt_to_assets_missing,0.0,0.0,0,shallow,137
19,2021-07-30,fund__debt_to_assets_sector_zscore,0.04260379821062088,0.0014609224443578746,1,shallow,137
19,2021-07-30,fund__debt_to_assets_zscore,0.26572349667549133,0.009111896980812008,6,shallow,137
19,2021-07-30,fund__earnings_yield_missing,0.0,0.0,0,shallow,137
19,2021-07-30,fund__earnings_yield_sector_zscore,0.26499010249972343,0.009086748236875051,6,shallow,137
19,2021-07-30,fund__earnings_yield_zscore,0.06363410130143166,0.0021820703956537996,2,shallow,137
19,2021-07-30,fund__fcf_yield_missing,0.0,0.0,0,shallow,137
19,2021-07-30,fund__fcf_yield_sector_zscore,0.0,0.0,0,shallow,137
19,2021-07-30,fund__fcf_yield_zscore,0.21111239679157734,0.007239233394878715,6,shallow,137
19,2021-07-30,fund__gross_margin_missing,0.0,0.0,0,shallow,137
19,2021-07-30,fund__gross_margin_sector_zscore,1.0796311926096678,0.03702152172242526,18,shallow,137
19,2021-07-30,fund__gross_margin_zscore,0.4650801960378885,0.01594801696926472,10,shallow,137
19,2021-07-30,fund__gross_profitability_missing,0.042390599846839905,0.0014536116812843994,1,shallow,137
19,2021-07-30,fund__gross_profitability_sector_zscore,0.0916730985045433,0.003143552752902917,2,shallow,137
19,2021-07-30,fund__gross_profitability_zscore,0.6958411987870932,0.02386101868174582,13,shallow,137
19,2021-07-30,fund__interest_coverage_missing,0.0,0.0,0,shallow,137
19,2021-07-30,fund__interest_coverage_sector_zscore,0.07175590097904205,0.0024605741895864642,2,shallow,137
19,2021-07-30,fund__interest_coverage_zscore,0.037084199488162994,0.0012716504546253361,1,shallow,137
19,2021-07-30,fund__net_debt_to_assets_missing,0.0,0.0,0,shallow,137
19,2021-07-30,fund__net_debt_to_assets_sector_zscore,0.08616269752383232,0.0029545961619826867,2,shallow,137
19,2021-07-30,fund__net_debt_to_assets_zscore,0.1534076016396284,0.005260484224023343,4,shallow,137
19,2021-07-30,fund__net_income_growth_acceleration_missing,0.0,0.0,0,shallow,137
19,2021-07-30,fund__net_income_growth_acceleration_sector_zscore,0.0,0.0,0,shallow,137
19,2021-07-30,fund__net_income_growth_acceleration_zscore,0.0962166003882885,0.003299353506749575,2,shallow,137
19,2021-07-30,fund__net_income_growth_yoy_missing,0.0,0.0,0,shallow,137
19,2021-07-30,fund__net_income_growth_yoy_sector_zscore,0.2408359982073307,0.0082584823411991,8,shallow,137
19,2021-07-30,fund__net_income_growth_yoy_zscore,0.0,0.0,0,shallow,137
19,2021-07-30,fund__net_margin_missing,0.0,0.0,0,shallow,137
19,2021-07-30,fund__net_margin_sector_zscore,0.2353678997606039,0.008070976342102753,5,shallow,137
19,2021-07-30,fund__net_margin_zscore,0.19977459497749805,0.006850450003830246,4,shallow,137
19,2021-07-30,fund__operating_cash_flow_growth_acceleration_missing,0.0,0.0,0,shallow,137
19,2021-07-30,fund__operating_cash_flow_growth_acceleration_sector_zscore,0.0,0.0,0,shallow,137
19,2021-07-30,fund__operating_cash_flow_growth_acceleration_zscore,0.31350979767739773,0.010750532093141557,8,shallow,137
19,2021-07-30,fund__operating_cash_flow_growth_yoy_missing,0.0,0.0,0,shallow,137
19,2021-07-30,fund__operating_cash_flow_growth_yoy_sector_zscore,0.04653109982609749,0.0015955931384459524,2,shallow,137
19,2021-07-30,fund__operating_cash_flow_growth_yoy_zscore,0.09932520054280758,0.0034059501935947197,3,shallow,137
19,2021-07-30,fund__operating_margin_missing,0.0,0.0,0,shallow,137
19,2021-07-30,fund__operating_margin_sector_zscore,0.15166730247437954,0.005200807805084349,5,shallow,137
19,2021-07-30,fund__operating_margin_zscore,0.03292139992117882,0.0011289043246041322,1,shallow,137
19,2021-07-30,fund__revenue_growth_acceleration_missing,0.0,0.0,0,shallow,137
19,2021-07-30,fund__revenue_growth_acceleration_sector_zscore,0.5006046015769243,0.01716618069067467,9,shallow,137
19,2021-07-30,fund__revenue_growth_acceleration_zscore,0.11425140127539635,0.003917783001351136,3,shallow,137
19,2021-07-30,fund__revenue_growth_yoy_missing,0.0,0.0,0,shallow,137
19,2021-07-30,fund__revenue_growth_yoy_sector_zscore,0.3603617995977402,0.01235712925215878,9,shallow,137
19,2021-07-30,fund__revenue_growth_yoy_zscore,0.08940869942307472,0.003065904477865408,2,shallow,137
19,2021-07-30,fund__roa_missing,0.0,0.0,0,shallow,137
19,2021-07-30,fund__roa_sector_zscore,0.07324900105595589,0.002511773930117864,2,shallow,137
19,2021-07-30,fund__roa_zscore,0.4767043013125658,0.016346617962711384,8,shallow,137
19,2021-07-30,fund__roe_missing,0.0,0.0,0,shallow,137
19,2021-07-30,fund__roe_sector_zscore,0.03383979946374893,0.001160397068466913,1,shallow,137
19,2021-07-30,fund__roe_zscore,0.14613849855959415,0.005011220161052412,5,shallow,137
19,2021-07-30,fund__sales_yield_missing,0.0,0.0,0,shallow,137
19,2021-07-30,fund__sales_yield_sector_zscore,0.21418269723653793,0.0073445167503389495,5,shallow,137
19,2021-07-30,fund__sales_yield_zscore,2.585095290094614,0.08864523560628362,48,shallow,137
19,2021-07-30,tech__amihud_illiquidity_20d_sector_neutral,0.888166194781661,0.03045601525624039,23,shallow,137
19,2021-07-30,tech__average_dollar_volume_20d_sector_neutral,0.2492405977100134,0.008546683594726002,7,shallow,137
19,2021-07-30,tech__beta_60d_market_sector_neutral,0.3340214937925339,0.011453896546195892,7,shallow,137
19,2021-07-30,tech__distance_sma_200d_sector_neutral,0.5937060955911875,0.02035871440647797,9,shallow,137
19,2021-07-30,tech__distance_sma_50d_sector_neutral,0.07372019998729229,0.0025279317640073125,3,shallow,137
19,2021-07-30,tech__dollar_volume_change_20d_60d_sector_neutral,0.234889205545187,0.008054561488201006,4,shallow,137
19,2021-07-30,tech__downside_volatility_60d_sector_neutral,0.4788041990250349,0.01641862533829409,9,shallow,137
19,2021-07-30,tech__max_drawdown_126d_sector_neutral,0.5564334020018578,0.01908060032009703,13,shallow,137
19,2021-07-30,tech__momentum_12_1_sector_neutral,0.07824050076305866,0.0026829369310564584,2,shallow,137
19,2021-07-30,tech__momentum_6_1_sector_neutral,2.869395213201642,0.0983941349073026,25,shallow,137
19,2021-07-30,tech__positive_day_ratio_60d_sector_neutral,0.15031709894537926,0.005154508115319224,3,shallow,137
19,2021-07-30,tech__return_1m_sector_neutral,0.238808898255229,0.008188971266098665,8,shallow,137
19,2021-07-30,tech__return_1w_sector_neutral,0.33521099761128426,0.011494685698793762,9,shallow,137
19,2021-07-30,tech__return_3m_sector_neutral,1.9431889113038778,0.06663369026669247,39,shallow,137
19,2021-07-30,tech__reversal_1m_sector_neutral,0.3237184025347233,0.011100594307968444,9,shallow,137
19,2021-07-30,tech__sma_50_200_spread_sector_neutral,3.006654031574726,0.1031008628721649,33,shallow,137
19,2021-07-30,tech__volatility_20d_sector_neutral,0.6521987933665514,0.02236448146481898,9,shallow,137
19,2021-07-30,tech__volatility_60d_sector_neutral,1.6038290802389383,0.054996737348427256,27,shallow,137
19,2021-07-30,tech__zero_volume_ratio_60d_sector_neutral,0.0,0.0,0,shallow,137
20,2021-08-31,fund__accruals_missing,0.0,0.0,0,shallow,66
20,2021-08-31,fund__accruals_sector_zscore,0.07406280189752579,0.004178080848309194,2,shallow,66
20,2021-08-31,fund__accruals_zscore,0.0,0.0,0,shallow,66
20,2021-08-31,fund__asset_growth_yoy_missing,0.0,0.0,0,shallow,66
20,2021-08-31,fund__asset_growth_yoy_sector_zscore,0.0,0.0,0,shallow,66
20,2021-08-31,fund__asset_growth_yoy_zscore,0.3145410008728504,0.01774409957610265,9,shallow,66
20,2021-08-31,fund__book_to_market_missing,0.0,0.0,0,shallow,66
20,2021-08-31,fund__book_to_market_sector_zscore,0.08294430002570152,0.004679109924753906,2,shallow,66
20,2021-08-31,fund__book_to_market_zscore,1.0173292085528374,0.057390263044074165,15,shallow,66
20,2021-08-31,fund__capex_to_assets_missing,0.0,0.0,0,shallow,66
20,2021-08-31,fund__capex_to_assets_sector_zscore,0.0,0.0,0,shallow,66
20,2021-08-31,fund__capex_to_assets_zscore,0.2870686985552311,0.016194313486035214,8,shallow,66
20,2021-08-31,fund__cash_conversion_missing,0.0,0.0,0,shallow,66
20,2021-08-31,fund__cash_conversion_sector_zscore,0.29823329858481884,0.016824138450356626,7,shallow,66
20,2021-08-31,fund__cash_conversion_zscore,0.7615245990455151,0.04295964048444535,11,shallow,66
20,2021-08-31,fund__current_ratio_missing,0.0,0.0,0,shallow,66
20,2021-08-31,fund__current_ratio_sector_zscore,0.0,0.0,0,shallow,66
20,2021-08-31,fund__current_ratio_zscore,0.14120379835367203,0.007965684128805547,3,shallow,66
20,2021-08-31,fund__debt_to_assets_missing,0.0,0.0,0,shallow,66
20,2021-08-31,fund__debt_to_assets_sector_zscore,0.0,0.0,0,shallow,66
20,2021-08-31,fund__debt_to_assets_zscore,0.10698030143976212,0.0060350450852541485,2,shallow,66
20,2021-08-31,fund__earnings_yield_missing,0.0,0.0,0,shallow,66
20,2021-08-31,fund__earnings_yield_sector_zscore,0.24467140063643456,0.013802568454572926,5,shallow,66
20,2021-08-31,fund__earnings_yield_zscore,0.0,0.0,0,shallow,66
20,2021-08-31,fund__fcf_yield_missing,0.0,0.0,0,shallow,66
20,2021-08-31,fund__fcf_yield_sector_zscore,0.0,0.0,0,shallow,66
20,2021-08-31,fund__fcf_yield_zscore,0.06159600056707859,0.0034747952238943143,2,shallow,66
20,2021-08-31,fund__gross_margin_missing,0.0,0.0,0,shallow,66
20,2021-08-31,fund__gross_margin_sector_zscore,0.41520170122385025,0.0234226390525838,5,shallow,66
20,2021-08-31,fund__gross_margin_zscore,0.38469839841127396,0.02170186611358892,5,shallow,66
20,2021-08-31,fund__gross_profitability_missing,0.0,0.0,0,shallow,66
20,2021-08-31,fund__gross_profitability_sector_zscore,0.0,0.0,0,shallow,66
20,2021-08-31,fund__gross_profitability_zscore,0.087967399507761,0.0049624764084332884,2,shallow,66
20,2021-08-31,fund__interest_coverage_missing,0.0,0.0,0,shallow,66
20,2021-08-31,fund__interest_coverage_sector_zscore,0.0,0.0,0,shallow,66
20,2021-08-31,fund__interest_coverage_zscore,0.0,0.0,0,shallow,66
20,2021-08-31,fund__net_debt_to_assets_missing,0.0,0.0,0,shallow,66
20,2021-08-31,fund__net_debt_to_assets_sector_zscore,0.0,0.0,0,shallow,66
20,2021-08-31,fund__net_debt_to_assets_zscore,0.0,0.0,0,shallow,66
20,2021-08-31,fund__net_income_growth_acceleration_missing,0.0,0.0,0,shallow,66
20,2021-08-31,fund__net_income_growth_acceleration_sector_zscore,0.0,0.0,0,shallow,66
20,2021-08-31,fund__net_income_growth_acceleration_zscore,0.03859499841928482,0.0021772471416791556,1,shallow,66
20,2021-08-31,fund__net_income_growth_yoy_missing,0.0,0.0,0,shallow,66
20,2021-08-31,fund__net_income_growth_yoy_sector_zscore,0.0854536984115839,0.004820671802892673,3,shallow,66
20,2021-08-31,fund__net_income_growth_yoy_zscore,0.026650000363588333,0.001503397836347064,1,shallow,66
20,2021-08-31,fund__net_margin_missing,0.0,0.0,0,shallow,66
20,2021-08-31,fund__net_margin_sector_zscore,0.19644539803266525,0.011082010594122211,4,shallow,66
20,2021-08-31,fund__net_margin_zscore,0.0,0.0,0,shallow,66
20,2021-08-31,fund__operating_cash_flow_growth_acceleration_missing,0.0,0.0,0,shallow,66
20,2021-08-31,fund__operating_cash_flow_growth_acceleration_sector_zscore,0.0,0.0,0,shallow,66
20,2021-08-31,fund__operating_cash_flow_growth_acceleration_zscore,0.11743609979748726,0.006624884650500917,2,shallow,66
20,2021-08-31,fund__operating_cash_flow_growth_yoy_missing,0.0,0.0,0,shallow,66
20,2021-08-31,fund__operating_cash_flow_growth_yoy_sector_zscore,0.047415100038051605,0.0026748126767300448,1,shallow,66
20,2021-08-31,fund__operating_cash_flow_growth_yoy_zscore,0.04622669890522957,0.0026077717886466762,1,shallow,66
20,2021-08-31,fund__operating_margin_missing,0.0,0.0,0,shallow,66
20,2021-08-31,fund__operating_margin_sector_zscore,0.07061009854078293,0.003983304612464651,2,shallow,66
20,2021-08-31,fund__operating_margin_zscore,0.0,0.0,0,shallow,66
20,2021-08-31,fund__revenue_growth_acceleration_missing,0.0,0.0,0,shallow,66
20,2021-08-31,fund__revenue_growth_acceleration_sector_zscore,0.1533949002623558,0.00865341681106259,2,shallow,66
20,2021-08-31,fund__revenue_growth_acceleration_zscore,0.0,0.0,0,shallow,66
20,2021-08-31,fund__revenue_growth_yoy_missing,0.0,0.0,0,shallow,66
20,2021-08-31,fund__revenue_growth_yoy_sector_zscore,0.18722499534487724,0.010561863004555624,4,shallow,66
20,2021-08-31,fund__revenue_growth_yoy_zscore,0.0,0.0,0,shallow,66
20,2021-08-31,fund__roa_missing,0.0,0.0,0,shallow,66
20,2021-08-31,fund__roa_sector_zscore,0.06060210056602955,0.003418726665142472,2,shallow,66
20,2021-08-31,fund__roa_zscore,0.0,0.0,0,shallow,66
20,2021-08-31,fund__roe_missing,0.0,0.0,0,shallow,66
20,2021-08-31,fund__roe_sector_zscore,0.0,0.0,0,shallow,66
20,2021-08-31,fund__roe_zscore,0.2785114012658596,0.0157115734464742,7,shallow,66
20,2021-08-31,fund__sales_yield_missing,0.0,0.0,0,shallow,66
20,2021-08-31,fund__sales_yield_sector_zscore,0.12026800215244293,0.006784639840561007,1,shallow,66
20,2021-08-31,fund__sales_yield_zscore,2.28263471275568,0.1287695325143899,33,shallow,66
20,2021-08-31,tech__amihud_illiquidity_20d_sector_neutral,0.5611566994339228,0.031656351079577455,13,shallow,66
20,2021-08-31,tech__average_dollar_volume_20d_sector_neutral,0.08396740071475506,0.004736825772457601,2,shallow,66
20,2021-08-31,tech__beta_60d_market_sector_neutral,0.2048143967986107,0.011554128210086834,4,shallow,66
20,2021-08-31,tech__distance_sma_200d_sector_neutral,0.31403690204024315,0.01771566201197855,3,shallow,66
20,2021-08-31,tech__distance_sma_50d_sector_neutral,0.0709443986415863,0.004002163375743509,1,shallow,66
20,2021-08-31,tech__dollar_volume_change_20d_60d_sector_neutral,0.1307660974562168,0.007376865489721705,2,shallow,66
20,2021-08-31,tech__downside_volatility_60d_sector_neutral,0.09380929917097092,0.0052920336014540496,1,shallow,66
20,2021-08-31,tech__max_drawdown_126d_sector_neutral,0.3609382063150406,0.020361490094777557,6,shallow,66
20,2021-08-31,tech__momentum_12_1_sector_neutral,0.030916500836610794,0.0017440825452553392,1,shallow,66
20,2021-08-31,tech__momentum_6_1_sector_neutral,2.9428491070866585,0.16601399324312271,18,shallow,66
20,2021-08-31,tech__positive_day_ratio_60d_sector_neutral,0.0,0.0,0,shallow,66
20,2021-08-31,tech__return_1m_sector_neutral,0.14054789580404758,0.007928682910775276,4,shallow,66
20,2021-08-31,tech__return_1w_sector_neutral,0.12728899717330933,0.00718071295798564,3,shallow,66
20,2021-08-31,tech__return_3m_sector_neutral,1.1348906960338354,0.06402222114934142,20,shallow,66
20,2021-08-31,tech__reversal_1m_sector_neutral,0.0718443002551794,0.004052929233917739,2,shallow,66
20,2021-08-31,tech__sma_50_200_spread_sector_neutral,2.581679079681635,0.14563942550030218,23,shallow,66
20,2021-08-31,tech__volatility_20d_sector_neutral,0.4859414976090193,0.027413260267523824,5,shallow,66
20,2021-08-31,tech__volatility_60d_sector_neutral,0.40062979608774185,0.022600598889199342,5,shallow,66
20,2021-08-31,tech__zero_volume_ratio_60d_sector_neutral,0.0,0.0,0,shallow,66
21,2021-09-30,fund__accruals_missing,0.0,0.0,0,flexible,2
21,2021-09-30,fund__accruals_sector_zscore,0.022872600704431534,0.012605872518497502,1,flexible,2
21,2021-09-30,fund__accruals_zscore,0.0,0.0,0,flexible,2
21,2021-09-30,fund__asset_growth_yoy_missing,0.0,0.0,0,flexible,2
21,2021-09-30,fund__asset_growth_yoy_sector_zscore,0.0,0.0,0,flexible,2
21,2021-09-30,fund__asset_growth_yoy_zscore,0.0,0.0,0,flexible,2
21,2021-09-30,fund__book_to_market_missing,0.0,0.0,0,flexible,2
21,2021-09-30,fund__book_to_market_sector_zscore,0.0,0.0,0,flexible,2
21,2021-09-30,fund__book_to_market_zscore,0.07843080163002014,0.04322589720547358,1,flexible,2
21,2021-09-30,fund__capex_to_assets_missing,0.0,0.0,0,flexible,2
21,2021-09-30,fund__capex_to_assets_sector_zscore,0.0,0.0,0,flexible,2
21,2021-09-30,fund__capex_to_assets_zscore,0.0,0.0,0,flexible,2
21,2021-09-30,fund__cash_conversion_missing,0.0,0.0,0,flexible,2
21,2021-09-30,fund__cash_conversion_sector_zscore,0.04263810068368912,0.02349931556079271,1,flexible,2
21,2021-09-30,fund__cash_conversion_zscore,0.07474879920482635,0.04119661974006499,1,flexible,2
21,2021-09-30,fund__current_ratio_missing,0.0,0.0,0,flexible,2
21,2021-09-30,fund__current_ratio_sector_zscore,0.0,0.0,0,flexible,2
21,2021-09-30,fund__current_ratio_zscore,0.0,0.0,0,flexible,2
21,2021-09-30,fund__debt_to_assets_missing,0.0,0.0,0,flexible,2
21,2021-09-30,fund__debt_to_assets_sector_zscore,0.0,0.0,0,flexible,2
21,2021-09-30,fund__debt_to_assets_zscore,0.0,0.0,0,flexible,2
21,2021-09-30,fund__earnings_yield_missing,0.0,0.0,0,flexible,2
21,2021-09-30,fund__earnings_yield_sector_zscore,0.0,0.0,0,flexible,2
21,2021-09-30,fund__earnings_yield_zscore,0.0,0.0,0,flexible,2
21,2021-09-30,fund__fcf_yield_missing,0.0,0.0,0,flexible,2
21,2021-09-30,fund__fcf_yield_sector_zscore,0.0,0.0,0,flexible,2
21,2021-09-30,fund__fcf_yield_zscore,0.0,0.0,0,flexible,2
21,2021-09-30,fund__gross_margin_missing,0.0,0.0,0,flexible,2
21,2021-09-30,fund__gross_margin_sector_zscore,0.0,0.0,0,flexible,2
21,2021-09-30,fund__gross_margin_zscore,0.0,0.0,0,flexible,2
21,2021-09-30,fund__gross_profitability_missing,0.0,0.0,0,flexible,2
21,2021-09-30,fund__gross_profitability_sector_zscore,0.0,0.0,0,flexible,2
21,2021-09-30,fund__gross_profitability_zscore,0.0,0.0,0,flexible,2
21,2021-09-30,fund__interest_coverage_missing,0.0,0.0,0,flexible,2
21,2021-09-30,fund__interest_coverage_sector_zscore,0.0,0.0,0,flexible,2
21,2021-09-30,fund__interest_coverage_zscore,0.0,0.0,0,flexible,2
21,2021-09-30,fund__net_debt_to_assets_missing,0.0,0.0,0,flexible,2
21,2021-09-30,fund__net_debt_to_assets_sector_zscore,0.0,0.0,0,flexible,2
21,2021-09-30,fund__net_debt_to_assets_zscore,0.0,0.0,0,flexible,2
21,2021-09-30,fund__net_income_growth_acceleration_missing,0.0,0.0,0,flexible,2
21,2021-09-30,fund__net_income_growth_acceleration_sector_zscore,0.0,0.0,0,flexible,2
21,2021-09-30,fund__net_income_growth_acceleration_zscore,0.0,0.0,0,flexible,2
21,2021-09-30,fund__net_income_growth_yoy_missing,0.0,0.0,0,flexible,2
21,2021-09-30,fund__net_income_growth_yoy_sector_zscore,0.0,0.0,0,flexible,2
21,2021-09-30,fund__net_income_growth_yoy_zscore,0.0,0.0,0,flexible,2
21,2021-09-30,fund__net_margin_missing,0.0,0.0,0,flexible,2
21,2021-09-30,fund__net_margin_sector_zscore,0.0,0.0,0,flexible,2
21,2021-09-30,fund__net_margin_zscore,0.0,0.0,0,flexible,2
21,2021-09-30,fund__operating_cash_flow_growth_acceleration_missing,0.0,0.0,0,flexible,2
21,2021-09-30,fund__operating_cash_flow_growth_acceleration_sector_zscore,0.0,0.0,0,flexible,2
21,2021-09-30,fund__operating_cash_flow_growth_acceleration_zscore,0.0,0.0,0,flexible,2
21,2021-09-30,fund__operating_cash_flow_growth_yoy_missing,0.0,0.0,0,flexible,2
21,2021-09-30,fund__operating_cash_flow_growth_yoy_sector_zscore,0.0,0.0,0,flexible,2
21,2021-09-30,fund__operating_cash_flow_growth_yoy_zscore,0.0,0.0,0,flexible,2
21,2021-09-30,fund__operating_margin_missing,0.0,0.0,0,flexible,2
21,2021-09-30,fund__operating_margin_sector_zscore,0.0,0.0,0,flexible,2
21,2021-09-30,fund__operating_margin_zscore,0.0,0.0,0,flexible,2
21,2021-09-30,fund__revenue_growth_acceleration_missing,0.0,0.0,0,flexible,2
21,2021-09-30,fund__revenue_growth_acceleration_sector_zscore,0.0,0.0,0,flexible,2
21,2021-09-30,fund__revenue_growth_acceleration_zscore,0.0,0.0,0,flexible,2
21,2021-09-30,fund__revenue_growth_yoy_missing,0.0,0.0,0,flexible,2
21,2021-09-30,fund__revenue_growth_yoy_sector_zscore,0.043037299066782,0.023719327442777088,1,flexible,2
21,2021-09-30,fund__revenue_growth_yoy_zscore,0.0,0.0,0,flexible,2
21,2021-09-30,fund__roa_missing,0.0,0.0,0,flexible,2
21,2021-09-30,fund__roa_sector_zscore,0.0,0.0,0,flexible,2
21,2021-09-30,fund__roa_zscore,0.0,0.0,0,flexible,2
21,2021-09-30,fund__roe_missing,0.0,0.0,0,flexible,2
21,2021-09-30,fund__roe_sector_zscore,0.0,0.0,0,flexible,2
21,2021-09-30,fund__roe_zscore,0.02854190021753311,0.015730417376988035,1,flexible,2
21,2021-09-30,fund__sales_yield_missing,0.0,0.0,0,flexible,2
21,2021-09-30,fund__sales_yield_sector_zscore,0.0392535999417305,0.021634001447928215,1,flexible,2
21,2021-09-30,fund__sales_yield_zscore,0.16035519540309906,0.08837723252601427,3,flexible,2
21,2021-09-30,tech__amihud_illiquidity_20d_sector_neutral,0.03164679929614067,0.01744163345046865,1,flexible,2
21,2021-09-30,tech__average_dollar_volume_20d_sector_neutral,0.0,0.0,0,flexible,2
21,2021-09-30,tech__beta_60d_market_sector_neutral,0.0,0.0,0,flexible,2
21,2021-09-30,tech__distance_sma_200d_sector_neutral,0.0,0.0,0,flexible,2
21,2021-09-30,tech__distance_sma_50d_sector_neutral,0.0,0.0,0,flexible,2
21,2021-09-30,tech__dollar_volume_change_20d_60d_sector_neutral,0.04010539874434471,0.02210345690058617,1,flexible,2
21,2021-09-30,tech__downside_volatility_60d_sector_neutral,0.04446220025420189,0.02450463922048808,1,flexible,2
21,2021-09-30,tech__max_drawdown_126d_sector_neutral,0.1574839949607849,0.08679481576376769,1,flexible,2
21,2021-09-30,tech__momentum_12_1_sector_neutral,0.0,0.0,0,flexible,2
21,2021-09-30,tech__momentum_6_1_sector_neutral,0.6772560179233551,0.3732589544429447,2,flexible,2
21,2021-09-30,tech__positive_day_ratio_60d_sector_neutral,0.0,0.0,0,flexible,2
21,2021-09-30,tech__return_1m_sector_neutral,0.0,0.0,0,flexible,2
21,2021-09-30,tech__return_1w_sector_neutral,0.04467950016260147,0.024624400631923712,1,flexible,2
21,2021-09-30,tech__return_3m_sector_neutral,0.21813889965415,0.12022380821052668,3,flexible,2
21,2021-09-30,tech__reversal_1m_sector_neutral,0.0,0.0,0,flexible,2
21,2021-09-30,tech__sma_50_200_spread_sector_neutral,0.11078900098800659,0.061059607560757935,1,flexible,2
21,2021-09-30,tech__volatility_20d_sector_neutral,0.0,0.0,0,flexible,2
21,2021-09-30,tech__volatility_60d_sector_neutral,0.0,0.0,0,flexible,2
21,2021-09-30,tech__zero_volume_ratio_60d_sector_neutral,0.0,0.0,0,flexible,2
22,2021-10-29,fund__accruals_missing,0.0,0.0,0,flexible,2
22,2021-10-29,fund__accruals_sector_zscore,0.0,0.0,0,flexible,2
22,2021-10-29,fund__accruals_zscore,0.0,0.0,0,flexible,2
22,2021-10-29,fund__asset_growth_yoy_missing,0.0,0.0,0,flexible,2
22,2021-10-29,fund__asset_growth_yoy_sector_zscore,0.0,0.0,0,flexible,2
22,2021-10-29,fund__asset_growth_yoy_zscore,0.0,0.0,0,flexible,2
22,2021-10-29,fund__book_to_market_missing,0.0,0.0,0,flexible,2
22,2021-10-29,fund__book_to_market_sector_zscore,0.0,0.0,0,flexible,2
22,2021-10-29,fund__book_to_market_zscore,0.18562670052051544,0.09499612905665572,2,flexible,2
22,2021-10-29,fund__capex_to_assets_missing,0.0,0.0,0,flexible,2
22,2021-10-29,fund__capex_to_assets_sector_zscore,0.0,0.0,0,flexible,2
22,2021-10-29,fund__capex_to_assets_zscore,0.0,0.0,0,flexible,2
22,2021-10-29,fund__cash_conversion_missing,0.0,0.0,0,flexible,2
22,2021-10-29,fund__cash_conversion_sector_zscore,0.05171290040016174,0.026464540642766078,1,flexible,2
22,2021-10-29,fund__cash_conversion_zscore,0.07506070286035538,0.03841298798077568,1,flexible,2
22,2021-10-29,fund__current_ratio_missing,0.0,0.0,0,flexible,2
22,2021-10-29,fund__current_ratio_sector_zscore,0.0,0.0,0,flexible,2
22,2021-10-29,fund__current_ratio_zscore,0.0,0.0,0,flexible,2
22,2021-10-29,fund__debt_to_assets_missing,0.0,0.0,0,flexible,2
22,2021-10-29,fund__debt_to_assets_sector_zscore,0.0,0.0,0,flexible,2
22,2021-10-29,fund__debt_to_assets_zscore,0.0,0.0,0,flexible,2
22,2021-10-29,fund__earnings_yield_missing,0.0,0.0,0,flexible,2
22,2021-10-29,fund__earnings_yield_sector_zscore,0.0,0.0,0,flexible,2
22,2021-10-29,fund__earnings_yield_zscore,0.0,0.0,0,flexible,2
22,2021-10-29,fund__fcf_yield_missing,0.0,0.0,0,flexible,2
22,2021-10-29,fund__fcf_yield_sector_zscore,0.0,0.0,0,flexible,2
22,2021-10-29,fund__fcf_yield_zscore,0.0,0.0,0,flexible,2
22,2021-10-29,fund__gross_margin_missing,0.0,0.0,0,flexible,2
22,2021-10-29,fund__gross_margin_sector_zscore,0.0,0.0,0,flexible,2
22,2021-10-29,fund__gross_margin_zscore,0.0,0.0,0,flexible,2
22,2021-10-29,fund__gross_profitability_missing,0.0,0.0,0,flexible,2
22,2021-10-29,fund__gross_profitability_sector_zscore,0.0,0.0,0,flexible,2
22,2021-10-29,fund__gross_profitability_zscore,0.0,0.0,0,flexible,2
22,2021-10-29,fund__interest_coverage_missing,0.0,0.0,0,flexible,2
22,2021-10-29,fund__interest_coverage_sector_zscore,0.0,0.0,0,flexible,2
22,2021-10-29,fund__interest_coverage_zscore,0.0,0.0,0,flexible,2
22,2021-10-29,fund__net_debt_to_assets_missing,0.0,0.0,0,flexible,2
22,2021-10-29,fund__net_debt_to_assets_sector_zscore,0.0,0.0,0,flexible,2
22,2021-10-29,fund__net_debt_to_assets_zscore,0.0,0.0,0,flexible,2
22,2021-10-29,fund__net_income_growth_acceleration_missing,0.0,0.0,0,flexible,2
22,2021-10-29,fund__net_income_growth_acceleration_sector_zscore,0.0,0.0,0,flexible,2
22,2021-10-29,fund__net_income_growth_acceleration_zscore,0.0,0.0,0,flexible,2
22,2021-10-29,fund__net_income_growth_yoy_missing,0.0,0.0,0,flexible,2
22,2021-10-29,fund__net_income_growth_yoy_sector_zscore,0.0,0.0,0,flexible,2
22,2021-10-29,fund__net_income_growth_yoy_zscore,0.0,0.0,0,flexible,2
22,2021-10-29,fund__net_margin_missing,0.0,0.0,0,flexible,2
22,2021-10-29,fund__net_margin_sector_zscore,0.04437059909105301,0.022707052087633035,1,flexible,2
22,2021-10-29,fund__net_margin_zscore,0.0,0.0,0,flexible,2
22,2021-10-29,fund__operating_cash_flow_growth_acceleration_missing,0.0,0.0,0,flexible,2
22,2021-10-29,fund__operating_cash_flow_growth_acceleration_sector_zscore,0.0,0.0,0,flexible,2
22,2021-10-29,fund__operating_cash_flow_growth_acceleration_zscore,0.0,0.0,0,flexible,2
22,2021-10-29,fund__operating_cash_flow_growth_yoy_missing,0.0,0.0,0,flexible,2
22,2021-10-29,fund__operating_cash_flow_growth_yoy_sector_zscore,0.14435000717639923,0.07387241098724844,1,flexible,2
22,2021-10-29,fund__operating_cash_flow_growth_yoy_zscore,0.07922590151429176,0.04054456575361994,2,flexible,2
22,2021-10-29,fund__operating_margin_missing,0.0,0.0,0,flexible,2
22,2021-10-29,fund__operating_margin_sector_zscore,0.0,0.0,0,flexible,2
22,2021-10-29,fund__operating_margin_zscore,0.0,0.0,0,flexible,2
22,2021-10-29,fund__revenue_growth_acceleration_missing,0.0,0.0,0,flexible,2
22,2021-10-29,fund__revenue_growth_acceleration_sector_zscore,0.0,0.0,0,flexible,2
22,2021-10-29,fund__revenue_growth_acceleration_zscore,0.0,0.0,0,flexible,2
22,2021-10-29,fund__revenue_growth_yoy_missing,0.0,0.0,0,flexible,2
22,2021-10-29,fund__revenue_growth_yoy_sector_zscore,0.0,0.0,0,flexible,2
22,2021-10-29,fund__revenue_growth_yoy_zscore,0.0,0.0,0,flexible,2
22,2021-10-29,fund__roa_missing,0.0,0.0,0,flexible,2
22,2021-10-29,fund__roa_sector_zscore,0.0,0.0,0,flexible,2
22,2021-10-29,fund__roa_zscore,0.04185279831290245,0.021418544954825897,1,flexible,2
22,2021-10-29,fund__roe_missing,0.0,0.0,0,flexible,2
22,2021-10-29,fund__roe_sector_zscore,0.0,0.0,0,flexible,2
22,2021-10-29,fund__roe_zscore,0.0,0.0,0,flexible,2
22,2021-10-29,fund__sales_yield_missing,0.0,0.0,0,flexible,2
22,2021-10-29,fund__sales_yield_sector_zscore,0.0,0.0,0,flexible,2
22,2021-10-29,fund__sales_yield_zscore,0.24471139535307884,0.1252332516249523,3,flexible,2
22,2021-10-29,tech__amihud_illiquidity_20d_sector_neutral,0.053576499223709106,0.027418254057135424,1,flexible,2
22,2021-10-29,tech__average_dollar_volume_20d_sector_neutral,0.0,0.0,0,flexible,2
22,2021-10-29,tech__beta_60d_market_sector_neutral,0.0,0.0,0,flexible,2
22,2021-10-29,tech__distance_sma_200d_sector_neutral,0.0,0.0,0,flexible,2
22,2021-10-29,tech__distance_sma_50d_sector_neutral,0.0,0.0,0,flexible,2
22,2021-10-29,tech__dollar_volume_change_20d_60d_sector_neutral,0.0,0.0,0,flexible,2
22,2021-10-29,tech__downside_volatility_60d_sector_neutral,0.0,0.0,0,flexible,2
22,2021-10-29,tech__max_drawdown_126d_sector_neutral,0.0,0.0,0,flexible,2
22,2021-10-29,tech__momentum_12_1_sector_neutral,0.04218849912285805,0.02159034285554569,1,flexible,2
22,2021-10-29,tech__momentum_6_1_sector_neutral,0.7144689857959747,0.3656359122439455,2,flexible,2
22,2021-10-29,tech__positive_day_ratio_60d_sector_neutral,0.0,0.0,0,flexible,2
22,2021-10-29,tech__return_1m_sector_neutral,0.0,0.0,0,flexible,2
22,2021-10-29,tech__return_1w_sector_neutral,0.06587149947881699,0.03371033072342707,1,flexible,2
22,2021-10-29,tech__return_3m_sector_neutral,0.07042820006608963,0.03604226312241539,1,flexible,2
22,2021-10-29,tech__reversal_1m_sector_neutral,0.0,0.0,0,flexible,2
22,2021-10-29,tech__sma_50_200_spread_sector_neutral,0.09474319964647293,0.0484856822624078,1,flexible,2
22,2021-10-29,tech__volatility_20d_sector_neutral,0.0,0.0,0,flexible,2
22,2021-10-29,tech__volatility_60d_sector_neutral,0.04585700109601021,0.023467731646646044,1,flexible,2
22,2021-10-29,tech__zero_volume_ratio_60d_sector_neutral,0.0,0.0,0,flexible,2
23,2021-11-30,fund__accruals_missing,0.0,0.0,0,regularized,49
23,2021-11-30,fund__accruals_sector_zscore,0.14884039759635925,0.006584690660026845,3,regularized,49
23,2021-11-30,fund__accruals_zscore,0.34003650210797787,0.015043195366695048,7,regularized,49
23,2021-11-30,fund__asset_growth_yoy_missing,0.0,0.0,0,regularized,49
23,2021-11-30,fund__asset_growth_yoy_sector_zscore,0.027700500562787056,0.0012254685574577765,1,regularized,49
23,2021-11-30,fund__asset_growth_yoy_zscore,0.2690115012228489,0.011901053397785482,6,regularized,49
23,2021-11-30,fund__book_to_market_missing,0.0,0.0,0,regularized,49
23,2021-11-30,fund__book_to_market_sector_zscore,0.7554752957075834,0.033422183787880616,10,regularized,49
23,2021-11-30,fund__book_to_market_zscore,2.048767153173685,0.09063734144716193,32,regularized,49
23,2021-11-30,fund__capex_to_assets_missing,0.0,0.0,0,regularized,49
23,2021-11-30,fund__capex_to_assets_sector_zscore,0.0,0.0,0,regularized,49
23,2021-11-30,fund__capex_to_assets_zscore,0.3299366030842066,0.014596376412680996,9,regularized,49
23,2021-11-30,fund__cash_conversion_missing,0.0,0.0,0,regularized,49
23,2021-11-30,fund__cash_conversion_sector_zscore,0.20984340645372868,0.009283460275961282,7,regularized,49
23,2021-11-30,fund__cash_conversion_zscore,0.4447756018489599,0.019676847136924764,8,regularized,49
23,2021-11-30,fund__current_ratio_missing,0.0,0.0,0,regularized,49
23,2021-11-30,fund__current_ratio_sector_zscore,0.0,0.0,0,regularized,49
23,2021-11-30,fund__current_ratio_zscore,0.0,0.0,0,regularized,49
23,2021-11-30,fund__debt_to_assets_missing,0.0,0.0,0,regularized,49
23,2021-11-30,fund__debt_to_assets_sector_zscore,0.0,0.0,0,regularized,49
23,2021-11-30,fund__debt_to_assets_zscore,0.09153689816594124,0.004049587129131972,3,regularized,49
23,2021-11-30,fund__earnings_yield_missing,0.0,0.0,0,regularized,49
23,2021-11-30,fund__earnings_yield_sector_zscore,0.24574589543044567,0.010871784330817796,6,regularized,49
23,2021-11-30,fund__earnings_yield_zscore,0.09180419892072678,0.004061412499205409,2,regularized,49
23,2021-11-30,fund__fcf_yield_missing,0.0,0.0,0,regularized,49
23,2021-11-30,fund__fcf_yield_sector_zscore,0.0,0.0,0,regularized,49
23,2021-11-30,fund__fcf_yield_zscore,0.48405299708247185,0.02141447685117524,9,regularized,49
23,2021-11-30,fund__gross_margin_missing,0.0,0.0,0,regularized,49
23,2021-11-30,fund__gross_margin_sector_zscore,0.22740720212459564,0.010060481589907345,4,regularized,49
23,2021-11-30,fund__gross_margin_zscore,0.313161700963974,0.013854255704205665,4,regularized,49
23,2021-11-30,fund__gross_profitability_missing,0.0,0.0,0,regularized,49
23,2021-11-30,fund__gross_profitability_sector_zscore,0.09794739633798599,0.004333187200895115,1,regularized,49
23,2021-11-30,fund__gross_profitability_zscore,0.14898859709501266,0.006591246997354364,2,regularized,49
23,2021-11-30,fund__interest_coverage_missing,0.0,0.0,0,regularized,49
23,2021-11-30,fund__interest_coverage_sector_zscore,0.060917600989341736,0.002694991176747383,1,regularized,49
23,2021-11-30,fund__interest_coverage_zscore,0.07960079982876778,0.003521534822720567,2,regularized,49
23,2021-11-30,fund__net_debt_to_assets_missing,0.0,0.0,0,regularized,49
23,2021-11-30,fund__net_debt_to_assets_sector_zscore,0.0,0.0,0,regularized,49
23,2021-11-30,fund__net_debt_to_assets_zscore,0.056982701644301414,0.0025209114552211184,2,regularized,49
23,2021-11-30,fund__net_income_growth_acceleration_missing,0.0,0.0,0,regularized,49
23,2021-11-30,fund__net_income_growth_acceleration_sector_zscore,0.1679055020213127,0.0074281297872177965,3,regularized,49
23,2021-11-30,fund__net_income_growth_acceleration_zscore,0.17621059715747833,0.007795546720099477,2,regularized,49
23,2021-11-30,fund__net_income_growth_yoy_missing,0.0,0.0,0,regularized,49
23,2021-11-30,fund__net_income_growth_yoy_sector_zscore,0.22707247640937567,0.01004567334344823,8,regularized,49
23,2021-11-30,fund__net_income_growth_yoy_zscore,0.15439119935035706,0.006830257811522441,2,regularized,49
23,2021-11-30,fund__net_margin_missing,0.0,0.0,0,regularized,49
23,2021-11-30,fund__net_margin_sector_zscore,0.41736139729619026,0.018464044298543314,10,regularized,49
23,2021-11-30,fund__net_margin_zscore,0.16273388918489218,0.007199337931705539,6,regularized,49
23,2021-11-30,fund__operating_cash_flow_growth_acceleration_missing,0.0,0.0,0,regularized,49
23,2021-11-30,fund__operating_cash_flow_growth_acceleration_sector_zscore,0.0,0.0,0,regularized,49
23,2021-11-30,fund__operating_cash_flow_growth_acceleration_zscore,0.028268899768590927,0.001250614505749136,1,regularized,49
23,2021-11-30,fund__operating_cash_flow_growth_yoy_missing,0.0,0.0,0,regularized,49
23,2021-11-30,fund__operating_cash_flow_growth_yoy_sector_zscore,0.1851550992578268,0.008191250980433943,5,regularized,49
23,2021-11-30,fund__operating_cash_flow_growth_yoy_zscore,0.2482611984014511,0.010983061190109944,6,regularized,49
23,2021-11-30,fund__operating_margin_missing,0.0,0.0,0,regularized,49
23,2021-11-30,fund__operating_margin_sector_zscore,0.0,0.0,0,regularized,49
23,2021-11-30,fund__operating_margin_zscore,0.10253999754786491,0.004536363615230745,3,regularized,49
23,2021-11-30,fund__revenue_growth_acceleration_missing,0.0,0.0,0,regularized,49
23,2021-11-30,fund__revenue_growth_acceleration_sector_zscore,0.0913849025964737,0.004042862853849178,1,regularized,49
23,2021-11-30,fund__revenue_growth_acceleration_zscore,0.0,0.0,0,regularized,49
23,2021-11-30,fund__revenue_growth_yoy_missing,0.0,0.0,0,regularized,49
23,2021-11-30,fund__revenue_growth_yoy_sector_zscore,0.20633289963006973,0.009128155655260154,5,regularized,49
23,2021-11-30,fund__revenue_growth_yoy_zscore,0.029222000390291214,0.0012927796226335669,1,regularized,49
23,2021-11-30,fund__roa_missing,0.0,0.0,0,regularized,49
23,2021-11-30,fund__roa_sector_zscore,0.043498511891812086,0.0019243716733130243,2,regularized,49
23,2021-11-30,fund__roa_zscore,0.21670749969780445,0.009587127367716785,5,regularized,49
23,2021-11-30,fund__roe_missing,0.0,0.0,0,regularized,49
23,2021-11-30,fund__roe_sector_zscore,0.027011699974536896,0.0011949960589068673,1,regularized,49
23,2021-11-30,fund__roe_zscore,0.23840279690921307,0.010546926073051358,6,regularized,49
23,2021-11-30,fund__sales_yield_missing,0.0,0.0,0,regularized,49
23,2021-11-30,fund__sales_yield_sector_zscore,0.07429510168731213,0.0032868110409976174,2,regularized,49
23,2021-11-30,fund__sales_yield_zscore,1.348225999623537,0.059645440960200816,21,regularized,49
23,2021-11-30,tech__amihud_illiquidity_20d_sector_neutral,0.826168205589056,0.036549634069819655,20,regularized,49
23,2021-11-30,tech__average_dollar_volume_20d_sector_neutral,0.2572951000183821,0.011382720479934777,7,regularized,49
23,2021-11-30,tech__beta_60d_market_sector_neutral,0.12405839934945107,0.005488336477772164,3,regularized,49
23,2021-11-30,tech__distance_sma_200d_sector_neutral,0.6970617938786745,0.030837973814487708,8,regularized,49
23,2021-11-30,tech__distance_sma_50d_sector_neutral,0.05357540026307106,0.00237017263737861,1,regularized,49
23,2021-11-30,tech__dollar_volume_change_20d_60d_sector_neutral,0.21026230230927467,0.009301992204604861,6,regularized,49
23,2021-11-30,tech__downside_volatility_60d_sector_neutral,0.08411649987101555,0.0037213091338071896,2,regularized,49
23,2021-11-30,tech__max_drawdown_126d_sector_neutral,0.6073373947292566,0.02686857153797737,10,regularized,49
23,2021-11-30,tech__momentum_12_1_sector_neutral,0.16180980019271374,0.007158456287648577,6,regularized,49
23,2021-11-30,tech__momentum_6_1_sector_neutral,4.726110925897956,0.20908287652123492,34,regularized,49
23,2021-11-30,tech__positive_day_ratio_60d_sector_neutral,0.07725340127944946,0.003417686045421715,2,regularized,49
23,2021-11-30,tech__return_1m_sector_neutral,0.1199256032705307,0.005305501816079966,3,regularized,49
23,2021-11-30,tech__return_1w_sector_neutral,0.2905605975538492,0.012854384184549164,6,regularized,49
23,2021-11-30,tech__return_3m_sector_neutral,1.009772403165698,0.04467227324875592,22,regularized,49
23,2021-11-30,tech__reversal_1m_sector_neutral,0.07631170004606247,0.0033760252368229965,2,regularized,49
23,2021-11-30,tech__sma_50_200_spread_sector_neutral,1.9196043331176043,0.08492318568984884,20,regularized,49
23,2021-11-30,tech__volatility_20d_sector_neutral,0.3372913971543312,0.014921752080860178,5,regularized,49
23,2021-11-30,tech__volatility_60d_sector_neutral,0.40797770395874977,0.01804891024304875,7,regularized,49
23,2021-11-30,tech__zero_volume_ratio_60d_sector_neutral,0.0,0.0,0,regularized,49
24,2021-12-31,fund__accruals_missing,0.0,0.0,0,regularized,19
24,2021-12-31,fund__accruals_sector_zscore,0.0,0.0,0,regularized,19
24,2021-12-31,fund__accruals_zscore,0.15318620204925537,0.014610127548816092,3,regularized,19
24,2021-12-31,fund__asset_growth_yoy_missing,0.0,0.0,0,regularized,19
24,2021-12-31,fund__asset_growth_yoy_sector_zscore,0.0,0.0,0,regularized,19
24,2021-12-31,fund__asset_growth_yoy_zscore,0.04624589905142784,0.004410700668287234,1,regularized,19
24,2021-12-31,fund__book_to_market_missing,0.0,0.0,0,regularized,19
24,2021-12-31,fund__book_to_market_sector_zscore,0.20097430050373077,0.01916791542001595,4,regularized,19
24,2021-12-31,fund__book_to_market_zscore,1.4089595079421997,0.13437945354591263,18,regularized,19
24,2021-12-31,fund__capex_to_assets_missing,0.0,0.0,0,regularized,19
24,2021-12-31,fund__capex_to_assets_sector_zscore,0.02363410033285618,0.002254101320780308,1,regularized,19
24,2021-12-31,fund__capex_to_assets_zscore,0.0969886016100645,0.00925028378109881,3,regularized,19
24,2021-12-31,fund__cash_conversion_missing,0.0,0.0,0,regularized,19
24,2021-12-31,fund__cash_conversion_sector_zscore,0.07667840272188187,0.007313199420179937,2,regularized,19
24,2021-12-31,fund__cash_conversion_zscore,0.17755520343780518,0.01693432002673594,3,regularized,19
24,2021-12-31,fund__current_ratio_missing,0.0,0.0,0,regularized,19
24,2021-12-31,fund__current_ratio_sector_zscore,0.0,0.0,0,regularized,19
24,2021-12-31,fund__current_ratio_zscore,0.05245010182261467,0.00500242624548127,1,regularized,19
24,2021-12-31,fund__debt_to_assets_missing,0.0,0.0,0,regularized,19
24,2021-12-31,fund__debt_to_assets_sector_zscore,0.0,0.0,0,regularized,19
24,2021-12-31,fund__debt_to_assets_zscore,0.0,0.0,0,regularized,19
24,2021-12-31,fund__earnings_yield_missing,0.0,0.0,0,regularized,19
24,2021-12-31,fund__earnings_yield_sector_zscore,0.03673499822616577,0.003503598903883287,1,regularized,19
24,2021-12-31,fund__earnings_yield_zscore,0.03363410010933876,0.0032078508769940303,1,regularized,19
24,2021-12-31,fund__fcf_yield_missing,0.0,0.0,0,regularized,19
24,2021-12-31,fund__fcf_yield_sector_zscore,0.0,0.0,0,regularized,19
24,2021-12-31,fund__fcf_yield_zscore,0.04308579862117767,0.004109306223256354,1,regularized,19
24,2021-12-31,fund__gross_margin_missing,0.0,0.0,0,regularized,19
24,2021-12-31,fund__gross_margin_sector_zscore,0.0,0.0,0,regularized,19
24,2021-12-31,fund__gross_margin_zscore,0.3768400102853775,0.03594110006067153,2,regularized,19
24,2021-12-31,fund__gross_profitability_missing,0.0,0.0,0,regularized,19
24,2021-12-31,fund__gross_profitability_sector_zscore,0.0,0.0,0,regularized,19
24,2021-12-31,fund__gross_profitability_zscore,0.0,0.0,0,regularized,19
24,2021-12-31,fund__interest_coverage_missing,0.0,0.0,0,regularized,19
24,2021-12-31,fund__interest_coverage_sector_zscore,0.0,0.0,0,regularized,19
24,2021-12-31,fund__interest_coverage_zscore,0.0,0.0,0,regularized,19
24,2021-12-31,fund__net_debt_to_assets_missing,0.0,0.0,0,regularized,19
24,2021-12-31,fund__net_debt_to_assets_sector_zscore,0.0,0.0,0,regularized,19
24,2021-12-31,fund__net_debt_to_assets_zscore,0.0,0.0,0,regularized,19
24,2021-12-31,fund__net_income_growth_acceleration_missing,0.0,0.0,0,regularized,19
24,2021-12-31,fund__net_income_growth_acceleration_sector_zscore,0.06837069988250732,0.006520852612848711,1,regularized,19
24,2021-12-31,fund__net_income_growth_acceleration_zscore,0.18212170153856277,0.01736984959017562,2,regularized,19
24,2021-12-31,fund__net_income_growth_yoy_missing,0.0,0.0,0,regularized,19
24,2021-12-31,fund__net_income_growth_yoy_sector_zscore,0.03676439821720123,0.0035064029267862376,1,regularized,19
24,2021-12-31,fund__net_income_growth_yoy_zscore,0.10845000296831131,0.010343414451433709,1,regularized,19
24,2021-12-31,fund__net_margin_missing,0.0,0.0,0,regularized,19
24,2021-12-31,fund__net_margin_sector_zscore,0.1901456005871296,0.01813512862294837,3,regularized,19
24,2021-12-31,fund__net_margin_zscore,0.028357399627566338,0.0027045857914688607,1,regularized,19
24,2021-12-31,fund__operating_cash_flow_growth_acceleration_missing,0.0,0.0,0,regularized,19
24,2021-12-31,fund__operating_cash_flow_growth_acceleration_sector_zscore,0.0,0.0,0,regularized,19
24,2021-12-31,fund__operating_cash_flow_growth_acceleration_zscore,0.0,0.0,0,regularized,19
24,2021-12-31,fund__operating_cash_flow_growth_yoy_missing,0.0,0.0,0,regularized,19
24,2021-12-31,fund__operating_cash_flow_growth_yoy_sector_zscore,0.015436599962413311,0.0014722650692677347,1,regularized,19
24,2021-12-31,fund__operating_cash_flow_growth_yoy_zscore,0.06587039679288864,0.006282386311306212,1,regularized,19
24,2021-12-31,fund__operating_margin_missing,0.0,0.0,0,regularized,19
24,2021-12-31,fund__operating_margin_sector_zscore,0.0,0.0,0,regularized,19
24,2021-12-31,fund__operating_margin_zscore,0.0,0.0,0,regularized,19
24,2021-12-31,fund__revenue_growth_acceleration_missing,0.0,0.0,0,regularized,19
24,2021-12-31,fund__revenue_growth_acceleration_sector_zscore,0.0,0.0,0,regularized,19
24,2021-12-31,fund__revenue_growth_acceleration_zscore,0.0,0.0,0,regularized,19
24,2021-12-31,fund__revenue_growth_yoy_missing,0.0,0.0,0,regularized,19
24,2021-12-31,fund__revenue_growth_yoy_sector_zscore,0.038153499364852905,0.003638888390058394,1,regularized,19
24,2021-12-31,fund__revenue_growth_yoy_zscore,0.03183310106396675,0.003036080669128178,1,regularized,19
24,2021-12-31,fund__roa_missing,0.0,0.0,0,regularized,19
24,2021-12-31,fund__roa_sector_zscore,0.0,0.0,0,regularized,19
24,2021-12-31,fund__roa_zscore,0.0,0.0,0,regularized,19
24,2021-12-31,fund__roe_missing,0.0,0.0,0,regularized,19
24,2021-12-31,fund__roe_sector_zscore,0.0,0.0,0,regularized,19
24,2021-12-31,fund__roe_zscore,0.06485119834542274,0.0061851803024370565,2,regularized,19
24,2021-12-31,fund__sales_yield_missing,0.0,0.0,0,regularized,19
24,2021-12-31,fund__sales_yield_sector_zscore,0.048945099115371704,0.00466813676035323,1,regularized,19
24,2021-12-31,fund__sales_yield_zscore,0.8409826047718525,0.08020868040126519,11,regularized,19
24,2021-12-31,tech__amihud_illiquidity_20d_sector_neutral,0.29424940422177315,0.02806402449654667,6,regularized,19
24,2021-12-31,tech__average_dollar_volume_20d_sector_neutral,0.11515670269727707,0.010983065654747007,2,regularized,19
24,2021-12-31,tech__beta_60d_market_sector_neutral,0.14686470106244087,0.014007214659262046,3,regularized,19
24,2021-12-31,tech__distance_sma_200d_sector_neutral,0.2762329075485468,0.0263457018874776,3,regularized,19
24,2021-12-31,tech__distance_sma_50d_sector_neutral,0.08429049700498581,0.008039202590844112,2,regularized,19
24,2021-12-31,tech__dollar_volume_change_20d_60d_sector_neutral,0.03396489843726158,0.0032394007535444884,1,regularized,19
24,2021-12-31,tech__downside_volatility_60d_sector_neutral,0.050029000267386436,0.004771513786935246,2,regularized,19
24,2021-12-31,tech__max_drawdown_126d_sector_neutral,0.28009019792079926,0.026713590793772883,3,regularized,19
24,2021-12-31,tech__momentum_12_1_sector_neutral,0.04791179858148098,0.004569585765587076,2,regularized,19
24,2021-12-31,tech__momentum_6_1_sector_neutral,2.8898683125153184,0.27562106821836935,16,regularized,19
24,2021-12-31,tech__positive_day_ratio_60d_sector_neutral,0.0,0.0,0,regularized,19
24,2021-12-31,tech__return_1m_sector_neutral,0.04960620030760765,0.0047311892586333025,1,regularized,19
24,2021-12-31,tech__return_1w_sector_neutral,0.15476569905877113,0.014760772009369915,4,regularized,19
24,2021-12-31,tech__return_3m_sector_neutral,0.6361389011144638,0.06067172081893914,11,regularized,19
24,2021-12-31,tech__reversal_1m_sector_neutral,0.0,0.0,0,regularized,19
24,2021-12-31,tech__sma_50_200_spread_sector_neutral,0.8552183136343956,0.08156641053261664,8,regularized,19
24,2021-12-31,tech__volatility_20d_sector_neutral,0.0,0.0,0,regularized,19
24,2021-12-31,tech__volatility_60d_sector_neutral,0.12329549714922905,0.01175930283176365,3,regularized,19
24,2021-12-31,tech__zero_volume_ratio_60d_sector_neutral,0.0,0.0,0,regularized,19
25,2022-01-31,fund__accruals_missing,0.0,0.0,0,regularized,19
25,2022-01-31,fund__accruals_sector_zscore,0.0,0.0,0,regularized,19
25,2022-01-31,fund__accruals_zscore,0.15318620204925537,0.014610127548816092,3,regularized,19
25,2022-01-31,fund__asset_growth_yoy_missing,0.0,0.0,0,regularized,19
25,2022-01-31,fund__asset_growth_yoy_sector_zscore,0.0,0.0,0,regularized,19
25,2022-01-31,fund__asset_growth_yoy_zscore,0.04624589905142784,0.004410700668287234,1,regularized,19
25,2022-01-31,fund__book_to_market_missing,0.0,0.0,0,regularized,19
25,2022-01-31,fund__book_to_market_sector_zscore,0.20097430050373077,0.01916791542001595,4,regularized,19
25,2022-01-31,fund__book_to_market_zscore,1.4089595079421997,0.13437945354591263,18,regularized,19
25,2022-01-31,fund__capex_to_assets_missing,0.0,0.0,0,regularized,19
25,2022-01-31,fund__capex_to_assets_sector_zscore,0.02363410033285618,0.002254101320780308,1,regularized,19
25,2022-01-31,fund__capex_to_assets_zscore,0.0969886016100645,0.00925028378109881,3,regularized,19
25,2022-01-31,fund__cash_conversion_missing,0.0,0.0,0,regularized,19
25,2022-01-31,fund__cash_conversion_sector_zscore,0.07667840272188187,0.007313199420179937,2,regularized,19
25,2022-01-31,fund__cash_conversion_zscore,0.17755520343780518,0.01693432002673594,3,regularized,19
25,2022-01-31,fund__current_ratio_missing,0.0,0.0,0,regularized,19
25,2022-01-31,fund__current_ratio_sector_zscore,0.0,0.0,0,regularized,19
25,2022-01-31,fund__current_ratio_zscore,0.05245010182261467,0.00500242624548127,1,regularized,19
25,2022-01-31,fund__debt_to_assets_missing,0.0,0.0,0,regularized,19
25,2022-01-31,fund__debt_to_assets_sector_zscore,0.0,0.0,0,regularized,19
25,2022-01-31,fund__debt_to_assets_zscore,0.0,0.0,0,regularized,19
25,2022-01-31,fund__earnings_yield_missing,0.0,0.0,0,regularized,19
25,2022-01-31,fund__earnings_yield_sector_zscore,0.03673499822616577,0.003503598903883287,1,regularized,19
25,2022-01-31,fund__earnings_yield_zscore,0.03363410010933876,0.0032078508769940303,1,regularized,19
25,2022-01-31,fund__fcf_yield_missing,0.0,0.0,0,regularized,19
25,2022-01-31,fund__fcf_yield_sector_zscore,0.0,0.0,0,regularized,19
25,2022-01-31,fund__fcf_yield_zscore,0.04308579862117767,0.004109306223256354,1,regularized,19
25,2022-01-31,fund__gross_margin_missing,0.0,0.0,0,regularized,19
25,2022-01-31,fund__gross_margin_sector_zscore,0.0,0.0,0,regularized,19
25,2022-01-31,fund__gross_margin_zscore,0.3768400102853775,0.03594110006067153,2,regularized,19
25,2022-01-31,fund__gross_profitability_missing,0.0,0.0,0,regularized,19
25,2022-01-31,fund__gross_profitability_sector_zscore,0.0,0.0,0,regularized,19
25,2022-01-31,fund__gross_profitability_zscore,0.0,0.0,0,regularized,19
25,2022-01-31,fund__interest_coverage_missing,0.0,0.0,0,regularized,19
25,2022-01-31,fund__interest_coverage_sector_zscore,0.0,0.0,0,regularized,19
25,2022-01-31,fund__interest_coverage_zscore,0.0,0.0,0,regularized,19
25,2022-01-31,fund__net_debt_to_assets_missing,0.0,0.0,0,regularized,19
25,2022-01-31,fund__net_debt_to_assets_sector_zscore,0.0,0.0,0,regularized,19
25,2022-01-31,fund__net_debt_to_assets_zscore,0.0,0.0,0,regularized,19
25,2022-01-31,fund__net_income_growth_acceleration_missing,0.0,0.0,0,regularized,19
25,2022-01-31,fund__net_income_growth_acceleration_sector_zscore,0.06837069988250732,0.006520852612848711,1,regularized,19
25,2022-01-31,fund__net_income_growth_acceleration_zscore,0.18212170153856277,0.01736984959017562,2,regularized,19
25,2022-01-31,fund__net_income_growth_yoy_missing,0.0,0.0,0,regularized,19
25,2022-01-31,fund__net_income_growth_yoy_sector_zscore,0.03676439821720123,0.0035064029267862376,1,regularized,19
25,2022-01-31,fund__net_income_growth_yoy_zscore,0.10845000296831131,0.010343414451433709,1,regularized,19
25,2022-01-31,fund__net_margin_missing,0.0,0.0,0,regularized,19
25,2022-01-31,fund__net_margin_sector_zscore,0.1901456005871296,0.01813512862294837,3,regularized,19
25,2022-01-31,fund__net_margin_zscore,0.028357399627566338,0.0027045857914688607,1,regularized,19
25,2022-01-31,fund__operating_cash_flow_growth_acceleration_missing,0.0,0.0,0,regularized,19
25,2022-01-31,fund__operating_cash_flow_growth_acceleration_sector_zscore,0.0,0.0,0,regularized,19
25,2022-01-31,fund__operating_cash_flow_growth_acceleration_zscore,0.0,0.0,0,regularized,19
25,2022-01-31,fund__operating_cash_flow_growth_yoy_missing,0.0,0.0,0,regularized,19
25,2022-01-31,fund__operating_cash_flow_growth_yoy_sector_zscore,0.015436599962413311,0.0014722650692677347,1,regularized,19
25,2022-01-31,fund__operating_cash_flow_growth_yoy_zscore,0.06587039679288864,0.006282386311306212,1,regularized,19
25,2022-01-31,fund__operating_margin_missing,0.0,0.0,0,regularized,19
25,2022-01-31,fund__operating_margin_sector_zscore,0.0,0.0,0,regularized,19
25,2022-01-31,fund__operating_margin_zscore,0.0,0.0,0,regularized,19
25,2022-01-31,fund__revenue_growth_acceleration_missing,0.0,0.0,0,regularized,19
25,2022-01-31,fund__revenue_growth_acceleration_sector_zscore,0.0,0.0,0,regularized,19
25,2022-01-31,fund__revenue_growth_acceleration_zscore,0.0,0.0,0,regularized,19
25,2022-01-31,fund__revenue_growth_yoy_missing,0.0,0.0,0,regularized,19
25,2022-01-31,fund__revenue_growth_yoy_sector_zscore,0.038153499364852905,0.003638888390058394,1,regularized,19
25,2022-01-31,fund__revenue_growth_yoy_zscore,0.03183310106396675,0.003036080669128178,1,regularized,19
25,2022-01-31,fund__roa_missing,0.0,0.0,0,regularized,19
25,2022-01-31,fund__roa_sector_zscore,0.0,0.0,0,regularized,19
25,2022-01-31,fund__roa_zscore,0.0,0.0,0,regularized,19
25,2022-01-31,fund__roe_missing,0.0,0.0,0,regularized,19
25,2022-01-31,fund__roe_sector_zscore,0.0,0.0,0,regularized,19
25,2022-01-31,fund__roe_zscore,0.06485119834542274,0.0061851803024370565,2,regularized,19
25,2022-01-31,fund__sales_yield_missing,0.0,0.0,0,regularized,19
25,2022-01-31,fund__sales_yield_sector_zscore,0.048945099115371704,0.00466813676035323,1,regularized,19
25,2022-01-31,fund__sales_yield_zscore,0.8409826047718525,0.08020868040126519,11,regularized,19
25,2022-01-31,tech__amihud_illiquidity_20d_sector_neutral,0.29424940422177315,0.02806402449654667,6,regularized,19
25,2022-01-31,tech__average_dollar_volume_20d_sector_neutral,0.11515670269727707,0.010983065654747007,2,regularized,19
25,2022-01-31,tech__beta_60d_market_sector_neutral,0.14686470106244087,0.014007214659262046,3,regularized,19
25,2022-01-31,tech__distance_sma_200d_sector_neutral,0.2762329075485468,0.0263457018874776,3,regularized,19
25,2022-01-31,tech__distance_sma_50d_sector_neutral,0.08429049700498581,0.008039202590844112,2,regularized,19
25,2022-01-31,tech__dollar_volume_change_20d_60d_sector_neutral,0.03396489843726158,0.0032394007535444884,1,regularized,19
25,2022-01-31,tech__downside_volatility_60d_sector_neutral,0.050029000267386436,0.004771513786935246,2,regularized,19
25,2022-01-31,tech__max_drawdown_126d_sector_neutral,0.28009019792079926,0.026713590793772883,3,regularized,19
25,2022-01-31,tech__momentum_12_1_sector_neutral,0.04791179858148098,0.004569585765587076,2,regularized,19
25,2022-01-31,tech__momentum_6_1_sector_neutral,2.8898683125153184,0.27562106821836935,16,regularized,19
25,2022-01-31,tech__positive_day_ratio_60d_sector_neutral,0.0,0.0,0,regularized,19
25,2022-01-31,tech__return_1m_sector_neutral,0.04960620030760765,0.0047311892586333025,1,regularized,19
25,2022-01-31,tech__return_1w_sector_neutral,0.15476569905877113,0.014760772009369915,4,regularized,19
25,2022-01-31,tech__return_3m_sector_neutral,0.6361389011144638,0.06067172081893914,11,regularized,19
25,2022-01-31,tech__reversal_1m_sector_neutral,0.0,0.0,0,regularized,19
25,2022-01-31,tech__sma_50_200_spread_sector_neutral,0.8552183136343956,0.08156641053261664,8,regularized,19
25,2022-01-31,tech__volatility_20d_sector_neutral,0.0,0.0,0,regularized,19
25,2022-01-31,tech__volatility_60d_sector_neutral,0.12329549714922905,0.01175930283176365,3,regularized,19
25,2022-01-31,tech__zero_volume_ratio_60d_sector_neutral,0.0,0.0,0,regularized,19
26,2022-02-28,fund__accruals_missing,0.0,0.0,0,flexible,1
26,2022-02-28,fund__accruals_sector_zscore,0.0,0.0,0,flexible,1
26,2022-02-28,fund__accruals_zscore,0.0,0.0,0,flexible,1
26,2022-02-28,fund__asset_growth_yoy_missing,0.0,0.0,0,flexible,1
26,2022-02-28,fund__asset_growth_yoy_sector_zscore,0.0,0.0,0,flexible,1
26,2022-02-28,fund__asset_growth_yoy_zscore,0.0,0.0,0,flexible,1
26,2022-02-28,fund__book_to_market_missing,0.0,0.0,0,flexible,1
26,2022-02-28,fund__book_to_market_sector_zscore,0.0,0.0,0,flexible,1
26,2022-02-28,fund__book_to_market_zscore,0.22799640521407127,0.20828477027805636,2,flexible,1
26,2022-02-28,fund__capex_to_assets_missing,0.0,0.0,0,flexible,1
26,2022-02-28,fund__capex_to_assets_sector_zscore,0.0,0.0,0,flexible,1
26,2022-02-28,fund__capex_to_assets_zscore,0.0,0.0,0,flexible,1
26,2022-02-28,fund__cash_conversion_missing,0.0,0.0,0,flexible,1
26,2022-02-28,fund__cash_conversion_sector_zscore,0.0,0.0,0,flexible,1
26,2022-02-28,fund__cash_conversion_zscore,0.11059699952602386,0.10103523613932179,1,flexible,1
26,2022-02-28,fund__current_ratio_missing,0.0,0.0,0,flexible,1
26,2022-02-28,fund__current_ratio_sector_zscore,0.0,0.0,0,flexible,1
26,2022-02-28,fund__current_ratio_zscore,0.0,0.0,0,flexible,1
26,2022-02-28,fund__debt_to_assets_missing,0.0,0.0,0,flexible,1
26,2022-02-28,fund__debt_to_assets_sector_zscore,0.0,0.0,0,flexible,1
26,2022-02-28,fund__debt_to_assets_zscore,0.0,0.0,0,flexible,1
26,2022-02-28,fund__earnings_yield_missing,0.0,0.0,0,flexible,1
26,2022-02-28,fund__earnings_yield_sector_zscore,0.0,0.0,0,flexible,1
26,2022-02-28,fund__earnings_yield_zscore,0.0,0.0,0,flexible,1
26,2022-02-28,fund__fcf_yield_missing,0.0,0.0,0,flexible,1
26,2022-02-28,fund__fcf_yield_sector_zscore,0.0,0.0,0,flexible,1
26,2022-02-28,fund__fcf_yield_zscore,0.0,0.0,0,flexible,1
26,2022-02-28,fund__gross_margin_missing,0.0,0.0,0,flexible,1
26,2022-02-28,fund__gross_margin_sector_zscore,0.0,0.0,0,flexible,1
26,2022-02-28,fund__gross_margin_zscore,0.0,0.0,0,flexible,1
26,2022-02-28,fund__gross_profitability_missing,0.0,0.0,0,flexible,1
26,2022-02-28,fund__gross_profitability_sector_zscore,0.0,0.0,0,flexible,1
26,2022-02-28,fund__gross_profitability_zscore,0.0,0.0,0,flexible,1
26,2022-02-28,fund__interest_coverage_missing,0.0,0.0,0,flexible,1
26,2022-02-28,fund__interest_coverage_sector_zscore,0.0,0.0,0,flexible,1
26,2022-02-28,fund__interest_coverage_zscore,0.0,0.0,0,flexible,1
26,2022-02-28,fund__net_debt_to_assets_missing,0.0,0.0,0,flexible,1
26,2022-02-28,fund__net_debt_to_assets_sector_zscore,0.0,0.0,0,flexible,1
26,2022-02-28,fund__net_debt_to_assets_zscore,0.0,0.0,0,flexible,1
26,2022-02-28,fund__net_income_growth_acceleration_missing,0.0,0.0,0,flexible,1
26,2022-02-28,fund__net_income_growth_acceleration_sector_zscore,0.0,0.0,0,flexible,1
26,2022-02-28,fund__net_income_growth_acceleration_zscore,0.0,0.0,0,flexible,1
26,2022-02-28,fund__net_income_growth_yoy_missing,0.0,0.0,0,flexible,1
26,2022-02-28,fund__net_income_growth_yoy_sector_zscore,0.0,0.0,0,flexible,1
26,2022-02-28,fund__net_income_growth_yoy_zscore,0.0,0.0,0,flexible,1
26,2022-02-28,fund__net_margin_missing,0.0,0.0,0,flexible,1
26,2022-02-28,fund__net_margin_sector_zscore,0.0,0.0,0,flexible,1
26,2022-02-28,fund__net_margin_zscore,0.0,0.0,0,flexible,1
26,2022-02-28,fund__operating_cash_flow_growth_acceleration_missing,0.0,0.0,0,flexible,1
26,2022-02-28,fund__operating_cash_flow_growth_acceleration_sector_zscore,0.0,0.0,0,flexible,1
26,2022-02-28,fund__operating_cash_flow_growth_acceleration_zscore,0.0,0.0,0,flexible,1
26,2022-02-28,fund__operating_cash_flow_growth_yoy_missing,0.0,0.0,0,flexible,1
26,2022-02-28,fund__operating_cash_flow_growth_yoy_sector_zscore,0.0,0.0,0,flexible,1
26,2022-02-28,fund__operating_cash_flow_growth_yoy_zscore,0.0,0.0,0,flexible,1
26,2022-02-28,fund__operating_margin_missing,0.0,0.0,0,flexible,1
26,2022-02-28,fund__operating_margin_sector_zscore,0.0,0.0,0,flexible,1
26,2022-02-28,fund__operating_margin_zscore,0.0,0.0,0,flexible,1
26,2022-02-28,fund__revenue_growth_acceleration_missing,0.0,0.0,0,flexible,1
26,2022-02-28,fund__revenue_growth_acceleration_sector_zscore,0.0,0.0,0,flexible,1
26,2022-02-28,fund__revenue_growth_acceleration_zscore,0.0,0.0,0,flexible,1
26,2022-02-28,fund__revenue_growth_yoy_missing,0.0,0.0,0,flexible,1
26,2022-02-28,fund__revenue_growth_yoy_sector_zscore,0.0,0.0,0,flexible,1
26,2022-02-28,fund__revenue_growth_yoy_zscore,0.0,0.0,0,flexible,1
26,2022-02-28,fund__roa_missing,0.0,0.0,0,flexible,1
26,2022-02-28,fund__roa_sector_zscore,0.0,0.0,0,flexible,1
26,2022-02-28,fund__roa_zscore,0.0,0.0,0,flexible,1
26,2022-02-28,fund__roe_missing,0.0,0.0,0,flexible,1
26,2022-02-28,fund__roe_sector_zscore,0.0,0.0,0,flexible,1
26,2022-02-28,fund__roe_zscore,0.0,0.0,0,flexible,1
26,2022-02-28,fund__sales_yield_missing,0.0,0.0,0,flexible,1
26,2022-02-28,fund__sales_yield_sector_zscore,0.0,0.0,0,flexible,1
26,2022-02-28,fund__sales_yield_zscore,0.15096160024404526,0.13791007888091988,2,flexible,1
26,2022-02-28,tech__amihud_illiquidity_20d_sector_neutral,0.0,0.0,0,flexible,1
26,2022-02-28,tech__average_dollar_volume_20d_sector_neutral,0.0,0.0,0,flexible,1
26,2022-02-28,tech__beta_60d_market_sector_neutral,0.0,0.0,0,flexible,1
26,2022-02-28,tech__distance_sma_200d_sector_neutral,0.03340350091457367,0.030515571102721184,1,flexible,1
26,2022-02-28,tech__distance_sma_50d_sector_neutral,0.04492359980940819,0.041039689452912656,1,flexible,1
26,2022-02-28,tech__dollar_volume_change_20d_60d_sector_neutral,0.0,0.0,0,flexible,1
26,2022-02-28,tech__downside_volatility_60d_sector_neutral,0.0,0.0,0,flexible,1
26,2022-02-28,tech__max_drawdown_126d_sector_neutral,0.0,0.0,0,flexible,1
26,2022-02-28,tech__momentum_12_1_sector_neutral,0.0,0.0,0,flexible,1
26,2022-02-28,tech__momentum_6_1_sector_neutral,0.32778599858283997,0.2994469643110695,1,flexible,1
26,2022-02-28,tech__positive_day_ratio_60d_sector_neutral,0.0,0.0,0,flexible,1
26,2022-02-28,tech__return_1m_sector_neutral,0.0,0.0,0,flexible,1
26,2022-02-28,tech__return_1w_sector_neutral,0.0,0.0,0,flexible,1
26,2022-02-28,tech__return_3m_sector_neutral,0.08130980283021927,0.07428009045995723,1,flexible,1
26,2022-02-28,tech__reversal_1m_sector_neutral,0.0,0.0,0,flexible,1
26,2022-02-28,tech__sma_50_200_spread_sector_neutral,0.11766000092029572,0.1074875993750414,1,flexible,1
26,2022-02-28,tech__volatility_20d_sector_neutral,0.0,0.0,0,flexible,1
26,2022-02-28,tech__volatility_60d_sector_neutral,0.0,0.0,0,flexible,1
26,2022-02-28,tech__zero_volume_ratio_60d_sector_neutral,0.0,0.0,0,flexible,1
27,2022-03-31,fund__accruals_missing,0.0,0.0,0,shallow,3
27,2022-03-31,fund__accruals_sector_zscore,0.0,0.0,0,shallow,3
27,2022-03-31,fund__accruals_zscore,0.0,0.0,0,shallow,3
27,2022-03-31,fund__asset_growth_yoy_missing,0.0,0.0,0,shallow,3
27,2022-03-31,fund__asset_growth_yoy_sector_zscore,0.0,0.0,0,shallow,3
27,2022-03-31,fund__asset_growth_yoy_zscore,0.0,0.0,0,shallow,3
27,2022-03-31,fund__book_to_market_missing,0.0,0.0,0,shallow,3
27,2022-03-31,fund__book_to_market_sector_zscore,0.0,0.0,0,shallow,3
27,2022-03-31,fund__book_to_market_zscore,0.11971230059862137,0.07774592706752297,2,shallow,3
27,2022-03-31,fund__capex_to_assets_missing,0.0,0.0,0,shallow,3
27,2022-03-31,fund__capex_to_assets_sector_zscore,0.0,0.0,0,shallow,3
27,2022-03-31,fund__capex_to_assets_zscore,0.044228099286556244,0.02872348592645262,1,shallow,3
27,2022-03-31,fund__cash_conversion_missing,0.0,0.0,0,shallow,3
27,2022-03-31,fund__cash_conversion_sector_zscore,0.0,0.0,0,shallow,3
27,2022-03-31,fund__cash_conversion_zscore,0.0,0.0,0,shallow,3
27,2022-03-31,fund__current_ratio_missing,0.0,0.0,0,shallow,3
27,2022-03-31,fund__current_ratio_sector_zscore,0.0,0.0,0,shallow,3
27,2022-03-31,fund__current_ratio_zscore,0.0,0.0,0,shallow,3
27,2022-03-31,fund__debt_to_assets_missing,0.0,0.0,0,shallow,3
27,2022-03-31,fund__debt_to_assets_sector_zscore,0.0,0.0,0,shallow,3
27,2022-03-31,fund__debt_to_assets_zscore,0.0,0.0,0,shallow,3
27,2022-03-31,fund__earnings_yield_missing,0.0,0.0,0,shallow,3
27,2022-03-31,fund__earnings_yield_sector_zscore,0.0,0.0,0,shallow,3
27,2022-03-31,fund__earnings_yield_zscore,0.0,0.0,0,shallow,3
27,2022-03-31,fund__fcf_yield_missing,0.0,0.0,0,shallow,3
27,2022-03-31,fund__fcf_yield_sector_zscore,0.0,0.0,0,shallow,3
27,2022-03-31,fund__fcf_yield_zscore,0.0,0.0,0,shallow,3
27,2022-03-31,fund__gross_margin_missing,0.0,0.0,0,shallow,3
27,2022-03-31,fund__gross_margin_sector_zscore,0.0,0.0,0,shallow,3
27,2022-03-31,fund__gross_margin_zscore,0.0,0.0,0,shallow,3
27,2022-03-31,fund__gross_profitability_missing,0.0,0.0,0,shallow,3
27,2022-03-31,fund__gross_profitability_sector_zscore,0.0,0.0,0,shallow,3
27,2022-03-31,fund__gross_profitability_zscore,0.0,0.0,0,shallow,3
27,2022-03-31,fund__interest_coverage_missing,0.0,0.0,0,shallow,3
27,2022-03-31,fund__interest_coverage_sector_zscore,0.0,0.0,0,shallow,3
27,2022-03-31,fund__interest_coverage_zscore,0.0,0.0,0,shallow,3
27,2022-03-31,fund__net_debt_to_assets_missing,0.0,0.0,0,shallow,3
27,2022-03-31,fund__net_debt_to_assets_sector_zscore,0.0,0.0,0,shallow,3
27,2022-03-31,fund__net_debt_to_assets_zscore,0.0,0.0,0,shallow,3
27,2022-03-31,fund__net_income_growth_acceleration_missing,0.0,0.0,0,shallow,3
27,2022-03-31,fund__net_income_growth_acceleration_sector_zscore,0.0,0.0,0,shallow,3
27,2022-03-31,fund__net_income_growth_acceleration_zscore,0.0,0.0,0,shallow,3
27,2022-03-31,fund__net_income_growth_yoy_missing,0.0,0.0,0,shallow,3
27,2022-03-31,fund__net_income_growth_yoy_sector_zscore,0.0,0.0,0,shallow,3
27,2022-03-31,fund__net_income_growth_yoy_zscore,0.0,0.0,0,shallow,3
27,2022-03-31,fund__net_margin_missing,0.0,0.0,0,shallow,3
27,2022-03-31,fund__net_margin_sector_zscore,0.0,0.0,0,shallow,3
27,2022-03-31,fund__net_margin_zscore,0.0,0.0,0,shallow,3
27,2022-03-31,fund__operating_cash_flow_growth_acceleration_missing,0.0,0.0,0,shallow,3
27,2022-03-31,fund__operating_cash_flow_growth_acceleration_sector_zscore,0.0,0.0,0,shallow,3
27,2022-03-31,fund__operating_cash_flow_growth_acceleration_zscore,0.0,0.0,0,shallow,3
27,2022-03-31,fund__operating_cash_flow_growth_yoy_missing,0.0,0.0,0,shallow,3
27,2022-03-31,fund__operating_cash_flow_growth_yoy_sector_zscore,0.0,0.0,0,shallow,3
27,2022-03-31,fund__operating_cash_flow_growth_yoy_zscore,0.0,0.0,0,shallow,3
27,2022-03-31,fund__operating_margin_missing,0.0,0.0,0,shallow,3
27,2022-03-31,fund__operating_margin_sector_zscore,0.0,0.0,0,shallow,3
27,2022-03-31,fund__operating_margin_zscore,0.0,0.0,0,shallow,3
27,2022-03-31,fund__revenue_growth_acceleration_missing,0.0,0.0,0,shallow,3
27,2022-03-31,fund__revenue_growth_acceleration_sector_zscore,0.0,0.0,0,shallow,3
27,2022-03-31,fund__revenue_growth_acceleration_zscore,0.0,0.0,0,shallow,3
27,2022-03-31,fund__revenue_growth_yoy_missing,0.0,0.0,0,shallow,3
27,2022-03-31,fund__revenue_growth_yoy_sector_zscore,0.0,0.0,0,shallow,3
27,2022-03-31,fund__revenue_growth_yoy_zscore,0.0,0.0,0,shallow,3
27,2022-03-31,fund__roa_missing,0.0,0.0,0,shallow,3
27,2022-03-31,fund__roa_sector_zscore,0.0,0.0,0,shallow,3
27,2022-03-31,fund__roa_zscore,0.0,0.0,0,shallow,3
27,2022-03-31,fund__roe_missing,0.0,0.0,0,shallow,3
27,2022-03-31,fund__roe_sector_zscore,0.0,0.0,0,shallow,3
27,2022-03-31,fund__roe_zscore,0.0,0.0,0,shallow,3
27,2022-03-31,fund__sales_yield_missing,0.0,0.0,0,shallow,3
27,2022-03-31,fund__sales_yield_sector_zscore,0.0,0.0,0,shallow,3
27,2022-03-31,fund__sales_yield_zscore,0.24771729856729507,0.16087746147615617,3,shallow,3
27,2022-03-31,tech__amihud_illiquidity_20d_sector_neutral,0.0,0.0,0,shallow,3
27,2022-03-31,tech__average_dollar_volume_20d_sector_neutral,0.0,0.0,0,shallow,3
27,2022-03-31,tech__beta_60d_market_sector_neutral,0.0,0.0,0,shallow,3
27,2022-03-31,tech__distance_sma_200d_sector_neutral,0.24487000703811646,0.15902831716550003,1,shallow,3
27,2022-03-31,tech__distance_sma_50d_sector_neutral,0.0,0.0,0,shallow,3
27,2022-03-31,tech__dollar_volume_change_20d_60d_sector_neutral,0.0,0.0,0,shallow,3
27,2022-03-31,tech__downside_volatility_60d_sector_neutral,0.0,0.0,0,shallow,3
27,2022-03-31,tech__max_drawdown_126d_sector_neutral,0.10257399827241898,0.06661563221852869,1,shallow,3
27,2022-03-31,tech__momentum_12_1_sector_neutral,0.0,0.0,0,shallow,3
27,2022-03-31,tech__momentum_6_1_sector_neutral,0.6116040050983429,0.39719995469812486,2,shallow,3
27,2022-03-31,tech__positive_day_ratio_60d_sector_neutral,0.0,0.0,0,shallow,3
27,2022-03-31,tech__return_1m_sector_neutral,0.0,0.0,0,shallow,3
27,2022-03-31,tech__return_1w_sector_neutral,0.0,0.0,0,shallow,3
27,2022-03-31,tech__return_3m_sector_neutral,0.07607460021972656,0.049405869662502676,1,shallow,3
27,2022-03-31,tech__reversal_1m_sector_neutral,0.0,0.0,0,shallow,3
27,2022-03-31,tech__sma_50_200_spread_sector_neutral,0.09300839900970459,0.06040335178521198,1,shallow,3
27,2022-03-31,tech__volatility_20d_sector_neutral,0.0,0.0,0,shallow,3
27,2022-03-31,tech__volatility_60d_sector_neutral,0.0,0.0,0,shallow,3
27,2022-03-31,tech__zero_volume_ratio_60d_sector_neutral,0.0,0.0,0,shallow,3
28,2022-04-29,fund__accruals_missing,0.0,0.0,0,shallow,3
28,2022-04-29,fund__accruals_sector_zscore,0.0,0.0,0,shallow,3
28,2022-04-29,fund__accruals_zscore,0.0,0.0,0,shallow,3
28,2022-04-29,fund__asset_growth_yoy_missing,0.0,0.0,0,shallow,3
28,2022-04-29,fund__asset_growth_yoy_sector_zscore,0.0,0.0,0,shallow,3
28,2022-04-29,fund__asset_growth_yoy_zscore,0.0,0.0,0,shallow,3
28,2022-04-29,fund__book_to_market_missing,0.0,0.0,0,shallow,3
28,2022-04-29,fund__book_to_market_sector_zscore,0.0,0.0,0,shallow,3
28,2022-04-29,fund__book_to_market_zscore,0.11971230059862137,0.07774592706752297,2,shallow,3
28,2022-04-29,fund__capex_to_assets_missing,0.0,0.0,0,shallow,3
28,2022-04-29,fund__capex_to_assets_sector_zscore,0.0,0.0,0,shallow,3
28,2022-04-29,fund__capex_to_assets_zscore,0.044228099286556244,0.02872348592645262,1,shallow,3
28,2022-04-29,fund__cash_conversion_missing,0.0,0.0,0,shallow,3
28,2022-04-29,fund__cash_conversion_sector_zscore,0.0,0.0,0,shallow,3
28,2022-04-29,fund__cash_conversion_zscore,0.0,0.0,0,shallow,3
28,2022-04-29,fund__current_ratio_missing,0.0,0.0,0,shallow,3
28,2022-04-29,fund__current_ratio_sector_zscore,0.0,0.0,0,shallow,3
28,2022-04-29,fund__current_ratio_zscore,0.0,0.0,0,shallow,3
28,2022-04-29,fund__debt_to_assets_missing,0.0,0.0,0,shallow,3
28,2022-04-29,fund__debt_to_assets_sector_zscore,0.0,0.0,0,shallow,3
28,2022-04-29,fund__debt_to_assets_zscore,0.0,0.0,0,shallow,3
28,2022-04-29,fund__earnings_yield_missing,0.0,0.0,0,shallow,3
28,2022-04-29,fund__earnings_yield_sector_zscore,0.0,0.0,0,shallow,3
28,2022-04-29,fund__earnings_yield_zscore,0.0,0.0,0,shallow,3
28,2022-04-29,fund__fcf_yield_missing,0.0,0.0,0,shallow,3
28,2022-04-29,fund__fcf_yield_sector_zscore,0.0,0.0,0,shallow,3
28,2022-04-29,fund__fcf_yield_zscore,0.0,0.0,0,shallow,3
28,2022-04-29,fund__gross_margin_missing,0.0,0.0,0,shallow,3
28,2022-04-29,fund__gross_margin_sector_zscore,0.0,0.0,0,shallow,3
28,2022-04-29,fund__gross_margin_zscore,0.0,0.0,0,shallow,3
28,2022-04-29,fund__gross_profitability_missing,0.0,0.0,0,shallow,3
28,2022-04-29,fund__gross_profitability_sector_zscore,0.0,0.0,0,shallow,3
28,2022-04-29,fund__gross_profitability_zscore,0.0,0.0,0,shallow,3
28,2022-04-29,fund__interest_coverage_missing,0.0,0.0,0,shallow,3
28,2022-04-29,fund__interest_coverage_sector_zscore,0.0,0.0,0,shallow,3
28,2022-04-29,fund__interest_coverage_zscore,0.0,0.0,0,shallow,3
28,2022-04-29,fund__net_debt_to_assets_missing,0.0,0.0,0,shallow,3
28,2022-04-29,fund__net_debt_to_assets_sector_zscore,0.0,0.0,0,shallow,3
28,2022-04-29,fund__net_debt_to_assets_zscore,0.0,0.0,0,shallow,3
28,2022-04-29,fund__net_income_growth_acceleration_missing,0.0,0.0,0,shallow,3
28,2022-04-29,fund__net_income_growth_acceleration_sector_zscore,0.0,0.0,0,shallow,3
28,2022-04-29,fund__net_income_growth_acceleration_zscore,0.0,0.0,0,shallow,3
28,2022-04-29,fund__net_income_growth_yoy_missing,0.0,0.0,0,shallow,3
28,2022-04-29,fund__net_income_growth_yoy_sector_zscore,0.0,0.0,0,shallow,3
28,2022-04-29,fund__net_income_growth_yoy_zscore,0.0,0.0,0,shallow,3
28,2022-04-29,fund__net_margin_missing,0.0,0.0,0,shallow,3
28,2022-04-29,fund__net_margin_sector_zscore,0.0,0.0,0,shallow,3
28,2022-04-29,fund__net_margin_zscore,0.0,0.0,0,shallow,3
28,2022-04-29,fund__operating_cash_flow_growth_acceleration_missing,0.0,0.0,0,shallow,3
28,2022-04-29,fund__operating_cash_flow_growth_acceleration_sector_zscore,0.0,0.0,0,shallow,3
28,2022-04-29,fund__operating_cash_flow_growth_acceleration_zscore,0.0,0.0,0,shallow,3
28,2022-04-29,fund__operating_cash_flow_growth_yoy_missing,0.0,0.0,0,shallow,3
28,2022-04-29,fund__operating_cash_flow_growth_yoy_sector_zscore,0.0,0.0,0,shallow,3
28,2022-04-29,fund__operating_cash_flow_growth_yoy_zscore,0.0,0.0,0,shallow,3
28,2022-04-29,fund__operating_margin_missing,0.0,0.0,0,shallow,3
28,2022-04-29,fund__operating_margin_sector_zscore,0.0,0.0,0,shallow,3
28,2022-04-29,fund__operating_margin_zscore,0.0,0.0,0,shallow,3
28,2022-04-29,fund__revenue_growth_acceleration_missing,0.0,0.0,0,shallow,3
28,2022-04-29,fund__revenue_growth_acceleration_sector_zscore,0.0,0.0,0,shallow,3
28,2022-04-29,fund__revenue_growth_acceleration_zscore,0.0,0.0,0,shallow,3
28,2022-04-29,fund__revenue_growth_yoy_missing,0.0,0.0,0,shallow,3
28,2022-04-29,fund__revenue_growth_yoy_sector_zscore,0.0,0.0,0,shallow,3
28,2022-04-29,fund__revenue_growth_yoy_zscore,0.0,0.0,0,shallow,3
28,2022-04-29,fund__roa_missing,0.0,0.0,0,shallow,3
28,2022-04-29,fund__roa_sector_zscore,0.0,0.0,0,shallow,3
28,2022-04-29,fund__roa_zscore,0.0,0.0,0,shallow,3
28,2022-04-29,fund__roe_missing,0.0,0.0,0,shallow,3
28,2022-04-29,fund__roe_sector_zscore,0.0,0.0,0,shallow,3
28,2022-04-29,fund__roe_zscore,0.0,0.0,0,shallow,3
28,2022-04-29,fund__sales_yield_missing,0.0,0.0,0,shallow,3
28,2022-04-29,fund__sales_yield_sector_zscore,0.0,0.0,0,shallow,3
28,2022-04-29,fund__sales_yield_zscore,0.24771729856729507,0.16087746147615617,3,shallow,3
28,2022-04-29,tech__amihud_illiquidity_20d_sector_neutral,0.0,0.0,0,shallow,3
28,2022-04-29,tech__average_dollar_volume_20d_sector_neutral,0.0,0.0,0,shallow,3
28,2022-04-29,tech__beta_60d_market_sector_neutral,0.0,0.0,0,shallow,3
28,2022-04-29,tech__distance_sma_200d_sector_neutral,0.24487000703811646,0.15902831716550003,1,shallow,3
28,2022-04-29,tech__distance_sma_50d_sector_neutral,0.0,0.0,0,shallow,3
28,2022-04-29,tech__dollar_volume_change_20d_60d_sector_neutral,0.0,0.0,0,shallow,3
28,2022-04-29,tech__downside_volatility_60d_sector_neutral,0.0,0.0,0,shallow,3
28,2022-04-29,tech__max_drawdown_126d_sector_neutral,0.10257399827241898,0.06661563221852869,1,shallow,3
28,2022-04-29,tech__momentum_12_1_sector_neutral,0.0,0.0,0,shallow,3
28,2022-04-29,tech__momentum_6_1_sector_neutral,0.6116040050983429,0.39719995469812486,2,shallow,3
28,2022-04-29,tech__positive_day_ratio_60d_sector_neutral,0.0,0.0,0,shallow,3
28,2022-04-29,tech__return_1m_sector_neutral,0.0,0.0,0,shallow,3
28,2022-04-29,tech__return_1w_sector_neutral,0.0,0.0,0,shallow,3
28,2022-04-29,tech__return_3m_sector_neutral,0.07607460021972656,0.049405869662502676,1,shallow,3
28,2022-04-29,tech__reversal_1m_sector_neutral,0.0,0.0,0,shallow,3
28,2022-04-29,tech__sma_50_200_spread_sector_neutral,0.09300839900970459,0.06040335178521198,1,shallow,3
28,2022-04-29,tech__volatility_20d_sector_neutral,0.0,0.0,0,shallow,3
28,2022-04-29,tech__volatility_60d_sector_neutral,0.0,0.0,0,shallow,3
28,2022-04-29,tech__zero_volume_ratio_60d_sector_neutral,0.0,0.0,0,shallow,3
29,2022-05-31,fund__accruals_missing,0.0,0.0,0,balanced,5
29,2022-05-31,fund__accruals_sector_zscore,0.0,0.0,0,balanced,5
29,2022-05-31,fund__accruals_zscore,0.0,0.0,0,balanced,5
29,2022-05-31,fund__asset_growth_yoy_missing,0.0,0.0,0,balanced,5
29,2022-05-31,fund__asset_growth_yoy_sector_zscore,0.0,0.0,0,balanced,5
29,2022-05-31,fund__asset_growth_yoy_zscore,0.0,0.0,0,balanced,5
29,2022-05-31,fund__book_to_market_missing,0.0,0.0,0,balanced,5
29,2022-05-31,fund__book_to_market_sector_zscore,0.0,0.0,0,balanced,5
29,2022-05-31,fund__book_to_market_zscore,0.308112695813179,0.10063814736015718,4,balanced,5
29,2022-05-31,fund__capex_to_assets_missing,0.0,0.0,0,balanced,5
29,2022-05-31,fund__capex_to_assets_sector_zscore,0.0,0.0,0,balanced,5
29,2022-05-31,fund__capex_to_assets_zscore,0.0,0.0,0,balanced,5
29,2022-05-31,fund__cash_conversion_missing,0.0,0.0,0,balanced,5
29,2022-05-31,fund__cash_conversion_sector_zscore,0.0,0.0,0,balanced,5
29,2022-05-31,fund__cash_conversion_zscore,0.0,0.0,0,balanced,5
29,2022-05-31,fund__current_ratio_missing,0.0,0.0,0,balanced,5
29,2022-05-31,fund__current_ratio_sector_zscore,0.0,0.0,0,balanced,5
29,2022-05-31,fund__current_ratio_zscore,0.0,0.0,0,balanced,5
29,2022-05-31,fund__debt_to_assets_missing,0.0,0.0,0,balanced,5
29,2022-05-31,fund__debt_to_assets_sector_zscore,0.0,0.0,0,balanced,5
29,2022-05-31,fund__debt_to_assets_zscore,0.054294999688863754,0.017734251959940946,1,balanced,5
29,2022-05-31,fund__earnings_yield_missing,0.0,0.0,0,balanced,5
29,2022-05-31,fund__earnings_yield_sector_zscore,0.0,0.0,0,balanced,5
29,2022-05-31,fund__earnings_yield_zscore,0.0,0.0,0,balanced,5
29,2022-05-31,fund__fcf_yield_missing,0.0,0.0,0,balanced,5
29,2022-05-31,fund__fcf_yield_sector_zscore,0.0,0.0,0,balanced,5
29,2022-05-31,fund__fcf_yield_zscore,0.0,0.0,0,balanced,5
29,2022-05-31,fund__gross_margin_missing,0.0,0.0,0,balanced,5
29,2022-05-31,fund__gross_margin_sector_zscore,0.0,0.0,0,balanced,5
29,2022-05-31,fund__gross_margin_zscore,0.0,0.0,0,balanced,5
29,2022-05-31,fund__gross_profitability_missing,0.0,0.0,0,balanced,5
29,2022-05-31,fund__gross_profitability_sector_zscore,0.0,0.0,0,balanced,5
29,2022-05-31,fund__gross_profitability_zscore,0.0,0.0,0,balanced,5
29,2022-05-31,fund__interest_coverage_missing,0.0,0.0,0,balanced,5
29,2022-05-31,fund__interest_coverage_sector_zscore,0.0,0.0,0,balanced,5
29,2022-05-31,fund__interest_coverage_zscore,0.0,0.0,0,balanced,5
29,2022-05-31,fund__net_debt_to_assets_missing,0.0,0.0,0,balanced,5
29,2022-05-31,fund__net_debt_to_assets_sector_zscore,0.0,0.0,0,balanced,5
29,2022-05-31,fund__net_debt_to_assets_zscore,0.0,0.0,0,balanced,5
29,2022-05-31,fund__net_income_growth_acceleration_missing,0.0,0.0,0,balanced,5
29,2022-05-31,fund__net_income_growth_acceleration_sector_zscore,0.0,0.0,0,balanced,5
29,2022-05-31,fund__net_income_growth_acceleration_zscore,0.0,0.0,0,balanced,5
29,2022-05-31,fund__net_income_growth_yoy_missing,0.0,0.0,0,balanced,5
29,2022-05-31,fund__net_income_growth_yoy_sector_zscore,0.0,0.0,0,balanced,5
29,2022-05-31,fund__net_income_growth_yoy_zscore,0.0,0.0,0,balanced,5
29,2022-05-31,fund__net_margin_missing,0.0,0.0,0,balanced,5
29,2022-05-31,fund__net_margin_sector_zscore,0.0,0.0,0,balanced,5
29,2022-05-31,fund__net_margin_zscore,0.0,0.0,0,balanced,5
29,2022-05-31,fund__operating_cash_flow_growth_acceleration_missing,0.0,0.0,0,balanced,5
29,2022-05-31,fund__operating_cash_flow_growth_acceleration_sector_zscore,0.0,0.0,0,balanced,5
29,2022-05-31,fund__operating_cash_flow_growth_acceleration_zscore,0.056743599474430084,0.018534032525280873,1,balanced,5
29,2022-05-31,fund__operating_cash_flow_growth_yoy_missing,0.0,0.0,0,balanced,5
29,2022-05-31,fund__operating_cash_flow_growth_yoy_sector_zscore,0.0,0.0,0,balanced,5
29,2022-05-31,fund__operating_cash_flow_growth_yoy_zscore,0.08388599753379822,0.027399492120827654,1,balanced,5
29,2022-05-31,fund__operating_margin_missing,0.0,0.0,0,balanced,5
29,2022-05-31,fund__operating_margin_sector_zscore,0.0,0.0,0,balanced,5
29,2022-05-31,fund__operating_margin_zscore,0.0,0.0,0,balanced,5
29,2022-05-31,fund__revenue_growth_acceleration_missing,0.0,0.0,0,balanced,5
29,2022-05-31,fund__revenue_growth_acceleration_sector_zscore,0.0,0.0,0,balanced,5
29,2022-05-31,fund__revenue_growth_acceleration_zscore,0.21244629845023155,0.06939085010154207,3,balanced,5
29,2022-05-31,fund__revenue_growth_yoy_missing,0.0,0.0,0,balanced,5
29,2022-05-31,fund__revenue_growth_yoy_sector_zscore,0.058357298374176025,0.019061111317795237,1,balanced,5
29,2022-05-31,fund__revenue_growth_yoy_zscore,0.0,0.0,0,balanced,5
29,2022-05-31,fund__roa_missing,0.0,0.0,0,balanced,5
29,2022-05-31,fund__roa_sector_zscore,0.0,0.0,0,balanced,5
29,2022-05-31,fund__roa_zscore,0.0,0.0,0,balanced,5
29,2022-05-31,fund__roe_missing,0.0,0.0,0,balanced,5
29,2022-05-31,fund__roe_sector_zscore,0.0,0.0,0,balanced,5
29,2022-05-31,fund__roe_zscore,0.07557959854602814,0.02468639195740456,1,balanced,5
29,2022-05-31,fund__sales_yield_missing,0.0,0.0,0,balanced,5
29,2022-05-31,fund__sales_yield_sector_zscore,0.03752880170941353,0.012257946939557852,1,balanced,5
29,2022-05-31,fund__sales_yield_zscore,0.20637980476021767,0.0674093650987129,3,balanced,5
29,2022-05-31,tech__amihud_illiquidity_20d_sector_neutral,0.0765163004398346,0.02499234476137013,1,balanced,5
29,2022-05-31,tech__average_dollar_volume_20d_sector_neutral,0.036159999668598175,0.011810858249729942,1,balanced,5
29,2022-05-31,tech__beta_60d_market_sector_neutral,0.09389139711856842,0.03066753297565792,1,balanced,5
29,2022-05-31,tech__distance_sma_200d_sector_neutral,0.2940662056207657,0.0960501742935289,2,balanced,5
29,2022-05-31,tech__distance_sma_50d_sector_neutral,0.0,0.0,0,balanced,5
29,2022-05-31,tech__dollar_volume_change_20d_60d_sector_neutral,0.0,0.0,0,balanced,5
29,2022-05-31,tech__downside_volatility_60d_sector_neutral,0.0,0.0,0,balanced,5
29,2022-05-31,tech__max_drawdown_126d_sector_neutral,0.08754169940948486,0.02859354568976345,1,balanced,5
29,2022-05-31,tech__momentum_12_1_sector_neutral,0.06355150043964386,0.020757681696056896,1,balanced,5
29,2022-05-31,tech__momentum_6_1_sector_neutral,1.01460000872612,0.3313964876400544,4,balanced,5
29,2022-05-31,tech__positive_day_ratio_60d_sector_neutral,0.0,0.0,0,balanced,5
29,2022-05-31,tech__return_1m_sector_neutral,0.0,0.0,0,balanced,5
29,2022-05-31,tech__return_1w_sector_neutral,0.034420598298311234,0.01124272154585476,1,balanced,5
29,2022-05-31,tech__return_3m_sector_neutral,0.0790868028998375,0.025831942119332534,1,balanced,5
29,2022-05-31,tech__reversal_1m_sector_neutral,0.0,0.0,0,balanced,5
29,2022-05-31,tech__sma_50_200_spread_sector_neutral,0.18842589855194092,0.06154512164743181,2,balanced,5
29,2022-05-31,tech__volatility_20d_sector_neutral,0.0,0.0,0,balanced,5
29,2022-05-31,tech__volatility_60d_sector_neutral,0.0,0.0,0,balanced,5
29,2022-05-31,tech__zero_volume_ratio_60d_sector_neutral,0.0,0.0,0,balanced,5
30,2022-06-30,fund__accruals_missing,0.0,0.0,0,balanced,4
30,2022-06-30,fund__accruals_sector_zscore,0.0,0.0,0,balanced,4
30,2022-06-30,fund__accruals_zscore,0.0,0.0,0,balanced,4
30,2022-06-30,fund__asset_growth_yoy_missing,0.0,0.0,0,balanced,4
30,2022-06-30,fund__asset_growth_yoy_sector_zscore,0.0,0.0,0,balanced,4
30,2022-06-30,fund__asset_growth_yoy_zscore,0.0,0.0,0,balanced,4
30,2022-06-30,fund__book_to_market_missing,0.0,0.0,0,balanced,4
30,2022-06-30,fund__book_to_market_sector_zscore,0.0,0.0,0,balanced,4
30,2022-06-30,fund__book_to_market_zscore,0.10948500037193298,0.044044082528262134,1,balanced,4
30,2022-06-30,fund__capex_to_assets_missing,0.0,0.0,0,balanced,4
30,2022-06-30,fund__capex_to_assets_sector_zscore,0.0,0.0,0,balanced,4
30,2022-06-30,fund__capex_to_assets_zscore,0.061254698783159256,0.024641795673235673,1,balanced,4
30,2022-06-30,fund__cash_conversion_missing,0.0,0.0,0,balanced,4
30,2022-06-30,fund__cash_conversion_sector_zscore,0.0,0.0,0,balanced,4
30,2022-06-30,fund__cash_conversion_zscore,0.0,0.0,0,balanced,4
30,2022-06-30,fund__current_ratio_missing,0.0,0.0,0,balanced,4
30,2022-06-30,fund__current_ratio_sector_zscore,0.0,0.0,0,balanced,4
30,2022-06-30,fund__current_ratio_zscore,0.0,0.0,0,balanced,4
30,2022-06-30,fund__debt_to_assets_missing,0.0,0.0,0,balanced,4
30,2022-06-30,fund__debt_to_assets_sector_zscore,0.03952689841389656,0.015901045530563734,1,balanced,4
30,2022-06-30,fund__debt_to_assets_zscore,0.04277750104665756,0.01720871151346137,1,balanced,4
30,2022-06-30,fund__earnings_yield_missing,0.0,0.0,0,balanced,4
30,2022-06-30,fund__earnings_yield_sector_zscore,0.0,0.0,0,balanced,4
30,2022-06-30,fund__earnings_yield_zscore,0.0,0.0,0,balanced,4
30,2022-06-30,fund__fcf_yield_missing,0.0,0.0,0,balanced,4
30,2022-06-30,fund__fcf_yield_sector_zscore,0.0,0.0,0,balanced,4
30,2022-06-30,fund__fcf_yield_zscore,0.0,0.0,0,balanced,4
30,2022-06-30,fund__gross_margin_missing,0.0,0.0,0,balanced,4
30,2022-06-30,fund__gross_margin_sector_zscore,0.0,0.0,0,balanced,4
30,2022-06-30,fund__gross_margin_zscore,0.0,0.0,0,balanced,4
30,2022-06-30,fund__gross_profitability_missing,0.0,0.0,0,balanced,4
30,2022-06-30,fund__gross_profitability_sector_zscore,0.0,0.0,0,balanced,4
30,2022-06-30,fund__gross_profitability_zscore,0.0,0.0,0,balanced,4
30,2022-06-30,fund__interest_coverage_missing,0.0,0.0,0,balanced,4
30,2022-06-30,fund__interest_coverage_sector_zscore,0.0,0.0,0,balanced,4
30,2022-06-30,fund__interest_coverage_zscore,0.0,0.0,0,balanced,4
30,2022-06-30,fund__net_debt_to_assets_missing,0.0,0.0,0,balanced,4
30,2022-06-30,fund__net_debt_to_assets_sector_zscore,0.0,0.0,0,balanced,4
30,2022-06-30,fund__net_debt_to_assets_zscore,0.0,0.0,0,balanced,4
30,2022-06-30,fund__net_income_growth_acceleration_missing,0.0,0.0,0,balanced,4
30,2022-06-30,fund__net_income_growth_acceleration_sector_zscore,0.0,0.0,0,balanced,4
30,2022-06-30,fund__net_income_growth_acceleration_zscore,0.061309900134801865,0.024664002303177304,1,balanced,4
30,2022-06-30,fund__net_income_growth_yoy_missing,0.0,0.0,0,balanced,4
30,2022-06-30,fund__net_income_growth_yoy_sector_zscore,0.0,0.0,0,balanced,4
30,2022-06-30,fund__net_income_growth_yoy_zscore,0.0,0.0,0,balanced,4
30,2022-06-30,fund__net_margin_missing,0.0,0.0,0,balanced,4
30,2022-06-30,fund__net_margin_sector_zscore,0.0,0.0,0,balanced,4
30,2022-06-30,fund__net_margin_zscore,0.0,0.0,0,balanced,4
30,2022-06-30,fund__operating_cash_flow_growth_acceleration_missing,0.0,0.0,0,balanced,4
30,2022-06-30,fund__operating_cash_flow_growth_acceleration_sector_zscore,0.0,0.0,0,balanced,4
30,2022-06-30,fund__operating_cash_flow_growth_acceleration_zscore,0.0,0.0,0,balanced,4
30,2022-06-30,fund__operating_cash_flow_growth_yoy_missing,0.0,0.0,0,balanced,4
30,2022-06-30,fund__operating_cash_flow_growth_yoy_sector_zscore,0.0,0.0,0,balanced,4
30,2022-06-30,fund__operating_cash_flow_growth_yoy_zscore,0.07271800190210342,0.02925330105664062,1,balanced,4
30,2022-06-30,fund__operating_margin_missing,0.0,0.0,0,balanced,4
30,2022-06-30,fund__operating_margin_sector_zscore,0.0,0.0,0,balanced,4
30,2022-06-30,fund__operating_margin_zscore,0.0,0.0,0,balanced,4
30,2022-06-30,fund__revenue_growth_acceleration_missing,0.0,0.0,0,balanced,4
30,2022-06-30,fund__revenue_growth_acceleration_sector_zscore,0.0,0.0,0,balanced,4
30,2022-06-30,fund__revenue_growth_acceleration_zscore,0.09405499696731567,0.03783683641184755,1,balanced,4
30,2022-06-30,fund__revenue_growth_yoy_missing,0.0,0.0,0,balanced,4
30,2022-06-30,fund__revenue_growth_yoy_sector_zscore,0.0,0.0,0,balanced,4
30,2022-06-30,fund__revenue_growth_yoy_zscore,0.06315729767084122,0.025407181088064848,1,balanced,4
30,2022-06-30,fund__roa_missing,0.0,0.0,0,balanced,4
30,2022-06-30,fund__roa_sector_zscore,0.07106470316648483,0.02858820514662477,1,balanced,4
30,2022-06-30,fund__roa_zscore,0.0,0.0,0,balanced,4
30,2022-06-30,fund__roe_missing,0.0,0.0,0,balanced,4
30,2022-06-30,fund__roe_sector_zscore,0.0,0.0,0,balanced,4
30,2022-06-30,fund__roe_zscore,0.0,0.0,0,balanced,4
30,2022-06-30,fund__sales_yield_missing,0.0,0.0,0,balanced,4
30,2022-06-30,fund__sales_yield_sector_zscore,0.0,0.0,0,balanced,4
30,2022-06-30,fund__sales_yield_zscore,0.19043860211968422,0.07661043503523131,3,balanced,4
30,2022-06-30,tech__amihud_illiquidity_20d_sector_neutral,0.11613469570875168,0.04671914969917776,2,balanced,4
30,2022-06-30,tech__average_dollar_volume_20d_sector_neutral,0.0389522984623909,0.015669893065852793,1,balanced,4
30,2022-06-30,tech__beta_60d_market_sector_neutral,0.0,0.0,0,balanced,4
30,2022-06-30,tech__distance_sma_200d_sector_neutral,0.22575199604034424,0.09081645440693423,1,balanced,4
30,2022-06-30,tech__distance_sma_50d_sector_neutral,0.0,0.0,0,balanced,4
30,2022-06-30,tech__dollar_volume_change_20d_60d_sector_neutral,0.0,0.0,0,balanced,4
30,2022-06-30,tech__downside_volatility_60d_sector_neutral,0.0,0.0,0,balanced,4
30,2022-06-30,tech__max_drawdown_126d_sector_neutral,0.09072069823741913,0.03649550081396148,1,balanced,4
30,2022-06-30,tech__momentum_12_1_sector_neutral,0.0,0.0,0,balanced,4
30,2022-06-30,tech__momentum_6_1_sector_neutral,0.8084570020437241,0.32522945424123495,3,balanced,4
30,2022-06-30,tech__positive_day_ratio_60d_sector_neutral,0.0,0.0,0,balanced,4
30,2022-06-30,tech__return_1m_sector_neutral,0.030774300917983055,0.012380014109482425,1,balanced,4
30,2022-06-30,tech__return_1w_sector_neutral,0.08444059640169144,0.03396911525795806,1,balanced,4
30,2022-06-30,tech__return_3m_sector_neutral,0.07771290093660355,0.03126266987016311,1,balanced,4
30,2022-06-30,tech__reversal_1m_sector_neutral,0.0,0.0,0,balanced,4
30,2022-06-30,tech__sma_50_200_spread_sector_neutral,0.2070729061961174,0.08330215224812587,2,balanced,4
30,2022-06-30,tech__volatility_20d_sector_neutral,0.0,0.0,0,balanced,4
30,2022-06-30,tech__volatility_60d_sector_neutral,0.0,0.0,0,balanced,4
30,2022-06-30,tech__zero_volume_ratio_60d_sector_neutral,0.0,0.0,0,balanced,4
31,2022-07-29,fund__accruals_missing,0.0,0.0,0,balanced,4
31,2022-07-29,fund__accruals_sector_zscore,0.0,0.0,0,balanced,4
31,2022-07-29,fund__accruals_zscore,0.0,0.0,0,balanced,4
31,2022-07-29,fund__asset_growth_yoy_missing,0.0,0.0,0,balanced,4
31,2022-07-29,fund__asset_growth_yoy_sector_zscore,0.0,0.0,0,balanced,4
31,2022-07-29,fund__asset_growth_yoy_zscore,0.0,0.0,0,balanced,4
31,2022-07-29,fund__book_to_market_missing,0.0,0.0,0,balanced,4
31,2022-07-29,fund__book_to_market_sector_zscore,0.0,0.0,0,balanced,4
31,2022-07-29,fund__book_to_market_zscore,0.10948500037193298,0.044044082528262134,1,balanced,4
31,2022-07-29,fund__capex_to_assets_missing,0.0,0.0,0,balanced,4
31,2022-07-29,fund__capex_to_assets_sector_zscore,0.0,0.0,0,balanced,4
31,2022-07-29,fund__capex_to_assets_zscore,0.061254698783159256,0.024641795673235673,1,balanced,4
31,2022-07-29,fund__cash_conversion_missing,0.0,0.0,0,balanced,4
31,2022-07-29,fund__cash_conversion_sector_zscore,0.0,0.0,0,balanced,4
31,2022-07-29,fund__cash_conversion_zscore,0.0,0.0,0,balanced,4
31,2022-07-29,fund__current_ratio_missing,0.0,0.0,0,balanced,4
31,2022-07-29,fund__current_ratio_sector_zscore,0.0,0.0,0,balanced,4
31,2022-07-29,fund__current_ratio_zscore,0.0,0.0,0,balanced,4
31,2022-07-29,fund__debt_to_assets_missing,0.0,0.0,0,balanced,4
31,2022-07-29,fund__debt_to_assets_sector_zscore,0.03952689841389656,0.015901045530563734,1,balanced,4
31,2022-07-29,fund__debt_to_assets_zscore,0.04277750104665756,0.01720871151346137,1,balanced,4
31,2022-07-29,fund__earnings_yield_missing,0.0,0.0,0,balanced,4
31,2022-07-29,fund__earnings_yield_sector_zscore,0.0,0.0,0,balanced,4
31,2022-07-29,fund__earnings_yield_zscore,0.0,0.0,0,balanced,4
31,2022-07-29,fund__fcf_yield_missing,0.0,0.0,0,balanced,4
31,2022-07-29,fund__fcf_yield_sector_zscore,0.0,0.0,0,balanced,4
31,2022-07-29,fund__fcf_yield_zscore,0.0,0.0,0,balanced,4
31,2022-07-29,fund__gross_margin_missing,0.0,0.0,0,balanced,4
31,2022-07-29,fund__gross_margin_sector_zscore,0.0,0.0,0,balanced,4
31,2022-07-29,fund__gross_margin_zscore,0.0,0.0,0,balanced,4
31,2022-07-29,fund__gross_profitability_missing,0.0,0.0,0,balanced,4
31,2022-07-29,fund__gross_profitability_sector_zscore,0.0,0.0,0,balanced,4
31,2022-07-29,fund__gross_profitability_zscore,0.0,0.0,0,balanced,4
31,2022-07-29,fund__interest_coverage_missing,0.0,0.0,0,balanced,4
31,2022-07-29,fund__interest_coverage_sector_zscore,0.0,0.0,0,balanced,4
31,2022-07-29,fund__interest_coverage_zscore,0.0,0.0,0,balanced,4
31,2022-07-29,fund__net_debt_to_assets_missing,0.0,0.0,0,balanced,4
31,2022-07-29,fund__net_debt_to_assets_sector_zscore,0.0,0.0,0,balanced,4
31,2022-07-29,fund__net_debt_to_assets_zscore,0.0,0.0,0,balanced,4
31,2022-07-29,fund__net_income_growth_acceleration_missing,0.0,0.0,0,balanced,4
31,2022-07-29,fund__net_income_growth_acceleration_sector_zscore,0.0,0.0,0,balanced,4
31,2022-07-29,fund__net_income_growth_acceleration_zscore,0.061309900134801865,0.024664002303177304,1,balanced,4
31,2022-07-29,fund__net_income_growth_yoy_missing,0.0,0.0,0,balanced,4
31,2022-07-29,fund__net_income_growth_yoy_sector_zscore,0.0,0.0,0,balanced,4
31,2022-07-29,fund__net_income_growth_yoy_zscore,0.0,0.0,0,balanced,4
31,2022-07-29,fund__net_margin_missing,0.0,0.0,0,balanced,4
31,2022-07-29,fund__net_margin_sector_zscore,0.0,0.0,0,balanced,4
31,2022-07-29,fund__net_margin_zscore,0.0,0.0,0,balanced,4
31,2022-07-29,fund__operating_cash_flow_growth_acceleration_missing,0.0,0.0,0,balanced,4
31,2022-07-29,fund__operating_cash_flow_growth_acceleration_sector_zscore,0.0,0.0,0,balanced,4
31,2022-07-29,fund__operating_cash_flow_growth_acceleration_zscore,0.0,0.0,0,balanced,4
31,2022-07-29,fund__operating_cash_flow_growth_yoy_missing,0.0,0.0,0,balanced,4
31,2022-07-29,fund__operating_cash_flow_growth_yoy_sector_zscore,0.0,0.0,0,balanced,4
31,2022-07-29,fund__operating_cash_flow_growth_yoy_zscore,0.07271800190210342,0.02925330105664062,1,balanced,4
31,2022-07-29,fund__operating_margin_missing,0.0,0.0,0,balanced,4
31,2022-07-29,fund__operating_margin_sector_zscore,0.0,0.0,0,balanced,4
31,2022-07-29,fund__operating_margin_zscore,0.0,0.0,0,balanced,4
31,2022-07-29,fund__revenue_growth_acceleration_missing,0.0,0.0,0,balanced,4
31,2022-07-29,fund__revenue_growth_acceleration_sector_zscore,0.0,0.0,0,balanced,4
31,2022-07-29,fund__revenue_growth_acceleration_zscore,0.09405499696731567,0.03783683641184755,1,balanced,4
31,2022-07-29,fund__revenue_growth_yoy_missing,0.0,0.0,0,balanced,4
31,2022-07-29,fund__revenue_growth_yoy_sector_zscore,0.0,0.0,0,balanced,4
31,2022-07-29,fund__revenue_growth_yoy_zscore,0.06315729767084122,0.025407181088064848,1,balanced,4
31,2022-07-29,fund__roa_missing,0.0,0.0,0,balanced,4
31,2022-07-29,fund__roa_sector_zscore,0.07106470316648483,0.02858820514662477,1,balanced,4
31,2022-07-29,fund__roa_zscore,0.0,0.0,0,balanced,4
31,2022-07-29,fund__roe_missing,0.0,0.0,0,balanced,4
31,2022-07-29,fund__roe_sector_zscore,0.0,0.0,0,balanced,4
31,2022-07-29,fund__roe_zscore,0.0,0.0,0,balanced,4
31,2022-07-29,fund__sales_yield_missing,0.0,0.0,0,balanced,4
31,2022-07-29,fund__sales_yield_sector_zscore,0.0,0.0,0,balanced,4
31,2022-07-29,fund__sales_yield_zscore,0.19043860211968422,0.07661043503523131,3,balanced,4
31,2022-07-29,tech__amihud_illiquidity_20d_sector_neutral,0.11613469570875168,0.04671914969917776,2,balanced,4
31,2022-07-29,tech__average_dollar_volume_20d_sector_neutral,0.0389522984623909,0.015669893065852793,1,balanced,4
31,2022-07-29,tech__beta_60d_market_sector_neutral,0.0,0.0,0,balanced,4
31,2022-07-29,tech__distance_sma_200d_sector_neutral,0.22575199604034424,0.09081645440693423,1,balanced,4
31,2022-07-29,tech__distance_sma_50d_sector_neutral,0.0,0.0,0,balanced,4
31,2022-07-29,tech__dollar_volume_change_20d_60d_sector_neutral,0.0,0.0,0,balanced,4
31,2022-07-29,tech__downside_volatility_60d_sector_neutral,0.0,0.0,0,balanced,4
31,2022-07-29,tech__max_drawdown_126d_sector_neutral,0.09072069823741913,0.03649550081396148,1,balanced,4
31,2022-07-29,tech__momentum_12_1_sector_neutral,0.0,0.0,0,balanced,4
31,2022-07-29,tech__momentum_6_1_sector_neutral,0.8084570020437241,0.32522945424123495,3,balanced,4
31,2022-07-29,tech__positive_day_ratio_60d_sector_neutral,0.0,0.0,0,balanced,4
31,2022-07-29,tech__return_1m_sector_neutral,0.030774300917983055,0.012380014109482425,1,balanced,4
31,2022-07-29,tech__return_1w_sector_neutral,0.08444059640169144,0.03396911525795806,1,balanced,4
31,2022-07-29,tech__return_3m_sector_neutral,0.07771290093660355,0.03126266987016311,1,balanced,4
31,2022-07-29,tech__reversal_1m_sector_neutral,0.0,0.0,0,balanced,4
31,2022-07-29,tech__sma_50_200_spread_sector_neutral,0.2070729061961174,0.08330215224812587,2,balanced,4
31,2022-07-29,tech__volatility_20d_sector_neutral,0.0,0.0,0,balanced,4
31,2022-07-29,tech__volatility_60d_sector_neutral,0.0,0.0,0,balanced,4
31,2022-07-29,tech__zero_volume_ratio_60d_sector_neutral,0.0,0.0,0,balanced,4
32,2022-08-31,fund__accruals_missing,0.0,0.0,0,regularized,1
32,2022-08-31,fund__accruals_sector_zscore,0.0,0.0,0,regularized,1
32,2022-08-31,fund__accruals_zscore,0.0,0.0,0,regularized,1
32,2022-08-31,fund__asset_growth_yoy_missing,0.0,0.0,0,regularized,1
32,2022-08-31,fund__asset_growth_yoy_sector_zscore,0.0,0.0,0,regularized,1
32,2022-08-31,fund__asset_growth_yoy_zscore,0.0,0.0,0,regularized,1
32,2022-08-31,fund__book_to_market_missing,0.0,0.0,0,regularized,1
32,2022-08-31,fund__book_to_market_sector_zscore,0.0,0.0,0,regularized,1
32,2022-08-31,fund__book_to_market_zscore,0.12297599762678146,0.1552599472622256,1,regularized,1
32,2022-08-31,fund__capex_to_assets_missing,0.0,0.0,0,regularized,1
32,2022-08-31,fund__capex_to_assets_sector_zscore,0.0,0.0,0,regularized,1
32,2022-08-31,fund__capex_to_assets_zscore,0.0,0.0,0,regularized,1
32,2022-08-31,fund__cash_conversion_missing,0.0,0.0,0,regularized,1
32,2022-08-31,fund__cash_conversion_sector_zscore,0.0,0.0,0,regularized,1
32,2022-08-31,fund__cash_conversion_zscore,0.11380229890346527,0.14367794746170975,2,regularized,1
32,2022-08-31,fund__current_ratio_missing,0.0,0.0,0,regularized,1
32,2022-08-31,fund__current_ratio_sector_zscore,0.0,0.0,0,regularized,1
32,2022-08-31,fund__current_ratio_zscore,0.0,0.0,0,regularized,1
32,2022-08-31,fund__debt_to_assets_missing,0.0,0.0,0,regularized,1
32,2022-08-31,fund__debt_to_assets_sector_zscore,0.0,0.0,0,regularized,1
32,2022-08-31,fund__debt_to_assets_zscore,0.0,0.0,0,regularized,1
32,2022-08-31,fund__earnings_yield_missing,0.0,0.0,0,regularized,1
32,2022-08-31,fund__earnings_yield_sector_zscore,0.0,0.0,0,regularized,1
32,2022-08-31,fund__earnings_yield_zscore,0.0,0.0,0,regularized,1
32,2022-08-31,fund__fcf_yield_missing,0.0,0.0,0,regularized,1
32,2022-08-31,fund__fcf_yield_sector_zscore,0.0,0.0,0,regularized,1
32,2022-08-31,fund__fcf_yield_zscore,0.0,0.0,0,regularized,1
32,2022-08-31,fund__gross_margin_missing,0.0,0.0,0,regularized,1
32,2022-08-31,fund__gross_margin_sector_zscore,0.0,0.0,0,regularized,1
32,2022-08-31,fund__gross_margin_zscore,0.0,0.0,0,regularized,1
32,2022-08-31,fund__gross_profitability_missing,0.0,0.0,0,regularized,1
32,2022-08-31,fund__gross_profitability_sector_zscore,0.0,0.0,0,regularized,1
32,2022-08-31,fund__gross_profitability_zscore,0.0,0.0,0,regularized,1
32,2022-08-31,fund__interest_coverage_missing,0.0,0.0,0,regularized,1
32,2022-08-31,fund__interest_coverage_sector_zscore,0.0,0.0,0,regularized,1
32,2022-08-31,fund__interest_coverage_zscore,0.0,0.0,0,regularized,1
32,2022-08-31,fund__net_debt_to_assets_missing,0.0,0.0,0,regularized,1
32,2022-08-31,fund__net_debt_to_assets_sector_zscore,0.0,0.0,0,regularized,1
32,2022-08-31,fund__net_debt_to_assets_zscore,0.0,0.0,0,regularized,1
32,2022-08-31,fund__net_income_growth_acceleration_missing,0.0,0.0,0,regularized,1
32,2022-08-31,fund__net_income_growth_acceleration_sector_zscore,0.0,0.0,0,regularized,1
32,2022-08-31,fund__net_income_growth_acceleration_zscore,0.0,0.0,0,regularized,1
32,2022-08-31,fund__net_income_growth_yoy_missing,0.0,0.0,0,regularized,1
32,2022-08-31,fund__net_income_growth_yoy_sector_zscore,0.0,0.0,0,regularized,1
32,2022-08-31,fund__net_income_growth_yoy_zscore,0.0,0.0,0,regularized,1
32,2022-08-31,fund__net_margin_missing,0.0,0.0,0,regularized,1
32,2022-08-31,fund__net_margin_sector_zscore,0.0,0.0,0,regularized,1
32,2022-08-31,fund__net_margin_zscore,0.0,0.0,0,regularized,1
32,2022-08-31,fund__operating_cash_flow_growth_acceleration_missing,0.0,0.0,0,regularized,1
32,2022-08-31,fund__operating_cash_flow_growth_acceleration_sector_zscore,0.0,0.0,0,regularized,1
32,2022-08-31,fund__operating_cash_flow_growth_acceleration_zscore,0.0,0.0,0,regularized,1
32,2022-08-31,fund__operating_cash_flow_growth_yoy_missing,0.0,0.0,0,regularized,1
32,2022-08-31,fund__operating_cash_flow_growth_yoy_sector_zscore,0.0,0.0,0,regularized,1
32,2022-08-31,fund__operating_cash_flow_growth_yoy_zscore,0.0,0.0,0,regularized,1
32,2022-08-31,fund__operating_margin_missing,0.0,0.0,0,regularized,1
32,2022-08-31,fund__operating_margin_sector_zscore,0.0,0.0,0,regularized,1
32,2022-08-31,fund__operating_margin_zscore,0.0,0.0,0,regularized,1
32,2022-08-31,fund__revenue_growth_acceleration_missing,0.0,0.0,0,regularized,1
32,2022-08-31,fund__revenue_growth_acceleration_sector_zscore,0.0,0.0,0,regularized,1
32,2022-08-31,fund__revenue_growth_acceleration_zscore,0.04951360076665878,0.06251202829941647,1,regularized,1
32,2022-08-31,fund__revenue_growth_yoy_missing,0.0,0.0,0,regularized,1
32,2022-08-31,fund__revenue_growth_yoy_sector_zscore,0.0,0.0,0,regularized,1
32,2022-08-31,fund__revenue_growth_yoy_zscore,0.0,0.0,0,regularized,1
32,2022-08-31,fund__roa_missing,0.0,0.0,0,regularized,1
32,2022-08-31,fund__roa_sector_zscore,0.0,0.0,0,regularized,1
32,2022-08-31,fund__roa_zscore,0.0,0.0,0,regularized,1
32,2022-08-31,fund__roe_missing,0.0,0.0,0,regularized,1
32,2022-08-31,fund__roe_sector_zscore,0.0,0.0,0,regularized,1
32,2022-08-31,fund__roe_zscore,0.0,0.0,0,regularized,1
32,2022-08-31,fund__sales_yield_missing,0.0,0.0,0,regularized,1
32,2022-08-31,fund__sales_yield_sector_zscore,0.0,0.0,0,regularized,1
32,2022-08-31,fund__sales_yield_zscore,0.043176498264074326,0.05451129466574754,1,regularized,1
32,2022-08-31,tech__amihud_illiquidity_20d_sector_neutral,0.0,0.0,0,regularized,1
32,2022-08-31,tech__average_dollar_volume_20d_sector_neutral,0.0,0.0,0,regularized,1
32,2022-08-31,tech__beta_60d_market_sector_neutral,0.0,0.0,0,regularized,1
32,2022-08-31,tech__distance_sma_200d_sector_neutral,0.0,0.0,0,regularized,1
32,2022-08-31,tech__distance_sma_50d_sector_neutral,0.0,0.0,0,regularized,1
32,2022-08-31,tech__dollar_volume_change_20d_60d_sector_neutral,0.0,0.0,0,regularized,1
32,2022-08-31,tech__downside_volatility_60d_sector_neutral,0.0,0.0,0,regularized,1
32,2022-08-31,tech__max_drawdown_126d_sector_neutral,0.0,0.0,0,regularized,1
32,2022-08-31,tech__momentum_12_1_sector_neutral,0.0,0.0,0,regularized,1
32,2022-08-31,tech__momentum_6_1_sector_neutral,0.27695098519325256,0.34965681259056924,1,regularized,1
32,2022-08-31,tech__positive_day_ratio_60d_sector_neutral,0.0,0.0,0,regularized,1
32,2022-08-31,tech__return_1m_sector_neutral,0.0,0.0,0,regularized,1
32,2022-08-31,tech__return_1w_sector_neutral,0.0,0.0,0,regularized,1
32,2022-08-31,tech__return_3m_sector_neutral,0.09214259684085846,0.11633208920600499,1,regularized,1
32,2022-08-31,tech__reversal_1m_sector_neutral,0.0,0.0,0,regularized,1
32,2022-08-31,tech__sma_50_200_spread_sector_neutral,0.0935031995177269,0.11804988051432638,1,regularized,1
32,2022-08-31,tech__volatility_20d_sector_neutral,0.0,0.0,0,regularized,1
32,2022-08-31,tech__volatility_60d_sector_neutral,0.0,0.0,0,regularized,1
32,2022-08-31,tech__zero_volume_ratio_60d_sector_neutral,0.0,0.0,0,regularized,1
33,2022-09-30,fund__accruals_missing,0.0,0.0,0,flexible,1
33,2022-09-30,fund__accruals_sector_zscore,0.0,0.0,0,flexible,1
33,2022-09-30,fund__accruals_zscore,0.0,0.0,0,flexible,1
33,2022-09-30,fund__asset_growth_yoy_missing,0.0,0.0,0,flexible,1
33,2022-09-30,fund__asset_growth_yoy_sector_zscore,0.0,0.0,0,flexible,1
33,2022-09-30,fund__asset_growth_yoy_zscore,0.0,0.0,0,flexible,1
33,2022-09-30,fund__book_to_market_missing,0.0,0.0,0,flexible,1
33,2022-09-30,fund__book_to_market_sector_zscore,0.0,0.0,0,flexible,1
33,2022-09-30,fund__book_to_market_zscore,0.0,0.0,0,flexible,1
33,2022-09-30,fund__capex_to_assets_missing,0.0,0.0,0,flexible,1
33,2022-09-30,fund__capex_to_assets_sector_zscore,0.0,0.0,0,flexible,1
33,2022-09-30,fund__capex_to_assets_zscore,0.0,0.0,0,flexible,1
33,2022-09-30,fund__cash_conversion_missing,0.0,0.0,0,flexible,1
33,2022-09-30,fund__cash_conversion_sector_zscore,0.0,0.0,0,flexible,1
33,2022-09-30,fund__cash_conversion_zscore,0.07570689916610718,0.07458193660746996,1,flexible,1
33,2022-09-30,fund__current_ratio_missing,0.0,0.0,0,flexible,1
33,2022-09-30,fund__current_ratio_sector_zscore,0.0,0.0,0,flexible,1
33,2022-09-30,fund__current_ratio_zscore,0.0,0.0,0,flexible,1
33,2022-09-30,fund__debt_to_assets_missing,0.0,0.0,0,flexible,1
33,2022-09-30,fund__debt_to_assets_sector_zscore,0.0,0.0,0,flexible,1
33,2022-09-30,fund__debt_to_assets_zscore,0.0,0.0,0,flexible,1
33,2022-09-30,fund__earnings_yield_missing,0.0,0.0,0,flexible,1
33,2022-09-30,fund__earnings_yield_sector_zscore,0.0,0.0,0,flexible,1
33,2022-09-30,fund__earnings_yield_zscore,0.0,0.0,0,flexible,1
33,2022-09-30,fund__fcf_yield_missing,0.0,0.0,0,flexible,1
33,2022-09-30,fund__fcf_yield_sector_zscore,0.0,0.0,0,flexible,1
33,2022-09-30,fund__fcf_yield_zscore,0.0,0.0,0,flexible,1
33,2022-09-30,fund__gross_margin_missing,0.0,0.0,0,flexible,1
33,2022-09-30,fund__gross_margin_sector_zscore,0.0,0.0,0,flexible,1
33,2022-09-30,fund__gross_margin_zscore,0.0,0.0,0,flexible,1
33,2022-09-30,fund__gross_profitability_missing,0.0,0.0,0,flexible,1
33,2022-09-30,fund__gross_profitability_sector_zscore,0.0,0.0,0,flexible,1
33,2022-09-30,fund__gross_profitability_zscore,0.0,0.0,0,flexible,1
33,2022-09-30,fund__interest_coverage_missing,0.0,0.0,0,flexible,1
33,2022-09-30,fund__interest_coverage_sector_zscore,0.0,0.0,0,flexible,1
33,2022-09-30,fund__interest_coverage_zscore,0.0,0.0,0,flexible,1
33,2022-09-30,fund__net_debt_to_assets_missing,0.0,0.0,0,flexible,1
33,2022-09-30,fund__net_debt_to_assets_sector_zscore,0.0,0.0,0,flexible,1
33,2022-09-30,fund__net_debt_to_assets_zscore,0.0,0.0,0,flexible,1
33,2022-09-30,fund__net_income_growth_acceleration_missing,0.0,0.0,0,flexible,1
33,2022-09-30,fund__net_income_growth_acceleration_sector_zscore,0.0,0.0,0,flexible,1
33,2022-09-30,fund__net_income_growth_acceleration_zscore,0.0,0.0,0,flexible,1
33,2022-09-30,fund__net_income_growth_yoy_missing,0.0,0.0,0,flexible,1
33,2022-09-30,fund__net_income_growth_yoy_sector_zscore,0.0,0.0,0,flexible,1
33,2022-09-30,fund__net_income_growth_yoy_zscore,0.0,0.0,0,flexible,1
33,2022-09-30,fund__net_margin_missing,0.0,0.0,0,flexible,1
33,2022-09-30,fund__net_margin_sector_zscore,0.0,0.0,0,flexible,1
33,2022-09-30,fund__net_margin_zscore,0.0,0.0,0,flexible,1
33,2022-09-30,fund__operating_cash_flow_growth_acceleration_missing,0.0,0.0,0,flexible,1
33,2022-09-30,fund__operating_cash_flow_growth_acceleration_sector_zscore,0.0,0.0,0,flexible,1
33,2022-09-30,fund__operating_cash_flow_growth_acceleration_zscore,0.0,0.0,0,flexible,1
33,2022-09-30,fund__operating_cash_flow_growth_yoy_missing,0.0,0.0,0,flexible,1
33,2022-09-30,fund__operating_cash_flow_growth_yoy_sector_zscore,0.0,0.0,0,flexible,1
33,2022-09-30,fund__operating_cash_flow_growth_yoy_zscore,0.0,0.0,0,flexible,1
33,2022-09-30,fund__operating_margin_missing,0.0,0.0,0,flexible,1
33,2022-09-30,fund__operating_margin_sector_zscore,0.15858300030231476,0.1562265448175242,1,flexible,1
33,2022-09-30,fund__operating_margin_zscore,0.0,0.0,0,flexible,1
33,2022-09-30,fund__revenue_growth_acceleration_missing,0.0,0.0,0,flexible,1
33,2022-09-30,fund__revenue_growth_acceleration_sector_zscore,0.0,0.0,0,flexible,1
33,2022-09-30,fund__revenue_growth_acceleration_zscore,0.04667549952864647,0.0459819274770398,1,flexible,1
33,2022-09-30,fund__revenue_growth_yoy_missing,0.0,0.0,0,flexible,1
33,2022-09-30,fund__revenue_growth_yoy_sector_zscore,0.0,0.0,0,flexible,1
33,2022-09-30,fund__revenue_growth_yoy_zscore,0.0,0.0,0,flexible,1
33,2022-09-30,fund__roa_missing,0.0,0.0,0,flexible,1
33,2022-09-30,fund__roa_sector_zscore,0.0,0.0,0,flexible,1
33,2022-09-30,fund__roa_zscore,0.0,0.0,0,flexible,1
33,2022-09-30,fund__roe_missing,0.0,0.0,0,flexible,1
33,2022-09-30,fund__roe_sector_zscore,0.0,0.0,0,flexible,1
33,2022-09-30,fund__roe_zscore,0.027305500581860542,0.026899755978161445,1,flexible,1
33,2022-09-30,fund__sales_yield_missing,0.0,0.0,0,flexible,1
33,2022-09-30,fund__sales_yield_sector_zscore,0.0,0.0,0,flexible,1
33,2022-09-30,fund__sales_yield_zscore,0.14425759762525558,0.14211400968393337,2,flexible,1
33,2022-09-30,tech__amihud_illiquidity_20d_sector_neutral,0.0,0.0,0,flexible,1
33,2022-09-30,tech__average_dollar_volume_20d_sector_neutral,0.0,0.0,0,flexible,1
33,2022-09-30,tech__beta_60d_market_sector_neutral,0.0,0.0,0,flexible,1
33,2022-09-30,tech__distance_sma_200d_sector_neutral,0.0,0.0,0,flexible,1
33,2022-09-30,tech__distance_sma_50d_sector_neutral,0.0,0.0,0,flexible,1
33,2022-09-30,tech__dollar_volume_change_20d_60d_sector_neutral,0.0,0.0,0,flexible,1
33,2022-09-30,tech__downside_volatility_60d_sector_neutral,0.0,0.0,0,flexible,1
33,2022-09-30,tech__max_drawdown_126d_sector_neutral,0.03112659975886345,0.030664075739360565,1,flexible,1
33,2022-09-30,tech__momentum_12_1_sector_neutral,0.0,0.0,0,flexible,1
33,2022-09-30,tech__momentum_6_1_sector_neutral,0.341532688587904,0.33645770214090787,2,flexible,1
33,2022-09-30,tech__positive_day_ratio_60d_sector_neutral,0.0,0.0,0,flexible,1
33,2022-09-30,tech__return_1m_sector_neutral,0.0,0.0,0,flexible,1
33,2022-09-30,tech__return_1w_sector_neutral,0.0,0.0,0,flexible,1
33,2022-09-30,tech__return_3m_sector_neutral,0.08655379712581635,0.0852676556757381,1,flexible,1
33,2022-09-30,tech__reversal_1m_sector_neutral,0.0,0.0,0,flexible,1
33,2022-09-30,tech__sma_50_200_spread_sector_neutral,0.10334199666976929,0.10180639187986465,1,flexible,1
33,2022-09-30,tech__volatility_20d_sector_neutral,0.0,0.0,0,flexible,1
33,2022-09-30,tech__volatility_60d_sector_neutral,0.0,0.0,0,flexible,1
33,2022-09-30,tech__zero_volume_ratio_60d_sector_neutral,0.0,0.0,0,flexible,1
34,2022-10-31,fund__accruals_missing,0.0,0.0,0,shallow,1
34,2022-10-31,fund__accruals_sector_zscore,0.0,0.0,0,shallow,1
34,2022-10-31,fund__accruals_zscore,0.0,0.0,0,shallow,1
34,2022-10-31,fund__asset_growth_yoy_missing,0.0,0.0,0,shallow,1
34,2022-10-31,fund__asset_growth_yoy_sector_zscore,0.0,0.0,0,shallow,1
34,2022-10-31,fund__asset_growth_yoy_zscore,0.0,0.0,0,shallow,1
34,2022-10-31,fund__book_to_market_missing,0.0,0.0,0,shallow,1
34,2022-10-31,fund__book_to_market_sector_zscore,0.0,0.0,0,shallow,1
34,2022-10-31,fund__book_to_market_zscore,0.0,0.0,0,shallow,1
34,2022-10-31,fund__capex_to_assets_missing,0.0,0.0,0,shallow,1
34,2022-10-31,fund__capex_to_assets_sector_zscore,0.0,0.0,0,shallow,1
34,2022-10-31,fund__capex_to_assets_zscore,0.0,0.0,0,shallow,1
34,2022-10-31,fund__cash_conversion_missing,0.0,0.0,0,shallow,1
34,2022-10-31,fund__cash_conversion_sector_zscore,0.0,0.0,0,shallow,1
34,2022-10-31,fund__cash_conversion_zscore,0.0,0.0,0,shallow,1
34,2022-10-31,fund__current_ratio_missing,0.0,0.0,0,shallow,1
34,2022-10-31,fund__current_ratio_sector_zscore,0.0,0.0,0,shallow,1
34,2022-10-31,fund__current_ratio_zscore,0.0,0.0,0,shallow,1
34,2022-10-31,fund__debt_to_assets_missing,0.0,0.0,0,shallow,1
34,2022-10-31,fund__debt_to_assets_sector_zscore,0.0,0.0,0,shallow,1
34,2022-10-31,fund__debt_to_assets_zscore,0.0,0.0,0,shallow,1
34,2022-10-31,fund__earnings_yield_missing,0.0,0.0,0,shallow,1
34,2022-10-31,fund__earnings_yield_sector_zscore,0.0,0.0,0,shallow,1
34,2022-10-31,fund__earnings_yield_zscore,0.04182710126042366,0.07316006592375372,1,shallow,1
34,2022-10-31,fund__fcf_yield_missing,0.0,0.0,0,shallow,1
34,2022-10-31,fund__fcf_yield_sector_zscore,0.0,0.0,0,shallow,1
34,2022-10-31,fund__fcf_yield_zscore,0.0,0.0,0,shallow,1
34,2022-10-31,fund__gross_margin_missing,0.0,0.0,0,shallow,1
34,2022-10-31,fund__gross_margin_sector_zscore,0.0,0.0,0,shallow,1
34,2022-10-31,fund__gross_margin_zscore,0.0,0.0,0,shallow,1
34,2022-10-31,fund__gross_profitability_missing,0.0,0.0,0,shallow,1
34,2022-10-31,fund__gross_profitability_sector_zscore,0.0,0.0,0,shallow,1
34,2022-10-31,fund__gross_profitability_zscore,0.0,0.0,0,shallow,1
34,2022-10-31,fund__interest_coverage_missing,0.0,0.0,0,shallow,1
34,2022-10-31,fund__interest_coverage_sector_zscore,0.0,0.0,0,shallow,1
34,2022-10-31,fund__interest_coverage_zscore,0.0,0.0,0,shallow,1
34,2022-10-31,fund__net_debt_to_assets_missing,0.0,0.0,0,shallow,1
34,2022-10-31,fund__net_debt_to_assets_sector_zscore,0.0,0.0,0,shallow,1
34,2022-10-31,fund__net_debt_to_assets_zscore,0.0,0.0,0,shallow,1
34,2022-10-31,fund__net_income_growth_acceleration_missing,0.0,0.0,0,shallow,1
34,2022-10-31,fund__net_income_growth_acceleration_sector_zscore,0.0,0.0,0,shallow,1
34,2022-10-31,fund__net_income_growth_acceleration_zscore,0.0,0.0,0,shallow,1
34,2022-10-31,fund__net_income_growth_yoy_missing,0.0,0.0,0,shallow,1
34,2022-10-31,fund__net_income_growth_yoy_sector_zscore,0.0,0.0,0,shallow,1
34,2022-10-31,fund__net_income_growth_yoy_zscore,0.0,0.0,0,shallow,1
34,2022-10-31,fund__net_margin_missing,0.0,0.0,0,shallow,1
34,2022-10-31,fund__net_margin_sector_zscore,0.0,0.0,0,shallow,1
34,2022-10-31,fund__net_margin_zscore,0.0,0.0,0,shallow,1
34,2022-10-31,fund__operating_cash_flow_growth_acceleration_missing,0.0,0.0,0,shallow,1
34,2022-10-31,fund__operating_cash_flow_growth_acceleration_sector_zscore,0.0,0.0,0,shallow,1
34,2022-10-31,fund__operating_cash_flow_growth_acceleration_zscore,0.0,0.0,0,shallow,1
34,2022-10-31,fund__operating_cash_flow_growth_yoy_missing,0.0,0.0,0,shallow,1
34,2022-10-31,fund__operating_cash_flow_growth_yoy_sector_zscore,0.0,0.0,0,shallow,1
34,2022-10-31,fund__operating_cash_flow_growth_yoy_zscore,0.0,0.0,0,shallow,1
34,2022-10-31,fund__operating_margin_missing,0.0,0.0,0,shallow,1
34,2022-10-31,fund__operating_margin_sector_zscore,0.0,0.0,0,shallow,1
34,2022-10-31,fund__operating_margin_zscore,0.0,0.0,0,shallow,1
34,2022-10-31,fund__revenue_growth_acceleration_missing,0.0,0.0,0,shallow,1
34,2022-10-31,fund__revenue_growth_acceleration_sector_zscore,0.0,0.0,0,shallow,1
34,2022-10-31,fund__revenue_growth_acceleration_zscore,0.0,0.0,0,shallow,1
34,2022-10-31,fund__revenue_growth_yoy_missing,0.0,0.0,0,shallow,1
34,2022-10-31,fund__revenue_growth_yoy_sector_zscore,0.0,0.0,0,shallow,1
34,2022-10-31,fund__revenue_growth_yoy_zscore,0.0,0.0,0,shallow,1
34,2022-10-31,fund__roa_missing,0.0,0.0,0,shallow,1
34,2022-10-31,fund__roa_sector_zscore,0.0,0.0,0,shallow,1
34,2022-10-31,fund__roa_zscore,0.0,0.0,0,shallow,1
34,2022-10-31,fund__roe_missing,0.0,0.0,0,shallow,1
34,2022-10-31,fund__roe_sector_zscore,0.0,0.0,0,shallow,1
34,2022-10-31,fund__roe_zscore,0.0,0.0,0,shallow,1
34,2022-10-31,fund__sales_yield_missing,0.0,0.0,0,shallow,1
34,2022-10-31,fund__sales_yield_sector_zscore,0.0,0.0,0,shallow,1
34,2022-10-31,fund__sales_yield_zscore,0.22889629751443863,0.40036406328029284,2,shallow,1
34,2022-10-31,tech__amihud_illiquidity_20d_sector_neutral,0.0,0.0,0,shallow,1
34,2022-10-31,tech__average_dollar_volume_20d_sector_neutral,0.0,0.0,0,shallow,1
34,2022-10-31,tech__beta_60d_market_sector_neutral,0.0,0.0,0,shallow,1
34,2022-10-31,tech__distance_sma_200d_sector_neutral,0.0,0.0,0,shallow,1
34,2022-10-31,tech__distance_sma_50d_sector_neutral,0.0,0.0,0,shallow,1
34,2022-10-31,tech__dollar_volume_change_20d_60d_sector_neutral,0.0,0.0,0,shallow,1
34,2022-10-31,tech__downside_volatility_60d_sector_neutral,0.0,0.0,0,shallow,1
34,2022-10-31,tech__max_drawdown_126d_sector_neutral,0.0,0.0,0,shallow,1
34,2022-10-31,tech__momentum_12_1_sector_neutral,0.0,0.0,0,shallow,1
34,2022-10-31,tech__momentum_6_1_sector_neutral,0.3009969890117645,0.5264758707959534,1,shallow,1
34,2022-10-31,tech__positive_day_ratio_60d_sector_neutral,0.0,0.0,0,shallow,1
34,2022-10-31,tech__return_1m_sector_neutral,0.0,0.0,0,shallow,1
34,2022-10-31,tech__return_1w_sector_neutral,0.0,0.0,0,shallow,1
34,2022-10-31,tech__return_3m_sector_neutral,0.0,0.0,0,shallow,1
34,2022-10-31,tech__reversal_1m_sector_neutral,0.0,0.0,0,shallow,1
34,2022-10-31,tech__sma_50_200_spread_sector_neutral,0.0,0.0,0,shallow,1
34,2022-10-31,tech__volatility_20d_sector_neutral,0.0,0.0,0,shallow,1
34,2022-10-31,tech__volatility_60d_sector_neutral,0.0,0.0,0,shallow,1
34,2022-10-31,tech__zero_volume_ratio_60d_sector_neutral,0.0,0.0,0,shallow,1
35,2022-11-30,fund__accruals_missing,0.0,0.0,0,balanced,1
35,2022-11-30,fund__accruals_sector_zscore,0.0,0.0,0,balanced,1
35,2022-11-30,fund__accruals_zscore,0.0,0.0,0,balanced,1
35,2022-11-30,fund__asset_growth_yoy_missing,0.0,0.0,0,balanced,1
35,2022-11-30,fund__asset_growth_yoy_sector_zscore,0.0,0.0,0,balanced,1
35,2022-11-30,fund__asset_growth_yoy_zscore,0.0,0.0,0,balanced,1
35,2022-11-30,fund__book_to_market_missing,0.0,0.0,0,balanced,1
35,2022-11-30,fund__book_to_market_sector_zscore,0.0,0.0,0,balanced,1
35,2022-11-30,fund__book_to_market_zscore,0.0,0.0,0,balanced,1
35,2022-11-30,fund__capex_to_assets_missing,0.0,0.0,0,balanced,1
35,2022-11-30,fund__capex_to_assets_sector_zscore,0.0,0.0,0,balanced,1
35,2022-11-30,fund__capex_to_assets_zscore,0.0,0.0,0,balanced,1
35,2022-11-30,fund__cash_conversion_missing,0.0,0.0,0,balanced,1
35,2022-11-30,fund__cash_conversion_sector_zscore,0.0,0.0,0,balanced,1
35,2022-11-30,fund__cash_conversion_zscore,0.06969039887189865,0.09499760928901742,1,balanced,1
35,2022-11-30,fund__current_ratio_missing,0.0,0.0,0,balanced,1
35,2022-11-30,fund__current_ratio_sector_zscore,0.0,0.0,0,balanced,1
35,2022-11-30,fund__current_ratio_zscore,0.0,0.0,0,balanced,1
35,2022-11-30,fund__debt_to_assets_missing,0.0,0.0,0,balanced,1
35,2022-11-30,fund__debt_to_assets_sector_zscore,0.0,0.0,0,balanced,1
35,2022-11-30,fund__debt_to_assets_zscore,0.0,0.0,0,balanced,1
35,2022-11-30,fund__earnings_yield_missing,0.0,0.0,0,balanced,1
35,2022-11-30,fund__earnings_yield_sector_zscore,0.0,0.0,0,balanced,1
35,2022-11-30,fund__earnings_yield_zscore,0.0,0.0,0,balanced,1
35,2022-11-30,fund__fcf_yield_missing,0.0,0.0,0,balanced,1
35,2022-11-30,fund__fcf_yield_sector_zscore,0.0,0.0,0,balanced,1
35,2022-11-30,fund__fcf_yield_zscore,0.0,0.0,0,balanced,1
35,2022-11-30,fund__gross_margin_missing,0.0,0.0,0,balanced,1
35,2022-11-30,fund__gross_margin_sector_zscore,0.0,0.0,0,balanced,1
35,2022-11-30,fund__gross_margin_zscore,0.0,0.0,0,balanced,1
35,2022-11-30,fund__gross_profitability_missing,0.0,0.0,0,balanced,1
35,2022-11-30,fund__gross_profitability_sector_zscore,0.0,0.0,0,balanced,1
35,2022-11-30,fund__gross_profitability_zscore,0.0,0.0,0,balanced,1
35,2022-11-30,fund__interest_coverage_missing,0.0,0.0,0,balanced,1
35,2022-11-30,fund__interest_coverage_sector_zscore,0.0,0.0,0,balanced,1
35,2022-11-30,fund__interest_coverage_zscore,0.0,0.0,0,balanced,1
35,2022-11-30,fund__net_debt_to_assets_missing,0.0,0.0,0,balanced,1
35,2022-11-30,fund__net_debt_to_assets_sector_zscore,0.0,0.0,0,balanced,1
35,2022-11-30,fund__net_debt_to_assets_zscore,0.0,0.0,0,balanced,1
35,2022-11-30,fund__net_income_growth_acceleration_missing,0.0,0.0,0,balanced,1
35,2022-11-30,fund__net_income_growth_acceleration_sector_zscore,0.0,0.0,0,balanced,1
35,2022-11-30,fund__net_income_growth_acceleration_zscore,0.0,0.0,0,balanced,1
35,2022-11-30,fund__net_income_growth_yoy_missing,0.0,0.0,0,balanced,1
35,2022-11-30,fund__net_income_growth_yoy_sector_zscore,0.0,0.0,0,balanced,1
35,2022-11-30,fund__net_income_growth_yoy_zscore,0.0,0.0,0,balanced,1
35,2022-11-30,fund__net_margin_missing,0.0,0.0,0,balanced,1
35,2022-11-30,fund__net_margin_sector_zscore,0.0,0.0,0,balanced,1
35,2022-11-30,fund__net_margin_zscore,0.04827350005507469,0.0658034273225334,1,balanced,1
35,2022-11-30,fund__operating_cash_flow_growth_acceleration_missing,0.0,0.0,0,balanced,1
35,2022-11-30,fund__operating_cash_flow_growth_acceleration_sector_zscore,0.0,0.0,0,balanced,1
35,2022-11-30,fund__operating_cash_flow_growth_acceleration_zscore,0.0,0.0,0,balanced,1
35,2022-11-30,fund__operating_cash_flow_growth_yoy_missing,0.0,0.0,0,balanced,1
35,2022-11-30,fund__operating_cash_flow_growth_yoy_sector_zscore,0.0,0.0,0,balanced,1
35,2022-11-30,fund__operating_cash_flow_growth_yoy_zscore,0.0,0.0,0,balanced,1
35,2022-11-30,fund__operating_margin_missing,0.0,0.0,0,balanced,1
35,2022-11-30,fund__operating_margin_sector_zscore,0.0,0.0,0,balanced,1
35,2022-11-30,fund__operating_margin_zscore,0.0,0.0,0,balanced,1
35,2022-11-30,fund__revenue_growth_acceleration_missing,0.0,0.0,0,balanced,1
35,2022-11-30,fund__revenue_growth_acceleration_sector_zscore,0.0,0.0,0,balanced,1
35,2022-11-30,fund__revenue_growth_acceleration_zscore,0.05936940014362335,0.08092866693063899,1,balanced,1
35,2022-11-30,fund__revenue_growth_yoy_missing,0.0,0.0,0,balanced,1
35,2022-11-30,fund__revenue_growth_yoy_sector_zscore,0.0,0.0,0,balanced,1
35,2022-11-30,fund__revenue_growth_yoy_zscore,0.0,0.0,0,balanced,1
35,2022-11-30,fund__roa_missing,0.0,0.0,0,balanced,1
35,2022-11-30,fund__roa_sector_zscore,0.0,0.0,0,balanced,1
35,2022-11-30,fund__roa_zscore,0.0,0.0,0,balanced,1
35,2022-11-30,fund__roe_missing,0.0,0.0,0,balanced,1
35,2022-11-30,fund__roe_sector_zscore,0.0,0.0,0,balanced,1
35,2022-11-30,fund__roe_zscore,0.0,0.0,0,balanced,1
35,2022-11-30,fund__sales_yield_missing,0.0,0.0,0,balanced,1
35,2022-11-30,fund__sales_yield_sector_zscore,0.0,0.0,0,balanced,1
35,2022-11-30,fund__sales_yield_zscore,0.050974901765584946,0.06948580980823928,1,balanced,1
35,2022-11-30,tech__amihud_illiquidity_20d_sector_neutral,0.0,0.0,0,balanced,1
35,2022-11-30,tech__average_dollar_volume_20d_sector_neutral,0.0,0.0,0,balanced,1
35,2022-11-30,tech__beta_60d_market_sector_neutral,0.0,0.0,0,balanced,1
35,2022-11-30,tech__distance_sma_200d_sector_neutral,0.0,0.0,0,balanced,1
35,2022-11-30,tech__distance_sma_50d_sector_neutral,0.0,0.0,0,balanced,1
35,2022-11-30,tech__dollar_volume_change_20d_60d_sector_neutral,0.0,0.0,0,balanced,1
35,2022-11-30,tech__downside_volatility_60d_sector_neutral,0.0,0.0,0,balanced,1
35,2022-11-30,tech__max_drawdown_126d_sector_neutral,0.0,0.0,0,balanced,1
35,2022-11-30,tech__momentum_12_1_sector_neutral,0.0,0.0,0,balanced,1
35,2022-11-30,tech__momentum_6_1_sector_neutral,0.3023340106010437,0.4121228846265193,1,balanced,1
35,2022-11-30,tech__positive_day_ratio_60d_sector_neutral,0.0,0.0,0,balanced,1
35,2022-11-30,tech__return_1m_sector_neutral,0.0,0.0,0,balanced,1
35,2022-11-30,tech__return_1w_sector_neutral,0.0,0.0,0,balanced,1
35,2022-11-30,tech__return_3m_sector_neutral,0.07535839825868607,0.10272387287643303,1,balanced,1
35,2022-11-30,tech__reversal_1m_sector_neutral,0.0,0.0,0,balanced,1
35,2022-11-30,tech__sma_50_200_spread_sector_neutral,0.1276009976863861,0.1739377291466186,1,balanced,1
35,2022-11-30,tech__volatility_20d_sector_neutral,0.0,0.0,0,balanced,1
35,2022-11-30,tech__volatility_60d_sector_neutral,0.0,0.0,0,balanced,1
35,2022-11-30,tech__zero_volume_ratio_60d_sector_neutral,0.0,0.0,0,balanced,1
36,2022-12-30,fund__accruals_missing,0.0,0.0,0,balanced,3
36,2022-12-30,fund__accruals_sector_zscore,0.0,0.0,0,balanced,3
36,2022-12-30,fund__accruals_zscore,0.0,0.0,0,balanced,3
36,2022-12-30,fund__asset_growth_yoy_missing,0.0,0.0,0,balanced,3
36,2022-12-30,fund__asset_growth_yoy_sector_zscore,0.0,0.0,0,balanced,3
36,2022-12-30,fund__asset_growth_yoy_zscore,0.0,0.0,0,balanced,3
36,2022-12-30,fund__book_to_market_missing,0.0,0.0,0,balanced,3
36,2022-12-30,fund__book_to_market_sector_zscore,0.0,0.0,0,balanced,3
36,2022-12-30,fund__book_to_market_zscore,0.0,0.0,0,balanced,3
36,2022-12-30,fund__capex_to_assets_missing,0.0,0.0,0,balanced,3
36,2022-12-30,fund__capex_to_assets_sector_zscore,0.0,0.0,0,balanced,3
36,2022-12-30,fund__capex_to_assets_zscore,0.11774119734764099,0.05705996895225679,2,balanced,3
36,2022-12-30,fund__cash_conversion_missing,0.0,0.0,0,balanced,3
36,2022-12-30,fund__cash_conversion_sector_zscore,0.11198200285434723,0.05426893687189606,1,balanced,3
36,2022-12-30,fund__cash_conversion_zscore,0.08578889816999435,0.04157518333684818,1,balanced,3
36,2022-12-30,fund__current_ratio_missing,0.0,0.0,0,balanced,3
36,2022-12-30,fund__current_ratio_sector_zscore,0.0,0.0,0,balanced,3
36,2022-12-30,fund__current_ratio_zscore,0.0,0.0,0,balanced,3
36,2022-12-30,fund__debt_to_assets_missing,0.0,0.0,0,balanced,3
36,2022-12-30,fund__debt_to_assets_sector_zscore,0.0,0.0,0,balanced,3
36,2022-12-30,fund__debt_to_assets_zscore,0.0,0.0,0,balanced,3
36,2022-12-30,fund__earnings_yield_missing,0.0,0.0,0,balanced,3
36,2022-12-30,fund__earnings_yield_sector_zscore,0.0,0.0,0,balanced,3
36,2022-12-30,fund__earnings_yield_zscore,0.0,0.0,0,balanced,3
36,2022-12-30,fund__fcf_yield_missing,0.0,0.0,0,balanced,3
36,2022-12-30,fund__fcf_yield_sector_zscore,0.0,0.0,0,balanced,3
36,2022-12-30,fund__fcf_yield_zscore,0.0,0.0,0,balanced,3
36,2022-12-30,fund__gross_margin_missing,0.0,0.0,0,balanced,3
36,2022-12-30,fund__gross_margin_sector_zscore,0.0,0.0,0,balanced,3
36,2022-12-30,fund__gross_margin_zscore,0.0,0.0,0,balanced,3
36,2022-12-30,fund__gross_profitability_missing,0.0,0.0,0,balanced,3
36,2022-12-30,fund__gross_profitability_sector_zscore,0.0,0.0,0,balanced,3
36,2022-12-30,fund__gross_profitability_zscore,0.0,0.0,0,balanced,3
36,2022-12-30,fund__interest_coverage_missing,0.0,0.0,0,balanced,3
36,2022-12-30,fund__interest_coverage_sector_zscore,0.0,0.0,0,balanced,3
36,2022-12-30,fund__interest_coverage_zscore,0.0,0.0,0,balanced,3
36,2022-12-30,fund__net_debt_to_assets_missing,0.0,0.0,0,balanced,3
36,2022-12-30,fund__net_debt_to_assets_sector_zscore,0.0,0.0,0,balanced,3
36,2022-12-30,fund__net_debt_to_assets_zscore,0.0,0.0,0,balanced,3
36,2022-12-30,fund__net_income_growth_acceleration_missing,0.0,0.0,0,balanced,3
36,2022-12-30,fund__net_income_growth_acceleration_sector_zscore,0.0,0.0,0,balanced,3
36,2022-12-30,fund__net_income_growth_acceleration_zscore,0.0,0.0,0,balanced,3
36,2022-12-30,fund__net_income_growth_yoy_missing,0.0,0.0,0,balanced,3
36,2022-12-30,fund__net_income_growth_yoy_sector_zscore,0.0,0.0,0,balanced,3
36,2022-12-30,fund__net_income_growth_yoy_zscore,0.0,0.0,0,balanced,3
36,2022-12-30,fund__net_margin_missing,0.0,0.0,0,balanced,3
36,2022-12-30,fund__net_margin_sector_zscore,0.0,0.0,0,balanced,3
36,2022-12-30,fund__net_margin_zscore,0.0,0.0,0,balanced,3
36,2022-12-30,fund__operating_cash_flow_growth_acceleration_missing,0.0,0.0,0,balanced,3
36,2022-12-30,fund__operating_cash_flow_growth_acceleration_sector_zscore,0.0,0.0,0,balanced,3
36,2022-12-30,fund__operating_cash_flow_growth_acceleration_zscore,0.0,0.0,0,balanced,3
36,2022-12-30,fund__operating_cash_flow_growth_yoy_missing,0.0,0.0,0,balanced,3
36,2022-12-30,fund__operating_cash_flow_growth_yoy_sector_zscore,0.0,0.0,0,balanced,3
36,2022-12-30,fund__operating_cash_flow_growth_yoy_zscore,0.0,0.0,0,balanced,3
36,2022-12-30,fund__operating_margin_missing,0.0,0.0,0,balanced,3
36,2022-12-30,fund__operating_margin_sector_zscore,0.0,0.0,0,balanced,3
36,2022-12-30,fund__operating_margin_zscore,0.061761800199747086,0.02993112420479104,1,balanced,3
36,2022-12-30,fund__revenue_growth_acceleration_missing,0.0,0.0,0,balanced,3
36,2022-12-30,fund__revenue_growth_acceleration_sector_zscore,0.0,0.0,0,balanced,3
36,2022-12-30,fund__revenue_growth_acceleration_zscore,0.1474497988820076,0.07145740943488402,2,balanced,3
36,2022-12-30,fund__revenue_growth_yoy_missing,0.0,0.0,0,balanced,3
36,2022-12-30,fund__revenue_growth_yoy_sector_zscore,0.06421809643507004,0.03112149928235416,1,balanced,3
36,2022-12-30,fund__revenue_growth_yoy_zscore,0.0,0.0,0,balanced,3
36,2022-12-30,fund__roa_missing,0.0,0.0,0,balanced,3
36,2022-12-30,fund__roa_sector_zscore,0.0,0.0,0,balanced,3
36,2022-12-30,fund__roa_zscore,0.0,0.0,0,balanced,3
36,2022-12-30,fund__roe_missing,0.0,0.0,0,balanced,3
36,2022-12-30,fund__roe_sector_zscore,0.0,0.0,0,balanced,3
36,2022-12-30,fund__roe_zscore,0.0,0.0,0,balanced,3
36,2022-12-30,fund__sales_yield_missing,0.0,0.0,0,balanced,3
36,2022-12-30,fund__sales_yield_sector_zscore,0.0,0.0,0,balanced,3
36,2022-12-30,fund__sales_yield_zscore,0.41237500309944153,0.19984597917809752,4,balanced,3
36,2022-12-30,tech__amihud_illiquidity_20d_sector_neutral,0.0,0.0,0,balanced,3
36,2022-12-30,tech__average_dollar_volume_20d_sector_neutral,0.0,0.0,0,balanced,3
36,2022-12-30,tech__beta_60d_market_sector_neutral,0.09768020361661911,0.04733797100056481,1,balanced,3
36,2022-12-30,tech__distance_sma_200d_sector_neutral,0.2626166045665741,0.12726977167279543,2,balanced,3
36,2022-12-30,tech__distance_sma_50d_sector_neutral,0.0,0.0,0,balanced,3
36,2022-12-30,tech__dollar_volume_change_20d_60d_sector_neutral,0.0,0.0,0,balanced,3
36,2022-12-30,tech__downside_volatility_60d_sector_neutral,0.0,0.0,0,balanced,3
36,2022-12-30,tech__max_drawdown_126d_sector_neutral,0.0,0.0,0,balanced,3
36,2022-12-30,tech__momentum_12_1_sector_neutral,0.0,0.0,0,balanced,3
36,2022-12-30,tech__momentum_6_1_sector_neutral,0.5972870960831642,0.2894584387269424,3,balanced,3
36,2022-12-30,tech__positive_day_ratio_60d_sector_neutral,0.0,0.0,0,balanced,3
36,2022-12-30,tech__return_1m_sector_neutral,0.0,0.0,0,balanced,3
36,2022-12-30,tech__return_1w_sector_neutral,0.06326969712972641,0.030661884159217032,1,balanced,3
36,2022-12-30,tech__return_3m_sector_neutral,0.0,0.0,0,balanced,3
36,2022-12-30,tech__reversal_1m_sector_neutral,0.0,0.0,0,balanced,3
36,2022-12-30,tech__sma_50_200_spread_sector_neutral,0.04129369929432869,0.02001183317935259,1,balanced,3
36,2022-12-30,tech__volatility_20d_sector_neutral,0.0,0.0,0,balanced,3
36,2022-12-30,tech__volatility_60d_sector_neutral,0.0,0.0,0,balanced,3
36,2022-12-30,tech__zero_volume_ratio_60d_sector_neutral,0.0,0.0,0,balanced,3
37,2023-01-31,fund__accruals_missing,0.0,0.0,0,balanced,3
37,2023-01-31,fund__accruals_sector_zscore,0.0,0.0,0,balanced,3
37,2023-01-31,fund__accruals_zscore,0.0,0.0,0,balanced,3
37,2023-01-31,fund__asset_growth_yoy_missing,0.0,0.0,0,balanced,3
37,2023-01-31,fund__asset_growth_yoy_sector_zscore,0.0,0.0,0,balanced,3
37,2023-01-31,fund__asset_growth_yoy_zscore,0.0,0.0,0,balanced,3
37,2023-01-31,fund__book_to_market_missing,0.0,0.0,0,balanced,3
37,2023-01-31,fund__book_to_market_sector_zscore,0.0,0.0,0,balanced,3
37,2023-01-31,fund__book_to_market_zscore,0.0,0.0,0,balanced,3
37,2023-01-31,fund__capex_to_assets_missing,0.0,0.0,0,balanced,3
37,2023-01-31,fund__capex_to_assets_sector_zscore,0.0,0.0,0,balanced,3
37,2023-01-31,fund__capex_to_assets_zscore,0.11774119734764099,0.05705996895225679,2,balanced,3
37,2023-01-31,fund__cash_conversion_missing,0.0,0.0,0,balanced,3
37,2023-01-31,fund__cash_conversion_sector_zscore,0.11198200285434723,0.05426893687189606,1,balanced,3
37,2023-01-31,fund__cash_conversion_zscore,0.08578889816999435,0.04157518333684818,1,balanced,3
37,2023-01-31,fund__current_ratio_missing,0.0,0.0,0,balanced,3
37,2023-01-31,fund__current_ratio_sector_zscore,0.0,0.0,0,balanced,3
37,2023-01-31,fund__current_ratio_zscore,0.0,0.0,0,balanced,3
37,2023-01-31,fund__debt_to_assets_missing,0.0,0.0,0,balanced,3
37,2023-01-31,fund__debt_to_assets_sector_zscore,0.0,0.0,0,balanced,3
37,2023-01-31,fund__debt_to_assets_zscore,0.0,0.0,0,balanced,3
37,2023-01-31,fund__earnings_yield_missing,0.0,0.0,0,balanced,3
37,2023-01-31,fund__earnings_yield_sector_zscore,0.0,0.0,0,balanced,3
37,2023-01-31,fund__earnings_yield_zscore,0.0,0.0,0,balanced,3
37,2023-01-31,fund__fcf_yield_missing,0.0,0.0,0,balanced,3
37,2023-01-31,fund__fcf_yield_sector_zscore,0.0,0.0,0,balanced,3
37,2023-01-31,fund__fcf_yield_zscore,0.0,0.0,0,balanced,3
37,2023-01-31,fund__gross_margin_missing,0.0,0.0,0,balanced,3
37,2023-01-31,fund__gross_margin_sector_zscore,0.0,0.0,0,balanced,3
37,2023-01-31,fund__gross_margin_zscore,0.0,0.0,0,balanced,3
37,2023-01-31,fund__gross_profitability_missing,0.0,0.0,0,balanced,3
37,2023-01-31,fund__gross_profitability_sector_zscore,0.0,0.0,0,balanced,3
37,2023-01-31,fund__gross_profitability_zscore,0.0,0.0,0,balanced,3
37,2023-01-31,fund__interest_coverage_missing,0.0,0.0,0,balanced,3
37,2023-01-31,fund__interest_coverage_sector_zscore,0.0,0.0,0,balanced,3
37,2023-01-31,fund__interest_coverage_zscore,0.0,0.0,0,balanced,3
37,2023-01-31,fund__net_debt_to_assets_missing,0.0,0.0,0,balanced,3
37,2023-01-31,fund__net_debt_to_assets_sector_zscore,0.0,0.0,0,balanced,3
37,2023-01-31,fund__net_debt_to_assets_zscore,0.0,0.0,0,balanced,3
37,2023-01-31,fund__net_income_growth_acceleration_missing,0.0,0.0,0,balanced,3
37,2023-01-31,fund__net_income_growth_acceleration_sector_zscore,0.0,0.0,0,balanced,3
37,2023-01-31,fund__net_income_growth_acceleration_zscore,0.0,0.0,0,balanced,3
37,2023-01-31,fund__net_income_growth_yoy_missing,0.0,0.0,0,balanced,3
37,2023-01-31,fund__net_income_growth_yoy_sector_zscore,0.0,0.0,0,balanced,3
37,2023-01-31,fund__net_income_growth_yoy_zscore,0.0,0.0,0,balanced,3
37,2023-01-31,fund__net_margin_missing,0.0,0.0,0,balanced,3
37,2023-01-31,fund__net_margin_sector_zscore,0.0,0.0,0,balanced,3
37,2023-01-31,fund__net_margin_zscore,0.0,0.0,0,balanced,3
37,2023-01-31,fund__operating_cash_flow_growth_acceleration_missing,0.0,0.0,0,balanced,3
37,2023-01-31,fund__operating_cash_flow_growth_acceleration_sector_zscore,0.0,0.0,0,balanced,3
37,2023-01-31,fund__operating_cash_flow_growth_acceleration_zscore,0.0,0.0,0,balanced,3
37,2023-01-31,fund__operating_cash_flow_growth_yoy_missing,0.0,0.0,0,balanced,3
37,2023-01-31,fund__operating_cash_flow_growth_yoy_sector_zscore,0.0,0.0,0,balanced,3
37,2023-01-31,fund__operating_cash_flow_growth_yoy_zscore,0.0,0.0,0,balanced,3
37,2023-01-31,fund__operating_margin_missing,0.0,0.0,0,balanced,3
37,2023-01-31,fund__operating_margin_sector_zscore,0.0,0.0,0,balanced,3
37,2023-01-31,fund__operating_margin_zscore,0.061761800199747086,0.02993112420479104,1,balanced,3
37,2023-01-31,fund__revenue_growth_acceleration_missing,0.0,0.0,0,balanced,3
37,2023-01-31,fund__revenue_growth_acceleration_sector_zscore,0.0,0.0,0,balanced,3
37,2023-01-31,fund__revenue_growth_acceleration_zscore,0.1474497988820076,0.07145740943488402,2,balanced,3
37,2023-01-31,fund__revenue_growth_yoy_missing,0.0,0.0,0,balanced,3
37,2023-01-31,fund__revenue_growth_yoy_sector_zscore,0.06421809643507004,0.03112149928235416,1,balanced,3
37,2023-01-31,fund__revenue_growth_yoy_zscore,0.0,0.0,0,balanced,3
37,2023-01-31,fund__roa_missing,0.0,0.0,0,balanced,3
37,2023-01-31,fund__roa_sector_zscore,0.0,0.0,0,balanced,3
37,2023-01-31,fund__roa_zscore,0.0,0.0,0,balanced,3
37,2023-01-31,fund__roe_missing,0.0,0.0,0,balanced,3
37,2023-01-31,fund__roe_sector_zscore,0.0,0.0,0,balanced,3
37,2023-01-31,fund__roe_zscore,0.0,0.0,0,balanced,3
37,2023-01-31,fund__sales_yield_missing,0.0,0.0,0,balanced,3
37,2023-01-31,fund__sales_yield_sector_zscore,0.0,0.0,0,balanced,3
37,2023-01-31,fund__sales_yield_zscore,0.41237500309944153,0.19984597917809752,4,balanced,3
37,2023-01-31,tech__amihud_illiquidity_20d_sector_neutral,0.0,0.0,0,balanced,3
37,2023-01-31,tech__average_dollar_volume_20d_sector_neutral,0.0,0.0,0,balanced,3
37,2023-01-31,tech__beta_60d_market_sector_neutral,0.09768020361661911,0.04733797100056481,1,balanced,3
37,2023-01-31,tech__distance_sma_200d_sector_neutral,0.2626166045665741,0.12726977167279543,2,balanced,3
37,2023-01-31,tech__distance_sma_50d_sector_neutral,0.0,0.0,0,balanced,3
37,2023-01-31,tech__dollar_volume_change_20d_60d_sector_neutral,0.0,0.0,0,balanced,3
37,2023-01-31,tech__downside_volatility_60d_sector_neutral,0.0,0.0,0,balanced,3
37,2023-01-31,tech__max_drawdown_126d_sector_neutral,0.0,0.0,0,balanced,3
37,2023-01-31,tech__momentum_12_1_sector_neutral,0.0,0.0,0,balanced,3
37,2023-01-31,tech__momentum_6_1_sector_neutral,0.5972870960831642,0.2894584387269424,3,balanced,3
37,2023-01-31,tech__positive_day_ratio_60d_sector_neutral,0.0,0.0,0,balanced,3
37,2023-01-31,tech__return_1m_sector_neutral,0.0,0.0,0,balanced,3
37,2023-01-31,tech__return_1w_sector_neutral,0.06326969712972641,0.030661884159217032,1,balanced,3
37,2023-01-31,tech__return_3m_sector_neutral,0.0,0.0,0,balanced,3
37,2023-01-31,tech__reversal_1m_sector_neutral,0.0,0.0,0,balanced,3
37,2023-01-31,tech__sma_50_200_spread_sector_neutral,0.04129369929432869,0.02001183317935259,1,balanced,3
37,2023-01-31,tech__volatility_20d_sector_neutral,0.0,0.0,0,balanced,3
37,2023-01-31,tech__volatility_60d_sector_neutral,0.0,0.0,0,balanced,3
37,2023-01-31,tech__zero_volume_ratio_60d_sector_neutral,0.0,0.0,0,balanced,3
38,2023-02-28,fund__accruals_missing,0.0,0.0,0,flexible,29
38,2023-02-28,fund__accruals_sector_zscore,0.04068370163440704,0.0018213073222500132,1,flexible,29
38,2023-02-28,fund__accruals_zscore,0.2683987021446228,0.012015536980661138,5,flexible,29
38,2023-02-28,fund__asset_growth_yoy_missing,0.0,0.0,0,flexible,29
38,2023-02-28,fund__asset_growth_yoy_sector_zscore,0.1781410053372383,0.00797492618369065,2,flexible,29
38,2023-02-28,fund__asset_growth_yoy_zscore,0.18788170255720615,0.008410992776892287,5,flexible,29
38,2023-02-28,fund__book_to_market_missing,0.0,0.0,0,flexible,29
38,2023-02-28,fund__book_to_market_sector_zscore,0.2922447994351387,0.013083066970743757,6,flexible,29
38,2023-02-28,fund__book_to_market_zscore,0.05755709856748581,0.0025766869988981403,1,flexible,29
38,2023-02-28,fund__capex_to_assets_missing,0.0,0.0,0,flexible,29
38,2023-02-28,fund__capex_to_assets_sector_zscore,0.0,0.0,0,flexible,29
38,2023-02-28,fund__capex_to_assets_zscore,0.7931782007217407,0.035508599433878726,14,flexible,29
38,2023-02-28,fund__cash_conversion_missing,0.0,0.0,0,flexible,29
38,2023-02-28,fund__cash_conversion_sector_zscore,0.038487598299980164,0.0017229932819163123,1,flexible,29
38,2023-02-28,fund__cash_conversion_zscore,0.5806288048624992,0.02599329587332809,7,flexible,29
38,2023-02-28,fund__current_ratio_missing,0.0,0.0,0,flexible,29
38,2023-02-28,fund__current_ratio_sector_zscore,0.32833489775657654,0.014698730189499827,5,flexible,29
38,2023-02-28,fund__current_ratio_zscore,0.16045869886875153,0.00718333365519547,3,flexible,29
38,2023-02-28,fund__debt_to_assets_missing,0.0,0.0,0,flexible,29
38,2023-02-28,fund__debt_to_assets_sector_zscore,0.0,0.0,0,flexible,29
38,2023-02-28,fund__debt_to_assets_zscore,0.08539159968495369,0.0038227678288083287,2,flexible,29
38,2023-02-28,fund__earnings_yield_missing,0.0,0.0,0,flexible,29
38,2023-02-28,fund__earnings_yield_sector_zscore,0.2816342059522867,0.012608057302808505,5,flexible,29
38,2023-02-28,fund__earnings_yield_zscore,0.48077279329299927,0.021522992588820605,10,flexible,29
38,2023-02-28,fund__fcf_yield_missing,0.0,0.0,0,flexible,29
38,2023-02-28,fund__fcf_yield_sector_zscore,0.20488200522959232,0.00917205370531817,5,flexible,29
38,2023-02-28,fund__fcf_yield_zscore,0.08113379962742329,0.0036321567951530655,2,flexible,29
38,2023-02-28,fund__gross_margin_missing,0.0,0.0,0,flexible,29
38,2023-02-28,fund__gross_margin_sector_zscore,0.0,0.0,0,flexible,29
38,2023-02-28,fund__gross_margin_zscore,0.5153876021504402,0.02307261079703753,4,flexible,29
38,2023-02-28,fund__gross_profitability_missing,0.0,0.0,0,flexible,29
38,2023-02-28,fund__gross_profitability_sector_zscore,0.0,0.0,0,flexible,29
38,2023-02-28,fund__gross_profitability_zscore,0.0,0.0,0,flexible,29
38,2023-02-28,fund__interest_coverage_missing,0.0,0.0,0,flexible,29
38,2023-02-28,fund__interest_coverage_sector_zscore,0.069554902613163,0.0031137986057936215,1,flexible,29
38,2023-02-28,fund__interest_coverage_zscore,0.05932769924402237,0.0026559523520347777,1,flexible,29
38,2023-02-28,fund__net_debt_to_assets_missing,0.0,0.0,0,flexible,29
38,2023-02-28,fund__net_debt_to_assets_sector_zscore,0.0,0.0,0,flexible,29
38,2023-02-28,fund__net_debt_to_assets_zscore,0.08761220052838326,0.003922178561201283,2,flexible,29
38,2023-02-28,fund__net_income_growth_acceleration_missing,0.0,0.0,0,flexible,29
38,2023-02-28,fund__net_income_growth_acceleration_sector_zscore,0.05624590069055557,0.002517987957310635,1,flexible,29
38,2023-02-28,fund__net_income_growth_acceleration_zscore,0.30720679834485054,0.013752878150036958,5,flexible,29
38,2023-02-28,fund__net_income_growth_yoy_missing,0.0,0.0,0,flexible,29
38,2023-02-28,fund__net_income_growth_yoy_sector_zscore,0.11951300129294395,0.005350297431510662,2,flexible,29
38,2023-02-28,fund__net_income_growth_yoy_zscore,0.28037469647824764,0.012551672221428138,4,flexible,29
38,2023-02-28,fund__net_margin_missing,0.0,0.0,0,flexible,29
38,2023-02-28,fund__net_margin_sector_zscore,0.3090183977037668,0.013833978911394111,6,flexible,29
38,2023-02-28,fund__net_margin_zscore,0.07302750088274479,0.003269258124016839,2,flexible,29
38,2023-02-28,fund__operating_cash_flow_growth_acceleration_missing,0.0,0.0,0,flexible,29
38,2023-02-28,fund__operating_cash_flow_growth_acceleration_sector_zscore,0.11472510173916817,0.005135955172444576,2,flexible,29
38,2023-02-28,fund__operating_cash_flow_growth_acceleration_zscore,0.03504930064082146,0.0015690693160251466,1,flexible,29
38,2023-02-28,fund__operating_cash_flow_growth_yoy_missing,0.0,0.0,0,flexible,29
38,2023-02-28,fund__operating_cash_flow_growth_yoy_sector_zscore,0.021355900913476944,0.0009560501415649564,1,flexible,29
38,2023-02-28,fund__operating_cash_flow_growth_yoy_zscore,0.3896538056433201,0.017443823960221257,6,flexible,29
38,2023-02-28,fund__operating_margin_missing,0.0,0.0,0,flexible,29
38,2023-02-28,fund__operating_margin_sector_zscore,0.04013679921627045,0.0017968238721534757,1,flexible,29
38,2023-02-28,fund__operating_margin_zscore,0.23870339803397655,0.010686152666048509,4,flexible,29
38,2023-02-28,fund__revenue_growth_acceleration_missing,0.0,0.0,0,flexible,29
38,2023-02-28,fund__revenue_growth_acceleration_sector_zscore,0.18569220416247845,0.00831297442314938,3,flexible,29
38,2023-02-28,fund__revenue_growth_acceleration_zscore,0.7105369027704,0.031808955718280144,12,flexible,29
38,2023-02-28,fund__revenue_growth_yoy_missing,0.0,0.0,0,flexible,29
38,2023-02-28,fund__revenue_growth_yoy_sector_zscore,0.4547998979687691,0.02036025118295878,8,flexible,29
38,2023-02-28,fund__revenue_growth_yoy_zscore,0.13934719935059547,0.006238224751349394,3,flexible,29
38,2023-02-28,fund__roa_missing,0.0,0.0,0,flexible,29
38,2023-02-28,fund__roa_sector_zscore,0.033619701862335205,0.0015050697629231582,1,flexible,29
38,2023-02-28,fund__roa_zscore,0.0,0.0,0,flexible,29
38,2023-02-28,fund__roe_missing,0.0,0.0,0,flexible,29
38,2023-02-28,fund__roe_sector_zscore,0.08959180116653442,0.0040108003186262835,2,flexible,29
38,2023-02-28,fund__roe_zscore,0.06244710087776184,0.0027956001423863684,2,flexible,29
38,2023-02-28,fund__sales_yield_missing,0.0,0.0,0,flexible,29
38,2023-02-28,fund__sales_yield_sector_zscore,0.18723069690167904,0.008381848885859645,4,flexible,29
38,2023-02-28,fund__sales_yield_zscore,1.8059749118983746,0.08084896896546301,24,flexible,29
38,2023-02-28,tech__amihud_illiquidity_20d_sector_neutral,0.7700155042111874,0.03447166358333047,15,flexible,29
38,2023-02-28,tech__average_dollar_volume_20d_sector_neutral,0.06153840012848377,0.0027549198880853555,2,flexible,29
38,2023-02-28,tech__beta_60d_market_sector_neutral,0.4692287016659975,0.021006192549386588,9,flexible,29
38,2023-02-28,tech__distance_sma_200d_sector_neutral,1.5888746120035648,0.07112993284101442,13,flexible,29
38,2023-02-28,tech__distance_sma_50d_sector_neutral,0.33652869518846273,0.015065545957490482,7,flexible,29
38,2023-02-28,tech__dollar_volume_change_20d_60d_sector_neutral,0.3056440968066454,0.01368291992009022,6,flexible,29
38,2023-02-28,tech__downside_volatility_60d_sector_neutral,0.19276830554008484,0.008629753741015541,3,flexible,29
38,2023-02-28,tech__max_drawdown_126d_sector_neutral,0.5448470115661621,0.024391434697580504,7,flexible,29
38,2023-02-28,tech__momentum_12_1_sector_neutral,0.15675269812345505,0.0070174252933082595,3,flexible,29
38,2023-02-28,tech__momentum_6_1_sector_neutral,3.739773318171501,0.1674202753021015,18,flexible,29
38,2023-02-28,tech__positive_day_ratio_60d_sector_neutral,0.21515940129756927,0.009632146960363562,3,flexible,29
38,2023-02-28,tech__return_1m_sector_neutral,0.22199849784374237,0.009938316166131837,4,flexible,29
38,2023-02-28,tech__return_1w_sector_neutral,0.599349994212389,0.026831396583794086,9,flexible,29
38,2023-02-28,tech__return_3m_sector_neutral,0.7825791109353304,0.035034104757591736,11,flexible,29
38,2023-02-28,tech__reversal_1m_sector_neutral,0.0,0.0,0,flexible,29
38,2023-02-28,tech__sma_50_200_spread_sector_neutral,1.039821308106184,0.0465501929815483,16,flexible,29
38,2023-02-28,tech__volatility_20d_sector_neutral,0.17817329987883568,0.007976371929350879,3,flexible,29
38,2023-02-28,tech__volatility_60d_sector_neutral,0.6886408999562263,0.030828726568734553,11,flexible,29
38,2023-02-28,tech__zero_volume_ratio_60d_sector_neutral,0.0,0.0,0,flexible,29
39,2023-03-31,fund__accruals_missing,0.0,0.0,0,shallow,100
39,2023-03-31,fund__accruals_sector_zscore,0.0,0.0,0,shallow,100
39,2023-03-31,fund__accruals_zscore,0.09194230288267136,0.0034485088136071615,2,shallow,100
39,2023-03-31,fund__asset_growth_yoy_missing,0.0,0.0,0,shallow,100
39,2023-03-31,fund__asset_growth_yoy_sector_zscore,0.0,0.0,0,shallow,100
39,2023-03-31,fund__asset_growth_yoy_zscore,0.07096260040998459,0.002661616527732603,2,shallow,100
39,2023-03-31,fund__book_to_market_missing,0.0,0.0,0,shallow,100
39,2023-03-31,fund__book_to_market_sector_zscore,0.1692372988909483,0.006347636490694216,4,shallow,100
39,2023-03-31,fund__book_to_market_zscore,1.4359607100486755,0.053859029079526784,15,shallow,100
39,2023-03-31,fund__capex_to_assets_missing,0.0,0.0,0,shallow,100
39,2023-03-31,fund__capex_to_assets_sector_zscore,0.0,0.0,0,shallow,100
39,2023-03-31,fund__capex_to_assets_zscore,1.1955015007406473,0.0448400500392701,22,shallow,100
39,2023-03-31,fund__cash_conversion_missing,0.0,0.0,0,shallow,100
39,2023-03-31,fund__cash_conversion_sector_zscore,0.13800790160894394,0.005176305684372536,4,shallow,100
39,2023-03-31,fund__cash_conversion_zscore,0.5774431973695755,0.02165834325498269,10,shallow,100
39,2023-03-31,fund__current_ratio_missing,0.0,0.0,0,shallow,100
39,2023-03-31,fund__current_ratio_sector_zscore,0.15429209917783737,0.0057870821939680255,3,shallow,100
39,2023-03-31,fund__current_ratio_zscore,0.13241330161690712,0.004966467266405503,2,shallow,100
39,2023-03-31,fund__debt_to_assets_missing,0.0,0.0,0,shallow,100
39,2023-03-31,fund__debt_to_assets_sector_zscore,0.0,0.0,0,shallow,100
39,2023-03-31,fund__debt_to_assets_zscore,0.0,0.0,0,shallow,100
39,2023-03-31,fund__earnings_yield_missing,0.0,0.0,0,shallow,100
39,2023-03-31,fund__earnings_yield_sector_zscore,0.22983720153570175,0.008620576060642222,4,shallow,100
39,2023-03-31,fund__earnings_yield_zscore,0.5836872085928917,0.02189253934384231,9,shallow,100
39,2023-03-31,fund__fcf_yield_missing,0.0,0.0,0,shallow,100
39,2023-03-31,fund__fcf_yield_sector_zscore,0.1474144011735916,0.005529118216110777,2,shallow,100
39,2023-03-31,fund__fcf_yield_zscore,0.08507700264453888,0.0031910098426550073,1,shallow,100
39,2023-03-31,fund__gross_margin_missing,0.0,0.0,0,shallow,100
39,2023-03-31,fund__gross_margin_sector_zscore,0.39514410123229027,0.014820793835056939,7,shallow,100
39,2023-03-31,fund__gross_margin_zscore,0.829507501795888,0.03111259824051587,10,shallow,100
39,2023-03-31,fund__gross_profitability_missing,0.0,0.0,0,shallow,100
39,2023-03-31,fund__gross_profitability_sector_zscore,0.3989855945110321,0.014964877929253047,5,shallow,100
39,2023-03-31,fund__gross_profitability_zscore,0.3177964948117733,0.011919692882724335,7,shallow,100
39,2023-03-31,fund__interest_coverage_missing,0.0,0.0,0,shallow,100
39,2023-03-31,fund__interest_coverage_sector_zscore,0.28084519878029823,0.010533749023983272,6,shallow,100
39,2023-03-31,fund__interest_coverage_zscore,0.1061164028942585,0.003980141231791023,2,shallow,100
39,2023-03-31,fund__net_debt_to_assets_missing,0.0,0.0,0,shallow,100
39,2023-03-31,fund__net_debt_to_assets_sector_zscore,0.0,0.0,0,shallow,100
39,2023-03-31,fund__net_debt_to_assets_zscore,0.0,0.0,0,shallow,100
39,2023-03-31,fund__net_income_growth_acceleration_missing,0.0,0.0,0,shallow,100
39,2023-03-31,fund__net_income_growth_acceleration_sector_zscore,0.0,0.0,0,shallow,100
39,2023-03-31,fund__net_income_growth_acceleration_zscore,0.4392271973192692,0.016474232357050825,5,shallow,100
39,2023-03-31,fund__net_income_growth_yoy_missing,0.0,0.0,0,shallow,100
39,2023-03-31,fund__net_income_growth_yoy_sector_zscore,0.1758304014801979,0.006594926058990734,4,shallow,100
39,2023-03-31,fund__net_income_growth_yoy_zscore,0.0,0.0,0,shallow,100
39,2023-03-31,fund__net_margin_missing,0.0,0.0,0,shallow,100
39,2023-03-31,fund__net_margin_sector_zscore,0.04939689859747887,0.0018527449806825611,1,shallow,100
39,2023-03-31,fund__net_margin_zscore,0.14221569895744324,0.005334128860290697,3,shallow,100
39,2023-03-31,fund__operating_cash_flow_growth_acceleration_missing,0.0,0.0,0,shallow,100
39,2023-03-31,fund__operating_cash_flow_growth_acceleration_sector_zscore,0.045493800193071365,0.0017063502437011345,1,shallow,100
39,2023-03-31,fund__operating_cash_flow_growth_acceleration_zscore,0.22388629987835884,0.008397373724276506,5,shallow,100
39,2023-03-31,fund__operating_cash_flow_growth_yoy_missing,0.0,0.0,0,shallow,100
39,2023-03-31,fund__operating_cash_flow_growth_yoy_sector_zscore,0.0,0.0,0,shallow,100
39,2023-03-31,fund__operating_cash_flow_growth_yoy_zscore,0.08357680216431618,0.003134741352351609,2,shallow,100
39,2023-03-31,fund__operating_margin_missing,0.0,0.0,0,shallow,100
39,2023-03-31,fund__operating_margin_sector_zscore,0.11862480267882347,0.004449297708720253,2,shallow,100
39,2023-03-31,fund__operating_margin_zscore,0.18434709683060646,0.006914364424768567,4,shallow,100
39,2023-03-31,fund__revenue_growth_acceleration_missing,0.0,0.0,0,shallow,100
39,2023-03-31,fund__revenue_growth_acceleration_sector_zscore,0.4225478023290634,0.015848633053727298,4,shallow,100
39,2023-03-31,fund__revenue_growth_acceleration_zscore,0.9648734927177429,0.03618981295148941,18,shallow,100
39,2023-03-31,fund__revenue_growth_yoy_missing,0.0,0.0,0,shallow,100
39,2023-03-31,fund__revenue_growth_yoy_sector_zscore,0.6757828965783119,0.025346801220643686,13,shallow,100
39,2023-03-31,fund__revenue_growth_yoy_zscore,0.18403739854693413,0.006902748474032963,4,shallow,100
39,2023-03-31,fund__roa_missing,0.0,0.0,0,shallow,100
39,2023-03-31,fund__roa_sector_zscore,0.0,0.0,0,shallow,100
39,2023-03-31,fund__roa_zscore,0.1759440004825592,0.006599186852429417,4,shallow,100
39,2023-03-31,fund__roe_missing,0.0,0.0,0,shallow,100
39,2023-03-31,fund__roe_sector_zscore,0.030331499874591827,0.001137653086424578,1,shallow,100
39,2023-03-31,fund__roe_zscore,0.22410020232200623,0.008405396630371336,5,shallow,100
39,2023-03-31,fund__sales_yield_missing,0.0,0.0,0,shallow,100
39,2023-03-31,fund__sales_yield_sector_zscore,0.07136650010943413,0.0026767657205382525,2,shallow,100
39,2023-03-31,fund__sales_yield_zscore,2.5252005849033594,0.09471349096267254,40,shallow,100
39,2023-03-31,tech__amihud_illiquidity_20d_sector_neutral,0.7551690004765987,0.02832436073773049,16,shallow,100
39,2023-03-31,tech__average_dollar_volume_20d_sector_neutral,0.12164639681577682,0.004562629588450571,3,shallow,100
39,2023-03-31,tech__beta_60d_market_sector_neutral,0.3465857971459627,0.012999502281927072,7,shallow,100
39,2023-03-31,tech__distance_sma_200d_sector_neutral,0.8269430976361036,0.03101641432876469,11,shallow,100
39,2023-03-31,tech__distance_sma_50d_sector_neutral,0.14697019755840302,0.005512457331686674,3,shallow,100
39,2023-03-31,tech__dollar_volume_change_20d_60d_sector_neutral,0.031958598643541336,0.0011986811906748282,1,shallow,100
39,2023-03-31,tech__downside_volatility_60d_sector_neutral,0.038232699036598206,0.001434005843468473,1,shallow,100
39,2023-03-31,tech__max_drawdown_126d_sector_neutral,1.6515345089137554,0.061944623219121885,20,shallow,100
39,2023-03-31,tech__momentum_12_1_sector_neutral,0.5388857983052731,0.020212158785656378,7,shallow,100
39,2023-03-31,tech__momentum_6_1_sector_neutral,3.5651292018592358,0.1337184200177022,30,shallow,100
39,2023-03-31,tech__positive_day_ratio_60d_sector_neutral,0.024481099098920822,0.0009182202681735342,1,shallow,100
39,2023-03-31,tech__return_1m_sector_neutral,0.2873462922871113,0.010777587578744493,7,shallow,100
39,2023-03-31,tech__return_1w_sector_neutral,0.15636390261352062,0.0058647899757399554,4,shallow,100
39,2023-03-31,tech__return_3m_sector_neutral,1.0181033033877611,0.038186320168373526,18,shallow,100
39,2023-03-31,tech__reversal_1m_sector_neutral,0.04542909935116768,0.001703923488915175,1,shallow,100
39,2023-03-31,tech__sma_50_200_spread_sector_neutral,1.7337131090462208,0.06502692176898905,19,shallow,100
39,2023-03-31,tech__volatility_20d_sector_neutral,0.1463090032339096,0.005487657708618365,2,shallow,100
39,2023-03-31,tech__volatility_60d_sector_neutral,1.1497101932764053,0.043122541096965845,12,shallow,100
39,2023-03-31,tech__zero_volume_ratio_60d_sector_neutral,0.0,0.0,0,shallow,100
40,2023-04-28,fund__accruals_missing,0.0,0.0,0,shallow,100
40,2023-04-28,fund__accruals_sector_zscore,0.0,0.0,0,shallow,100
40,2023-04-28,fund__accruals_zscore,0.09194230288267136,0.0034485088136071615,2,shallow,100
40,2023-04-28,fund__asset_growth_yoy_missing,0.0,0.0,0,shallow,100
40,2023-04-28,fund__asset_growth_yoy_sector_zscore,0.0,0.0,0,shallow,100
40,2023-04-28,fund__asset_growth_yoy_zscore,0.07096260040998459,0.002661616527732603,2,shallow,100
40,2023-04-28,fund__book_to_market_missing,0.0,0.0,0,shallow,100
40,2023-04-28,fund__book_to_market_sector_zscore,0.1692372988909483,0.006347636490694216,4,shallow,100
40,2023-04-28,fund__book_to_market_zscore,1.4359607100486755,0.053859029079526784,15,shallow,100
40,2023-04-28,fund__capex_to_assets_missing,0.0,0.0,0,shallow,100
40,2023-04-28,fund__capex_to_assets_sector_zscore,0.0,0.0,0,shallow,100
40,2023-04-28,fund__capex_to_assets_zscore,1.1955015007406473,0.0448400500392701,22,shallow,100
40,2023-04-28,fund__cash_conversion_missing,0.0,0.0,0,shallow,100
40,2023-04-28,fund__cash_conversion_sector_zscore,0.13800790160894394,0.005176305684372536,4,shallow,100
40,2023-04-28,fund__cash_conversion_zscore,0.5774431973695755,0.02165834325498269,10,shallow,100
40,2023-04-28,fund__current_ratio_missing,0.0,0.0,0,shallow,100
40,2023-04-28,fund__current_ratio_sector_zscore,0.15429209917783737,0.0057870821939680255,3,shallow,100
40,2023-04-28,fund__current_ratio_zscore,0.13241330161690712,0.004966467266405503,2,shallow,100
40,2023-04-28,fund__debt_to_assets_missing,0.0,0.0,0,shallow,100
40,2023-04-28,fund__debt_to_assets_sector_zscore,0.0,0.0,0,shallow,100
40,2023-04-28,fund__debt_to_assets_zscore,0.0,0.0,0,shallow,100
40,2023-04-28,fund__earnings_yield_missing,0.0,0.0,0,shallow,100
40,2023-04-28,fund__earnings_yield_sector_zscore,0.22983720153570175,0.008620576060642222,4,shallow,100
40,2023-04-28,fund__earnings_yield_zscore,0.5836872085928917,0.02189253934384231,9,shallow,100
40,2023-04-28,fund__fcf_yield_missing,0.0,0.0,0,shallow,100
40,2023-04-28,fund__fcf_yield_sector_zscore,0.1474144011735916,0.005529118216110777,2,shallow,100
40,2023-04-28,fund__fcf_yield_zscore,0.08507700264453888,0.0031910098426550073,1,shallow,100
40,2023-04-28,fund__gross_margin_missing,0.0,0.0,0,shallow,100
40,2023-04-28,fund__gross_margin_sector_zscore,0.39514410123229027,0.014820793835056939,7,shallow,100
40,2023-04-28,fund__gross_margin_zscore,0.829507501795888,0.03111259824051587,10,shallow,100
40,2023-04-28,fund__gross_profitability_missing,0.0,0.0,0,shallow,100
40,2023-04-28,fund__gross_profitability_sector_zscore,0.3989855945110321,0.014964877929253047,5,shallow,100
40,2023-04-28,fund__gross_profitability_zscore,0.3177964948117733,0.011919692882724335,7,shallow,100
40,2023-04-28,fund__interest_coverage_missing,0.0,0.0,0,shallow,100
40,2023-04-28,fund__interest_coverage_sector_zscore,0.28084519878029823,0.010533749023983272,6,shallow,100
40,2023-04-28,fund__interest_coverage_zscore,0.1061164028942585,0.003980141231791023,2,shallow,100
40,2023-04-28,fund__net_debt_to_assets_missing,0.0,0.0,0,shallow,100
40,2023-04-28,fund__net_debt_to_assets_sector_zscore,0.0,0.0,0,shallow,100
40,2023-04-28,fund__net_debt_to_assets_zscore,0.0,0.0,0,shallow,100
40,2023-04-28,fund__net_income_growth_acceleration_missing,0.0,0.0,0,shallow,100
40,2023-04-28,fund__net_income_growth_acceleration_sector_zscore,0.0,0.0,0,shallow,100
40,2023-04-28,fund__net_income_growth_acceleration_zscore,0.4392271973192692,0.016474232357050825,5,shallow,100
40,2023-04-28,fund__net_income_growth_yoy_missing,0.0,0.0,0,shallow,100
40,2023-04-28,fund__net_income_growth_yoy_sector_zscore,0.1758304014801979,0.006594926058990734,4,shallow,100
40,2023-04-28,fund__net_income_growth_yoy_zscore,0.0,0.0,0,shallow,100
40,2023-04-28,fund__net_margin_missing,0.0,0.0,0,shallow,100
40,2023-04-28,fund__net_margin_sector_zscore,0.04939689859747887,0.0018527449806825611,1,shallow,100
40,2023-04-28,fund__net_margin_zscore,0.14221569895744324,0.005334128860290697,3,shallow,100
40,2023-04-28,fund__operating_cash_flow_growth_acceleration_missing,0.0,0.0,0,shallow,100
40,2023-04-28,fund__operating_cash_flow_growth_acceleration_sector_zscore,0.045493800193071365,0.0017063502437011345,1,shallow,100
40,2023-04-28,fund__operating_cash_flow_growth_acceleration_zscore,0.22388629987835884,0.008397373724276506,5,shallow,100
40,2023-04-28,fund__operating_cash_flow_growth_yoy_missing,0.0,0.0,0,shallow,100
40,2023-04-28,fund__operating_cash_flow_growth_yoy_sector_zscore,0.0,0.0,0,shallow,100
40,2023-04-28,fund__operating_cash_flow_growth_yoy_zscore,0.08357680216431618,0.003134741352351609,2,shallow,100
40,2023-04-28,fund__operating_margin_missing,0.0,0.0,0,shallow,100
40,2023-04-28,fund__operating_margin_sector_zscore,0.11862480267882347,0.004449297708720253,2,shallow,100
40,2023-04-28,fund__operating_margin_zscore,0.18434709683060646,0.006914364424768567,4,shallow,100
40,2023-04-28,fund__revenue_growth_acceleration_missing,0.0,0.0,0,shallow,100
40,2023-04-28,fund__revenue_growth_acceleration_sector_zscore,0.4225478023290634,0.015848633053727298,4,shallow,100
40,2023-04-28,fund__revenue_growth_acceleration_zscore,0.9648734927177429,0.03618981295148941,18,shallow,100
40,2023-04-28,fund__revenue_growth_yoy_missing,0.0,0.0,0,shallow,100
40,2023-04-28,fund__revenue_growth_yoy_sector_zscore,0.6757828965783119,0.025346801220643686,13,shallow,100
40,2023-04-28,fund__revenue_growth_yoy_zscore,0.18403739854693413,0.006902748474032963,4,shallow,100
40,2023-04-28,fund__roa_missing,0.0,0.0,0,shallow,100
40,2023-04-28,fund__roa_sector_zscore,0.0,0.0,0,shallow,100
40,2023-04-28,fund__roa_zscore,0.1759440004825592,0.006599186852429417,4,shallow,100
40,2023-04-28,fund__roe_missing,0.0,0.0,0,shallow,100
40,2023-04-28,fund__roe_sector_zscore,0.030331499874591827,0.001137653086424578,1,shallow,100
40,2023-04-28,fund__roe_zscore,0.22410020232200623,0.008405396630371336,5,shallow,100
40,2023-04-28,fund__sales_yield_missing,0.0,0.0,0,shallow,100
40,2023-04-28,fund__sales_yield_sector_zscore,0.07136650010943413,0.0026767657205382525,2,shallow,100
40,2023-04-28,fund__sales_yield_zscore,2.5252005849033594,0.09471349096267254,40,shallow,100
40,2023-04-28,tech__amihud_illiquidity_20d_sector_neutral,0.7551690004765987,0.02832436073773049,16,shallow,100
40,2023-04-28,tech__average_dollar_volume_20d_sector_neutral,0.12164639681577682,0.004562629588450571,3,shallow,100
40,2023-04-28,tech__beta_60d_market_sector_neutral,0.3465857971459627,0.012999502281927072,7,shallow,100
40,2023-04-28,tech__distance_sma_200d_sector_neutral,0.8269430976361036,0.03101641432876469,11,shallow,100
40,2023-04-28,tech__distance_sma_50d_sector_neutral,0.14697019755840302,0.005512457331686674,3,shallow,100
40,2023-04-28,tech__dollar_volume_change_20d_60d_sector_neutral,0.031958598643541336,0.0011986811906748282,1,shallow,100
40,2023-04-28,tech__downside_volatility_60d_sector_neutral,0.038232699036598206,0.001434005843468473,1,shallow,100
40,2023-04-28,tech__max_drawdown_126d_sector_neutral,1.6515345089137554,0.061944623219121885,20,shallow,100
40,2023-04-28,tech__momentum_12_1_sector_neutral,0.5388857983052731,0.020212158785656378,7,shallow,100
40,2023-04-28,tech__momentum_6_1_sector_neutral,3.5651292018592358,0.1337184200177022,30,shallow,100
40,2023-04-28,tech__positive_day_ratio_60d_sector_neutral,0.024481099098920822,0.0009182202681735342,1,shallow,100
40,2023-04-28,tech__return_1m_sector_neutral,0.2873462922871113,0.010777587578744493,7,shallow,100
40,2023-04-28,tech__return_1w_sector_neutral,0.15636390261352062,0.0058647899757399554,4,shallow,100
40,2023-04-28,tech__return_3m_sector_neutral,1.0181033033877611,0.038186320168373526,18,shallow,100
40,2023-04-28,tech__reversal_1m_sector_neutral,0.04542909935116768,0.001703923488915175,1,shallow,100
40,2023-04-28,tech__sma_50_200_spread_sector_neutral,1.7337131090462208,0.06502692176898905,19,shallow,100
40,2023-04-28,tech__volatility_20d_sector_neutral,0.1463090032339096,0.005487657708618365,2,shallow,100
40,2023-04-28,tech__volatility_60d_sector_neutral,1.1497101932764053,0.043122541096965845,12,shallow,100
40,2023-04-28,tech__zero_volume_ratio_60d_sector_neutral,0.0,0.0,0,shallow,100
41,2023-05-31,fund__accruals_missing,0.0,0.0,0,balanced,61
41,2023-05-31,fund__accruals_sector_zscore,0.11495800316333771,0.004065082887286271,1,balanced,61
41,2023-05-31,fund__accruals_zscore,0.2556051015853882,0.009038569701680457,6,balanced,61
41,2023-05-31,fund__asset_growth_yoy_missing,0.0,0.0,0,balanced,61
41,2023-05-31,fund__asset_growth_yoy_sector_zscore,0.13561279699206352,0.004795466563264707,3,balanced,61
41,2023-05-31,fund__asset_growth_yoy_zscore,0.24323799647390842,0.00860125080286037,6,balanced,61
41,2023-05-31,fund__book_to_market_missing,0.0,0.0,0,balanced,61
41,2023-05-31,fund__book_to_market_sector_zscore,0.45026360265910625,0.015921978597146804,9,balanced,61
41,2023-05-31,fund__book_to_market_zscore,0.22579069808125496,0.007984288850028083,4,balanced,61
41,2023-05-31,fund__capex_to_assets_missing,0.0,0.0,0,balanced,61
41,2023-05-31,fund__capex_to_assets_sector_zscore,0.027549099177122116,0.0009741763821867334,1,balanced,61
41,2023-05-31,fund__capex_to_assets_zscore,1.10415980219841,0.03904470322408678,19,balanced,61
41,2023-05-31,fund__cash_conversion_missing,0.0,0.0,0,balanced,61
41,2023-05-31,fund__cash_conversion_sector_zscore,0.26125049963593483,0.009238199221815643,4,balanced,61
41,2023-05-31,fund__cash_conversion_zscore,0.4657502919435501,0.016469610548455697,7,balanced,61
41,2023-05-31,fund__current_ratio_missing,0.0,0.0,0,balanced,61
41,2023-05-31,fund__current_ratio_sector_zscore,0.102337796241045,0.0036188139387822566,2,balanced,61
41,2023-05-31,fund__current_ratio_zscore,0.35645730048418045,0.01260485074873521,4,balanced,61
41,2023-05-31,fund__debt_to_assets_missing,0.0,0.0,0,balanced,61
41,2023-05-31,fund__debt_to_assets_sector_zscore,0.0,0.0,0,balanced,61
41,2023-05-31,fund__debt_to_assets_zscore,0.07202780246734619,0.0025470082913916165,1,balanced,61
41,2023-05-31,fund__earnings_yield_missing,0.0,0.0,0,balanced,61
41,2023-05-31,fund__earnings_yield_sector_zscore,0.5372664108872414,0.01899852496314035,7,balanced,61
41,2023-05-31,fund__earnings_yield_zscore,0.3191996030509472,0.011287364152866535,5,balanced,61
41,2023-05-31,fund__fcf_yield_missing,0.0,0.0,0,balanced,61
41,2023-05-31,fund__fcf_yield_sector_zscore,0.31213829666376114,0.01103766604602268,4,balanced,61
41,2023-05-31,fund__fcf_yield_zscore,0.0364484004676342,0.0012888686731920337,1,balanced,61
41,2023-05-31,fund__gross_margin_missing,0.0,0.0,0,balanced,61
41,2023-05-31,fund__gross_margin_sector_zscore,0.038993798196315765,0.001378877654415367,1,balanced,61
41,2023-05-31,fund__gross_margin_zscore,0.5408417023718357,0.019124952491726025,6,balanced,61
41,2023-05-31,fund__gross_profitability_missing,0.0,0.0,0,balanced,61
41,2023-05-31,fund__gross_profitability_sector_zscore,0.234934002161026,0.0083076094360261,2,balanced,61
41,2023-05-31,fund__gross_profitability_zscore,0.09561620280146599,0.003381128577914381,2,balanced,61
41,2023-05-31,fund__interest_coverage_missing,0.0,0.0,0,balanced,61
41,2023-05-31,fund__interest_coverage_sector_zscore,0.09030900150537491,0.003193458188950946,2,balanced,61
41,2023-05-31,fund__interest_coverage_zscore,0.055356498807668686,0.001957486645652721,1,balanced,61
41,2023-05-31,fund__net_debt_to_assets_missing,0.0,0.0,0,balanced,61
41,2023-05-31,fund__net_debt_to_assets_sector_zscore,0.0,0.0,0,balanced,61
41,2023-05-31,fund__net_debt_to_assets_zscore,0.0,0.0,0,balanced,61
41,2023-05-31,fund__net_income_growth_acceleration_missing,0.0,0.0,0,balanced,61
41,2023-05-31,fund__net_income_growth_acceleration_sector_zscore,0.09420569986104965,0.0033312511339107084,1,balanced,61
41,2023-05-31,fund__net_income_growth_acceleration_zscore,0.2475212961435318,0.00875271453491011,4,balanced,61
41,2023-05-31,fund__net_income_growth_yoy_missing,0.0,0.0,0,balanced,61
41,2023-05-31,fund__net_income_growth_yoy_sector_zscore,0.20395689830183983,0.0072122138017026,5,balanced,61
41,2023-05-31,fund__net_income_growth_yoy_zscore,0.2805815003812313,0.009921771640972661,5,balanced,61
41,2023-05-31,fund__net_margin_missing,0.0,0.0,0,balanced,61
41,2023-05-31,fund__net_margin_sector_zscore,0.16013919934630394,0.0056627559711649065,3,balanced,61
41,2023-05-31,fund__net_margin_zscore,0.04509659856557846,0.001594681588573524,1,balanced,61
41,2023-05-31,fund__operating_cash_flow_growth_acceleration_missing,0.0,0.0,0,balanced,61
41,2023-05-31,fund__operating_cash_flow_growth_acceleration_sector_zscore,0.03828850015997887,0.0013539372857672093,1,balanced,61
41,2023-05-31,fund__operating_cash_flow_growth_acceleration_zscore,0.21984020620584488,0.00777387076665814,4,balanced,61
41,2023-05-31,fund__operating_cash_flow_growth_yoy_missing,0.0,0.0,0,balanced,61
41,2023-05-31,fund__operating_cash_flow_growth_yoy_sector_zscore,0.19074159860610962,0.006744901503600634,3,balanced,61
41,2023-05-31,fund__operating_cash_flow_growth_yoy_zscore,0.15852149575948715,0.0056055516096892915,3,balanced,61
41,2023-05-31,fund__operating_margin_missing,0.0,0.0,0,balanced,61
41,2023-05-31,fund__operating_margin_sector_zscore,0.034825198352336884,0.0012314698757187807,1,balanced,61
41,2023-05-31,fund__operating_margin_zscore,0.16893530078232288,0.0059737989645926,4,balanced,61
41,2023-05-31,fund__revenue_growth_acceleration_missing,0.0,0.0,0,balanced,61
41,2023-05-31,fund__revenue_growth_acceleration_sector_zscore,0.5568438023328781,0.019690810117313447,6,balanced,61
41,2023-05-31,fund__revenue_growth_acceleration_zscore,1.6862174980342388,0.05962711344039526,24,balanced,61
41,2023-05-31,fund__revenue_growth_yoy_missing,0.0,0.0,0,balanced,61
41,2023-05-31,fund__revenue_growth_yoy_sector_zscore,0.7070775032043457,0.025003293195490776,12,balanced,61
41,2023-05-31,fund__revenue_growth_yoy_zscore,0.0,0.0,0,balanced,61
41,2023-05-31,fund__roa_missing,0.0,0.0,0,balanced,61
41,2023-05-31,fund__roa_sector_zscore,0.0,0.0,0,balanced,61
41,2023-05-31,fund__roa_zscore,0.21837560087442398,0.007722080183092349,5,balanced,61
41,2023-05-31,fund__roe_missing,0.0,0.0,0,balanced,61
41,2023-05-31,fund__roe_sector_zscore,0.13932780176401138,0.004926834557741566,4,balanced,61
41,2023-05-31,fund__roe_zscore,0.09606099873781204,0.0033968572118452064,2,balanced,61
41,2023-05-31,fund__sales_yield_missing,0.0,0.0,0,balanced,61
41,2023-05-31,fund__sales_yield_sector_zscore,0.30316050350666046,0.010720198167977937,7,balanced,61
41,2023-05-31,fund__sales_yield_zscore,2.3987922817468643,0.08482479850340194,38,balanced,61
41,2023-05-31,tech__amihud_illiquidity_20d_sector_neutral,0.6791566032916307,0.024015969396280874,15,balanced,61
41,2023-05-31,tech__average_dollar_volume_20d_sector_neutral,0.3547382988035679,0.012544064338717756,6,balanced,61
41,2023-05-31,tech__beta_60d_market_sector_neutral,0.42237139865756035,0.014935669527266038,8,balanced,61
41,2023-05-31,tech__distance_sma_200d_sector_neutral,2.900353729724884,0.10256074383120153,23,balanced,61
41,2023-05-31,tech__distance_sma_50d_sector_neutral,0.20287049934267998,0.007173797147827954,4,balanced,61
41,2023-05-31,tech__dollar_volume_change_20d_60d_sector_neutral,0.13348699733614922,0.004720295182714734,2,balanced,61
41,2023-05-31,tech__downside_volatility_60d_sector_neutral,0.0210976991802454,0.0007460454560686113,1,balanced,61
41,2023-05-31,tech__max_drawdown_126d_sector_neutral,1.7645680885761976,0.06239770475249685,22,balanced,61
41,2023-05-31,tech__momentum_12_1_sector_neutral,0.19921519979834557,0.007044540417398611,3,balanced,61
41,2023-05-31,tech__momentum_6_1_sector_neutral,3.41808195784688,0.12086837011637146,21,balanced,61
41,2023-05-31,tech__positive_day_ratio_60d_sector_neutral,0.16039220243692398,0.005671702529958632,3,balanced,61
41,2023-05-31,tech__return_1m_sector_neutral,0.043210599571466446,0.0015279899096522173,1,balanced,61
41,2023-05-31,tech__return_1w_sector_neutral,0.8686477988958359,0.030716654823528554,12,balanced,61
41,2023-05-31,tech__return_3m_sector_neutral,1.2320876978337765,0.043568420451629244,17,balanced,61
41,2023-05-31,tech__reversal_1m_sector_neutral,0.02147749997675419,0.0007594757669298039,1,balanced,61
41,2023-05-31,tech__sma_50_200_spread_sector_neutral,0.7282235026359558,0.025751046618989852,10,balanced,61
41,2023-05-31,tech__volatility_20d_sector_neutral,0.2636622954159975,0.009323483843011019,5,balanced,61
41,2023-05-31,tech__volatility_60d_sector_neutral,0.8411186877638102,0.02974318524780884,10,balanced,61
41,2023-05-31,tech__zero_volume_ratio_60d_sector_neutral,0.0,0.0,0,balanced,61
42,2023-06-30,fund__accruals_missing,0.0,0.0,0,balanced,62
42,2023-06-30,fund__accruals_sector_zscore,0.6051648929715157,0.021108756042472296,8,balanced,62
42,2023-06-30,fund__accruals_zscore,0.29335109889507294,0.010232379394914306,7,balanced,62
42,2023-06-30,fund__asset_growth_yoy_missing,0.0,0.0,0,balanced,62
42,2023-06-30,fund__asset_growth_yoy_sector_zscore,0.050191398710012436,0.0017507261295310788,1,balanced,62
42,2023-06-30,fund__asset_growth_yoy_zscore,0.5027659013867378,0.01753697691671262,11,balanced,62
42,2023-06-30,fund__book_to_market_missing,0.0,0.0,0,balanced,62
42,2023-06-30,fund__book_to_market_sector_zscore,0.29563650116324425,0.010312096509205025,5,balanced,62
42,2023-06-30,fund__book_to_market_zscore,0.6164565905928612,0.021502621736207383,6,balanced,62
42,2023-06-30,fund__capex_to_assets_missing,0.0,0.0,0,balanced,62
42,2023-06-30,fund__capex_to_assets_sector_zscore,0.05713300034403801,0.00199285612936828,1,balanced,62
42,2023-06-30,fund__capex_to_assets_zscore,0.9076491929590702,0.03165971061580018,19,balanced,62
42,2023-06-30,fund__cash_conversion_missing,0.0,0.0,0,balanced,62
42,2023-06-30,fund__cash_conversion_sector_zscore,0.04496090114116669,0.001568281148925262,1,balanced,62
42,2023-06-30,fund__cash_conversion_zscore,0.29723010212183,0.010367682902689718,7,balanced,62
42,2023-06-30,fund__current_ratio_missing,0.0,0.0,0,balanced,62
42,2023-06-30,fund__current_ratio_sector_zscore,0.0,0.0,0,balanced,62
42,2023-06-30,fund__current_ratio_zscore,0.12473199889063835,0.004350776731849081,2,balanced,62
42,2023-06-30,fund__debt_to_assets_missing,0.0,0.0,0,balanced,62
42,2023-06-30,fund__debt_to_assets_sector_zscore,0.07150140032172203,0.002494040274998936,2,balanced,62
42,2023-06-30,fund__debt_to_assets_zscore,0.03364089876413345,0.0011734281570345904,1,balanced,62
42,2023-06-30,fund__earnings_yield_missing,0.0,0.0,0,balanced,62
42,2023-06-30,fund__earnings_yield_sector_zscore,0.49511210434138775,0.01727000482942649,8,balanced,62
42,2023-06-30,fund__earnings_yield_zscore,0.180451899766922,0.006294342540058598,3,balanced,62
42,2023-06-30,fund__fcf_yield_missing,0.0,0.0,0,balanced,62
42,2023-06-30,fund__fcf_yield_sector_zscore,0.20573249831795692,0.007176155073500773,4,balanced,62
42,2023-06-30,fund__fcf_yield_zscore,0.09098629653453827,0.003173692920825153,1,balanced,62
42,2023-06-30,fund__gross_margin_missing,0.0,0.0,0,balanced,62
42,2023-06-30,fund__gross_margin_sector_zscore,0.04870469868183136,0.001698868547295739,1,balanced,62
42,2023-06-30,fund__gross_margin_zscore,0.5889572910964489,0.02054341869724992,7,balanced,62
42,2023-06-30,fund__gross_profitability_missing,0.0,0.0,0,balanced,62
42,2023-06-30,fund__gross_profitability_sector_zscore,0.17700760066509247,0.0061742019464415,2,balanced,62
42,2023-06-30,fund__gross_profitability_zscore,0.0,0.0,0,balanced,62
42,2023-06-30,fund__interest_coverage_missing,0.0,0.0,0,balanced,62
42,2023-06-30,fund__interest_coverage_sector_zscore,0.10332419723272324,0.0036040512230647603,3,balanced,62
42,2023-06-30,fund__interest_coverage_zscore,0.0,0.0,0,balanced,62
42,2023-06-30,fund__net_debt_to_assets_missing,0.0,0.0,0,balanced,62
42,2023-06-30,fund__net_debt_to_assets_sector_zscore,0.0443233996629715,0.0015460444604850898,1,balanced,62
42,2023-06-30,fund__net_debt_to_assets_zscore,0.0,0.0,0,balanced,62
42,2023-06-30,fund__net_income_growth_acceleration_missing,0.0,0.0,0,balanced,62
42,2023-06-30,fund__net_income_growth_acceleration_sector_zscore,0.09304090216755867,0.0032453596179099066,2,balanced,62
42,2023-06-30,fund__net_income_growth_acceleration_zscore,0.3231266029179096,0.011270978721741575,7,balanced,62
42,2023-06-30,fund__net_income_growth_yoy_missing,0.0,0.0,0,balanced,62
42,2023-06-30,fund__net_income_growth_yoy_sector_zscore,0.4195985980331898,0.014636018289419997,11,balanced,62
42,2023-06-30,fund__net_income_growth_yoy_zscore,0.4844912961125374,0.016899540427937763,8,balanced,62
42,2023-06-30,fund__net_margin_missing,0.0,0.0,0,balanced,62
42,2023-06-30,fund__net_margin_sector_zscore,0.08463849872350693,0.0029522753915596093,2,balanced,62
42,2023-06-30,fund__net_margin_zscore,0.032288599759340286,0.0011262586167651739,1,balanced,62
42,2023-06-30,fund__operating_cash_flow_growth_acceleration_missing,0.0,0.0,0,balanced,62
42,2023-06-30,fund__operating_cash_flow_growth_acceleration_sector_zscore,0.24110380187630653,0.00840994147847747,3,balanced,62
42,2023-06-30,fund__operating_cash_flow_growth_acceleration_zscore,0.088526900857687,0.003087906742615691,2,balanced,62
42,2023-06-30,fund__operating_cash_flow_growth_yoy_missing,0.0,0.0,0,balanced,62
42,2023-06-30,fund__operating_cash_flow_growth_yoy_sector_zscore,0.3596828952431679,0.012546098718742954,4,balanced,62
42,2023-06-30,fund__operating_cash_flow_growth_yoy_zscore,0.3090713955461979,0.010780719047094873,6,balanced,62
42,2023-06-30,fund__operating_margin_missing,0.0,0.0,0,balanced,62
42,2023-06-30,fund__operating_margin_sector_zscore,0.0,0.0,0,balanced,62
42,2023-06-30,fund__operating_margin_zscore,0.09068360179662704,0.0031631346259668146,2,balanced,62
42,2023-06-30,fund__revenue_growth_acceleration_missing,0.0,0.0,0,balanced,62
42,2023-06-30,fund__revenue_growth_acceleration_sector_zscore,0.10821079835295677,0.0037745007519813965,2,balanced,62
42,2023-06-30,fund__revenue_growth_acceleration_zscore,1.8907700907438993,0.0659519496941386,22,balanced,62
42,2023-06-30,fund__revenue_growth_yoy_missing,0.0,0.0,0,balanced,62
42,2023-06-30,fund__revenue_growth_yoy_sector_zscore,0.34297389909625053,0.011963272240412378,8,balanced,62
42,2023-06-30,fund__revenue_growth_yoy_zscore,0.07182960212230682,0.002505488281685554,1,balanced,62
42,2023-06-30,fund__roa_missing,0.0,0.0,0,balanced,62
42,2023-06-30,fund__roa_sector_zscore,0.09326669946312904,0.0032532356531568313,2,balanced,62
42,2023-06-30,fund__roa_zscore,0.20302520133554935,0.00708172185009359,5,balanced,62
42,2023-06-30,fund__roe_missing,0.0,0.0,0,balanced,62
42,2023-06-30,fund__roe_sector_zscore,0.06980359926819801,0.0024348192781041642,2,balanced,62
42,2023-06-30,fund__roe_zscore,0.3158586025238037,0.011017463607071835,7,balanced,62
42,2023-06-30,fund__sales_yield_missing,0.0,0.0,0,balanced,62
42,2023-06-30,fund__sales_yield_sector_zscore,0.31452249735593796,0.010970858924012516,7,balanced,62
42,2023-06-30,fund__sales_yield_zscore,2.415151499211788,0.08424289709230119,35,balanced,62
42,2023-06-30,tech__amihud_illiquidity_20d_sector_neutral,0.46264089830219746,0.01613737672319168,11,balanced,62
42,2023-06-30,tech__average_dollar_volume_20d_sector_neutral,0.28272250294685364,0.009861643349993851,4,balanced,62
42,2023-06-30,tech__beta_60d_market_sector_neutral,0.6487141028046608,0.022627795988257062,11,balanced,62
42,2023-06-30,tech__distance_sma_200d_sector_neutral,2.5158880054950714,0.08775668706987824,18,balanced,62
42,2023-06-30,tech__distance_sma_50d_sector_neutral,0.06855769827961922,0.0023913610069347183,2,balanced,62
42,2023-06-30,tech__dollar_volume_change_20d_60d_sector_neutral,0.15131479874253273,0.005278011347598542,3,balanced,62
42,2023-06-30,tech__downside_volatility_60d_sector_neutral,0.29255739971995354,0.010204694374759815,5,balanced,62
42,2023-06-30,tech__max_drawdown_126d_sector_neutral,1.9048937913030386,0.06644459847958928,26,balanced,62
42,2023-06-30,tech__momentum_12_1_sector_neutral,0.12756969965994358,0.004449758569620063,3,balanced,62
42,2023-06-30,tech__momentum_6_1_sector_neutral,3.6920167095959187,0.12878123125238822,25,balanced,62
42,2023-06-30,tech__positive_day_ratio_60d_sector_neutral,0.27856389805674553,0.009716587056871348,4,balanced,62
42,2023-06-30,tech__return_1m_sector_neutral,0.07171479985117912,0.002501483863778135,2,balanced,62
42,2023-06-30,tech__return_1w_sector_neutral,0.6601760983467102,0.0230276018435984,12,balanced,62
42,2023-06-30,tech__return_3m_sector_neutral,0.7718574032187462,0.026923157330092463,15,balanced,62
42,2023-06-30,tech__reversal_1m_sector_neutral,0.039815500378608704,0.0013888044299367075,1,balanced,62
42,2023-06-30,tech__sma_50_200_spread_sector_neutral,1.2838170789182186,0.044780822279655325,17,balanced,62
42,2023-06-30,tech__volatility_20d_sector_neutral,0.2705221027135849,0.009436081201337099,5,balanced,62
42,2023-06-30,tech__volatility_60d_sector_neutral,0.9588817059993744,0.0334467518532724,10,balanced,62
42,2023-06-30,tech__zero_volume_ratio_60d_sector_neutral,0.0,0.0,0,balanced,62
43,2023-07-31,fund__accruals_missing,0.0,0.0,0,balanced,62
43,2023-07-31,fund__accruals_sector_zscore,0.6051648929715157,0.021108756042472296,8,balanced,62
43,2023-07-31,fund__accruals_zscore,0.29335109889507294,0.010232379394914306,7,balanced,62
43,2023-07-31,fund__asset_growth_yoy_missing,0.0,0.0,0,balanced,62
43,2023-07-31,fund__asset_growth_yoy_sector_zscore,0.050191398710012436,0.0017507261295310788,1,balanced,62
43,2023-07-31,fund__asset_growth_yoy_zscore,0.5027659013867378,0.01753697691671262,11,balanced,62
43,2023-07-31,fund__book_to_market_missing,0.0,0.0,0,balanced,62
43,2023-07-31,fund__book_to_market_sector_zscore,0.29563650116324425,0.010312096509205025,5,balanced,62
43,2023-07-31,fund__book_to_market_zscore,0.6164565905928612,0.021502621736207383,6,balanced,62
43,2023-07-31,fund__capex_to_assets_missing,0.0,0.0,0,balanced,62
43,2023-07-31,fund__capex_to_assets_sector_zscore,0.05713300034403801,0.00199285612936828,1,balanced,62
43,2023-07-31,fund__capex_to_assets_zscore,0.9076491929590702,0.03165971061580018,19,balanced,62
43,2023-07-31,fund__cash_conversion_missing,0.0,0.0,0,balanced,62
43,2023-07-31,fund__cash_conversion_sector_zscore,0.04496090114116669,0.001568281148925262,1,balanced,62
43,2023-07-31,fund__cash_conversion_zscore,0.29723010212183,0.010367682902689718,7,balanced,62
43,2023-07-31,fund__current_ratio_missing,0.0,0.0,0,balanced,62
43,2023-07-31,fund__current_ratio_sector_zscore,0.0,0.0,0,balanced,62
43,2023-07-31,fund__current_ratio_zscore,0.12473199889063835,0.004350776731849081,2,balanced,62
43,2023-07-31,fund__debt_to_assets_missing,0.0,0.0,0,balanced,62
43,2023-07-31,fund__debt_to_assets_sector_zscore,0.07150140032172203,0.002494040274998936,2,balanced,62
43,2023-07-31,fund__debt_to_assets_zscore,0.03364089876413345,0.0011734281570345904,1,balanced,62
43,2023-07-31,fund__earnings_yield_missing,0.0,0.0,0,balanced,62
43,2023-07-31,fund__earnings_yield_sector_zscore,0.49511210434138775,0.01727000482942649,8,balanced,62
43,2023-07-31,fund__earnings_yield_zscore,0.180451899766922,0.006294342540058598,3,balanced,62
43,2023-07-31,fund__fcf_yield_missing,0.0,0.0,0,balanced,62
43,2023-07-31,fund__fcf_yield_sector_zscore,0.20573249831795692,0.007176155073500773,4,balanced,62
43,2023-07-31,fund__fcf_yield_zscore,0.09098629653453827,0.003173692920825153,1,balanced,62
43,2023-07-31,fund__gross_margin_missing,0.0,0.0,0,balanced,62
43,2023-07-31,fund__gross_margin_sector_zscore,0.04870469868183136,0.001698868547295739,1,balanced,62
43,2023-07-31,fund__gross_margin_zscore,0.5889572910964489,0.02054341869724992,7,balanced,62
43,2023-07-31,fund__gross_profitability_missing,0.0,0.0,0,balanced,62
43,2023-07-31,fund__gross_profitability_sector_zscore,0.17700760066509247,0.0061742019464415,2,balanced,62
43,2023-07-31,fund__gross_profitability_zscore,0.0,0.0,0,balanced,62
43,2023-07-31,fund__interest_coverage_missing,0.0,0.0,0,balanced,62
43,2023-07-31,fund__interest_coverage_sector_zscore,0.10332419723272324,0.0036040512230647603,3,balanced,62
43,2023-07-31,fund__interest_coverage_zscore,0.0,0.0,0,balanced,62
43,2023-07-31,fund__net_debt_to_assets_missing,0.0,0.0,0,balanced,62
43,2023-07-31,fund__net_debt_to_assets_sector_zscore,0.0443233996629715,0.0015460444604850898,1,balanced,62
43,2023-07-31,fund__net_debt_to_assets_zscore,0.0,0.0,0,balanced,62
43,2023-07-31,fund__net_income_growth_acceleration_missing,0.0,0.0,0,balanced,62
43,2023-07-31,fund__net_income_growth_acceleration_sector_zscore,0.09304090216755867,0.0032453596179099066,2,balanced,62
43,2023-07-31,fund__net_income_growth_acceleration_zscore,0.3231266029179096,0.011270978721741575,7,balanced,62
43,2023-07-31,fund__net_income_growth_yoy_missing,0.0,0.0,0,balanced,62
43,2023-07-31,fund__net_income_growth_yoy_sector_zscore,0.4195985980331898,0.014636018289419997,11,balanced,62
43,2023-07-31,fund__net_income_growth_yoy_zscore,0.4844912961125374,0.016899540427937763,8,balanced,62
43,2023-07-31,fund__net_margin_missing,0.0,0.0,0,balanced,62
43,2023-07-31,fund__net_margin_sector_zscore,0.08463849872350693,0.0029522753915596093,2,balanced,62
43,2023-07-31,fund__net_margin_zscore,0.032288599759340286,0.0011262586167651739,1,balanced,62
43,2023-07-31,fund__operating_cash_flow_growth_acceleration_missing,0.0,0.0,0,balanced,62
43,2023-07-31,fund__operating_cash_flow_growth_acceleration_sector_zscore,0.24110380187630653,0.00840994147847747,3,balanced,62
43,2023-07-31,fund__operating_cash_flow_growth_acceleration_zscore,0.088526900857687,0.003087906742615691,2,balanced,62
43,2023-07-31,fund__operating_cash_flow_growth_yoy_missing,0.0,0.0,0,balanced,62
43,2023-07-31,fund__operating_cash_flow_growth_yoy_sector_zscore,0.3596828952431679,0.012546098718742954,4,balanced,62
43,2023-07-31,fund__operating_cash_flow_growth_yoy_zscore,0.3090713955461979,0.010780719047094873,6,balanced,62
43,2023-07-31,fund__operating_margin_missing,0.0,0.0,0,balanced,62
43,2023-07-31,fund__operating_margin_sector_zscore,0.0,0.0,0,balanced,62
43,2023-07-31,fund__operating_margin_zscore,0.09068360179662704,0.0031631346259668146,2,balanced,62
43,2023-07-31,fund__revenue_growth_acceleration_missing,0.0,0.0,0,balanced,62
43,2023-07-31,fund__revenue_growth_acceleration_sector_zscore,0.10821079835295677,0.0037745007519813965,2,balanced,62
43,2023-07-31,fund__revenue_growth_acceleration_zscore,1.8907700907438993,0.0659519496941386,22,balanced,62
43,2023-07-31,fund__revenue_growth_yoy_missing,0.0,0.0,0,balanced,62
43,2023-07-31,fund__revenue_growth_yoy_sector_zscore,0.34297389909625053,0.011963272240412378,8,balanced,62
43,2023-07-31,fund__revenue_growth_yoy_zscore,0.07182960212230682,0.002505488281685554,1,balanced,62
43,2023-07-31,fund__roa_missing,0.0,0.0,0,balanced,62
43,2023-07-31,fund__roa_sector_zscore,0.09326669946312904,0.0032532356531568313,2,balanced,62
43,2023-07-31,fund__roa_zscore,0.20302520133554935,0.00708172185009359,5,balanced,62
43,2023-07-31,fund__roe_missing,0.0,0.0,0,balanced,62
43,2023-07-31,fund__roe_sector_zscore,0.06980359926819801,0.0024348192781041642,2,balanced,62
43,2023-07-31,fund__roe_zscore,0.3158586025238037,0.011017463607071835,7,balanced,62
43,2023-07-31,fund__sales_yield_missing,0.0,0.0,0,balanced,62
43,2023-07-31,fund__sales_yield_sector_zscore,0.31452249735593796,0.010970858924012516,7,balanced,62
43,2023-07-31,fund__sales_yield_zscore,2.415151499211788,0.08424289709230119,35,balanced,62
43,2023-07-31,tech__amihud_illiquidity_20d_sector_neutral,0.46264089830219746,0.01613737672319168,11,balanced,62
43,2023-07-31,tech__average_dollar_volume_20d_sector_neutral,0.28272250294685364,0.009861643349993851,4,balanced,62
43,2023-07-31,tech__beta_60d_market_sector_neutral,0.6487141028046608,0.022627795988257062,11,balanced,62
43,2023-07-31,tech__distance_sma_200d_sector_neutral,2.5158880054950714,0.08775668706987824,18,balanced,62
43,2023-07-31,tech__distance_sma_50d_sector_neutral,0.06855769827961922,0.0023913610069347183,2,balanced,62
43,2023-07-31,tech__dollar_volume_change_20d_60d_sector_neutral,0.15131479874253273,0.005278011347598542,3,balanced,62
43,2023-07-31,tech__downside_volatility_60d_sector_neutral,0.29255739971995354,0.010204694374759815,5,balanced,62
43,2023-07-31,tech__max_drawdown_126d_sector_neutral,1.9048937913030386,0.06644459847958928,26,balanced,62
43,2023-07-31,tech__momentum_12_1_sector_neutral,0.12756969965994358,0.004449758569620063,3,balanced,62
43,2023-07-31,tech__momentum_6_1_sector_neutral,3.6920167095959187,0.12878123125238822,25,balanced,62
43,2023-07-31,tech__positive_day_ratio_60d_sector_neutral,0.27856389805674553,0.009716587056871348,4,balanced,62
43,2023-07-31,tech__return_1m_sector_neutral,0.07171479985117912,0.002501483863778135,2,balanced,62
43,2023-07-31,tech__return_1w_sector_neutral,0.6601760983467102,0.0230276018435984,12,balanced,62
43,2023-07-31,tech__return_3m_sector_neutral,0.7718574032187462,0.026923157330092463,15,balanced,62
43,2023-07-31,tech__reversal_1m_sector_neutral,0.039815500378608704,0.0013888044299367075,1,balanced,62
43,2023-07-31,tech__sma_50_200_spread_sector_neutral,1.2838170789182186,0.044780822279655325,17,balanced,62
43,2023-07-31,tech__volatility_20d_sector_neutral,0.2705221027135849,0.009436081201337099,5,balanced,62
43,2023-07-31,tech__volatility_60d_sector_neutral,0.9588817059993744,0.0334467518532724,10,balanced,62
43,2023-07-31,tech__zero_volume_ratio_60d_sector_neutral,0.0,0.0,0,balanced,62
44,2023-08-31,fund__accruals_missing,0.0,0.0,0,flexible,59
44,2023-08-31,fund__accruals_sector_zscore,0.46128389798104763,0.011392477896862424,9,flexible,59
44,2023-08-31,fund__accruals_zscore,0.5178069956600666,0.01278844715524932,13,flexible,59
44,2023-08-31,fund__asset_growth_yoy_missing,0.0,0.0,0,flexible,59
44,2023-08-31,fund__asset_growth_yoy_sector_zscore,0.06073389947414398,0.0014999647947344515,2,flexible,59
44,2023-08-31,fund__asset_growth_yoy_zscore,1.1865455098450184,0.02930449892939059,21,flexible,59
44,2023-08-31,fund__book_to_market_missing,0.0,0.0,0,flexible,59
44,2023-08-31,fund__book_to_market_sector_zscore,0.7413918003439903,0.018310393524035334,12,flexible,59
44,2023-08-31,fund__book_to_market_zscore,0.6348511800169945,0.015679125301784964,5,flexible,59
44,2023-08-31,fund__capex_to_assets_missing,0.0,0.0,0,flexible,59
44,2023-08-31,fund__capex_to_assets_sector_zscore,0.12834765762090683,0.0031698436883663417,3,flexible,59
44,2023-08-31,fund__capex_to_assets_zscore,1.1284286081790924,0.027869166977503572,21,flexible,59
44,2023-08-31,fund__cash_conversion_missing,0.0,0.0,0,flexible,59
44,2023-08-31,fund__cash_conversion_sector_zscore,0.4361223950982094,0.01077105610715939,8,flexible,59
44,2023-08-31,fund__cash_conversion_zscore,0.5748153030872345,0.014196399796007295,10,flexible,59
44,2023-08-31,fund__current_ratio_missing,0.0,0.0,0,flexible,59
44,2023-08-31,fund__current_ratio_sector_zscore,0.22208379954099655,0.005484875558404989,3,flexible,59
44,2023-08-31,fund__current_ratio_zscore,0.6671596951782703,0.016477059169553318,8,flexible,59
44,2023-08-31,fund__debt_to_assets_missing,0.0,0.0,0,flexible,59
44,2023-08-31,fund__debt_to_assets_sector_zscore,0.10131640359759331,0.0025022440488971886,2,flexible,59
44,2023-08-31,fund__debt_to_assets_zscore,0.19990060105919838,0.0049370099175453964,3,flexible,59
44,2023-08-31,fund__earnings_yield_missing,0.0,0.0,0,flexible,59
44,2023-08-31,fund__earnings_yield_sector_zscore,0.37242309749126434,0.009197853913870175,6,flexible,59
44,2023-08-31,fund__earnings_yield_zscore,0.35325590148568153,0.00872447546343182,7,flexible,59
44,2023-08-31,fund__fcf_yield_missing,0.0,0.0,0,flexible,59
44,2023-08-31,fund__fcf_yield_sector_zscore,0.4264002051204443,0.01053094403102675,7,flexible,59
44,2023-08-31,fund__fcf_yield_zscore,0.14086540043354034,0.0034789984386962456,3,flexible,59
44,2023-08-31,fund__gross_margin_missing,0.0,0.0,0,flexible,59
44,2023-08-31,fund__gross_margin_sector_zscore,0.4186321087181568,0.010339092837106705,5,flexible,59
44,2023-08-31,fund__gross_margin_zscore,0.2831290028989315,0.006992528726028281,4,flexible,59
44,2023-08-31,fund__gross_profitability_missing,0.0,0.0,0,flexible,59
44,2023-08-31,fund__gross_profitability_sector_zscore,0.8456284962594509,0.020884760978560367,10,flexible,59
44,2023-08-31,fund__gross_profitability_zscore,0.037380900233983994,0.0009232082054985996,1,flexible,59
44,2023-08-31,fund__interest_coverage_missing,0.0,0.0,0,flexible,59
44,2023-08-31,fund__interest_coverage_sector_zscore,0.04305259883403778,0.001063283983607449,1,flexible,59
44,2023-08-31,fund__interest_coverage_zscore,0.19263889640569687,0.004757665244729702,3,flexible,59
44,2023-08-31,fund__net_debt_to_assets_missing,0.0,0.0,0,flexible,59
44,2023-08-31,fund__net_debt_to_assets_sector_zscore,0.11746950447559357,0.00290118241532152,2,flexible,59
44,2023-08-31,fund__net_debt_to_assets_zscore,0.07509169727563858,0.0018545639793517035,2,flexible,59
44,2023-08-31,fund__net_income_growth_acceleration_missing,0.0,0.0,0,flexible,59
44,2023-08-31,fund__net_income_growth_acceleration_sector_zscore,0.16686249896883965,0.00412105720498364,3,flexible,59
44,2023-08-31,fund__net_income_growth_acceleration_zscore,0.13970409706234932,0.0034503173530443265,4,flexible,59
44,2023-08-31,fund__net_income_growth_yoy_missing,0.0,0.0,0,flexible,59
44,2023-08-31,fund__net_income_growth_yoy_sector_zscore,1.013228802010417,0.02502404003671148,20,flexible,59
44,2023-08-31,fund__net_income_growth_yoy_zscore,0.19670889899134636,0.004858183417378099,3,flexible,59
44,2023-08-31,fund__net_margin_missing,0.0,0.0,0,flexible,59
44,2023-08-31,fund__net_margin_sector_zscore,0.3404675982892513,0.008408638595634427,5,flexible,59
44,2023-08-31,fund__net_margin_zscore,0.33170020394027233,0.008192107416525454,4,flexible,59
44,2023-08-31,fund__operating_cash_flow_growth_acceleration_missing,0.0,0.0,0,flexible,59
44,2023-08-31,fund__operating_cash_flow_growth_acceleration_sector_zscore,0.5236573033034801,0.012932934098776173,9,flexible,59
44,2023-08-31,fund__operating_cash_flow_growth_acceleration_zscore,0.17668690159916878,0.004363693660116311,3,flexible,59
44,2023-08-31,fund__operating_cash_flow_growth_yoy_missing,0.0,0.0,0,flexible,59
44,2023-08-31,fund__operating_cash_flow_growth_yoy_sector_zscore,0.3977316990494728,0.009822908647222765,6,flexible,59
44,2023-08-31,fund__operating_cash_flow_growth_yoy_zscore,0.3650144040584564,0.00901487901154362,5,flexible,59
44,2023-08-31,fund__operating_margin_missing,0.0,0.0,0,flexible,59
44,2023-08-31,fund__operating_margin_sector_zscore,0.0,0.0,0,flexible,59
44,2023-08-31,fund__operating_margin_zscore,0.45621749944984913,0.011267351410687642,8,flexible,59
44,2023-08-31,fund__revenue_growth_acceleration_missing,0.0,0.0,0,flexible,59
44,2023-08-31,fund__revenue_growth_acceleration_sector_zscore,0.7382052093744278,0.018231693254318625,8,flexible,59
44,2023-08-31,fund__revenue_growth_acceleration_zscore,2.3957944065332413,0.059169710760157486,29,flexible,59
44,2023-08-31,fund__revenue_growth_yoy_missing,0.0,0.0,0,flexible,59
44,2023-08-31,fund__revenue_growth_yoy_sector_zscore,0.8316508047282696,0.020539549401665726,18,flexible,59
44,2023-08-31,fund__revenue_growth_yoy_zscore,0.1733528021723032,0.004281350326232871,6,flexible,59
44,2023-08-31,fund__roa_missing,0.0,0.0,0,flexible,59
44,2023-08-31,fund__roa_sector_zscore,0.19653580337762833,0.004853908418918458,4,flexible,59
44,2023-08-31,fund__roa_zscore,0.18804890289902687,0.004644304687813778,5,flexible,59
44,2023-08-31,fund__roe_missing,0.0,0.0,0,flexible,59
44,2023-08-31,fund__roe_sector_zscore,0.36444199830293655,0.009000742121124642,4,flexible,59
44,2023-08-31,fund__roe_zscore,0.45577879808843136,0.011256516661013634,8,flexible,59
44,2023-08-31,fund__sales_yield_missing,0.0,0.0,0,flexible,59
44,2023-08-31,fund__sales_yield_sector_zscore,0.46882649324834347,0.011578759816183132,8,flexible,59
44,2023-08-31,fund__sales_yield_zscore,2.4642676934599876,0.060860817714579137,41,flexible,59
44,2023-08-31,tech__amihud_illiquidity_20d_sector_neutral,0.4026018027216196,0.00994318717565872,9,flexible,59
44,2023-08-31,tech__average_dollar_volume_20d_sector_neutral,0.2827610932290554,0.006983442341698695,5,flexible,59
44,2023-08-31,tech__beta_60d_market_sector_neutral,1.1885859053581953,0.0293548912385227,21,flexible,59
44,2023-08-31,tech__distance_sma_200d_sector_neutral,2.7833816930651665,0.06874207956437112,27,flexible,59
44,2023-08-31,tech__distance_sma_50d_sector_neutral,0.5390978008508682,0.013314273069841676,10,flexible,59
44,2023-08-31,tech__dollar_volume_change_20d_60d_sector_neutral,0.39077149890363216,0.009651010328928365,7,flexible,59
44,2023-08-31,tech__downside_volatility_60d_sector_neutral,0.29931010119616985,0.0073921585537874545,7,flexible,59
44,2023-08-31,tech__max_drawdown_126d_sector_neutral,2.034608693793416,0.05024939017870935,27,flexible,59
44,2023-08-31,tech__momentum_12_1_sector_neutral,0.31335619557648897,0.00773905949801162,9,flexible,59
44,2023-08-31,tech__momentum_6_1_sector_neutral,3.726602468639612,0.09203710868770462,23,flexible,59
44,2023-08-31,tech__positive_day_ratio_60d_sector_neutral,0.29737610183656216,0.0073443939449352675,6,flexible,59
44,2023-08-31,tech__return_1m_sector_neutral,0.24507679790258408,0.006052741089292743,5,flexible,59
44,2023-08-31,tech__return_1w_sector_neutral,0.6156812999397516,0.01520568056195911,9,flexible,59
44,2023-08-31,tech__return_3m_sector_neutral,1.2625327054411173,0.03118117932092831,20,flexible,59
44,2023-08-31,tech__reversal_1m_sector_neutral,0.09411999955773354,0.0023245121264957648,2,flexible,59
44,2023-08-31,tech__sma_50_200_spread_sector_neutral,1.239321805536747,0.030607932205032475,18,flexible,59
44,2023-08-31,tech__volatility_20d_sector_neutral,0.7646630983799696,0.01888513231215814,12,flexible,59
44,2023-08-31,tech__volatility_60d_sector_neutral,1.2587291914969683,0.03108724270460856,17,flexible,59
44,2023-08-31,tech__zero_volume_ratio_60d_sector_neutral,0.0,0.0,0,flexible,59
45,2023-09-29,fund__accruals_missing,0.0,0.0,0,flexible,59
45,2023-09-29,fund__accruals_sector_zscore,0.46128389798104763,0.011392477896862424,9,flexible,59
45,2023-09-29,fund__accruals_zscore,0.5178069956600666,0.01278844715524932,13,flexible,59
45,2023-09-29,fund__asset_growth_yoy_missing,0.0,0.0,0,flexible,59
45,2023-09-29,fund__asset_growth_yoy_sector_zscore,0.06073389947414398,0.0014999647947344515,2,flexible,59
45,2023-09-29,fund__asset_growth_yoy_zscore,1.1865455098450184,0.02930449892939059,21,flexible,59
45,2023-09-29,fund__book_to_market_missing,0.0,0.0,0,flexible,59
45,2023-09-29,fund__book_to_market_sector_zscore,0.7413918003439903,0.018310393524035334,12,flexible,59
45,2023-09-29,fund__book_to_market_zscore,0.6348511800169945,0.015679125301784964,5,flexible,59
45,2023-09-29,fund__capex_to_assets_missing,0.0,0.0,0,flexible,59
45,2023-09-29,fund__capex_to_assets_sector_zscore,0.12834765762090683,0.0031698436883663417,3,flexible,59
45,2023-09-29,fund__capex_to_assets_zscore,1.1284286081790924,0.027869166977503572,21,flexible,59
45,2023-09-29,fund__cash_conversion_missing,0.0,0.0,0,flexible,59
45,2023-09-29,fund__cash_conversion_sector_zscore,0.4361223950982094,0.01077105610715939,8,flexible,59
45,2023-09-29,fund__cash_conversion_zscore,0.5748153030872345,0.014196399796007295,10,flexible,59
45,2023-09-29,fund__current_ratio_missing,0.0,0.0,0,flexible,59
45,2023-09-29,fund__current_ratio_sector_zscore,0.22208379954099655,0.005484875558404989,3,flexible,59
45,2023-09-29,fund__current_ratio_zscore,0.6671596951782703,0.016477059169553318,8,flexible,59
45,2023-09-29,fund__debt_to_assets_missing,0.0,0.0,0,flexible,59
45,2023-09-29,fund__debt_to_assets_sector_zscore,0.10131640359759331,0.0025022440488971886,2,flexible,59
45,2023-09-29,fund__debt_to_assets_zscore,0.19990060105919838,0.0049370099175453964,3,flexible,59
45,2023-09-29,fund__earnings_yield_missing,0.0,0.0,0,flexible,59
45,2023-09-29,fund__earnings_yield_sector_zscore,0.37242309749126434,0.009197853913870175,6,flexible,59
45,2023-09-29,fund__earnings_yield_zscore,0.35325590148568153,0.00872447546343182,7,flexible,59
45,2023-09-29,fund__fcf_yield_missing,0.0,0.0,0,flexible,59
45,2023-09-29,fund__fcf_yield_sector_zscore,0.4264002051204443,0.01053094403102675,7,flexible,59
45,2023-09-29,fund__fcf_yield_zscore,0.14086540043354034,0.0034789984386962456,3,flexible,59
45,2023-09-29,fund__gross_margin_missing,0.0,0.0,0,flexible,59
45,2023-09-29,fund__gross_margin_sector_zscore,0.4186321087181568,0.010339092837106705,5,flexible,59
45,2023-09-29,fund__gross_margin_zscore,0.2831290028989315,0.006992528726028281,4,flexible,59
45,2023-09-29,fund__gross_profitability_missing,0.0,0.0,0,flexible,59
45,2023-09-29,fund__gross_profitability_sector_zscore,0.8456284962594509,0.020884760978560367,10,flexible,59
45,2023-09-29,fund__gross_profitability_zscore,0.037380900233983994,0.0009232082054985996,1,flexible,59
45,2023-09-29,fund__interest_coverage_missing,0.0,0.0,0,flexible,59
45,2023-09-29,fund__interest_coverage_sector_zscore,0.04305259883403778,0.001063283983607449,1,flexible,59
45,2023-09-29,fund__interest_coverage_zscore,0.19263889640569687,0.004757665244729702,3,flexible,59
45,2023-09-29,fund__net_debt_to_assets_missing,0.0,0.0,0,flexible,59
45,2023-09-29,fund__net_debt_to_assets_sector_zscore,0.11746950447559357,0.00290118241532152,2,flexible,59
45,2023-09-29,fund__net_debt_to_assets_zscore,0.07509169727563858,0.0018545639793517035,2,flexible,59
45,2023-09-29,fund__net_income_growth_acceleration_missing,0.0,0.0,0,flexible,59
45,2023-09-29,fund__net_income_growth_acceleration_sector_zscore,0.16686249896883965,0.00412105720498364,3,flexible,59
45,2023-09-29,fund__net_income_growth_acceleration_zscore,0.13970409706234932,0.0034503173530443265,4,flexible,59
45,2023-09-29,fund__net_income_growth_yoy_missing,0.0,0.0,0,flexible,59
45,2023-09-29,fund__net_income_growth_yoy_sector_zscore,1.013228802010417,0.02502404003671148,20,flexible,59
45,2023-09-29,fund__net_income_growth_yoy_zscore,0.19670889899134636,0.004858183417378099,3,flexible,59
45,2023-09-29,fund__net_margin_missing,0.0,0.0,0,flexible,59
45,2023-09-29,fund__net_margin_sector_zscore,0.3404675982892513,0.008408638595634427,5,flexible,59
45,2023-09-29,fund__net_margin_zscore,0.33170020394027233,0.008192107416525454,4,flexible,59
45,2023-09-29,fund__operating_cash_flow_growth_acceleration_missing,0.0,0.0,0,flexible,59
45,2023-09-29,fund__operating_cash_flow_growth_acceleration_sector_zscore,0.5236573033034801,0.012932934098776173,9,flexible,59
45,2023-09-29,fund__operating_cash_flow_growth_acceleration_zscore,0.17668690159916878,0.004363693660116311,3,flexible,59
45,2023-09-29,fund__operating_cash_flow_growth_yoy_missing,0.0,0.0,0,flexible,59
45,2023-09-29,fund__operating_cash_flow_growth_yoy_sector_zscore,0.3977316990494728,0.009822908647222765,6,flexible,59
45,2023-09-29,fund__operating_cash_flow_growth_yoy_zscore,0.3650144040584564,0.00901487901154362,5,flexible,59
45,2023-09-29,fund__operating_margin_missing,0.0,0.0,0,flexible,59
45,2023-09-29,fund__operating_margin_sector_zscore,0.0,0.0,0,flexible,59
45,2023-09-29,fund__operating_margin_zscore,0.45621749944984913,0.011267351410687642,8,flexible,59
45,2023-09-29,fund__revenue_growth_acceleration_missing,0.0,0.0,0,flexible,59
45,2023-09-29,fund__revenue_growth_acceleration_sector_zscore,0.7382052093744278,0.018231693254318625,8,flexible,59
45,2023-09-29,fund__revenue_growth_acceleration_zscore,2.3957944065332413,0.059169710760157486,29,flexible,59
45,2023-09-29,fund__revenue_growth_yoy_missing,0.0,0.0,0,flexible,59
45,2023-09-29,fund__revenue_growth_yoy_sector_zscore,0.8316508047282696,0.020539549401665726,18,flexible,59
45,2023-09-29,fund__revenue_growth_yoy_zscore,0.1733528021723032,0.004281350326232871,6,flexible,59
45,2023-09-29,fund__roa_missing,0.0,0.0,0,flexible,59
45,2023-09-29,fund__roa_sector_zscore,0.19653580337762833,0.004853908418918458,4,flexible,59
45,2023-09-29,fund__roa_zscore,0.18804890289902687,0.004644304687813778,5,flexible,59
45,2023-09-29,fund__roe_missing,0.0,0.0,0,flexible,59
45,2023-09-29,fund__roe_sector_zscore,0.36444199830293655,0.009000742121124642,4,flexible,59
45,2023-09-29,fund__roe_zscore,0.45577879808843136,0.011256516661013634,8,flexible,59
45,2023-09-29,fund__sales_yield_missing,0.0,0.0,0,flexible,59
45,2023-09-29,fund__sales_yield_sector_zscore,0.46882649324834347,0.011578759816183132,8,flexible,59
45,2023-09-29,fund__sales_yield_zscore,2.4642676934599876,0.060860817714579137,41,flexible,59
45,2023-09-29,tech__amihud_illiquidity_20d_sector_neutral,0.4026018027216196,0.00994318717565872,9,flexible,59
45,2023-09-29,tech__average_dollar_volume_20d_sector_neutral,0.2827610932290554,0.006983442341698695,5,flexible,59
45,2023-09-29,tech__beta_60d_market_sector_neutral,1.1885859053581953,0.0293548912385227,21,flexible,59
45,2023-09-29,tech__distance_sma_200d_sector_neutral,2.7833816930651665,0.06874207956437112,27,flexible,59
45,2023-09-29,tech__distance_sma_50d_sector_neutral,0.5390978008508682,0.013314273069841676,10,flexible,59
45,2023-09-29,tech__dollar_volume_change_20d_60d_sector_neutral,0.39077149890363216,0.009651010328928365,7,flexible,59
45,2023-09-29,tech__downside_volatility_60d_sector_neutral,0.29931010119616985,0.0073921585537874545,7,flexible,59
45,2023-09-29,tech__max_drawdown_126d_sector_neutral,2.034608693793416,0.05024939017870935,27,flexible,59
45,2023-09-29,tech__momentum_12_1_sector_neutral,0.31335619557648897,0.00773905949801162,9,flexible,59
45,2023-09-29,tech__momentum_6_1_sector_neutral,3.726602468639612,0.09203710868770462,23,flexible,59
45,2023-09-29,tech__positive_day_ratio_60d_sector_neutral,0.29737610183656216,0.0073443939449352675,6,flexible,59
45,2023-09-29,tech__return_1m_sector_neutral,0.24507679790258408,0.006052741089292743,5,flexible,59
45,2023-09-29,tech__return_1w_sector_neutral,0.6156812999397516,0.01520568056195911,9,flexible,59
45,2023-09-29,tech__return_3m_sector_neutral,1.2625327054411173,0.03118117932092831,20,flexible,59
45,2023-09-29,tech__reversal_1m_sector_neutral,0.09411999955773354,0.0023245121264957648,2,flexible,59
45,2023-09-29,tech__sma_50_200_spread_sector_neutral,1.239321805536747,0.030607932205032475,18,flexible,59
45,2023-09-29,tech__volatility_20d_sector_neutral,0.7646630983799696,0.01888513231215814,12,flexible,59
45,2023-09-29,tech__volatility_60d_sector_neutral,1.2587291914969683,0.03108724270460856,17,flexible,59
45,2023-09-29,tech__zero_volume_ratio_60d_sector_neutral,0.0,0.0,0,flexible,59
46,2023-10-31,fund__accruals_missing,0.0,0.0,0,flexible,29
46,2023-10-31,fund__accruals_sector_zscore,0.41642874106764793,0.017328075802780365,5,flexible,29
46,2023-10-31,fund__accruals_zscore,0.3726418036967516,0.015506051299886525,8,flexible,29
46,2023-10-31,fund__asset_growth_yoy_missing,0.0,0.0,0,flexible,29
46,2023-10-31,fund__asset_growth_yoy_sector_zscore,0.11346159875392914,0.004721266785938174,3,flexible,29
46,2023-10-31,fund__asset_growth_yoy_zscore,0.7408837955445051,0.030829021400713773,13,flexible,29
46,2023-10-31,fund__book_to_market_missing,0.0,0.0,0,flexible,29
46,2023-10-31,fund__book_to_market_sector_zscore,0.27385690435767174,0.011395498748857072,6,flexible,29
46,2023-10-31,fund__book_to_market_zscore,1.2068764008581638,0.050219506235425176,9,flexible,29
46,2023-10-31,fund__capex_to_assets_missing,0.0,0.0,0,flexible,29
46,2023-10-31,fund__capex_to_assets_sector_zscore,0.14640959724783897,0.00609227065562453,3,flexible,29
46,2023-10-31,fund__capex_to_assets_zscore,0.5810267142951488,0.02417718556825359,11,flexible,29
46,2023-10-31,fund__cash_conversion_missing,0.0,0.0,0,flexible,29
46,2023-10-31,fund__cash_conversion_sector_zscore,0.17004000023007393,0.007075558728096686,3,flexible,29
46,2023-10-31,fund__cash_conversion_zscore,0.4634990990161896,0.01928672718814148,8,flexible,29
46,2023-10-31,fund__current_ratio_missing,0.0,0.0,0,flexible,29
46,2023-10-31,fund__current_ratio_sector_zscore,0.20570619404315948,0.008559669811316577,2,flexible,29
46,2023-10-31,fund__current_ratio_zscore,0.4030830040574074,0.016772744434526286,4,flexible,29
46,2023-10-31,fund__debt_to_assets_missing,0.0,0.0,0,flexible,29
46,2023-10-31,fund__debt_to_assets_sector_zscore,0.0,0.0,0,flexible,29
46,2023-10-31,fund__debt_to_assets_zscore,0.035585399717092514,0.001480749148555643,1,flexible,29
46,2023-10-31,fund__earnings_yield_missing,0.0,0.0,0,flexible,29
46,2023-10-31,fund__earnings_yield_sector_zscore,0.09468100219964981,0.0039397847012010824,1,flexible,29
46,2023-10-31,fund__earnings_yield_zscore,0.12099729850888252,0.005034835864398139,2,flexible,29
46,2023-10-31,fund__fcf_yield_missing,0.0,0.0,0,flexible,29
46,2023-10-31,fund__fcf_yield_sector_zscore,0.05599220097064972,0.002329899469225919,1,flexible,29
46,2023-10-31,fund__fcf_yield_zscore,0.07053150236606598,0.002934896415530152,1,flexible,29
46,2023-10-31,fund__gross_margin_missing,0.0,0.0,0,flexible,29
46,2023-10-31,fund__gross_margin_sector_zscore,0.1466347984969616,0.006101641536956286,2,flexible,29
46,2023-10-31,fund__gross_margin_zscore,0.24197159707546234,0.01006871467491316,3,flexible,29
46,2023-10-31,fund__gross_profitability_missing,0.0501088984310627,0.002085088527225897,1,flexible,29
46,2023-10-31,fund__gross_profitability_sector_zscore,0.0778077021241188,0.003237667402567355,1,flexible,29
46,2023-10-31,fund__gross_profitability_zscore,0.0,0.0,0,flexible,29
46,2023-10-31,fund__interest_coverage_missing,0.0,0.0,0,flexible,29
46,2023-10-31,fund__interest_coverage_sector_zscore,0.1052091009914875,0.004377870923243303,2,flexible,29
46,2023-10-31,fund__interest_coverage_zscore,0.0,0.0,0,flexible,29
46,2023-10-31,fund__net_debt_to_assets_missing,0.0,0.0,0,flexible,29
46,2023-10-31,fund__net_debt_to_assets_sector_zscore,0.0,0.0,0,flexible,29
46,2023-10-31,fund__net_debt_to_assets_zscore,0.0,0.0,0,flexible,29
46,2023-10-31,fund__net_income_growth_acceleration_missing,0.0,0.0,0,flexible,29
46,2023-10-31,fund__net_income_growth_acceleration_sector_zscore,0.037304699420928955,0.001552291174015735,1,flexible,29
46,2023-10-31,fund__net_income_growth_acceleration_zscore,0.12990830093622208,0.005405632858726193,3,flexible,29
46,2023-10-31,fund__net_income_growth_yoy_missing,0.0,0.0,0,flexible,29
46,2023-10-31,fund__net_income_growth_yoy_sector_zscore,0.08824639767408371,0.0036720334535469005,2,flexible,29
46,2023-10-31,fund__net_income_growth_yoy_zscore,0.20774959959089756,0.008644698251323496,4,flexible,29
46,2023-10-31,fund__net_margin_missing,0.0,0.0,0,flexible,29
46,2023-10-31,fund__net_margin_sector_zscore,0.2774039953947067,0.011543097260457214,2,flexible,29
46,2023-10-31,fund__net_margin_zscore,0.17508109658956528,0.0072853245084854995,3,flexible,29
46,2023-10-31,fund__operating_cash_flow_growth_acceleration_missing,0.0,0.0,0,flexible,29
46,2023-10-31,fund__operating_cash_flow_growth_acceleration_sector_zscore,0.31391049921512604,0.013062174603372778,3,flexible,29
46,2023-10-31,fund__operating_cash_flow_growth_acceleration_zscore,0.0689873993396759,0.002870644524030081,1,flexible,29
46,2023-10-31,fund__operating_cash_flow_growth_yoy_missing,0.0,0.0,0,flexible,29
46,2023-10-31,fund__operating_cash_flow_growth_yoy_sector_zscore,0.12879659980535507,0.005359373704239613,3,flexible,29
46,2023-10-31,fund__operating_cash_flow_growth_yoy_zscore,0.08028429746627808,0.003340721364961313,1,flexible,29
46,2023-10-31,fund__operating_margin_missing,0.0,0.0,0,flexible,29
46,2023-10-31,fund__operating_margin_sector_zscore,0.13739700615406036,0.005717246440792323,1,flexible,29
46,2023-10-31,fund__operating_margin_zscore,0.09179370105266571,0.003819640800921472,2,flexible,29
46,2023-10-31,fund__revenue_growth_acceleration_missing,0.0,0.0,0,flexible,29
46,2023-10-31,fund__revenue_growth_acceleration_sector_zscore,0.23303990438580513,0.009697056735125623,3,flexible,29
46,2023-10-31,fund__revenue_growth_acceleration_zscore,1.557061105966568,0.06479109199949946,15,flexible,29
46,2023-10-31,fund__revenue_growth_yoy_missing,0.0,0.0,0,flexible,29
46,2023-10-31,fund__revenue_growth_yoy_sector_zscore,0.3495120033621788,0.014543593875662909,6,flexible,29
46,2023-10-31,fund__revenue_growth_yoy_zscore,0.18088949844241142,0.007527018747315134,3,flexible,29
46,2023-10-31,fund__roa_missing,0.0,0.0,0,flexible,29
46,2023-10-31,fund__roa_sector_zscore,0.10019000247120857,0.004169020498082836,2,flexible,29
46,2023-10-31,fund__roa_zscore,0.24347710236907005,0.010131360470643391,4,flexible,29
46,2023-10-31,fund__roe_missing,0.0,0.0,0,flexible,29
46,2023-10-31,fund__roe_sector_zscore,0.14267000555992126,0.005936661971955025,1,flexible,29
46,2023-10-31,fund__roe_zscore,0.34908010344952345,0.014525622026730198,6,flexible,29
46,2023-10-31,fund__sales_yield_missing,0.0,0.0,0,flexible,29
46,2023-10-31,fund__sales_yield_sector_zscore,0.2451494000852108,0.010200946689682475,6,flexible,29
46,2023-10-31,fund__sales_yield_zscore,1.3069044947624207,0.05438178953301108,20,flexible,29
46,2023-10-31,tech__amihud_illiquidity_20d_sector_neutral,0.23428769782185555,0.009748978845954617,5,flexible,29
46,2023-10-31,tech__average_dollar_volume_20d_sector_neutral,0.3103506974875927,0.012914047185415464,6,flexible,29
46,2023-10-31,tech__beta_60d_market_sector_neutral,0.4665779024362564,0.01941483971684927,8,flexible,29
46,2023-10-31,tech__distance_sma_200d_sector_neutral,1.9116709791123867,0.0795468140626096,17,flexible,29
46,2023-10-31,tech__distance_sma_50d_sector_neutral,0.15150650218129158,0.006304358694552863,3,flexible,29
46,2023-10-31,tech__dollar_volume_change_20d_60d_sector_neutral,0.1251474991440773,0.005207530455600046,3,flexible,29
46,2023-10-31,tech__downside_volatility_60d_sector_neutral,0.07347670197486877,0.003057449536971315,1,flexible,29
46,2023-10-31,tech__max_drawdown_126d_sector_neutral,1.0847138017416,0.045136180881057746,14,flexible,29
46,2023-10-31,tech__momentum_12_1_sector_neutral,0.1930295005440712,0.008032178108131924,4,flexible,29
46,2023-10-31,tech__momentum_6_1_sector_neutral,3.4884801656007767,0.14515964626035815,17,flexible,29
46,2023-10-31,tech__positive_day_ratio_60d_sector_neutral,0.4611651040613651,0.019189606990825572,6,flexible,29
46,2023-10-31,tech__return_1m_sector_neutral,0.145914601162076,0.0060716733028236885,3,flexible,29
46,2023-10-31,tech__return_1w_sector_neutral,0.5082473047077656,0.02114875116437821,7,flexible,29
46,2023-10-31,tech__return_3m_sector_neutral,0.616449199616909,0.025651155662643938,9,flexible,29
46,2023-10-31,tech__reversal_1m_sector_neutral,0.035183899104595184,0.0014640422492422588,1,flexible,29
46,2023-10-31,tech__sma_50_200_spread_sector_neutral,1.030168104916811,0.0428664721023789,11,flexible,29
46,2023-10-31,tech__volatility_20d_sector_neutral,0.141336502507329,0.0058811733860343815,3,flexible,29
46,2023-10-31,tech__volatility_60d_sector_neutral,0.5160477012395859,0.02147333457821412,5,flexible,29
46,2023-10-31,tech__zero_volume_ratio_60d_sector_neutral,0.0,0.0,0,flexible,29
47,2023-11-30,fund__accruals_missing,0.0,0.0,0,balanced,51
47,2023-11-30,fund__accruals_sector_zscore,0.0,0.0,0,balanced,51
47,2023-11-30,fund__accruals_zscore,0.12984370067715645,0.005321649086011715,2,balanced,51
47,2023-11-30,fund__asset_growth_yoy_missing,0.0,0.0,0,balanced,51
47,2023-11-30,fund__asset_growth_yoy_sector_zscore,0.0,0.0,0,balanced,51
47,2023-11-30,fund__asset_growth_yoy_zscore,0.7141143977642059,0.02926800616703524,13,balanced,51
47,2023-11-30,fund__book_to_market_missing,0.0,0.0,0,balanced,51
47,2023-11-30,fund__book_to_market_sector_zscore,0.565224900841713,0.023165764386477876,10,balanced,51
47,2023-11-30,fund__book_to_market_zscore,0.4419040009379387,0.018111452542033342,4,balanced,51
47,2023-11-30,fund__capex_to_assets_missing,0.0,0.0,0,balanced,51
47,2023-11-30,fund__capex_to_assets_sector_zscore,0.04057589918375015,0.0016630047948355837,1,balanced,51
47,2023-11-30,fund__capex_to_assets_zscore,0.8672865033149719,0.03554577082759016,15,balanced,51
47,2023-11-30,fund__cash_conversion_missing,0.0,0.0,0,balanced,51
47,2023-11-30,fund__cash_conversion_sector_zscore,0.10697190091013908,0.004384247489393447,2,balanced,51
47,2023-11-30,fund__cash_conversion_zscore,0.5322651006281376,0.021814905702021412,11,balanced,51
47,2023-11-30,fund__current_ratio_missing,0.0,0.0,0,balanced,51
47,2023-11-30,fund__current_ratio_sector_zscore,0.0,0.0,0,balanced,51
47,2023-11-30,fund__current_ratio_zscore,0.3276316896080971,0.01342799744969181,4,balanced,51
47,2023-11-30,fund__debt_to_assets_missing,0.0,0.0,0,balanced,51
47,2023-11-30,fund__debt_to_assets_sector_zscore,0.0,0.0,0,balanced,51
47,2023-11-30,fund__debt_to_assets_zscore,0.20814930275082588,0.008531007210677774,5,balanced,51
47,2023-11-30,fund__earnings_yield_missing,0.0,0.0,0,balanced,51
47,2023-11-30,fund__earnings_yield_sector_zscore,0.5073429048061371,0.02079346854391608,8,balanced,51
47,2023-11-30,fund__earnings_yield_zscore,0.15414489805698395,0.006317634598985477,4,balanced,51
47,2023-11-30,fund__fcf_yield_missing,0.0,0.0,0,balanced,51
47,2023-11-30,fund__fcf_yield_sector_zscore,0.04833339899778366,0.0019809462242602795,1,balanced,51
47,2023-11-30,fund__fcf_yield_zscore,0.0,0.0,0,balanced,51
47,2023-11-30,fund__gross_margin_missing,0.0,0.0,0,balanced,51
47,2023-11-30,fund__gross_margin_sector_zscore,0.0,0.0,0,balanced,51
47,2023-11-30,fund__gross_margin_zscore,0.5323290973901749,0.02181752861178467,5,balanced,51
47,2023-11-30,fund__gross_profitability_missing,0.0,0.0,0,balanced,51
47,2023-11-30,fund__gross_profitability_sector_zscore,0.3481646925210953,0.014269543366938274,3,balanced,51
47,2023-11-30,fund__gross_profitability_zscore,0.0,0.0,0,balanced,51
47,2023-11-30,fund__interest_coverage_missing,0.0,0.0,0,balanced,51
47,2023-11-30,fund__interest_coverage_sector_zscore,0.06268669664859772,0.002569216682714233,1,balanced,51
47,2023-11-30,fund__interest_coverage_zscore,0.04078749939799309,0.0016716772377870183,1,balanced,51
47,2023-11-30,fund__net_debt_to_assets_missing,0.0,0.0,0,balanced,51
47,2023-11-30,fund__net_debt_to_assets_sector_zscore,0.0,0.0,0,balanced,51
47,2023-11-30,fund__net_debt_to_assets_zscore,0.0,0.0,0,balanced,51
47,2023-11-30,fund__net_income_growth_acceleration_missing,0.0,0.0,0,balanced,51
47,2023-11-30,fund__net_income_growth_acceleration_sector_zscore,0.18222329765558243,0.007468428890747692,2,balanced,51
47,2023-11-30,fund__net_income_growth_acceleration_zscore,0.040291499346494675,0.0016513486565239099,1,balanced,51
47,2023-11-30,fund__net_income_growth_yoy_missing,0.0,0.0,0,balanced,51
47,2023-11-30,fund__net_income_growth_yoy_sector_zscore,0.19668329693377018,0.008061072519519711,5,balanced,51
47,2023-11-30,fund__net_income_growth_yoy_zscore,0.0,0.0,0,balanced,51
47,2023-11-30,fund__net_margin_missing,0.0,0.0,0,balanced,51
47,2023-11-30,fund__net_margin_sector_zscore,0.07448800280690193,0.003052893671305586,2,balanced,51
47,2023-11-30,fund__net_margin_zscore,0.0,0.0,0,balanced,51
47,2023-11-30,fund__operating_cash_flow_growth_acceleration_missing,0.0,0.0,0,balanced,51
47,2023-11-30,fund__operating_cash_flow_growth_acceleration_sector_zscore,0.06915459781885147,0.0028343038619273136,1,balanced,51
47,2023-11-30,fund__operating_cash_flow_growth_acceleration_zscore,0.09512419998645782,0.0038986690095516377,2,balanced,51
47,2023-11-30,fund__operating_cash_flow_growth_yoy_missing,0.0,0.0,0,balanced,51
47,2023-11-30,fund__operating_cash_flow_growth_yoy_sector_zscore,0.15529479831457138,0.0063647633054447145,2,balanced,51
47,2023-11-30,fund__operating_cash_flow_growth_yoy_zscore,0.08637069910764694,0.0035399064380276573,2,balanced,51
47,2023-11-30,fund__operating_margin_missing,0.0,0.0,0,balanced,51
47,2023-11-30,fund__operating_margin_sector_zscore,0.0,0.0,0,balanced,51
47,2023-11-30,fund__operating_margin_zscore,0.1447903998196125,0.005934240127514101,3,balanced,51
47,2023-11-30,fund__revenue_growth_acceleration_missing,0.0,0.0,0,balanced,51
47,2023-11-30,fund__revenue_growth_acceleration_sector_zscore,0.37919680774211884,0.01554139580753976,4,balanced,51
47,2023-11-30,fund__revenue_growth_acceleration_zscore,1.430844897404313,0.05864323337047192,18,balanced,51
47,2023-11-30,fund__revenue_growth_yoy_missing,0.0,0.0,0,balanced,51
47,2023-11-30,fund__revenue_growth_yoy_sector_zscore,0.5320410029962659,0.02180572105192589,12,balanced,51
47,2023-11-30,fund__revenue_growth_yoy_zscore,0.13269540295004845,0.00543852621378125,4,balanced,51
47,2023-11-30,fund__roa_missing,0.0,0.0,0,balanced,51
47,2023-11-30,fund__roa_sector_zscore,0.0,0.0,0,balanced,51
47,2023-11-30,fund__roa_zscore,0.0,0.0,0,balanced,51
47,2023-11-30,fund__roe_missing,0.0,0.0,0,balanced,51
47,2023-11-30,fund__roe_sector_zscore,0.09659919887781143,0.003959121896069075,2,balanced,51
47,2023-11-30,fund__roe_zscore,0.07140109874308109,0.002926376789052798,3,balanced,51
47,2023-11-30,fund__sales_yield_missing,0.0,0.0,0,balanced,51
47,2023-11-30,fund__sales_yield_sector_zscore,0.3390271943062544,0.013895042649769507,8,balanced,51
47,2023-11-30,fund__sales_yield_zscore,1.9212707839906216,0.078743357269418,30,balanced,51
47,2023-11-30,tech__amihud_illiquidity_20d_sector_neutral,0.25780710205435753,0.010566234032609262,6,balanced,51
47,2023-11-30,tech__average_dollar_volume_20d_sector_neutral,0.108354602009058,0.00444091754732398,2,balanced,51
47,2023-11-30,tech__beta_60d_market_sector_neutral,0.23713849484920502,0.009719130368212658,4,balanced,51
47,2023-11-30,tech__distance_sma_200d_sector_neutral,1.7906744293868542,0.0733908606331613,17,balanced,51
47,2023-11-30,tech__distance_sma_50d_sector_neutral,0.14142199978232384,0.005796186121919106,3,balanced,51
47,2023-11-30,tech__dollar_volume_change_20d_60d_sector_neutral,0.14780790358781815,0.006057912635971291,3,balanced,51
47,2023-11-30,tech__downside_volatility_60d_sector_neutral,0.04739249870181084,0.001942383389298099,1,balanced,51
47,2023-11-30,tech__max_drawdown_126d_sector_neutral,1.7045626938343048,0.06986156782643889,24,balanced,51
47,2023-11-30,tech__momentum_12_1_sector_neutral,0.19358340092003345,0.007934023161697952,5,balanced,51
47,2023-11-30,tech__momentum_6_1_sector_neutral,4.422510270029306,0.1812567541870703,27,balanced,51
47,2023-11-30,tech__positive_day_ratio_60d_sector_neutral,0.23195139318704605,0.009506536806295375,3,balanced,51
47,2023-11-30,tech__return_1m_sector_neutral,0.048545099794864655,0.0019896227896032156,1,balanced,51
47,2023-11-30,tech__return_1w_sector_neutral,0.683134600520134,0.02799829798073931,10,balanced,51
47,2023-11-30,tech__return_3m_sector_neutral,0.6133510041981936,0.025138214590874876,11,balanced,51
47,2023-11-30,tech__reversal_1m_sector_neutral,0.15668139979243279,0.006421593220556814,3,balanced,51
47,2023-11-30,tech__sma_50_200_spread_sector_neutral,0.8115076869726181,0.03325967388596683,7,balanced,51
47,2023-11-30,tech__volatility_20d_sector_neutral,0.3217368982732296,0.013186399199211985,4,balanced,51
47,2023-11-30,tech__volatility_60d_sector_neutral,0.905732199549675,0.03712146917230382,11,balanced,51
47,2023-11-30,tech__zero_volume_ratio_60d_sector_neutral,0.0,0.0,0,balanced,51
48,2023-12-29,fund__accruals_missing,0.0,0.0,0,balanced,51
48,2023-12-29,fund__accruals_sector_zscore,0.0,0.0,0,balanced,51
48,2023-12-29,fund__accruals_zscore,0.12984370067715645,0.005321649086011715,2,balanced,51
48,2023-12-29,fund__asset_growth_yoy_missing,0.0,0.0,0,balanced,51
48,2023-12-29,fund__asset_growth_yoy_sector_zscore,0.0,0.0,0,balanced,51
48,2023-12-29,fund__asset_growth_yoy_zscore,0.7141143977642059,0.02926800616703524,13,balanced,51
48,2023-12-29,fund__book_to_market_missing,0.0,0.0,0,balanced,51
48,2023-12-29,fund__book_to_market_sector_zscore,0.565224900841713,0.023165764386477876,10,balanced,51
48,2023-12-29,fund__book_to_market_zscore,0.4419040009379387,0.018111452542033342,4,balanced,51
48,2023-12-29,fund__capex_to_assets_missing,0.0,0.0,0,balanced,51
48,2023-12-29,fund__capex_to_assets_sector_zscore,0.04057589918375015,0.0016630047948355837,1,balanced,51
48,2023-12-29,fund__capex_to_assets_zscore,0.8672865033149719,0.03554577082759016,15,balanced,51
48,2023-12-29,fund__cash_conversion_missing,0.0,0.0,0,balanced,51
48,2023-12-29,fund__cash_conversion_sector_zscore,0.10697190091013908,0.004384247489393447,2,balanced,51
48,2023-12-29,fund__cash_conversion_zscore,0.5322651006281376,0.021814905702021412,11,balanced,51
48,2023-12-29,fund__current_ratio_missing,0.0,0.0,0,balanced,51
48,2023-12-29,fund__current_ratio_sector_zscore,0.0,0.0,0,balanced,51
48,2023-12-29,fund__current_ratio_zscore,0.3276316896080971,0.01342799744969181,4,balanced,51
48,2023-12-29,fund__debt_to_assets_missing,0.0,0.0,0,balanced,51
48,2023-12-29,fund__debt_to_assets_sector_zscore,0.0,0.0,0,balanced,51
48,2023-12-29,fund__debt_to_assets_zscore,0.20814930275082588,0.008531007210677774,5,balanced,51
48,2023-12-29,fund__earnings_yield_missing,0.0,0.0,0,balanced,51
48,2023-12-29,fund__earnings_yield_sector_zscore,0.5073429048061371,0.02079346854391608,8,balanced,51
48,2023-12-29,fund__earnings_yield_zscore,0.15414489805698395,0.006317634598985477,4,balanced,51
48,2023-12-29,fund__fcf_yield_missing,0.0,0.0,0,balanced,51
48,2023-12-29,fund__fcf_yield_sector_zscore,0.04833339899778366,0.0019809462242602795,1,balanced,51
48,2023-12-29,fund__fcf_yield_zscore,0.0,0.0,0,balanced,51
48,2023-12-29,fund__gross_margin_missing,0.0,0.0,0,balanced,51
48,2023-12-29,fund__gross_margin_sector_zscore,0.0,0.0,0,balanced,51
48,2023-12-29,fund__gross_margin_zscore,0.5323290973901749,0.02181752861178467,5,balanced,51
48,2023-12-29,fund__gross_profitability_missing,0.0,0.0,0,balanced,51
48,2023-12-29,fund__gross_profitability_sector_zscore,0.3481646925210953,0.014269543366938274,3,balanced,51
48,2023-12-29,fund__gross_profitability_zscore,0.0,0.0,0,balanced,51
48,2023-12-29,fund__interest_coverage_missing,0.0,0.0,0,balanced,51
48,2023-12-29,fund__interest_coverage_sector_zscore,0.06268669664859772,0.002569216682714233,1,balanced,51
48,2023-12-29,fund__interest_coverage_zscore,0.04078749939799309,0.0016716772377870183,1,balanced,51
48,2023-12-29,fund__net_debt_to_assets_missing,0.0,0.0,0,balanced,51
48,2023-12-29,fund__net_debt_to_assets_sector_zscore,0.0,0.0,0,balanced,51
48,2023-12-29,fund__net_debt_to_assets_zscore,0.0,0.0,0,balanced,51
48,2023-12-29,fund__net_income_growth_acceleration_missing,0.0,0.0,0,balanced,51
48,2023-12-29,fund__net_income_growth_acceleration_sector_zscore,0.18222329765558243,0.007468428890747692,2,balanced,51
48,2023-12-29,fund__net_income_growth_acceleration_zscore,0.040291499346494675,0.0016513486565239099,1,balanced,51
48,2023-12-29,fund__net_income_growth_yoy_missing,0.0,0.0,0,balanced,51
48,2023-12-29,fund__net_income_growth_yoy_sector_zscore,0.19668329693377018,0.008061072519519711,5,balanced,51
48,2023-12-29,fund__net_income_growth_yoy_zscore,0.0,0.0,0,balanced,51
48,2023-12-29,fund__net_margin_missing,0.0,0.0,0,balanced,51
48,2023-12-29,fund__net_margin_sector_zscore,0.07448800280690193,0.003052893671305586,2,balanced,51
48,2023-12-29,fund__net_margin_zscore,0.0,0.0,0,balanced,51
48,2023-12-29,fund__operating_cash_flow_growth_acceleration_missing,0.0,0.0,0,balanced,51
48,2023-12-29,fund__operating_cash_flow_growth_acceleration_sector_zscore,0.06915459781885147,0.0028343038619273136,1,balanced,51
48,2023-12-29,fund__operating_cash_flow_growth_acceleration_zscore,0.09512419998645782,0.0038986690095516377,2,balanced,51
48,2023-12-29,fund__operating_cash_flow_growth_yoy_missing,0.0,0.0,0,balanced,51
48,2023-12-29,fund__operating_cash_flow_growth_yoy_sector_zscore,0.15529479831457138,0.0063647633054447145,2,balanced,51
48,2023-12-29,fund__operating_cash_flow_growth_yoy_zscore,0.08637069910764694,0.0035399064380276573,2,balanced,51
48,2023-12-29,fund__operating_margin_missing,0.0,0.0,0,balanced,51
48,2023-12-29,fund__operating_margin_sector_zscore,0.0,0.0,0,balanced,51
48,2023-12-29,fund__operating_margin_zscore,0.1447903998196125,0.005934240127514101,3,balanced,51
48,2023-12-29,fund__revenue_growth_acceleration_missing,0.0,0.0,0,balanced,51
48,2023-12-29,fund__revenue_growth_acceleration_sector_zscore,0.37919680774211884,0.01554139580753976,4,balanced,51
48,2023-12-29,fund__revenue_growth_acceleration_zscore,1.430844897404313,0.05864323337047192,18,balanced,51
48,2023-12-29,fund__revenue_growth_yoy_missing,0.0,0.0,0,balanced,51
48,2023-12-29,fund__revenue_growth_yoy_sector_zscore,0.5320410029962659,0.02180572105192589,12,balanced,51
48,2023-12-29,fund__revenue_growth_yoy_zscore,0.13269540295004845,0.00543852621378125,4,balanced,51
48,2023-12-29,fund__roa_missing,0.0,0.0,0,balanced,51
48,2023-12-29,fund__roa_sector_zscore,0.0,0.0,0,balanced,51
48,2023-12-29,fund__roa_zscore,0.0,0.0,0,balanced,51
48,2023-12-29,fund__roe_missing,0.0,0.0,0,balanced,51
48,2023-12-29,fund__roe_sector_zscore,0.09659919887781143,0.003959121896069075,2,balanced,51
48,2023-12-29,fund__roe_zscore,0.07140109874308109,0.002926376789052798,3,balanced,51
48,2023-12-29,fund__sales_yield_missing,0.0,0.0,0,balanced,51
48,2023-12-29,fund__sales_yield_sector_zscore,0.3390271943062544,0.013895042649769507,8,balanced,51
48,2023-12-29,fund__sales_yield_zscore,1.9212707839906216,0.078743357269418,30,balanced,51
48,2023-12-29,tech__amihud_illiquidity_20d_sector_neutral,0.25780710205435753,0.010566234032609262,6,balanced,51
48,2023-12-29,tech__average_dollar_volume_20d_sector_neutral,0.108354602009058,0.00444091754732398,2,balanced,51
48,2023-12-29,tech__beta_60d_market_sector_neutral,0.23713849484920502,0.009719130368212658,4,balanced,51
48,2023-12-29,tech__distance_sma_200d_sector_neutral,1.7906744293868542,0.0733908606331613,17,balanced,51
48,2023-12-29,tech__distance_sma_50d_sector_neutral,0.14142199978232384,0.005796186121919106,3,balanced,51
48,2023-12-29,tech__dollar_volume_change_20d_60d_sector_neutral,0.14780790358781815,0.006057912635971291,3,balanced,51
48,2023-12-29,tech__downside_volatility_60d_sector_neutral,0.04739249870181084,0.001942383389298099,1,balanced,51
48,2023-12-29,tech__max_drawdown_126d_sector_neutral,1.7045626938343048,0.06986156782643889,24,balanced,51
48,2023-12-29,tech__momentum_12_1_sector_neutral,0.19358340092003345,0.007934023161697952,5,balanced,51
48,2023-12-29,tech__momentum_6_1_sector_neutral,4.422510270029306,0.1812567541870703,27,balanced,51
48,2023-12-29,tech__positive_day_ratio_60d_sector_neutral,0.23195139318704605,0.009506536806295375,3,balanced,51
48,2023-12-29,tech__return_1m_sector_neutral,0.048545099794864655,0.0019896227896032156,1,balanced,51
48,2023-12-29,tech__return_1w_sector_neutral,0.683134600520134,0.02799829798073931,10,balanced,51
48,2023-12-29,tech__return_3m_sector_neutral,0.6133510041981936,0.025138214590874876,11,balanced,51
48,2023-12-29,tech__reversal_1m_sector_neutral,0.15668139979243279,0.006421593220556814,3,balanced,51
48,2023-12-29,tech__sma_50_200_spread_sector_neutral,0.8115076869726181,0.03325967388596683,7,balanced,51
48,2023-12-29,tech__volatility_20d_sector_neutral,0.3217368982732296,0.013186399199211985,4,balanced,51
48,2023-12-29,tech__volatility_60d_sector_neutral,0.905732199549675,0.03712146917230382,11,balanced,51
48,2023-12-29,tech__zero_volume_ratio_60d_sector_neutral,0.0,0.0,0,balanced,51
49,2024-01-31,fund__accruals_missing,0.0,0.0,0,flexible,47
49,2024-01-31,fund__accruals_sector_zscore,0.6087126042693853,0.01711032562847452,9,flexible,47
49,2024-01-31,fund__accruals_zscore,0.4147031959146261,0.011656907827274294,9,flexible,47
49,2024-01-31,fund__asset_growth_yoy_missing,0.0,0.0,0,flexible,47
49,2024-01-31,fund__asset_growth_yoy_sector_zscore,0.25699249655008316,0.00722381181070558,4,flexible,47
49,2024-01-31,fund__asset_growth_yoy_zscore,0.33005440421402454,0.009277511738059702,7,flexible,47
49,2024-01-31,fund__book_to_market_missing,0.0,0.0,0,flexible,47
49,2024-01-31,fund__book_to_market_sector_zscore,0.5933042019605637,0.01667721026488694,8,flexible,47
49,2024-01-31,fund__book_to_market_zscore,1.3110266998410225,0.036851699118056885,13,flexible,47
49,2024-01-31,fund__capex_to_assets_missing,0.0,0.0,0,flexible,47
49,2024-01-31,fund__capex_to_assets_sector_zscore,0.1007109023630619,0.0028308865656524076,2,flexible,47
49,2024-01-31,fund__capex_to_assets_zscore,0.8884633053094149,0.02497384867041011,19,flexible,47
49,2024-01-31,fund__cash_conversion_missing,0.0,0.0,0,flexible,47
49,2024-01-31,fund__cash_conversion_sector_zscore,0.1625906005501747,0.004570265343662171,2,flexible,47
49,2024-01-31,fund__cash_conversion_zscore,0.7302583996206522,0.020526860989572016,12,flexible,47
49,2024-01-31,fund__current_ratio_missing,0.0,0.0,0,flexible,47
49,2024-01-31,fund__current_ratio_sector_zscore,0.14199460297822952,0.0039913316685130755,3,flexible,47
49,2024-01-31,fund__current_ratio_zscore,1.0452392101287842,0.02938066851173379,12,flexible,47
49,2024-01-31,fund__debt_to_assets_missing,0.04605719819664955,0.001294623527018525,1,flexible,47
49,2024-01-31,fund__debt_to_assets_sector_zscore,0.07149160094559193,0.0020095601163840674,2,flexible,47
49,2024-01-31,fund__debt_to_assets_zscore,0.24031459912657738,0.006755012160898769,4,flexible,47
49,2024-01-31,fund__earnings_yield_missing,0.0,0.0,0,flexible,47
49,2024-01-31,fund__earnings_yield_sector_zscore,0.9918848015367985,0.027880927421569758,12,flexible,47
49,2024-01-31,fund__earnings_yield_zscore,0.18970229849219322,0.005332349087082548,3,flexible,47
49,2024-01-31,fund__fcf_yield_missing,0.0,0.0,0,flexible,47
49,2024-01-31,fund__fcf_yield_sector_zscore,0.13081379979848862,0.003677050048826772,3,flexible,47
49,2024-01-31,fund__fcf_yield_zscore,0.04872160032391548,0.0013695173072408662,1,flexible,47
49,2024-01-31,fund__gross_margin_missing,0.0,0.0,0,flexible,47
49,2024-01-31,fund__gross_margin_sector_zscore,0.38169240206480026,0.010729006173746183,3,flexible,47
49,2024-01-31,fund__gross_margin_zscore,0.27150359749794006,0.0076317048963818815,3,flexible,47
49,2024-01-31,fund__gross_profitability_missing,0.0,0.0,0,flexible,47
49,2024-01-31,fund__gross_profitability_sector_zscore,0.16215569898486137,0.004558040679105117,2,flexible,47
49,2024-01-31,fund__gross_profitability_zscore,0.0,0.0,0,flexible,47
49,2024-01-31,fund__interest_coverage_missing,0.0,0.0,0,flexible,47
49,2024-01-31,fund__interest_coverage_sector_zscore,0.14780349656939507,0.004154614078288863,3,flexible,47
49,2024-01-31,fund__interest_coverage_zscore,0.0448404997587204,0.0012604233045841442,1,flexible,47
49,2024-01-31,fund__net_debt_to_assets_missing,0.08617480099201202,0.002422290742134502,1,flexible,47
49,2024-01-31,fund__net_debt_to_assets_sector_zscore,0.043648600578308105,0.0012269201654177653,1,flexible,47
49,2024-01-31,fund__net_debt_to_assets_zscore,0.04325440153479576,0.0012158396095862903,1,flexible,47
49,2024-01-31,fund__net_income_growth_acceleration_missing,0.0,0.0,0,flexible,47
49,2024-01-31,fund__net_income_growth_acceleration_sector_zscore,0.06505890004336834,0.001828743083295464,2,flexible,47
49,2024-01-31,fund__net_income_growth_acceleration_zscore,0.49417939968407154,0.01389090744658955,10,flexible,47
49,2024-01-31,fund__net_income_growth_yoy_missing,0.0,0.0,0,flexible,47
49,2024-01-31,fund__net_income_growth_yoy_sector_zscore,0.4661874007433653,0.013104079289084473,9,flexible,47
49,2024-01-31,fund__net_income_growth_yoy_zscore,0.13948319852352142,0.003920738505658441,3,flexible,47
49,2024-01-31,fund__net_margin_missing,0.0,0.0,0,flexible,47
49,2024-01-31,fund__net_margin_sector_zscore,0.24662639945745468,0.006932430795252247,3,flexible,47
49,2024-01-31,fund__net_margin_zscore,0.2753854990005493,0.007740821412618687,7,flexible,47
49,2024-01-31,fund__operating_cash_flow_growth_acceleration_missing,0.03724129870533943,0.0010468170746036451,1,flexible,47
49,2024-01-31,fund__operating_cash_flow_growth_acceleration_sector_zscore,0.23378529772162437,0.006571479780623362,3,flexible,47
49,2024-01-31,fund__operating_cash_flow_growth_acceleration_zscore,0.18076369538903236,0.005081093554198772,3,flexible,47
49,2024-01-31,fund__operating_cash_flow_growth_yoy_missing,0.0,0.0,0,flexible,47
49,2024-01-31,fund__operating_cash_flow_growth_yoy_sector_zscore,0.10501570254564285,0.0029518903568879836,2,flexible,47
49,2024-01-31,fund__operating_cash_flow_growth_yoy_zscore,0.27556510269641876,0.007745869899702493,5,flexible,47
49,2024-01-31,fund__operating_margin_missing,0.0,0.0,0,flexible,47
49,2024-01-31,fund__operating_margin_sector_zscore,0.2416771985590458,0.006793313519909878,4,flexible,47
49,2024-01-31,fund__operating_margin_zscore,0.14015500247478485,0.003939622268347091,3,flexible,47
49,2024-01-31,fund__revenue_growth_acceleration_missing,0.0,0.0,0,flexible,47
49,2024-01-31,fund__revenue_growth_acceleration_sector_zscore,0.7408887967467308,0.02082567122466731,6,flexible,47
49,2024-01-31,fund__revenue_growth_acceleration_zscore,2.2463631983846426,0.06314310815087527,29,flexible,47
49,2024-01-31,fund__revenue_growth_yoy_missing,0.0,0.0,0,flexible,47
49,2024-01-31,fund__revenue_growth_yoy_sector_zscore,0.5317457020282745,0.014946860060776886,9,flexible,47
49,2024-01-31,fund__revenue_growth_yoy_zscore,0.2008694987744093,0.005646248342407561,5,flexible,47
49,2024-01-31,fund__roa_missing,0.0,0.0,0,flexible,47
49,2024-01-31,fund__roa_sector_zscore,0.11084899678826332,0.0031158586454988948,2,flexible,47
49,2024-01-31,fund__roa_zscore,0.13285770267248154,0.003734502192057762,3,flexible,47
49,2024-01-31,fund__roe_missing,0.0,0.0,0,flexible,47
49,2024-01-31,fund__roe_sector_zscore,0.12413199990987778,0.003489231082903338,3,flexible,47
49,2024-01-31,fund__roe_zscore,0.17600419744849205,0.004947308646477922,5,flexible,47
49,2024-01-31,fund__sales_yield_missing,0.0,0.0,0,flexible,47
49,2024-01-31,fund__sales_yield_sector_zscore,0.4348378963768482,0.012222874884509653,8,flexible,47
49,2024-01-31,fund__sales_yield_zscore,2.4065638054162264,0.0676461930762806,39,flexible,47
49,2024-01-31,tech__amihud_illiquidity_20d_sector_neutral,0.6028627958148718,0.016945893141256572,10,flexible,47
49,2024-01-31,tech__average_dollar_volume_20d_sector_neutral,0.13197629898786545,0.0037097267825325726,2,flexible,47
49,2024-01-31,tech__beta_60d_market_sector_neutral,0.6826216019690037,0.019187836441697297,14,flexible,47
49,2024-01-31,tech__distance_sma_200d_sector_neutral,1.7569275982677937,0.04938554434583693,19,flexible,47
49,2024-01-31,tech__distance_sma_50d_sector_neutral,0.31330282613635063,0.008806640995956636,8,flexible,47
49,2024-01-31,tech__dollar_volume_change_20d_60d_sector_neutral,0.2763715013861656,0.007768536990988543,4,flexible,47
49,2024-01-31,tech__downside_volatility_60d_sector_neutral,0.24476879835128784,0.0068802154154631616,6,flexible,47
49,2024-01-31,tech__max_drawdown_126d_sector_neutral,2.123202880844474,0.059681190124472754,26,flexible,47
49,2024-01-31,tech__momentum_12_1_sector_neutral,0.8950583972036839,0.02515923035803936,10,flexible,47
49,2024-01-31,tech__momentum_6_1_sector_neutral,4.382546231150627,0.12318915785690819,26,flexible,47
49,2024-01-31,tech__positive_day_ratio_60d_sector_neutral,0.18621310219168663,0.005234271136232501,3,flexible,47
49,2024-01-31,tech__return_1m_sector_neutral,0.15713559836149216,0.004416930480710831,2,flexible,47
49,2024-01-31,tech__return_1w_sector_neutral,0.5398355983197689,0.015174259261774537,9,flexible,47
49,2024-01-31,tech__return_3m_sector_neutral,0.7236189916729927,0.020340233620320988,13,flexible,47
49,2024-01-31,tech__reversal_1m_sector_neutral,0.16181419789791107,0.004548441412128855,3,flexible,47
49,2024-01-31,tech__sma_50_200_spread_sector_neutral,1.3405279032886028,0.037680949562157416,18,flexible,47
49,2024-01-31,tech__volatility_20d_sector_neutral,0.13975360058248043,0.003928339247366347,4,flexible,47
49,2024-01-31,tech__volatility_60d_sector_neutral,1.4268625024706125,0.04010773207766168,20,flexible,47
49,2024-01-31,tech__zero_volume_ratio_60d_sector_neutral,0.0,0.0,0,flexible,47
50,2024-02-29,fund__accruals_missing,0.0,0.0,0,flexible,47
50,2024-02-29,fund__accruals_sector_zscore,0.6087126042693853,0.01711032562847452,9,flexible,47
50,2024-02-29,fund__accruals_zscore,0.4147031959146261,0.011656907827274294,9,flexible,47
50,2024-02-29,fund__asset_growth_yoy_missing,0.0,0.0,0,flexible,47
50,2024-02-29,fund__asset_growth_yoy_sector_zscore,0.25699249655008316,0.00722381181070558,4,flexible,47
50,2024-02-29,fund__asset_growth_yoy_zscore,0.33005440421402454,0.009277511738059702,7,flexible,47
50,2024-02-29,fund__book_to_market_missing,0.0,0.0,0,flexible,47
50,2024-02-29,fund__book_to_market_sector_zscore,0.5933042019605637,0.01667721026488694,8,flexible,47
50,2024-02-29,fund__book_to_market_zscore,1.3110266998410225,0.036851699118056885,13,flexible,47
50,2024-02-29,fund__capex_to_assets_missing,0.0,0.0,0,flexible,47
50,2024-02-29,fund__capex_to_assets_sector_zscore,0.1007109023630619,0.0028308865656524076,2,flexible,47
50,2024-02-29,fund__capex_to_assets_zscore,0.8884633053094149,0.02497384867041011,19,flexible,47
50,2024-02-29,fund__cash_conversion_missing,0.0,0.0,0,flexible,47
50,2024-02-29,fund__cash_conversion_sector_zscore,0.1625906005501747,0.004570265343662171,2,flexible,47
50,2024-02-29,fund__cash_conversion_zscore,0.7302583996206522,0.020526860989572016,12,flexible,47
50,2024-02-29,fund__current_ratio_missing,0.0,0.0,0,flexible,47
50,2024-02-29,fund__current_ratio_sector_zscore,0.14199460297822952,0.0039913316685130755,3,flexible,47
50,2024-02-29,fund__current_ratio_zscore,1.0452392101287842,0.02938066851173379,12,flexible,47
50,2024-02-29,fund__debt_to_assets_missing,0.04605719819664955,0.001294623527018525,1,flexible,47
50,2024-02-29,fund__debt_to_assets_sector_zscore,0.07149160094559193,0.0020095601163840674,2,flexible,47
50,2024-02-29,fund__debt_to_assets_zscore,0.24031459912657738,0.006755012160898769,4,flexible,47
50,2024-02-29,fund__earnings_yield_missing,0.0,0.0,0,flexible,47
50,2024-02-29,fund__earnings_yield_sector_zscore,0.9918848015367985,0.027880927421569758,12,flexible,47
50,2024-02-29,fund__earnings_yield_zscore,0.18970229849219322,0.005332349087082548,3,flexible,47
50,2024-02-29,fund__fcf_yield_missing,0.0,0.0,0,flexible,47
50,2024-02-29,fund__fcf_yield_sector_zscore,0.13081379979848862,0.003677050048826772,3,flexible,47
50,2024-02-29,fund__fcf_yield_zscore,0.04872160032391548,0.0013695173072408662,1,flexible,47
50,2024-02-29,fund__gross_margin_missing,0.0,0.0,0,flexible,47
50,2024-02-29,fund__gross_margin_sector_zscore,0.38169240206480026,0.010729006173746183,3,flexible,47
50,2024-02-29,fund__gross_margin_zscore,0.27150359749794006,0.0076317048963818815,3,flexible,47
50,2024-02-29,fund__gross_profitability_missing,0.0,0.0,0,flexible,47
50,2024-02-29,fund__gross_profitability_sector_zscore,0.16215569898486137,0.004558040679105117,2,flexible,47
50,2024-02-29,fund__gross_profitability_zscore,0.0,0.0,0,flexible,47
50,2024-02-29,fund__interest_coverage_missing,0.0,0.0,0,flexible,47
50,2024-02-29,fund__interest_coverage_sector_zscore,0.14780349656939507,0.004154614078288863,3,flexible,47
50,2024-02-29,fund__interest_coverage_zscore,0.0448404997587204,0.0012604233045841442,1,flexible,47
50,2024-02-29,fund__net_debt_to_assets_missing,0.08617480099201202,0.002422290742134502,1,flexible,47
50,2024-02-29,fund__net_debt_to_assets_sector_zscore,0.043648600578308105,0.0012269201654177653,1,flexible,47
50,2024-02-29,fund__net_debt_to_assets_zscore,0.04325440153479576,0.0012158396095862903,1,flexible,47
50,2024-02-29,fund__net_income_growth_acceleration_missing,0.0,0.0,0,flexible,47
50,2024-02-29,fund__net_income_growth_acceleration_sector_zscore,0.06505890004336834,0.001828743083295464,2,flexible,47
50,2024-02-29,fund__net_income_growth_acceleration_zscore,0.49417939968407154,0.01389090744658955,10,flexible,47
50,2024-02-29,fund__net_income_growth_yoy_missing,0.0,0.0,0,flexible,47
50,2024-02-29,fund__net_income_growth_yoy_sector_zscore,0.4661874007433653,0.013104079289084473,9,flexible,47
50,2024-02-29,fund__net_income_growth_yoy_zscore,0.13948319852352142,0.003920738505658441,3,flexible,47
50,2024-02-29,fund__net_margin_missing,0.0,0.0,0,flexible,47
50,2024-02-29,fund__net_margin_sector_zscore,0.24662639945745468,0.006932430795252247,3,flexible,47
50,2024-02-29,fund__net_margin_zscore,0.2753854990005493,0.007740821412618687,7,flexible,47
50,2024-02-29,fund__operating_cash_flow_growth_acceleration_missing,0.03724129870533943,0.0010468170746036451,1,flexible,47
50,2024-02-29,fund__operating_cash_flow_growth_acceleration_sector_zscore,0.23378529772162437,0.006571479780623362,3,flexible,47
50,2024-02-29,fund__operating_cash_flow_growth_acceleration_zscore,0.18076369538903236,0.005081093554198772,3,flexible,47
50,2024-02-29,fund__operating_cash_flow_growth_yoy_missing,0.0,0.0,0,flexible,47
50,2024-02-29,fund__operating_cash_flow_growth_yoy_sector_zscore,0.10501570254564285,0.0029518903568879836,2,flexible,47
50,2024-02-29,fund__operating_cash_flow_growth_yoy_zscore,0.27556510269641876,0.007745869899702493,5,flexible,47
50,2024-02-29,fund__operating_margin_missing,0.0,0.0,0,flexible,47
50,2024-02-29,fund__operating_margin_sector_zscore,0.2416771985590458,0.006793313519909878,4,flexible,47
50,2024-02-29,fund__operating_margin_zscore,0.14015500247478485,0.003939622268347091,3,flexible,47
50,2024-02-29,fund__revenue_growth_acceleration_missing,0.0,0.0,0,flexible,47
50,2024-02-29,fund__revenue_growth_acceleration_sector_zscore,0.7408887967467308,0.02082567122466731,6,flexible,47
50,2024-02-29,fund__revenue_growth_acceleration_zscore,2.2463631983846426,0.06314310815087527,29,flexible,47
50,2024-02-29,fund__revenue_growth_yoy_missing,0.0,0.0,0,flexible,47
50,2024-02-29,fund__revenue_growth_yoy_sector_zscore,0.5317457020282745,0.014946860060776886,9,flexible,47
50,2024-02-29,fund__revenue_growth_yoy_zscore,0.2008694987744093,0.005646248342407561,5,flexible,47
50,2024-02-29,fund__roa_missing,0.0,0.0,0,flexible,47
50,2024-02-29,fund__roa_sector_zscore,0.11084899678826332,0.0031158586454988948,2,flexible,47
50,2024-02-29,fund__roa_zscore,0.13285770267248154,0.003734502192057762,3,flexible,47
50,2024-02-29,fund__roe_missing,0.0,0.0,0,flexible,47
50,2024-02-29,fund__roe_sector_zscore,0.12413199990987778,0.003489231082903338,3,flexible,47
50,2024-02-29,fund__roe_zscore,0.17600419744849205,0.004947308646477922,5,flexible,47
50,2024-02-29,fund__sales_yield_missing,0.0,0.0,0,flexible,47
50,2024-02-29,fund__sales_yield_sector_zscore,0.4348378963768482,0.012222874884509653,8,flexible,47
50,2024-02-29,fund__sales_yield_zscore,2.4065638054162264,0.0676461930762806,39,flexible,47
50,2024-02-29,tech__amihud_illiquidity_20d_sector_neutral,0.6028627958148718,0.016945893141256572,10,flexible,47
50,2024-02-29,tech__average_dollar_volume_20d_sector_neutral,0.13197629898786545,0.0037097267825325726,2,flexible,47
50,2024-02-29,tech__beta_60d_market_sector_neutral,0.6826216019690037,0.019187836441697297,14,flexible,47
50,2024-02-29,tech__distance_sma_200d_sector_neutral,1.7569275982677937,0.04938554434583693,19,flexible,47
50,2024-02-29,tech__distance_sma_50d_sector_neutral,0.31330282613635063,0.008806640995956636,8,flexible,47
50,2024-02-29,tech__dollar_volume_change_20d_60d_sector_neutral,0.2763715013861656,0.007768536990988543,4,flexible,47
50,2024-02-29,tech__downside_volatility_60d_sector_neutral,0.24476879835128784,0.0068802154154631616,6,flexible,47
50,2024-02-29,tech__max_drawdown_126d_sector_neutral,2.123202880844474,0.059681190124472754,26,flexible,47
50,2024-02-29,tech__momentum_12_1_sector_neutral,0.8950583972036839,0.02515923035803936,10,flexible,47
50,2024-02-29,tech__momentum_6_1_sector_neutral,4.382546231150627,0.12318915785690819,26,flexible,47
50,2024-02-29,tech__positive_day_ratio_60d_sector_neutral,0.18621310219168663,0.005234271136232501,3,flexible,47
50,2024-02-29,tech__return_1m_sector_neutral,0.15713559836149216,0.004416930480710831,2,flexible,47
50,2024-02-29,tech__return_1w_sector_neutral,0.5398355983197689,0.015174259261774537,9,flexible,47
50,2024-02-29,tech__return_3m_sector_neutral,0.7236189916729927,0.020340233620320988,13,flexible,47
50,2024-02-29,tech__reversal_1m_sector_neutral,0.16181419789791107,0.004548441412128855,3,flexible,47
50,2024-02-29,tech__sma_50_200_spread_sector_neutral,1.3405279032886028,0.037680949562157416,18,flexible,47
50,2024-02-29,tech__volatility_20d_sector_neutral,0.13975360058248043,0.003928339247366347,4,flexible,47
50,2024-02-29,tech__volatility_60d_sector_neutral,1.4268625024706125,0.04010773207766168,20,flexible,47
50,2024-02-29,tech__zero_volume_ratio_60d_sector_neutral,0.0,0.0,0,flexible,47
51,2024-03-28,fund__accruals_missing,0.0,0.0,0,shallow,55
51,2024-03-28,fund__accruals_sector_zscore,0.08305970206856728,0.00421663965340506,2,shallow,55
51,2024-03-28,fund__accruals_zscore,0.061455901712179184,0.0031198931087113232,1,shallow,55
51,2024-03-28,fund__asset_growth_yoy_missing,0.0,0.0,0,shallow,55
51,2024-03-28,fund__asset_growth_yoy_sector_zscore,0.0,0.0,0,shallow,55
51,2024-03-28,fund__asset_growth_yoy_zscore,0.0,0.0,0,shallow,55
51,2024-03-28,fund__book_to_market_missing,0.0,0.0,0,shallow,55
51,2024-03-28,fund__book_to_market_sector_zscore,0.07784059643745422,0.0039516846004565955,1,shallow,55
51,2024-03-28,fund__book_to_market_zscore,0.30772749707102776,0.015622208294482116,4,shallow,55
51,2024-03-28,fund__capex_to_assets_missing,0.0,0.0,0,shallow,55
51,2024-03-28,fund__capex_to_assets_sector_zscore,0.0,0.0,0,shallow,55
51,2024-03-28,fund__capex_to_assets_zscore,0.735409002751112,0.037334046297343035,14,shallow,55
51,2024-03-28,fund__cash_conversion_missing,0.0,0.0,0,shallow,55
51,2024-03-28,fund__cash_conversion_sector_zscore,0.0,0.0,0,shallow,55
51,2024-03-28,fund__cash_conversion_zscore,0.31322210282087326,0.015901149488678788,5,shallow,55
51,2024-03-28,fund__current_ratio_missing,0.0,0.0,0,shallow,55
51,2024-03-28,fund__current_ratio_sector_zscore,0.01408070046454668,0.0007148260642388641,1,shallow,55
51,2024-03-28,fund__current_ratio_zscore,0.0,0.0,0,shallow,55
51,2024-03-28,fund__debt_to_assets_missing,0.0,0.0,0,shallow,55
51,2024-03-28,fund__debt_to_assets_sector_zscore,0.0,0.0,0,shallow,55
51,2024-03-28,fund__debt_to_assets_zscore,0.0,0.0,0,shallow,55
51,2024-03-28,fund__earnings_yield_missing,0.0,0.0,0,shallow,55
51,2024-03-28,fund__earnings_yield_sector_zscore,0.26389260217547417,0.013396869755862644,4,shallow,55
51,2024-03-28,fund__earnings_yield_zscore,0.14593720436096191,0.007408702264637494,2,shallow,55
51,2024-03-28,fund__fcf_yield_missing,0.0,0.0,0,shallow,55
51,2024-03-28,fund__fcf_yield_sector_zscore,0.2402414046227932,0.012196184285442542,3,shallow,55
51,2024-03-28,fund__fcf_yield_zscore,0.0,0.0,0,shallow,55
51,2024-03-28,fund__gross_margin_missing,0.0,0.0,0,shallow,55
51,2024-03-28,fund__gross_margin_sector_zscore,0.0,0.0,0,shallow,55
51,2024-03-28,fund__gross_margin_zscore,0.29326409846544266,0.014887954034420267,3,shallow,55
51,2024-03-28,fund__gross_profitability_missing,0.0,0.0,0,shallow,55
51,2024-03-28,fund__gross_profitability_sector_zscore,0.12039099633693695,0.006111813989510837,1,shallow,55
51,2024-03-28,fund__gross_profitability_zscore,0.0,0.0,0,shallow,55
51,2024-03-28,fund__interest_coverage_missing,0.0,0.0,0,shallow,55
51,2024-03-28,fund__interest_coverage_sector_zscore,0.06694819778203964,0.0033987170488368993,1,shallow,55
51,2024-03-28,fund__interest_coverage_zscore,0.0,0.0,0,shallow,55
51,2024-03-28,fund__net_debt_to_assets_missing,0.0,0.0,0,shallow,55
51,2024-03-28,fund__net_debt_to_assets_sector_zscore,0.0781283974647522,0.003966295214193128,1,shallow,55
51,2024-03-28,fund__net_debt_to_assets_zscore,0.0,0.0,0,shallow,55
51,2024-03-28,fund__net_income_growth_acceleration_missing,0.0,0.0,0,shallow,55
51,2024-03-28,fund__net_income_growth_acceleration_sector_zscore,0.07931289821863174,0.004026428018957749,1,shallow,55
51,2024-03-28,fund__net_income_growth_acceleration_zscore,0.0,0.0,0,shallow,55
51,2024-03-28,fund__net_income_growth_yoy_missing,0.0,0.0,0,shallow,55
51,2024-03-28,fund__net_income_growth_yoy_sector_zscore,0.05186929926276207,0.0026332160917835216,1,shallow,55
51,2024-03-28,fund__net_income_growth_yoy_zscore,0.21961099654436111,0.011148853334295711,3,shallow,55
51,2024-03-28,fund__net_margin_missing,0.0,0.0,0,shallow,55
51,2024-03-28,fund__net_margin_sector_zscore,0.0,0.0,0,shallow,55
51,2024-03-28,fund__net_margin_zscore,0.0,0.0,0,shallow,55
51,2024-03-28,fund__operating_cash_flow_growth_acceleration_missing,0.0,0.0,0,shallow,55
51,2024-03-28,fund__operating_cash_flow_growth_acceleration_sector_zscore,0.0,0.0,0,shallow,55
51,2024-03-28,fund__operating_cash_flow_growth_acceleration_zscore,0.13273520022630692,0.006738484424310438,2,shallow,55
51,2024-03-28,fund__operating_cash_flow_growth_yoy_missing,0.0,0.0,0,shallow,55
51,2024-03-28,fund__operating_cash_flow_growth_yoy_sector_zscore,0.05845680087804794,0.0029676396429895416,1,shallow,55
51,2024-03-28,fund__operating_cash_flow_growth_yoy_zscore,0.1699174977838993,0.008626094738113658,4,shallow,55
51,2024-03-28,fund__operating_margin_missing,0.0,0.0,0,shallow,55
51,2024-03-28,fund__operating_margin_sector_zscore,0.25937529653310776,0.013167542541536396,5,shallow,55
51,2024-03-28,fund__operating_margin_zscore,0.1348985955119133,0.006848312152078434,3,shallow,55
51,2024-03-28,fund__revenue_growth_acceleration_missing,0.0,0.0,0,shallow,55
51,2024-03-28,fund__revenue_growth_acceleration_sector_zscore,0.22403720021247864,0.011373555631995071,2,shallow,55
51,2024-03-28,fund__revenue_growth_acceleration_zscore,1.1770361103117466,0.05975385189960114,15,shallow,55
51,2024-03-28,fund__revenue_growth_yoy_missing,0.0,0.0,0,shallow,55
51,2024-03-28,fund__revenue_growth_yoy_sector_zscore,0.10552819818258286,0.005357283663764316,2,shallow,55
51,2024-03-28,fund__revenue_growth_yoy_zscore,0.075074702501297,0.0038112702026456653,1,shallow,55
51,2024-03-28,fund__roa_missing,0.0,0.0,0,shallow,55
51,2024-03-28,fund__roa_sector_zscore,0.0,0.0,0,shallow,55
51,2024-03-28,fund__roa_zscore,0.08945450186729431,0.004541280432692221,2,shallow,55
51,2024-03-28,fund__roe_missing,0.0,0.0,0,shallow,55
51,2024-03-28,fund__roe_sector_zscore,0.0,0.0,0,shallow,55
51,2024-03-28,fund__roe_zscore,0.04165910184383392,0.002114881421256945,1,shallow,55
51,2024-03-28,fund__sales_yield_missing,0.0,0.0,0,shallow,55
51,2024-03-28,fund__sales_yield_sector_zscore,0.44016750156879425,0.022345706702909043,9,shallow,55
51,2024-03-28,fund__sales_yield_zscore,1.7777536064386368,0.09025009919617585,24,shallow,55
51,2024-03-28,tech__amihud_illiquidity_20d_sector_neutral,0.14128990098834038,0.007172775537303193,3,shallow,55
51,2024-03-28,tech__average_dollar_volume_20d_sector_neutral,0.21005890145897865,0.01066392813101399,3,shallow,55
51,2024-03-28,tech__beta_60d_market_sector_neutral,0.13696889579296112,0.006953413784303353,2,shallow,55
51,2024-03-28,tech__distance_sma_200d_sector_neutral,1.9746195785701275,0.10024427018189051,16,shallow,55
51,2024-03-28,tech__distance_sma_50d_sector_neutral,0.0,0.0,0,shallow,55
51,2024-03-28,tech__dollar_volume_change_20d_60d_sector_neutral,0.0,0.0,0,shallow,55
51,2024-03-28,tech__downside_volatility_60d_sector_neutral,0.0767040029168129,0.0038939838720698852,1,shallow,55
51,2024-03-28,tech__max_drawdown_126d_sector_neutral,1.7745873034000397,0.090089357481304,21,shallow,55
51,2024-03-28,tech__momentum_12_1_sector_neutral,0.2889242935925722,0.01466763789001754,5,shallow,55
51,2024-03-28,tech__momentum_6_1_sector_neutral,4.622240964323282,0.23465439981555897,24,shallow,55
51,2024-03-28,tech__positive_day_ratio_60d_sector_neutral,0.10136600211262703,0.005145984073749724,2,shallow,55
51,2024-03-28,tech__return_1m_sector_neutral,0.0,0.0,0,shallow,55
51,2024-03-28,tech__return_1w_sector_neutral,0.23414939641952515,0.011886915136637224,4,shallow,55
51,2024-03-28,tech__return_3m_sector_neutral,0.611937902867794,0.03106586662836537,9,shallow,55
51,2024-03-28,tech__reversal_1m_sector_neutral,0.0,0.0,0,shallow,55
51,2024-03-28,tech__sma_50_200_spread_sector_neutral,0.6469641029834747,0.03284401969944137,6,shallow,55
51,2024-03-28,tech__volatility_20d_sector_neutral,0.29745200276374817,0.015100558737893954,3,shallow,55
51,2024-03-28,tech__volatility_60d_sector_neutral,0.7423300910741091,0.03768540483512561,7,shallow,55
51,2024-03-28,tech__zero_volume_ratio_60d_sector_neutral,0.0,0.0,0,shallow,55
52,2024-04-30,fund__accruals_missing,0.0,0.0,0,balanced,51
52,2024-04-30,fund__accruals_sector_zscore,0.0855587013065815,0.003482723923062775,2,balanced,51
52,2024-04-30,fund__accruals_zscore,0.35026510059833527,0.014257774213947475,7,balanced,51
52,2024-04-30,fund__asset_growth_yoy_missing,0.0,0.0,0,balanced,51
52,2024-04-30,fund__asset_growth_yoy_sector_zscore,0.0756722018122673,0.003080287376243107,1,balanced,51
52,2024-04-30,fund__asset_growth_yoy_zscore,0.23433639854192734,0.00953881918242211,6,balanced,51
52,2024-04-30,fund__book_to_market_missing,0.0,0.0,0,balanced,51
52,2024-04-30,fund__book_to_market_sector_zscore,0.33268269896507263,0.013542070844705809,3,balanced,51
52,2024-04-30,fund__book_to_market_zscore,0.17981799691915512,0.007319611332382343,2,balanced,51
52,2024-04-30,fund__capex_to_assets_missing,0.0,0.0,0,balanced,51
52,2024-04-30,fund__capex_to_assets_sector_zscore,0.10757379978895187,0.004378863169945387,2,balanced,51
52,2024-04-30,fund__capex_to_assets_zscore,0.8799555972218513,0.03581917867939622,16,balanced,51
52,2024-04-30,fund__cash_conversion_missing,0.0,0.0,0,balanced,51
52,2024-04-30,fund__cash_conversion_sector_zscore,0.12019400298595428,0.004892576946766502,1,balanced,51
52,2024-04-30,fund__cash_conversion_zscore,0.2854647058993578,0.01162003098741864,6,balanced,51
52,2024-04-30,fund__current_ratio_missing,0.0,0.0,0,balanced,51
52,2024-04-30,fund__current_ratio_sector_zscore,0.041891299188137054,0.0017052132351555724,1,balanced,51
52,2024-04-30,fund__current_ratio_zscore,0.0,0.0,0,balanced,51
52,2024-04-30,fund__debt_to_assets_missing,0.0,0.0,0,balanced,51
52,2024-04-30,fund__debt_to_assets_sector_zscore,0.034240998327732086,0.00139380264314942,1,balanced,51
52,2024-04-30,fund__debt_to_assets_zscore,0.0,0.0,0,balanced,51
52,2024-04-30,fund__earnings_yield_missing,0.0,0.0,0,balanced,51
52,2024-04-30,fund__earnings_yield_sector_zscore,0.7628822103142738,0.031053628488586577,13,balanced,51
52,2024-04-30,fund__earnings_yield_zscore,0.20636650174856186,0.008400285904096652,4,balanced,51
52,2024-04-30,fund__fcf_yield_missing,0.0,0.0,0,balanced,51
52,2024-04-30,fund__fcf_yield_sector_zscore,0.2861554026603699,0.011648146259114258,5,balanced,51
52,2024-04-30,fund__fcf_yield_zscore,0.0,0.0,0,balanced,51
52,2024-04-30,fund__gross_margin_missing,0.0,0.0,0,balanced,51
52,2024-04-30,fund__gross_margin_sector_zscore,0.0,0.0,0,balanced,51
52,2024-04-30,fund__gross_margin_zscore,0.3942769914865494,0.01604930754667492,5,balanced,51
52,2024-04-30,fund__gross_profitability_missing,0.0,0.0,0,balanced,51
52,2024-04-30,fund__gross_profitability_sector_zscore,0.2980940043926239,0.012134114994332092,4,balanced,51
52,2024-04-30,fund__gross_profitability_zscore,0.0,0.0,0,balanced,51
52,2024-04-30,fund__interest_coverage_missing,0.0,0.0,0,balanced,51
52,2024-04-30,fund__interest_coverage_sector_zscore,0.07674430310726166,0.0031239279735289873,1,balanced,51
52,2024-04-30,fund__interest_coverage_zscore,0.0,0.0,0,balanced,51
52,2024-04-30,fund__net_debt_to_assets_missing,0.0,0.0,0,balanced,51
52,2024-04-30,fund__net_debt_to_assets_sector_zscore,0.0,0.0,0,balanced,51
52,2024-04-30,fund__net_debt_to_assets_zscore,0.0,0.0,0,balanced,51
52,2024-04-30,fund__net_income_growth_acceleration_missing,0.0,0.0,0,balanced,51
52,2024-04-30,fund__net_income_growth_acceleration_sector_zscore,0.07019320130348206,0.002857261011244371,1,balanced,51
52,2024-04-30,fund__net_income_growth_acceleration_zscore,0.06763169914484024,0.0027529933597881823,1,balanced,51
52,2024-04-30,fund__net_income_growth_yoy_missing,0.0,0.0,0,balanced,51
52,2024-04-30,fund__net_income_growth_yoy_sector_zscore,0.14174600318074226,0.005769865469406429,3,balanced,51
52,2024-04-30,fund__net_income_growth_yoy_zscore,0.10230400413274765,0.004164352627811867,2,balanced,51
52,2024-04-30,fund__net_margin_missing,0.0,0.0,0,balanced,51
52,2024-04-30,fund__net_margin_sector_zscore,0.15590930357575417,0.006346392045452506,4,balanced,51
52,2024-04-30,fund__net_margin_zscore,0.07904479652643204,0.003217571090400104,1,balanced,51
52,2024-04-30,fund__operating_cash_flow_growth_acceleration_missing,0.0,0.0,0,balanced,51
52,2024-04-30,fund__operating_cash_flow_growth_acceleration_sector_zscore,0.10648849979043007,0.004334685310641425,2,balanced,51
52,2024-04-30,fund__operating_cash_flow_growth_acceleration_zscore,0.058206599205732346,0.0023693383891783895,1,balanced,51
52,2024-04-30,fund__operating_cash_flow_growth_yoy_missing,0.0,0.0,0,balanced,51
52,2024-04-30,fund__operating_cash_flow_growth_yoy_sector_zscore,0.3797917030751705,0.015459674233962486,6,balanced,51
52,2024-04-30,fund__operating_cash_flow_growth_yoy_zscore,0.17607109993696213,0.007167091395101207,4,balanced,51
52,2024-04-30,fund__operating_margin_missing,0.0,0.0,0,balanced,51
52,2024-04-30,fund__operating_margin_sector_zscore,0.03892200067639351,0.0015843459615335913,1,balanced,51
52,2024-04-30,fund__operating_margin_zscore,0.14114680141210556,0.005745474562315696,3,balanced,51
52,2024-04-30,fund__revenue_growth_acceleration_missing,0.0,0.0,0,balanced,51
52,2024-04-30,fund__revenue_growth_acceleration_sector_zscore,0.14827700331807137,0.006035714179969461,2,balanced,51
52,2024-04-30,fund__revenue_growth_acceleration_zscore,1.59359410405159,0.06486830941887299,23,balanced,51
52,2024-04-30,fund__revenue_growth_yoy_missing,0.0,0.0,0,balanced,51
52,2024-04-30,fund__revenue_growth_yoy_sector_zscore,0.3600181005895138,0.014654776574574653,7,balanced,51
52,2024-04-30,fund__revenue_growth_yoy_zscore,0.15207739733159542,0.006190411749542629,4,balanced,51
52,2024-04-30,fund__roa_missing,0.0,0.0,0,balanced,51
52,2024-04-30,fund__roa_sector_zscore,0.0,0.0,0,balanced,51
52,2024-04-30,fund__roa_zscore,0.058296799659729004,0.0023730100587363414,1,balanced,51
52,2024-04-30,fund__roe_missing,0.0,0.0,0,balanced,51
52,2024-04-30,fund__roe_sector_zscore,0.0,0.0,0,balanced,51
52,2024-04-30,fund__roe_zscore,0.28412079997360706,0.01156532640160233,6,balanced,51
52,2024-04-30,fund__sales_yield_missing,0.0,0.0,0,balanced,51
52,2024-04-30,fund__sales_yield_sector_zscore,0.3210956007242203,0.013070410293224402,8,balanced,51
52,2024-04-30,fund__sales_yield_zscore,1.931597001850605,0.07862694250063319,28,balanced,51
52,2024-04-30,tech__amihud_illiquidity_20d_sector_neutral,0.28808770328760147,0.011726801843154675,6,balanced,51
52,2024-04-30,tech__average_dollar_volume_20d_sector_neutral,0.24831869825720787,0.010107978005244206,3,balanced,51
52,2024-04-30,tech__beta_60d_market_sector_neutral,0.2389252968132496,0.009725613342992262,5,balanced,51
52,2024-04-30,tech__distance_sma_200d_sector_neutral,2.127317115664482,0.08659386009282115,19,balanced,51
52,2024-04-30,tech__distance_sma_50d_sector_neutral,0.0,0.0,0,balanced,51
52,2024-04-30,tech__dollar_volume_change_20d_60d_sector_neutral,0.14156819880008698,0.005762627823665237,2,balanced,51
52,2024-04-30,tech__downside_volatility_60d_sector_neutral,0.10764290019869804,0.004381675948148437,3,balanced,51
52,2024-04-30,tech__max_drawdown_126d_sector_neutral,1.86170868948102,0.0757820921965144,25,balanced,51
52,2024-04-30,tech__momentum_12_1_sector_neutral,0.033205900341272354,0.0013516682901834976,1,balanced,51
52,2024-04-30,tech__momentum_6_1_sector_neutral,5.062475897371769,0.20607145326490706,30,balanced,51
52,2024-04-30,tech__positive_day_ratio_60d_sector_neutral,0.4006914012134075,0.01631041036692468,5,balanced,51
52,2024-04-30,tech__return_1m_sector_neutral,0.05621739849448204,0.002288366649319687,1,balanced,51
52,2024-04-30,tech__return_1w_sector_neutral,0.5495415031909943,0.022369452909542113,9,balanced,51
52,2024-04-30,tech__return_3m_sector_neutral,0.5810577981173992,0.02365234468595164,9,balanced,51
52,2024-04-30,tech__reversal_1m_sector_neutral,0.0,0.0,0,balanced,51
52,2024-04-30,tech__sma_50_200_spread_sector_neutral,0.7800915949046612,0.03175414795064998,9,balanced,51
52,2024-04-30,tech__volatility_20d_sector_neutral,0.09316279739141464,0.0037922537189045828,1,balanced,51
52,2024-04-30,tech__volatility_60d_sector_neutral,0.877886202186346,0.03573494257615528,10,balanced,51
52,2024-04-30,tech__zero_volume_ratio_60d_sector_neutral,0.0,0.0,0,balanced,51
53,2024-05-31,fund__accruals_missing,0.0,0.0,0,balanced,34
53,2024-05-31,fund__accruals_sector_zscore,0.09844379872083664,0.005181489005770044,2,balanced,34
53,2024-05-31,fund__accruals_zscore,0.1716826967895031,0.00903634375607933,3,balanced,34
53,2024-05-31,fund__asset_growth_yoy_missing,0.0,0.0,0,balanced,34
53,2024-05-31,fund__asset_growth_yoy_sector_zscore,0.0751170963048935,0.003953711800099331,1,balanced,34
53,2024-05-31,fund__asset_growth_yoy_zscore,0.40361969731748104,0.021244111374585806,8,balanced,34
53,2024-05-31,fund__book_to_market_missing,0.0,0.0,0,balanced,34
53,2024-05-31,fund__book_to_market_sector_zscore,0.2567884065210819,0.013515796042890521,3,balanced,34
53,2024-05-31,fund__book_to_market_zscore,0.11560210213065147,0.006084598816960259,2,balanced,34
53,2024-05-31,fund__capex_to_assets_missing,0.0,0.0,0,balanced,34
53,2024-05-31,fund__capex_to_assets_sector_zscore,0.0,0.0,0,balanced,34
53,2024-05-31,fund__capex_to_assets_zscore,0.48324399814009666,0.025435055290458735,9,balanced,34
53,2024-05-31,fund__cash_conversion_missing,0.0,0.0,0,balanced,34
53,2024-05-31,fund__cash_conversion_sector_zscore,0.09212339669466019,0.004848821087260025,1,balanced,34
53,2024-05-31,fund__cash_conversion_zscore,0.22575300000607967,0.011882279054145437,4,balanced,34
53,2024-05-31,fund__current_ratio_missing,0.0,0.0,0,balanced,34
53,2024-05-31,fund__current_ratio_sector_zscore,0.06018339842557907,0.0031676918335538803,1,balanced,34
53,2024-05-31,fund__current_ratio_zscore,0.31253310292959213,0.01644986131997078,3,balanced,34
53,2024-05-31,fund__debt_to_assets_missing,0.0,0.0,0,balanced,34
53,2024-05-31,fund__debt_to_assets_sector_zscore,0.0,0.0,0,balanced,34
53,2024-05-31,fund__debt_to_assets_zscore,0.07484450191259384,0.003939364072105407,1,balanced,34
53,2024-05-31,fund__earnings_yield_missing,0.0,0.0,0,balanced,34
53,2024-05-31,fund__earnings_yield_sector_zscore,0.47734539583325386,0.02512458837025194,7,balanced,34
53,2024-05-31,fund__earnings_yield_zscore,0.06051899865269661,0.0031853558094440695,2,balanced,34
53,2024-05-31,fund__fcf_yield_missing,0.0,0.0,0,balanced,34
53,2024-05-31,fund__fcf_yield_sector_zscore,0.14029790088534355,0.007384437012954846,3,balanced,34
53,2024-05-31,fund__fcf_yield_zscore,0.0,0.0,0,balanced,34
53,2024-05-31,fund__gross_margin_missing,0.0,0.0,0,balanced,34
53,2024-05-31,fund__gross_margin_sector_zscore,0.0,0.0,0,balanced,34
53,2024-05-31,fund__gross_margin_zscore,0.19971220195293427,0.010511648190981767,2,balanced,34
53,2024-05-31,fund__gross_profitability_missing,0.0,0.0,0,balanced,34
53,2024-05-31,fund__gross_profitability_sector_zscore,0.15475250035524368,0.008145240123046986,2,balanced,34
53,2024-05-31,fund__gross_profitability_zscore,0.0,0.0,0,balanced,34
53,2024-05-31,fund__interest_coverage_missing,0.0,0.0,0,balanced,34
53,2024-05-31,fund__interest_coverage_sector_zscore,0.0,0.0,0,balanced,34
53,2024-05-31,fund__interest_coverage_zscore,0.01575939916074276,0.0008294799118885149,1,balanced,34
53,2024-05-31,fund__net_debt_to_assets_missing,0.0,0.0,0,balanced,34
53,2024-05-31,fund__net_debt_to_assets_sector_zscore,0.0,0.0,0,balanced,34
53,2024-05-31,fund__net_debt_to_assets_zscore,0.0,0.0,0,balanced,34
53,2024-05-31,fund__net_income_growth_acceleration_missing,0.0,0.0,0,balanced,34
53,2024-05-31,fund__net_income_growth_acceleration_sector_zscore,0.047752801328897476,0.0025134200253899,1,balanced,34
53,2024-05-31,fund__net_income_growth_acceleration_zscore,0.054320599883794785,0.0028591094080275673,1,balanced,34
53,2024-05-31,fund__net_income_growth_yoy_missing,0.0,0.0,0,balanced,34
53,2024-05-31,fund__net_income_growth_yoy_sector_zscore,0.0,0.0,0,balanced,34
53,2024-05-31,fund__net_income_growth_yoy_zscore,0.16000419855117798,0.008421657904740087,2,balanced,34
53,2024-05-31,fund__net_margin_missing,0.0,0.0,0,balanced,34
53,2024-05-31,fund__net_margin_sector_zscore,0.0,0.0,0,balanced,34
53,2024-05-31,fund__net_margin_zscore,0.0,0.0,0,balanced,34
53,2024-05-31,fund__operating_cash_flow_growth_acceleration_missing,0.0,0.0,0,balanced,34
53,2024-05-31,fund__operating_cash_flow_growth_acceleration_sector_zscore,0.0,0.0,0,balanced,34
53,2024-05-31,fund__operating_cash_flow_growth_acceleration_zscore,0.07762960344552994,0.00408595505254679,1,balanced,34
53,2024-05-31,fund__operating_cash_flow_growth_yoy_missing,0.0,0.0,0,balanced,34
53,2024-05-31,fund__operating_cash_flow_growth_yoy_sector_zscore,0.24640190228819847,0.01296911297914891,4,balanced,34
53,2024-05-31,fund__operating_cash_flow_growth_yoy_zscore,0.09280640259385109,0.004884770406602826,2,balanced,34
53,2024-05-31,fund__operating_margin_missing,0.0,0.0,0,balanced,34
53,2024-05-31,fund__operating_margin_sector_zscore,0.0,0.0,0,balanced,34
53,2024-05-31,fund__operating_margin_zscore,0.09996619820594788,0.005261618950946817,2,balanced,34
53,2024-05-31,fund__revenue_growth_acceleration_missing,0.0,0.0,0,balanced,34
53,2024-05-31,fund__revenue_growth_acceleration_sector_zscore,0.0,0.0,0,balanced,34
53,2024-05-31,fund__revenue_growth_acceleration_zscore,0.9634280018508434,0.05070905089306089,13,balanced,34
53,2024-05-31,fund__revenue_growth_yoy_missing,0.0,0.0,0,balanced,34
53,2024-05-31,fund__revenue_growth_yoy_sector_zscore,0.23402969911694527,0.012317914675731215,5,balanced,34
53,2024-05-31,fund__revenue_growth_yoy_zscore,0.04085579887032509,0.0021504033308269166,2,balanced,34
53,2024-05-31,fund__roa_missing,0.0,0.0,0,balanced,34
53,2024-05-31,fund__roa_sector_zscore,0.0,0.0,0,balanced,34
53,2024-05-31,fund__roa_zscore,0.0,0.0,0,balanced,34
53,2024-05-31,fund__roe_missing,0.0,0.0,0,balanced,34
53,2024-05-31,fund__roe_sector_zscore,0.03296779841184616,0.0017352264666242276,1,balanced,34
53,2024-05-31,fund__roe_zscore,0.21150389313697815,0.011132291837645789,3,balanced,34
53,2024-05-31,fund__sales_yield_missing,0.0,0.0,0,balanced,34
53,2024-05-31,fund__sales_yield_sector_zscore,0.18550390377640724,0.00976380889842108,4,balanced,34
53,2024-05-31,fund__sales_yield_zscore,1.6583618111908436,0.0872861836289085,23,balanced,34
53,2024-05-31,tech__amihud_illiquidity_20d_sector_neutral,0.20694079995155334,0.010892118078812787,4,balanced,34
53,2024-05-31,tech__average_dollar_volume_20d_sector_neutral,0.070652199909091,0.0037187065291999647,2,balanced,34
53,2024-05-31,tech__beta_60d_market_sector_neutral,0.10149940475821495,0.005342317715088117,2,balanced,34
53,2024-05-31,tech__distance_sma_200d_sector_neutral,2.516414474695921,0.13244891099308753,21,balanced,34
53,2024-05-31,tech__distance_sma_50d_sector_neutral,0.0,0.0,0,balanced,34
53,2024-05-31,tech__dollar_volume_change_20d_60d_sector_neutral,0.05754829943180084,0.003028996083869369,1,balanced,34
53,2024-05-31,tech__downside_volatility_60d_sector_neutral,0.06727620214223862,0.0035410143277637422,1,balanced,34
53,2024-05-31,tech__max_drawdown_126d_sector_neutral,1.269636396318674,0.06682601762967401,16,balanced,34
53,2024-05-31,tech__momentum_12_1_sector_neutral,0.0,0.0,0,balanced,34
53,2024-05-31,tech__momentum_6_1_sector_neutral,4.540373116731644,0.23897791117501224,21,balanced,34
53,2024-05-31,tech__positive_day_ratio_60d_sector_neutral,0.3144970927387476,0.016553233921757927,4,balanced,34
53,2024-05-31,tech__return_1m_sector_neutral,0.04282110184431076,0.0022538450497064477,1,balanced,34
53,2024-05-31,tech__return_1w_sector_neutral,0.5224361941218376,0.02749789657889017,8,balanced,34
53,2024-05-31,tech__return_3m_sector_neutral,0.34212249517440796,0.018007268821470204,5,balanced,34
53,2024-05-31,tech__reversal_1m_sector_neutral,0.0,0.0,0,balanced,34
53,2024-05-31,tech__sma_50_200_spread_sector_neutral,0.637472502887249,0.033552715438761996,7,balanced,34
53,2024-05-31,tech__volatility_20d_sector_neutral,0.06360410153865814,0.0033477370553223395,1,balanced,34
53,2024-05-31,tech__volatility_60d_sector_neutral,0.7219844050705433,0.03800091327051396,7,balanced,34
53,2024-05-31,tech__zero_volume_ratio_60d_sector_neutral,0.0,0.0,0,balanced,34
54,2024-06-28,fund__accruals_missing,0.0,0.0,0,balanced,34
54,2024-06-28,fund__accruals_sector_zscore,0.09844379872083664,0.005181489005770044,2,balanced,34
54,2024-06-28,fund__accruals_zscore,0.1716826967895031,0.00903634375607933,3,balanced,34
54,2024-06-28,fund__asset_growth_yoy_missing,0.0,0.0,0,balanced,34
54,2024-06-28,fund__asset_growth_yoy_sector_zscore,0.0751170963048935,0.003953711800099331,1,balanced,34
54,2024-06-28,fund__asset_growth_yoy_zscore,0.40361969731748104,0.021244111374585806,8,balanced,34
54,2024-06-28,fund__book_to_market_missing,0.0,0.0,0,balanced,34
54,2024-06-28,fund__book_to_market_sector_zscore,0.2567884065210819,0.013515796042890521,3,balanced,34
54,2024-06-28,fund__book_to_market_zscore,0.11560210213065147,0.006084598816960259,2,balanced,34
54,2024-06-28,fund__capex_to_assets_missing,0.0,0.0,0,balanced,34
54,2024-06-28,fund__capex_to_assets_sector_zscore,0.0,0.0,0,balanced,34
54,2024-06-28,fund__capex_to_assets_zscore,0.48324399814009666,0.025435055290458735,9,balanced,34
54,2024-06-28,fund__cash_conversion_missing,0.0,0.0,0,balanced,34
54,2024-06-28,fund__cash_conversion_sector_zscore,0.09212339669466019,0.004848821087260025,1,balanced,34
54,2024-06-28,fund__cash_conversion_zscore,0.22575300000607967,0.011882279054145437,4,balanced,34
54,2024-06-28,fund__current_ratio_missing,0.0,0.0,0,balanced,34
54,2024-06-28,fund__current_ratio_sector_zscore,0.06018339842557907,0.0031676918335538803,1,balanced,34
54,2024-06-28,fund__current_ratio_zscore,0.31253310292959213,0.01644986131997078,3,balanced,34
54,2024-06-28,fund__debt_to_assets_missing,0.0,0.0,0,balanced,34
54,2024-06-28,fund__debt_to_assets_sector_zscore,0.0,0.0,0,balanced,34
54,2024-06-28,fund__debt_to_assets_zscore,0.07484450191259384,0.003939364072105407,1,balanced,34
54,2024-06-28,fund__earnings_yield_missing,0.0,0.0,0,balanced,34
54,2024-06-28,fund__earnings_yield_sector_zscore,0.47734539583325386,0.02512458837025194,7,balanced,34
54,2024-06-28,fund__earnings_yield_zscore,0.06051899865269661,0.0031853558094440695,2,balanced,34
54,2024-06-28,fund__fcf_yield_missing,0.0,0.0,0,balanced,34
54,2024-06-28,fund__fcf_yield_sector_zscore,0.14029790088534355,0.007384437012954846,3,balanced,34
54,2024-06-28,fund__fcf_yield_zscore,0.0,0.0,0,balanced,34
54,2024-06-28,fund__gross_margin_missing,0.0,0.0,0,balanced,34
54,2024-06-28,fund__gross_margin_sector_zscore,0.0,0.0,0,balanced,34
54,2024-06-28,fund__gross_margin_zscore,0.19971220195293427,0.010511648190981767,2,balanced,34
54,2024-06-28,fund__gross_profitability_missing,0.0,0.0,0,balanced,34
54,2024-06-28,fund__gross_profitability_sector_zscore,0.15475250035524368,0.008145240123046986,2,balanced,34
54,2024-06-28,fund__gross_profitability_zscore,0.0,0.0,0,balanced,34
54,2024-06-28,fund__interest_coverage_missing,0.0,0.0,0,balanced,34
54,2024-06-28,fund__interest_coverage_sector_zscore,0.0,0.0,0,balanced,34
54,2024-06-28,fund__interest_coverage_zscore,0.01575939916074276,0.0008294799118885149,1,balanced,34
54,2024-06-28,fund__net_debt_to_assets_missing,0.0,0.0,0,balanced,34
54,2024-06-28,fund__net_debt_to_assets_sector_zscore,0.0,0.0,0,balanced,34
54,2024-06-28,fund__net_debt_to_assets_zscore,0.0,0.0,0,balanced,34
54,2024-06-28,fund__net_income_growth_acceleration_missing,0.0,0.0,0,balanced,34
54,2024-06-28,fund__net_income_growth_acceleration_sector_zscore,0.047752801328897476,0.0025134200253899,1,balanced,34
54,2024-06-28,fund__net_income_growth_acceleration_zscore,0.054320599883794785,0.0028591094080275673,1,balanced,34
54,2024-06-28,fund__net_income_growth_yoy_missing,0.0,0.0,0,balanced,34
54,2024-06-28,fund__net_income_growth_yoy_sector_zscore,0.0,0.0,0,balanced,34
54,2024-06-28,fund__net_income_growth_yoy_zscore,0.16000419855117798,0.008421657904740087,2,balanced,34
54,2024-06-28,fund__net_margin_missing,0.0,0.0,0,balanced,34
54,2024-06-28,fund__net_margin_sector_zscore,0.0,0.0,0,balanced,34
54,2024-06-28,fund__net_margin_zscore,0.0,0.0,0,balanced,34
54,2024-06-28,fund__operating_cash_flow_growth_acceleration_missing,0.0,0.0,0,balanced,34
54,2024-06-28,fund__operating_cash_flow_growth_acceleration_sector_zscore,0.0,0.0,0,balanced,34
54,2024-06-28,fund__operating_cash_flow_growth_acceleration_zscore,0.07762960344552994,0.00408595505254679,1,balanced,34
54,2024-06-28,fund__operating_cash_flow_growth_yoy_missing,0.0,0.0,0,balanced,34
54,2024-06-28,fund__operating_cash_flow_growth_yoy_sector_zscore,0.24640190228819847,0.01296911297914891,4,balanced,34
54,2024-06-28,fund__operating_cash_flow_growth_yoy_zscore,0.09280640259385109,0.004884770406602826,2,balanced,34
54,2024-06-28,fund__operating_margin_missing,0.0,0.0,0,balanced,34
54,2024-06-28,fund__operating_margin_sector_zscore,0.0,0.0,0,balanced,34
54,2024-06-28,fund__operating_margin_zscore,0.09996619820594788,0.005261618950946817,2,balanced,34
54,2024-06-28,fund__revenue_growth_acceleration_missing,0.0,0.0,0,balanced,34
54,2024-06-28,fund__revenue_growth_acceleration_sector_zscore,0.0,0.0,0,balanced,34
54,2024-06-28,fund__revenue_growth_acceleration_zscore,0.9634280018508434,0.05070905089306089,13,balanced,34
54,2024-06-28,fund__revenue_growth_yoy_missing,0.0,0.0,0,balanced,34
54,2024-06-28,fund__revenue_growth_yoy_sector_zscore,0.23402969911694527,0.012317914675731215,5,balanced,34
54,2024-06-28,fund__revenue_growth_yoy_zscore,0.04085579887032509,0.0021504033308269166,2,balanced,34
54,2024-06-28,fund__roa_missing,0.0,0.0,0,balanced,34
54,2024-06-28,fund__roa_sector_zscore,0.0,0.0,0,balanced,34
54,2024-06-28,fund__roa_zscore,0.0,0.0,0,balanced,34
54,2024-06-28,fund__roe_missing,0.0,0.0,0,balanced,34
54,2024-06-28,fund__roe_sector_zscore,0.03296779841184616,0.0017352264666242276,1,balanced,34
54,2024-06-28,fund__roe_zscore,0.21150389313697815,0.011132291837645789,3,balanced,34
54,2024-06-28,fund__sales_yield_missing,0.0,0.0,0,balanced,34
54,2024-06-28,fund__sales_yield_sector_zscore,0.18550390377640724,0.00976380889842108,4,balanced,34
54,2024-06-28,fund__sales_yield_zscore,1.6583618111908436,0.0872861836289085,23,balanced,34
54,2024-06-28,tech__amihud_illiquidity_20d_sector_neutral,0.20694079995155334,0.010892118078812787,4,balanced,34
54,2024-06-28,tech__average_dollar_volume_20d_sector_neutral,0.070652199909091,0.0037187065291999647,2,balanced,34
54,2024-06-28,tech__beta_60d_market_sector_neutral,0.10149940475821495,0.005342317715088117,2,balanced,34
54,2024-06-28,tech__distance_sma_200d_sector_neutral,2.516414474695921,0.13244891099308753,21,balanced,34
54,2024-06-28,tech__distance_sma_50d_sector_neutral,0.0,0.0,0,balanced,34
54,2024-06-28,tech__dollar_volume_change_20d_60d_sector_neutral,0.05754829943180084,0.003028996083869369,1,balanced,34
54,2024-06-28,tech__downside_volatility_60d_sector_neutral,0.06727620214223862,0.0035410143277637422,1,balanced,34
54,2024-06-28,tech__max_drawdown_126d_sector_neutral,1.269636396318674,0.06682601762967401,16,balanced,34
54,2024-06-28,tech__momentum_12_1_sector_neutral,0.0,0.0,0,balanced,34
54,2024-06-28,tech__momentum_6_1_sector_neutral,4.540373116731644,0.23897791117501224,21,balanced,34
54,2024-06-28,tech__positive_day_ratio_60d_sector_neutral,0.3144970927387476,0.016553233921757927,4,balanced,34
54,2024-06-28,tech__return_1m_sector_neutral,0.04282110184431076,0.0022538450497064477,1,balanced,34
54,2024-06-28,tech__return_1w_sector_neutral,0.5224361941218376,0.02749789657889017,8,balanced,34
54,2024-06-28,tech__return_3m_sector_neutral,0.34212249517440796,0.018007268821470204,5,balanced,34
54,2024-06-28,tech__reversal_1m_sector_neutral,0.0,0.0,0,balanced,34
54,2024-06-28,tech__sma_50_200_spread_sector_neutral,0.637472502887249,0.033552715438761996,7,balanced,34
54,2024-06-28,tech__volatility_20d_sector_neutral,0.06360410153865814,0.0033477370553223395,1,balanced,34
54,2024-06-28,tech__volatility_60d_sector_neutral,0.7219844050705433,0.03800091327051396,7,balanced,34
54,2024-06-28,tech__zero_volume_ratio_60d_sector_neutral,0.0,0.0,0,balanced,34
55,2024-07-31,fund__accruals_missing,0.0,0.0,0,shallow,31
55,2024-07-31,fund__accruals_sector_zscore,0.0,0.0,0,shallow,31
55,2024-07-31,fund__accruals_zscore,0.2017080970108509,0.014992095949095103,3,shallow,31
55,2024-07-31,fund__asset_growth_yoy_missing,0.0,0.0,0,shallow,31
55,2024-07-31,fund__asset_growth_yoy_sector_zscore,0.0,0.0,0,shallow,31
55,2024-07-31,fund__asset_growth_yoy_zscore,0.06022600084543228,0.004476339803336855,1,shallow,31
55,2024-07-31,fund__book_to_market_missing,0.0,0.0,0,shallow,31
55,2024-07-31,fund__book_to_market_sector_zscore,0.08552859723567963,0.006356973047442117,1,shallow,31
55,2024-07-31,fund__book_to_market_zscore,0.09433239698410034,0.007011321645742772,2,shallow,31
55,2024-07-31,fund__capex_to_assets_missing,0.0,0.0,0,shallow,31
55,2024-07-31,fund__capex_to_assets_sector_zscore,0.0,0.0,0,shallow,31
55,2024-07-31,fund__capex_to_assets_zscore,0.22118360549211502,0.016439626792603183,4,shallow,31
55,2024-07-31,fund__cash_conversion_missing,0.0,0.0,0,shallow,31
55,2024-07-31,fund__cash_conversion_sector_zscore,0.0,0.0,0,shallow,31
55,2024-07-31,fund__cash_conversion_zscore,0.03237760066986084,0.002406487905232317,1,shallow,31
55,2024-07-31,fund__current_ratio_missing,0.0,0.0,0,shallow,31
55,2024-07-31,fund__current_ratio_sector_zscore,0.0,0.0,0,shallow,31
55,2024-07-31,fund__current_ratio_zscore,0.14473070204257965,0.010757211058738624,2,shallow,31
55,2024-07-31,fund__debt_to_assets_missing,0.0,0.0,0,shallow,31
55,2024-07-31,fund__debt_to_assets_sector_zscore,0.04355119913816452,0.003236973457453155,1,shallow,31
55,2024-07-31,fund__debt_to_assets_zscore,0.0,0.0,0,shallow,31
55,2024-07-31,fund__earnings_yield_missing,0.0,0.0,0,shallow,31
55,2024-07-31,fund__earnings_yield_sector_zscore,0.4180729016661644,0.031073561985756885,5,shallow,31
55,2024-07-31,fund__earnings_yield_zscore,0.17167530208826065,0.01275988737754357,2,shallow,31
55,2024-07-31,fund__fcf_yield_missing,0.0,0.0,0,shallow,31
55,2024-07-31,fund__fcf_yield_sector_zscore,0.16995790228247643,0.012632240431026152,2,shallow,31
55,2024-07-31,fund__fcf_yield_zscore,0.0,0.0,0,shallow,31
55,2024-07-31,fund__gross_margin_missing,0.0,0.0,0,shallow,31
55,2024-07-31,fund__gross_margin_sector_zscore,0.0,0.0,0,shallow,31
55,2024-07-31,fund__gross_margin_zscore,0.0,0.0,0,shallow,31
55,2024-07-31,fund__gross_profitability_missing,0.0,0.0,0,shallow,31
55,2024-07-31,fund__gross_profitability_sector_zscore,0.0,0.0,0,shallow,31
55,2024-07-31,fund__gross_profitability_zscore,0.0,0.0,0,shallow,31
55,2024-07-31,fund__interest_coverage_missing,0.0,0.0,0,shallow,31
55,2024-07-31,fund__interest_coverage_sector_zscore,0.0,0.0,0,shallow,31
55,2024-07-31,fund__interest_coverage_zscore,0.0,0.0,0,shallow,31
55,2024-07-31,fund__net_debt_to_assets_missing,0.0,0.0,0,shallow,31
55,2024-07-31,fund__net_debt_to_assets_sector_zscore,0.0,0.0,0,shallow,31
55,2024-07-31,fund__net_debt_to_assets_zscore,0.0,0.0,0,shallow,31
55,2024-07-31,fund__net_income_growth_acceleration_missing,0.0,0.0,0,shallow,31
55,2024-07-31,fund__net_income_growth_acceleration_sector_zscore,0.0,0.0,0,shallow,31
55,2024-07-31,fund__net_income_growth_acceleration_zscore,0.047579098492860794,0.0035363499053686605,1,shallow,31
55,2024-07-31,fund__net_income_growth_yoy_missing,0.0,0.0,0,shallow,31
55,2024-07-31,fund__net_income_growth_yoy_sector_zscore,0.0,0.0,0,shallow,31
55,2024-07-31,fund__net_income_growth_yoy_zscore,0.041243501007556915,0.0030654521734376924,1,shallow,31
55,2024-07-31,fund__net_margin_missing,0.0,0.0,0,shallow,31
55,2024-07-31,fund__net_margin_sector_zscore,0.0,0.0,0,shallow,31
55,2024-07-31,fund__net_margin_zscore,0.0,0.0,0,shallow,31
55,2024-07-31,fund__operating_cash_flow_growth_acceleration_missing,0.0,0.0,0,shallow,31
55,2024-07-31,fund__operating_cash_flow_growth_acceleration_sector_zscore,0.0,0.0,0,shallow,31
55,2024-07-31,fund__operating_cash_flow_growth_acceleration_zscore,0.0,0.0,0,shallow,31
55,2024-07-31,fund__operating_cash_flow_growth_yoy_missing,0.0,0.0,0,shallow,31
55,2024-07-31,fund__operating_cash_flow_growth_yoy_sector_zscore,0.04573399946093559,0.0033992116241983363,1,shallow,31
55,2024-07-31,fund__operating_cash_flow_growth_yoy_zscore,0.04368919879198074,0.0032472303786259494,1,shallow,31
55,2024-07-31,fund__operating_margin_missing,0.0,0.0,0,shallow,31
55,2024-07-31,fund__operating_margin_sector_zscore,0.0,0.0,0,shallow,31
55,2024-07-31,fund__operating_margin_zscore,0.05680999904870987,0.004222443071090213,1,shallow,31
55,2024-07-31,fund__revenue_growth_acceleration_missing,0.0,0.0,0,shallow,31
55,2024-07-31,fund__revenue_growth_acceleration_sector_zscore,0.10873100161552429,0.008081508045626266,1,shallow,31
55,2024-07-31,fund__revenue_growth_acceleration_zscore,0.5413329005241394,0.04023494795364247,6,shallow,31
55,2024-07-31,fund__revenue_growth_yoy_missing,0.0,0.0,0,shallow,31
55,2024-07-31,fund__revenue_growth_yoy_sector_zscore,0.15172230079770088,0.011276866545690706,3,shallow,31
55,2024-07-31,fund__revenue_growth_yoy_zscore,0.07588200271129608,0.0056399831356103,1,shallow,31
55,2024-07-31,fund__roa_missing,0.0,0.0,0,shallow,31
55,2024-07-31,fund__roa_sector_zscore,0.0,0.0,0,shallow,31
55,2024-07-31,fund__roa_zscore,0.0,0.0,0,shallow,31
55,2024-07-31,fund__roe_missing,0.0,0.0,0,shallow,31
55,2024-07-31,fund__roe_sector_zscore,0.0,0.0,0,shallow,31
55,2024-07-31,fund__roe_zscore,0.0,0.0,0,shallow,31
55,2024-07-31,fund__sales_yield_missing,0.0,0.0,0,shallow,31
55,2024-07-31,fund__sales_yield_sector_zscore,0.3110673055052757,0.023120295912120458,5,shallow,31
55,2024-07-31,fund__sales_yield_zscore,1.2755454182624817,0.09480580889616465,16,shallow,31
55,2024-07-31,tech__amihud_illiquidity_20d_sector_neutral,0.03850260004401207,0.002861732784670562,1,shallow,31
55,2024-07-31,tech__average_dollar_volume_20d_sector_neutral,0.0,0.0,0,shallow,31
55,2024-07-31,tech__beta_60d_market_sector_neutral,0.0,0.0,0,shallow,31
55,2024-07-31,tech__distance_sma_200d_sector_neutral,1.7902518063783646,0.13306172261801383,13,shallow,31
55,2024-07-31,tech__distance_sma_50d_sector_neutral,0.03260060027241707,0.0024230625072818976,1,shallow,31
55,2024-07-31,tech__dollar_volume_change_20d_60d_sector_neutral,0.10920999944210052,0.008117109895437246,1,shallow,31
55,2024-07-31,tech__downside_volatility_60d_sector_neutral,0.0,0.0,0,shallow,31
55,2024-07-31,tech__max_drawdown_126d_sector_neutral,1.242437705397606,0.09234505488935546,13,shallow,31
55,2024-07-31,tech__momentum_12_1_sector_neutral,0.0,0.0,0,shallow,31
55,2024-07-31,tech__momentum_6_1_sector_neutral,3.884210780262947,0.2886966937231034,17,shallow,31
55,2024-07-31,tech__positive_day_ratio_60d_sector_neutral,0.0,0.0,0,shallow,31
55,2024-07-31,tech__return_1m_sector_neutral,0.0,0.0,0,shallow,31
55,2024-07-31,tech__return_1w_sector_neutral,0.19551290199160576,0.014531633729044102,3,shallow,31
55,2024-07-31,tech__return_3m_sector_neutral,0.3174246996641159,0.023592813697117566,4,shallow,31
55,2024-07-31,tech__reversal_1m_sector_neutral,0.0,0.0,0,shallow,31
55,2024-07-31,tech__sma_50_200_spread_sector_neutral,0.48946451023221016,0.03637979342338143,5,shallow,31
55,2024-07-31,tech__volatility_20d_sector_neutral,0.0,0.0,0,shallow,31
55,2024-07-31,tech__volatility_60d_sector_neutral,1.0119993947446346,0.07521756563704804,7,shallow,31
55,2024-07-31,tech__zero_volume_ratio_60d_sector_neutral,0.0,0.0,0,shallow,31
56,2024-08-30,fund__accruals_missing,0.0,0.0,0,shallow,31
56,2024-08-30,fund__accruals_sector_zscore,0.0,0.0,0,shallow,31
56,2024-08-30,fund__accruals_zscore,0.25101280212402344,0.01951286892865431,4,shallow,31
56,2024-08-30,fund__asset_growth_yoy_missing,0.0,0.0,0,shallow,31
56,2024-08-30,fund__asset_growth_yoy_sector_zscore,0.0,0.0,0,shallow,31
56,2024-08-30,fund__asset_growth_yoy_zscore,0.13501190021634102,0.010495359162710539,2,shallow,31
56,2024-08-30,fund__book_to_market_missing,0.0,0.0,0,shallow,31
56,2024-08-30,fund__book_to_market_sector_zscore,0.10471440106630325,0.008140136143094992,2,shallow,31
56,2024-08-30,fund__book_to_market_zscore,0.10649869963526726,0.008278841355782022,2,shallow,31
56,2024-08-30,fund__capex_to_assets_missing,0.0,0.0,0,shallow,31
56,2024-08-30,fund__capex_to_assets_sector_zscore,0.0,0.0,0,shallow,31
56,2024-08-30,fund__capex_to_assets_zscore,0.23980459570884705,0.018641581644284727,4,shallow,31
56,2024-08-30,fund__cash_conversion_missing,0.0,0.0,0,shallow,31
56,2024-08-30,fund__cash_conversion_sector_zscore,0.04903220012784004,0.0038115940154532946,1,shallow,31
56,2024-08-30,fund__cash_conversion_zscore,0.07949219644069672,0.006179449003687705,1,shallow,31
56,2024-08-30,fund__current_ratio_missing,0.0,0.0,0,shallow,31
56,2024-08-30,fund__current_ratio_sector_zscore,0.0,0.0,0,shallow,31
56,2024-08-30,fund__current_ratio_zscore,0.053558100014925,0.004163421852653667,1,shallow,31
56,2024-08-30,fund__debt_to_assets_missing,0.0,0.0,0,shallow,31
56,2024-08-30,fund__debt_to_assets_sector_zscore,0.032033998519182205,0.0024902124874756943,1,shallow,31
56,2024-08-30,fund__debt_to_assets_zscore,0.0,0.0,0,shallow,31
56,2024-08-30,fund__earnings_yield_missing,0.0,0.0,0,shallow,31
56,2024-08-30,fund__earnings_yield_sector_zscore,0.4090276062488556,0.0317963944523899,5,shallow,31
56,2024-08-30,fund__earnings_yield_zscore,0.19435600191354752,0.015108564817194156,3,shallow,31
56,2024-08-30,fund__fcf_yield_missing,0.0,0.0,0,shallow,31
56,2024-08-30,fund__fcf_yield_sector_zscore,0.0551862008869648,0.004289984795459443,1,shallow,31
56,2024-08-30,fund__fcf_yield_zscore,0.0,0.0,0,shallow,31
56,2024-08-30,fund__gross_margin_missing,0.0,0.0,0,shallow,31
56,2024-08-30,fund__gross_margin_sector_zscore,0.06666730344295502,0.005182486083982504,1,shallow,31
56,2024-08-30,fund__gross_margin_zscore,0.062369998544454575,0.004848428432255751,1,shallow,31
56,2024-08-30,fund__gross_profitability_missing,0.0,0.0,0,shallow,31
56,2024-08-30,fund__gross_profitability_sector_zscore,0.0,0.0,0,shallow,31
56,2024-08-30,fund__gross_profitability_zscore,0.0,0.0,0,shallow,31
56,2024-08-30,fund__interest_coverage_missing,0.0,0.0,0,shallow,31
56,2024-08-30,fund__interest_coverage_sector_zscore,0.0,0.0,0,shallow,31
56,2024-08-30,fund__interest_coverage_zscore,0.0,0.0,0,shallow,31
56,2024-08-30,fund__net_debt_to_assets_missing,0.0,0.0,0,shallow,31
56,2024-08-30,fund__net_debt_to_assets_sector_zscore,0.0,0.0,0,shallow,31
56,2024-08-30,fund__net_debt_to_assets_zscore,0.0,0.0,0,shallow,31
56,2024-08-30,fund__net_income_growth_acceleration_missing,0.0,0.0,0,shallow,31
56,2024-08-30,fund__net_income_growth_acceleration_sector_zscore,0.0,0.0,0,shallow,31
56,2024-08-30,fund__net_income_growth_acceleration_zscore,0.0,0.0,0,shallow,31
56,2024-08-30,fund__net_income_growth_yoy_missing,0.0,0.0,0,shallow,31
56,2024-08-30,fund__net_income_growth_yoy_sector_zscore,0.0847541019320488,0.006588491376422896,1,shallow,31
56,2024-08-30,fund__net_income_growth_yoy_zscore,0.0,0.0,0,shallow,31
56,2024-08-30,fund__net_margin_missing,0.0,0.0,0,shallow,31
56,2024-08-30,fund__net_margin_sector_zscore,0.0,0.0,0,shallow,31
56,2024-08-30,fund__net_margin_zscore,0.0,0.0,0,shallow,31
56,2024-08-30,fund__operating_cash_flow_growth_acceleration_missing,0.0,0.0,0,shallow,31
56,2024-08-30,fund__operating_cash_flow_growth_acceleration_sector_zscore,0.0,0.0,0,shallow,31
56,2024-08-30,fund__operating_cash_flow_growth_acceleration_zscore,0.0,0.0,0,shallow,31
56,2024-08-30,fund__operating_cash_flow_growth_yoy_missing,0.0,0.0,0,shallow,31
56,2024-08-30,fund__operating_cash_flow_growth_yoy_sector_zscore,0.09294959902763367,0.007225581035906879,2,shallow,31
56,2024-08-30,fund__operating_cash_flow_growth_yoy_zscore,0.0,0.0,0,shallow,31
56,2024-08-30,fund__operating_margin_missing,0.0,0.0,0,shallow,31
56,2024-08-30,fund__operating_margin_sector_zscore,0.0,0.0,0,shallow,31
56,2024-08-30,fund__operating_margin_zscore,0.05514189973473549,0.004286540976779582,1,shallow,31
56,2024-08-30,fund__revenue_growth_acceleration_missing,0.0,0.0,0,shallow,31
56,2024-08-30,fund__revenue_growth_acceleration_sector_zscore,0.055191799998283386,0.004290420051049405,1,shallow,31
56,2024-08-30,fund__revenue_growth_acceleration_zscore,0.5200408920645714,0.04042618415686484,6,shallow,31
56,2024-08-30,fund__revenue_growth_yoy_missing,0.0,0.0,0,shallow,31
56,2024-08-30,fund__revenue_growth_yoy_sector_zscore,0.07409029826521873,0.0057595240828386155,2,shallow,31
56,2024-08-30,fund__revenue_growth_yoy_zscore,0.0,0.0,0,shallow,31
56,2024-08-30,fund__roa_missing,0.0,0.0,0,shallow,31
56,2024-08-30,fund__roa_sector_zscore,0.0,0.0,0,shallow,31
56,2024-08-30,fund__roa_zscore,0.0,0.0,0,shallow,31
56,2024-08-30,fund__roe_missing,0.0,0.0,0,shallow,31
56,2024-08-30,fund__roe_sector_zscore,0.0,0.0,0,shallow,31
56,2024-08-30,fund__roe_zscore,0.0,0.0,0,shallow,31
56,2024-08-30,fund__sales_yield_missing,0.0,0.0,0,shallow,31
56,2024-08-30,fund__sales_yield_sector_zscore,0.1037616990506649,0.008066076376414124,2,shallow,31
56,2024-08-30,fund__sales_yield_zscore,0.9097909890115261,0.07072401156766996,12,shallow,31
56,2024-08-30,tech__amihud_illiquidity_20d_sector_neutral,0.08033540099859238,0.00624499681590699,2,shallow,31
56,2024-08-30,tech__average_dollar_volume_20d_sector_neutral,0.0,0.0,0,shallow,31
56,2024-08-30,tech__beta_60d_market_sector_neutral,0.11559099704027176,0.008985645176236312,1,shallow,31
56,2024-08-30,tech__distance_sma_200d_sector_neutral,1.4798263013362885,0.11503658941221276,11,shallow,31
56,2024-08-30,tech__distance_sma_50d_sector_neutral,0.0,0.0,0,shallow,31
56,2024-08-30,tech__dollar_volume_change_20d_60d_sector_neutral,0.11843949928879738,0.00920707791013725,2,shallow,31
56,2024-08-30,tech__downside_volatility_60d_sector_neutral,0.0,0.0,0,shallow,31
56,2024-08-30,tech__max_drawdown_126d_sector_neutral,0.7769476883113384,0.06039723184696148,9,shallow,31
56,2024-08-30,tech__momentum_12_1_sector_neutral,0.0,0.0,0,shallow,31
56,2024-08-30,tech__momentum_6_1_sector_neutral,4.386056415736675,0.3409568883728345,20,shallow,31
56,2024-08-30,tech__positive_day_ratio_60d_sector_neutral,0.0,0.0,0,shallow,31
56,2024-08-30,tech__return_1m_sector_neutral,0.0,0.0,0,shallow,31
56,2024-08-30,tech__return_1w_sector_neutral,0.13286499679088593,0.010328466299920673,2,shallow,31
56,2024-08-30,tech__return_3m_sector_neutral,0.4684508964419365,0.03641575594724333,5,shallow,31
56,2024-08-30,tech__reversal_1m_sector_neutral,0.0,0.0,0,shallow,31
56,2024-08-30,tech__sma_50_200_spread_sector_neutral,0.568050105124712,0.04415825468826147,7,shallow,31
56,2024-08-30,tech__volatility_20d_sector_neutral,0.0,0.0,0,shallow,31
56,2024-08-30,tech__volatility_60d_sector_neutral,1.0029122978448868,0.07796294073126021,7,shallow,31
56,2024-08-30,tech__zero_volume_ratio_60d_sector_neutral,0.0,0.0,0,shallow,31
57,2024-09-30,fund__accruals_missing,0.0,0.0,0,shallow,31
57,2024-09-30,fund__accruals_sector_zscore,0.0,0.0,0,shallow,31
57,2024-09-30,fund__accruals_zscore,0.25101280212402344,0.01951286892865431,4,shallow,31
57,2024-09-30,fund__asset_growth_yoy_missing,0.0,0.0,0,shallow,31
57,2024-09-30,fund__asset_growth_yoy_sector_zscore,0.0,0.0,0,shallow,31
57,2024-09-30,fund__asset_growth_yoy_zscore,0.13501190021634102,0.010495359162710539,2,shallow,31
57,2024-09-30,fund__book_to_market_missing,0.0,0.0,0,shallow,31
57,2024-09-30,fund__book_to_market_sector_zscore,0.10471440106630325,0.008140136143094992,2,shallow,31
57,2024-09-30,fund__book_to_market_zscore,0.10649869963526726,0.008278841355782022,2,shallow,31
57,2024-09-30,fund__capex_to_assets_missing,0.0,0.0,0,shallow,31
57,2024-09-30,fund__capex_to_assets_sector_zscore,0.0,0.0,0,shallow,31
57,2024-09-30,fund__capex_to_assets_zscore,0.23980459570884705,0.018641581644284727,4,shallow,31
57,2024-09-30,fund__cash_conversion_missing,0.0,0.0,0,shallow,31
57,2024-09-30,fund__cash_conversion_sector_zscore,0.04903220012784004,0.0038115940154532946,1,shallow,31
57,2024-09-30,fund__cash_conversion_zscore,0.07949219644069672,0.006179449003687705,1,shallow,31
57,2024-09-30,fund__current_ratio_missing,0.0,0.0,0,shallow,31
57,2024-09-30,fund__current_ratio_sector_zscore,0.0,0.0,0,shallow,31
57,2024-09-30,fund__current_ratio_zscore,0.053558100014925,0.004163421852653667,1,shallow,31
57,2024-09-30,fund__debt_to_assets_missing,0.0,0.0,0,shallow,31
57,2024-09-30,fund__debt_to_assets_sector_zscore,0.032033998519182205,0.0024902124874756943,1,shallow,31
57,2024-09-30,fund__debt_to_assets_zscore,0.0,0.0,0,shallow,31
57,2024-09-30,fund__earnings_yield_missing,0.0,0.0,0,shallow,31
57,2024-09-30,fund__earnings_yield_sector_zscore,0.4090276062488556,0.0317963944523899,5,shallow,31
57,2024-09-30,fund__earnings_yield_zscore,0.19435600191354752,0.015108564817194156,3,shallow,31
57,2024-09-30,fund__fcf_yield_missing,0.0,0.0,0,shallow,31
57,2024-09-30,fund__fcf_yield_sector_zscore,0.0551862008869648,0.004289984795459443,1,shallow,31
57,2024-09-30,fund__fcf_yield_zscore,0.0,0.0,0,shallow,31
57,2024-09-30,fund__gross_margin_missing,0.0,0.0,0,shallow,31
57,2024-09-30,fund__gross_margin_sector_zscore,0.06666730344295502,0.005182486083982504,1,shallow,31
57,2024-09-30,fund__gross_margin_zscore,0.062369998544454575,0.004848428432255751,1,shallow,31
57,2024-09-30,fund__gross_profitability_missing,0.0,0.0,0,shallow,31
57,2024-09-30,fund__gross_profitability_sector_zscore,0.0,0.0,0,shallow,31
57,2024-09-30,fund__gross_profitability_zscore,0.0,0.0,0,shallow,31
57,2024-09-30,fund__interest_coverage_missing,0.0,0.0,0,shallow,31
57,2024-09-30,fund__interest_coverage_sector_zscore,0.0,0.0,0,shallow,31
57,2024-09-30,fund__interest_coverage_zscore,0.0,0.0,0,shallow,31
57,2024-09-30,fund__net_debt_to_assets_missing,0.0,0.0,0,shallow,31
57,2024-09-30,fund__net_debt_to_assets_sector_zscore,0.0,0.0,0,shallow,31
57,2024-09-30,fund__net_debt_to_assets_zscore,0.0,0.0,0,shallow,31
57,2024-09-30,fund__net_income_growth_acceleration_missing,0.0,0.0,0,shallow,31
57,2024-09-30,fund__net_income_growth_acceleration_sector_zscore,0.0,0.0,0,shallow,31
57,2024-09-30,fund__net_income_growth_acceleration_zscore,0.0,0.0,0,shallow,31
57,2024-09-30,fund__net_income_growth_yoy_missing,0.0,0.0,0,shallow,31
57,2024-09-30,fund__net_income_growth_yoy_sector_zscore,0.0847541019320488,0.006588491376422896,1,shallow,31
57,2024-09-30,fund__net_income_growth_yoy_zscore,0.0,0.0,0,shallow,31
57,2024-09-30,fund__net_margin_missing,0.0,0.0,0,shallow,31
57,2024-09-30,fund__net_margin_sector_zscore,0.0,0.0,0,shallow,31
57,2024-09-30,fund__net_margin_zscore,0.0,0.0,0,shallow,31
57,2024-09-30,fund__operating_cash_flow_growth_acceleration_missing,0.0,0.0,0,shallow,31
57,2024-09-30,fund__operating_cash_flow_growth_acceleration_sector_zscore,0.0,0.0,0,shallow,31
57,2024-09-30,fund__operating_cash_flow_growth_acceleration_zscore,0.0,0.0,0,shallow,31
57,2024-09-30,fund__operating_cash_flow_growth_yoy_missing,0.0,0.0,0,shallow,31
57,2024-09-30,fund__operating_cash_flow_growth_yoy_sector_zscore,0.09294959902763367,0.007225581035906879,2,shallow,31
57,2024-09-30,fund__operating_cash_flow_growth_yoy_zscore,0.0,0.0,0,shallow,31
57,2024-09-30,fund__operating_margin_missing,0.0,0.0,0,shallow,31
57,2024-09-30,fund__operating_margin_sector_zscore,0.0,0.0,0,shallow,31
57,2024-09-30,fund__operating_margin_zscore,0.05514189973473549,0.004286540976779582,1,shallow,31
57,2024-09-30,fund__revenue_growth_acceleration_missing,0.0,0.0,0,shallow,31
57,2024-09-30,fund__revenue_growth_acceleration_sector_zscore,0.055191799998283386,0.004290420051049405,1,shallow,31
57,2024-09-30,fund__revenue_growth_acceleration_zscore,0.5200408920645714,0.04042618415686484,6,shallow,31
57,2024-09-30,fund__revenue_growth_yoy_missing,0.0,0.0,0,shallow,31
57,2024-09-30,fund__revenue_growth_yoy_sector_zscore,0.07409029826521873,0.0057595240828386155,2,shallow,31
57,2024-09-30,fund__revenue_growth_yoy_zscore,0.0,0.0,0,shallow,31
57,2024-09-30,fund__roa_missing,0.0,0.0,0,shallow,31
57,2024-09-30,fund__roa_sector_zscore,0.0,0.0,0,shallow,31
57,2024-09-30,fund__roa_zscore,0.0,0.0,0,shallow,31
57,2024-09-30,fund__roe_missing,0.0,0.0,0,shallow,31
57,2024-09-30,fund__roe_sector_zscore,0.0,0.0,0,shallow,31
57,2024-09-30,fund__roe_zscore,0.0,0.0,0,shallow,31
57,2024-09-30,fund__sales_yield_missing,0.0,0.0,0,shallow,31
57,2024-09-30,fund__sales_yield_sector_zscore,0.1037616990506649,0.008066076376414124,2,shallow,31
57,2024-09-30,fund__sales_yield_zscore,0.9097909890115261,0.07072401156766996,12,shallow,31
57,2024-09-30,tech__amihud_illiquidity_20d_sector_neutral,0.08033540099859238,0.00624499681590699,2,shallow,31
57,2024-09-30,tech__average_dollar_volume_20d_sector_neutral,0.0,0.0,0,shallow,31
57,2024-09-30,tech__beta_60d_market_sector_neutral,0.11559099704027176,0.008985645176236312,1,shallow,31
57,2024-09-30,tech__distance_sma_200d_sector_neutral,1.4798263013362885,0.11503658941221276,11,shallow,31
57,2024-09-30,tech__distance_sma_50d_sector_neutral,0.0,0.0,0,shallow,31
57,2024-09-30,tech__dollar_volume_change_20d_60d_sector_neutral,0.11843949928879738,0.00920707791013725,2,shallow,31
57,2024-09-30,tech__downside_volatility_60d_sector_neutral,0.0,0.0,0,shallow,31
57,2024-09-30,tech__max_drawdown_126d_sector_neutral,0.7769476883113384,0.06039723184696148,9,shallow,31
57,2024-09-30,tech__momentum_12_1_sector_neutral,0.0,0.0,0,shallow,31
57,2024-09-30,tech__momentum_6_1_sector_neutral,4.386056415736675,0.3409568883728345,20,shallow,31
57,2024-09-30,tech__positive_day_ratio_60d_sector_neutral,0.0,0.0,0,shallow,31
57,2024-09-30,tech__return_1m_sector_neutral,0.0,0.0,0,shallow,31
57,2024-09-30,tech__return_1w_sector_neutral,0.13286499679088593,0.010328466299920673,2,shallow,31
57,2024-09-30,tech__return_3m_sector_neutral,0.4684508964419365,0.03641575594724333,5,shallow,31
57,2024-09-30,tech__reversal_1m_sector_neutral,0.0,0.0,0,shallow,31
57,2024-09-30,tech__sma_50_200_spread_sector_neutral,0.568050105124712,0.04415825468826147,7,shallow,31
57,2024-09-30,tech__volatility_20d_sector_neutral,0.0,0.0,0,shallow,31
57,2024-09-30,tech__volatility_60d_sector_neutral,1.0029122978448868,0.07796294073126021,7,shallow,31
57,2024-09-30,tech__zero_volume_ratio_60d_sector_neutral,0.0,0.0,0,shallow,31
58,2024-10-31,fund__accruals_missing,0.0,0.0,0,shallow,131
58,2024-10-31,fund__accruals_sector_zscore,0.0,0.0,0,shallow,131
58,2024-10-31,fund__accruals_zscore,0.25515929982066154,0.007105285211018273,6,shallow,131
58,2024-10-31,fund__asset_growth_yoy_missing,0.0,0.0,0,shallow,131
58,2024-10-31,fund__asset_growth_yoy_sector_zscore,0.13414419814944267,0.0037354420862772716,2,shallow,131
58,2024-10-31,fund__asset_growth_yoy_zscore,0.2965682987123728,0.008258379562802206,6,shallow,131
58,2024-10-31,fund__book_to_market_missing,0.0,0.0,0,shallow,131
58,2024-10-31,fund__book_to_market_sector_zscore,0.14016719721257687,0.0039031613353869175,3,shallow,131
58,2024-10-31,fund__book_to_market_zscore,0.7917524892836809,0.022047510150906544,17,shallow,131
58,2024-10-31,fund__capex_to_assets_missing,0.0,0.0,0,shallow,131
58,2024-10-31,fund__capex_to_assets_sector_zscore,0.0,0.0,0,shallow,131
58,2024-10-31,fund__capex_to_assets_zscore,0.6198277026414871,0.01726001212596748,14,shallow,131
58,2024-10-31,fund__cash_conversion_missing,0.0,0.0,0,shallow,131
58,2024-10-31,fund__cash_conversion_sector_zscore,0.25212040543556213,0.007020662736558321,4,shallow,131
58,2024-10-31,fund__cash_conversion_zscore,0.7588701006025076,0.021131851775281953,13,shallow,131
58,2024-10-31,fund__current_ratio_missing,0.0,0.0,0,shallow,131
58,2024-10-31,fund__current_ratio_sector_zscore,0.0,0.0,0,shallow,131
58,2024-10-31,fund__current_ratio_zscore,0.09946480393409729,0.0027697434540167464,2,shallow,131
58,2024-10-31,fund__debt_to_assets_missing,0.0,0.0,0,shallow,131
58,2024-10-31,fund__debt_to_assets_sector_zscore,0.10896239802241325,0.0030342179014046975,3,shallow,131
58,2024-10-31,fund__debt_to_assets_zscore,0.0,0.0,0,shallow,131
58,2024-10-31,fund__earnings_yield_missing,0.0,0.0,0,shallow,131
58,2024-10-31,fund__earnings_yield_sector_zscore,0.7899664118885994,0.021997774204343255,11,shallow,131
58,2024-10-31,fund__earnings_yield_zscore,0.2579224966466427,0.007182230482292241,6,shallow,131
58,2024-10-31,fund__fcf_yield_missing,0.0,0.0,0,shallow,131
58,2024-10-31,fund__fcf_yield_sector_zscore,0.39030299708247185,0.010868559817084254,9,shallow,131
58,2024-10-31,fund__fcf_yield_zscore,0.0,0.0,0,shallow,131
58,2024-10-31,fund__gross_margin_missing,0.0,0.0,0,shallow,131
58,2024-10-31,fund__gross_margin_sector_zscore,0.13042419776320457,0.003631853215529087,3,shallow,131
58,2024-10-31,fund__gross_margin_zscore,0.608269702643156,0.01693816265187498,8,shallow,131
58,2024-10-31,fund__gross_profitability_missing,0.0,0.0,0,shallow,131
58,2024-10-31,fund__gross_profitability_sector_zscore,0.39358849823474884,0.010960049418930884,5,shallow,131
58,2024-10-31,fund__gross_profitability_zscore,0.0,0.0,0,shallow,131
58,2024-10-31,fund__interest_coverage_missing,0.0,0.0,0,shallow,131
58,2024-10-31,fund__interest_coverage_sector_zscore,0.3001350052654743,0.008357699741771212,6,shallow,131
58,2024-10-31,fund__interest_coverage_zscore,0.21288170106709003,0.005928003421202075,4,shallow,131
58,2024-10-31,fund__net_debt_to_assets_missing,0.0,0.0,0,shallow,131
58,2024-10-31,fund__net_debt_to_assets_sector_zscore,0.0,0.0,0,shallow,131
58,2024-10-31,fund__net_debt_to_assets_zscore,0.038127198815345764,0.0010617078118282763,1,shallow,131
58,2024-10-31,fund__net_income_growth_acceleration_missing,0.0,0.0,0,shallow,131
58,2024-10-31,fund__net_income_growth_acceleration_sector_zscore,0.1676276996731758,0.00466783933128031,2,shallow,131
58,2024-10-31,fund__net_income_growth_acceleration_zscore,0.19122889637947083,0.005325049293987662,5,shallow,131
58,2024-10-31,fund__net_income_growth_yoy_missing,0.0,0.0,0,shallow,131
58,2024-10-31,fund__net_income_growth_yoy_sector_zscore,0.10195440240204334,0.0028390699774399715,3,shallow,131
58,2024-10-31,fund__net_income_growth_yoy_zscore,0.21295200288295746,0.005929961078449691,4,shallow,131
58,2024-10-31,fund__net_margin_missing,0.0,0.0,0,shallow,131
58,2024-10-31,fund__net_margin_sector_zscore,0.12514019757509232,0.0034847124747526396,3,shallow,131
58,2024-10-31,fund__net_margin_zscore,0.09235620126128197,0.0025717939790116822,2,shallow,131
58,2024-10-31,fund__operating_cash_flow_growth_acceleration_missing,0.0,0.0,0,shallow,131
58,2024-10-31,fund__operating_cash_flow_growth_acceleration_sector_zscore,0.6413114983588457,0.01785825995034376,12,shallow,131
58,2024-10-31,fund__operating_cash_flow_growth_acceleration_zscore,0.7190152928233147,0.020022036156174563,14,shallow,131
58,2024-10-31,fund__operating_cash_flow_growth_yoy_missing,0.0,0.0,0,shallow,131
58,2024-10-31,fund__operating_cash_flow_growth_yoy_sector_zscore,0.27568669989705086,0.007676900795031621,7,shallow,131
58,2024-10-31,fund__operating_cash_flow_growth_yoy_zscore,0.27088650315999985,0.007543232271447654,4,shallow,131
58,2024-10-31,fund__operating_margin_missing,0.0,0.0,0,shallow,131
58,2024-10-31,fund__operating_margin_sector_zscore,0.07270170003175735,0.0020244855445778398,2,shallow,131
58,2024-10-31,fund__operating_margin_zscore,0.2740093991160393,0.007630193892942897,6,shallow,131
58,2024-10-31,fund__revenue_growth_acceleration_missing,0.0,0.0,0,shallow,131
58,2024-10-31,fund__revenue_growth_acceleration_sector_zscore,0.35879239439964294,0.00999110083600875,5,shallow,131
58,2024-10-31,fund__revenue_growth_acceleration_zscore,2.0997002944350243,0.05846923651266356,30,shallow,131
58,2024-10-31,fund__revenue_growth_yoy_missing,0.0,0.0,0,shallow,131
58,2024-10-31,fund__revenue_growth_yoy_sector_zscore,0.5367536954581738,0.014946694464904415,12,shallow,131
58,2024-10-31,fund__revenue_growth_yoy_zscore,0.47877659648656845,0.01333223704873254,9,shallow,131
58,2024-10-31,fund__roa_missing,0.0,0.0,0,shallow,131
58,2024-10-31,fund__roa_sector_zscore,0.10865769907832146,0.0030257331120876318,2,shallow,131
58,2024-10-31,fund__roa_zscore,0.07883909717202187,0.002195390376051813,2,shallow,131
58,2024-10-31,fund__roe_missing,0.0,0.0,0,shallow,131
58,2024-10-31,fund__roe_sector_zscore,0.04771430045366287,0.0013286747283198213,1,shallow,131
58,2024-10-31,fund__roe_zscore,0.17155340127646923,0.004777156254333305,5,shallow,131
58,2024-10-31,fund__sales_yield_missing,0.0,0.0,0,shallow,131
58,2024-10-31,fund__sales_yield_sector_zscore,0.4392287991940975,0.012230970587239499,10,shallow,131
58,2024-10-31,fund__sales_yield_zscore,2.8592000156641006,0.0796186209984117,40,shallow,131
58,2024-10-31,tech__amihud_illiquidity_20d_sector_neutral,0.7213488984853029,0.02008701883095901,16,shallow,131
58,2024-10-31,tech__average_dollar_volume_20d_sector_neutral,0.6575670018792152,0.018310918304721268,13,shallow,131
58,2024-10-31,tech__beta_60d_market_sector_neutral,0.4666616953909397,0.012994879846199766,8,shallow,131
58,2024-10-31,tech__distance_sma_200d_sector_neutral,2.148099794983864,0.05981699164332917,25,shallow,131
58,2024-10-31,tech__distance_sma_50d_sector_neutral,0.22180739790201187,0.00617655255017279,4,shallow,131
58,2024-10-31,tech__dollar_volume_change_20d_60d_sector_neutral,0.6778287030756474,0.01887513511344533,13,shallow,131
58,2024-10-31,tech__downside_volatility_60d_sector_neutral,0.7950943037867546,0.022140567880659465,13,shallow,131
58,2024-10-31,tech__max_drawdown_126d_sector_neutral,1.7307367958128452,0.04819490635104173,22,shallow,131
58,2024-10-31,tech__momentum_12_1_sector_neutral,0.39406760409474373,0.01097339082480528,5,shallow,131
58,2024-10-31,tech__momentum_6_1_sector_neutral,4.847962327301502,0.13499862655196004,29,shallow,131
58,2024-10-31,tech__positive_day_ratio_60d_sector_neutral,0.06698460131883621,0.001865284539702058,1,shallow,131
58,2024-10-31,tech__return_1m_sector_neutral,0.369145292788744,0.0102793924870164,9,shallow,131
58,2024-10-31,tech__return_1w_sector_neutral,0.5947180949151516,0.0165607982444519,11,shallow,131
58,2024-10-31,tech__return_3m_sector_neutral,1.1675466988235712,0.032512051483739715,21,shallow,131
58,2024-10-31,tech__reversal_1m_sector_neutral,0.14314929954707623,0.0039862023518419465,4,shallow,131
58,2024-10-31,tech__sma_50_200_spread_sector_neutral,0.6177959013730288,0.017203433637491255,8,shallow,131
58,2024-10-31,tech__volatility_20d_sector_neutral,0.8795354962348938,0.024491956822094114,12,shallow,131
58,2024-10-31,tech__volatility_60d_sector_neutral,2.5084056053310633,0.06985023576769875,28,shallow,131
58,2024-10-31,tech__zero_volume_ratio_60d_sector_neutral,0.0,0.0,0,shallow,131
59,2024-11-29,fund__accruals_missing,0.0,0.0,0,shallow,131
59,2024-11-29,fund__accruals_sector_zscore,0.0,0.0,0,shallow,131
59,2024-11-29,fund__accruals_zscore,0.25515929982066154,0.007105285211018273,6,shallow,131
59,2024-11-29,fund__asset_growth_yoy_missing,0.0,0.0,0,shallow,131
59,2024-11-29,fund__asset_growth_yoy_sector_zscore,0.13414419814944267,0.0037354420862772716,2,shallow,131
59,2024-11-29,fund__asset_growth_yoy_zscore,0.2965682987123728,0.008258379562802206,6,shallow,131
59,2024-11-29,fund__book_to_market_missing,0.0,0.0,0,shallow,131
59,2024-11-29,fund__book_to_market_sector_zscore,0.14016719721257687,0.0039031613353869175,3,shallow,131
59,2024-11-29,fund__book_to_market_zscore,0.7917524892836809,0.022047510150906544,17,shallow,131
59,2024-11-29,fund__capex_to_assets_missing,0.0,0.0,0,shallow,131
59,2024-11-29,fund__capex_to_assets_sector_zscore,0.0,0.0,0,shallow,131
59,2024-11-29,fund__capex_to_assets_zscore,0.6198277026414871,0.01726001212596748,14,shallow,131
59,2024-11-29,fund__cash_conversion_missing,0.0,0.0,0,shallow,131
59,2024-11-29,fund__cash_conversion_sector_zscore,0.25212040543556213,0.007020662736558321,4,shallow,131
59,2024-11-29,fund__cash_conversion_zscore,0.7588701006025076,0.021131851775281953,13,shallow,131
59,2024-11-29,fund__current_ratio_missing,0.0,0.0,0,shallow,131
59,2024-11-29,fund__current_ratio_sector_zscore,0.0,0.0,0,shallow,131
59,2024-11-29,fund__current_ratio_zscore,0.09946480393409729,0.0027697434540167464,2,shallow,131
59,2024-11-29,fund__debt_to_assets_missing,0.0,0.0,0,shallow,131
59,2024-11-29,fund__debt_to_assets_sector_zscore,0.10896239802241325,0.0030342179014046975,3,shallow,131
59,2024-11-29,fund__debt_to_assets_zscore,0.0,0.0,0,shallow,131
59,2024-11-29,fund__earnings_yield_missing,0.0,0.0,0,shallow,131
59,2024-11-29,fund__earnings_yield_sector_zscore,0.7899664118885994,0.021997774204343255,11,shallow,131
59,2024-11-29,fund__earnings_yield_zscore,0.2579224966466427,0.007182230482292241,6,shallow,131
59,2024-11-29,fund__fcf_yield_missing,0.0,0.0,0,shallow,131
59,2024-11-29,fund__fcf_yield_sector_zscore,0.39030299708247185,0.010868559817084254,9,shallow,131
59,2024-11-29,fund__fcf_yield_zscore,0.0,0.0,0,shallow,131
59,2024-11-29,fund__gross_margin_missing,0.0,0.0,0,shallow,131
59,2024-11-29,fund__gross_margin_sector_zscore,0.13042419776320457,0.003631853215529087,3,shallow,131
59,2024-11-29,fund__gross_margin_zscore,0.608269702643156,0.01693816265187498,8,shallow,131
59,2024-11-29,fund__gross_profitability_missing,0.0,0.0,0,shallow,131
59,2024-11-29,fund__gross_profitability_sector_zscore,0.39358849823474884,0.010960049418930884,5,shallow,131
59,2024-11-29,fund__gross_profitability_zscore,0.0,0.0,0,shallow,131
59,2024-11-29,fund__interest_coverage_missing,0.0,0.0,0,shallow,131
59,2024-11-29,fund__interest_coverage_sector_zscore,0.3001350052654743,0.008357699741771212,6,shallow,131
59,2024-11-29,fund__interest_coverage_zscore,0.21288170106709003,0.005928003421202075,4,shallow,131
59,2024-11-29,fund__net_debt_to_assets_missing,0.0,0.0,0,shallow,131
59,2024-11-29,fund__net_debt_to_assets_sector_zscore,0.0,0.0,0,shallow,131
59,2024-11-29,fund__net_debt_to_assets_zscore,0.038127198815345764,0.0010617078118282763,1,shallow,131
59,2024-11-29,fund__net_income_growth_acceleration_missing,0.0,0.0,0,shallow,131
59,2024-11-29,fund__net_income_growth_acceleration_sector_zscore,0.1676276996731758,0.00466783933128031,2,shallow,131
59,2024-11-29,fund__net_income_growth_acceleration_zscore,0.19122889637947083,0.005325049293987662,5,shallow,131
59,2024-11-29,fund__net_income_growth_yoy_missing,0.0,0.0,0,shallow,131
59,2024-11-29,fund__net_income_growth_yoy_sector_zscore,0.10195440240204334,0.0028390699774399715,3,shallow,131
59,2024-11-29,fund__net_income_growth_yoy_zscore,0.21295200288295746,0.005929961078449691,4,shallow,131
59,2024-11-29,fund__net_margin_missing,0.0,0.0,0,shallow,131
59,2024-11-29,fund__net_margin_sector_zscore,0.12514019757509232,0.0034847124747526396,3,shallow,131
59,2024-11-29,fund__net_margin_zscore,0.09235620126128197,0.0025717939790116822,2,shallow,131
59,2024-11-29,fund__operating_cash_flow_growth_acceleration_missing,0.0,0.0,0,shallow,131
59,2024-11-29,fund__operating_cash_flow_growth_acceleration_sector_zscore,0.6413114983588457,0.01785825995034376,12,shallow,131
59,2024-11-29,fund__operating_cash_flow_growth_acceleration_zscore,0.7190152928233147,0.020022036156174563,14,shallow,131
59,2024-11-29,fund__operating_cash_flow_growth_yoy_missing,0.0,0.0,0,shallow,131
59,2024-11-29,fund__operating_cash_flow_growth_yoy_sector_zscore,0.27568669989705086,0.007676900795031621,7,shallow,131
59,2024-11-29,fund__operating_cash_flow_growth_yoy_zscore,0.27088650315999985,0.007543232271447654,4,shallow,131
59,2024-11-29,fund__operating_margin_missing,0.0,0.0,0,shallow,131
59,2024-11-29,fund__operating_margin_sector_zscore,0.07270170003175735,0.0020244855445778398,2,shallow,131
59,2024-11-29,fund__operating_margin_zscore,0.2740093991160393,0.007630193892942897,6,shallow,131
59,2024-11-29,fund__revenue_growth_acceleration_missing,0.0,0.0,0,shallow,131
59,2024-11-29,fund__revenue_growth_acceleration_sector_zscore,0.35879239439964294,0.00999110083600875,5,shallow,131
59,2024-11-29,fund__revenue_growth_acceleration_zscore,2.0997002944350243,0.05846923651266356,30,shallow,131
59,2024-11-29,fund__revenue_growth_yoy_missing,0.0,0.0,0,shallow,131
59,2024-11-29,fund__revenue_growth_yoy_sector_zscore,0.5367536954581738,0.014946694464904415,12,shallow,131
59,2024-11-29,fund__revenue_growth_yoy_zscore,0.47877659648656845,0.01333223704873254,9,shallow,131
59,2024-11-29,fund__roa_missing,0.0,0.0,0,shallow,131
59,2024-11-29,fund__roa_sector_zscore,0.10865769907832146,0.0030257331120876318,2,shallow,131
59,2024-11-29,fund__roa_zscore,0.07883909717202187,0.002195390376051813,2,shallow,131
59,2024-11-29,fund__roe_missing,0.0,0.0,0,shallow,131
59,2024-11-29,fund__roe_sector_zscore,0.04771430045366287,0.0013286747283198213,1,shallow,131
59,2024-11-29,fund__roe_zscore,0.17155340127646923,0.004777156254333305,5,shallow,131
59,2024-11-29,fund__sales_yield_missing,0.0,0.0,0,shallow,131
59,2024-11-29,fund__sales_yield_sector_zscore,0.4392287991940975,0.012230970587239499,10,shallow,131
59,2024-11-29,fund__sales_yield_zscore,2.8592000156641006,0.0796186209984117,40,shallow,131
59,2024-11-29,tech__amihud_illiquidity_20d_sector_neutral,0.7213488984853029,0.02008701883095901,16,shallow,131
59,2024-11-29,tech__average_dollar_volume_20d_sector_neutral,0.6575670018792152,0.018310918304721268,13,shallow,131
59,2024-11-29,tech__beta_60d_market_sector_neutral,0.4666616953909397,0.012994879846199766,8,shallow,131
59,2024-11-29,tech__distance_sma_200d_sector_neutral,2.148099794983864,0.05981699164332917,25,shallow,131
59,2024-11-29,tech__distance_sma_50d_sector_neutral,0.22180739790201187,0.00617655255017279,4,shallow,131
59,2024-11-29,tech__dollar_volume_change_20d_60d_sector_neutral,0.6778287030756474,0.01887513511344533,13,shallow,131
59,2024-11-29,tech__downside_volatility_60d_sector_neutral,0.7950943037867546,0.022140567880659465,13,shallow,131
59,2024-11-29,tech__max_drawdown_126d_sector_neutral,1.7307367958128452,0.04819490635104173,22,shallow,131
59,2024-11-29,tech__momentum_12_1_sector_neutral,0.39406760409474373,0.01097339082480528,5,shallow,131
59,2024-11-29,tech__momentum_6_1_sector_neutral,4.847962327301502,0.13499862655196004,29,shallow,131
59,2024-11-29,tech__positive_day_ratio_60d_sector_neutral,0.06698460131883621,0.001865284539702058,1,shallow,131
59,2024-11-29,tech__return_1m_sector_neutral,0.369145292788744,0.0102793924870164,9,shallow,131
59,2024-11-29,tech__return_1w_sector_neutral,0.5947180949151516,0.0165607982444519,11,shallow,131
59,2024-11-29,tech__return_3m_sector_neutral,1.1675466988235712,0.032512051483739715,21,shallow,131
59,2024-11-29,tech__reversal_1m_sector_neutral,0.14314929954707623,0.0039862023518419465,4,shallow,131
59,2024-11-29,tech__sma_50_200_spread_sector_neutral,0.6177959013730288,0.017203433637491255,8,shallow,131
59,2024-11-29,tech__volatility_20d_sector_neutral,0.8795354962348938,0.024491956822094114,12,shallow,131
59,2024-11-29,tech__volatility_60d_sector_neutral,2.5084056053310633,0.06985023576769875,28,shallow,131
59,2024-11-29,tech__zero_volume_ratio_60d_sector_neutral,0.0,0.0,0,shallow,131
60,2024-12-31,fund__accruals_missing,0.0,0.0,0,flexible,45
60,2024-12-31,fund__accruals_sector_zscore,0.4710124023258686,0.013228541629285955,6,flexible,45
60,2024-12-31,fund__accruals_zscore,0.3489931970834732,0.009801591238700105,7,flexible,45
60,2024-12-31,fund__asset_growth_yoy_missing,0.0,0.0,0,flexible,45
60,2024-12-31,fund__asset_growth_yoy_sector_zscore,0.0,0.0,0,flexible,45
60,2024-12-31,fund__asset_growth_yoy_zscore,0.5349393002688885,0.015023950044211908,10,flexible,45
60,2024-12-31,fund__book_to_market_missing,0.0,0.0,0,flexible,45
60,2024-12-31,fund__book_to_market_sector_zscore,0.5822033938020468,0.01635137799682298,10,flexible,45
60,2024-12-31,fund__book_to_market_zscore,0.9525317028164864,0.02675217302495749,11,flexible,45
60,2024-12-31,fund__capex_to_assets_missing,0.08611159771680832,0.0024184731644773545,1,flexible,45
60,2024-12-31,fund__capex_to_assets_sector_zscore,0.16880209930241108,0.0047408636942598125,4,flexible,45
60,2024-12-31,fund__capex_to_assets_zscore,0.577345497906208,0.016214942357821737,12,flexible,45
60,2024-12-31,fund__cash_conversion_missing,0.0,0.0,0,flexible,45
60,2024-12-31,fund__cash_conversion_sector_zscore,0.6369776986539364,0.01788973275854562,10,flexible,45
60,2024-12-31,fund__cash_conversion_zscore,0.5694029964506626,0.01599187453492255,8,flexible,45
60,2024-12-31,fund__current_ratio_missing,0.0,0.0,0,flexible,45
60,2024-12-31,fund__current_ratio_sector_zscore,0.28372130170464516,0.007968408118728145,4,flexible,45
60,2024-12-31,fund__current_ratio_zscore,0.31106260418891907,0.008736297788567212,5,flexible,45
60,2024-12-31,fund__debt_to_assets_missing,0.0,0.0,0,flexible,45
60,2024-12-31,fund__debt_to_assets_sector_zscore,0.0,0.0,0,flexible,45
60,2024-12-31,fund__debt_to_assets_zscore,0.21891490370035172,0.00614829864897632,5,flexible,45
60,2024-12-31,fund__earnings_yield_missing,0.0,0.0,0,flexible,45
60,2024-12-31,fund__earnings_yield_sector_zscore,0.7684006877243519,0.021580791578606977,10,flexible,45
60,2024-12-31,fund__earnings_yield_zscore,0.4118058979511261,0.011565707054276364,6,flexible,45
60,2024-12-31,fund__fcf_yield_missing,0.0,0.0,0,flexible,45
60,2024-12-31,fund__fcf_yield_sector_zscore,0.2971350997686386,0.008345139145809694,6,flexible,45
60,2024-12-31,fund__fcf_yield_zscore,0.07164599746465683,0.0020122019194246514,1,flexible,45
60,2024-12-31,fund__gross_margin_missing,0.0,0.0,0,flexible,45
60,2024-12-31,fund__gross_margin_sector_zscore,0.22702589631080627,0.0063760986025919696,3,flexible,45
60,2024-12-31,fund__gross_margin_zscore,0.12820429727435112,0.0036006607791481534,2,flexible,45
60,2024-12-31,fund__gross_profitability_missing,0.0,0.0,0,flexible,45
60,2024-12-31,fund__gross_profitability_sector_zscore,0.20341910421848297,0.00571309391230115,2,flexible,45
60,2024-12-31,fund__gross_profitability_zscore,0.14505479857325554,0.004073912771677803,2,flexible,45
60,2024-12-31,fund__interest_coverage_missing,0.0,0.0,0,flexible,45
60,2024-12-31,fund__interest_coverage_sector_zscore,0.0,0.0,0,flexible,45
60,2024-12-31,fund__interest_coverage_zscore,0.16742099821567535,0.004702075006042861,1,flexible,45
60,2024-12-31,fund__net_debt_to_assets_missing,0.0,0.0,0,flexible,45
60,2024-12-31,fund__net_debt_to_assets_sector_zscore,0.0,0.0,0,flexible,45
60,2024-12-31,fund__net_debt_to_assets_zscore,0.09829799830913544,0.002760732321031841,2,flexible,45
60,2024-12-31,fund__net_income_growth_acceleration_missing,0.0,0.0,0,flexible,45
60,2024-12-31,fund__net_income_growth_acceleration_sector_zscore,0.07921600341796875,0.0022248080809457393,1,flexible,45
60,2024-12-31,fund__net_income_growth_acceleration_zscore,0.41366060450673103,0.011617797111268017,6,flexible,45
60,2024-12-31,fund__net_income_growth_yoy_missing,0.0,0.0,0,flexible,45
60,2024-12-31,fund__net_income_growth_yoy_sector_zscore,0.18901479989290237,0.0053085441839481025,2,flexible,45
60,2024-12-31,fund__net_income_growth_yoy_zscore,0.16970659792423248,0.00476626684206083,3,flexible,45
60,2024-12-31,fund__net_margin_missing,0.0,0.0,0,flexible,45
60,2024-12-31,fund__net_margin_sector_zscore,0.48899540677666664,0.013733600353477328,7,flexible,45
60,2024-12-31,fund__net_margin_zscore,0.08848220109939575,0.002485052357250686,2,flexible,45
60,2024-12-31,fund__operating_cash_flow_growth_acceleration_missing,0.0,0.0,0,flexible,45
60,2024-12-31,fund__operating_cash_flow_growth_acceleration_sector_zscore,0.36391299590468407,0.01022061880322358,5,flexible,45
60,2024-12-31,fund__operating_cash_flow_growth_acceleration_zscore,0.2200247049331665,0.006179467789610468,4,flexible,45
60,2024-12-31,fund__operating_cash_flow_growth_yoy_missing,0.0,0.0,0,flexible,45
60,2024-12-31,fund__operating_cash_flow_growth_yoy_sector_zscore,0.24076350033283234,0.0067619238288379015,4,flexible,45
60,2024-12-31,fund__operating_cash_flow_growth_yoy_zscore,0.3657725937664509,0.010272846234192784,7,flexible,45
60,2024-12-31,fund__operating_margin_missing,0.0,0.0,0,flexible,45
60,2024-12-31,fund__operating_margin_sector_zscore,0.0,0.0,0,flexible,45
60,2024-12-31,fund__operating_margin_zscore,0.41302160173654556,0.011599850503694869,9,flexible,45
60,2024-12-31,fund__revenue_growth_acceleration_missing,0.0,0.0,0,flexible,45
60,2024-12-31,fund__revenue_growth_acceleration_sector_zscore,0.9147200100123882,0.025690218923828056,7,flexible,45
60,2024-12-31,fund__revenue_growth_acceleration_zscore,2.0057292096316814,0.056331578989571536,26,flexible,45
60,2024-12-31,fund__revenue_growth_yoy_missing,0.0,0.0,0,flexible,45
60,2024-12-31,fund__revenue_growth_yoy_sector_zscore,0.9530253913253546,0.02676603843266059,18,flexible,45
60,2024-12-31,fund__revenue_growth_yoy_zscore,0.3861477989703417,0.01084509072056713,8,flexible,45
60,2024-12-31,fund__roa_missing,0.0,0.0,0,flexible,45
60,2024-12-31,fund__roa_sector_zscore,0.03592099994421005,0.0010088533566867896,1,flexible,45
60,2024-12-31,fund__roa_zscore,0.03792089968919754,0.0010650212132025125,1,flexible,45
60,2024-12-31,fund__roe_missing,0.0,0.0,0,flexible,45
60,2024-12-31,fund__roe_sector_zscore,0.0701994001865387,0.0019715737486590795,1,flexible,45
60,2024-12-31,fund__roe_zscore,0.31818340346217155,0.008936287829497893,7,flexible,45
60,2024-12-31,fund__sales_yield_missing,0.0,0.0,0,flexible,45
60,2024-12-31,fund__sales_yield_sector_zscore,0.27195070683956146,0.007637827005777974,5,flexible,45
60,2024-12-31,fund__sales_yield_zscore,2.2719082981348038,0.06380730815449666,30,flexible,45
60,2024-12-31,tech__amihud_illiquidity_20d_sector_neutral,0.4082864969968796,0.011466863495585549,10,flexible,45
60,2024-12-31,tech__average_dollar_volume_20d_sector_neutral,0.34628700464963913,0.009725586914629112,7,flexible,45
60,2024-12-31,tech__beta_60d_market_sector_neutral,0.4703865014016628,0.013210962991460753,10,flexible,45
60,2024-12-31,tech__distance_sma_200d_sector_neutral,1.8310855943709612,0.051426654356255666,17,flexible,45
60,2024-12-31,tech__distance_sma_50d_sector_neutral,0.3837476000189781,0.01077768032629748,7,flexible,45
60,2024-12-31,tech__dollar_volume_change_20d_60d_sector_neutral,0.6366561912000179,0.017880703113641826,9,flexible,45
60,2024-12-31,tech__downside_volatility_60d_sector_neutral,0.20535499788820744,0.005767464136680303,4,flexible,45
60,2024-12-31,tech__max_drawdown_126d_sector_neutral,2.718833986669779,0.07635936633128303,28,flexible,45
60,2024-12-31,tech__momentum_12_1_sector_neutral,0.7273580022156239,0.02042809396141287,10,flexible,45
60,2024-12-31,tech__momentum_6_1_sector_neutral,4.788249880075455,0.13447960724010607,27,flexible,45
60,2024-12-31,tech__positive_day_ratio_60d_sector_neutral,0.36754419282078743,0.010322602189078408,5,flexible,45
60,2024-12-31,tech__return_1m_sector_neutral,0.1457328014075756,0.004092954709160315,2,flexible,45
60,2024-12-31,tech__return_1w_sector_neutral,0.3166186064481735,0.008892339979422528,5,flexible,45
60,2024-12-31,tech__return_3m_sector_neutral,0.7410040944814682,0.020811349049228812,11,flexible,45
60,2024-12-31,tech__reversal_1m_sector_neutral,0.09610819816589355,0.002699231048004533,2,flexible,45
60,2024-12-31,tech__sma_50_200_spread_sector_neutral,0.7520853020250797,0.021122568487548413,9,flexible,45
60,2024-12-31,tech__volatility_20d_sector_neutral,0.13436579890549183,0.0037737086233746997,3,flexible,45
60,2024-12-31,tech__volatility_60d_sector_neutral,1.977357517927885,0.05553475049218246,23,flexible,45
60,2024-12-31,tech__zero_volume_ratio_60d_sector_neutral,0.0,0.0,0,flexible,45
61,2025-01-31,fund__accruals_missing,0.0,0.0,0,flexible,45
61,2025-01-31,fund__accruals_sector_zscore,0.4710124023258686,0.013228541629285955,6,flexible,45
61,2025-01-31,fund__accruals_zscore,0.3489931970834732,0.009801591238700105,7,flexible,45
61,2025-01-31,fund__asset_growth_yoy_missing,0.0,0.0,0,flexible,45
61,2025-01-31,fund__asset_growth_yoy_sector_zscore,0.0,0.0,0,flexible,45
61,2025-01-31,fund__asset_growth_yoy_zscore,0.5349393002688885,0.015023950044211908,10,flexible,45
61,2025-01-31,fund__book_to_market_missing,0.0,0.0,0,flexible,45
61,2025-01-31,fund__book_to_market_sector_zscore,0.5822033938020468,0.01635137799682298,10,flexible,45
61,2025-01-31,fund__book_to_market_zscore,0.9525317028164864,0.02675217302495749,11,flexible,45
61,2025-01-31,fund__capex_to_assets_missing,0.08611159771680832,0.0024184731644773545,1,flexible,45
61,2025-01-31,fund__capex_to_assets_sector_zscore,0.16880209930241108,0.0047408636942598125,4,flexible,45
61,2025-01-31,fund__capex_to_assets_zscore,0.577345497906208,0.016214942357821737,12,flexible,45
61,2025-01-31,fund__cash_conversion_missing,0.0,0.0,0,flexible,45
61,2025-01-31,fund__cash_conversion_sector_zscore,0.6369776986539364,0.01788973275854562,10,flexible,45
61,2025-01-31,fund__cash_conversion_zscore,0.5694029964506626,0.01599187453492255,8,flexible,45
61,2025-01-31,fund__current_ratio_missing,0.0,0.0,0,flexible,45
61,2025-01-31,fund__current_ratio_sector_zscore,0.28372130170464516,0.007968408118728145,4,flexible,45
61,2025-01-31,fund__current_ratio_zscore,0.31106260418891907,0.008736297788567212,5,flexible,45
61,2025-01-31,fund__debt_to_assets_missing,0.0,0.0,0,flexible,45
61,2025-01-31,fund__debt_to_assets_sector_zscore,0.0,0.0,0,flexible,45
61,2025-01-31,fund__debt_to_assets_zscore,0.21891490370035172,0.00614829864897632,5,flexible,45
61,2025-01-31,fund__earnings_yield_missing,0.0,0.0,0,flexible,45
61,2025-01-31,fund__earnings_yield_sector_zscore,0.7684006877243519,0.021580791578606977,10,flexible,45
61,2025-01-31,fund__earnings_yield_zscore,0.4118058979511261,0.011565707054276364,6,flexible,45
61,2025-01-31,fund__fcf_yield_missing,0.0,0.0,0,flexible,45
61,2025-01-31,fund__fcf_yield_sector_zscore,0.2971350997686386,0.008345139145809694,6,flexible,45
61,2025-01-31,fund__fcf_yield_zscore,0.07164599746465683,0.0020122019194246514,1,flexible,45
61,2025-01-31,fund__gross_margin_missing,0.0,0.0,0,flexible,45
61,2025-01-31,fund__gross_margin_sector_zscore,0.22702589631080627,0.0063760986025919696,3,flexible,45
61,2025-01-31,fund__gross_margin_zscore,0.12820429727435112,0.0036006607791481534,2,flexible,45
61,2025-01-31,fund__gross_profitability_missing,0.0,0.0,0,flexible,45
61,2025-01-31,fund__gross_profitability_sector_zscore,0.20341910421848297,0.00571309391230115,2,flexible,45
61,2025-01-31,fund__gross_profitability_zscore,0.14505479857325554,0.004073912771677803,2,flexible,45
61,2025-01-31,fund__interest_coverage_missing,0.0,0.0,0,flexible,45
61,2025-01-31,fund__interest_coverage_sector_zscore,0.0,0.0,0,flexible,45
61,2025-01-31,fund__interest_coverage_zscore,0.16742099821567535,0.004702075006042861,1,flexible,45
61,2025-01-31,fund__net_debt_to_assets_missing,0.0,0.0,0,flexible,45
61,2025-01-31,fund__net_debt_to_assets_sector_zscore,0.0,0.0,0,flexible,45
61,2025-01-31,fund__net_debt_to_assets_zscore,0.09829799830913544,0.002760732321031841,2,flexible,45
61,2025-01-31,fund__net_income_growth_acceleration_missing,0.0,0.0,0,flexible,45
61,2025-01-31,fund__net_income_growth_acceleration_sector_zscore,0.07921600341796875,0.0022248080809457393,1,flexible,45
61,2025-01-31,fund__net_income_growth_acceleration_zscore,0.41366060450673103,0.011617797111268017,6,flexible,45
61,2025-01-31,fund__net_income_growth_yoy_missing,0.0,0.0,0,flexible,45
61,2025-01-31,fund__net_income_growth_yoy_sector_zscore,0.18901479989290237,0.0053085441839481025,2,flexible,45
61,2025-01-31,fund__net_income_growth_yoy_zscore,0.16970659792423248,0.00476626684206083,3,flexible,45
61,2025-01-31,fund__net_margin_missing,0.0,0.0,0,flexible,45
61,2025-01-31,fund__net_margin_sector_zscore,0.48899540677666664,0.013733600353477328,7,flexible,45
61,2025-01-31,fund__net_margin_zscore,0.08848220109939575,0.002485052357250686,2,flexible,45
61,2025-01-31,fund__operating_cash_flow_growth_acceleration_missing,0.0,0.0,0,flexible,45
61,2025-01-31,fund__operating_cash_flow_growth_acceleration_sector_zscore,0.36391299590468407,0.01022061880322358,5,flexible,45
61,2025-01-31,fund__operating_cash_flow_growth_acceleration_zscore,0.2200247049331665,0.006179467789610468,4,flexible,45
61,2025-01-31,fund__operating_cash_flow_growth_yoy_missing,0.0,0.0,0,flexible,45
61,2025-01-31,fund__operating_cash_flow_growth_yoy_sector_zscore,0.24076350033283234,0.0067619238288379015,4,flexible,45
61,2025-01-31,fund__operating_cash_flow_growth_yoy_zscore,0.3657725937664509,0.010272846234192784,7,flexible,45
61,2025-01-31,fund__operating_margin_missing,0.0,0.0,0,flexible,45
61,2025-01-31,fund__operating_margin_sector_zscore,0.0,0.0,0,flexible,45
61,2025-01-31,fund__operating_margin_zscore,0.41302160173654556,0.011599850503694869,9,flexible,45
61,2025-01-31,fund__revenue_growth_acceleration_missing,0.0,0.0,0,flexible,45
61,2025-01-31,fund__revenue_growth_acceleration_sector_zscore,0.9147200100123882,0.025690218923828056,7,flexible,45
61,2025-01-31,fund__revenue_growth_acceleration_zscore,2.0057292096316814,0.056331578989571536,26,flexible,45
61,2025-01-31,fund__revenue_growth_yoy_missing,0.0,0.0,0,flexible,45
61,2025-01-31,fund__revenue_growth_yoy_sector_zscore,0.9530253913253546,0.02676603843266059,18,flexible,45
61,2025-01-31,fund__revenue_growth_yoy_zscore,0.3861477989703417,0.01084509072056713,8,flexible,45
61,2025-01-31,fund__roa_missing,0.0,0.0,0,flexible,45
61,2025-01-31,fund__roa_sector_zscore,0.03592099994421005,0.0010088533566867896,1,flexible,45
61,2025-01-31,fund__roa_zscore,0.03792089968919754,0.0010650212132025125,1,flexible,45
61,2025-01-31,fund__roe_missing,0.0,0.0,0,flexible,45
61,2025-01-31,fund__roe_sector_zscore,0.0701994001865387,0.0019715737486590795,1,flexible,45
61,2025-01-31,fund__roe_zscore,0.31818340346217155,0.008936287829497893,7,flexible,45
61,2025-01-31,fund__sales_yield_missing,0.0,0.0,0,flexible,45
61,2025-01-31,fund__sales_yield_sector_zscore,0.27195070683956146,0.007637827005777974,5,flexible,45
61,2025-01-31,fund__sales_yield_zscore,2.2719082981348038,0.06380730815449666,30,flexible,45
61,2025-01-31,tech__amihud_illiquidity_20d_sector_neutral,0.4082864969968796,0.011466863495585549,10,flexible,45
61,2025-01-31,tech__average_dollar_volume_20d_sector_neutral,0.34628700464963913,0.009725586914629112,7,flexible,45
61,2025-01-31,tech__beta_60d_market_sector_neutral,0.4703865014016628,0.013210962991460753,10,flexible,45
61,2025-01-31,tech__distance_sma_200d_sector_neutral,1.8310855943709612,0.051426654356255666,17,flexible,45
61,2025-01-31,tech__distance_sma_50d_sector_neutral,0.3837476000189781,0.01077768032629748,7,flexible,45
61,2025-01-31,tech__dollar_volume_change_20d_60d_sector_neutral,0.6366561912000179,0.017880703113641826,9,flexible,45
61,2025-01-31,tech__downside_volatility_60d_sector_neutral,0.20535499788820744,0.005767464136680303,4,flexible,45
61,2025-01-31,tech__max_drawdown_126d_sector_neutral,2.718833986669779,0.07635936633128303,28,flexible,45
61,2025-01-31,tech__momentum_12_1_sector_neutral,0.7273580022156239,0.02042809396141287,10,flexible,45
61,2025-01-31,tech__momentum_6_1_sector_neutral,4.788249880075455,0.13447960724010607,27,flexible,45
61,2025-01-31,tech__positive_day_ratio_60d_sector_neutral,0.36754419282078743,0.010322602189078408,5,flexible,45
61,2025-01-31,tech__return_1m_sector_neutral,0.1457328014075756,0.004092954709160315,2,flexible,45
61,2025-01-31,tech__return_1w_sector_neutral,0.3166186064481735,0.008892339979422528,5,flexible,45
61,2025-01-31,tech__return_3m_sector_neutral,0.7410040944814682,0.020811349049228812,11,flexible,45
61,2025-01-31,tech__reversal_1m_sector_neutral,0.09610819816589355,0.002699231048004533,2,flexible,45
61,2025-01-31,tech__sma_50_200_spread_sector_neutral,0.7520853020250797,0.021122568487548413,9,flexible,45
61,2025-01-31,tech__volatility_20d_sector_neutral,0.13436579890549183,0.0037737086233746997,3,flexible,45
61,2025-01-31,tech__volatility_60d_sector_neutral,1.977357517927885,0.05553475049218246,23,flexible,45
61,2025-01-31,tech__zero_volume_ratio_60d_sector_neutral,0.0,0.0,0,flexible,45
62,2025-02-28,fund__accruals_missing,0.0,0.0,0,shallow,112
62,2025-02-28,fund__accruals_sector_zscore,0.0,0.0,0,shallow,112
62,2025-02-28,fund__accruals_zscore,0.24531789869070053,0.007400762864002201,4,shallow,112
62,2025-02-28,fund__asset_growth_yoy_missing,0.0,0.0,0,shallow,112
62,2025-02-28,fund__asset_growth_yoy_sector_zscore,0.0,0.0,0,shallow,112
62,2025-02-28,fund__asset_growth_yoy_zscore,0.4382099974900484,0.013219941526352991,8,shallow,112
62,2025-02-28,fund__book_to_market_missing,0.0,0.0,0,shallow,112
62,2025-02-28,fund__book_to_market_sector_zscore,0.21813590079545975,0.006580734966868946,4,shallow,112
62,2025-02-28,fund__book_to_market_zscore,0.9091862961649895,0.027428378495941482,16,shallow,112
62,2025-02-28,fund__capex_to_assets_missing,0.0,0.0,0,shallow,112
62,2025-02-28,fund__capex_to_assets_sector_zscore,0.0,0.0,0,shallow,112
62,2025-02-28,fund__capex_to_assets_zscore,0.8859413005411625,0.026727122283880043,17,shallow,112
62,2025-02-28,fund__cash_conversion_missing,0.0,0.0,0,shallow,112
62,2025-02-28,fund__cash_conversion_sector_zscore,0.5335383079946041,0.016095810853603718,8,shallow,112
62,2025-02-28,fund__cash_conversion_zscore,0.613422404974699,0.0185057583605324,10,shallow,112
62,2025-02-28,fund__current_ratio_missing,0.0,0.0,0,shallow,112
62,2025-02-28,fund__current_ratio_sector_zscore,0.0,0.0,0,shallow,112
62,2025-02-28,fund__current_ratio_zscore,0.11952940002083778,0.003605969028562423,2,shallow,112
62,2025-02-28,fund__debt_to_assets_missing,0.0,0.0,0,shallow,112
62,2025-02-28,fund__debt_to_assets_sector_zscore,0.05863970145583153,0.0017690455005798767,1,shallow,112
62,2025-02-28,fund__debt_to_assets_zscore,0.0,0.0,0,shallow,112
62,2025-02-28,fund__earnings_yield_missing,0.0,0.0,0,shallow,112
62,2025-02-28,fund__earnings_yield_sector_zscore,0.6291327998042107,0.018979710352024285,9,shallow,112
62,2025-02-28,fund__earnings_yield_zscore,0.4021017011255026,0.012130624602299108,8,shallow,112
62,2025-02-28,fund__fcf_yield_missing,0.0,0.0,0,shallow,112
62,2025-02-28,fund__fcf_yield_sector_zscore,0.29500260204076767,0.008899653525566806,6,shallow,112
62,2025-02-28,fund__fcf_yield_zscore,0.0,0.0,0,shallow,112
62,2025-02-28,fund__gross_margin_missing,0.0,0.0,0,shallow,112
62,2025-02-28,fund__gross_margin_sector_zscore,0.1156533993780613,0.003489037643730712,2,shallow,112
62,2025-02-28,fund__gross_margin_zscore,0.5725016035139561,0.01727125753759121,8,shallow,112
62,2025-02-28,fund__gross_profitability_missing,0.0,0.0,0,shallow,112
62,2025-02-28,fund__gross_profitability_sector_zscore,0.43887699767947197,0.013240063622043987,5,shallow,112
62,2025-02-28,fund__gross_profitability_zscore,0.0,0.0,0,shallow,112
62,2025-02-28,fund__interest_coverage_missing,0.0,0.0,0,shallow,112
62,2025-02-28,fund__interest_coverage_sector_zscore,0.2629376985132694,0.00793231788258823,5,shallow,112
62,2025-02-28,fund__interest_coverage_zscore,0.0,0.0,0,shallow,112
62,2025-02-28,fund__net_debt_to_assets_missing,0.0,0.0,0,shallow,112
62,2025-02-28,fund__net_debt_to_assets_sector_zscore,0.07181970030069351,0.002166660377110466,1,shallow,112
62,2025-02-28,fund__net_debt_to_assets_zscore,0.21845940127968788,0.006590494345956001,4,shallow,112
62,2025-02-28,fund__net_income_growth_acceleration_missing,0.0,0.0,0,shallow,112
62,2025-02-28,fund__net_income_growth_acceleration_sector_zscore,0.0,0.0,0,shallow,112
62,2025-02-28,fund__net_income_growth_acceleration_zscore,0.24633259885013103,0.00743137439009993,5,shallow,112
62,2025-02-28,fund__net_income_growth_yoy_missing,0.0,0.0,0,shallow,112
62,2025-02-28,fund__net_income_growth_yoy_sector_zscore,0.23518789932131767,0.0070951605270124455,5,shallow,112
62,2025-02-28,fund__net_income_growth_yoy_zscore,0.1645538993179798,0.0049642704168712465,3,shallow,112
62,2025-02-28,fund__net_margin_missing,0.0,0.0,0,shallow,112
62,2025-02-28,fund__net_margin_sector_zscore,0.12189619615674019,0.0036773706549530633,3,shallow,112
62,2025-02-28,fund__net_margin_zscore,0.12385669723153114,0.0037365151512437425,3,shallow,112
62,2025-02-28,fund__operating_cash_flow_growth_acceleration_missing,0.0,0.0,0,shallow,112
62,2025-02-28,fund__operating_cash_flow_growth_acceleration_sector_zscore,0.40353500097990036,0.012173864465317747,11,shallow,112
62,2025-02-28,fund__operating_cash_flow_growth_acceleration_zscore,0.5271470937877893,0.015903000377849096,10,shallow,112
62,2025-02-28,fund__operating_cash_flow_growth_yoy_missing,0.0,0.0,0,shallow,112
62,2025-02-28,fund__operating_cash_flow_growth_yoy_sector_zscore,0.1966107003390789,0.005931361623024039,4,shallow,112
62,2025-02-28,fund__operating_cash_flow_growth_yoy_zscore,0.08790810033679008,0.0026520160489298932,2,shallow,112
62,2025-02-28,fund__operating_margin_missing,0.0,0.0,0,shallow,112
62,2025-02-28,fund__operating_margin_sector_zscore,0.03688310086727142,0.0011126912657600436,1,shallow,112
62,2025-02-28,fund__operating_margin_zscore,0.3182322047650814,0.009600445363851627,7,shallow,112
62,2025-02-28,fund__revenue_growth_acceleration_missing,0.0,0.0,0,shallow,112
62,2025-02-28,fund__revenue_growth_acceleration_sector_zscore,0.37770670279860497,0.011394675050111198,4,shallow,112
62,2025-02-28,fund__revenue_growth_acceleration_zscore,1.9701419062912464,0.05943534138647617,28,shallow,112
62,2025-02-28,fund__revenue_growth_yoy_missing,0.0,0.0,0,shallow,112
62,2025-02-28,fund__revenue_growth_yoy_sector_zscore,0.5212992019951344,0.015726580880361263,10,shallow,112
62,2025-02-28,fund__revenue_growth_yoy_zscore,0.4134681951254606,0.01247352957229012,9,shallow,112
62,2025-02-28,fund__roa_missing,0.0,0.0,0,shallow,112
62,2025-02-28,fund__roa_sector_zscore,0.0,0.0,0,shallow,112
62,2025-02-28,fund__roa_zscore,0.17225749790668488,0.005196672971510565,4,shallow,112
62,2025-02-28,fund__roe_missing,0.0,0.0,0,shallow,112
62,2025-02-28,fund__roe_sector_zscore,0.24358230456709862,0.0073484033720715766,4,shallow,112
62,2025-02-28,fund__roe_zscore,0.20724309980869293,0.006252120391829436,5,shallow,112
62,2025-02-28,fund__sales_yield_missing,0.0,0.0,0,shallow,112
62,2025-02-28,fund__sales_yield_sector_zscore,0.3988289013504982,0.012031890611972924,8,shallow,112
62,2025-02-28,fund__sales_yield_zscore,2.2765919025987387,0.0686803404854028,32,shallow,112
62,2025-02-28,tech__amihud_illiquidity_20d_sector_neutral,0.26514459773898125,0.007998895730847217,7,shallow,112
62,2025-02-28,tech__average_dollar_volume_20d_sector_neutral,0.6492598988115788,0.019586905700137186,7,shallow,112
62,2025-02-28,tech__beta_60d_market_sector_neutral,0.34279419481754303,0.010341432730922777,5,shallow,112
62,2025-02-28,tech__distance_sma_200d_sector_neutral,1.5284065082669258,0.04610904539722412,17,shallow,112
62,2025-02-28,tech__distance_sma_50d_sector_neutral,0.06341060064733028,0.0019129742304148701,2,shallow,112
62,2025-02-28,tech__dollar_volume_change_20d_60d_sector_neutral,0.6004391983151436,0.01811408032067258,11,shallow,112
62,2025-02-28,tech__downside_volatility_60d_sector_neutral,0.4408915899693966,0.013300839944868184,7,shallow,112
62,2025-02-28,tech__max_drawdown_126d_sector_neutral,1.9702254980802536,0.05943786318782504,25,shallow,112
62,2025-02-28,tech__momentum_12_1_sector_neutral,0.1136619970202446,0.0034289609159596254,2,shallow,112
62,2025-02-28,tech__momentum_6_1_sector_neutral,5.318194270133972,0.1604395556460422,31,shallow,112
62,2025-02-28,tech__positive_day_ratio_60d_sector_neutral,0.08395359665155411,0.0025327163803143815,1,shallow,112
62,2025-02-28,tech__return_1m_sector_neutral,0.33673340268433094,0.010158590445116042,6,shallow,112
62,2025-02-28,tech__return_1w_sector_neutral,0.35002999752759933,0.010559722795665865,6,shallow,112
62,2025-02-28,tech__return_3m_sector_neutral,1.0644754022359848,0.03211314815819641,18,shallow,112
62,2025-02-28,tech__reversal_1m_sector_neutral,0.0,0.0,0,shallow,112
62,2025-02-28,tech__sma_50_200_spread_sector_neutral,0.6647860035300255,0.02005529801817087,9,shallow,112
62,2025-02-28,tech__volatility_20d_sector_neutral,0.8377185203135014,0.0252723349935414,8,shallow,112
62,2025-02-28,tech__volatility_60d_sector_neutral,2.445854615420103,0.07378666662790742,22,shallow,112
62,2025-02-28,tech__zero_volume_ratio_60d_sector_neutral,0.0,0.0,0,shallow,112
63,2025-03-31,fund__accruals_missing,0.0,0.0,0,shallow,3
63,2025-03-31,fund__accruals_sector_zscore,0.0,0.0,0,shallow,3
63,2025-03-31,fund__accruals_zscore,0.0,0.0,0,shallow,3
63,2025-03-31,fund__asset_growth_yoy_missing,0.0,0.0,0,shallow,3
63,2025-03-31,fund__asset_growth_yoy_sector_zscore,0.0,0.0,0,shallow,3
63,2025-03-31,fund__asset_growth_yoy_zscore,0.0,0.0,0,shallow,3
63,2025-03-31,fund__book_to_market_missing,0.0,0.0,0,shallow,3
63,2025-03-31,fund__book_to_market_sector_zscore,0.0,0.0,0,shallow,3
63,2025-03-31,fund__book_to_market_zscore,0.043589700013399124,0.025435417713272665,1,shallow,3
63,2025-03-31,fund__capex_to_assets_missing,0.0,0.0,0,shallow,3
63,2025-03-31,fund__capex_to_assets_sector_zscore,0.0,0.0,0,shallow,3
63,2025-03-31,fund__capex_to_assets_zscore,0.06679420173168182,0.038975685112485,1,shallow,3
63,2025-03-31,fund__cash_conversion_missing,0.0,0.0,0,shallow,3
63,2025-03-31,fund__cash_conversion_sector_zscore,0.0,0.0,0,shallow,3
63,2025-03-31,fund__cash_conversion_zscore,0.0,0.0,0,shallow,3
63,2025-03-31,fund__current_ratio_missing,0.0,0.0,0,shallow,3
63,2025-03-31,fund__current_ratio_sector_zscore,0.0,0.0,0,shallow,3
63,2025-03-31,fund__current_ratio_zscore,0.0,0.0,0,shallow,3
63,2025-03-31,fund__debt_to_assets_missing,0.0,0.0,0,shallow,3
63,2025-03-31,fund__debt_to_assets_sector_zscore,0.0,0.0,0,shallow,3
63,2025-03-31,fund__debt_to_assets_zscore,0.0,0.0,0,shallow,3
63,2025-03-31,fund__earnings_yield_missing,0.0,0.0,0,shallow,3
63,2025-03-31,fund__earnings_yield_sector_zscore,0.0,0.0,0,shallow,3
63,2025-03-31,fund__earnings_yield_zscore,0.09074389934539795,0.05295078846773143,1,shallow,3
63,2025-03-31,fund__fcf_yield_missing,0.0,0.0,0,shallow,3
63,2025-03-31,fund__fcf_yield_sector_zscore,0.0,0.0,0,shallow,3
63,2025-03-31,fund__fcf_yield_zscore,0.0,0.0,0,shallow,3
63,2025-03-31,fund__gross_margin_missing,0.0,0.0,0,shallow,3
63,2025-03-31,fund__gross_margin_sector_zscore,0.0,0.0,0,shallow,3
63,2025-03-31,fund__gross_margin_zscore,0.0,0.0,0,shallow,3
63,2025-03-31,fund__gross_profitability_missing,0.0,0.0,0,shallow,3
63,2025-03-31,fund__gross_profitability_sector_zscore,0.0,0.0,0,shallow,3
63,2025-03-31,fund__gross_profitability_zscore,0.0,0.0,0,shallow,3
63,2025-03-31,fund__interest_coverage_missing,0.0,0.0,0,shallow,3
63,2025-03-31,fund__interest_coverage_sector_zscore,0.0,0.0,0,shallow,3
63,2025-03-31,fund__interest_coverage_zscore,0.0,0.0,0,shallow,3
63,2025-03-31,fund__net_debt_to_assets_missing,0.0,0.0,0,shallow,3
63,2025-03-31,fund__net_debt_to_assets_sector_zscore,0.0,0.0,0,shallow,3
63,2025-03-31,fund__net_debt_to_assets_zscore,0.0,0.0,0,shallow,3
63,2025-03-31,fund__net_income_growth_acceleration_missing,0.0,0.0,0,shallow,3
63,2025-03-31,fund__net_income_growth_acceleration_sector_zscore,0.0,0.0,0,shallow,3
63,2025-03-31,fund__net_income_growth_acceleration_zscore,0.0,0.0,0,shallow,3
63,2025-03-31,fund__net_income_growth_yoy_missing,0.0,0.0,0,shallow,3
63,2025-03-31,fund__net_income_growth_yoy_sector_zscore,0.0,0.0,0,shallow,3
63,2025-03-31,fund__net_income_growth_yoy_zscore,0.0,0.0,0,shallow,3
63,2025-03-31,fund__net_margin_missing,0.0,0.0,0,shallow,3
63,2025-03-31,fund__net_margin_sector_zscore,0.0,0.0,0,shallow,3
63,2025-03-31,fund__net_margin_zscore,0.0,0.0,0,shallow,3
63,2025-03-31,fund__operating_cash_flow_growth_acceleration_missing,0.0,0.0,0,shallow,3
63,2025-03-31,fund__operating_cash_flow_growth_acceleration_sector_zscore,0.0,0.0,0,shallow,3
63,2025-03-31,fund__operating_cash_flow_growth_acceleration_zscore,0.0,0.0,0,shallow,3
63,2025-03-31,fund__operating_cash_flow_growth_yoy_missing,0.0,0.0,0,shallow,3
63,2025-03-31,fund__operating_cash_flow_growth_yoy_sector_zscore,0.0,0.0,0,shallow,3
63,2025-03-31,fund__operating_cash_flow_growth_yoy_zscore,0.0,0.0,0,shallow,3
63,2025-03-31,fund__operating_margin_missing,0.0,0.0,0,shallow,3
63,2025-03-31,fund__operating_margin_sector_zscore,0.0,0.0,0,shallow,3
63,2025-03-31,fund__operating_margin_zscore,0.04802209883928299,0.028021806598112892,1,shallow,3
63,2025-03-31,fund__revenue_growth_acceleration_missing,0.0,0.0,0,shallow,3
63,2025-03-31,fund__revenue_growth_acceleration_sector_zscore,0.0,0.0,0,shallow,3
63,2025-03-31,fund__revenue_growth_acceleration_zscore,0.0,0.0,0,shallow,3
63,2025-03-31,fund__revenue_growth_yoy_missing,0.0,0.0,0,shallow,3
63,2025-03-31,fund__revenue_growth_yoy_sector_zscore,0.0,0.0,0,shallow,3
63,2025-03-31,fund__revenue_growth_yoy_zscore,0.0,0.0,0,shallow,3
63,2025-03-31,fund__roa_missing,0.0,0.0,0,shallow,3
63,2025-03-31,fund__roa_sector_zscore,0.0,0.0,0,shallow,3
63,2025-03-31,fund__roa_zscore,0.0,0.0,0,shallow,3
63,2025-03-31,fund__roe_missing,0.0,0.0,0,shallow,3
63,2025-03-31,fund__roe_sector_zscore,0.0,0.0,0,shallow,3
63,2025-03-31,fund__roe_zscore,0.0,0.0,0,shallow,3
63,2025-03-31,fund__sales_yield_missing,0.0,0.0,0,shallow,3
63,2025-03-31,fund__sales_yield_sector_zscore,0.0,0.0,0,shallow,3
63,2025-03-31,fund__sales_yield_zscore,0.09320580214262009,0.054387355500713316,1,shallow,3
63,2025-03-31,tech__amihud_illiquidity_20d_sector_neutral,0.0,0.0,0,shallow,3
63,2025-03-31,tech__average_dollar_volume_20d_sector_neutral,0.0,0.0,0,shallow,3
63,2025-03-31,tech__beta_60d_market_sector_neutral,0.0,0.0,0,shallow,3
63,2025-03-31,tech__distance_sma_200d_sector_neutral,0.2972239851951599,0.1734358395565598,1,shallow,3
63,2025-03-31,tech__distance_sma_50d_sector_neutral,0.0,0.0,0,shallow,3
63,2025-03-31,tech__dollar_volume_change_20d_60d_sector_neutral,0.0,0.0,0,shallow,3
63,2025-03-31,tech__downside_volatility_60d_sector_neutral,0.0,0.0,0,shallow,3
63,2025-03-31,tech__max_drawdown_126d_sector_neutral,0.19591759890317917,0.11432163937700794,2,shallow,3
63,2025-03-31,tech__momentum_12_1_sector_neutral,0.0,0.0,0,shallow,3
63,2025-03-31,tech__momentum_6_1_sector_neutral,0.7202560007572174,0.42028305388932785,3,shallow,3
63,2025-03-31,tech__positive_day_ratio_60d_sector_neutral,0.0,0.0,0,shallow,3
63,2025-03-31,tech__return_1m_sector_neutral,0.0,0.0,0,shallow,3
63,2025-03-31,tech__return_1w_sector_neutral,0.0,0.0,0,shallow,3
63,2025-03-31,tech__return_3m_sector_neutral,0.0,0.0,0,shallow,3
63,2025-03-31,tech__reversal_1m_sector_neutral,0.0,0.0,0,shallow,3
63,2025-03-31,tech__sma_50_200_spread_sector_neutral,0.0,0.0,0,shallow,3
63,2025-03-31,tech__volatility_20d_sector_neutral,0.0,0.0,0,shallow,3
63,2025-03-31,tech__volatility_60d_sector_neutral,0.15798699855804443,0.09218841378478912,1,shallow,3
63,2025-03-31,tech__zero_volume_ratio_60d_sector_neutral,0.0,0.0,0,shallow,3
64,2025-04-30,fund__accruals_missing,0.0,0.0,0,shallow,2
64,2025-04-30,fund__accruals_sector_zscore,0.0,0.0,0,shallow,2
64,2025-04-30,fund__accruals_zscore,0.0,0.0,0,shallow,2
64,2025-04-30,fund__asset_growth_yoy_missing,0.0,0.0,0,shallow,2
64,2025-04-30,fund__asset_growth_yoy_sector_zscore,0.0,0.0,0,shallow,2
64,2025-04-30,fund__asset_growth_yoy_zscore,0.0,0.0,0,shallow,2
64,2025-04-30,fund__book_to_market_missing,0.0,0.0,0,shallow,2
64,2025-04-30,fund__book_to_market_sector_zscore,0.0,0.0,0,shallow,2
64,2025-04-30,fund__book_to_market_zscore,0.0,0.0,0,shallow,2
64,2025-04-30,fund__capex_to_assets_missing,0.0,0.0,0,shallow,2
64,2025-04-30,fund__capex_to_assets_sector_zscore,0.0,0.0,0,shallow,2
64,2025-04-30,fund__capex_to_assets_zscore,0.0,0.0,0,shallow,2
64,2025-04-30,fund__cash_conversion_missing,0.0,0.0,0,shallow,2
64,2025-04-30,fund__cash_conversion_sector_zscore,0.0,0.0,0,shallow,2
64,2025-04-30,fund__cash_conversion_zscore,0.0,0.0,0,shallow,2
64,2025-04-30,fund__current_ratio_missing,0.0,0.0,0,shallow,2
64,2025-04-30,fund__current_ratio_sector_zscore,0.0,0.0,0,shallow,2
64,2025-04-30,fund__current_ratio_zscore,0.0,0.0,0,shallow,2
64,2025-04-30,fund__debt_to_assets_missing,0.0,0.0,0,shallow,2
64,2025-04-30,fund__debt_to_assets_sector_zscore,0.0,0.0,0,shallow,2
64,2025-04-30,fund__debt_to_assets_zscore,0.0,0.0,0,shallow,2
64,2025-04-30,fund__earnings_yield_missing,0.0,0.0,0,shallow,2
64,2025-04-30,fund__earnings_yield_sector_zscore,0.0,0.0,0,shallow,2
64,2025-04-30,fund__earnings_yield_zscore,0.0,0.0,0,shallow,2
64,2025-04-30,fund__fcf_yield_missing,0.0,0.0,0,shallow,2
64,2025-04-30,fund__fcf_yield_sector_zscore,0.0,0.0,0,shallow,2
64,2025-04-30,fund__fcf_yield_zscore,0.0,0.0,0,shallow,2
64,2025-04-30,fund__gross_margin_missing,0.0,0.0,0,shallow,2
64,2025-04-30,fund__gross_margin_sector_zscore,0.0,0.0,0,shallow,2
64,2025-04-30,fund__gross_margin_zscore,0.0,0.0,0,shallow,2
64,2025-04-30,fund__gross_profitability_missing,0.0,0.0,0,shallow,2
64,2025-04-30,fund__gross_profitability_sector_zscore,0.0,0.0,0,shallow,2
64,2025-04-30,fund__gross_profitability_zscore,0.0,0.0,0,shallow,2
64,2025-04-30,fund__interest_coverage_missing,0.0,0.0,0,shallow,2
64,2025-04-30,fund__interest_coverage_sector_zscore,0.0,0.0,0,shallow,2
64,2025-04-30,fund__interest_coverage_zscore,0.0,0.0,0,shallow,2
64,2025-04-30,fund__net_debt_to_assets_missing,0.0,0.0,0,shallow,2
64,2025-04-30,fund__net_debt_to_assets_sector_zscore,0.0,0.0,0,shallow,2
64,2025-04-30,fund__net_debt_to_assets_zscore,0.0,0.0,0,shallow,2
64,2025-04-30,fund__net_income_growth_acceleration_missing,0.0,0.0,0,shallow,2
64,2025-04-30,fund__net_income_growth_acceleration_sector_zscore,0.0,0.0,0,shallow,2
64,2025-04-30,fund__net_income_growth_acceleration_zscore,0.0,0.0,0,shallow,2
64,2025-04-30,fund__net_income_growth_yoy_missing,0.0,0.0,0,shallow,2
64,2025-04-30,fund__net_income_growth_yoy_sector_zscore,0.0,0.0,0,shallow,2
64,2025-04-30,fund__net_income_growth_yoy_zscore,0.0,0.0,0,shallow,2
64,2025-04-30,fund__net_margin_missing,0.0,0.0,0,shallow,2
64,2025-04-30,fund__net_margin_sector_zscore,0.0,0.0,0,shallow,2
64,2025-04-30,fund__net_margin_zscore,0.0,0.0,0,shallow,2
64,2025-04-30,fund__operating_cash_flow_growth_acceleration_missing,0.0,0.0,0,shallow,2
64,2025-04-30,fund__operating_cash_flow_growth_acceleration_sector_zscore,0.0,0.0,0,shallow,2
64,2025-04-30,fund__operating_cash_flow_growth_acceleration_zscore,0.0,0.0,0,shallow,2
64,2025-04-30,fund__operating_cash_flow_growth_yoy_missing,0.0,0.0,0,shallow,2
64,2025-04-30,fund__operating_cash_flow_growth_yoy_sector_zscore,0.0,0.0,0,shallow,2
64,2025-04-30,fund__operating_cash_flow_growth_yoy_zscore,0.0,0.0,0,shallow,2
64,2025-04-30,fund__operating_margin_missing,0.0,0.0,0,shallow,2
64,2025-04-30,fund__operating_margin_sector_zscore,0.0,0.0,0,shallow,2
64,2025-04-30,fund__operating_margin_zscore,0.0,0.0,0,shallow,2
64,2025-04-30,fund__revenue_growth_acceleration_missing,0.0,0.0,0,shallow,2
64,2025-04-30,fund__revenue_growth_acceleration_sector_zscore,0.0,0.0,0,shallow,2
64,2025-04-30,fund__revenue_growth_acceleration_zscore,0.0,0.0,0,shallow,2
64,2025-04-30,fund__revenue_growth_yoy_missing,0.0,0.0,0,shallow,2
64,2025-04-30,fund__revenue_growth_yoy_sector_zscore,0.0,0.0,0,shallow,2
64,2025-04-30,fund__revenue_growth_yoy_zscore,0.0,0.0,0,shallow,2
64,2025-04-30,fund__roa_missing,0.0,0.0,0,shallow,2
64,2025-04-30,fund__roa_sector_zscore,0.0,0.0,0,shallow,2
64,2025-04-30,fund__roa_zscore,0.0,0.0,0,shallow,2
64,2025-04-30,fund__roe_missing,0.0,0.0,0,shallow,2
64,2025-04-30,fund__roe_sector_zscore,0.0,0.0,0,shallow,2
64,2025-04-30,fund__roe_zscore,0.0,0.0,0,shallow,2
64,2025-04-30,fund__sales_yield_missing,0.0,0.0,0,shallow,2
64,2025-04-30,fund__sales_yield_sector_zscore,0.0,0.0,0,shallow,2
64,2025-04-30,fund__sales_yield_zscore,0.09020660072565079,0.07905125113757178,1,shallow,2
64,2025-04-30,tech__amihud_illiquidity_20d_sector_neutral,0.0,0.0,0,shallow,2
64,2025-04-30,tech__average_dollar_volume_20d_sector_neutral,0.0,0.0,0,shallow,2
64,2025-04-30,tech__beta_60d_market_sector_neutral,0.0,0.0,0,shallow,2
64,2025-04-30,tech__distance_sma_200d_sector_neutral,0.044069498777389526,0.038619668486939304,1,shallow,2
64,2025-04-30,tech__distance_sma_50d_sector_neutral,0.0,0.0,0,shallow,2
64,2025-04-30,tech__dollar_volume_change_20d_60d_sector_neutral,0.0,0.0,0,shallow,2
64,2025-04-30,tech__downside_volatility_60d_sector_neutral,0.0,0.0,0,shallow,2
64,2025-04-30,tech__max_drawdown_126d_sector_neutral,0.10077500343322754,0.08831271814596199,1,shallow,2
64,2025-04-30,tech__momentum_12_1_sector_neutral,0.04350430145859718,0.038124365983234265,1,shallow,2
64,2025-04-30,tech__momentum_6_1_sector_neutral,0.7047329992055893,0.6175825810637573,3,shallow,2
64,2025-04-30,tech__positive_day_ratio_60d_sector_neutral,0.0,0.0,0,shallow,2
64,2025-04-30,tech__return_1m_sector_neutral,0.0,0.0,0,shallow,2
64,2025-04-30,tech__return_1w_sector_neutral,0.0,0.0,0,shallow,2
64,2025-04-30,tech__return_3m_sector_neutral,0.0,0.0,0,shallow,2
64,2025-04-30,tech__reversal_1m_sector_neutral,0.0,0.0,0,shallow,2
64,2025-04-30,tech__sma_50_200_spread_sector_neutral,0.0,0.0,0,shallow,2
64,2025-04-30,tech__volatility_20d_sector_neutral,0.0,0.0,0,shallow,2
64,2025-04-30,tech__volatility_60d_sector_neutral,0.1578270047903061,0.13830941518253537,1,shallow,2
64,2025-04-30,tech__zero_volume_ratio_60d_sector_neutral,0.0,0.0,0,shallow,2
65,2025-05-30,fund__accruals_missing,0.0,0.0,0,shallow,1
65,2025-05-30,fund__accruals_sector_zscore,0.0,0.0,0,shallow,1
65,2025-05-30,fund__accruals_zscore,0.0,0.0,0,shallow,1
65,2025-05-30,fund__asset_growth_yoy_missing,0.0,0.0,0,shallow,1
65,2025-05-30,fund__asset_growth_yoy_sector_zscore,0.0,0.0,0,shallow,1
65,2025-05-30,fund__asset_growth_yoy_zscore,0.0,0.0,0,shallow,1
65,2025-05-30,fund__book_to_market_missing,0.0,0.0,0,shallow,1
65,2025-05-30,fund__book_to_market_sector_zscore,0.0,0.0,0,shallow,1
65,2025-05-30,fund__book_to_market_zscore,0.0,0.0,0,shallow,1
65,2025-05-30,fund__capex_to_assets_missing,0.0,0.0,0,shallow,1
65,2025-05-30,fund__capex_to_assets_sector_zscore,0.0,0.0,0,shallow,1
65,2025-05-30,fund__capex_to_assets_zscore,0.0,0.0,0,shallow,1
65,2025-05-30,fund__cash_conversion_missing,0.0,0.0,0,shallow,1
65,2025-05-30,fund__cash_conversion_sector_zscore,0.0,0.0,0,shallow,1
65,2025-05-30,fund__cash_conversion_zscore,0.0,0.0,0,shallow,1
65,2025-05-30,fund__current_ratio_missing,0.0,0.0,0,shallow,1
65,2025-05-30,fund__current_ratio_sector_zscore,0.0,0.0,0,shallow,1
65,2025-05-30,fund__current_ratio_zscore,0.0,0.0,0,shallow,1
65,2025-05-30,fund__debt_to_assets_missing,0.0,0.0,0,shallow,1
65,2025-05-30,fund__debt_to_assets_sector_zscore,0.0,0.0,0,shallow,1
65,2025-05-30,fund__debt_to_assets_zscore,0.0,0.0,0,shallow,1
65,2025-05-30,fund__earnings_yield_missing,0.0,0.0,0,shallow,1
65,2025-05-30,fund__earnings_yield_sector_zscore,0.0,0.0,0,shallow,1
65,2025-05-30,fund__earnings_yield_zscore,0.0,0.0,0,shallow,1
65,2025-05-30,fund__fcf_yield_missing,0.0,0.0,0,shallow,1
65,2025-05-30,fund__fcf_yield_sector_zscore,0.0,0.0,0,shallow,1
65,2025-05-30,fund__fcf_yield_zscore,0.0,0.0,0,shallow,1
65,2025-05-30,fund__gross_margin_missing,0.0,0.0,0,shallow,1
65,2025-05-30,fund__gross_margin_sector_zscore,0.0,0.0,0,shallow,1
65,2025-05-30,fund__gross_margin_zscore,0.0,0.0,0,shallow,1
65,2025-05-30,fund__gross_profitability_missing,0.0,0.0,0,shallow,1
65,2025-05-30,fund__gross_profitability_sector_zscore,0.0,0.0,0,shallow,1
65,2025-05-30,fund__gross_profitability_zscore,0.0,0.0,0,shallow,1
65,2025-05-30,fund__interest_coverage_missing,0.0,0.0,0,shallow,1
65,2025-05-30,fund__interest_coverage_sector_zscore,0.0,0.0,0,shallow,1
65,2025-05-30,fund__interest_coverage_zscore,0.0,0.0,0,shallow,1
65,2025-05-30,fund__net_debt_to_assets_missing,0.0,0.0,0,shallow,1
65,2025-05-30,fund__net_debt_to_assets_sector_zscore,0.0,0.0,0,shallow,1
65,2025-05-30,fund__net_debt_to_assets_zscore,0.0,0.0,0,shallow,1
65,2025-05-30,fund__net_income_growth_acceleration_missing,0.0,0.0,0,shallow,1
65,2025-05-30,fund__net_income_growth_acceleration_sector_zscore,0.0,0.0,0,shallow,1
65,2025-05-30,fund__net_income_growth_acceleration_zscore,0.0,0.0,0,shallow,1
65,2025-05-30,fund__net_income_growth_yoy_missing,0.0,0.0,0,shallow,1
65,2025-05-30,fund__net_income_growth_yoy_sector_zscore,0.0,0.0,0,shallow,1
65,2025-05-30,fund__net_income_growth_yoy_zscore,0.0,0.0,0,shallow,1
65,2025-05-30,fund__net_margin_missing,0.0,0.0,0,shallow,1
65,2025-05-30,fund__net_margin_sector_zscore,0.0,0.0,0,shallow,1
65,2025-05-30,fund__net_margin_zscore,0.0,0.0,0,shallow,1
65,2025-05-30,fund__operating_cash_flow_growth_acceleration_missing,0.0,0.0,0,shallow,1
65,2025-05-30,fund__operating_cash_flow_growth_acceleration_sector_zscore,0.0,0.0,0,shallow,1
65,2025-05-30,fund__operating_cash_flow_growth_acceleration_zscore,0.0,0.0,0,shallow,1
65,2025-05-30,fund__operating_cash_flow_growth_yoy_missing,0.0,0.0,0,shallow,1
65,2025-05-30,fund__operating_cash_flow_growth_yoy_sector_zscore,0.0,0.0,0,shallow,1
65,2025-05-30,fund__operating_cash_flow_growth_yoy_zscore,0.0,0.0,0,shallow,1
65,2025-05-30,fund__operating_margin_missing,0.0,0.0,0,shallow,1
65,2025-05-30,fund__operating_margin_sector_zscore,0.0,0.0,0,shallow,1
65,2025-05-30,fund__operating_margin_zscore,0.0,0.0,0,shallow,1
65,2025-05-30,fund__revenue_growth_acceleration_missing,0.0,0.0,0,shallow,1
65,2025-05-30,fund__revenue_growth_acceleration_sector_zscore,0.0,0.0,0,shallow,1
65,2025-05-30,fund__revenue_growth_acceleration_zscore,0.0,0.0,0,shallow,1
65,2025-05-30,fund__revenue_growth_yoy_missing,0.0,0.0,0,shallow,1
65,2025-05-30,fund__revenue_growth_yoy_sector_zscore,0.0,0.0,0,shallow,1
65,2025-05-30,fund__revenue_growth_yoy_zscore,0.0,0.0,0,shallow,1
65,2025-05-30,fund__roa_missing,0.0,0.0,0,shallow,1
65,2025-05-30,fund__roa_sector_zscore,0.0,0.0,0,shallow,1
65,2025-05-30,fund__roa_zscore,0.0,0.0,0,shallow,1
65,2025-05-30,fund__roe_missing,0.0,0.0,0,shallow,1
65,2025-05-30,fund__roe_sector_zscore,0.0,0.0,0,shallow,1
65,2025-05-30,fund__roe_zscore,0.0,0.0,0,shallow,1
65,2025-05-30,fund__sales_yield_missing,0.0,0.0,0,shallow,1
65,2025-05-30,fund__sales_yield_sector_zscore,0.04088570177555084,0.06878324293737836,1,shallow,1
65,2025-05-30,fund__sales_yield_zscore,0.0,0.0,0,shallow,1
65,2025-05-30,tech__amihud_illiquidity_20d_sector_neutral,0.0,0.0,0,shallow,1
65,2025-05-30,tech__average_dollar_volume_20d_sector_neutral,0.0,0.0,0,shallow,1
65,2025-05-30,tech__beta_60d_market_sector_neutral,0.0,0.0,0,shallow,1
65,2025-05-30,tech__distance_sma_200d_sector_neutral,0.0,0.0,0,shallow,1
65,2025-05-30,tech__distance_sma_50d_sector_neutral,0.0,0.0,0,shallow,1
65,2025-05-30,tech__dollar_volume_change_20d_60d_sector_neutral,0.0,0.0,0,shallow,1
65,2025-05-30,tech__downside_volatility_60d_sector_neutral,0.0,0.0,0,shallow,1
65,2025-05-30,tech__max_drawdown_126d_sector_neutral,0.10478699952363968,0.1762863135988413,1,shallow,1
65,2025-05-30,tech__momentum_12_1_sector_neutral,0.0,0.0,0,shallow,1
65,2025-05-30,tech__momentum_6_1_sector_neutral,0.44874099642038345,0.7549304434637804,2,shallow,1
65,2025-05-30,tech__positive_day_ratio_60d_sector_neutral,0.0,0.0,0,shallow,1
65,2025-05-30,tech__return_1m_sector_neutral,0.0,0.0,0,shallow,1
65,2025-05-30,tech__return_1w_sector_neutral,0.0,0.0,0,shallow,1
65,2025-05-30,tech__return_3m_sector_neutral,0.0,0.0,0,shallow,1
65,2025-05-30,tech__reversal_1m_sector_neutral,0.0,0.0,0,shallow,1
65,2025-05-30,tech__sma_50_200_spread_sector_neutral,0.0,0.0,0,shallow,1
65,2025-05-30,tech__volatility_20d_sector_neutral,0.0,0.0,0,shallow,1
65,2025-05-30,tech__volatility_60d_sector_neutral,0.0,0.0,0,shallow,1
65,2025-05-30,tech__zero_volume_ratio_60d_sector_neutral,0.0,0.0,0,shallow,1
66,2025-06-30,fund__accruals_missing,0.0,0.0,0,shallow,1
66,2025-06-30,fund__accruals_sector_zscore,0.0,0.0,0,shallow,1
66,2025-06-30,fund__accruals_zscore,0.0,0.0,0,shallow,1
66,2025-06-30,fund__asset_growth_yoy_missing,0.0,0.0,0,shallow,1
66,2025-06-30,fund__asset_growth_yoy_sector_zscore,0.0,0.0,0,shallow,1
66,2025-06-30,fund__asset_growth_yoy_zscore,0.0,0.0,0,shallow,1
66,2025-06-30,fund__book_to_market_missing,0.0,0.0,0,shallow,1
66,2025-06-30,fund__book_to_market_sector_zscore,0.0,0.0,0,shallow,1
66,2025-06-30,fund__book_to_market_zscore,0.0,0.0,0,shallow,1
66,2025-06-30,fund__capex_to_assets_missing,0.0,0.0,0,shallow,1
66,2025-06-30,fund__capex_to_assets_sector_zscore,0.0,0.0,0,shallow,1
66,2025-06-30,fund__capex_to_assets_zscore,0.0,0.0,0,shallow,1
66,2025-06-30,fund__cash_conversion_missing,0.0,0.0,0,shallow,1
66,2025-06-30,fund__cash_conversion_sector_zscore,0.0,0.0,0,shallow,1
66,2025-06-30,fund__cash_conversion_zscore,0.0,0.0,0,shallow,1
66,2025-06-30,fund__current_ratio_missing,0.0,0.0,0,shallow,1
66,2025-06-30,fund__current_ratio_sector_zscore,0.0,0.0,0,shallow,1
66,2025-06-30,fund__current_ratio_zscore,0.0,0.0,0,shallow,1
66,2025-06-30,fund__debt_to_assets_missing,0.0,0.0,0,shallow,1
66,2025-06-30,fund__debt_to_assets_sector_zscore,0.0,0.0,0,shallow,1
66,2025-06-30,fund__debt_to_assets_zscore,0.0,0.0,0,shallow,1
66,2025-06-30,fund__earnings_yield_missing,0.0,0.0,0,shallow,1
66,2025-06-30,fund__earnings_yield_sector_zscore,0.0,0.0,0,shallow,1
66,2025-06-30,fund__earnings_yield_zscore,0.0,0.0,0,shallow,1
66,2025-06-30,fund__fcf_yield_missing,0.0,0.0,0,shallow,1
66,2025-06-30,fund__fcf_yield_sector_zscore,0.0,0.0,0,shallow,1
66,2025-06-30,fund__fcf_yield_zscore,0.0,0.0,0,shallow,1
66,2025-06-30,fund__gross_margin_missing,0.0,0.0,0,shallow,1
66,2025-06-30,fund__gross_margin_sector_zscore,0.0,0.0,0,shallow,1
66,2025-06-30,fund__gross_margin_zscore,0.0,0.0,0,shallow,1
66,2025-06-30,fund__gross_profitability_missing,0.0,0.0,0,shallow,1
66,2025-06-30,fund__gross_profitability_sector_zscore,0.0,0.0,0,shallow,1
66,2025-06-30,fund__gross_profitability_zscore,0.0,0.0,0,shallow,1
66,2025-06-30,fund__interest_coverage_missing,0.0,0.0,0,shallow,1
66,2025-06-30,fund__interest_coverage_sector_zscore,0.0,0.0,0,shallow,1
66,2025-06-30,fund__interest_coverage_zscore,0.0,0.0,0,shallow,1
66,2025-06-30,fund__net_debt_to_assets_missing,0.0,0.0,0,shallow,1
66,2025-06-30,fund__net_debt_to_assets_sector_zscore,0.0,0.0,0,shallow,1
66,2025-06-30,fund__net_debt_to_assets_zscore,0.0,0.0,0,shallow,1
66,2025-06-30,fund__net_income_growth_acceleration_missing,0.0,0.0,0,shallow,1
66,2025-06-30,fund__net_income_growth_acceleration_sector_zscore,0.0,0.0,0,shallow,1
66,2025-06-30,fund__net_income_growth_acceleration_zscore,0.0,0.0,0,shallow,1
66,2025-06-30,fund__net_income_growth_yoy_missing,0.0,0.0,0,shallow,1
66,2025-06-30,fund__net_income_growth_yoy_sector_zscore,0.0,0.0,0,shallow,1
66,2025-06-30,fund__net_income_growth_yoy_zscore,0.0,0.0,0,shallow,1
66,2025-06-30,fund__net_margin_missing,0.0,0.0,0,shallow,1
66,2025-06-30,fund__net_margin_sector_zscore,0.0,0.0,0,shallow,1
66,2025-06-30,fund__net_margin_zscore,0.0,0.0,0,shallow,1
66,2025-06-30,fund__operating_cash_flow_growth_acceleration_missing,0.0,0.0,0,shallow,1
66,2025-06-30,fund__operating_cash_flow_growth_acceleration_sector_zscore,0.0,0.0,0,shallow,1
66,2025-06-30,fund__operating_cash_flow_growth_acceleration_zscore,0.0,0.0,0,shallow,1
66,2025-06-30,fund__operating_cash_flow_growth_yoy_missing,0.0,0.0,0,shallow,1
66,2025-06-30,fund__operating_cash_flow_growth_yoy_sector_zscore,0.0,0.0,0,shallow,1
66,2025-06-30,fund__operating_cash_flow_growth_yoy_zscore,0.0,0.0,0,shallow,1
66,2025-06-30,fund__operating_margin_missing,0.0,0.0,0,shallow,1
66,2025-06-30,fund__operating_margin_sector_zscore,0.0,0.0,0,shallow,1
66,2025-06-30,fund__operating_margin_zscore,0.0,0.0,0,shallow,1
66,2025-06-30,fund__revenue_growth_acceleration_missing,0.0,0.0,0,shallow,1
66,2025-06-30,fund__revenue_growth_acceleration_sector_zscore,0.0,0.0,0,shallow,1
66,2025-06-30,fund__revenue_growth_acceleration_zscore,0.0,0.0,0,shallow,1
66,2025-06-30,fund__revenue_growth_yoy_missing,0.0,0.0,0,shallow,1
66,2025-06-30,fund__revenue_growth_yoy_sector_zscore,0.0,0.0,0,shallow,1
66,2025-06-30,fund__revenue_growth_yoy_zscore,0.0,0.0,0,shallow,1
66,2025-06-30,fund__roa_missing,0.0,0.0,0,shallow,1
66,2025-06-30,fund__roa_sector_zscore,0.0,0.0,0,shallow,1
66,2025-06-30,fund__roa_zscore,0.0,0.0,0,shallow,1
66,2025-06-30,fund__roe_missing,0.0,0.0,0,shallow,1
66,2025-06-30,fund__roe_sector_zscore,0.0,0.0,0,shallow,1
66,2025-06-30,fund__roe_zscore,0.0,0.0,0,shallow,1
66,2025-06-30,fund__sales_yield_missing,0.0,0.0,0,shallow,1
66,2025-06-30,fund__sales_yield_sector_zscore,0.04088570177555084,0.06878324293737836,1,shallow,1
66,2025-06-30,fund__sales_yield_zscore,0.0,0.0,0,shallow,1
66,2025-06-30,tech__amihud_illiquidity_20d_sector_neutral,0.0,0.0,0,shallow,1
66,2025-06-30,tech__average_dollar_volume_20d_sector_neutral,0.0,0.0,0,shallow,1
66,2025-06-30,tech__beta_60d_market_sector_neutral,0.0,0.0,0,shallow,1
66,2025-06-30,tech__distance_sma_200d_sector_neutral,0.0,0.0,0,shallow,1
66,2025-06-30,tech__distance_sma_50d_sector_neutral,0.0,0.0,0,shallow,1
66,2025-06-30,tech__dollar_volume_change_20d_60d_sector_neutral,0.0,0.0,0,shallow,1
66,2025-06-30,tech__downside_volatility_60d_sector_neutral,0.0,0.0,0,shallow,1
66,2025-06-30,tech__max_drawdown_126d_sector_neutral,0.10478699952363968,0.1762863135988413,1,shallow,1
66,2025-06-30,tech__momentum_12_1_sector_neutral,0.0,0.0,0,shallow,1
66,2025-06-30,tech__momentum_6_1_sector_neutral,0.44874099642038345,0.7549304434637804,2,shallow,1
66,2025-06-30,tech__positive_day_ratio_60d_sector_neutral,0.0,0.0,0,shallow,1
66,2025-06-30,tech__return_1m_sector_neutral,0.0,0.0,0,shallow,1
66,2025-06-30,tech__return_1w_sector_neutral,0.0,0.0,0,shallow,1
66,2025-06-30,tech__return_3m_sector_neutral,0.0,0.0,0,shallow,1
66,2025-06-30,tech__reversal_1m_sector_neutral,0.0,0.0,0,shallow,1
66,2025-06-30,tech__sma_50_200_spread_sector_neutral,0.0,0.0,0,shallow,1
66,2025-06-30,tech__volatility_20d_sector_neutral,0.0,0.0,0,shallow,1
66,2025-06-30,tech__volatility_60d_sector_neutral,0.0,0.0,0,shallow,1
66,2025-06-30,tech__zero_volume_ratio_60d_sector_neutral,0.0,0.0,0,shallow,1
67,2025-07-31,fund__accruals_missing,0.0,0.0,0,regularized,3
67,2025-07-31,fund__accruals_sector_zscore,0.0,0.0,0,regularized,3
67,2025-07-31,fund__accruals_zscore,0.0,0.0,0,regularized,3
67,2025-07-31,fund__asset_growth_yoy_missing,0.0,0.0,0,regularized,3
67,2025-07-31,fund__asset_growth_yoy_sector_zscore,0.0,0.0,0,regularized,3
67,2025-07-31,fund__asset_growth_yoy_zscore,0.04558829963207245,0.01875747479603367,1,regularized,3
67,2025-07-31,fund__book_to_market_missing,0.0,0.0,0,regularized,3
67,2025-07-31,fund__book_to_market_sector_zscore,0.1630692034959793,0.06709542797760333,2,regularized,3
67,2025-07-31,fund__book_to_market_zscore,0.0,0.0,0,regularized,3
67,2025-07-31,fund__capex_to_assets_missing,0.0,0.0,0,regularized,3
67,2025-07-31,fund__capex_to_assets_sector_zscore,0.0,0.0,0,regularized,3
67,2025-07-31,fund__capex_to_assets_zscore,0.04409720003604889,0.01814395634247172,1,regularized,3
67,2025-07-31,fund__cash_conversion_missing,0.0,0.0,0,regularized,3
67,2025-07-31,fund__cash_conversion_sector_zscore,0.0,0.0,0,regularized,3
67,2025-07-31,fund__cash_conversion_zscore,0.0,0.0,0,regularized,3
67,2025-07-31,fund__current_ratio_missing,0.0,0.0,0,regularized,3
67,2025-07-31,fund__current_ratio_sector_zscore,0.0,0.0,0,regularized,3
67,2025-07-31,fund__current_ratio_zscore,0.09923329949378967,0.040829908753001735,1,regularized,3
67,2025-07-31,fund__debt_to_assets_missing,0.0,0.0,0,regularized,3
67,2025-07-31,fund__debt_to_assets_sector_zscore,0.0,0.0,0,regularized,3
67,2025-07-31,fund__debt_to_assets_zscore,0.0,0.0,0,regularized,3
67,2025-07-31,fund__earnings_yield_missing,0.0,0.0,0,regularized,3
67,2025-07-31,fund__earnings_yield_sector_zscore,0.0,0.0,0,regularized,3
67,2025-07-31,fund__earnings_yield_zscore,0.0,0.0,0,regularized,3
67,2025-07-31,fund__fcf_yield_missing,0.0,0.0,0,regularized,3
67,2025-07-31,fund__fcf_yield_sector_zscore,0.0,0.0,0,regularized,3
67,2025-07-31,fund__fcf_yield_zscore,0.0,0.0,0,regularized,3
67,2025-07-31,fund__gross_margin_missing,0.0,0.0,0,regularized,3
67,2025-07-31,fund__gross_margin_sector_zscore,0.0,0.0,0,regularized,3
67,2025-07-31,fund__gross_margin_zscore,0.0,0.0,0,regularized,3
67,2025-07-31,fund__gross_profitability_missing,0.0,0.0,0,regularized,3
67,2025-07-31,fund__gross_profitability_sector_zscore,0.0,0.0,0,regularized,3
67,2025-07-31,fund__gross_profitability_zscore,0.0,0.0,0,regularized,3
67,2025-07-31,fund__interest_coverage_missing,0.0,0.0,0,regularized,3
67,2025-07-31,fund__interest_coverage_sector_zscore,0.0,0.0,0,regularized,3
67,2025-07-31,fund__interest_coverage_zscore,0.0,0.0,0,regularized,3
67,2025-07-31,fund__net_debt_to_assets_missing,0.0,0.0,0,regularized,3
67,2025-07-31,fund__net_debt_to_assets_sector_zscore,0.0,0.0,0,regularized,3
67,2025-07-31,fund__net_debt_to_assets_zscore,0.0,0.0,0,regularized,3
67,2025-07-31,fund__net_income_growth_acceleration_missing,0.0,0.0,0,regularized,3
67,2025-07-31,fund__net_income_growth_acceleration_sector_zscore,0.0,0.0,0,regularized,3
67,2025-07-31,fund__net_income_growth_acceleration_zscore,0.0,0.0,0,regularized,3
67,2025-07-31,fund__net_income_growth_yoy_missing,0.0,0.0,0,regularized,3
67,2025-07-31,fund__net_income_growth_yoy_sector_zscore,0.0,0.0,0,regularized,3
67,2025-07-31,fund__net_income_growth_yoy_zscore,0.0,0.0,0,regularized,3
67,2025-07-31,fund__net_margin_missing,0.0,0.0,0,regularized,3
67,2025-07-31,fund__net_margin_sector_zscore,0.0,0.0,0,regularized,3
67,2025-07-31,fund__net_margin_zscore,0.06139469891786575,0.02526107634757577,1,regularized,3
67,2025-07-31,fund__operating_cash_flow_growth_acceleration_missing,0.0,0.0,0,regularized,3
67,2025-07-31,fund__operating_cash_flow_growth_acceleration_sector_zscore,0.0,0.0,0,regularized,3
67,2025-07-31,fund__operating_cash_flow_growth_acceleration_zscore,0.0,0.0,0,regularized,3
67,2025-07-31,fund__operating_cash_flow_growth_yoy_missing,0.0,0.0,0,regularized,3
67,2025-07-31,fund__operating_cash_flow_growth_yoy_sector_zscore,0.05955919995903969,0.02450585350013041,1,regularized,3
67,2025-07-31,fund__operating_cash_flow_growth_yoy_zscore,0.0,0.0,0,regularized,3
67,2025-07-31,fund__operating_margin_missing,0.0,0.0,0,regularized,3
67,2025-07-31,fund__operating_margin_sector_zscore,0.0,0.0,0,regularized,3
67,2025-07-31,fund__operating_margin_zscore,0.0,0.0,0,regularized,3
67,2025-07-31,fund__revenue_growth_acceleration_missing,0.0,0.0,0,regularized,3
67,2025-07-31,fund__revenue_growth_acceleration_sector_zscore,0.1624550074338913,0.06684271473215617,1,regularized,3
67,2025-07-31,fund__revenue_growth_acceleration_zscore,0.041030898690223694,0.01688231529256302,1,regularized,3
67,2025-07-31,fund__revenue_growth_yoy_missing,0.0,0.0,0,regularized,3
67,2025-07-31,fund__revenue_growth_yoy_sector_zscore,0.04122209921479225,0.016960985456827275,1,regularized,3
67,2025-07-31,fund__revenue_growth_yoy_zscore,0.0,0.0,0,regularized,3
67,2025-07-31,fund__roa_missing,0.0,0.0,0,regularized,3
67,2025-07-31,fund__roa_sector_zscore,0.0,0.0,0,regularized,3
67,2025-07-31,fund__roa_zscore,0.0,0.0,0,regularized,3
67,2025-07-31,fund__roe_missing,0.0,0.0,0,regularized,3
67,2025-07-31,fund__roe_sector_zscore,0.0,0.0,0,regularized,3
67,2025-07-31,fund__roe_zscore,0.0,0.0,0,regularized,3
67,2025-07-31,fund__sales_yield_missing,0.0,0.0,0,regularized,3
67,2025-07-31,fund__sales_yield_sector_zscore,0.0,0.0,0,regularized,3
67,2025-07-31,fund__sales_yield_zscore,0.41485969722270966,0.1706955595481458,5,regularized,3
67,2025-07-31,tech__amihud_illiquidity_20d_sector_neutral,0.0,0.0,0,regularized,3
67,2025-07-31,tech__average_dollar_volume_20d_sector_neutral,0.05558580160140991,0.022870984023765736,1,regularized,3
67,2025-07-31,tech__beta_60d_market_sector_neutral,0.0,0.0,0,regularized,3
67,2025-07-31,tech__distance_sma_200d_sector_neutral,0.244051992893219,0.10041609673013015,1,regularized,3
67,2025-07-31,tech__distance_sma_50d_sector_neutral,0.0,0.0,0,regularized,3
67,2025-07-31,tech__dollar_volume_change_20d_60d_sector_neutral,0.0,0.0,0,regularized,3
67,2025-07-31,tech__downside_volatility_60d_sector_neutral,0.0,0.0,0,regularized,3
67,2025-07-31,tech__max_drawdown_126d_sector_neutral,0.10107900202274323,0.04158932989718201,1,regularized,3
67,2025-07-31,tech__momentum_12_1_sector_neutral,0.0,0.0,0,regularized,3
67,2025-07-31,tech__momentum_6_1_sector_neutral,0.6020394824445248,0.24771137571065752,4,regularized,3
67,2025-07-31,tech__positive_day_ratio_60d_sector_neutral,0.0,0.0,0,regularized,3
67,2025-07-31,tech__return_1m_sector_neutral,0.0,0.0,0,regularized,3
67,2025-07-31,tech__return_1w_sector_neutral,0.0,0.0,0,regularized,3
67,2025-07-31,tech__return_3m_sector_neutral,0.15027519688010216,0.06183128655152633,2,regularized,3
67,2025-07-31,tech__reversal_1m_sector_neutral,0.0,0.0,0,regularized,3
67,2025-07-31,tech__sma_50_200_spread_sector_neutral,0.0,0.0,0,regularized,3
67,2025-07-31,tech__volatility_20d_sector_neutral,0.0,0.0,0,regularized,3
67,2025-07-31,tech__volatility_60d_sector_neutral,0.1448660045862198,0.05960565434022936,1,regularized,3
67,2025-07-31,tech__zero_volume_ratio_60d_sector_neutral,0.0,0.0,0,regularized,3
68,2025-08-29,fund__accruals_missing,0.0,0.0,0,regularized,1
68,2025-08-29,fund__accruals_sector_zscore,0.0,0.0,0,regularized,1
68,2025-08-29,fund__accruals_zscore,0.0,0.0,0,regularized,1
68,2025-08-29,fund__asset_growth_yoy_missing,0.0,0.0,0,regularized,1
68,2025-08-29,fund__asset_growth_yoy_sector_zscore,0.0,0.0,0,regularized,1
68,2025-08-29,fund__asset_growth_yoy_zscore,0.0,0.0,0,regularized,1
68,2025-08-29,fund__book_to_market_missing,0.0,0.0,0,regularized,1
68,2025-08-29,fund__book_to_market_sector_zscore,0.0,0.0,0,regularized,1
68,2025-08-29,fund__book_to_market_zscore,0.0,0.0,0,regularized,1
68,2025-08-29,fund__capex_to_assets_missing,0.0,0.0,0,regularized,1
68,2025-08-29,fund__capex_to_assets_sector_zscore,0.0,0.0,0,regularized,1
68,2025-08-29,fund__capex_to_assets_zscore,0.0,0.0,0,regularized,1
68,2025-08-29,fund__cash_conversion_missing,0.0,0.0,0,regularized,1
68,2025-08-29,fund__cash_conversion_sector_zscore,0.0,0.0,0,regularized,1
68,2025-08-29,fund__cash_conversion_zscore,0.0,0.0,0,regularized,1
68,2025-08-29,fund__current_ratio_missing,0.0,0.0,0,regularized,1
68,2025-08-29,fund__current_ratio_sector_zscore,0.0,0.0,0,regularized,1
68,2025-08-29,fund__current_ratio_zscore,0.0,0.0,0,regularized,1
68,2025-08-29,fund__debt_to_assets_missing,0.0,0.0,0,regularized,1
68,2025-08-29,fund__debt_to_assets_sector_zscore,0.0,0.0,0,regularized,1
68,2025-08-29,fund__debt_to_assets_zscore,0.0,0.0,0,regularized,1
68,2025-08-29,fund__earnings_yield_missing,0.0,0.0,0,regularized,1
68,2025-08-29,fund__earnings_yield_sector_zscore,0.0,0.0,0,regularized,1
68,2025-08-29,fund__earnings_yield_zscore,0.0,0.0,0,regularized,1
68,2025-08-29,fund__fcf_yield_missing,0.0,0.0,0,regularized,1
68,2025-08-29,fund__fcf_yield_sector_zscore,0.05221660062670708,0.05787783906325352,1,regularized,1
68,2025-08-29,fund__fcf_yield_zscore,0.0,0.0,0,regularized,1
68,2025-08-29,fund__gross_margin_missing,0.0,0.0,0,regularized,1
68,2025-08-29,fund__gross_margin_sector_zscore,0.0,0.0,0,regularized,1
68,2025-08-29,fund__gross_margin_zscore,0.0,0.0,0,regularized,1
68,2025-08-29,fund__gross_profitability_missing,0.0,0.0,0,regularized,1
68,2025-08-29,fund__gross_profitability_sector_zscore,0.0,0.0,0,regularized,1
68,2025-08-29,fund__gross_profitability_zscore,0.0,0.0,0,regularized,1
68,2025-08-29,fund__interest_coverage_missing,0.0,0.0,0,regularized,1
68,2025-08-29,fund__interest_coverage_sector_zscore,0.0,0.0,0,regularized,1
68,2025-08-29,fund__interest_coverage_zscore,0.0,0.0,0,regularized,1
68,2025-08-29,fund__net_debt_to_assets_missing,0.0,0.0,0,regularized,1
68,2025-08-29,fund__net_debt_to_assets_sector_zscore,0.0,0.0,0,regularized,1
68,2025-08-29,fund__net_debt_to_assets_zscore,0.0,0.0,0,regularized,1
68,2025-08-29,fund__net_income_growth_acceleration_missing,0.0,0.0,0,regularized,1
68,2025-08-29,fund__net_income_growth_acceleration_sector_zscore,0.0,0.0,0,regularized,1
68,2025-08-29,fund__net_income_growth_acceleration_zscore,0.0,0.0,0,regularized,1
68,2025-08-29,fund__net_income_growth_yoy_missing,0.0,0.0,0,regularized,1
68,2025-08-29,fund__net_income_growth_yoy_sector_zscore,0.0,0.0,0,regularized,1
68,2025-08-29,fund__net_income_growth_yoy_zscore,0.0,0.0,0,regularized,1
68,2025-08-29,fund__net_margin_missing,0.0,0.0,0,regularized,1
68,2025-08-29,fund__net_margin_sector_zscore,0.0,0.0,0,regularized,1
68,2025-08-29,fund__net_margin_zscore,0.06139950081706047,0.06805633427305767,1,regularized,1
68,2025-08-29,fund__operating_cash_flow_growth_acceleration_missing,0.0,0.0,0,regularized,1
68,2025-08-29,fund__operating_cash_flow_growth_acceleration_sector_zscore,0.0,0.0,0,regularized,1
68,2025-08-29,fund__operating_cash_flow_growth_acceleration_zscore,0.0,0.0,0,regularized,1
68,2025-08-29,fund__operating_cash_flow_growth_yoy_missing,0.0,0.0,0,regularized,1
68,2025-08-29,fund__operating_cash_flow_growth_yoy_sector_zscore,0.0,0.0,0,regularized,1
68,2025-08-29,fund__operating_cash_flow_growth_yoy_zscore,0.0,0.0,0,regularized,1
68,2025-08-29,fund__operating_margin_missing,0.0,0.0,0,regularized,1
68,2025-08-29,fund__operating_margin_sector_zscore,0.0,0.0,0,regularized,1
68,2025-08-29,fund__operating_margin_zscore,0.0,0.0,0,regularized,1
68,2025-08-29,fund__revenue_growth_acceleration_missing,0.0,0.0,0,regularized,1
68,2025-08-29,fund__revenue_growth_acceleration_sector_zscore,0.1637050062417984,0.18145363526911834,1,regularized,1
68,2025-08-29,fund__revenue_growth_acceleration_zscore,0.0,0.0,0,regularized,1
68,2025-08-29,fund__revenue_growth_yoy_missing,0.0,0.0,0,regularized,1
68,2025-08-29,fund__revenue_growth_yoy_sector_zscore,0.0,0.0,0,regularized,1
68,2025-08-29,fund__revenue_growth_yoy_zscore,0.0,0.0,0,regularized,1
68,2025-08-29,fund__roa_missing,0.0,0.0,0,regularized,1
68,2025-08-29,fund__roa_sector_zscore,0.0,0.0,0,regularized,1
68,2025-08-29,fund__roa_zscore,0.0,0.0,0,regularized,1
68,2025-08-29,fund__roe_missing,0.0,0.0,0,regularized,1
68,2025-08-29,fund__roe_sector_zscore,0.0,0.0,0,regularized,1
68,2025-08-29,fund__roe_zscore,0.0,0.0,0,regularized,1
68,2025-08-29,fund__sales_yield_missing,0.0,0.0,0,regularized,1
68,2025-08-29,fund__sales_yield_sector_zscore,0.0,0.0,0,regularized,1
68,2025-08-29,fund__sales_yield_zscore,0.14364120364189148,0.15921454800688933,2,regularized,1
68,2025-08-29,tech__amihud_illiquidity_20d_sector_neutral,0.0,0.0,0,regularized,1
68,2025-08-29,tech__average_dollar_volume_20d_sector_neutral,0.0854170024394989,0.09467777413932772,1,regularized,1
68,2025-08-29,tech__beta_60d_market_sector_neutral,0.0,0.0,0,regularized,1
68,2025-08-29,tech__distance_sma_200d_sector_neutral,0.0,0.0,0,regularized,1
68,2025-08-29,tech__distance_sma_50d_sector_neutral,0.0,0.0,0,regularized,1
68,2025-08-29,tech__dollar_volume_change_20d_60d_sector_neutral,0.0,0.0,0,regularized,1
68,2025-08-29,tech__downside_volatility_60d_sector_neutral,0.0,0.0,0,regularized,1
68,2025-08-29,tech__max_drawdown_126d_sector_neutral,0.0,0.0,0,regularized,1
68,2025-08-29,tech__momentum_12_1_sector_neutral,0.0,0.0,0,regularized,1
68,2025-08-29,tech__momentum_6_1_sector_neutral,0.30703800916671753,0.34032656794138205,1,regularized,1
68,2025-08-29,tech__positive_day_ratio_60d_sector_neutral,0.0,0.0,0,regularized,1
68,2025-08-29,tech__return_1m_sector_neutral,0.0,0.0,0,regularized,1
68,2025-08-29,tech__return_1w_sector_neutral,0.0,0.0,0,regularized,1
68,2025-08-29,tech__return_3m_sector_neutral,0.0887691006064415,0.09839330130697141,1,regularized,1
68,2025-08-29,tech__reversal_1m_sector_neutral,0.0,0.0,0,regularized,1
68,2025-08-29,tech__sma_50_200_spread_sector_neutral,0.0,0.0,0,regularized,1
68,2025-08-29,tech__volatility_20d_sector_neutral,0.0,0.0,0,regularized,1
68,2025-08-29,tech__volatility_60d_sector_neutral,0.0,0.0,0,regularized,1
68,2025-08-29,tech__zero_volume_ratio_60d_sector_neutral,0.0,0.0,0,regularized,1
69,2025-09-30,fund__accruals_missing,0.0,0.0,0,flexible,1
69,2025-09-30,fund__accruals_sector_zscore,0.0,0.0,0,flexible,1
69,2025-09-30,fund__accruals_zscore,0.0,0.0,0,flexible,1
69,2025-09-30,fund__asset_growth_yoy_missing,0.0,0.0,0,flexible,1
69,2025-09-30,fund__asset_growth_yoy_sector_zscore,0.0,0.0,0,flexible,1
69,2025-09-30,fund__asset_growth_yoy_zscore,0.0,0.0,0,flexible,1
69,2025-09-30,fund__book_to_market_missing,0.0,0.0,0,flexible,1
69,2025-09-30,fund__book_to_market_sector_zscore,0.07950759679079056,0.07840395943143755,1,flexible,1
69,2025-09-30,fund__book_to_market_zscore,0.0,0.0,0,flexible,1
69,2025-09-30,fund__capex_to_assets_missing,0.0,0.0,0,flexible,1
69,2025-09-30,fund__capex_to_assets_sector_zscore,0.0,0.0,0,flexible,1
69,2025-09-30,fund__capex_to_assets_zscore,0.0,0.0,0,flexible,1
69,2025-09-30,fund__cash_conversion_missing,0.0,0.0,0,flexible,1
69,2025-09-30,fund__cash_conversion_sector_zscore,0.0,0.0,0,flexible,1
69,2025-09-30,fund__cash_conversion_zscore,0.0,0.0,0,flexible,1
69,2025-09-30,fund__current_ratio_missing,0.0,0.0,0,flexible,1
69,2025-09-30,fund__current_ratio_sector_zscore,0.0,0.0,0,flexible,1
69,2025-09-30,fund__current_ratio_zscore,0.0,0.0,0,flexible,1
69,2025-09-30,fund__debt_to_assets_missing,0.0,0.0,0,flexible,1
69,2025-09-30,fund__debt_to_assets_sector_zscore,0.0,0.0,0,flexible,1
69,2025-09-30,fund__debt_to_assets_zscore,0.0,0.0,0,flexible,1
69,2025-09-30,fund__earnings_yield_missing,0.0,0.0,0,flexible,1
69,2025-09-30,fund__earnings_yield_sector_zscore,0.0,0.0,0,flexible,1
69,2025-09-30,fund__earnings_yield_zscore,0.0,0.0,0,flexible,1
69,2025-09-30,fund__fcf_yield_missing,0.0,0.0,0,flexible,1
69,2025-09-30,fund__fcf_yield_sector_zscore,0.0,0.0,0,flexible,1
69,2025-09-30,fund__fcf_yield_zscore,0.0,0.0,0,flexible,1
69,2025-09-30,fund__gross_margin_missing,0.0,0.0,0,flexible,1
69,2025-09-30,fund__gross_margin_sector_zscore,0.0,0.0,0,flexible,1
69,2025-09-30,fund__gross_margin_zscore,0.0,0.0,0,flexible,1
69,2025-09-30,fund__gross_profitability_missing,0.0,0.0,0,flexible,1
69,2025-09-30,fund__gross_profitability_sector_zscore,0.0,0.0,0,flexible,1
69,2025-09-30,fund__gross_profitability_zscore,0.0,0.0,0,flexible,1
69,2025-09-30,fund__interest_coverage_missing,0.0,0.0,0,flexible,1
69,2025-09-30,fund__interest_coverage_sector_zscore,0.0,0.0,0,flexible,1
69,2025-09-30,fund__interest_coverage_zscore,0.0,0.0,0,flexible,1
69,2025-09-30,fund__net_debt_to_assets_missing,0.0,0.0,0,flexible,1
69,2025-09-30,fund__net_debt_to_assets_sector_zscore,0.0,0.0,0,flexible,1
69,2025-09-30,fund__net_debt_to_assets_zscore,0.0,0.0,0,flexible,1
69,2025-09-30,fund__net_income_growth_acceleration_missing,0.0,0.0,0,flexible,1
69,2025-09-30,fund__net_income_growth_acceleration_sector_zscore,0.0,0.0,0,flexible,1
69,2025-09-30,fund__net_income_growth_acceleration_zscore,0.0,0.0,0,flexible,1
69,2025-09-30,fund__net_income_growth_yoy_missing,0.0,0.0,0,flexible,1
69,2025-09-30,fund__net_income_growth_yoy_sector_zscore,0.0,0.0,0,flexible,1
69,2025-09-30,fund__net_income_growth_yoy_zscore,0.0,0.0,0,flexible,1
69,2025-09-30,fund__net_margin_missing,0.0,0.0,0,flexible,1
69,2025-09-30,fund__net_margin_sector_zscore,0.0,0.0,0,flexible,1
69,2025-09-30,fund__net_margin_zscore,0.0,0.0,0,flexible,1
69,2025-09-30,fund__operating_cash_flow_growth_acceleration_missing,0.0,0.0,0,flexible,1
69,2025-09-30,fund__operating_cash_flow_growth_acceleration_sector_zscore,0.0,0.0,0,flexible,1
69,2025-09-30,fund__operating_cash_flow_growth_acceleration_zscore,0.0,0.0,0,flexible,1
69,2025-09-30,fund__operating_cash_flow_growth_yoy_missing,0.0,0.0,0,flexible,1
69,2025-09-30,fund__operating_cash_flow_growth_yoy_sector_zscore,0.0,0.0,0,flexible,1
69,2025-09-30,fund__operating_cash_flow_growth_yoy_zscore,0.0,0.0,0,flexible,1
69,2025-09-30,fund__operating_margin_missing,0.0,0.0,0,flexible,1
69,2025-09-30,fund__operating_margin_sector_zscore,0.0,0.0,0,flexible,1
69,2025-09-30,fund__operating_margin_zscore,0.0,0.0,0,flexible,1
69,2025-09-30,fund__revenue_growth_acceleration_missing,0.0,0.0,0,flexible,1
69,2025-09-30,fund__revenue_growth_acceleration_sector_zscore,0.0,0.0,0,flexible,1
69,2025-09-30,fund__revenue_growth_acceleration_zscore,0.06366279721260071,0.06277910000326839,1,flexible,1
69,2025-09-30,fund__revenue_growth_yoy_missing,0.0,0.0,0,flexible,1
69,2025-09-30,fund__revenue_growth_yoy_sector_zscore,0.0,0.0,0,flexible,1
69,2025-09-30,fund__revenue_growth_yoy_zscore,0.0,0.0,0,flexible,1
69,2025-09-30,fund__roa_missing,0.0,0.0,0,flexible,1
69,2025-09-30,fund__roa_sector_zscore,0.0,0.0,0,flexible,1
69,2025-09-30,fund__roa_zscore,0.0,0.0,0,flexible,1
69,2025-09-30,fund__roe_missing,0.0,0.0,0,flexible,1
69,2025-09-30,fund__roe_sector_zscore,0.0,0.0,0,flexible,1
69,2025-09-30,fund__roe_zscore,0.0,0.0,0,flexible,1
69,2025-09-30,fund__sales_yield_missing,0.0,0.0,0,flexible,1
69,2025-09-30,fund__sales_yield_sector_zscore,0.0,0.0,0,flexible,1
69,2025-09-30,fund__sales_yield_zscore,0.0,0.0,0,flexible,1
69,2025-09-30,tech__amihud_illiquidity_20d_sector_neutral,0.0,0.0,0,flexible,1
69,2025-09-30,tech__average_dollar_volume_20d_sector_neutral,0.0,0.0,0,flexible,1
69,2025-09-30,tech__beta_60d_market_sector_neutral,0.0,0.0,0,flexible,1
69,2025-09-30,tech__distance_sma_200d_sector_neutral,0.0,0.0,0,flexible,1
69,2025-09-30,tech__distance_sma_50d_sector_neutral,0.0,0.0,0,flexible,1
69,2025-09-30,tech__dollar_volume_change_20d_60d_sector_neutral,0.03986139968037605,0.039308087397536925,1,flexible,1
69,2025-09-30,tech__downside_volatility_60d_sector_neutral,0.0,0.0,0,flexible,1
69,2025-09-30,tech__max_drawdown_126d_sector_neutral,0.3622249960899353,0.35719698550588685,2,flexible,1
69,2025-09-30,tech__momentum_12_1_sector_neutral,0.0,0.0,0,flexible,1
69,2025-09-30,tech__momentum_6_1_sector_neutral,0.3902648091316223,0.3848475805800945,2,flexible,1
69,2025-09-30,tech__positive_day_ratio_60d_sector_neutral,0.0,0.0,0,flexible,1
69,2025-09-30,tech__return_1m_sector_neutral,0.0,0.0,0,flexible,1
69,2025-09-30,tech__return_1w_sector_neutral,0.0,0.0,0,flexible,1
69,2025-09-30,tech__return_3m_sector_neutral,0.07855469733476639,0.07746428708177583,1,flexible,1
69,2025-09-30,tech__reversal_1m_sector_neutral,0.0,0.0,0,flexible,1
69,2025-09-30,tech__sma_50_200_spread_sector_neutral,0.0,0.0,0,flexible,1
69,2025-09-30,tech__volatility_20d_sector_neutral,0.0,0.0,0,flexible,1
69,2025-09-30,tech__volatility_60d_sector_neutral,0.0,0.0,0,flexible,1
69,2025-09-30,tech__zero_volume_ratio_60d_sector_neutral,0.0,0.0,0,flexible,1
70,2025-10-31,fund__accruals_missing,0.0,0.0,0,flexible,1
70,2025-10-31,fund__accruals_sector_zscore,0.0,0.0,0,flexible,1
70,2025-10-31,fund__accruals_zscore,0.0,0.0,0,flexible,1
70,2025-10-31,fund__asset_growth_yoy_missing,0.0,0.0,0,flexible,1
70,2025-10-31,fund__asset_growth_yoy_sector_zscore,0.0,0.0,0,flexible,1
70,2025-10-31,fund__asset_growth_yoy_zscore,0.0,0.0,0,flexible,1
70,2025-10-31,fund__book_to_market_missing,0.0,0.0,0,flexible,1
70,2025-10-31,fund__book_to_market_sector_zscore,0.0790921002626419,0.07692119266404288,1,flexible,1
70,2025-10-31,fund__book_to_market_zscore,0.0,0.0,0,flexible,1
70,2025-10-31,fund__capex_to_assets_missing,0.0,0.0,0,flexible,1
70,2025-10-31,fund__capex_to_assets_sector_zscore,0.0,0.0,0,flexible,1
70,2025-10-31,fund__capex_to_assets_zscore,0.0,0.0,0,flexible,1
70,2025-10-31,fund__cash_conversion_missing,0.0,0.0,0,flexible,1
70,2025-10-31,fund__cash_conversion_sector_zscore,0.0,0.0,0,flexible,1
70,2025-10-31,fund__cash_conversion_zscore,0.0,0.0,0,flexible,1
70,2025-10-31,fund__current_ratio_missing,0.0,0.0,0,flexible,1
70,2025-10-31,fund__current_ratio_sector_zscore,0.0,0.0,0,flexible,1
70,2025-10-31,fund__current_ratio_zscore,0.0,0.0,0,flexible,1
70,2025-10-31,fund__debt_to_assets_missing,0.0,0.0,0,flexible,1
70,2025-10-31,fund__debt_to_assets_sector_zscore,0.0,0.0,0,flexible,1
70,2025-10-31,fund__debt_to_assets_zscore,0.0,0.0,0,flexible,1
70,2025-10-31,fund__earnings_yield_missing,0.0,0.0,0,flexible,1
70,2025-10-31,fund__earnings_yield_sector_zscore,0.0,0.0,0,flexible,1
70,2025-10-31,fund__earnings_yield_zscore,0.0,0.0,0,flexible,1
70,2025-10-31,fund__fcf_yield_missing,0.0,0.0,0,flexible,1
70,2025-10-31,fund__fcf_yield_sector_zscore,0.0,0.0,0,flexible,1
70,2025-10-31,fund__fcf_yield_zscore,0.0,0.0,0,flexible,1
70,2025-10-31,fund__gross_margin_missing,0.0,0.0,0,flexible,1
70,2025-10-31,fund__gross_margin_sector_zscore,0.0,0.0,0,flexible,1
70,2025-10-31,fund__gross_margin_zscore,0.0,0.0,0,flexible,1
70,2025-10-31,fund__gross_profitability_missing,0.0,0.0,0,flexible,1
70,2025-10-31,fund__gross_profitability_sector_zscore,0.0,0.0,0,flexible,1
70,2025-10-31,fund__gross_profitability_zscore,0.0,0.0,0,flexible,1
70,2025-10-31,fund__interest_coverage_missing,0.0,0.0,0,flexible,1
70,2025-10-31,fund__interest_coverage_sector_zscore,0.0,0.0,0,flexible,1
70,2025-10-31,fund__interest_coverage_zscore,0.0,0.0,0,flexible,1
70,2025-10-31,fund__net_debt_to_assets_missing,0.0,0.0,0,flexible,1
70,2025-10-31,fund__net_debt_to_assets_sector_zscore,0.0,0.0,0,flexible,1
70,2025-10-31,fund__net_debt_to_assets_zscore,0.0,0.0,0,flexible,1
70,2025-10-31,fund__net_income_growth_acceleration_missing,0.0,0.0,0,flexible,1
70,2025-10-31,fund__net_income_growth_acceleration_sector_zscore,0.0,0.0,0,flexible,1
70,2025-10-31,fund__net_income_growth_acceleration_zscore,0.0,0.0,0,flexible,1
70,2025-10-31,fund__net_income_growth_yoy_missing,0.0,0.0,0,flexible,1
70,2025-10-31,fund__net_income_growth_yoy_sector_zscore,0.0,0.0,0,flexible,1
70,2025-10-31,fund__net_income_growth_yoy_zscore,0.0,0.0,0,flexible,1
70,2025-10-31,fund__net_margin_missing,0.0,0.0,0,flexible,1
70,2025-10-31,fund__net_margin_sector_zscore,0.0,0.0,0,flexible,1
70,2025-10-31,fund__net_margin_zscore,0.0,0.0,0,flexible,1
70,2025-10-31,fund__operating_cash_flow_growth_acceleration_missing,0.0,0.0,0,flexible,1
70,2025-10-31,fund__operating_cash_flow_growth_acceleration_sector_zscore,0.0,0.0,0,flexible,1
70,2025-10-31,fund__operating_cash_flow_growth_acceleration_zscore,0.0,0.0,0,flexible,1
70,2025-10-31,fund__operating_cash_flow_growth_yoy_missing,0.0,0.0,0,flexible,1
70,2025-10-31,fund__operating_cash_flow_growth_yoy_sector_zscore,0.0,0.0,0,flexible,1
70,2025-10-31,fund__operating_cash_flow_growth_yoy_zscore,0.0,0.0,0,flexible,1
70,2025-10-31,fund__operating_margin_missing,0.0,0.0,0,flexible,1
70,2025-10-31,fund__operating_margin_sector_zscore,0.0,0.0,0,flexible,1
70,2025-10-31,fund__operating_margin_zscore,0.0,0.0,0,flexible,1
70,2025-10-31,fund__revenue_growth_acceleration_missing,0.0,0.0,0,flexible,1
70,2025-10-31,fund__revenue_growth_acceleration_sector_zscore,0.0,0.0,0,flexible,1
70,2025-10-31,fund__revenue_growth_acceleration_zscore,0.0,0.0,0,flexible,1
70,2025-10-31,fund__revenue_growth_yoy_missing,0.0,0.0,0,flexible,1
70,2025-10-31,fund__revenue_growth_yoy_sector_zscore,0.0,0.0,0,flexible,1
70,2025-10-31,fund__revenue_growth_yoy_zscore,0.0,0.0,0,flexible,1
70,2025-10-31,fund__roa_missing,0.0,0.0,0,flexible,1
70,2025-10-31,fund__roa_sector_zscore,0.0,0.0,0,flexible,1
70,2025-10-31,fund__roa_zscore,0.0,0.0,0,flexible,1
70,2025-10-31,fund__roe_missing,0.0,0.0,0,flexible,1
70,2025-10-31,fund__roe_sector_zscore,0.0,0.0,0,flexible,1
70,2025-10-31,fund__roe_zscore,0.0,0.0,0,flexible,1
70,2025-10-31,fund__sales_yield_missing,0.0,0.0,0,flexible,1
70,2025-10-31,fund__sales_yield_sector_zscore,0.0,0.0,0,flexible,1
70,2025-10-31,fund__sales_yield_zscore,0.0,0.0,0,flexible,1
70,2025-10-31,tech__amihud_illiquidity_20d_sector_neutral,0.0,0.0,0,flexible,1
70,2025-10-31,tech__average_dollar_volume_20d_sector_neutral,0.0,0.0,0,flexible,1
70,2025-10-31,tech__beta_60d_market_sector_neutral,0.0,0.0,0,flexible,1
70,2025-10-31,tech__distance_sma_200d_sector_neutral,0.1558237001299858,0.15154667557847334,2,flexible,1
70,2025-10-31,tech__distance_sma_50d_sector_neutral,0.0,0.0,0,flexible,1
70,2025-10-31,tech__dollar_volume_change_20d_60d_sector_neutral,0.03986399993300438,0.038769819097273214,1,flexible,1
70,2025-10-31,tech__downside_volatility_60d_sector_neutral,0.0,0.0,0,flexible,1
70,2025-10-31,tech__max_drawdown_126d_sector_neutral,0.3634060025215149,0.35343129139827145,2,flexible,1
70,2025-10-31,tech__momentum_12_1_sector_neutral,0.0,0.0,0,flexible,1
70,2025-10-31,tech__momentum_6_1_sector_neutral,0.3900366872549057,0.37933102126193907,2,flexible,1
70,2025-10-31,tech__positive_day_ratio_60d_sector_neutral,0.0,0.0,0,flexible,1
70,2025-10-31,tech__return_1m_sector_neutral,0.0,0.0,0,flexible,1
70,2025-10-31,tech__return_1w_sector_neutral,0.0,0.0,0,flexible,1
70,2025-10-31,tech__return_3m_sector_neutral,0.0,0.0,0,flexible,1
70,2025-10-31,tech__reversal_1m_sector_neutral,0.0,0.0,0,flexible,1
70,2025-10-31,tech__sma_50_200_spread_sector_neutral,0.0,0.0,0,flexible,1
70,2025-10-31,tech__volatility_20d_sector_neutral,0.0,0.0,0,flexible,1
70,2025-10-31,tech__volatility_60d_sector_neutral,0.0,0.0,0,flexible,1
70,2025-10-31,tech__zero_volume_ratio_60d_sector_neutral,0.0,0.0,0,flexible,1
71,2025-11-28,fund__accruals_missing,0.0,0.0,0,flexible,1
71,2025-11-28,fund__accruals_sector_zscore,0.0,0.0,0,flexible,1
71,2025-11-28,fund__accruals_zscore,0.0,0.0,0,flexible,1
71,2025-11-28,fund__asset_growth_yoy_missing,0.0,0.0,0,flexible,1
71,2025-11-28,fund__asset_growth_yoy_sector_zscore,0.0,0.0,0,flexible,1
71,2025-11-28,fund__asset_growth_yoy_zscore,0.0,0.0,0,flexible,1
71,2025-11-28,fund__book_to_market_missing,0.0,0.0,0,flexible,1
71,2025-11-28,fund__book_to_market_sector_zscore,0.0790921002626419,0.07692119266404288,1,flexible,1
71,2025-11-28,fund__book_to_market_zscore,0.0,0.0,0,flexible,1
71,2025-11-28,fund__capex_to_assets_missing,0.0,0.0,0,flexible,1
71,2025-11-28,fund__capex_to_assets_sector_zscore,0.0,0.0,0,flexible,1
71,2025-11-28,fund__capex_to_assets_zscore,0.0,0.0,0,flexible,1
71,2025-11-28,fund__cash_conversion_missing,0.0,0.0,0,flexible,1
71,2025-11-28,fund__cash_conversion_sector_zscore,0.0,0.0,0,flexible,1
71,2025-11-28,fund__cash_conversion_zscore,0.0,0.0,0,flexible,1
71,2025-11-28,fund__current_ratio_missing,0.0,0.0,0,flexible,1
71,2025-11-28,fund__current_ratio_sector_zscore,0.0,0.0,0,flexible,1
71,2025-11-28,fund__current_ratio_zscore,0.0,0.0,0,flexible,1
71,2025-11-28,fund__debt_to_assets_missing,0.0,0.0,0,flexible,1
71,2025-11-28,fund__debt_to_assets_sector_zscore,0.0,0.0,0,flexible,1
71,2025-11-28,fund__debt_to_assets_zscore,0.0,0.0,0,flexible,1
71,2025-11-28,fund__earnings_yield_missing,0.0,0.0,0,flexible,1
71,2025-11-28,fund__earnings_yield_sector_zscore,0.0,0.0,0,flexible,1
71,2025-11-28,fund__earnings_yield_zscore,0.0,0.0,0,flexible,1
71,2025-11-28,fund__fcf_yield_missing,0.0,0.0,0,flexible,1
71,2025-11-28,fund__fcf_yield_sector_zscore,0.0,0.0,0,flexible,1
71,2025-11-28,fund__fcf_yield_zscore,0.0,0.0,0,flexible,1
71,2025-11-28,fund__gross_margin_missing,0.0,0.0,0,flexible,1
71,2025-11-28,fund__gross_margin_sector_zscore,0.0,0.0,0,flexible,1
71,2025-11-28,fund__gross_margin_zscore,0.0,0.0,0,flexible,1
71,2025-11-28,fund__gross_profitability_missing,0.0,0.0,0,flexible,1
71,2025-11-28,fund__gross_profitability_sector_zscore,0.0,0.0,0,flexible,1
71,2025-11-28,fund__gross_profitability_zscore,0.0,0.0,0,flexible,1
71,2025-11-28,fund__interest_coverage_missing,0.0,0.0,0,flexible,1
71,2025-11-28,fund__interest_coverage_sector_zscore,0.0,0.0,0,flexible,1
71,2025-11-28,fund__interest_coverage_zscore,0.0,0.0,0,flexible,1
71,2025-11-28,fund__net_debt_to_assets_missing,0.0,0.0,0,flexible,1
71,2025-11-28,fund__net_debt_to_assets_sector_zscore,0.0,0.0,0,flexible,1
71,2025-11-28,fund__net_debt_to_assets_zscore,0.0,0.0,0,flexible,1
71,2025-11-28,fund__net_income_growth_acceleration_missing,0.0,0.0,0,flexible,1
71,2025-11-28,fund__net_income_growth_acceleration_sector_zscore,0.0,0.0,0,flexible,1
71,2025-11-28,fund__net_income_growth_acceleration_zscore,0.0,0.0,0,flexible,1
71,2025-11-28,fund__net_income_growth_yoy_missing,0.0,0.0,0,flexible,1
71,2025-11-28,fund__net_income_growth_yoy_sector_zscore,0.0,0.0,0,flexible,1
71,2025-11-28,fund__net_income_growth_yoy_zscore,0.0,0.0,0,flexible,1
71,2025-11-28,fund__net_margin_missing,0.0,0.0,0,flexible,1
71,2025-11-28,fund__net_margin_sector_zscore,0.0,0.0,0,flexible,1
71,2025-11-28,fund__net_margin_zscore,0.0,0.0,0,flexible,1
71,2025-11-28,fund__operating_cash_flow_growth_acceleration_missing,0.0,0.0,0,flexible,1
71,2025-11-28,fund__operating_cash_flow_growth_acceleration_sector_zscore,0.0,0.0,0,flexible,1
71,2025-11-28,fund__operating_cash_flow_growth_acceleration_zscore,0.0,0.0,0,flexible,1
71,2025-11-28,fund__operating_cash_flow_growth_yoy_missing,0.0,0.0,0,flexible,1
71,2025-11-28,fund__operating_cash_flow_growth_yoy_sector_zscore,0.0,0.0,0,flexible,1
71,2025-11-28,fund__operating_cash_flow_growth_yoy_zscore,0.0,0.0,0,flexible,1
71,2025-11-28,fund__operating_margin_missing,0.0,0.0,0,flexible,1
71,2025-11-28,fund__operating_margin_sector_zscore,0.0,0.0,0,flexible,1
71,2025-11-28,fund__operating_margin_zscore,0.0,0.0,0,flexible,1
71,2025-11-28,fund__revenue_growth_acceleration_missing,0.0,0.0,0,flexible,1
71,2025-11-28,fund__revenue_growth_acceleration_sector_zscore,0.0,0.0,0,flexible,1
71,2025-11-28,fund__revenue_growth_acceleration_zscore,0.0,0.0,0,flexible,1
71,2025-11-28,fund__revenue_growth_yoy_missing,0.0,0.0,0,flexible,1
71,2025-11-28,fund__revenue_growth_yoy_sector_zscore,0.0,0.0,0,flexible,1
71,2025-11-28,fund__revenue_growth_yoy_zscore,0.0,0.0,0,flexible,1
71,2025-11-28,fund__roa_missing,0.0,0.0,0,flexible,1
71,2025-11-28,fund__roa_sector_zscore,0.0,0.0,0,flexible,1
71,2025-11-28,fund__roa_zscore,0.0,0.0,0,flexible,1
71,2025-11-28,fund__roe_missing,0.0,0.0,0,flexible,1
71,2025-11-28,fund__roe_sector_zscore,0.0,0.0,0,flexible,1
71,2025-11-28,fund__roe_zscore,0.0,0.0,0,flexible,1
71,2025-11-28,fund__sales_yield_missing,0.0,0.0,0,flexible,1
71,2025-11-28,fund__sales_yield_sector_zscore,0.0,0.0,0,flexible,1
71,2025-11-28,fund__sales_yield_zscore,0.0,0.0,0,flexible,1
71,2025-11-28,tech__amihud_illiquidity_20d_sector_neutral,0.0,0.0,0,flexible,1
71,2025-11-28,tech__average_dollar_volume_20d_sector_neutral,0.0,0.0,0,flexible,1
71,2025-11-28,tech__beta_60d_market_sector_neutral,0.0,0.0,0,flexible,1
71,2025-11-28,tech__distance_sma_200d_sector_neutral,0.1558237001299858,0.15154667557847334,2,flexible,1
71,2025-11-28,tech__distance_sma_50d_sector_neutral,0.0,0.0,0,flexible,1
71,2025-11-28,tech__dollar_volume_change_20d_60d_sector_neutral,0.03986399993300438,0.038769819097273214,1,flexible,1
71,2025-11-28,tech__downside_volatility_60d_sector_neutral,0.0,0.0,0,flexible,1
71,2025-11-28,tech__max_drawdown_126d_sector_neutral,0.3634060025215149,0.35343129139827145,2,flexible,1
71,2025-11-28,tech__momentum_12_1_sector_neutral,0.0,0.0,0,flexible,1
71,2025-11-28,tech__momentum_6_1_sector_neutral,0.3900366872549057,0.37933102126193907,2,flexible,1
71,2025-11-28,tech__positive_day_ratio_60d_sector_neutral,0.0,0.0,0,flexible,1
71,2025-11-28,tech__return_1m_sector_neutral,0.0,0.0,0,flexible,1
71,2025-11-28,tech__return_1w_sector_neutral,0.0,0.0,0,flexible,1
71,2025-11-28,tech__return_3m_sector_neutral,0.0,0.0,0,flexible,1
71,2025-11-28,tech__reversal_1m_sector_neutral,0.0,0.0,0,flexible,1
71,2025-11-28,tech__sma_50_200_spread_sector_neutral,0.0,0.0,0,flexible,1
71,2025-11-28,tech__volatility_20d_sector_neutral,0.0,0.0,0,flexible,1
71,2025-11-28,tech__volatility_60d_sector_neutral,0.0,0.0,0,flexible,1
71,2025-11-28,tech__zero_volume_ratio_60d_sector_neutral,0.0,0.0,0,flexible,1
72,2025-12-31,fund__accruals_missing,0.0,0.0,0,balanced,1
72,2025-12-31,fund__accruals_sector_zscore,0.0,0.0,0,balanced,1
72,2025-12-31,fund__accruals_zscore,0.0,0.0,0,balanced,1
72,2025-12-31,fund__asset_growth_yoy_missing,0.0,0.0,0,balanced,1
72,2025-12-31,fund__asset_growth_yoy_sector_zscore,0.0,0.0,0,balanced,1
72,2025-12-31,fund__asset_growth_yoy_zscore,0.0,0.0,0,balanced,1
72,2025-12-31,fund__book_to_market_missing,0.0,0.0,0,balanced,1
72,2025-12-31,fund__book_to_market_sector_zscore,0.0,0.0,0,balanced,1
72,2025-12-31,fund__book_to_market_zscore,0.03905649855732918,0.046147167078483785,1,balanced,1
72,2025-12-31,fund__capex_to_assets_missing,0.0,0.0,0,balanced,1
72,2025-12-31,fund__capex_to_assets_sector_zscore,0.0,0.0,0,balanced,1
72,2025-12-31,fund__capex_to_assets_zscore,0.0,0.0,0,balanced,1
72,2025-12-31,fund__cash_conversion_missing,0.0,0.0,0,balanced,1
72,2025-12-31,fund__cash_conversion_sector_zscore,0.0,0.0,0,balanced,1
72,2025-12-31,fund__cash_conversion_zscore,0.0,0.0,0,balanced,1
72,2025-12-31,fund__current_ratio_missing,0.0,0.0,0,balanced,1
72,2025-12-31,fund__current_ratio_sector_zscore,0.0,0.0,0,balanced,1
72,2025-12-31,fund__current_ratio_zscore,0.0,0.0,0,balanced,1
72,2025-12-31,fund__debt_to_assets_missing,0.0,0.0,0,balanced,1
72,2025-12-31,fund__debt_to_assets_sector_zscore,0.0,0.0,0,balanced,1
72,2025-12-31,fund__debt_to_assets_zscore,0.0,0.0,0,balanced,1
72,2025-12-31,fund__earnings_yield_missing,0.0,0.0,0,balanced,1
72,2025-12-31,fund__earnings_yield_sector_zscore,0.0,0.0,0,balanced,1
72,2025-12-31,fund__earnings_yield_zscore,0.0,0.0,0,balanced,1
72,2025-12-31,fund__fcf_yield_missing,0.0,0.0,0,balanced,1
72,2025-12-31,fund__fcf_yield_sector_zscore,0.0,0.0,0,balanced,1
72,2025-12-31,fund__fcf_yield_zscore,0.0,0.0,0,balanced,1
72,2025-12-31,fund__gross_margin_missing,0.0,0.0,0,balanced,1
72,2025-12-31,fund__gross_margin_sector_zscore,0.0,0.0,0,balanced,1
72,2025-12-31,fund__gross_margin_zscore,0.0,0.0,0,balanced,1
72,2025-12-31,fund__gross_profitability_missing,0.0,0.0,0,balanced,1
72,2025-12-31,fund__gross_profitability_sector_zscore,0.0,0.0,0,balanced,1
72,2025-12-31,fund__gross_profitability_zscore,0.0,0.0,0,balanced,1
72,2025-12-31,fund__interest_coverage_missing,0.0,0.0,0,balanced,1
72,2025-12-31,fund__interest_coverage_sector_zscore,0.0,0.0,0,balanced,1
72,2025-12-31,fund__interest_coverage_zscore,0.0,0.0,0,balanced,1
72,2025-12-31,fund__net_debt_to_assets_missing,0.0,0.0,0,balanced,1
72,2025-12-31,fund__net_debt_to_assets_sector_zscore,0.0,0.0,0,balanced,1
72,2025-12-31,fund__net_debt_to_assets_zscore,0.0,0.0,0,balanced,1
72,2025-12-31,fund__net_income_growth_acceleration_missing,0.0,0.0,0,balanced,1
72,2025-12-31,fund__net_income_growth_acceleration_sector_zscore,0.0,0.0,0,balanced,1
72,2025-12-31,fund__net_income_growth_acceleration_zscore,0.0,0.0,0,balanced,1
72,2025-12-31,fund__net_income_growth_yoy_missing,0.0,0.0,0,balanced,1
72,2025-12-31,fund__net_income_growth_yoy_sector_zscore,0.0,0.0,0,balanced,1
72,2025-12-31,fund__net_income_growth_yoy_zscore,0.0,0.0,0,balanced,1
72,2025-12-31,fund__net_margin_missing,0.0,0.0,0,balanced,1
72,2025-12-31,fund__net_margin_sector_zscore,0.0,0.0,0,balanced,1
72,2025-12-31,fund__net_margin_zscore,0.0,0.0,0,balanced,1
72,2025-12-31,fund__operating_cash_flow_growth_acceleration_missing,0.0,0.0,0,balanced,1
72,2025-12-31,fund__operating_cash_flow_growth_acceleration_sector_zscore,0.0,0.0,0,balanced,1
72,2025-12-31,fund__operating_cash_flow_growth_acceleration_zscore,0.0,0.0,0,balanced,1
72,2025-12-31,fund__operating_cash_flow_growth_yoy_missing,0.0,0.0,0,balanced,1
72,2025-12-31,fund__operating_cash_flow_growth_yoy_sector_zscore,0.0,0.0,0,balanced,1
72,2025-12-31,fund__operating_cash_flow_growth_yoy_zscore,0.0,0.0,0,balanced,1
72,2025-12-31,fund__operating_margin_missing,0.0,0.0,0,balanced,1
72,2025-12-31,fund__operating_margin_sector_zscore,0.0,0.0,0,balanced,1
72,2025-12-31,fund__operating_margin_zscore,0.0,0.0,0,balanced,1
72,2025-12-31,fund__revenue_growth_acceleration_missing,0.0,0.0,0,balanced,1
72,2025-12-31,fund__revenue_growth_acceleration_sector_zscore,0.0,0.0,0,balanced,1
72,2025-12-31,fund__revenue_growth_acceleration_zscore,0.0,0.0,0,balanced,1
72,2025-12-31,fund__revenue_growth_yoy_missing,0.0,0.0,0,balanced,1
72,2025-12-31,fund__revenue_growth_yoy_sector_zscore,0.0,0.0,0,balanced,1
72,2025-12-31,fund__revenue_growth_yoy_zscore,0.0,0.0,0,balanced,1
72,2025-12-31,fund__roa_missing,0.0,0.0,0,balanced,1
72,2025-12-31,fund__roa_sector_zscore,0.0,0.0,0,balanced,1
72,2025-12-31,fund__roa_zscore,0.0,0.0,0,balanced,1
72,2025-12-31,fund__roe_missing,0.0,0.0,0,balanced,1
72,2025-12-31,fund__roe_sector_zscore,0.0,0.0,0,balanced,1
72,2025-12-31,fund__roe_zscore,0.0,0.0,0,balanced,1
72,2025-12-31,fund__sales_yield_missing,0.0,0.0,0,balanced,1
72,2025-12-31,fund__sales_yield_sector_zscore,0.0,0.0,0,balanced,1
72,2025-12-31,fund__sales_yield_zscore,0.13221600651741028,0.15621969118027532,1,balanced,1
72,2025-12-31,tech__amihud_illiquidity_20d_sector_neutral,0.0,0.0,0,balanced,1
72,2025-12-31,tech__average_dollar_volume_20d_sector_neutral,0.0,0.0,0,balanced,1
72,2025-12-31,tech__beta_60d_market_sector_neutral,0.0,0.0,0,balanced,1
72,2025-12-31,tech__distance_sma_200d_sector_neutral,0.0,0.0,0,balanced,1
72,2025-12-31,tech__distance_sma_50d_sector_neutral,0.0,0.0,0,balanced,1
72,2025-12-31,tech__dollar_volume_change_20d_60d_sector_neutral,0.0,0.0,0,balanced,1
72,2025-12-31,tech__downside_volatility_60d_sector_neutral,0.0,0.0,0,balanced,1
72,2025-12-31,tech__max_drawdown_126d_sector_neutral,0.10093700140714645,0.11926201375936317,1,balanced,1
72,2025-12-31,tech__momentum_12_1_sector_neutral,0.06778939813375473,0.08009649603474746,1,balanced,1
72,2025-12-31,tech__momentum_6_1_sector_neutral,0.42329300940036774,0.5001414348313964,2,balanced,1
72,2025-12-31,tech__positive_day_ratio_60d_sector_neutral,0.08305469900369644,0.09813319711573389,1,balanced,1
72,2025-12-31,tech__return_1m_sector_neutral,0.0,0.0,0,balanced,1
72,2025-12-31,tech__return_1w_sector_neutral,0.0,0.0,0,balanced,1
72,2025-12-31,tech__return_3m_sector_neutral,0.0,0.0,0,balanced,1
72,2025-12-31,tech__reversal_1m_sector_neutral,0.0,0.0,0,balanced,1
72,2025-12-31,tech__sma_50_200_spread_sector_neutral,0.0,0.0,0,balanced,1
72,2025-12-31,tech__volatility_20d_sector_neutral,0.0,0.0,0,balanced,1
72,2025-12-31,tech__volatility_60d_sector_neutral,0.0,0.0,0,balanced,1
72,2025-12-31,tech__zero_volume_ratio_60d_sector_neutral,0.0,0.0,0,balanced,1
73,2026-01-30,fund__accruals_missing,0.0,0.0,0,balanced,1
73,2026-01-30,fund__accruals_sector_zscore,0.0,0.0,0,balanced,1
73,2026-01-30,fund__accruals_zscore,0.0,0.0,0,balanced,1
73,2026-01-30,fund__asset_growth_yoy_missing,0.0,0.0,0,balanced,1
73,2026-01-30,fund__asset_growth_yoy_sector_zscore,0.0,0.0,0,balanced,1
73,2026-01-30,fund__asset_growth_yoy_zscore,0.0,0.0,0,balanced,1
73,2026-01-30,fund__book_to_market_missing,0.0,0.0,0,balanced,1
73,2026-01-30,fund__book_to_market_sector_zscore,0.0,0.0,0,balanced,1
73,2026-01-30,fund__book_to_market_zscore,0.03905649855732918,0.046147167078483785,1,balanced,1
73,2026-01-30,fund__capex_to_assets_missing,0.0,0.0,0,balanced,1
73,2026-01-30,fund__capex_to_assets_sector_zscore,0.0,0.0,0,balanced,1
73,2026-01-30,fund__capex_to_assets_zscore,0.0,0.0,0,balanced,1
73,2026-01-30,fund__cash_conversion_missing,0.0,0.0,0,balanced,1
73,2026-01-30,fund__cash_conversion_sector_zscore,0.0,0.0,0,balanced,1
73,2026-01-30,fund__cash_conversion_zscore,0.0,0.0,0,balanced,1
73,2026-01-30,fund__current_ratio_missing,0.0,0.0,0,balanced,1
73,2026-01-30,fund__current_ratio_sector_zscore,0.0,0.0,0,balanced,1
73,2026-01-30,fund__current_ratio_zscore,0.0,0.0,0,balanced,1
73,2026-01-30,fund__debt_to_assets_missing,0.0,0.0,0,balanced,1
73,2026-01-30,fund__debt_to_assets_sector_zscore,0.0,0.0,0,balanced,1
73,2026-01-30,fund__debt_to_assets_zscore,0.0,0.0,0,balanced,1
73,2026-01-30,fund__earnings_yield_missing,0.0,0.0,0,balanced,1
73,2026-01-30,fund__earnings_yield_sector_zscore,0.0,0.0,0,balanced,1
73,2026-01-30,fund__earnings_yield_zscore,0.0,0.0,0,balanced,1
73,2026-01-30,fund__fcf_yield_missing,0.0,0.0,0,balanced,1
73,2026-01-30,fund__fcf_yield_sector_zscore,0.0,0.0,0,balanced,1
73,2026-01-30,fund__fcf_yield_zscore,0.0,0.0,0,balanced,1
73,2026-01-30,fund__gross_margin_missing,0.0,0.0,0,balanced,1
73,2026-01-30,fund__gross_margin_sector_zscore,0.0,0.0,0,balanced,1
73,2026-01-30,fund__gross_margin_zscore,0.0,0.0,0,balanced,1
73,2026-01-30,fund__gross_profitability_missing,0.0,0.0,0,balanced,1
73,2026-01-30,fund__gross_profitability_sector_zscore,0.0,0.0,0,balanced,1
73,2026-01-30,fund__gross_profitability_zscore,0.0,0.0,0,balanced,1
73,2026-01-30,fund__interest_coverage_missing,0.0,0.0,0,balanced,1
73,2026-01-30,fund__interest_coverage_sector_zscore,0.0,0.0,0,balanced,1
73,2026-01-30,fund__interest_coverage_zscore,0.0,0.0,0,balanced,1
73,2026-01-30,fund__net_debt_to_assets_missing,0.0,0.0,0,balanced,1
73,2026-01-30,fund__net_debt_to_assets_sector_zscore,0.0,0.0,0,balanced,1
73,2026-01-30,fund__net_debt_to_assets_zscore,0.0,0.0,0,balanced,1
73,2026-01-30,fund__net_income_growth_acceleration_missing,0.0,0.0,0,balanced,1
73,2026-01-30,fund__net_income_growth_acceleration_sector_zscore,0.0,0.0,0,balanced,1
73,2026-01-30,fund__net_income_growth_acceleration_zscore,0.0,0.0,0,balanced,1
73,2026-01-30,fund__net_income_growth_yoy_missing,0.0,0.0,0,balanced,1
73,2026-01-30,fund__net_income_growth_yoy_sector_zscore,0.0,0.0,0,balanced,1
73,2026-01-30,fund__net_income_growth_yoy_zscore,0.0,0.0,0,balanced,1
73,2026-01-30,fund__net_margin_missing,0.0,0.0,0,balanced,1
73,2026-01-30,fund__net_margin_sector_zscore,0.0,0.0,0,balanced,1
73,2026-01-30,fund__net_margin_zscore,0.0,0.0,0,balanced,1
73,2026-01-30,fund__operating_cash_flow_growth_acceleration_missing,0.0,0.0,0,balanced,1
73,2026-01-30,fund__operating_cash_flow_growth_acceleration_sector_zscore,0.0,0.0,0,balanced,1
73,2026-01-30,fund__operating_cash_flow_growth_acceleration_zscore,0.0,0.0,0,balanced,1
73,2026-01-30,fund__operating_cash_flow_growth_yoy_missing,0.0,0.0,0,balanced,1
73,2026-01-30,fund__operating_cash_flow_growth_yoy_sector_zscore,0.0,0.0,0,balanced,1
73,2026-01-30,fund__operating_cash_flow_growth_yoy_zscore,0.0,0.0,0,balanced,1
73,2026-01-30,fund__operating_margin_missing,0.0,0.0,0,balanced,1
73,2026-01-30,fund__operating_margin_sector_zscore,0.0,0.0,0,balanced,1
73,2026-01-30,fund__operating_margin_zscore,0.0,0.0,0,balanced,1
73,2026-01-30,fund__revenue_growth_acceleration_missing,0.0,0.0,0,balanced,1
73,2026-01-30,fund__revenue_growth_acceleration_sector_zscore,0.0,0.0,0,balanced,1
73,2026-01-30,fund__revenue_growth_acceleration_zscore,0.0,0.0,0,balanced,1
73,2026-01-30,fund__revenue_growth_yoy_missing,0.0,0.0,0,balanced,1
73,2026-01-30,fund__revenue_growth_yoy_sector_zscore,0.0,0.0,0,balanced,1
73,2026-01-30,fund__revenue_growth_yoy_zscore,0.0,0.0,0,balanced,1
73,2026-01-30,fund__roa_missing,0.0,0.0,0,balanced,1
73,2026-01-30,fund__roa_sector_zscore,0.0,0.0,0,balanced,1
73,2026-01-30,fund__roa_zscore,0.0,0.0,0,balanced,1
73,2026-01-30,fund__roe_missing,0.0,0.0,0,balanced,1
73,2026-01-30,fund__roe_sector_zscore,0.0,0.0,0,balanced,1
73,2026-01-30,fund__roe_zscore,0.0,0.0,0,balanced,1
73,2026-01-30,fund__sales_yield_missing,0.0,0.0,0,balanced,1
73,2026-01-30,fund__sales_yield_sector_zscore,0.0,0.0,0,balanced,1
73,2026-01-30,fund__sales_yield_zscore,0.13221600651741028,0.15621969118027532,1,balanced,1
73,2026-01-30,tech__amihud_illiquidity_20d_sector_neutral,0.0,0.0,0,balanced,1
73,2026-01-30,tech__average_dollar_volume_20d_sector_neutral,0.0,0.0,0,balanced,1
73,2026-01-30,tech__beta_60d_market_sector_neutral,0.0,0.0,0,balanced,1
73,2026-01-30,tech__distance_sma_200d_sector_neutral,0.0,0.0,0,balanced,1
73,2026-01-30,tech__distance_sma_50d_sector_neutral,0.0,0.0,0,balanced,1
73,2026-01-30,tech__dollar_volume_change_20d_60d_sector_neutral,0.0,0.0,0,balanced,1
73,2026-01-30,tech__downside_volatility_60d_sector_neutral,0.0,0.0,0,balanced,1
73,2026-01-30,tech__max_drawdown_126d_sector_neutral,0.10093700140714645,0.11926201375936317,1,balanced,1
73,2026-01-30,tech__momentum_12_1_sector_neutral,0.06778939813375473,0.08009649603474746,1,balanced,1
73,2026-01-30,tech__momentum_6_1_sector_neutral,0.42329300940036774,0.5001414348313964,2,balanced,1
73,2026-01-30,tech__positive_day_ratio_60d_sector_neutral,0.08305469900369644,0.09813319711573389,1,balanced,1
73,2026-01-30,tech__return_1m_sector_neutral,0.0,0.0,0,balanced,1
73,2026-01-30,tech__return_1w_sector_neutral,0.0,0.0,0,balanced,1
73,2026-01-30,tech__return_3m_sector_neutral,0.0,0.0,0,balanced,1
73,2026-01-30,tech__reversal_1m_sector_neutral,0.0,0.0,0,balanced,1
73,2026-01-30,tech__sma_50_200_spread_sector_neutral,0.0,0.0,0,balanced,1
73,2026-01-30,tech__volatility_20d_sector_neutral,0.0,0.0,0,balanced,1
73,2026-01-30,tech__volatility_60d_sector_neutral,0.0,0.0,0,balanced,1
73,2026-01-30,tech__zero_volume_ratio_60d_sector_neutral,0.0,0.0,0,balanced,1
74,2026-02-27,fund__accruals_missing,0.0,0.0,0,flexible,1
74,2026-02-27,fund__accruals_sector_zscore,0.0,0.0,0,flexible,1
74,2026-02-27,fund__accruals_zscore,0.0,0.0,0,flexible,1
74,2026-02-27,fund__asset_growth_yoy_missing,0.0,0.0,0,flexible,1
74,2026-02-27,fund__asset_growth_yoy_sector_zscore,0.0,0.0,0,flexible,1
74,2026-02-27,fund__asset_growth_yoy_zscore,0.0,0.0,0,flexible,1
74,2026-02-27,fund__book_to_market_missing,0.0,0.0,0,flexible,1
74,2026-02-27,fund__book_to_market_sector_zscore,0.08209840208292007,0.05892046520206212,1,flexible,1
74,2026-02-27,fund__book_to_market_zscore,0.0,0.0,0,flexible,1
74,2026-02-27,fund__capex_to_assets_missing,0.0,0.0,0,flexible,1
74,2026-02-27,fund__capex_to_assets_sector_zscore,0.0,0.0,0,flexible,1
74,2026-02-27,fund__capex_to_assets_zscore,0.0,0.0,0,flexible,1
74,2026-02-27,fund__cash_conversion_missing,0.0,0.0,0,flexible,1
74,2026-02-27,fund__cash_conversion_sector_zscore,0.0,0.0,0,flexible,1
74,2026-02-27,fund__cash_conversion_zscore,0.053791798651218414,0.03860535309060325,1,flexible,1
74,2026-02-27,fund__current_ratio_missing,0.0,0.0,0,flexible,1
74,2026-02-27,fund__current_ratio_sector_zscore,0.0,0.0,0,flexible,1
74,2026-02-27,fund__current_ratio_zscore,0.0,0.0,0,flexible,1
74,2026-02-27,fund__debt_to_assets_missing,0.0,0.0,0,flexible,1
74,2026-02-27,fund__debt_to_assets_sector_zscore,0.0,0.0,0,flexible,1
74,2026-02-27,fund__debt_to_assets_zscore,0.0,0.0,0,flexible,1
74,2026-02-27,fund__earnings_yield_missing,0.0,0.0,0,flexible,1
74,2026-02-27,fund__earnings_yield_sector_zscore,0.0,0.0,0,flexible,1
74,2026-02-27,fund__earnings_yield_zscore,0.0,0.0,0,flexible,1
74,2026-02-27,fund__fcf_yield_missing,0.0,0.0,0,flexible,1
74,2026-02-27,fund__fcf_yield_sector_zscore,0.0,0.0,0,flexible,1
74,2026-02-27,fund__fcf_yield_zscore,0.0,0.0,0,flexible,1
74,2026-02-27,fund__gross_margin_missing,0.0,0.0,0,flexible,1
74,2026-02-27,fund__gross_margin_sector_zscore,0.0,0.0,0,flexible,1
74,2026-02-27,fund__gross_margin_zscore,0.0,0.0,0,flexible,1
74,2026-02-27,fund__gross_profitability_missing,0.0,0.0,0,flexible,1
74,2026-02-27,fund__gross_profitability_sector_zscore,0.0,0.0,0,flexible,1
74,2026-02-27,fund__gross_profitability_zscore,0.0,0.0,0,flexible,1
74,2026-02-27,fund__interest_coverage_missing,0.0,0.0,0,flexible,1
74,2026-02-27,fund__interest_coverage_sector_zscore,0.0,0.0,0,flexible,1
74,2026-02-27,fund__interest_coverage_zscore,0.0,0.0,0,flexible,1
74,2026-02-27,fund__net_debt_to_assets_missing,0.0,0.0,0,flexible,1
74,2026-02-27,fund__net_debt_to_assets_sector_zscore,0.0,0.0,0,flexible,1
74,2026-02-27,fund__net_debt_to_assets_zscore,0.0,0.0,0,flexible,1
74,2026-02-27,fund__net_income_growth_acceleration_missing,0.0,0.0,0,flexible,1
74,2026-02-27,fund__net_income_growth_acceleration_sector_zscore,0.0,0.0,0,flexible,1
74,2026-02-27,fund__net_income_growth_acceleration_zscore,0.0,0.0,0,flexible,1
74,2026-02-27,fund__net_income_growth_yoy_missing,0.0,0.0,0,flexible,1
74,2026-02-27,fund__net_income_growth_yoy_sector_zscore,0.0,0.0,0,flexible,1
74,2026-02-27,fund__net_income_growth_yoy_zscore,0.0,0.0,0,flexible,1
74,2026-02-27,fund__net_margin_missing,0.0,0.0,0,flexible,1
74,2026-02-27,fund__net_margin_sector_zscore,0.0,0.0,0,flexible,1
74,2026-02-27,fund__net_margin_zscore,0.0,0.0,0,flexible,1
74,2026-02-27,fund__operating_cash_flow_growth_acceleration_missing,0.0,0.0,0,flexible,1
74,2026-02-27,fund__operating_cash_flow_growth_acceleration_sector_zscore,0.0,0.0,0,flexible,1
74,2026-02-27,fund__operating_cash_flow_growth_acceleration_zscore,0.0,0.0,0,flexible,1
74,2026-02-27,fund__operating_cash_flow_growth_yoy_missing,0.0,0.0,0,flexible,1
74,2026-02-27,fund__operating_cash_flow_growth_yoy_sector_zscore,0.06343969702720642,0.04552946666788439,1,flexible,1
74,2026-02-27,fund__operating_cash_flow_growth_yoy_zscore,0.0,0.0,0,flexible,1
74,2026-02-27,fund__operating_margin_missing,0.0,0.0,0,flexible,1
74,2026-02-27,fund__operating_margin_sector_zscore,0.0,0.0,0,flexible,1
74,2026-02-27,fund__operating_margin_zscore,0.0,0.0,0,flexible,1
74,2026-02-27,fund__revenue_growth_acceleration_missing,0.0,0.0,0,flexible,1
74,2026-02-27,fund__revenue_growth_acceleration_sector_zscore,0.2219190001487732,0.15926705507295713,1,flexible,1
74,2026-02-27,fund__revenue_growth_acceleration_zscore,0.14204099774360657,0.10194012858332459,1,flexible,1
74,2026-02-27,fund__revenue_growth_yoy_missing,0.0,0.0,0,flexible,1
74,2026-02-27,fund__revenue_growth_yoy_sector_zscore,0.0,0.0,0,flexible,1
74,2026-02-27,fund__revenue_growth_yoy_zscore,0.0,0.0,0,flexible,1
74,2026-02-27,fund__roa_missing,0.0,0.0,0,flexible,1
74,2026-02-27,fund__roa_sector_zscore,0.0,0.0,0,flexible,1
74,2026-02-27,fund__roa_zscore,0.0,0.0,0,flexible,1
74,2026-02-27,fund__roe_missing,0.0,0.0,0,flexible,1
74,2026-02-27,fund__roe_sector_zscore,0.0,0.0,0,flexible,1
74,2026-02-27,fund__roe_zscore,0.0,0.0,0,flexible,1
74,2026-02-27,fund__sales_yield_missing,0.0,0.0,0,flexible,1
74,2026-02-27,fund__sales_yield_sector_zscore,0.0,0.0,0,flexible,1
74,2026-02-27,fund__sales_yield_zscore,0.0,0.0,0,flexible,1
74,2026-02-27,tech__amihud_illiquidity_20d_sector_neutral,0.0,0.0,0,flexible,1
74,2026-02-27,tech__average_dollar_volume_20d_sector_neutral,0.11168599873781204,0.08015492184052933,1,flexible,1
74,2026-02-27,tech__beta_60d_market_sector_neutral,0.0,0.0,0,flexible,1
74,2026-02-27,tech__distance_sma_200d_sector_neutral,0.0,0.0,0,flexible,1
74,2026-02-27,tech__distance_sma_50d_sector_neutral,0.0,0.0,0,flexible,1
74,2026-02-27,tech__dollar_volume_change_20d_60d_sector_neutral,0.0,0.0,0,flexible,1
74,2026-02-27,tech__downside_volatility_60d_sector_neutral,0.0,0.0,0,flexible,1
74,2026-02-27,tech__max_drawdown_126d_sector_neutral,0.0,0.0,0,flexible,1
74,2026-02-27,tech__momentum_12_1_sector_neutral,0.0,0.0,0,flexible,1
74,2026-02-27,tech__momentum_6_1_sector_neutral,0.3391749858856201,0.243419450881629,1,flexible,1
74,2026-02-27,tech__positive_day_ratio_60d_sector_neutral,0.11325500160455704,0.08128096542318776,1,flexible,1
74,2026-02-27,tech__return_1m_sector_neutral,0.0,0.0,0,flexible,1
74,2026-02-27,tech__return_1w_sector_neutral,0.0,0.0,0,flexible,1
74,2026-02-27,tech__return_3m_sector_neutral,0.12465299665927887,0.08946109017539326,1,flexible,1
74,2026-02-27,tech__reversal_1m_sector_neutral,0.044398799538612366,0.03186417587745449,1,flexible,1
74,2026-02-27,tech__sma_50_200_spread_sector_neutral,0.0969190001487732,0.06955692718497468,1,flexible,1
74,2026-02-27,tech__volatility_20d_sector_neutral,0.0,0.0,0,flexible,1
74,2026-02-27,tech__volatility_60d_sector_neutral,0.0,0.0,0,flexible,1
74,2026-02-27,tech__zero_volume_ratio_60d_sector_neutral,0.0,0.0,0,flexible,1
75,2026-03-31,fund__accruals_missing,0.0,0.0,0,balanced,1
75,2026-03-31,fund__accruals_sector_zscore,0.0,0.0,0,balanced,1
75,2026-03-31,fund__accruals_zscore,0.0,0.0,0,balanced,1
75,2026-03-31,fund__asset_growth_yoy_missing,0.0,0.0,0,balanced,1
75,2026-03-31,fund__asset_growth_yoy_sector_zscore,0.0,0.0,0,balanced,1
75,2026-03-31,fund__asset_growth_yoy_zscore,0.0,0.0,0,balanced,1
75,2026-03-31,fund__book_to_market_missing,0.0,0.0,0,balanced,1
75,2026-03-31,fund__book_to_market_sector_zscore,0.0,0.0,0,balanced,1
75,2026-03-31,fund__book_to_market_zscore,0.0,0.0,0,balanced,1
75,2026-03-31,fund__capex_to_assets_missing,0.0,0.0,0,balanced,1
75,2026-03-31,fund__capex_to_assets_sector_zscore,0.0,0.0,0,balanced,1
75,2026-03-31,fund__capex_to_assets_zscore,0.0,0.0,0,balanced,1
75,2026-03-31,fund__cash_conversion_missing,0.0,0.0,0,balanced,1
75,2026-03-31,fund__cash_conversion_sector_zscore,0.0,0.0,0,balanced,1
75,2026-03-31,fund__cash_conversion_zscore,0.0,0.0,0,balanced,1
75,2026-03-31,fund__current_ratio_missing,0.0,0.0,0,balanced,1
75,2026-03-31,fund__current_ratio_sector_zscore,0.0,0.0,0,balanced,1
75,2026-03-31,fund__current_ratio_zscore,0.0,0.0,0,balanced,1
75,2026-03-31,fund__debt_to_assets_missing,0.0,0.0,0,balanced,1
75,2026-03-31,fund__debt_to_assets_sector_zscore,0.0,0.0,0,balanced,1
75,2026-03-31,fund__debt_to_assets_zscore,0.0,0.0,0,balanced,1
75,2026-03-31,fund__earnings_yield_missing,0.0,0.0,0,balanced,1
75,2026-03-31,fund__earnings_yield_sector_zscore,0.0,0.0,0,balanced,1
75,2026-03-31,fund__earnings_yield_zscore,0.11987800151109695,0.1281763558472438,1,balanced,1
75,2026-03-31,fund__fcf_yield_missing,0.0,0.0,0,balanced,1
75,2026-03-31,fund__fcf_yield_sector_zscore,0.0,0.0,0,balanced,1
75,2026-03-31,fund__fcf_yield_zscore,0.0,0.0,0,balanced,1
75,2026-03-31,fund__gross_margin_missing,0.0,0.0,0,balanced,1
75,2026-03-31,fund__gross_margin_sector_zscore,0.0,0.0,0,balanced,1
75,2026-03-31,fund__gross_margin_zscore,0.0,0.0,0,balanced,1
75,2026-03-31,fund__gross_profitability_missing,0.0,0.0,0,balanced,1
75,2026-03-31,fund__gross_profitability_sector_zscore,0.0,0.0,0,balanced,1
75,2026-03-31,fund__gross_profitability_zscore,0.0,0.0,0,balanced,1
75,2026-03-31,fund__interest_coverage_missing,0.0,0.0,0,balanced,1
75,2026-03-31,fund__interest_coverage_sector_zscore,0.0,0.0,0,balanced,1
75,2026-03-31,fund__interest_coverage_zscore,0.0,0.0,0,balanced,1
75,2026-03-31,fund__net_debt_to_assets_missing,0.0,0.0,0,balanced,1
75,2026-03-31,fund__net_debt_to_assets_sector_zscore,0.0,0.0,0,balanced,1
75,2026-03-31,fund__net_debt_to_assets_zscore,0.0,0.0,0,balanced,1
75,2026-03-31,fund__net_income_growth_acceleration_missing,0.0,0.0,0,balanced,1
75,2026-03-31,fund__net_income_growth_acceleration_sector_zscore,0.0,0.0,0,balanced,1
75,2026-03-31,fund__net_income_growth_acceleration_zscore,0.0,0.0,0,balanced,1
75,2026-03-31,fund__net_income_growth_yoy_missing,0.0,0.0,0,balanced,1
75,2026-03-31,fund__net_income_growth_yoy_sector_zscore,0.0,0.0,0,balanced,1
75,2026-03-31,fund__net_income_growth_yoy_zscore,0.0,0.0,0,balanced,1
75,2026-03-31,fund__net_margin_missing,0.0,0.0,0,balanced,1
75,2026-03-31,fund__net_margin_sector_zscore,0.0,0.0,0,balanced,1
75,2026-03-31,fund__net_margin_zscore,0.0,0.0,0,balanced,1
75,2026-03-31,fund__operating_cash_flow_growth_acceleration_missing,0.0,0.0,0,balanced,1
75,2026-03-31,fund__operating_cash_flow_growth_acceleration_sector_zscore,0.0,0.0,0,balanced,1
75,2026-03-31,fund__operating_cash_flow_growth_acceleration_zscore,0.0,0.0,0,balanced,1
75,2026-03-31,fund__operating_cash_flow_growth_yoy_missing,0.0,0.0,0,balanced,1
75,2026-03-31,fund__operating_cash_flow_growth_yoy_sector_zscore,0.0,0.0,0,balanced,1
75,2026-03-31,fund__operating_cash_flow_growth_yoy_zscore,0.0,0.0,0,balanced,1
75,2026-03-31,fund__operating_margin_missing,0.0,0.0,0,balanced,1
75,2026-03-31,fund__operating_margin_sector_zscore,0.0,0.0,0,balanced,1
75,2026-03-31,fund__operating_margin_zscore,0.0,0.0,0,balanced,1
75,2026-03-31,fund__revenue_growth_acceleration_missing,0.0,0.0,0,balanced,1
75,2026-03-31,fund__revenue_growth_acceleration_sector_zscore,0.0,0.0,0,balanced,1
75,2026-03-31,fund__revenue_growth_acceleration_zscore,0.0,0.0,0,balanced,1
75,2026-03-31,fund__revenue_growth_yoy_missing,0.0,0.0,0,balanced,1
75,2026-03-31,fund__revenue_growth_yoy_sector_zscore,0.0,0.0,0,balanced,1
75,2026-03-31,fund__revenue_growth_yoy_zscore,0.0,0.0,0,balanced,1
75,2026-03-31,fund__roa_missing,0.0,0.0,0,balanced,1
75,2026-03-31,fund__roa_sector_zscore,0.0,0.0,0,balanced,1
75,2026-03-31,fund__roa_zscore,0.0,0.0,0,balanced,1
75,2026-03-31,fund__roe_missing,0.0,0.0,0,balanced,1
75,2026-03-31,fund__roe_sector_zscore,0.0,0.0,0,balanced,1
75,2026-03-31,fund__roe_zscore,0.0,0.0,0,balanced,1
75,2026-03-31,fund__sales_yield_missing,0.0,0.0,0,balanced,1
75,2026-03-31,fund__sales_yield_sector_zscore,0.0,0.0,0,balanced,1
75,2026-03-31,fund__sales_yield_zscore,0.19982730224728584,0.21366001333006768,2,balanced,1
75,2026-03-31,tech__amihud_illiquidity_20d_sector_neutral,0.0,0.0,0,balanced,1
75,2026-03-31,tech__average_dollar_volume_20d_sector_neutral,0.0,0.0,0,balanced,1
75,2026-03-31,tech__beta_60d_market_sector_neutral,0.0,0.0,0,balanced,1
75,2026-03-31,tech__distance_sma_200d_sector_neutral,0.06271950155496597,0.06706115424460846,1,balanced,1
75,2026-03-31,tech__distance_sma_50d_sector_neutral,0.0,0.0,0,balanced,1
75,2026-03-31,tech__dollar_volume_change_20d_60d_sector_neutral,0.0,0.0,0,balanced,1
75,2026-03-31,tech__downside_volatility_60d_sector_neutral,0.0,0.0,0,balanced,1
75,2026-03-31,tech__max_drawdown_126d_sector_neutral,0.10051099956035614,0.10746870554909774,1,balanced,1
75,2026-03-31,tech__momentum_12_1_sector_neutral,0.0,0.0,0,balanced,1
75,2026-03-31,tech__momentum_6_1_sector_neutral,0.3554077036678791,0.38001020806114194,2,balanced,1
75,2026-03-31,tech__positive_day_ratio_60d_sector_neutral,0.09691479802131653,0.10362356296784042,1,balanced,1
75,2026-03-31,tech__return_1m_sector_neutral,0.0,0.0,0,balanced,1
75,2026-03-31,tech__return_1w_sector_neutral,0.0,0.0,0,balanced,1
75,2026-03-31,tech__return_3m_sector_neutral,0.0,0.0,0,balanced,1
75,2026-03-31,tech__reversal_1m_sector_neutral,0.0,0.0,0,balanced,1
75,2026-03-31,tech__sma_50_200_spread_sector_neutral,0.0,0.0,0,balanced,1
75,2026-03-31,tech__volatility_20d_sector_neutral,0.0,0.0,0,balanced,1
75,2026-03-31,tech__volatility_60d_sector_neutral,0.0,0.0,0,balanced,1
75,2026-03-31,tech__zero_volume_ratio_60d_sector_neutral,0.0,0.0,0,balanced,1
76,2026-04-30,fund__accruals_missing,0.0,0.0,0,flexible,8
76,2026-04-30,fund__accruals_sector_zscore,0.0,0.0,0,flexible,8
76,2026-04-30,fund__accruals_zscore,0.09315650165081024,0.009673679925051045,2,flexible,8
76,2026-04-30,fund__asset_growth_yoy_missing,0.0,0.0,0,flexible,8
76,2026-04-30,fund__asset_growth_yoy_sector_zscore,0.03275720030069351,0.003401616262249783,1,flexible,8
76,2026-04-30,fund__asset_growth_yoy_zscore,0.24551589787006378,0.02549518466686497,4,flexible,8
76,2026-04-30,fund__book_to_market_missing,0.0,0.0,0,flexible,8
76,2026-04-30,fund__book_to_market_sector_zscore,0.2562596946954727,0.026610856142575454,2,flexible,8
76,2026-04-30,fund__book_to_market_zscore,0.5836681053042412,0.060610030788174285,5,flexible,8
76,2026-04-30,fund__capex_to_assets_missing,0.0,0.0,0,flexible,8
76,2026-04-30,fund__capex_to_assets_sector_zscore,0.11375399865210056,0.01181259228990742,2,flexible,8
76,2026-04-30,fund__capex_to_assets_zscore,0.3900392986834049,0.040502973671100985,5,flexible,8
76,2026-04-30,fund__cash_conversion_missing,0.0,0.0,0,flexible,8
76,2026-04-30,fund__cash_conversion_sector_zscore,0.14270099997520447,0.014818544860339745,2,flexible,8
76,2026-04-30,fund__cash_conversion_zscore,0.11780600249767303,0.012233365800746994,1,flexible,8
76,2026-04-30,fund__current_ratio_missing,0.0,0.0,0,flexible,8
76,2026-04-30,fund__current_ratio_sector_zscore,0.09078250080347061,0.009427155807764554,1,flexible,8
76,2026-04-30,fund__current_ratio_zscore,0.0,0.0,0,flexible,8
76,2026-04-30,fund__debt_to_assets_missing,0.0,0.0,0,flexible,8
76,2026-04-30,fund__debt_to_assets_sector_zscore,0.0,0.0,0,flexible,8
76,2026-04-30,fund__debt_to_assets_zscore,0.0,0.0,0,flexible,8
76,2026-04-30,fund__earnings_yield_missing,0.0,0.0,0,flexible,8
76,2026-04-30,fund__earnings_yield_sector_zscore,0.0,0.0,0,flexible,8
76,2026-04-30,fund__earnings_yield_zscore,0.1504880040884018,0.015627173179686597,1,flexible,8
76,2026-04-30,fund__fcf_yield_missing,0.0,0.0,0,flexible,8
76,2026-04-30,fund__fcf_yield_sector_zscore,0.10354600101709366,0.010752559978186577,1,flexible,8
76,2026-04-30,fund__fcf_yield_zscore,0.0,0.0,0,flexible,8
76,2026-04-30,fund__gross_margin_missing,0.0,0.0,0,flexible,8
76,2026-04-30,fund__gross_margin_sector_zscore,0.0,0.0,0,flexible,8
76,2026-04-30,fund__gross_margin_zscore,0.0,0.0,0,flexible,8
76,2026-04-30,fund__gross_profitability_missing,0.0,0.0,0,flexible,8
76,2026-04-30,fund__gross_profitability_sector_zscore,0.08286440372467041,0.008604914360324706,1,flexible,8
76,2026-04-30,fund__gross_profitability_zscore,0.0,0.0,0,flexible,8
76,2026-04-30,fund__interest_coverage_missing,0.0,0.0,0,flexible,8
76,2026-04-30,fund__interest_coverage_sector_zscore,0.0,0.0,0,flexible,8
76,2026-04-30,fund__interest_coverage_zscore,0.0,0.0,0,flexible,8
76,2026-04-30,fund__net_debt_to_assets_missing,0.0,0.0,0,flexible,8
76,2026-04-30,fund__net_debt_to_assets_sector_zscore,0.0,0.0,0,flexible,8
76,2026-04-30,fund__net_debt_to_assets_zscore,0.0,0.0,0,flexible,8
76,2026-04-30,fund__net_income_growth_acceleration_missing,0.0,0.0,0,flexible,8
76,2026-04-30,fund__net_income_growth_acceleration_sector_zscore,0.15259449556469917,0.015845918237148423,3,flexible,8
76,2026-04-30,fund__net_income_growth_acceleration_zscore,0.0,0.0,0,flexible,8
76,2026-04-30,fund__net_income_growth_yoy_missing,0.0,0.0,0,flexible,8
76,2026-04-30,fund__net_income_growth_yoy_sector_zscore,0.0,0.0,0,flexible,8
76,2026-04-30,fund__net_income_growth_yoy_zscore,0.11687300354242325,0.01213648009654435,1,flexible,8
76,2026-04-30,fund__net_margin_missing,0.0,0.0,0,flexible,8
76,2026-04-30,fund__net_margin_sector_zscore,0.0,0.0,0,flexible,8
76,2026-04-30,fund__net_margin_zscore,0.0,0.0,0,flexible,8
76,2026-04-30,fund__operating_cash_flow_growth_acceleration_missing,0.0,0.0,0,flexible,8
76,2026-04-30,fund__operating_cash_flow_growth_acceleration_sector_zscore,0.0,0.0,0,flexible,8
76,2026-04-30,fund__operating_cash_flow_growth_acceleration_zscore,0.3303181007504463,0.03430132651490342,3,flexible,8
76,2026-04-30,fund__operating_cash_flow_growth_yoy_missing,0.0,0.0,0,flexible,8
76,2026-04-30,fund__operating_cash_flow_growth_yoy_sector_zscore,0.22235599905252457,0.023090184003602153,2,flexible,8
76,2026-04-30,fund__operating_cash_flow_growth_yoy_zscore,0.0,0.0,0,flexible,8
76,2026-04-30,fund__operating_margin_missing,0.0,0.0,0,flexible,8
76,2026-04-30,fund__operating_margin_sector_zscore,0.0,0.0,0,flexible,8
76,2026-04-30,fund__operating_margin_zscore,0.0,0.0,0,flexible,8
76,2026-04-30,fund__revenue_growth_acceleration_missing,0.0,0.0,0,flexible,8
76,2026-04-30,fund__revenue_growth_acceleration_sector_zscore,0.0,0.0,0,flexible,8
76,2026-04-30,fund__revenue_growth_acceleration_zscore,0.3839595951139927,0.03987163709955238,5,flexible,8
76,2026-04-30,fund__revenue_growth_yoy_missing,0.0,0.0,0,flexible,8
76,2026-04-30,fund__revenue_growth_yoy_sector_zscore,0.14094000309705734,0.014635677107189623,2,flexible,8
76,2026-04-30,fund__revenue_growth_yoy_zscore,0.06771810352802277,0.0070320723411994345,1,flexible,8
76,2026-04-30,fund__roa_missing,0.0,0.0,0,flexible,8
76,2026-04-30,fund__roa_sector_zscore,0.0,0.0,0,flexible,8
76,2026-04-30,fund__roa_zscore,0.0,0.0,0,flexible,8
76,2026-04-30,fund__roe_missing,0.0,0.0,0,flexible,8
76,2026-04-30,fund__roe_sector_zscore,0.0,0.0,0,flexible,8
76,2026-04-30,fund__roe_zscore,0.0,0.0,0,flexible,8
76,2026-04-30,fund__sales_yield_missing,0.0,0.0,0,flexible,8
76,2026-04-30,fund__sales_yield_sector_zscore,0.0,0.0,0,flexible,8
76,2026-04-30,fund__sales_yield_zscore,0.9540277980268002,0.09906940894266868,7,flexible,8
76,2026-04-30,tech__amihud_illiquidity_20d_sector_neutral,0.0545537993311882,0.0056650473565823135,1,flexible,8
76,2026-04-30,tech__average_dollar_volume_20d_sector_neutral,0.24965430423617363,0.025924930501842792,4,flexible,8
76,2026-04-30,tech__beta_60d_market_sector_neutral,0.1101049967110157,0.011433667832693886,2,flexible,8
76,2026-04-30,tech__distance_sma_200d_sector_neutral,0.39308879896998405,0.040819643889292476,3,flexible,8
76,2026-04-30,tech__distance_sma_50d_sector_neutral,0.0,0.0,0,flexible,8
76,2026-04-30,tech__dollar_volume_change_20d_60d_sector_neutral,0.15311840176582336,0.01590032239370877,2,flexible,8
76,2026-04-30,tech__downside_volatility_60d_sector_neutral,0.0,0.0,0,flexible,8
76,2026-04-30,tech__max_drawdown_126d_sector_neutral,0.8796785995364189,0.09134874171993404,6,flexible,8
76,2026-04-30,tech__momentum_12_1_sector_neutral,0.8367429003119469,0.0868901563899192,9,flexible,8
76,2026-04-30,tech__momentum_6_1_sector_neutral,1.0892323069274426,0.11310949332058128,6,flexible,8
76,2026-04-30,tech__positive_day_ratio_60d_sector_neutral,0.0,0.0,0,flexible,8
76,2026-04-30,tech__return_1m_sector_neutral,0.0,0.0,0,flexible,8
76,2026-04-30,tech__return_1w_sector_neutral,0.0,0.0,0,flexible,8
76,2026-04-30,tech__return_3m_sector_neutral,0.07824920117855072,0.00812565642953857,1,flexible,8
76,2026-04-30,tech__reversal_1m_sector_neutral,0.0,0.0,0,flexible,8
76,2026-04-30,tech__sma_50_200_spread_sector_neutral,0.35691069811582565,0.037062789974026324,3,flexible,8
76,2026-04-30,tech__volatility_20d_sector_neutral,0.0,0.0,0,flexible,8
76,2026-04-30,tech__volatility_60d_sector_neutral,0.6564331874251366,0.06816619811609878,5,flexible,8
76,2026-04-30,tech__zero_volume_ratio_60d_sector_neutral,0.0,0.0,0,flexible,8
77,2026-05-29,fund__accruals_missing,0.0,0.0,0,flexible,8
77,2026-05-29,fund__accruals_sector_zscore,0.0,0.0,0,flexible,8
77,2026-05-29,fund__accruals_zscore,0.09315650165081024,0.009673679925051045,2,flexible,8
77,2026-05-29,fund__asset_growth_yoy_missing,0.0,0.0,0,flexible,8
77,2026-05-29,fund__asset_growth_yoy_sector_zscore,0.03275720030069351,0.003401616262249783,1,flexible,8
77,2026-05-29,fund__asset_growth_yoy_zscore,0.24551589787006378,0.02549518466686497,4,flexible,8
77,2026-05-29,fund__book_to_market_missing,0.0,0.0,0,flexible,8
77,2026-05-29,fund__book_to_market_sector_zscore,0.2562596946954727,0.026610856142575454,2,flexible,8
77,2026-05-29,fund__book_to_market_zscore,0.5836681053042412,0.060610030788174285,5,flexible,8
77,2026-05-29,fund__capex_to_assets_missing,0.0,0.0,0,flexible,8
77,2026-05-29,fund__capex_to_assets_sector_zscore,0.11375399865210056,0.01181259228990742,2,flexible,8
77,2026-05-29,fund__capex_to_assets_zscore,0.3900392986834049,0.040502973671100985,5,flexible,8
77,2026-05-29,fund__cash_conversion_missing,0.0,0.0,0,flexible,8
77,2026-05-29,fund__cash_conversion_sector_zscore,0.14270099997520447,0.014818544860339745,2,flexible,8
77,2026-05-29,fund__cash_conversion_zscore,0.11780600249767303,0.012233365800746994,1,flexible,8
77,2026-05-29,fund__current_ratio_missing,0.0,0.0,0,flexible,8
77,2026-05-29,fund__current_ratio_sector_zscore,0.09078250080347061,0.009427155807764554,1,flexible,8
77,2026-05-29,fund__current_ratio_zscore,0.0,0.0,0,flexible,8
77,2026-05-29,fund__debt_to_assets_missing,0.0,0.0,0,flexible,8
77,2026-05-29,fund__debt_to_assets_sector_zscore,0.0,0.0,0,flexible,8
77,2026-05-29,fund__debt_to_assets_zscore,0.0,0.0,0,flexible,8
77,2026-05-29,fund__earnings_yield_missing,0.0,0.0,0,flexible,8
77,2026-05-29,fund__earnings_yield_sector_zscore,0.0,0.0,0,flexible,8
77,2026-05-29,fund__earnings_yield_zscore,0.1504880040884018,0.015627173179686597,1,flexible,8
77,2026-05-29,fund__fcf_yield_missing,0.0,0.0,0,flexible,8
77,2026-05-29,fund__fcf_yield_sector_zscore,0.10354600101709366,0.010752559978186577,1,flexible,8
77,2026-05-29,fund__fcf_yield_zscore,0.0,0.0,0,flexible,8
77,2026-05-29,fund__gross_margin_missing,0.0,0.0,0,flexible,8
77,2026-05-29,fund__gross_margin_sector_zscore,0.0,0.0,0,flexible,8
77,2026-05-29,fund__gross_margin_zscore,0.0,0.0,0,flexible,8
77,2026-05-29,fund__gross_profitability_missing,0.0,0.0,0,flexible,8
77,2026-05-29,fund__gross_profitability_sector_zscore,0.08286440372467041,0.008604914360324706,1,flexible,8
77,2026-05-29,fund__gross_profitability_zscore,0.0,0.0,0,flexible,8
77,2026-05-29,fund__interest_coverage_missing,0.0,0.0,0,flexible,8
77,2026-05-29,fund__interest_coverage_sector_zscore,0.0,0.0,0,flexible,8
77,2026-05-29,fund__interest_coverage_zscore,0.0,0.0,0,flexible,8
77,2026-05-29,fund__net_debt_to_assets_missing,0.0,0.0,0,flexible,8
77,2026-05-29,fund__net_debt_to_assets_sector_zscore,0.0,0.0,0,flexible,8
77,2026-05-29,fund__net_debt_to_assets_zscore,0.0,0.0,0,flexible,8
77,2026-05-29,fund__net_income_growth_acceleration_missing,0.0,0.0,0,flexible,8
77,2026-05-29,fund__net_income_growth_acceleration_sector_zscore,0.15259449556469917,0.015845918237148423,3,flexible,8
77,2026-05-29,fund__net_income_growth_acceleration_zscore,0.0,0.0,0,flexible,8
77,2026-05-29,fund__net_income_growth_yoy_missing,0.0,0.0,0,flexible,8
77,2026-05-29,fund__net_income_growth_yoy_sector_zscore,0.0,0.0,0,flexible,8
77,2026-05-29,fund__net_income_growth_yoy_zscore,0.11687300354242325,0.01213648009654435,1,flexible,8
77,2026-05-29,fund__net_margin_missing,0.0,0.0,0,flexible,8
77,2026-05-29,fund__net_margin_sector_zscore,0.0,0.0,0,flexible,8
77,2026-05-29,fund__net_margin_zscore,0.0,0.0,0,flexible,8
77,2026-05-29,fund__operating_cash_flow_growth_acceleration_missing,0.0,0.0,0,flexible,8
77,2026-05-29,fund__operating_cash_flow_growth_acceleration_sector_zscore,0.0,0.0,0,flexible,8
77,2026-05-29,fund__operating_cash_flow_growth_acceleration_zscore,0.3303181007504463,0.03430132651490342,3,flexible,8
77,2026-05-29,fund__operating_cash_flow_growth_yoy_missing,0.0,0.0,0,flexible,8
77,2026-05-29,fund__operating_cash_flow_growth_yoy_sector_zscore,0.22235599905252457,0.023090184003602153,2,flexible,8
77,2026-05-29,fund__operating_cash_flow_growth_yoy_zscore,0.0,0.0,0,flexible,8
77,2026-05-29,fund__operating_margin_missing,0.0,0.0,0,flexible,8
77,2026-05-29,fund__operating_margin_sector_zscore,0.0,0.0,0,flexible,8
77,2026-05-29,fund__operating_margin_zscore,0.0,0.0,0,flexible,8
77,2026-05-29,fund__revenue_growth_acceleration_missing,0.0,0.0,0,flexible,8
77,2026-05-29,fund__revenue_growth_acceleration_sector_zscore,0.0,0.0,0,flexible,8
77,2026-05-29,fund__revenue_growth_acceleration_zscore,0.3839595951139927,0.03987163709955238,5,flexible,8
77,2026-05-29,fund__revenue_growth_yoy_missing,0.0,0.0,0,flexible,8
77,2026-05-29,fund__revenue_growth_yoy_sector_zscore,0.14094000309705734,0.014635677107189623,2,flexible,8
77,2026-05-29,fund__revenue_growth_yoy_zscore,0.06771810352802277,0.0070320723411994345,1,flexible,8
77,2026-05-29,fund__roa_missing,0.0,0.0,0,flexible,8
77,2026-05-29,fund__roa_sector_zscore,0.0,0.0,0,flexible,8
77,2026-05-29,fund__roa_zscore,0.0,0.0,0,flexible,8
77,2026-05-29,fund__roe_missing,0.0,0.0,0,flexible,8
77,2026-05-29,fund__roe_sector_zscore,0.0,0.0,0,flexible,8
77,2026-05-29,fund__roe_zscore,0.0,0.0,0,flexible,8
77,2026-05-29,fund__sales_yield_missing,0.0,0.0,0,flexible,8
77,2026-05-29,fund__sales_yield_sector_zscore,0.0,0.0,0,flexible,8
77,2026-05-29,fund__sales_yield_zscore,0.9540277980268002,0.09906940894266868,7,flexible,8
77,2026-05-29,tech__amihud_illiquidity_20d_sector_neutral,0.0545537993311882,0.0056650473565823135,1,flexible,8
77,2026-05-29,tech__average_dollar_volume_20d_sector_neutral,0.24965430423617363,0.025924930501842792,4,flexible,8
77,2026-05-29,tech__beta_60d_market_sector_neutral,0.1101049967110157,0.011433667832693886,2,flexible,8
77,2026-05-29,tech__distance_sma_200d_sector_neutral,0.39308879896998405,0.040819643889292476,3,flexible,8
77,2026-05-29,tech__distance_sma_50d_sector_neutral,0.0,0.0,0,flexible,8
77,2026-05-29,tech__dollar_volume_change_20d_60d_sector_neutral,0.15311840176582336,0.01590032239370877,2,flexible,8
77,2026-05-29,tech__downside_volatility_60d_sector_neutral,0.0,0.0,0,flexible,8
77,2026-05-29,tech__max_drawdown_126d_sector_neutral,0.8796785995364189,0.09134874171993404,6,flexible,8
77,2026-05-29,tech__momentum_12_1_sector_neutral,0.8367429003119469,0.0868901563899192,9,flexible,8
77,2026-05-29,tech__momentum_6_1_sector_neutral,1.0892323069274426,0.11310949332058128,6,flexible,8
77,2026-05-29,tech__positive_day_ratio_60d_sector_neutral,0.0,0.0,0,flexible,8
77,2026-05-29,tech__return_1m_sector_neutral,0.0,0.0,0,flexible,8
77,2026-05-29,tech__return_1w_sector_neutral,0.0,0.0,0,flexible,8
77,2026-05-29,tech__return_3m_sector_neutral,0.07824920117855072,0.00812565642953857,1,flexible,8
77,2026-05-29,tech__reversal_1m_sector_neutral,0.0,0.0,0,flexible,8
77,2026-05-29,tech__sma_50_200_spread_sector_neutral,0.35691069811582565,0.037062789974026324,3,flexible,8
77,2026-05-29,tech__volatility_20d_sector_neutral,0.0,0.0,0,flexible,8
77,2026-05-29,tech__volatility_60d_sector_neutral,0.6564331874251366,0.06816619811609878,5,flexible,8
77,2026-05-29,tech__zero_volume_ratio_60d_sector_neutral,0.0,0.0,0,flexible,8
