fold_id,test_date,model_name,feature,alpha,l1_ratio,coefficient_standardized,coefficient_original_scale,imputation_median,scaler_mean,scaler_scale,intercept_standardized,intercept_original_scale,nonzero_coefficient
fold_0001,2020-01-31,elastic_net,amihud_illiquidity_20d_sector_neutral,0.001,0.1,0.0030142385755172686,0.003941691692570538,-0.04908820555069321,0.05999989667558171,0.7647068341744305,0.001282948294392225,0.0011367163657377017,True
fold_0001,2020-01-31,elastic_net,average_dollar_volume_20d_sector_neutral,0.001,0.1,0.0015354299950307844,0.001809193536180263,-0.07254186816742988,-0.015831804257475553,0.8486820035144093,0.001282948294392225,0.0011367163657377017,True
fold_0001,2020-01-31,elastic_net,beta_60d_market_sector_neutral,0.001,0.1,-3.5529430976547295e-05,-5.1372706886222824e-05,-0.04153307478803725,-0.011398181769580684,0.6916013021318058,0.001282948294392225,0.0011367163657377017,True
fold_0001,2020-01-31,elastic_net,distance_sma_50d_sector_neutral,0.001,0.1,-0.0034769988771003774,-0.004280856654742688,-0.0012088653158728,0.0010606191533561783,0.8122203468897445,0.001282948294392225,0.0011367163657377017,True
fold_0001,2020-01-31,elastic_net,max_drawdown_126d_sector_neutral,0.001,0.1,-0.0012586548862227862,-0.0015751204193232727,0.10640361096240622,0.01402232057394584,0.7990848641042625,0.001282948294392225,0.0011367163657377017,True
fold_0001,2020-01-31,elastic_net,return_3m_sector_neutral,0.001,0.1,0.003572497588701424,0.004406304251705484,-0.030565125374176147,-0.000522923767790028,0.8107696120436234,0.001282948294392225,0.0011367163657377017,True
fold_0001,2020-01-31,elastic_net,reversal_1m_sector_neutral,0.001,0.1,0.0006912245744895394,0.000854056075452447,0.014598111083002074,-0.00018509268492707015,0.809343314048032,0.001282948294392225,0.0011367163657377017,True
fold_0001,2020-01-31,elastic_net,volatility_60d_sector_neutral,0.001,0.1,0.002529576506028278,0.0031320037578439755,-0.09891237542250408,-0.010575491900230457,0.8076543649390767,0.001282948294392225,0.0011367163657377017,True
fold_0001,2020-01-31,ridge,amihud_illiquidity_20d_sector_neutral,10.0,,0.003227820701870053,0.004220991048621625,-0.04908820555069321,0.05999989667558171,0.7647068341744305,0.001282948294392225,0.0011228687597295754,True
fold_0001,2020-01-31,ridge,average_dollar_volume_20d_sector_neutral,10.0,,0.0017348359049207697,0.0020441530487706576,-0.07254186816742988,-0.015831804257475553,0.8486820035144093,0.001282948294392225,0.0011228687597295754,True
fold_0001,2020-01-31,ridge,beta_60d_market_sector_neutral,10.0,,-0.00040135507082150306,-0.000580327234180095,-0.04153307478803725,-0.011398181769580684,0.6916013021318058,0.001282948294392225,0.0011228687597295754,True
fold_0001,2020-01-31,ridge,distance_sma_50d_sector_neutral,10.0,,-0.0039047623867438956,-0.004807516090549195,-0.0012088653158728,0.0010606191533561783,0.8122203468897445,0.001282948294392225,0.0011228687597295754,True
fold_0001,2020-01-31,ridge,max_drawdown_126d_sector_neutral,10.0,,-0.0013371183266578626,-0.0016733120432167253,0.10640361096240622,0.01402232057394584,0.7990848641042625,0.001282948294392225,0.0011228687597295754,True
fold_0001,2020-01-31,ridge,return_3m_sector_neutral,10.0,,0.003972419594107181,0.004899566455252698,-0.030565125374176147,-0.000522923767790028,0.8107696120436234,0.001282948294392225,0.0011228687597295754,True
fold_0001,2020-01-31,ridge,reversal_1m_sector_neutral,10.0,,0.0006548338510981239,0.0008090928036742411,0.014598111083002074,-0.00018509268492707015,0.809343314048032,0.001282948294392225,0.0011228687597295754,True
fold_0001,2020-01-31,ridge,volatility_60d_sector_neutral,10.0,,0.002761325309154737,0.003418944326962228,-0.09891237542250408,-0.010575491900230457,0.8076543649390767,0.001282948294392225,0.0011228687597295754,True
fold_0002,2020-02-28,elastic_net,amihud_illiquidity_20d_sector_neutral,0.001,0.1,0.0030142385755172686,0.003941691692570538,-0.04908820555069321,0.05999989667558171,0.7647068341744305,0.001282948294392225,0.0011367163657377017,True
fold_0002,2020-02-28,elastic_net,average_dollar_volume_20d_sector_neutral,0.001,0.1,0.0015354299950307844,0.001809193536180263,-0.07254186816742988,-0.015831804257475553,0.8486820035144093,0.001282948294392225,0.0011367163657377017,True
fold_0002,2020-02-28,elastic_net,beta_60d_market_sector_neutral,0.001,0.1,-3.5529430976547295e-05,-5.1372706886222824e-05,-0.04153307478803725,-0.011398181769580684,0.6916013021318058,0.001282948294392225,0.0011367163657377017,True
fold_0002,2020-02-28,elastic_net,distance_sma_50d_sector_neutral,0.001,0.1,-0.0034769988771003774,-0.004280856654742688,-0.0012088653158728,0.0010606191533561783,0.8122203468897445,0.001282948294392225,0.0011367163657377017,True
fold_0002,2020-02-28,elastic_net,max_drawdown_126d_sector_neutral,0.001,0.1,-0.0012586548862227862,-0.0015751204193232727,0.10640361096240622,0.01402232057394584,0.7990848641042625,0.001282948294392225,0.0011367163657377017,True
fold_0002,2020-02-28,elastic_net,return_3m_sector_neutral,0.001,0.1,0.003572497588701424,0.004406304251705484,-0.030565125374176147,-0.000522923767790028,0.8107696120436234,0.001282948294392225,0.0011367163657377017,True
fold_0002,2020-02-28,elastic_net,reversal_1m_sector_neutral,0.001,0.1,0.0006912245744895394,0.000854056075452447,0.014598111083002074,-0.00018509268492707015,0.809343314048032,0.001282948294392225,0.0011367163657377017,True
fold_0002,2020-02-28,elastic_net,volatility_60d_sector_neutral,0.001,0.1,0.002529576506028278,0.0031320037578439755,-0.09891237542250408,-0.010575491900230457,0.8076543649390767,0.001282948294392225,0.0011367163657377017,True
fold_0002,2020-02-28,ridge,amihud_illiquidity_20d_sector_neutral,10.0,,0.003227820701870053,0.004220991048621625,-0.04908820555069321,0.05999989667558171,0.7647068341744305,0.001282948294392225,0.0011228687597295754,True
fold_0002,2020-02-28,ridge,average_dollar_volume_20d_sector_neutral,10.0,,0.0017348359049207697,0.0020441530487706576,-0.07254186816742988,-0.015831804257475553,0.8486820035144093,0.001282948294392225,0.0011228687597295754,True
fold_0002,2020-02-28,ridge,beta_60d_market_sector_neutral,10.0,,-0.00040135507082150306,-0.000580327234180095,-0.04153307478803725,-0.011398181769580684,0.6916013021318058,0.001282948294392225,0.0011228687597295754,True
fold_0002,2020-02-28,ridge,distance_sma_50d_sector_neutral,10.0,,-0.0039047623867438956,-0.004807516090549195,-0.0012088653158728,0.0010606191533561783,0.8122203468897445,0.001282948294392225,0.0011228687597295754,True
fold_0002,2020-02-28,ridge,max_drawdown_126d_sector_neutral,10.0,,-0.0013371183266578626,-0.0016733120432167253,0.10640361096240622,0.01402232057394584,0.7990848641042625,0.001282948294392225,0.0011228687597295754,True
fold_0002,2020-02-28,ridge,return_3m_sector_neutral,10.0,,0.003972419594107181,0.004899566455252698,-0.030565125374176147,-0.000522923767790028,0.8107696120436234,0.001282948294392225,0.0011228687597295754,True
fold_0002,2020-02-28,ridge,reversal_1m_sector_neutral,10.0,,0.0006548338510981239,0.0008090928036742411,0.014598111083002074,-0.00018509268492707015,0.809343314048032,0.001282948294392225,0.0011228687597295754,True
fold_0002,2020-02-28,ridge,volatility_60d_sector_neutral,10.0,,0.002761325309154737,0.003418944326962228,-0.09891237542250408,-0.010575491900230457,0.8076543649390767,0.001282948294392225,0.0011228687597295754,True
fold_0003,2020-03-31,elastic_net,amihud_illiquidity_20d_sector_neutral,0.0001,0.1,0.0029538591524572643,0.0038698758993229226,-0.04885317387496537,0.05948781601495523,0.7632955756989712,0.0012859169846682669,0.0011404188785368722,True
fold_0003,2020-03-31,elastic_net,average_dollar_volume_20d_sector_neutral,0.0001,0.1,0.001733766408581691,0.0020413967930343474,-0.06944572468928165,-0.015676799975659364,0.8493039738759498,0.0012859169846682669,0.0011404188785368722,True
fold_0003,2020-03-31,elastic_net,beta_60d_market_sector_neutral,0.0001,0.1,-0.0008211816741476725,-0.0011893240784700422,-0.04107199127214249,-0.011401534722918058,0.6904608163689484,0.0012859169846682669,0.0011404188785368722,True
fold_0003,2020-03-31,elastic_net,distance_sma_50d_sector_neutral,0.0001,0.1,-0.0031851217640322966,-0.003922373852206586,-0.0038843236146369753,0.0010561928967950103,0.8120393119183327,0.0012859169846682669,0.0011404188785368722,True
fold_0003,2020-03-31,elastic_net,max_drawdown_126d_sector_neutral,0.0001,0.1,-0.001064153364168035,-0.0013339475775805993,0.10640361096240622,0.013912511952276397,0.7977475142599725,0.0012859169846682669,0.0011404188785368722,True
fold_0003,2020-03-31,elastic_net,return_3m_sector_neutral,0.0001,0.1,0.003639956126477287,0.004478761963470011,-0.03429472078372475,-0.0007563787816011296,0.8127147984567499,0.0012859169846682669,0.0011404188785368722,True
fold_0003,2020-03-31,elastic_net,reversal_1m_sector_neutral,0.0001,0.1,0.0008659121320532516,0.0010689394261817397,0.015577723831152648,-0.00017061254934234185,0.8100666051268187,0.0012859169846682669,0.0011404188785368722,True
fold_0003,2020-03-31,elastic_net,volatility_60d_sector_neutral,0.0001,0.1,0.0031290116919292185,0.003872817572118004,-0.09761659989988936,-0.010328023251766275,0.8079419269464826,0.0012859169846682669,0.0011404188785368722,True
fold_0003,2020-03-31,ridge,amihud_illiquidity_20d_sector_neutral,10.0,,0.002962829092501751,0.0038816274937642672,-0.04885317387496537,0.05948781601495523,0.7632955756989712,0.0012859169846682669,0.0011398451969662023,True
fold_0003,2020-03-31,ridge,average_dollar_volume_20d_sector_neutral,10.0,,0.0017442670017067945,0.0020537605561251784,-0.06944572468928165,-0.015676799975659364,0.8493039738759498,0.0012859169846682669,0.0011398451969662023,True
fold_0003,2020-03-31,ridge,beta_60d_market_sector_neutral,10.0,,-0.0008393645298804956,-0.0012156584558912615,-0.04107199127214249,-0.011401534722918058,0.6904608163689484,0.0012859169846682669,0.0011398451969662023,True
fold_0003,2020-03-31,ridge,distance_sma_50d_sector_neutral,10.0,,-0.0031638607417024856,-0.003896191594749636,-0.0038843236146369753,0.0010561928967950103,0.8120393119183327,0.0012859169846682669,0.0011398451969662023,True
fold_0003,2020-03-31,ridge,max_drawdown_126d_sector_neutral,10.0,,-0.0010743150547205056,-0.0013466855559143797,0.10640361096240622,0.013912511952276397,0.7977475142599725,0.0012859169846682669,0.0011398451969662023,True
fold_0003,2020-03-31,ridge,return_3m_sector_neutral,10.0,,0.0036419936565300387,0.004481269029979223,-0.03429472078372475,-0.0007563787816011296,0.8127147984567499,0.0012859169846682669,0.0011398451969662023,True
fold_0003,2020-03-31,ridge,reversal_1m_sector_neutral,10.0,,0.0008928497749869142,0.0011021930410859678,0.015577723831152648,-0.00017061254934234185,0.8100666051268187,0.0012859169846682669,0.0011398451969662023,True
fold_0003,2020-03-31,ridge,volatility_60d_sector_neutral,10.0,,0.00313485452403872,0.003880049319740737,-0.09761659989988936,-0.010328023251766275,0.8079419269464826,0.0012859169846682669,0.0011398451969662023,True
fold_0004,2020-04-30,elastic_net,amihud_illiquidity_20d_sector_neutral,0.0001,0.1,0.0030706919909533853,0.004031650368610104,-0.048510978403857485,0.059219056325056904,0.7616464004074824,0.0013842894731959214,0.0012384353632506797,True
fold_0004,2020-04-30,elastic_net,average_dollar_volume_20d_sector_neutral,0.0001,0.1,0.0020354517961038996,0.0023957312168444433,-0.06860031398008729,-0.015634448841988197,0.8496160929041577,0.0013842894731959214,0.0012384353632506797,True
fold_0004,2020-04-30,elastic_net,beta_60d_market_sector_neutral,0.0001,0.1,-0.0010231688125144458,-0.001482793037910574,-0.040811330119075895,-0.011139558282941598,0.6900280661933835,0.0013842894731959214,0.0012384353632506797,True
fold_0004,2020-04-30,elastic_net,distance_sma_50d_sector_neutral,0.0001,0.1,-0.0038878564245207092,-0.004797191531801549,-0.005083045561153937,0.0011883895846818622,0.8104442773959151,0.0013842894731959214,0.0012384353632506797,True
fold_0004,2020-04-30,elastic_net,max_drawdown_126d_sector_neutral,0.0001,0.1,-0.0010844514385323202,-0.0013627045373055527,0.10601237039941058,0.013706114696868141,0.7958081952795016,0.0013842894731959214,0.0012384353632506797,True
fold_0004,2020-04-30,elastic_net,return_3m_sector_neutral,0.0001,0.1,0.004272466145593819,0.005265577058565296,-0.03512825766285341,-0.000644575454049719,0.8113956168667165,0.0013842894731959214,0.0012384353632506797,True
fold_0004,2020-04-30,elastic_net,reversal_1m_sector_neutral,0.0001,0.1,0.0008408313877027628,0.0010400594248549087,0.015995458646173244,-0.00033618051123567293,0.8084455249468666,0.0013842894731959214,0.0012384353632506797,True
fold_0004,2020-04-30,elastic_net,volatility_60d_sector_neutral,0.0001,0.1,0.003488341325240274,0.004326370991786928,-0.09735643875763146,-0.010132306301789408,0.8062973175121716,0.0013842894731959214,0.0012384353632506797,True
fold_0004,2020-04-30,ridge,amihud_illiquidity_20d_sector_neutral,100.0,,0.0029548880707634334,0.0038796061652527497,-0.048510978403857485,0.059219056325056904,0.7616464004074824,0.0013842894731959214,0.0012458852048196343,True
fold_0004,2020-04-30,ridge,average_dollar_volume_20d_sector_neutral,100.0,,0.001949905887646683,0.002295043495446884,-0.06860031398008729,-0.015634448841988197,0.8496160929041577,0.0013842894731959214,0.0012458852048196343,True
fold_0004,2020-04-30,ridge,beta_60d_market_sector_neutral,100.0,,-0.000851546890155635,-0.0012340757309384355,-0.040811330119075895,-0.011139558282941598,0.6900280661933835,0.0013842894731959214,0.0012458852048196343,True
fold_0004,2020-04-30,ridge,distance_sma_50d_sector_neutral,100.0,,-0.003218267450505317,-0.003970991640345856,-0.005083045561153937,0.0011883895846818622,0.8104442773959151,0.0013842894731959214,0.0012458852048196343,True
fold_0004,2020-04-30,ridge,max_drawdown_126d_sector_neutral,100.0,,-0.0011152916588279625,-0.0014014578706823353,0.10601237039941058,0.013706114696868141,0.7958081952795016,0.0013842894731959214,0.0012458852048196343,True
fold_0004,2020-04-30,ridge,return_3m_sector_neutral,100.0,,0.0038762594314378784,0.004777274304742282,-0.03512825766285341,-0.000644575454049719,0.8113956168667165,0.0013842894731959214,0.0012458852048196343,True
fold_0004,2020-04-30,ridge,reversal_1m_sector_neutral,100.0,,0.001160970242341756,0.0014360525310818664,0.015995458646173244,-0.00033618051123567293,0.8084455249468666,0.0013842894731959214,0.0012458852048196343,True
fold_0004,2020-04-30,ridge,volatility_60d_sector_neutral,100.0,,0.0033197844388422825,0.004117320455791009,-0.09735643875763146,-0.010132306301789408,0.8062973175121716,0.0013842894731959214,0.0012458852048196343,True
fold_0005,2020-05-29,elastic_net,amihud_illiquidity_20d_sector_neutral,0.0001,0.1,0.0030706919909533853,0.004031650368610104,-0.048510978403857485,0.059219056325056904,0.7616464004074824,0.0013842894731959214,0.0012384353632506797,True
fold_0005,2020-05-29,elastic_net,average_dollar_volume_20d_sector_neutral,0.0001,0.1,0.0020354517961038996,0.0023957312168444433,-0.06860031398008729,-0.015634448841988197,0.8496160929041577,0.0013842894731959214,0.0012384353632506797,True
fold_0005,2020-05-29,elastic_net,beta_60d_market_sector_neutral,0.0001,0.1,-0.0010231688125144458,-0.001482793037910574,-0.040811330119075895,-0.011139558282941598,0.6900280661933835,0.0013842894731959214,0.0012384353632506797,True
fold_0005,2020-05-29,elastic_net,distance_sma_50d_sector_neutral,0.0001,0.1,-0.0038878564245207092,-0.004797191531801549,-0.005083045561153937,0.0011883895846818622,0.8104442773959151,0.0013842894731959214,0.0012384353632506797,True
fold_0005,2020-05-29,elastic_net,max_drawdown_126d_sector_neutral,0.0001,0.1,-0.0010844514385323202,-0.0013627045373055527,0.10601237039941058,0.013706114696868141,0.7958081952795016,0.0013842894731959214,0.0012384353632506797,True
fold_0005,2020-05-29,elastic_net,return_3m_sector_neutral,0.0001,0.1,0.004272466145593819,0.005265577058565296,-0.03512825766285341,-0.000644575454049719,0.8113956168667165,0.0013842894731959214,0.0012384353632506797,True
fold_0005,2020-05-29,elastic_net,reversal_1m_sector_neutral,0.0001,0.1,0.0008408313877027628,0.0010400594248549087,0.015995458646173244,-0.00033618051123567293,0.8084455249468666,0.0013842894731959214,0.0012384353632506797,True
fold_0005,2020-05-29,elastic_net,volatility_60d_sector_neutral,0.0001,0.1,0.003488341325240274,0.004326370991786928,-0.09735643875763146,-0.010132306301789408,0.8062973175121716,0.0013842894731959214,0.0012384353632506797,True
fold_0005,2020-05-29,ridge,amihud_illiquidity_20d_sector_neutral,100.0,,0.0029548880707634334,0.0038796061652527497,-0.048510978403857485,0.059219056325056904,0.7616464004074824,0.0013842894731959214,0.0012458852048196343,True
fold_0005,2020-05-29,ridge,average_dollar_volume_20d_sector_neutral,100.0,,0.001949905887646683,0.002295043495446884,-0.06860031398008729,-0.015634448841988197,0.8496160929041577,0.0013842894731959214,0.0012458852048196343,True
fold_0005,2020-05-29,ridge,beta_60d_market_sector_neutral,100.0,,-0.000851546890155635,-0.0012340757309384355,-0.040811330119075895,-0.011139558282941598,0.6900280661933835,0.0013842894731959214,0.0012458852048196343,True
fold_0005,2020-05-29,ridge,distance_sma_50d_sector_neutral,100.0,,-0.003218267450505317,-0.003970991640345856,-0.005083045561153937,0.0011883895846818622,0.8104442773959151,0.0013842894731959214,0.0012458852048196343,True
fold_0005,2020-05-29,ridge,max_drawdown_126d_sector_neutral,100.0,,-0.0011152916588279625,-0.0014014578706823353,0.10601237039941058,0.013706114696868141,0.7958081952795016,0.0013842894731959214,0.0012458852048196343,True
fold_0005,2020-05-29,ridge,return_3m_sector_neutral,100.0,,0.0038762594314378784,0.004777274304742282,-0.03512825766285341,-0.000644575454049719,0.8113956168667165,0.0013842894731959214,0.0012458852048196343,True
fold_0005,2020-05-29,ridge,reversal_1m_sector_neutral,100.0,,0.001160970242341756,0.0014360525310818664,0.015995458646173244,-0.00033618051123567293,0.8084455249468666,0.0013842894731959214,0.0012458852048196343,True
fold_0005,2020-05-29,ridge,volatility_60d_sector_neutral,100.0,,0.0033197844388422825,0.004117320455791009,-0.09735643875763146,-0.010132306301789408,0.8062973175121716,0.0013842894731959214,0.0012458852048196343,True
fold_0006,2020-06-30,elastic_net,amihud_illiquidity_20d_sector_neutral,0.001,0.1,0.002920617707588873,0.003851397262296032,-0.04801317117592244,0.0587362730821371,0.758326786016286,0.001820302233831402,0.0016883849013926506,True
fold_0006,2020-06-30,elastic_net,average_dollar_volume_20d_sector_neutral,0.001,0.1,0.0021035954284862775,0.002475400040937474,-0.06757719668109724,-0.01553426994824933,0.8498001913620442,0.001820302233831402,0.0016883849013926506,True
fold_0006,2020-06-30,elastic_net,beta_60d_market_sector_neutral,0.001,0.1,-0.0007240382813815403,-0.0010513847657482964,-0.0373755483710554,-0.010496633273965914,0.6886520567627061,0.001820302233831402,0.0016883849013926506,True
fold_0006,2020-06-30,elastic_net,distance_sma_50d_sector_neutral,0.001,0.1,-0.0034716146557755177,-0.004295021841025741,-0.003561660850476711,0.0012483027788955177,0.8082880097639791,0.001820302233831402,0.0016883849013926506,True
fold_0006,2020-06-30,elastic_net,max_drawdown_126d_sector_neutral,0.001,0.1,-0.0011711424283794424,-0.0014784428680531733,0.10363263880141435,0.013185448413077469,0.7921458811063921,0.001820302233831402,0.0016883849013926506,True
fold_0006,2020-06-30,elastic_net,return_3m_sector_neutral,0.001,0.1,0.004044070972205988,0.005002651918001743,-0.03497367138965482,-0.0005165192606427488,0.8083854400610286,0.001820302233831402,0.0016883849013926506,True
fold_0006,2020-06-30,elastic_net,reversal_1m_sector_neutral,0.001,0.1,0.0008984644816965198,0.0011134995781003079,0.017227072329674298,-0.00013344645522544532,0.8068835402967552,0.001820302233831402,0.0016883849013926506,True
fold_0006,2020-06-30,elastic_net,volatility_60d_sector_neutral,0.001,0.1,0.003264135100851062,0.0040678371361403,-0.0958221678265363,-0.009659648833707435,0.8024252180233996,0.001820302233831402,0.0016883849013926506,True
fold_0006,2020-06-30,ridge,amihud_illiquidity_20d_sector_neutral,100.0,,0.0030039184311147034,0.003961245318651042,-0.04801317117592244,0.0587362730821371,0.758326786016286,0.001820302233831402,0.001682930690266149,True
fold_0006,2020-06-30,ridge,average_dollar_volume_20d_sector_neutral,100.0,,0.002194367970594224,0.0025822163761544123,-0.06757719668109724,-0.01553426994824933,0.8498001913620442,0.001820302233831402,0.001682930690266149,True
fold_0006,2020-06-30,ridge,beta_60d_market_sector_neutral,100.0,,-0.000902324345981866,-0.0013102761214765187,-0.0373755483710554,-0.010496633273965914,0.6886520567627061,0.001820302233831402,0.001682930690266149,True
fold_0006,2020-06-30,ridge,distance_sma_50d_sector_neutral,100.0,,-0.00327271152349272,-0.00404894231259023,-0.003561660850476711,0.0012483027788955177,0.8082880097639791,0.001820302233831402,0.001682930690266149,True
fold_0006,2020-06-30,ridge,max_drawdown_126d_sector_neutral,100.0,,-0.001265009713010214,-0.0015969403403870153,0.10363263880141435,0.013185448413077469,0.7921458811063921,0.001820302233831402,0.001682930690266149,True
fold_0006,2020-06-30,ridge,return_3m_sector_neutral,100.0,,0.0040520180403899675,0.00501248270884748,-0.03497367138965482,-0.0005165192606427488,0.8083854400610286,0.001820302233831402,0.001682930690266149,True
fold_0006,2020-06-30,ridge,reversal_1m_sector_neutral,100.0,,0.001143710824694389,0.001417442254769202,0.017227072329674298,-0.00013344645522544532,0.8068835402967552,0.001820302233831402,0.001682930690266149,True
fold_0006,2020-06-30,ridge,volatility_60d_sector_neutral,100.0,,0.0033268635857215136,0.004146010757135126,-0.0958221678265363,-0.009659648833707435,0.8024252180233996,0.001820302233831402,0.001682930690266149,True
fold_0007,2020-07-31,elastic_net,amihud_illiquidity_20d_sector_neutral,0.0001,0.1,0.003133970420557933,0.004143698607607583,-0.04766785542719951,0.058418013601554,0.756322000544188,0.0019620831955319907,0.0018180753983479186,True
fold_0007,2020-07-31,elastic_net,average_dollar_volume_20d_sector_neutral,0.0001,0.1,0.00251671303003906,0.0029610750407810245,-0.06595799487657905,-0.015477829200571426,0.8499322021150948,0.0019620831955319907,0.0018180753983479186,True
fold_0007,2020-07-31,elastic_net,beta_60d_market_sector_neutral,0.0001,0.1,-0.0014117330488181616,-0.002052539582974728,-0.03470008713497274,-0.010163132891623428,0.6877982088765124,0.0019620831955319907,0.0018180753983479186,True
fold_0007,2020-07-31,elastic_net,distance_sma_50d_sector_neutral,0.0001,0.1,-0.0038711195795357754,-0.004797704154330456,-0.003561660850476711,0.001231035312088221,0.8068691722147278,0.0019620831955319907,0.0018180753983479186,True
fold_0007,2020-07-31,elastic_net,max_drawdown_126d_sector_neutral,0.0001,0.1,-0.0012558747270320695,-0.00158883949612799,0.10354325567509345,0.013018214442377758,0.7904352391117181,0.0019620831955319907,0.0018180753983479186,True
fold_0007,2020-07-31,elastic_net,return_3m_sector_neutral,0.0001,0.1,0.004571705510911614,0.005664932442278229,-0.03497367138965482,-0.0005787037732383596,0.8070185403787518,0.0019620831955319907,0.0018180753983479186,True
fold_0007,2020-07-31,elastic_net,reversal_1m_sector_neutral,0.0001,0.1,0.0005286267381970491,0.0006561336948643095,0.018077762807355124,-7.074942317837899e-05,0.8056692444462417,0.0019620831955319907,0.0018180753983479186,True
fold_0007,2020-07-31,elastic_net,volatility_60d_sector_neutral,0.0001,0.1,0.0036524864117028757,0.004559205461778924,-0.0958221678265363,-0.009469485033665292,0.8011234506368875,0.0019620831955319907,0.0018180753983479186,True
fold_0007,2020-07-31,ridge,amihud_illiquidity_20d_sector_neutral,10.0,,0.003141523575798489,0.004153685300094541,-0.04766785542719951,0.058418013601554,0.756322000544188,0.0019620831955319907,0.0018175789272274717,True
fold_0007,2020-07-31,ridge,average_dollar_volume_20d_sector_neutral,10.0,,0.0025248500219185403,0.0029706487360231047,-0.06595799487657905,-0.015477829200571426,0.8499322021150948,0.0019620831955319907,0.0018175789272274717,True
fold_0007,2020-07-31,ridge,beta_60d_market_sector_neutral,10.0,,-0.0014257624111947388,-0.002072937080664484,-0.03470008713497274,-0.010163132891623428,0.6877982088765124,0.0019620831955319907,0.0018175789272274717,True
fold_0007,2020-07-31,ridge,distance_sma_50d_sector_neutral,10.0,,-0.0038328275367440147,-0.004750246593538221,-0.003561660850476711,0.001231035312088221,0.8068691722147278,0.0019620831955319907,0.0018175789272274717,True
fold_0007,2020-07-31,ridge,max_drawdown_126d_sector_neutral,10.0,,-0.001266277816040406,-0.0016020007122448565,0.10354325567509345,0.013018214442377758,0.7904352391117181,0.0019620831955319907,0.0018175789272274717,True
fold_0007,2020-07-31,ridge,return_3m_sector_neutral,10.0,,0.004565327373412417,0.00565702910774492,-0.03497367138965482,-0.0005787037732383596,0.8070185403787518,0.0019620831955319907,0.0018175789272274717,True
fold_0007,2020-07-31,ridge,reversal_1m_sector_neutral,10.0,,0.0005663857326888845,0.0007030003150712012,0.018077762807355124,-7.074942317837899e-05,0.8056692444462417,0.0019620831955319907,0.0018175789272274717,True
fold_0007,2020-07-31,ridge,volatility_60d_sector_neutral,10.0,,0.00365539653284009,0.0045628380119619215,-0.0958221678265363,-0.009469485033665292,0.8011234506368875,0.0019620831955319907,0.0018175789272274717,True
fold_0008,2020-08-31,elastic_net,amihud_illiquidity_20d_sector_neutral,0.0001,0.1,0.0031494750765860375,0.004175479341391106,-0.047336074982114354,0.05794122607667071,0.7542786873271312,0.0020715487709174153,0.0019431298437534734,True
fold_0008,2020-08-31,elastic_net,average_dollar_volume_20d_sector_neutral,0.0001,0.1,0.0031604773569644477,0.003717786152955815,-0.06337178187191506,-0.01539211329889093,0.8500965969900446,0.0020715487709174153,0.0019431298437534734,True
fold_0008,2020-08-31,elastic_net,beta_60d_market_sector_neutral,0.0001,0.1,-0.0018166698337153276,-0.0026472715368855426,-0.03470008713497274,-0.009981656203170073,0.686242347414274,0.0020715487709174153,0.0019431298437534734,True
fold_0008,2020-08-31,elastic_net,distance_sma_50d_sector_neutral,0.0001,0.1,-0.0046850449154268205,-0.0058056221054918825,-0.005334008462294287,0.0014017518249226214,0.8069841319838849,0.0020715487709174153,0.0019431298437534734,True
fold_0008,2020-08-31,elastic_net,max_drawdown_126d_sector_neutral,0.0001,0.1,-0.0016109382796473952,-0.00204125916429076,0.1021463018966225,0.012735336126185706,0.7891885106157598,0.0020715487709174153,0.0019431298437534734,True
fold_0008,2020-08-31,elastic_net,return_3m_sector_neutral,0.0001,0.1,0.005477936826010035,0.006789558738720534,-0.03500491458203131,-0.0004913620140079629,0.8068177972700374,0.0020715487709174153,0.0019431298437534734,True
fold_0008,2020-08-31,elastic_net,reversal_1m_sector_neutral,0.0001,0.1,-0.0002947899449485281,-0.0003656755522051349,0.018215468402520668,-0.0002482994857192292,0.8061516368016812,0.0020715487709174153,0.0019431298437534734,True
fold_0008,2020-08-31,elastic_net,volatility_60d_sector_neutral,0.0001,0.1,0.0038941416100828096,0.0048660239486791376,-0.09436449138571165,-0.009316340675438874,0.8002717724272316,0.0020715487709174153,0.0019431298437534734,True
fold_0008,2020-08-31,ridge,amihud_illiquidity_20d_sector_neutral,0.01,,0.0031699577650084955,0.00420263467371932,-0.047336074982114354,0.05794122607667071,0.7542786873271312,0.0020715487709174153,0.001941970898142478,True
fold_0008,2020-08-31,ridge,average_dollar_volume_20d_sector_neutral,0.01,,0.0031790259069570436,0.003739605496849522,-0.06337178187191506,-0.01539211329889093,0.8500965969900446,0.0020715487709174153,0.001941970898142478,True
fold_0008,2020-08-31,ridge,beta_60d_market_sector_neutral,0.01,,-0.001854648502999711,-0.0027026144772148374,-0.03470008713497274,-0.009981656203170073,0.686242347414274,0.0020715487709174153,0.001941970898142478,True
fold_0008,2020-08-31,ridge,distance_sma_50d_sector_neutral,0.01,,-0.004827412862784394,-0.0059820418660732665,-0.005334008462294287,0.0014017518249226214,0.8069841319838849,0.0020715487709174153,0.001941970898142478,True
fold_0008,2020-08-31,ridge,max_drawdown_126d_sector_neutral,0.01,,-0.0016170213743955616,-0.0020489672019349215,0.1021463018966225,0.012735336126185706,0.7891885106157598,0.0020715487709174153,0.001941970898142478,True
fold_0008,2020-08-31,ridge,return_3m_sector_neutral,0.01,,0.005540180082248204,0.006866705346602483,-0.03500491458203131,-0.0004913620140079629,0.8068177972700374,0.0020715487709174153,0.001941970898142478,True
fold_0008,2020-08-31,ridge,reversal_1m_sector_neutral,0.01,,-0.0003914910220390665,-0.00048562950711390285,0.018215468402520668,-0.0002482994857192292,0.8061516368016812,0.0020715487709174153,0.001941970898142478,True
fold_0008,2020-08-31,ridge,volatility_60d_sector_neutral,0.01,,0.003917974719204891,0.004895805217921954,-0.09436449138571165,-0.009316340675438874,0.8002717724272316,0.0020715487709174153,0.001941970898142478,True
fold_0009,2020-09-30,elastic_net,amihud_illiquidity_20d_sector_neutral,0.0001,0.1,0.003008864821139333,0.0039978497112625215,-0.04687679286342192,0.05753209322817759,0.7526207932886835,0.0018133452641345118,0.0016871643154386822,True
fold_0009,2020-09-30,elastic_net,average_dollar_volume_20d_sector_neutral,0.0001,0.1,0.002695989702151644,0.0031697052547980534,-0.06192834504708547,-0.01530369167146029,0.8505490212601516,0.0018133452641345118,0.0016871643154386822,True
fold_0009,2020-09-30,elastic_net,beta_60d_market_sector_neutral,0.0001,0.1,-0.001649238498402215,-0.002406768619440605,-0.03520649245527809,-0.00993486643779887,0.6852501254505888,0.0018133452641345118,0.0016871643154386822,True
fold_0009,2020-09-30,elastic_net,distance_sma_50d_sector_neutral,0.0001,0.1,-0.004475554879173882,-0.005544266235431391,-0.007494406780496607,0.0012011241654579265,0.8072402531054942,0.0018133452641345118,0.0016871643154386822,True
fold_0009,2020-09-30,elastic_net,max_drawdown_126d_sector_neutral,0.0001,0.1,-0.001666697192610229,-0.002114363411601436,0.10188581120322057,0.01248582162299347,0.7882737581747402,0.0018133452641345118,0.0016871643154386822,True
fold_0009,2020-09-30,elastic_net,return_3m_sector_neutral,0.0001,0.1,0.00523835066274387,0.006490647186762287,-0.037379950341955126,-0.0006627894500782681,0.8070613780128918,0.0018133452641345118,0.0016871643154386822,True
fold_0009,2020-09-30,elastic_net,reversal_1m_sector_neutral,0.0001,0.1,-0.00011286616468133926,-0.00013997318867239693,0.019018966620688693,8.511106851327411e-05,0.8063413125887926,0.0018133452641345118,0.0016871643154386822,True
fold_0009,2020-09-30,elastic_net,volatility_60d_sector_neutral,0.0001,0.1,0.003609255613186833,0.004511390402157022,-0.09436449138571165,-0.009277335907569047,0.800031762150566,0.0018133452641345118,0.0016871643154386822,True
fold_0009,2020-09-30,ridge,amihud_illiquidity_20d_sector_neutral,10.0,,0.003015338387235318,0.004006451076191196,-0.04687679286342192,0.05753209322817759,0.7526207932886835,0.0018133452641345118,0.0016867899821493945,True
fold_0009,2020-09-30,ridge,average_dollar_volume_20d_sector_neutral,10.0,,0.002703154228413722,0.003178128668479094,-0.06192834504708547,-0.01530369167146029,0.8505490212601516,0.0018133452641345118,0.0016867899821493945,True
fold_0009,2020-09-30,ridge,beta_60d_market_sector_neutral,10.0,,-0.001662988160915079,-0.002426833792728713,-0.03520649245527809,-0.00993486643779887,0.6852501254505888,0.0018133452641345118,0.0016867899821493945,True
fold_0009,2020-09-30,ridge,distance_sma_50d_sector_neutral,10.0,,-0.004505875921556065,-0.005581827596210338,-0.007494406780496607,0.0012011241654579265,0.8072402531054942,0.0018133452641345118,0.0016867899821493945,True
fold_0009,2020-09-30,ridge,max_drawdown_126d_sector_neutral,10.0,,-0.0016720197665124911,-0.0021211156012399526,0.10188581120322057,0.01248582162299347,0.7882737581747402,0.0018133452641345118,0.0016867899821493945,True
fold_0009,2020-09-30,ridge,return_3m_sector_neutral,10.0,,0.005239237135055066,0.006491745581921993,-0.037379950341955126,-0.0006627894500782681,0.8070613780128918,0.0018133452641345118,0.0016867899821493945,True
fold_0009,2020-09-30,ridge,reversal_1m_sector_neutral,10.0,,-0.0001482581664934665,-0.00018386527414486234,0.019018966620688693,8.511106851327411e-05,0.8063413125887926,0.0018133452641345118,0.0016867899821493945,True
fold_0009,2020-09-30,ridge,volatility_60d_sector_neutral,10.0,,0.003614177094650516,0.004517542009751267,-0.09436449138571165,-0.009277335907569047,0.800031762150566,0.0018133452641345118,0.0016867899821493945,True
fold_0010,2020-10-30,elastic_net,amihud_illiquidity_20d_sector_neutral,0.0001,0.1,0.0029883206936182636,0.003976683984667668,-0.04668904295036166,0.05741535458313792,0.7514604391849855,0.0018246584956224158,0.0016978513437055504,True
fold_0010,2020-10-30,elastic_net,average_dollar_volume_20d_sector_neutral,0.0001,0.1,0.002634068201500393,0.003096115304185012,-0.059717093276806577,-0.015223622403567637,0.8507655376852178,0.0018246584956224158,0.0016978513437055504,True
fold_0010,2020-10-30,elastic_net,beta_60d_market_sector_neutral,0.0001,0.1,-0.0016619481116077646,-0.0024196202945555335,-0.03470008713497274,-0.009790426342908,0.6868631889670327,0.0018246584956224158,0.0016978513437055504,True
fold_0010,2020-10-30,elastic_net,distance_sma_50d_sector_neutral,0.0001,0.1,-0.004711177526087313,-0.005848429409789166,-0.007494406780496607,0.0011164747485909352,0.8055457621154992,0.0018246584956224158,0.0016978513437055504,True
fold_0010,2020-10-30,elastic_net,max_drawdown_126d_sector_neutral,0.0001,0.1,-0.0015537943628316465,-0.001974582383448135,0.10165916425720722,0.01248308560253003,0.786897713590616,0.0018246584956224158,0.0016978513437055504,True
fold_0010,2020-10-30,elastic_net,return_3m_sector_neutral,0.0001,0.1,0.005338327535748287,0.0066192718899121305,-0.03768125131392676,-0.0007424762736960887,0.8064825897065776,0.0018246584956224158,0.0016978513437055504,True
fold_0010,2020-10-30,elastic_net,reversal_1m_sector_neutral,0.0001,0.1,-0.00035633088211586866,-0.0004425937369927508,0.01783321892767184,-1.1795519640375188e-05,0.8050969824765165,0.0018246584956224158,0.0016978513437055504,True
fold_0010,2020-10-30,elastic_net,volatility_60d_sector_neutral,0.0001,0.1,0.0036425942691993463,0.0045524358736365915,-0.09436449138571165,-0.009222020446857321,0.8001418076625333,0.0018246584956224158,0.0016978513437055504,True
fold_0010,2020-10-30,ridge,amihud_illiquidity_20d_sector_neutral,10.0,,0.0029952520441958327,0.003985907824295322,-0.04668904295036166,0.05741535458313792,0.7514604391849855,0.0018246584956224158,0.001697450642827399,True
fold_0010,2020-10-30,ridge,average_dollar_volume_20d_sector_neutral,10.0,,0.0026420175471369347,0.00310545906023109,-0.059717093276806577,-0.015223622403567637,0.8507655376852178,0.0018246584956224158,0.001697450642827399,True
fold_0010,2020-10-30,ridge,beta_60d_market_sector_neutral,10.0,,-0.0016755331398480644,-0.00243939865574669,-0.03470008713497274,-0.009790426342908,0.6868631889670327,0.0018246584956224158,0.001697450642827399,True
fold_0010,2020-10-30,ridge,distance_sma_50d_sector_neutral,10.0,,-0.004735054652702954,-0.00587807034111619,-0.007494406780496607,0.0011164747485909352,0.8055457621154992,0.0018246584956224158,0.001697450642827399,True
fold_0010,2020-10-30,ridge,max_drawdown_126d_sector_neutral,10.0,,-0.001559848226547794,-0.0019822757133582244,0.10165916425720722,0.01248308560253003,0.786897713590616,0.0018246584956224158,0.001697450642827399,True
fold_0010,2020-10-30,ridge,return_3m_sector_neutral,10.0,,0.005337640459759132,0.0066184199484097045,-0.03768125131392676,-0.0007424762736960887,0.8064825897065776,0.0018246584956224158,0.001697450642827399,True
fold_0010,2020-10-30,ridge,reversal_1m_sector_neutral,10.0,,-0.00038638336752983547,-0.00047992151994074293,0.01783321892767184,-1.1795519640375188e-05,0.8050969824765165,0.0018246584956224158,0.001697450642827399,True
fold_0010,2020-10-30,ridge,volatility_60d_sector_neutral,10.0,,0.0036471255258077604,0.004558098940564254,-0.09436449138571165,-0.009222020446857321,0.8001418076625333,0.0018246584956224158,0.001697450642827399,True
fold_0011,2020-11-30,elastic_net,amihud_illiquidity_20d_sector_neutral,0.0001,0.1,0.0029883206936182636,0.003976683984667668,-0.04668904295036166,0.05741535458313792,0.7514604391849855,0.0018246584956224158,0.0016978513437055504,True
fold_0011,2020-11-30,elastic_net,average_dollar_volume_20d_sector_neutral,0.0001,0.1,0.002634068201500393,0.003096115304185012,-0.059717093276806577,-0.015223622403567637,0.8507655376852178,0.0018246584956224158,0.0016978513437055504,True
fold_0011,2020-11-30,elastic_net,beta_60d_market_sector_neutral,0.0001,0.1,-0.0016619481116077646,-0.0024196202945555335,-0.03470008713497274,-0.009790426342908,0.6868631889670327,0.0018246584956224158,0.0016978513437055504,True
fold_0011,2020-11-30,elastic_net,distance_sma_50d_sector_neutral,0.0001,0.1,-0.004711177526087313,-0.005848429409789166,-0.007494406780496607,0.0011164747485909352,0.8055457621154992,0.0018246584956224158,0.0016978513437055504,True
fold_0011,2020-11-30,elastic_net,max_drawdown_126d_sector_neutral,0.0001,0.1,-0.0015537943628316465,-0.001974582383448135,0.10165916425720722,0.01248308560253003,0.786897713590616,0.0018246584956224158,0.0016978513437055504,True
fold_0011,2020-11-30,elastic_net,return_3m_sector_neutral,0.0001,0.1,0.005338327535748287,0.0066192718899121305,-0.03768125131392676,-0.0007424762736960887,0.8064825897065776,0.0018246584956224158,0.0016978513437055504,True
fold_0011,2020-11-30,elastic_net,reversal_1m_sector_neutral,0.0001,0.1,-0.00035633088211586866,-0.0004425937369927508,0.01783321892767184,-1.1795519640375188e-05,0.8050969824765165,0.0018246584956224158,0.0016978513437055504,True
fold_0011,2020-11-30,elastic_net,volatility_60d_sector_neutral,0.0001,0.1,0.0036425942691993463,0.0045524358736365915,-0.09436449138571165,-0.009222020446857321,0.8001418076625333,0.0018246584956224158,0.0016978513437055504,True
fold_0011,2020-11-30,ridge,amihud_illiquidity_20d_sector_neutral,10.0,,0.0029952520441958327,0.003985907824295322,-0.04668904295036166,0.05741535458313792,0.7514604391849855,0.0018246584956224158,0.001697450642827399,True
fold_0011,2020-11-30,ridge,average_dollar_volume_20d_sector_neutral,10.0,,0.0026420175471369347,0.00310545906023109,-0.059717093276806577,-0.015223622403567637,0.8507655376852178,0.0018246584956224158,0.001697450642827399,True
fold_0011,2020-11-30,ridge,beta_60d_market_sector_neutral,10.0,,-0.0016755331398480644,-0.00243939865574669,-0.03470008713497274,-0.009790426342908,0.6868631889670327,0.0018246584956224158,0.001697450642827399,True
fold_0011,2020-11-30,ridge,distance_sma_50d_sector_neutral,10.0,,-0.004735054652702954,-0.00587807034111619,-0.007494406780496607,0.0011164747485909352,0.8055457621154992,0.0018246584956224158,0.001697450642827399,True
fold_0011,2020-11-30,ridge,max_drawdown_126d_sector_neutral,10.0,,-0.001559848226547794,-0.0019822757133582244,0.10165916425720722,0.01248308560253003,0.786897713590616,0.0018246584956224158,0.001697450642827399,True
fold_0011,2020-11-30,ridge,return_3m_sector_neutral,10.0,,0.005337640459759132,0.0066184199484097045,-0.03768125131392676,-0.0007424762736960887,0.8064825897065776,0.0018246584956224158,0.001697450642827399,True
fold_0011,2020-11-30,ridge,reversal_1m_sector_neutral,10.0,,-0.00038638336752983547,-0.00047992151994074293,0.01783321892767184,-1.1795519640375188e-05,0.8050969824765165,0.0018246584956224158,0.001697450642827399,True
fold_0011,2020-11-30,ridge,volatility_60d_sector_neutral,10.0,,0.0036471255258077604,0.004558098940564254,-0.09436449138571165,-0.009222020446857321,0.8001418076625333,0.0018246584956224158,0.001697450642827399,True
fold_0012,2020-12-31,elastic_net,amihud_illiquidity_20d_sector_neutral,0.0001,0.9,0.0029528098898510065,0.003945793214820888,-0.04495517219530386,0.05691768009233802,0.7483438003694383,0.0021775614883715925,0.002072557279819014,True
fold_0012,2020-12-31,elastic_net,average_dollar_volume_20d_sector_neutral,0.0001,0.9,0.0028937753330865283,0.0034000556560349355,-0.057191175800683655,-0.015097693301845058,0.8510964601271206,0.0021775614883715925,0.002072557279819014,True
fold_0012,2020-12-31,elastic_net,beta_60d_market_sector_neutral,0.0001,0.9,-0.0012206663098119235,-0.0017746221166613772,-0.0371721309281938,-0.009729455534867862,0.6878457663473625,0.0021775614883715925,0.002072557279819014,True
fold_0012,2020-12-31,elastic_net,distance_sma_50d_sector_neutral,0.0001,0.9,-0.004087397152367003,-0.005072301782304866,-0.008519993609373926,0.0008753978564835243,0.8058268864495046,0.0021775614883715925,0.002072557279819014,True
fold_0012,2020-12-31,elastic_net,max_drawdown_126d_sector_neutral,0.0001,0.9,-0.0020687484259458142,-0.002640030280909458,0.10204819774299273,0.012554623795471202,0.783607839995364,0.0021775614883715925,0.002072557279819014,True
fold_0012,2020-12-31,elastic_net,return_3m_sector_neutral,0.0001,0.9,0.0051943664682481015,0.006437874831864014,-0.038597130534906786,-0.001095804048998624,0.8068448989624316,0.0021775614883715925,0.002072557279819014,True
fold_0012,2020-12-31,elastic_net,reversal_1m_sector_neutral,0.0001,0.9,-0.0,-0.0,0.017454201547709075,0.0002103561713051049,0.805521249658234,0.0021775614883715925,0.002072557279819014,False
fold_0012,2020-12-31,elastic_net,volatility_60d_sector_neutral,0.0001,0.9,0.0035591765886618387,0.004451480437709415,-0.09293321859800709,-0.009182288679345046,0.7995489676897859,0.0021775614883715925,0.002072557279819014,True
fold_0012,2020-12-31,ridge,amihud_illiquidity_20d_sector_neutral,10.0,,0.003123642718340822,0.004174074425148921,-0.04495517219530386,0.05691768009233802,0.7483438003694383,0.0021775614883715925,0.002062844737546593,True
fold_0012,2020-12-31,ridge,average_dollar_volume_20d_sector_neutral,10.0,,0.003054080728313684,0.003588407273903505,-0.057191175800683655,-0.015097693301845058,0.8510964601271206,0.0021775614883715925,0.002062844737546593,True
fold_0012,2020-12-31,ridge,beta_60d_market_sector_neutral,10.0,,-0.0015334042824411526,-0.002229285048280406,-0.0371721309281938,-0.009729455534867862,0.6878457663473625,0.0021775614883715925,0.002062844737546593,True
fold_0012,2020-12-31,ridge,distance_sma_50d_sector_neutral,10.0,,-0.0049458412667950915,-0.006137597727207396,-0.008519993609373926,0.0008753978564835243,0.8058268864495046,0.0021775614883715925,0.002062844737546593,True
fold_0012,2020-12-31,ridge,max_drawdown_126d_sector_neutral,10.0,,-0.0021308518678763164,-0.002719283497583336,0.10204819774299273,0.012554623795471202,0.783607839995364,0.0021775614883715925,0.002062844737546593,True
fold_0012,2020-12-31,ridge,return_3m_sector_neutral,10.0,,0.005625523021249162,0.006972248357129538,-0.038597130534906786,-0.001095804048998624,0.8068448989624316,0.0021775614883715925,0.002062844737546593,True
fold_0012,2020-12-31,ridge,reversal_1m_sector_neutral,10.0,,-0.0005158571009816456,-0.0006404016048000138,0.017454201547709075,0.0002103561713051049,0.805521249658234,0.0021775614883715925,0.002062844737546593,True
fold_0012,2020-12-31,ridge,volatility_60d_sector_neutral,10.0,,0.0037518572374954117,0.004692467114723461,-0.09293321859800709,-0.009182288679345046,0.7995489676897859,0.0021775614883715925,0.002062844737546593,True
fold_0013,2021-01-29,elastic_net,amihud_illiquidity_20d_sector_neutral,0.0001,0.9,0.0029528098898510065,0.003945793214820888,-0.04495517219530386,0.05691768009233802,0.7483438003694383,0.0021775614883715925,0.002072557279819014,True
fold_0013,2021-01-29,elastic_net,average_dollar_volume_20d_sector_neutral,0.0001,0.9,0.0028937753330865283,0.0034000556560349355,-0.057191175800683655,-0.015097693301845058,0.8510964601271206,0.0021775614883715925,0.002072557279819014,True
fold_0013,2021-01-29,elastic_net,beta_60d_market_sector_neutral,0.0001,0.9,-0.0012206663098119235,-0.0017746221166613772,-0.0371721309281938,-0.009729455534867862,0.6878457663473625,0.0021775614883715925,0.002072557279819014,True
fold_0013,2021-01-29,elastic_net,distance_sma_50d_sector_neutral,0.0001,0.9,-0.004087397152367003,-0.005072301782304866,-0.008519993609373926,0.0008753978564835243,0.8058268864495046,0.0021775614883715925,0.002072557279819014,True
fold_0013,2021-01-29,elastic_net,max_drawdown_126d_sector_neutral,0.0001,0.9,-0.0020687484259458142,-0.002640030280909458,0.10204819774299273,0.012554623795471202,0.783607839995364,0.0021775614883715925,0.002072557279819014,True
fold_0013,2021-01-29,elastic_net,return_3m_sector_neutral,0.0001,0.9,0.0051943664682481015,0.006437874831864014,-0.038597130534906786,-0.001095804048998624,0.8068448989624316,0.0021775614883715925,0.002072557279819014,True
fold_0013,2021-01-29,elastic_net,reversal_1m_sector_neutral,0.0001,0.9,-0.0,-0.0,0.017454201547709075,0.0002103561713051049,0.805521249658234,0.0021775614883715925,0.002072557279819014,False
fold_0013,2021-01-29,elastic_net,volatility_60d_sector_neutral,0.0001,0.9,0.0035591765886618387,0.004451480437709415,-0.09293321859800709,-0.009182288679345046,0.7995489676897859,0.0021775614883715925,0.002072557279819014,True
fold_0013,2021-01-29,ridge,amihud_illiquidity_20d_sector_neutral,10.0,,0.003123642718340822,0.004174074425148921,-0.04495517219530386,0.05691768009233802,0.7483438003694383,0.0021775614883715925,0.002062844737546593,True
fold_0013,2021-01-29,ridge,average_dollar_volume_20d_sector_neutral,10.0,,0.003054080728313684,0.003588407273903505,-0.057191175800683655,-0.015097693301845058,0.8510964601271206,0.0021775614883715925,0.002062844737546593,True
fold_0013,2021-01-29,ridge,beta_60d_market_sector_neutral,10.0,,-0.0015334042824411526,-0.002229285048280406,-0.0371721309281938,-0.009729455534867862,0.6878457663473625,0.0021775614883715925,0.002062844737546593,True
fold_0013,2021-01-29,ridge,distance_sma_50d_sector_neutral,10.0,,-0.0049458412667950915,-0.006137597727207396,-0.008519993609373926,0.0008753978564835243,0.8058268864495046,0.0021775614883715925,0.002062844737546593,True
fold_0013,2021-01-29,ridge,max_drawdown_126d_sector_neutral,10.0,,-0.0021308518678763164,-0.002719283497583336,0.10204819774299273,0.012554623795471202,0.783607839995364,0.0021775614883715925,0.002062844737546593,True
fold_0013,2021-01-29,ridge,return_3m_sector_neutral,10.0,,0.005625523021249162,0.006972248357129538,-0.038597130534906786,-0.001095804048998624,0.8068448989624316,0.0021775614883715925,0.002062844737546593,True
fold_0013,2021-01-29,ridge,reversal_1m_sector_neutral,10.0,,-0.0005158571009816456,-0.0006404016048000138,0.017454201547709075,0.0002103561713051049,0.805521249658234,0.0021775614883715925,0.002062844737546593,True
fold_0013,2021-01-29,ridge,volatility_60d_sector_neutral,10.0,,0.0037518572374954117,0.004692467114723461,-0.09293321859800709,-0.009182288679345046,0.7995489676897859,0.0021775614883715925,0.002062844737546593,True
fold_0014,2021-02-26,elastic_net,amihud_illiquidity_20d_sector_neutral,0.0001,0.1,0.0032758688271820606,0.004385061872903027,-0.04427702040039171,0.056734591100966125,0.7470519053391027,0.0021464861133523305,0.00202531201761713,True
fold_0014,2021-02-26,elastic_net,average_dollar_volume_20d_sector_neutral,0.0001,0.1,0.0032968779446664776,0.003872324030050287,-0.05617422182061166,-0.015019511756374067,0.8513951619445607,0.0021464861133523305,0.00202531201761713,True
fold_0014,2021-02-26,elastic_net,beta_60d_market_sector_neutral,0.0001,0.1,-0.0018907407521717833,-0.0027563497024838154,-0.0371721309281938,-0.009786102612784068,0.6859582260073857,0.0021464861133523305,0.00202531201761713,True
fold_0014,2021-02-26,elastic_net,distance_sma_50d_sector_neutral,0.0001,0.1,-0.004994122413431152,-0.006187576363860293,-0.007661062644994647,0.0006624695813229014,0.8071209339088349,0.0021464861133523305,0.00202531201761713,True
fold_0014,2021-02-26,elastic_net,max_drawdown_126d_sector_neutral,0.0001,0.1,-0.002254545542604621,-0.002880287237543839,0.10204819774299273,0.012522946106154878,0.7827502456064701,0.0021464861133523305,0.00202531201761713,True
fold_0014,2021-02-26,elastic_net,return_3m_sector_neutral,0.0001,0.1,0.005826225229615935,0.007213392703595584,-0.038597130534906786,-0.0013493037684161682,0.8076955558944958,0.0021464861133523305,0.00202531201761713,True
fold_0014,2021-02-26,elastic_net,reversal_1m_sector_neutral,0.0001,0.1,-0.0005904387893075493,-0.0007315584950777988,0.018077762807355124,0.00035905853074758666,0.8070971675952695,0.0021464861133523305,0.00202531201761713,True
fold_0014,2021-02-26,elastic_net,volatility_60d_sector_neutral,0.0001,0.1,0.004010122715767465,0.005023938646500795,-0.0926333601164183,-0.009207836981528389,0.7982029634379673,0.0021464861133523305,0.00202531201761713,True
fold_0014,2021-02-26,ridge,amihud_illiquidity_20d_sector_neutral,1.0,,0.003294774121107079,0.004410368406210692,-0.04427702040039171,0.056734591100966125,0.7470519053391027,0.0021464861133523305,0.0020242887089662242,True
fold_0014,2021-02-26,ridge,average_dollar_volume_20d_sector_neutral,1.0,,0.0033149707414877904,0.0038935747930684715,-0.05617422182061166,-0.015019511756374067,0.8513951619445607,0.0021464861133523305,0.0020242887089662242,True
fold_0014,2021-02-26,ridge,beta_60d_market_sector_neutral,1.0,,-0.0019260164369093603,-0.0028077751149945727,-0.0371721309281938,-0.009786102612784068,0.6859582260073857,0.0021464861133523305,0.0020242887089662242,True
fold_0014,2021-02-26,ridge,distance_sma_50d_sector_neutral,1.0,,-0.0051265254160027165,-0.006351619937764819,-0.007661062644994647,0.0006624695813229014,0.8071209339088349,0.0021464861133523305,0.0020242887089662242,True
fold_0014,2021-02-26,ridge,max_drawdown_126d_sector_neutral,1.0,,-0.0022608244837528384,-0.0028883088781417954,0.10204819774299273,0.012522946106154878,0.7827502456064701,0.0021464861133523305,0.0020242887089662242,True
fold_0014,2021-02-26,ridge,return_3m_sector_neutral,1.0,,0.005883562603752304,0.007284381547991131,-0.038597130534906786,-0.0013493037684161682,0.8076955558944958,0.0021464861133523305,0.0020242887089662242,True
fold_0014,2021-02-26,ridge,reversal_1m_sector_neutral,1.0,,-0.0006810736880138048,-0.0008438558767874887,0.018077762807355124,0.00035905853074758666,0.8070971675952695,0.0021464861133523305,0.0020242887089662242,True
fold_0014,2021-02-26,ridge,volatility_60d_sector_neutral,1.0,,0.004031906392173127,0.005051229545436872,-0.0926333601164183,-0.009207836981528389,0.7982029634379673,0.0021464861133523305,0.0020242887089662242,True
fold_0015,2021-03-31,elastic_net,amihud_illiquidity_20d_sector_neutral,0.0001,0.1,0.0032207608767608024,0.004324649042213506,-0.044165606106965016,0.05600250657604425,0.7447450290931134,0.002233714019499872,0.0020999204103554496,True
fold_0015,2021-03-31,elastic_net,average_dollar_volume_20d_sector_neutral,0.0001,0.1,0.0026933788006914226,0.003161782874495117,-0.05479623455586217,-0.014909558977847364,0.8518544465585763,0.002233714019499872,0.0020999204103554496,True
fold_0015,2021-03-31,elastic_net,beta_60d_market_sector_neutral,0.0001,0.1,-0.0018388461401107569,-0.0026803623757664947,-0.037540681656067734,-0.009903971095590373,0.6860438561352764,0.002233714019499872,0.0020999204103554496,True
fold_0015,2021-03-31,elastic_net,distance_sma_50d_sector_neutral,0.0001,0.1,-0.004608637015217061,-0.005726267140492823,-0.006309590403801024,0.0008024104585054053,0.8048239633508305,0.002233714019499872,0.0020999204103554496,True
fold_0015,2021-03-31,elastic_net,max_drawdown_126d_sector_neutral,0.0001,0.1,-0.0018624111352112552,-0.0023803044204679,0.10204819774299273,0.012395141216440506,0.7824256087568657,0.002233714019499872,0.0020999204103554496,True
fold_0015,2021-03-31,elastic_net,return_3m_sector_neutral,0.0001,0.1,0.005292182639846927,0.006552552287200871,-0.039911429675736104,-0.0015866880633980938,0.8076521037740011,0.002233714019499872,0.0020999204103554496,True
fold_0015,2021-03-31,elastic_net,reversal_1m_sector_neutral,0.0001,0.1,-0.0005038969373362432,-0.0006256317641459954,0.018077762807355124,0.0003220263632453303,0.8054209620000295,0.002233714019499872,0.0020999204103554496,True
fold_0015,2021-03-31,elastic_net,volatility_60d_sector_neutral,0.0001,0.1,0.0037222607956614905,0.004668096462144068,-0.09309264505356257,-0.009234099678847276,0.7973830073665288,0.002233714019499872,0.0020999204103554496,True
fold_0015,2021-03-31,ridge,amihud_illiquidity_20d_sector_neutral,1.0,,0.0032395225894192195,0.004349841170962944,-0.044165606106965016,0.05600250657604425,0.7447450290931134,0.002233714019499872,0.002098938414095978,True
fold_0015,2021-03-31,ridge,average_dollar_volume_20d_sector_neutral,1.0,,0.002711409948165998,0.0031829498092307636,-0.05479623455586217,-0.014909558977847364,0.8518544465585763,0.002233714019499872,0.002098938414095978,True
fold_0015,2021-03-31,ridge,beta_60d_market_sector_neutral,1.0,,-0.0018746516110956233,-0.002732553603287387,-0.037540681656067734,-0.009903971095590373,0.6860438561352764,0.002233714019499872,0.002098938414095978,True
fold_0015,2021-03-31,ridge,distance_sma_50d_sector_neutral,1.0,,-0.004742334240157269,-0.005892386976666151,-0.006309590403801024,0.0008024104585054053,0.8048239633508305,0.002233714019499872,0.002098938414095978,True
fold_0015,2021-03-31,ridge,max_drawdown_126d_sector_neutral,1.0,,-0.0018683385787142094,-0.002387880148353867,0.10204819774299273,0.012395141216440506,0.7824256087568657,0.002233714019499872,0.002098938414095978,True
fold_0015,2021-03-31,ridge,return_3m_sector_neutral,1.0,,0.005349509180560498,0.006623531537357833,-0.039911429675736104,-0.0015866880633980938,0.8076521037740011,0.002233714019499872,0.002098938414095978,True
fold_0015,2021-03-31,ridge,reversal_1m_sector_neutral,1.0,,-0.000595710632087039,-0.0007396264316336693,0.018077762807355124,0.0003220263632453303,0.8054209620000295,0.002233714019499872,0.002098938414095978,True
fold_0015,2021-03-31,ridge,volatility_60d_sector_neutral,1.0,,0.003744160278168671,0.004695560657273466,-0.09309264505356257,-0.009234099678847276,0.7973830073665288,0.002233714019499872,0.002098938414095978,True
fold_0016,2021-04-30,elastic_net,amihud_illiquidity_20d_sector_neutral,0.0001,0.1,0.00326938502913417,0.004389384986348819,-0.04388446844820154,0.05588804114939512,0.744838978422285,0.0022773296012397353,0.0021392466181881227,True
fold_0016,2021-04-30,elastic_net,average_dollar_volume_20d_sector_neutral,0.0001,0.1,0.002831138833991843,0.003322684737701347,-0.053554615790943116,-0.014862044322806014,0.8520636345265912,0.0022773296012397353,0.0021392466181881227,True
fold_0016,2021-04-30,elastic_net,beta_60d_market_sector_neutral,0.0001,0.1,-0.0019433691743126992,-0.0028256015996401458,-0.04053547154090727,-0.01000620552480923,0.6877718269129649,0.0022773296012397353,0.0021392466181881227,True
fold_0016,2021-04-30,elastic_net,distance_sma_50d_sector_neutral,0.0001,0.1,-0.004487001515031968,-0.005567714334543635,-0.007254868481011409,0.0007755914073533052,0.805896503560424,0.0022773296012397353,0.0021392466181881227,True
fold_0016,2021-04-30,elastic_net,max_drawdown_126d_sector_neutral,0.0001,0.1,-0.0018562173839129154,-0.002365858944510485,0.1021463018966225,0.012329194921710756,0.784584976302119,0.0022773296012397353,0.0021392466181881227,True
fold_0016,2021-04-30,elastic_net,return_3m_sector_neutral,0.0001,0.1,0.005006789621546859,0.006208474791160401,-0.03954608636946733,-0.0015433818828449542,0.8064443828741166,0.0022773296012397353,0.0021392466181881227,True
fold_0016,2021-04-30,elastic_net,reversal_1m_sector_neutral,0.0001,0.1,-0.0006362825405747401,-0.00078851916112472,0.018654319034849987,0.00017149658948690025,0.80693351784523,0.0022773296012397353,0.0021392466181881227,True
fold_0016,2021-04-30,elastic_net,volatility_60d_sector_neutral,0.0001,0.1,0.0036927764101107726,0.004629865988630065,-0.09309264505356257,-0.009269841707280162,0.797598984329011,0.0022773296012397353,0.0021392466181881227,True
fold_0016,2021-04-30,ridge,amihud_illiquidity_20d_sector_neutral,0.01,,0.003289168690715975,0.004415945977589787,-0.04388446844820154,0.05588804114939512,0.744838978422285,0.0022773296012397353,0.00213818120232352,True
fold_0016,2021-04-30,ridge,average_dollar_volume_20d_sector_neutral,0.01,,0.00284994356237213,0.003344754366797459,-0.053554615790943116,-0.014862044322806014,0.8520636345265912,0.0022773296012397353,0.00213818120232352,True
fold_0016,2021-04-30,ridge,beta_60d_market_sector_neutral,0.01,,-0.0019815509269906235,-0.0028811167446109735,-0.04053547154090727,-0.01000620552480923,0.6877718269129649,0.0022773296012397353,0.00213818120232352,True
fold_0016,2021-04-30,ridge,distance_sma_50d_sector_neutral,0.01,,-0.00463223910197179,-0.005747932993264907,-0.007254868481011409,0.0007755914073533052,0.805896503560424,0.0022773296012397353,0.00213818120232352,True
fold_0016,2021-04-30,ridge,max_drawdown_126d_sector_neutral,0.01,,-0.0018619990240079703,-0.0023732279870867334,0.1021463018966225,0.012329194921710756,0.784584976302119,0.0022773296012397353,0.00213818120232352,True
fold_0016,2021-04-30,ridge,return_3m_sector_neutral,0.01,,0.005069794895573451,0.006286602031382529,-0.03954608636946733,-0.0015433818828449542,0.8064443828741166,0.0022773296012397353,0.00213818120232352,True
fold_0016,2021-04-30,ridge,reversal_1m_sector_neutral,0.01,,-0.0007349931552321801,-0.0009108472246819617,0.018654319034849987,0.00017149658948690025,0.80693351784523,0.0022773296012397353,0.00213818120232352,True
fold_0016,2021-04-30,ridge,volatility_60d_sector_neutral,0.01,,0.0037163806351252467,0.004659460089773927,-0.09309264505356257,-0.009269841707280162,0.797598984329011,0.0022773296012397353,0.00213818120232352,True
fold_0017,2021-05-28,elastic_net,amihud_illiquidity_20d_sector_neutral,0.0001,0.1,0.00326938502913417,0.004389384986348819,-0.04388446844820154,0.05588804114939512,0.744838978422285,0.0022773296012397353,0.0021392466181881227,True
fold_0017,2021-05-28,elastic_net,average_dollar_volume_20d_sector_neutral,0.0001,0.1,0.002831138833991843,0.003322684737701347,-0.053554615790943116,-0.014862044322806014,0.8520636345265912,0.0022773296012397353,0.0021392466181881227,True
fold_0017,2021-05-28,elastic_net,beta_60d_market_sector_neutral,0.0001,0.1,-0.0019433691743126992,-0.0028256015996401458,-0.04053547154090727,-0.01000620552480923,0.6877718269129649,0.0022773296012397353,0.0021392466181881227,True
fold_0017,2021-05-28,elastic_net,distance_sma_50d_sector_neutral,0.0001,0.1,-0.004487001515031968,-0.005567714334543635,-0.007254868481011409,0.0007755914073533052,0.805896503560424,0.0022773296012397353,0.0021392466181881227,True
fold_0017,2021-05-28,elastic_net,max_drawdown_126d_sector_neutral,0.0001,0.1,-0.0018562173839129154,-0.002365858944510485,0.1021463018966225,0.012329194921710756,0.784584976302119,0.0022773296012397353,0.0021392466181881227,True
fold_0017,2021-05-28,elastic_net,return_3m_sector_neutral,0.0001,0.1,0.005006789621546859,0.006208474791160401,-0.03954608636946733,-0.0015433818828449542,0.8064443828741166,0.0022773296012397353,0.0021392466181881227,True
fold_0017,2021-05-28,elastic_net,reversal_1m_sector_neutral,0.0001,0.1,-0.0006362825405747401,-0.00078851916112472,0.018654319034849987,0.00017149658948690025,0.80693351784523,0.0022773296012397353,0.0021392466181881227,True
fold_0017,2021-05-28,elastic_net,volatility_60d_sector_neutral,0.0001,0.1,0.0036927764101107726,0.004629865988630065,-0.09309264505356257,-0.009269841707280162,0.797598984329011,0.0022773296012397353,0.0021392466181881227,True
fold_0017,2021-05-28,ridge,amihud_illiquidity_20d_sector_neutral,0.01,,0.003289168690715975,0.004415945977589787,-0.04388446844820154,0.05588804114939512,0.744838978422285,0.0022773296012397353,0.00213818120232352,True
fold_0017,2021-05-28,ridge,average_dollar_volume_20d_sector_neutral,0.01,,0.00284994356237213,0.003344754366797459,-0.053554615790943116,-0.014862044322806014,0.8520636345265912,0.0022773296012397353,0.00213818120232352,True
fold_0017,2021-05-28,ridge,beta_60d_market_sector_neutral,0.01,,-0.0019815509269906235,-0.0028811167446109735,-0.04053547154090727,-0.01000620552480923,0.6877718269129649,0.0022773296012397353,0.00213818120232352,True
fold_0017,2021-05-28,ridge,distance_sma_50d_sector_neutral,0.01,,-0.00463223910197179,-0.005747932993264907,-0.007254868481011409,0.0007755914073533052,0.805896503560424,0.0022773296012397353,0.00213818120232352,True
fold_0017,2021-05-28,ridge,max_drawdown_126d_sector_neutral,0.01,,-0.0018619990240079703,-0.0023732279870867334,0.1021463018966225,0.012329194921710756,0.784584976302119,0.0022773296012397353,0.00213818120232352,True
fold_0017,2021-05-28,ridge,return_3m_sector_neutral,0.01,,0.005069794895573451,0.006286602031382529,-0.03954608636946733,-0.0015433818828449542,0.8064443828741166,0.0022773296012397353,0.00213818120232352,True
fold_0017,2021-05-28,ridge,reversal_1m_sector_neutral,0.01,,-0.0007349931552321801,-0.0009108472246819617,0.018654319034849987,0.00017149658948690025,0.80693351784523,0.0022773296012397353,0.00213818120232352,True
fold_0017,2021-05-28,ridge,volatility_60d_sector_neutral,0.01,,0.0037163806351252467,0.004659460089773927,-0.09309264505356257,-0.009269841707280162,0.797598984329011,0.0022773296012397353,0.00213818120232352,True
fold_0018,2021-06-30,elastic_net,amihud_illiquidity_20d_sector_neutral,0.0001,0.1,0.003291824334426988,0.004435202030167195,-0.04337612427219398,0.0554356428882943,0.7422039203708822,0.002357076139621502,0.002218376659138155,True
fold_0018,2021-06-30,elastic_net,average_dollar_volume_20d_sector_neutral,0.0001,0.1,0.002744293666274291,0.0032205049698138693,-0.05169144560076383,-0.014772345990099871,0.8521314799998271,0.002357076139621502,0.002218376659138155,True
fold_0018,2021-06-30,elastic_net,beta_60d_market_sector_neutral,0.0001,0.1,-0.001960877943585639,-0.002851842487540967,-0.040811330119075895,-0.00997866332275185,0.6875828353607383,0.002357076139621502,0.002218376659138155,True
fold_0018,2021-06-30,elastic_net,distance_sma_50d_sector_neutral,0.0001,0.1,-0.0035192760259049613,-0.00435816553759857,-0.007098053610886532,0.001176697031848099,0.8075131601917416,0.002357076139621502,0.002218376659138155,True
fold_0018,2021-06-30,elastic_net,max_drawdown_126d_sector_neutral,0.0001,0.1,-0.0020558126722568133,-0.0026085755921878787,0.10287353536563121,0.012286496445764959,0.7880977949857113,0.002357076139621502,0.002218376659138155,True
fold_0018,2021-06-30,elastic_net,return_3m_sector_neutral,0.0001,0.1,0.00470999472771233,0.005839826590026298,-0.03768125131392676,-0.0012291257216566005,0.8065298952123714,0.002357076139621502,0.002218376659138155,True
fold_0018,2021-06-30,elastic_net,reversal_1m_sector_neutral,0.0001,0.1,1.4267035379083332e-05,1.7657267868958677e-05,0.016930557809357046,-0.00010917516366909257,0.8079979012021818,0.002357076139621502,0.002218376659138155,True
fold_0018,2021-06-30,elastic_net,volatility_60d_sector_neutral,0.0001,0.1,0.003730654921703435,0.004679928018468354,-0.09293321859800709,-0.009336394401907486,0.7971607484092037,0.002357076139621502,0.002218376659138155,True
fold_0018,2021-06-30,ridge,amihud_illiquidity_20d_sector_neutral,0.01,,0.003313323832578283,0.004464169134168144,-0.04337612427219398,0.0554356428882943,0.7422039203708822,0.002357076139621502,0.002217108355481587,True
fold_0018,2021-06-30,ridge,average_dollar_volume_20d_sector_neutral,0.01,,0.0027637277069459095,0.003243311357240869,-0.05169144560076383,-0.014772345990099871,0.8521314799998271,0.002357076139621502,0.002217108355481587,True
fold_0018,2021-06-30,ridge,beta_60d_market_sector_neutral,0.01,,-0.0019991548338939287,-0.002907511256945613,-0.040811330119075895,-0.00997866332275185,0.6875828353607383,0.002357076139621502,0.002217108355481587,True
fold_0018,2021-06-30,ridge,distance_sma_50d_sector_neutral,0.01,,-0.0035718414248320333,-0.004423260945968868,-0.007098053610886532,0.001176697031848099,0.8075131601917416,0.002357076139621502,0.002217108355481587,True
fold_0018,2021-06-30,ridge,max_drawdown_126d_sector_neutral,0.01,,-0.0020648133318398793,-0.0026199963316447493,0.10287353536563121,0.012286496445764959,0.7880977949857113,0.002357076139621502,0.002217108355481587,True
fold_0018,2021-06-30,ridge,return_3m_sector_neutral,0.01,,0.004754967470330527,0.005895587378169625,-0.03768125131392676,-0.0012291257216566005,0.8065298952123714,0.002357076139621502,0.002217108355481587,True
fold_0018,2021-06-30,ridge,reversal_1m_sector_neutral,0.01,,5.901259734919673e-06,7.303558247044291e-06,0.016930557809357046,-0.00010917516366909257,0.8079979012021818,0.002357076139621502,0.002217108355481587,True
fold_0018,2021-06-30,ridge,volatility_60d_sector_neutral,0.01,,0.0037538598354136276,0.0047090374719336685,-0.09293321859800709,-0.009336394401907486,0.7971607484092037,0.002357076139621502,0.002217108355481587,True
fold_0019,2021-07-30,elastic_net,amihud_illiquidity_20d_sector_neutral,0.0001,0.1,0.003218580118822507,0.004340941094540277,-0.04250251366569287,0.05529302043630259,0.7414475452962505,0.0022674140235600386,0.0021301316043226114,True
fold_0019,2021-07-30,elastic_net,average_dollar_volume_20d_sector_neutral,0.0001,0.1,0.00260534444099247,0.0030573007475289244,-0.05148558763150533,-0.014738126381768982,0.8521714597748521,0.0022674140235600386,0.0021301316043226114,True
fold_0019,2021-07-30,elastic_net,beta_60d_market_sector_neutral,0.0001,0.1,-0.001718938682369512,-0.002501465764290156,-0.040811330119075895,-0.009942163870048006,0.687172579736384,0.0022674140235600386,0.0021301316043226114,True
fold_0019,2021-07-30,elastic_net,distance_sma_50d_sector_neutral,0.0001,0.1,-0.003718056498230922,-0.0046029496160308065,-0.007661062644994647,0.001107115226030808,0.8077552022907126,0.0022674140235600386,0.0021301316043226114,True
fold_0019,2021-07-30,elastic_net,max_drawdown_126d_sector_neutral,0.0001,0.1,-0.0018673743613323013,-0.00236398103841698,0.10329315343204049,0.01227116214847755,0.7899278086353742,0.0022674140235600386,0.0021301316043226114,True
fold_0019,2021-07-30,elastic_net,return_3m_sector_neutral,0.0001,0.1,0.004711004458295708,0.005830015944921511,-0.03954608636946733,-0.0011287629128987947,0.8080603042603054,0.0022674140235600386,0.0021301316043226114,True
fold_0019,2021-07-30,elastic_net,reversal_1m_sector_neutral,0.0001,0.1,-0.00011000030635872999,-0.00013625129679256624,0.016930557809357046,-4.433511186436502e-05,0.807334014047575,0.0022674140235600386,0.0021301316043226114,True
fold_0019,2021-07-30,elastic_net,volatility_60d_sector_neutral,0.0001,0.1,0.00357165425171071,0.004479638610954371,-0.09309264505356257,-0.009347398637572326,0.7973085692619705,0.0022674140235600386,0.0021301316043226114,True
fold_0019,2021-07-30,ridge,amihud_illiquidity_20d_sector_neutral,1.0,,0.0032368808864022777,0.004365623579088066,-0.04250251366569287,0.05529302043630259,0.7414475452962505,0.0022674140235600386,0.0021291747719712306,True
fold_0019,2021-07-30,ridge,average_dollar_volume_20d_sector_neutral,1.0,,0.002623043532692815,0.0030780701496220444,-0.05148558763150533,-0.014738126381768982,0.8521714597748521,0.0022674140235600386,0.0021291747719712306,True
fold_0019,2021-07-30,ridge,beta_60d_market_sector_neutral,1.0,,-0.0017539949667992306,-0.0025524810193563096,-0.040811330119075895,-0.009942163870048006,0.687172579736384,0.0022674140235600386,0.0021291747719712306,True
fold_0019,2021-07-30,ridge,distance_sma_50d_sector_neutral,1.0,,-0.003852461003546037,-0.004769342237129324,-0.007661062644994647,0.001107115226030808,0.8077552022907126,0.0022674140235600386,0.0021291747719712306,True
fold_0019,2021-07-30,ridge,max_drawdown_126d_sector_neutral,1.0,,-0.0018738425012834257,-0.0023721693055983803,0.10329315343204049,0.01227116214847755,0.7899278086353742,0.0022674140235600386,0.0021291747719712306,True
fold_0019,2021-07-30,ridge,return_3m_sector_neutral,1.0,,0.004768626285380199,0.0059013247652913445,-0.03954608636946733,-0.0011287629128987947,0.8080603042603054,0.0022674140235600386,0.0021291747719712306,True
fold_0019,2021-07-30,ridge,reversal_1m_sector_neutral,1.0,,-0.00020232119106370806,-0.0002506040716027426,0.016930557809357046,-4.433511186436502e-05,0.807334014047575,0.0022674140235600386,0.0021291747719712306,True
fold_0019,2021-07-30,ridge,volatility_60d_sector_neutral,1.0,,0.003592886513307073,0.004506268528673701,-0.09309264505356257,-0.009347398637572326,0.7973085692619705,0.0022674140235600386,0.0021291747719712306,True
fold_0020,2021-08-31,elastic_net,amihud_illiquidity_20d_sector_neutral,0.0001,0.5,0.0030415504987837635,0.004108120670741432,-0.042159858217854534,0.05508533429309544,0.7403751599718287,0.0022384695903495083,0.002115940846716784,True
fold_0020,2021-08-31,elastic_net,average_dollar_volume_20d_sector_neutral,0.0001,0.5,0.0025478361412692033,0.0029895684623107936,-0.05074031105051982,-0.014693938051965292,0.8522421123280942,0.0022384695903495083,0.002115940846716784,True
fold_0020,2021-08-31,elastic_net,beta_60d_market_sector_neutral,0.0001,0.5,-0.0016649290746279107,-0.002428618218087644,-0.03832326746198078,-0.009839158859863981,0.6855458228172719,0.0022384695903495083,0.002115940846716784,True
fold_0020,2021-08-31,elastic_net,distance_sma_50d_sector_neutral,0.0001,0.5,-0.0034695462212591395,-0.004298687439327763,-0.007254868481011409,0.0011849255877828182,0.807117584199542,0.0022384695903495083,0.002115940846716784,True
fold_0020,2021-08-31,elastic_net,max_drawdown_126d_sector_neutral,0.0001,0.5,-0.0020488736971070697,-0.00258949092504808,0.10352121955092264,0.012181321489050094,0.7912264442745739,0.0022384695903495083,0.002115940846716784,True
fold_0020,2021-08-31,elastic_net,return_3m_sector_neutral,0.0001,0.5,0.00476193640297941,0.005890391545296049,-0.0417356651414421,-0.001068645157660423,0.8084244258401122,0.0022384695903495083,0.002115940846716784,True
fold_0020,2021-08-31,elastic_net,reversal_1m_sector_neutral,0.0001,0.5,0.00013873624580033135,0.00017190822887396063,0.015678282473740604,-0.000278015255806657,0.8070366771217784,0.0022384695903495083,0.002115940846716784,True
fold_0020,2021-08-31,elastic_net,volatility_60d_sector_neutral,0.0001,0.5,0.0034657278487996344,0.004349370262707959,-0.0926333601164183,-0.00937053029210938,0.7968344011810666,0.0022384695903495083,0.002115940846716784,True
fold_0020,2021-08-31,ridge,amihud_illiquidity_20d_sector_neutral,100.0,,0.0030278312518984348,0.004089590542197072,-0.042159858217854534,0.05508533429309544,0.7403751599718287,0.0022384695903495083,0.002116163812256077,True
fold_0020,2021-08-31,ridge,average_dollar_volume_20d_sector_neutral,100.0,,0.0025425596329626604,0.0029833771368292013,-0.05074031105051982,-0.014693938051965292,0.8522421123280942,0.0022384695903495083,0.002116163812256077,True
fold_0020,2021-08-31,ridge,beta_60d_market_sector_neutral,100.0,,-0.001651882351229528,-0.0024095870709868322,-0.03832326746198078,-0.009839158859863981,0.6855458228172719,0.0022384695903495083,0.002116163812256077,True
fold_0020,2021-08-31,ridge,distance_sma_50d_sector_neutral,100.0,,-0.0030440049677169234,-0.0037714516785504206,-0.007254868481011409,0.0011849255877828182,0.807117584199542,0.0022384695903495083,0.002116163812256077,True
fold_0020,2021-08-31,ridge,max_drawdown_126d_sector_neutral,100.0,,-0.0020653281221996752,-0.0026102870261031853,0.10352121955092264,0.012181321489050094,0.7912264442745739,0.0022384695903495083,0.002116163812256077,True
fold_0020,2021-08-31,ridge,return_3m_sector_neutral,100.0,,0.004566238040834537,0.005648317758446396,-0.0417356651414421,-0.001068645157660423,0.8084244258401122,0.0022384695903495083,0.002116163812256077,True
fold_0020,2021-08-31,ridge,reversal_1m_sector_neutral,100.0,,0.0004345992278635376,0.0005385123628005303,0.015678282473740604,-0.000278015255806657,0.8070366771217784,0.0022384695903495083,0.002116163812256077,True
fold_0020,2021-08-31,ridge,volatility_60d_sector_neutral,100.0,,0.003434615843473877,0.004310325756999315,-0.0926333601164183,-0.00937053029210938,0.7968344011810666,0.0022384695903495083,0.002116163812256077,True
fold_0021,2021-09-30,elastic_net,amihud_illiquidity_20d_sector_neutral,0.0001,0.1,0.0032739099755915114,0.004427930534628571,-0.042060729996606316,0.05490585363304837,0.7393769956389205,0.002480690838395144,0.0023433471169679366,True
fold_0021,2021-09-30,elastic_net,average_dollar_volume_20d_sector_neutral,0.0001,0.1,0.002670244663217053,0.003133086561885899,-0.05032035643998124,-0.014655753370180347,0.8522728659018448,0.002480690838395144,0.0023433471169679366,True
fold_0021,2021-09-30,elastic_net,beta_60d_market_sector_neutral,0.0001,0.1,-0.0018871710941299235,-0.00275774758192656,-0.0373755483710554,-0.009774578695793214,0.684316108732311,0.002480690838395144,0.0023433471169679366,True
fold_0021,2021-09-30,elastic_net,distance_sma_50d_sector_neutral,0.0001,0.1,-0.0035929806595164926,-0.004455003775415487,-0.007254868481011409,0.0013373971949536398,0.8065045150677568,0.002480690838395144,0.0023433471169679366,True
fold_0021,2021-09-30,elastic_net,max_drawdown_126d_sector_neutral,0.0001,0.1,-0.0022130490691964805,-0.0027984810973071426,0.10352121955092264,0.012304869589511816,0.7908036510684321,0.002480690838395144,0.0023433471169679366,True
fold_0021,2021-09-30,elastic_net,return_3m_sector_neutral,0.0001,0.1,0.004798509944884204,0.005945372770458307,-0.042398644627150706,-0.0009904793343263856,0.8070999296675395,0.002480690838395144,0.0023433471169679366,True
fold_0021,2021-09-30,elastic_net,reversal_1m_sector_neutral,0.0001,0.1,0.00010852664172990658,0.00013440264671827127,0.015577723831152648,-0.00039200045330249427,0.8074739923641178,0.002480690838395144,0.0023433471169679366,True
fold_0021,2021-09-30,elastic_net,volatility_60d_sector_neutral,0.0001,0.1,0.0034414597987902267,0.004322801762354217,-0.09188256907332842,-0.009364100920590672,0.7961178855715078,0.002480690838395144,0.0023433471169679366,True
fold_0021,2021-09-30,ridge,amihud_illiquidity_20d_sector_neutral,0.1,,0.003295077194841667,0.004456558987197432,-0.042060729996606316,0.05490585363304837,0.7393769956389205,0.002480690838395144,0.0023421096003390673,True
fold_0021,2021-09-30,ridge,average_dollar_volume_20d_sector_neutral,0.1,,0.0026891845236696275,0.0031553093278688725,-0.05032035643998124,-0.014655753370180347,0.8522728659018448,0.002480690838395144,0.0023421096003390673,True
fold_0021,2021-09-30,ridge,beta_60d_market_sector_neutral,0.1,,-0.0019239082941006052,-0.0028114321284422586,-0.0373755483710554,-0.009774578695793214,0.684316108732311,0.002480690838395144,0.0023421096003390673,True
fold_0021,2021-09-30,ridge,distance_sma_50d_sector_neutral,0.1,,-0.0036444692687011516,-0.004518845462873781,-0.007254868481011409,0.0013373971949536398,0.8065045150677568,0.002480690838395144,0.0023421096003390673,True
fold_0021,2021-09-30,ridge,max_drawdown_126d_sector_neutral,0.1,,-0.0022220437719000616,-0.002809855226259922,0.10352121955092264,0.012304869589511816,0.7908036510684321,0.002480690838395144,0.0023421096003390673,True
fold_0021,2021-09-30,ridge,return_3m_sector_neutral,0.1,,0.004842598678056009,0.005999998884959353,-0.042398644627150706,-0.0009904793343263856,0.8070999296675395,0.002480690838395144,0.0023421096003390673,True
fold_0021,2021-09-30,ridge,reversal_1m_sector_neutral,0.1,,0.00010054779066768119,0.0001245213983589712,0.015577723831152648,-0.00039200045330249427,0.8074739923641178,0.002480690838395144,0.0023421096003390673,True
fold_0021,2021-09-30,ridge,volatility_60d_sector_neutral,0.1,,0.0034633803500355278,0.004350336065555514,-0.09188256907332842,-0.009364100920590672,0.7961178855715078,0.002480690838395144,0.0023421096003390673,True
fold_0022,2021-10-29,elastic_net,amihud_illiquidity_20d_sector_neutral,0.001,0.1,0.003050780559301163,0.004133761219874058,-0.03988002825062295,0.054640329896321366,0.7380156707247135,0.0024448424180177784,0.002325922842724539,True
fold_0022,2021-10-29,elastic_net,average_dollar_volume_20d_sector_neutral,0.001,0.1,0.0026391617342798293,0.0030964117799806745,-0.049379066975570596,-0.014619345023846063,0.8523290575700823,0.0024448424180177784,0.002325922842724539,True
fold_0022,2021-10-29,elastic_net,beta_60d_market_sector_neutral,0.001,0.1,-0.0017934267079933845,-0.0026260149714021413,-0.036873608601071195,-0.009836533722813266,0.6829461094183319,0.0024448424180177784,0.002325922842724539,True
fold_0022,2021-10-29,elastic_net,distance_sma_50d_sector_neutral,0.001,0.1,-0.0027523363554170918,-0.0034155227263785613,-0.008519993609373926,0.001215582065813924,0.8058316620646122,0.0024448424180177784,0.002325922842724539,True
fold_0022,2021-10-29,elastic_net,max_drawdown_126d_sector_neutral,0.001,0.1,-0.002535720185631,-0.0032060862578083297,0.10354325567509345,0.012295422896035028,0.7909082855944152,0.0024448424180177784,0.002325922842724539,True
fold_0022,2021-10-29,elastic_net,return_3m_sector_neutral,0.001,0.1,0.004639598353172725,0.005744457021517361,-0.04202224811566302,-0.0008215659265941098,0.8076652564017627,0.0024448424180177784,0.002325922842724539,True
fold_0022,2021-10-29,elastic_net,reversal_1m_sector_neutral,0.001,0.1,0.0005123058089333014,0.0006354548144126276,0.016552717723681096,-0.0002699106664515103,0.8062033638172103,0.0024448424180177784,0.002325922842724539,True
fold_0022,2021-10-29,elastic_net,volatility_60d_sector_neutral,0.001,0.1,0.0033006189183586577,0.004149745288962479,-0.0914045877318661,-0.009410426589779163,0.795378677129333,0.0024448424180177784,0.002325922842724539,True
fold_0022,2021-10-29,ridge,amihud_illiquidity_20d_sector_neutral,100.0,,0.0031402032441182,0.004254927596638424,-0.03988002825062295,0.054640329896321366,0.7380156707247135,0.0024448424180177784,0.0023201143444985177,True
fold_0022,2021-10-29,ridge,average_dollar_volume_20d_sector_neutral,100.0,,0.0027258719863846948,0.0031981450851340494,-0.049379066975570596,-0.014619345023846063,0.8523290575700823,0.0024448424180177784,0.0023201143444985177,True
fold_0022,2021-10-29,ridge,beta_60d_market_sector_neutral,100.0,,-0.001962603212721605,-0.0028737307170446616,-0.036873608601071195,-0.009836533722813266,0.6829461094183319,0.0024448424180177784,0.0023201143444985177,True
fold_0022,2021-10-29,ridge,distance_sma_50d_sector_neutral,100.0,,-0.002682239784223317,-0.003328536108088854,-0.008519993609373926,0.001215582065813924,0.8058316620646122,0.0024448424180177784,0.0023201143444985177,True
fold_0022,2021-10-29,ridge,max_drawdown_126d_sector_neutral,100.0,,-0.002575687762265268,-0.0032566200268460757,0.10354325567509345,0.012295422896035028,0.7909082855944152,0.0024448424180177784,0.0023201143444985177,True
fold_0022,2021-10-29,ridge,return_3m_sector_neutral,100.0,,0.004693138789647719,0.005810747401164893,-0.04202224811566302,-0.0008215659265941098,0.8076652564017627,0.0024448424180177784,0.0023201143444985177,True
fold_0022,2021-10-29,ridge,reversal_1m_sector_neutral,100.0,,0.0006975938039689158,0.0008652826759069199,0.016552717723681096,-0.0002699106664515103,0.8062033638172103,0.0024448424180177784,0.0023201143444985177,True
fold_0022,2021-10-29,ridge,volatility_60d_sector_neutral,100.0,,0.0033960746528393267,0.004269758230251257,-0.0914045877318661,-0.009410426589779163,0.795378677129333,0.0024448424180177784,0.0023201143444985177,True
fold_0023,2021-11-30,elastic_net,amihud_illiquidity_20d_sector_neutral,0.0001,0.1,0.003159379927386089,0.004285478445024679,-0.0391621323606679,0.054655745648726585,0.7372292190744865,0.00258051260074084,0.0024594593042828665,True
fold_0023,2021-11-30,elastic_net,average_dollar_volume_20d_sector_neutral,0.0001,0.1,0.002775929348293516,0.0032568352106362407,-0.0489999211044182,-0.014578171362940305,0.8523395163586501,0.00258051260074084,0.0024594593042828665,True
fold_0023,2021-11-30,elastic_net,beta_60d_market_sector_neutral,0.0001,0.1,-0.0018700483448592447,-0.002739696499627517,-0.03557300972355021,-0.009904221125875176,0.6825750024185132,0.00258051260074084,0.0024594593042828665,True
fold_0023,2021-11-30,elastic_net,distance_sma_50d_sector_neutral,0.0001,0.1,-0.0032968505457468544,-0.004087718880457167,-0.008519993609373926,0.001293418065012604,0.8065257524211492,0.00258051260074084,0.0024594593042828665,True
fold_0023,2021-11-30,elastic_net,max_drawdown_126d_sector_neutral,0.0001,0.1,-0.0028785202097090525,-0.0036378200571623265,0.1035867650859128,0.012278000228938366,0.7912761391376889,0.00258051260074084,0.0024594593042828665,True
fold_0023,2021-11-30,elastic_net,return_3m_sector_neutral,0.0001,0.1,0.005063746190742831,0.006261783753757656,-0.04202224811566302,-0.0007305703557924355,0.8086747147255141,0.00258051260074084,0.0024594593042828665,True
fold_0023,2021-11-30,elastic_net,reversal_1m_sector_neutral,0.0001,0.1,0.0003223134712260083,0.0003992799111587722,0.015995458646173244,-0.0004514027398414952,0.8072368837455525,0.00258051260074084,0.0024594593042828665,True
fold_0023,2021-11-30,elastic_net,volatility_60d_sector_neutral,0.0001,0.1,0.0032220438404431343,0.004050750495821871,-0.09188256907332842,-0.009410944227300405,0.7954189831653412,0.00258051260074084,0.0024594593042828665,True
fold_0023,2021-11-30,ridge,amihud_illiquidity_20d_sector_neutral,10.0,,0.003168362232101461,0.004297662314685527,-0.0391621323606679,0.054655745648726585,0.7372292190744865,0.00258051260074084,0.0024588403896073437,True
fold_0023,2021-11-30,ridge,average_dollar_volume_20d_sector_neutral,10.0,,0.0027846269559491767,0.0032670396039428174,-0.0489999211044182,-0.014578171362940305,0.8523395163586501,0.00258051260074084,0.0024588403896073437,True
fold_0023,2021-11-30,ridge,beta_60d_market_sector_neutral,10.0,,-0.001888052501311916,-0.002766073317396815,-0.03557300972355021,-0.009904221125875176,0.6825750024185132,0.00258051260074084,0.0024588403896073437,True
fold_0023,2021-11-30,ridge,distance_sma_50d_sector_neutral,10.0,,-0.003276802574463339,-0.004062861681262557,-0.008519993609373926,0.001293418065012604,0.8065257524211492,0.00258051260074084,0.0024588403896073437,True
fold_0023,2021-11-30,ridge,max_drawdown_126d_sector_neutral,10.0,,-0.0028805055653629077,-0.003640329112542183,0.1035867650859128,0.012278000228938366,0.7912761391376889,0.00258051260074084,0.0024588403896073437,True
fold_0023,2021-11-30,ridge,return_3m_sector_neutral,10.0,,0.005063129214554248,0.006261020806459628,-0.04202224811566302,-0.0007305703557924355,0.8086747147255141,0.00258051260074084,0.0024588403896073437,True
fold_0023,2021-11-30,ridge,reversal_1m_sector_neutral,10.0,,0.00034996076585497776,0.00043352920673194633,0.015995458646173244,-0.0004514027398414952,0.8072368837455525,0.00258051260074084,0.0024588403896073437,True
fold_0023,2021-11-30,ridge,volatility_60d_sector_neutral,10.0,,0.0032343775966116118,0.004066256482515067,-0.09188256907332842,-0.009410944227300405,0.7954189831653412,0.00258051260074084,0.0024588403896073437,True
fold_0024,2021-12-31,elastic_net,amihud_illiquidity_20d_sector_neutral,0.001,0.1,0.003015380186141333,0.0040939323965851464,-0.03866864308338977,0.05453459694642147,0.7365486026727112,0.002558794262240094,0.0024419798219464826,True
fold_0024,2021-12-31,elastic_net,average_dollar_volume_20d_sector_neutral,0.001,0.1,0.0024452307460564302,0.0028684899532508065,-0.04811066388799001,-0.014532061465932077,0.8524452886039554,0.002558794262240094,0.0024419798219464826,True
fold_0024,2021-12-31,elastic_net,beta_60d_market_sector_neutral,0.001,0.1,-0.001321187363810924,-0.0019356570386410577,-0.03506015096863082,-0.009887731792166347,0.6825524033629807,0.002558794262240094,0.0024419798219464826,True
fold_0024,2021-12-31,elastic_net,distance_sma_50d_sector_neutral,0.001,0.1,-0.0029815834226319367,-0.00369843235836514,-0.007661062644994647,0.0014613112654561346,0.8061749232450259,0.002558794262240094,0.0024419798219464826,True
fold_0024,2021-12-31,elastic_net,max_drawdown_126d_sector_neutral,0.001,0.1,-0.002909669253663744,-0.003674779839558098,0.10363263880141435,0.012272047651368212,0.7917941701818085,0.002558794262240094,0.0024419798219464826,True
fold_0024,2021-12-31,elastic_net,return_3m_sector_neutral,0.001,0.1,0.004469256866902916,0.005529165124815166,-0.04206551996664237,-0.0006145060030590543,0.8083059134632589,0.002558794262240094,0.0024419798219464826,True
fold_0024,2021-12-31,elastic_net,reversal_1m_sector_neutral,0.001,0.1,0.00019180275817752839,0.00023773778428991713,0.015678282473740604,-0.0005759742762638902,0.8067828122080427,0.002558794262240094,0.0024419798219464826,True
fold_0024,2021-12-31,elastic_net,volatility_60d_sector_neutral,0.001,0.1,0.0025175363502279967,0.003162217230986068,-0.09241173513292553,-0.009444141829843643,0.7961301094558131,0.002558794262240094,0.0024419798219464826,True
fold_0024,2021-12-31,ridge,amihud_illiquidity_20d_sector_neutral,1.0,,0.0032239117655837343,0.004377052313839355,-0.03866864308338977,0.05453459694642147,0.7365486026727112,0.002558794262240094,0.0024296948575837107,True
fold_0024,2021-12-31,ridge,average_dollar_volume_20d_sector_neutral,1.0,,0.00263275959461612,0.0030884792605608445,-0.04811066388799001,-0.014532061465932077,0.8524452886039554,0.002558794262240094,0.0024296948575837107,True
fold_0024,2021-12-31,ridge,beta_60d_market_sector_neutral,1.0,,-0.0016806537906620506,-0.0024623073369624934,-0.03506015096863082,-0.009887731792166347,0.6825524033629807,0.002558794262240094,0.0024296948575837107,True
fold_0024,2021-12-31,ridge,distance_sma_50d_sector_neutral,1.0,,-0.003503821298682493,-0.004346229580769971,-0.007661062644994647,0.0014613112654561346,0.8061749232450259,0.002558794262240094,0.0024296948575837107,True
fold_0024,2021-12-31,ridge,max_drawdown_126d_sector_neutral,1.0,,-0.003002887099066402,-0.003792509735676497,0.10363263880141435,0.012272047651368212,0.7917941701818085,0.002558794262240094,0.0024296948575837107,True
fold_0024,2021-12-31,ridge,return_3m_sector_neutral,1.0,,0.004913526380652199,0.006078795538683809,-0.04206551996664237,-0.0006145060030590543,0.8083059134632589,0.002558794262240094,0.0024296948575837107,True
fold_0024,2021-12-31,ridge,reversal_1m_sector_neutral,1.0,,0.0001082418496086989,0.00013416479375962076,0.015678282473740604,-0.0005759742762638902,0.8067828122080427,0.002558794262240094,0.0024296948575837107,True
fold_0024,2021-12-31,ridge,volatility_60d_sector_neutral,1.0,,0.002727931806293056,0.00342648993411103,-0.09241173513292553,-0.009444141829843643,0.7961301094558131,0.002558794262240094,0.0024296948575837107,True
fold_0025,2022-01-31,elastic_net,amihud_illiquidity_20d_sector_neutral,0.001,0.1,0.003015380186141333,0.0040939323965851464,-0.03866864308338977,0.05453459694642147,0.7365486026727112,0.002558794262240094,0.0024419798219464826,True
fold_0025,2022-01-31,elastic_net,average_dollar_volume_20d_sector_neutral,0.001,0.1,0.0024452307460564302,0.0028684899532508065,-0.04811066388799001,-0.014532061465932077,0.8524452886039554,0.002558794262240094,0.0024419798219464826,True
fold_0025,2022-01-31,elastic_net,beta_60d_market_sector_neutral,0.001,0.1,-0.001321187363810924,-0.0019356570386410577,-0.03506015096863082,-0.009887731792166347,0.6825524033629807,0.002558794262240094,0.0024419798219464826,True
fold_0025,2022-01-31,elastic_net,distance_sma_50d_sector_neutral,0.001,0.1,-0.0029815834226319367,-0.00369843235836514,-0.007661062644994647,0.0014613112654561346,0.8061749232450259,0.002558794262240094,0.0024419798219464826,True
fold_0025,2022-01-31,elastic_net,max_drawdown_126d_sector_neutral,0.001,0.1,-0.002909669253663744,-0.003674779839558098,0.10363263880141435,0.012272047651368212,0.7917941701818085,0.002558794262240094,0.0024419798219464826,True
fold_0025,2022-01-31,elastic_net,return_3m_sector_neutral,0.001,0.1,0.004469256866902916,0.005529165124815166,-0.04206551996664237,-0.0006145060030590543,0.8083059134632589,0.002558794262240094,0.0024419798219464826,True
fold_0025,2022-01-31,elastic_net,reversal_1m_sector_neutral,0.001,0.1,0.00019180275817752839,0.00023773778428991713,0.015678282473740604,-0.0005759742762638902,0.8067828122080427,0.002558794262240094,0.0024419798219464826,True
fold_0025,2022-01-31,elastic_net,volatility_60d_sector_neutral,0.001,0.1,0.0025175363502279967,0.003162217230986068,-0.09241173513292553,-0.009444141829843643,0.7961301094558131,0.002558794262240094,0.0024419798219464826,True
fold_0025,2022-01-31,ridge,amihud_illiquidity_20d_sector_neutral,1.0,,0.0032239117655837343,0.004377052313839355,-0.03866864308338977,0.05453459694642147,0.7365486026727112,0.002558794262240094,0.0024296948575837107,True
fold_0025,2022-01-31,ridge,average_dollar_volume_20d_sector_neutral,1.0,,0.00263275959461612,0.0030884792605608445,-0.04811066388799001,-0.014532061465932077,0.8524452886039554,0.002558794262240094,0.0024296948575837107,True
fold_0025,2022-01-31,ridge,beta_60d_market_sector_neutral,1.0,,-0.0016806537906620506,-0.0024623073369624934,-0.03506015096863082,-0.009887731792166347,0.6825524033629807,0.002558794262240094,0.0024296948575837107,True
fold_0025,2022-01-31,ridge,distance_sma_50d_sector_neutral,1.0,,-0.003503821298682493,-0.004346229580769971,-0.007661062644994647,0.0014613112654561346,0.8061749232450259,0.002558794262240094,0.0024296948575837107,True
fold_0025,2022-01-31,ridge,max_drawdown_126d_sector_neutral,1.0,,-0.003002887099066402,-0.003792509735676497,0.10363263880141435,0.012272047651368212,0.7917941701818085,0.002558794262240094,0.0024296948575837107,True
fold_0025,2022-01-31,ridge,return_3m_sector_neutral,1.0,,0.004913526380652199,0.006078795538683809,-0.04206551996664237,-0.0006145060030590543,0.8083059134632589,0.002558794262240094,0.0024296948575837107,True
fold_0025,2022-01-31,ridge,reversal_1m_sector_neutral,1.0,,0.0001082418496086989,0.00013416479375962076,0.015678282473740604,-0.0005759742762638902,0.8067828122080427,0.002558794262240094,0.0024296948575837107,True
fold_0025,2022-01-31,ridge,volatility_60d_sector_neutral,1.0,,0.002727931806293056,0.00342648993411103,-0.09241173513292553,-0.009444141829843643,0.7961301094558131,0.002558794262240094,0.0024296948575837107,True
fold_0026,2022-02-28,elastic_net,amihud_illiquidity_20d_sector_neutral,0.0001,0.9,0.003153975575392922,0.004288327331728777,-0.038392264944318966,0.054255571920776985,0.7354792046906182,0.00263291517862361,0.002506069480716558,True
fold_0026,2022-02-28,elastic_net,average_dollar_volume_20d_sector_neutral,0.0001,0.9,0.0024952709798303427,0.002926953933004943,-0.04686619495637183,-0.014480886597201502,0.852514606291936,0.00263291517862361,0.002506069480716558,True
fold_0026,2022-02-28,elastic_net,beta_60d_market_sector_neutral,0.0001,0.9,-0.0013224850685203818,-0.0019369083803573777,-0.0362142572746576,-0.009883220675163468,0.6827814273158191,0.00263291517862361,0.002506069480716558,True
fold_0026,2022-02-28,elastic_net,distance_sma_50d_sector_neutral,0.0001,0.9,-0.002837157211494419,-0.0035178531593880505,-0.007494406780496607,0.001744363239978107,0.8065024556021997,0.00263291517862361,0.002506069480716558,True
fold_0026,2022-02-28,elastic_net,max_drawdown_126d_sector_neutral,0.0001,0.9,-0.003005583862430847,-0.003791046046297219,0.10464766713753931,0.012332231424963593,0.7928112256421821,0.00263291517862361,0.002506069480716558,True
fold_0026,2022-02-28,elastic_net,return_3m_sector_neutral,0.0001,0.9,0.00409718988168683,0.00506952804563254,-0.04038981552082113,-0.00023212772114966732,0.8081994704056542,0.00263291517862361,0.002506069480716558,True
fold_0026,2022-02-28,elastic_net,reversal_1m_sector_neutral,0.0001,0.9,0.0,0.0,0.015866171478060645,-0.0007463770020886302,0.8076859033955492,0.00263291517862361,0.002506069480716558,False
fold_0026,2022-02-28,elastic_net,volatility_60d_sector_neutral,0.0001,0.9,0.0023910413138477178,0.003000748322705541,-0.09354757057052937,-0.009501866551809901,0.7968150130271179,0.00263291517862361,0.002506069480716558,True
fold_0026,2022-02-28,ridge,amihud_illiquidity_20d_sector_neutral,100.0,,0.0032119422542549693,0.004367142175836343,-0.038392264944318966,0.054255571920776985,0.7354792046906182,0.00263291517862361,0.0025021789233980888,True
fold_0026,2022-02-28,ridge,average_dollar_volume_20d_sector_neutral,100.0,,0.0025596608817118377,0.0030024833156175918,-0.04686619495637183,-0.014480886597201502,0.852514606291936,0.00263291517862361,0.0025021789233980888,True
fold_0026,2022-02-28,ridge,beta_60d_market_sector_neutral,100.0,,-0.0014988969021136997,-0.002195280718173941,-0.0362142572746576,-0.009883220675163468,0.6827814273158191,0.00263291517862361,0.0025021789233980888,True
fold_0026,2022-02-28,ridge,distance_sma_50d_sector_neutral,100.0,,-0.0029964281756882337,-0.00371533670464879,-0.007494406780496607,0.001744363239978107,0.8065024556021997,0.00263291517862361,0.0025021789233980888,True
fold_0026,2022-02-28,ridge,max_drawdown_126d_sector_neutral,100.0,,-0.0029924159400509954,-0.0037744368940123415,0.10464766713753931,0.012332231424963593,0.7928112256421821,0.00263291517862361,0.0025021789233980888,True
fold_0026,2022-02-28,ridge,return_3m_sector_neutral,100.0,,0.004158443174154928,0.005145317865733948,-0.04038981552082113,-0.00023212772114966732,0.8081994704056542,0.00263291517862361,0.0025021789233980888,True
fold_0026,2022-02-28,ridge,reversal_1m_sector_neutral,100.0,,-8.091075732668846e-05,-0.00010017601766545121,0.015866171478060645,-0.0007463770020886302,0.8076859033955492,0.00263291517862361,0.0025021789233980888,True
fold_0026,2022-02-28,ridge,volatility_60d_sector_neutral,100.0,,0.0025388781986735117,0.0031862830859928923,-0.09354757057052937,-0.009501866551809901,0.7968150130271179,0.00263291517862361,0.0025021789233980888,True
fold_0027,2022-03-31,elastic_net,amihud_illiquidity_20d_sector_neutral,0.001,0.5,0.002207877023743557,0.003009386192520552,-0.038185954751518834,0.05383821755653651,0.7336635720702632,0.0026789911859981417,0.0026128549465769067,True
fold_0027,2022-03-31,elastic_net,average_dollar_volume_20d_sector_neutral,0.001,0.5,0.0019484227389134422,0.002285620149826335,-0.04473482122382744,-0.014405803173915507,0.8524700567858953,0.0026789911859981417,0.0026128549465769067,True
fold_0027,2022-03-31,elastic_net,beta_60d_market_sector_neutral,0.001,0.5,-0.0,-0.0,-0.0373755483710554,-0.009883949751721625,0.6826724361049222,0.0026789911859981417,0.0026128549465769067,False
fold_0027,2022-03-31,elastic_net,distance_sma_50d_sector_neutral,0.001,0.5,-0.0010580057021428485,-0.0013162142719367123,-0.005486440644340063,0.0017301223721063268,0.8038248214601648,0.0026789911859981417,0.0026128549465769067,True
fold_0027,2022-03-31,elastic_net,max_drawdown_126d_sector_neutral,0.001,0.5,-0.0025588720321504076,-0.003231579570352726,0.10363263880141435,0.01217373316898908,0.7918332123479501,0.0026789911859981417,0.0026128549465769067,True
fold_0027,2022-03-31,elastic_net,return_3m_sector_neutral,0.001,0.5,0.0021581419095943336,0.0026754122951528304,-0.03954608636946733,-6.801880571771226e-05,0.8066576929112348,0.0026789911859981417,0.0026128549465769067,True
fold_0027,2022-03-31,elastic_net,reversal_1m_sector_neutral,0.001,0.5,0.0,0.0,0.016162162228371704,-0.0005838131949619542,0.8068107340110904,0.0026789911859981417,0.0026128549465769067,False
fold_0027,2022-03-31,elastic_net,volatility_60d_sector_neutral,0.001,0.5,0.0017725359490039269,0.0022236513160269985,-0.09309264505356257,-0.009514970917778713,0.7971285498892514,0.0026789911859981417,0.0026128549465769067,True
fold_0027,2022-03-31,ridge,amihud_illiquidity_20d_sector_neutral,100.0,,0.0031072848164492724,0.004235299304395185,-0.038185954751518834,0.05383821755653651,0.7336635720702632,0.0026789911859981417,0.002560515580678455,True
fold_0027,2022-03-31,ridge,average_dollar_volume_20d_sector_neutral,100.0,,0.002765060501701575,0.0032435866570220684,-0.04473482122382744,-0.014405803173915507,0.8524700567858953,0.0026789911859981417,0.002560515580678455,True
fold_0027,2022-03-31,ridge,beta_60d_market_sector_neutral,100.0,,-0.0013993202466058006,-0.002049768194230614,-0.0373755483710554,-0.009883949751721625,0.6826724361049222,0.0026789911859981417,0.002560515580678455,True
fold_0027,2022-03-31,ridge,distance_sma_50d_sector_neutral,100.0,,-0.0030399177461900738,-0.003781816217951567,-0.005486440644340063,0.0017301223721063268,0.8038248214601648,0.0026789911859981417,0.002560515580678455,True
fold_0027,2022-03-31,ridge,max_drawdown_126d_sector_neutral,100.0,,-0.002959447303361282,-0.003737462962163339,0.10363263880141435,0.01217373316898908,0.7918332123479501,0.0026789911859981417,0.002560515580678455,True
fold_0027,2022-03-31,ridge,return_3m_sector_neutral,100.0,,0.003971640580512052,0.0049235761530747515,-0.03954608636946733,-6.801880571771226e-05,0.8066576929112348,0.0026789911859981417,0.002560515580678455,True
fold_0027,2022-03-31,ridge,reversal_1m_sector_neutral,100.0,,-0.00015476414135741956,-0.0001918221149438651,0.016162162228371704,-0.0005838131949619542,0.8068107340110904,0.0026789911859981417,0.002560515580678455,True
fold_0027,2022-03-31,ridge,volatility_60d_sector_neutral,100.0,,0.0025814733672185953,0.003238465574438716,-0.09309264505356257,-0.009514970917778713,0.7971285498892514,0.0026789911859981417,0.002560515580678455,True
fold_0028,2022-04-29,elastic_net,amihud_illiquidity_20d_sector_neutral,0.001,0.5,0.002207877023743557,0.003009386192520552,-0.038185954751518834,0.05383821755653651,0.7336635720702632,0.0026789911859981417,0.0026128549465769067,True
fold_0028,2022-04-29,elastic_net,average_dollar_volume_20d_sector_neutral,0.001,0.5,0.0019484227389134422,0.002285620149826335,-0.04473482122382744,-0.014405803173915507,0.8524700567858953,0.0026789911859981417,0.0026128549465769067,True
fold_0028,2022-04-29,elastic_net,beta_60d_market_sector_neutral,0.001,0.5,-0.0,-0.0,-0.0373755483710554,-0.009883949751721625,0.6826724361049222,0.0026789911859981417,0.0026128549465769067,False
fold_0028,2022-04-29,elastic_net,distance_sma_50d_sector_neutral,0.001,0.5,-0.0010580057021428485,-0.0013162142719367123,-0.005486440644340063,0.0017301223721063268,0.8038248214601648,0.0026789911859981417,0.0026128549465769067,True
fold_0028,2022-04-29,elastic_net,max_drawdown_126d_sector_neutral,0.001,0.5,-0.0025588720321504076,-0.003231579570352726,0.10363263880141435,0.01217373316898908,0.7918332123479501,0.0026789911859981417,0.0026128549465769067,True
fold_0028,2022-04-29,elastic_net,return_3m_sector_neutral,0.001,0.5,0.0021581419095943336,0.0026754122951528304,-0.03954608636946733,-6.801880571771226e-05,0.8066576929112348,0.0026789911859981417,0.0026128549465769067,True
fold_0028,2022-04-29,elastic_net,reversal_1m_sector_neutral,0.001,0.5,0.0,0.0,0.016162162228371704,-0.0005838131949619542,0.8068107340110904,0.0026789911859981417,0.0026128549465769067,False
fold_0028,2022-04-29,elastic_net,volatility_60d_sector_neutral,0.001,0.5,0.0017725359490039269,0.0022236513160269985,-0.09309264505356257,-0.009514970917778713,0.7971285498892514,0.0026789911859981417,0.0026128549465769067,True
fold_0028,2022-04-29,ridge,amihud_illiquidity_20d_sector_neutral,100.0,,0.0031072848164492724,0.004235299304395185,-0.038185954751518834,0.05383821755653651,0.7336635720702632,0.0026789911859981417,0.002560515580678455,True
fold_0028,2022-04-29,ridge,average_dollar_volume_20d_sector_neutral,100.0,,0.002765060501701575,0.0032435866570220684,-0.04473482122382744,-0.014405803173915507,0.8524700567858953,0.0026789911859981417,0.002560515580678455,True
fold_0028,2022-04-29,ridge,beta_60d_market_sector_neutral,100.0,,-0.0013993202466058006,-0.002049768194230614,-0.0373755483710554,-0.009883949751721625,0.6826724361049222,0.0026789911859981417,0.002560515580678455,True
fold_0028,2022-04-29,ridge,distance_sma_50d_sector_neutral,100.0,,-0.0030399177461900738,-0.003781816217951567,-0.005486440644340063,0.0017301223721063268,0.8038248214601648,0.0026789911859981417,0.002560515580678455,True
fold_0028,2022-04-29,ridge,max_drawdown_126d_sector_neutral,100.0,,-0.002959447303361282,-0.003737462962163339,0.10363263880141435,0.01217373316898908,0.7918332123479501,0.0026789911859981417,0.002560515580678455,True
fold_0028,2022-04-29,ridge,return_3m_sector_neutral,100.0,,0.003971640580512052,0.0049235761530747515,-0.03954608636946733,-6.801880571771226e-05,0.8066576929112348,0.0026789911859981417,0.002560515580678455,True
fold_0028,2022-04-29,ridge,reversal_1m_sector_neutral,100.0,,-0.00015476414135741956,-0.0001918221149438651,0.016162162228371704,-0.0005838131949619542,0.8068107340110904,0.0026789911859981417,0.002560515580678455,True
fold_0028,2022-04-29,ridge,volatility_60d_sector_neutral,100.0,,0.0025814733672185953,0.003238465574438716,-0.09309264505356257,-0.009514970917778713,0.7971285498892514,0.0026789911859981417,0.002560515580678455,True
fold_0029,2022-05-31,elastic_net,amihud_illiquidity_20d_sector_neutral,0.001,0.5,0.00216120743991265,0.002948707844207156,-0.037191594960641006,0.053432633376358354,0.7329337303315487,0.0024386387553734607,0.0023682205896015398,True
fold_0029,2022-05-31,elastic_net,average_dollar_volume_20d_sector_neutral,0.001,0.5,0.0015682890753041755,0.0018393904244062016,-0.04389459070446017,-0.014325913671983,0.8526134824315268,0.0024386387553734607,0.0023682205896015398,True
fold_0029,2022-05-31,elastic_net,beta_60d_market_sector_neutral,0.001,0.5,-0.0,-0.0,-0.037540681656067734,-0.009728845346575045,0.6813633439012529,0.0024386387553734607,0.0023682205896015398,False
fold_0029,2022-05-31,elastic_net,distance_sma_50d_sector_neutral,0.001,0.5,-0.0016430117092167615,-0.0020442729937790076,-0.005486440644340063,0.0019935145559221647,0.8037144325717078,0.0024386387553734607,0.0023682205896015398,True
fold_0029,2022-05-31,elastic_net,max_drawdown_126d_sector_neutral,0.001,0.5,-0.0027170658018833833,-0.003442344692421342,0.10263531995570271,0.01205615901567307,0.789306721045475,0.0024386387553734607,0.0023682205896015398,True
fold_0029,2022-05-31,elastic_net,return_3m_sector_neutral,0.001,0.5,0.0025911488937457017,0.0032287012131795027,-0.035332241786248886,0.00018800139579057724,0.8025359804644284,0.0024386387553734607,0.0023682205896015398,True
fold_0029,2022-05-31,elastic_net,reversal_1m_sector_neutral,0.001,0.5,0.0,0.0,0.01499734989796142,-0.0009036263715090767,0.8073356135668501,0.0024386387553734607,0.0023682205896015398,False
fold_0029,2022-05-31,elastic_net,volatility_60d_sector_neutral,0.001,0.5,0.001330645380105207,0.0016713596950686728,-0.0926333601164183,-0.009464371066174534,0.7961454281991247,0.0024386387553734607,0.0023682205896015398,True
fold_0029,2022-05-31,ridge,amihud_illiquidity_20d_sector_neutral,100.0,,0.0030662586865229753,0.004183541512185457,-0.037191594960641006,0.053432633376358354,0.7329337303315487,0.0024386387553734607,0.002316274551766692,True
fold_0029,2022-05-31,ridge,average_dollar_volume_20d_sector_neutral,100.0,,0.0024087030373460905,0.0028250820412513626,-0.04389459070446017,-0.014325913671983,0.8526134824315268,0.0024386387553734607,0.002316274551766692,True
fold_0029,2022-05-31,ridge,beta_60d_market_sector_neutral,100.0,,-0.0014713083097600977,-0.0021593593534631477,-0.037540681656067734,-0.009728845346575045,0.6813633439012529,0.0024386387553734607,0.002316274551766692,True
fold_0029,2022-05-31,ridge,distance_sma_50d_sector_neutral,100.0,,-0.00404399932630419,-0.005031637062139459,-0.005486440644340063,0.0019935145559221647,0.8037144325717078,0.0024386387553734607,0.002316274551766692,True
fold_0029,2022-05-31,ridge,max_drawdown_126d_sector_neutral,100.0,,-0.0030768822764323947,-0.003898208636000103,0.10263531995570271,0.01205615901567307,0.789306721045475,0.0024386387553734607,0.002316274551766692,True
fold_0029,2022-05-31,ridge,return_3m_sector_neutral,100.0,,0.004423190537195443,0.00551151679783346,-0.035332241786248886,0.00018800139579057724,0.8025359804644284,0.0024386387553734607,0.002316274551766692,True
fold_0029,2022-05-31,ridge,reversal_1m_sector_neutral,100.0,,-0.0006354758739458775,-0.0007871272656216819,0.01499734989796142,-0.0009036263715090767,0.8073356135668501,0.0024386387553734607,0.002316274551766692,True
fold_0029,2022-05-31,ridge,volatility_60d_sector_neutral,100.0,,0.002223214966727568,0.0027924734451549443,-0.0926333601164183,-0.009464371066174534,0.7961454281991247,0.0024386387553734607,0.002316274551766692,True
fold_0030,2022-06-30,elastic_net,amihud_illiquidity_20d_sector_neutral,0.0001,0.1,0.0032156676439651127,0.004387803601767585,-0.03707884246985402,0.053090378235699606,0.7328649902811765,0.002414978582009814,0.0022811305094963953,True
fold_0030,2022-06-30,elastic_net,average_dollar_volume_20d_sector_neutral,0.0001,0.1,0.0024849279039888665,0.0029141622154050337,-0.04375856278638823,-0.014269600662428905,0.8527074748457306,0.002414978582009814,0.0022811305094963953,True
fold_0030,2022-06-30,elastic_net,beta_60d_market_sector_neutral,0.0001,0.1,-0.0015678851020098773,-0.0023021099418083163,-0.03793019304371109,-0.009609319179345181,0.6810643894697302,0.002414978582009814,0.0022811305094963953,True
fold_0030,2022-06-30,elastic_net,distance_sma_50d_sector_neutral,0.0001,0.1,-0.004593586165409098,-0.005720984087416885,-0.005083045561153937,0.0016106661008905374,0.8029363646566574,0.002414978582009814,0.0022811305094963953,True
fold_0030,2022-06-30,elastic_net,max_drawdown_126d_sector_neutral,0.0001,0.1,-0.0031196254934684,-0.003957826683968866,0.1021463018966225,0.011811264232967293,0.7882168024447379,0.002414978582009814,0.0022811305094963953,True
fold_0030,2022-06-30,elastic_net,return_3m_sector_neutral,0.0001,0.1,0.004731049760338767,0.005904561004666396,-0.03593722556801705,4.090796408477212e-06,0.8012534304582172,0.002414978582009814,0.0022811305094963953,True
fold_0030,2022-06-30,elastic_net,reversal_1m_sector_neutral,0.0001,0.1,-0.0009557439137149387,-0.0011855873278828338,0.013685197935213007,-0.0003812012261080476,0.80613539908668,0.002414978582009814,0.0022811305094963953,True
fold_0030,2022-06-30,elastic_net,volatility_60d_sector_neutral,0.0001,0.1,0.002056729431572941,0.002584624278276038,-0.09241173513292553,-0.009345431164922204,0.7957556728302474,0.002414978582009814,0.0022811305094963953,True
fold_0030,2022-06-30,ridge,amihud_illiquidity_20d_sector_neutral,1.0,,0.0032341819000002827,0.0044130664486502925,-0.03707884246985402,0.053090378235699606,0.7328649902811765,0.002414978582009814,0.002280162577855552,True
fold_0030,2022-06-30,ridge,average_dollar_volume_20d_sector_neutral,1.0,,0.002503085074865526,0.0029354557673115004,-0.04375856278638823,-0.014269600662428905,0.8527074748457306,0.002414978582009814,0.002280162577855552,True
fold_0030,2022-06-30,ridge,beta_60d_market_sector_neutral,1.0,,-0.0016032633181104457,-0.002354055421042833,-0.03793019304371109,-0.009609319179345181,0.6810643894697302,0.002414978582009814,0.002280162577855552,True
fold_0030,2022-06-30,ridge,distance_sma_50d_sector_neutral,1.0,,-0.004728199094954556,-0.0058886348944681005,-0.005083045561153937,0.0016106661008905374,0.8029363646566574,0.002414978582009814,0.002280162577855552,True
fold_0030,2022-06-30,ridge,max_drawdown_126d_sector_neutral,1.0,,-0.003125990517528783,-0.003965901903934543,0.1021463018966225,0.011811264232967293,0.7882168024447379,0.002414978582009814,0.002280162577855552,True
fold_0030,2022-06-30,ridge,return_3m_sector_neutral,1.0,,0.004789017397260512,0.005976907199663146,-0.03593722556801705,4.090796408477212e-06,0.8012534304582172,0.002414978582009814,0.002280162577855552,True
fold_0030,2022-06-30,ridge,reversal_1m_sector_neutral,1.0,,-0.0010483550209085468,-0.0013004701469459003,0.013685197935213007,-0.0003812012261080476,0.80613539908668,0.002414978582009814,0.002280162577855552,True
fold_0030,2022-06-30,ridge,volatility_60d_sector_neutral,1.0,,0.0020777846116025052,0.0026110836310000688,-0.09241173513292553,-0.009345431164922204,0.7957556728302474,0.002414978582009814,0.002280162577855552,True
fold_0031,2022-07-29,elastic_net,amihud_illiquidity_20d_sector_neutral,0.0001,0.1,0.0032156676439651127,0.004387803601767585,-0.03707884246985402,0.053090378235699606,0.7328649902811765,0.002414978582009814,0.0022811305094963953,True
fold_0031,2022-07-29,elastic_net,average_dollar_volume_20d_sector_neutral,0.0001,0.1,0.0024849279039888665,0.0029141622154050337,-0.04375856278638823,-0.014269600662428905,0.8527074748457306,0.002414978582009814,0.0022811305094963953,True
fold_0031,2022-07-29,elastic_net,beta_60d_market_sector_neutral,0.0001,0.1,-0.0015678851020098773,-0.0023021099418083163,-0.03793019304371109,-0.009609319179345181,0.6810643894697302,0.002414978582009814,0.0022811305094963953,True
fold_0031,2022-07-29,elastic_net,distance_sma_50d_sector_neutral,0.0001,0.1,-0.004593586165409098,-0.005720984087416885,-0.005083045561153937,0.0016106661008905374,0.8029363646566574,0.002414978582009814,0.0022811305094963953,True
fold_0031,2022-07-29,elastic_net,max_drawdown_126d_sector_neutral,0.0001,0.1,-0.0031196254934684,-0.003957826683968866,0.1021463018966225,0.011811264232967293,0.7882168024447379,0.002414978582009814,0.0022811305094963953,True
fold_0031,2022-07-29,elastic_net,return_3m_sector_neutral,0.0001,0.1,0.004731049760338767,0.005904561004666396,-0.03593722556801705,4.090796408477212e-06,0.8012534304582172,0.002414978582009814,0.0022811305094963953,True
fold_0031,2022-07-29,elastic_net,reversal_1m_sector_neutral,0.0001,0.1,-0.0009557439137149387,-0.0011855873278828338,0.013685197935213007,-0.0003812012261080476,0.80613539908668,0.002414978582009814,0.0022811305094963953,True
fold_0031,2022-07-29,elastic_net,volatility_60d_sector_neutral,0.0001,0.1,0.002056729431572941,0.002584624278276038,-0.09241173513292553,-0.009345431164922204,0.7957556728302474,0.002414978582009814,0.0022811305094963953,True
fold_0031,2022-07-29,ridge,amihud_illiquidity_20d_sector_neutral,1.0,,0.0032341819000002827,0.0044130664486502925,-0.03707884246985402,0.053090378235699606,0.7328649902811765,0.002414978582009814,0.002280162577855552,True
fold_0031,2022-07-29,ridge,average_dollar_volume_20d_sector_neutral,1.0,,0.002503085074865526,0.0029354557673115004,-0.04375856278638823,-0.014269600662428905,0.8527074748457306,0.002414978582009814,0.002280162577855552,True
fold_0031,2022-07-29,ridge,beta_60d_market_sector_neutral,1.0,,-0.0016032633181104457,-0.002354055421042833,-0.03793019304371109,-0.009609319179345181,0.6810643894697302,0.002414978582009814,0.002280162577855552,True
fold_0031,2022-07-29,ridge,distance_sma_50d_sector_neutral,1.0,,-0.004728199094954556,-0.0058886348944681005,-0.005083045561153937,0.0016106661008905374,0.8029363646566574,0.002414978582009814,0.002280162577855552,True
fold_0031,2022-07-29,ridge,max_drawdown_126d_sector_neutral,1.0,,-0.003125990517528783,-0.003965901903934543,0.1021463018966225,0.011811264232967293,0.7882168024447379,0.002414978582009814,0.002280162577855552,True
fold_0031,2022-07-29,ridge,return_3m_sector_neutral,1.0,,0.004789017397260512,0.005976907199663146,-0.03593722556801705,4.090796408477212e-06,0.8012534304582172,0.002414978582009814,0.002280162577855552,True
fold_0031,2022-07-29,ridge,reversal_1m_sector_neutral,1.0,,-0.0010483550209085468,-0.0013004701469459003,0.013685197935213007,-0.0003812012261080476,0.80613539908668,0.002414978582009814,0.002280162577855552,True
fold_0031,2022-07-29,ridge,volatility_60d_sector_neutral,1.0,,0.0020777846116025052,0.0026110836310000688,-0.09241173513292553,-0.009345431164922204,0.7957556728302474,0.002414978582009814,0.002280162577855552,True
fold_0032,2022-08-31,elastic_net,amihud_illiquidity_20d_sector_neutral,0.0001,0.1,0.0032410760407766853,0.004431589821120753,-0.036801930146564826,0.05263724977716159,0.731357407070904,0.0024604700080648155,0.0023315740077237018,True
fold_0032,2022-08-31,elastic_net,average_dollar_volume_20d_sector_neutral,0.0001,0.1,0.00265626785983675,0.003114240896836044,-0.0434038385982691,-0.014182857316124575,0.8529423213648699,0.0024604700080648155,0.0023315740077237018,True
fold_0032,2022-08-31,elastic_net,beta_60d_market_sector_neutral,0.0001,0.1,-0.0015073546100388348,-0.0022112099338080895,-0.03824185180027201,-0.009214827869748038,0.6816876982109551,0.0024604700080648155,0.0023315740077237018,True
fold_0032,2022-08-31,elastic_net,distance_sma_50d_sector_neutral,0.0001,0.1,-0.004152721028102031,-0.005173626914343682,-0.005297321926364007,0.0015584530010116576,0.8026711428666746,0.0024604700080648155,0.0023315740077237018,True
fold_0032,2022-08-31,elastic_net,max_drawdown_126d_sector_neutral,0.0001,0.1,-0.0030764789248984774,-0.003911903983452485,0.1017137055614338,0.01119958186230495,0.7864402955471582,0.0024604700080648155,0.0023315740077237018,True
fold_0032,2022-08-31,elastic_net,return_3m_sector_neutral,0.0001,0.1,0.0042234386084886045,0.005271452894807906,-0.03527706980601161,-0.0006794564366584669,0.8011906191267424,0.0024604700080648155,0.0023315740077237018,True
fold_0032,2022-08-31,elastic_net,reversal_1m_sector_neutral,0.0001,0.1,-0.0006310324466193962,-0.0007840100037539706,0.013388905858705669,-0.000504520764109297,0.8048780546139815,0.0024604700080648155,0.0023315740077237018,True
fold_0032,2022-08-31,elastic_net,volatility_60d_sector_neutral,0.0001,0.1,0.0022543106124738705,0.002835609808361816,-0.09199704843365723,-0.008998793832378043,0.7950002873548484,0.0024604700080648155,0.0023315740077237018,True
fold_0032,2022-08-31,ridge,amihud_illiquidity_20d_sector_neutral,0.01,,0.003260874021783549,0.004458660007072865,-0.036801930146564826,0.05263724977716159,0.731357407070904,0.0024604700080648155,0.0023305963200883797,True
fold_0032,2022-08-31,ridge,average_dollar_volume_20d_sector_neutral,0.01,,0.002675933673541632,0.003137297337127825,-0.0434038385982691,-0.014182857316124575,0.8529423213648699,0.0024604700080648155,0.0023305963200883797,True
fold_0032,2022-08-31,ridge,beta_60d_market_sector_neutral,0.01,,-0.00154413856538743,-0.0022651700616571502,-0.03824185180027201,-0.009214827869748038,0.6816876982109551,0.0024604700080648155,0.0023305963200883797,True
fold_0032,2022-08-31,ridge,distance_sma_50d_sector_neutral,0.01,,-0.004296096882438755,-0.005352250321464897,-0.005297321926364007,0.0015584530010116576,0.8026711428666746,0.0024604700080648155,0.0023305963200883797,True
fold_0032,2022-08-31,ridge,max_drawdown_126d_sector_neutral,0.01,,-0.0030838929507350987,-0.003921331305372025,0.1017137055614338,0.01119958186230495,0.7864402955471582,0.0024604700080648155,0.0023305963200883797,True
fold_0032,2022-08-31,ridge,return_3m_sector_neutral,0.01,,0.004285652914473737,0.005349105209375622,-0.03527706980601161,-0.0006794564366584669,0.8011906191267424,0.0024604700080648155,0.0023305963200883797,True
fold_0032,2022-08-31,ridge,reversal_1m_sector_neutral,0.01,,-0.0007293535432005445,-0.000906166516802774,0.013388905858705669,-0.000504520764109297,0.8048780546139815,0.0024604700080648155,0.0023305963200883797,True
fold_0032,2022-08-31,ridge,volatility_60d_sector_neutral,0.01,,0.002275721114920662,0.002862541248245982,-0.09199704843365723,-0.008998793832378043,0.7950002873548484,0.0024604700080648155,0.0023305963200883797,True
fold_0033,2022-09-30,elastic_net,amihud_illiquidity_20d_sector_neutral,0.0001,0.5,0.0031039087876053198,0.004249333745132493,-0.03655357523725794,0.052541991405868835,0.7304459884236607,0.0024579555131351784,0.002333760399624352,True
fold_0033,2022-09-30,elastic_net,average_dollar_volume_20d_sector_neutral,0.0001,0.5,0.0025392696442311014,0.00297649672001465,-0.042940058803060704,-0.01414163762267672,0.8531068175403881,0.0024579555131351784,0.002333760399624352,True
fold_0033,2022-09-30,elastic_net,beta_60d_market_sector_neutral,0.0001,0.5,-0.0014596180233897088,-0.0021420745025314725,-0.037540681656067734,-0.00900007778670541,0.681403948212237,0.0024579555131351784,0.002333760399624352,True
fold_0033,2022-09-30,elastic_net,distance_sma_50d_sector_neutral,0.0001,0.5,-0.00362934206327023,-0.0045288865079507,-0.005486440644340063,0.001480931382906263,0.8013762448890535,0.0024579555131351784,0.002333760399624352,True
fold_0033,2022-09-30,elastic_net,max_drawdown_126d_sector_neutral,0.0001,0.5,-0.003083452501048056,-0.0039214980183097485,0.10165916425720722,0.010831539634781067,0.7862945452608163,0.0024579555131351784,0.002333760399624352,True
fold_0033,2022-09-30,elastic_net,return_3m_sector_neutral,0.0001,0.5,0.004131393799654154,0.005152526542890813,-0.03512825766285341,-0.0006237236723723898,0.8018190232041474,0.0024579555131351784,0.002333760399624352,True
fold_0033,2022-09-30,elastic_net,reversal_1m_sector_neutral,0.0001,0.5,-0.00028934849906651086,-0.00035995018990385186,0.012899878146308164,-0.00042936639793895873,0.8038570535100988,0.0024579555131351784,0.002333760399624352,True
fold_0033,2022-09-30,elastic_net,volatility_60d_sector_neutral,0.0001,0.5,0.0021505213950860002,0.002707806483427101,-0.09199704843365723,-0.008869765719458161,0.794193162712359,0.0024579555131351784,0.002333760399624352,True
fold_0033,2022-09-30,ridge,amihud_illiquidity_20d_sector_neutral,10.0,,0.0031895899401955963,0.0043666335235530455,-0.03655357523725794,0.052541991405868835,0.7304459884236607,0.0024579555131351784,0.002329465549261833,True
fold_0033,2022-09-30,ridge,average_dollar_volume_20d_sector_neutral,10.0,,0.0026263142811941407,0.003078529238303508,-0.042940058803060704,-0.01414163762267672,0.8531068175403881,0.0024579555131351784,0.002329465549261833,True
fold_0033,2022-09-30,ridge,beta_60d_market_sector_neutral,10.0,,-0.0016278739999869177,-0.0023889999526094372,-0.037540681656067734,-0.00900007778670541,0.681403948212237,0.0024579555131351784,0.002329465549261833,True
fold_0033,2022-09-30,ridge,distance_sma_50d_sector_neutral,10.0,,-0.004242977725918457,-0.005294613800919287,-0.005486440644340063,0.001480931382906263,0.8013762448890535,0.0024579555131351784,0.002329465549261833,True
fold_0033,2022-09-30,ridge,max_drawdown_126d_sector_neutral,10.0,,-0.0031099032251529226,-0.003955137732923428,0.10165916425720722,0.010831539634781067,0.7862945452608163,0.0024579555131351784,0.002329465549261833,True
fold_0033,2022-09-30,ridge,return_3m_sector_neutral,10.0,,0.004388213152007219,0.005472822451220338,-0.03512825766285341,-0.0006237236723723898,0.8018190232041474,0.0024579555131351784,0.002329465549261833,True
fold_0033,2022-09-30,ridge,reversal_1m_sector_neutral,10.0,,-0.0007194554531755946,-0.0008950042175210647,0.012899878146308164,-0.00042936639793895873,0.8038570535100988,0.0024579555131351784,0.002329465549261833,True
fold_0033,2022-09-30,ridge,volatility_60d_sector_neutral,10.0,,0.002256119958986906,0.0028407698087977973,-0.09199704843365723,-0.008869765719458161,0.794193162712359,0.0024579555131351784,0.002329465549261833,True
fold_0034,2022-10-31,elastic_net,amihud_illiquidity_20d_sector_neutral,0.0001,0.5,0.003144162382966608,0.004311171285074152,-0.036087698410013136,0.052289219213363755,0.7293058371055949,0.0024073120944282426,0.0022718298894130783,True
fold_0034,2022-10-31,elastic_net,average_dollar_volume_20d_sector_neutral,0.0001,0.5,0.0022291454003382375,0.0026123968531411514,-0.04220756033878187,-0.0140878982551077,0.853295087099002,0.0024073120944282426,0.0022718298894130783,True
fold_0034,2022-10-31,elastic_net,beta_60d_market_sector_neutral,0.0001,0.5,-0.0015396986953623434,-0.0022616191978924853,-0.03793019304371109,-0.008920857001344477,0.6807948468058321,0.0024073120944282426,0.0022718298894130783,True
fold_0034,2022-10-31,elastic_net,distance_sma_50d_sector_neutral,0.0001,0.5,-0.003413061555801369,-0.004260303593570616,-0.005297321926364007,0.0011786229606613344,0.8011310651551097,0.0024073120944282426,0.0022718298894130783,True
fold_0034,2022-10-31,elastic_net,max_drawdown_126d_sector_neutral,0.0001,0.5,-0.0031695550468909747,-0.004032215117701782,0.10157601327389759,0.010444181967605947,0.786058023783589,0.0024073120944282426,0.0022718298894130783,True
fold_0034,2022-10-31,elastic_net,return_3m_sector_neutral,0.0001,0.5,0.004144272668042364,0.005162462150130481,-0.03527706980601161,-0.0008495657275538465,0.8027705671290235,0.0024073120944282426,0.0022718298894130783,True
fold_0034,2022-10-31,elastic_net,reversal_1m_sector_neutral,0.0001,0.5,-0.0003205563657469216,-0.000398898635469574,0.012747114302765067,-0.00012673715927782823,0.8036035655262903,0.0024073120944282426,0.0022718298894130783,True
fold_0034,2022-10-31,elastic_net,volatility_60d_sector_neutral,0.0001,0.5,0.0019669608852092907,0.002479162285258288,-0.09222109551924272,-0.00881273493228137,0.7933973894751976,0.0024073120944282426,0.0022718298894130783,True
fold_0034,2022-10-31,ridge,amihud_illiquidity_20d_sector_neutral,1.0,,0.0032403365303344395,0.004443042089440012,-0.036087698410013136,0.052289219213363755,0.7293058371055949,0.0024073120944282426,0.002267036856085558,True
fold_0034,2022-10-31,ridge,average_dollar_volume_20d_sector_neutral,1.0,,0.002324879686492301,0.002724590498225336,-0.04220756033878187,-0.0140878982551077,0.853295087099002,0.0024073120944282426,0.002267036856085558,True
fold_0034,2022-10-31,ridge,beta_60d_market_sector_neutral,1.0,,-0.0017214179241308246,-0.002528541354576067,-0.03793019304371109,-0.008920857001344477,0.6807948468058321,0.0024073120944282426,0.002267036856085558,True
fold_0034,2022-10-31,ridge,distance_sma_50d_sector_neutral,1.0,,-0.004103235798156706,-0.00512180338102638,-0.005297321926364007,0.0011786229606613344,0.8011310651551097,0.0024073120944282426,0.002267036856085558,True
fold_0034,2022-10-31,ridge,max_drawdown_126d_sector_neutral,1.0,,-0.0032026489350478558,-0.004074316193138412,0.10157601327389759,0.010444181967605947,0.786058023783589,0.0024073120944282426,0.002267036856085558,True
fold_0034,2022-10-31,ridge,return_3m_sector_neutral,1.0,,0.004440612554520028,0.005531608577032347,-0.03527706980601161,-0.0008495657275538465,0.8027705671290235,0.0024073120944282426,0.002267036856085558,True
fold_0034,2022-10-31,ridge,reversal_1m_sector_neutral,1.0,,-0.0007963030974266293,-0.0009909153363513515,0.012747114302765067,-0.00012673715927782823,0.8036035655262903,0.0024073120944282426,0.002267036856085558,True
fold_0034,2022-10-31,ridge,volatility_60d_sector_neutral,1.0,,0.0020758333917425794,0.0026163854573754836,-0.09222109551924272,-0.00881273493228137,0.7933973894751976,0.0024073120944282426,0.002267036856085558,True
fold_0035,2022-11-30,elastic_net,amihud_illiquidity_20d_sector_neutral,0.001,0.5,0.0020829891435039083,0.002861983968750424,-0.03591108736861097,0.051989053025520884,0.7278130018364031,0.002323067596969,0.0022458728746782815,True
fold_0035,2022-11-30,elastic_net,average_dollar_volume_20d_sector_neutral,0.001,0.5,0.001027410841310417,0.0012039141155462067,-0.04187592295512316,-0.014044979770002545,0.8533921382293027,0.002323067596969,0.0022458728746782815,True
fold_0035,2022-11-30,elastic_net,beta_60d_market_sector_neutral,0.001,0.5,-0.0,-0.0,-0.03862374131090923,-0.00884470036451261,0.6800223697381801,0.002323067596969,0.0022458728746782815,False
fold_0035,2022-11-30,elastic_net,distance_sma_50d_sector_neutral,0.001,0.5,-0.001256242689018804,-0.0015673796183413653,-0.005486440644340063,0.0010689124001307074,0.8014922960068772,0.002323067596969,0.0022458728746782815,True
fold_0035,2022-11-30,elastic_net,max_drawdown_126d_sector_neutral,0.001,0.5,-0.0028893401530968553,-0.0036754769935145445,0.10142176263121325,0.01007393521454911,0.7861129747771938,0.002323067596969,0.0022458728746782815,True
fold_0035,2022-11-30,elastic_net,return_3m_sector_neutral,0.001,0.5,0.00218180893106077,0.0027183204761890133,-0.03512825766285341,-0.0010025287974189181,0.8026312387270786,0.002323067596969,0.0022458728746782815,True
fold_0035,2022-11-30,elastic_net,reversal_1m_sector_neutral,0.001,0.5,0.0,0.0,0.012307968590173746,-0.00011332219061591658,0.8036592017172356,0.002323067596969,0.0022458728746782815,False
fold_0035,2022-11-30,elastic_net,volatility_60d_sector_neutral,0.001,0.5,0.0012053848684896937,0.001521152394010401,-0.09222109551924272,-0.008717773110968587,0.7924155878371854,0.002323067596969,0.0022458728746782815,True
fold_0035,2022-11-30,ridge,amihud_illiquidity_20d_sector_neutral,100.0,,0.00301534807908041,0.004143025847947405,-0.03591108736861097,0.051989053025520884,0.7278130018364031,0.002323067596969,0.0021941016791739228,True
fold_0035,2022-11-30,ridge,average_dollar_volume_20d_sector_neutral,100.0,,0.0019059109641982315,0.002233335507581301,-0.04187592295512316,-0.014044979770002545,0.8533921382293027,0.002323067596969,0.0021941016791739228,True
fold_0035,2022-11-30,ridge,beta_60d_market_sector_neutral,100.0,,-0.0015158353111028435,-0.0022290962452992027,-0.03862374131090923,-0.00884470036451261,0.6800223697381801,0.002323067596969,0.0021941016791739228,True
fold_0035,2022-11-30,ridge,distance_sma_50d_sector_neutral,100.0,,-0.0035141862534424024,-0.0043845540012679655,-0.005486440644340063,0.0010689124001307074,0.8014922960068772,0.002323067596969,0.0021941016791739228,True
fold_0035,2022-11-30,ridge,max_drawdown_126d_sector_neutral,100.0,,-0.0032491078449959645,-0.004133130922965432,0.10142176263121325,0.01007393521454911,0.7861129747771938,0.002323067596969,0.0021941016791739228,True
fold_0035,2022-11-30,ridge,return_3m_sector_neutral,100.0,,0.0040105284800057706,0.004996726125893393,-0.03512825766285341,-0.0010025287974189181,0.8026312387270786,0.002323067596969,0.0021941016791739228,True
fold_0035,2022-11-30,ridge,reversal_1m_sector_neutral,100.0,,-0.00046701216059309497,-0.0005811072150921647,0.012307968590173746,-0.00011332219061591658,0.8036592017172356,0.002323067596969,0.0021941016791739228,True
fold_0035,2022-11-30,ridge,volatility_60d_sector_neutral,100.0,,0.00213675109338492,0.002696503105418404,-0.09222109551924272,-0.008717773110968587,0.7924155878371854,0.002323067596969,0.0021941016791739228,True
fold_0036,2022-12-30,elastic_net,amihud_illiquidity_20d_sector_neutral,0.001,0.5,0.0020077547571312367,0.0027597180628568412,-0.036087698410013136,0.051961927551350526,0.7275216929416415,0.0021510765221812505,0.0020701178441452014,True
fold_0036,2022-12-30,elastic_net,average_dollar_volume_20d_sector_neutral,0.001,0.5,0.0006038305130198922,0.0007075511232530602,-0.04137395734692721,-0.014015251689395268,0.8534090232854147,0.0021510765221812505,0.0020701178441452014,True
fold_0036,2022-12-30,elastic_net,beta_60d_market_sector_neutral,0.001,0.5,-0.0,-0.0,-0.03832326746198078,-0.008696774461474913,0.6795853318943887,0.0021510765221812505,0.0020701178441452014,False
fold_0036,2022-12-30,elastic_net,distance_sma_50d_sector_neutral,0.001,0.5,-0.0009652419030006705,-0.0012039305939347794,-0.005083045561153937,0.00106844114117359,0.8017421501400608,0.0021510765221812505,0.0020701178441452014,True
fold_0036,2022-12-30,elastic_net,max_drawdown_126d_sector_neutral,0.001,0.5,-0.002893235096200147,-0.003682594322812087,0.10111595305977517,0.009850031765030843,0.7856513214821955,0.0021510765221812505,0.0020701178441452014,True
fold_0036,2022-12-30,elastic_net,return_3m_sector_neutral,0.001,0.5,0.0022956218614342445,0.0028587769617086645,-0.03497367138965482,-0.001162145525658728,0.8030083816200102,0.0021510765221812505,0.0020701178441452014,True
fold_0036,2022-12-30,elastic_net,reversal_1m_sector_neutral,0.001,0.5,0.0,0.0,0.01203885674215062,-8.637460845662785e-05,0.8045387551299145,0.0021510765221812505,0.0020701178441452014,False
fold_0036,2022-12-30,elastic_net,volatility_60d_sector_neutral,0.001,0.5,0.0010758932062207172,0.0013600426512681656,-0.0909266457176442,-0.00856059185489833,0.7910731367266354,0.0021510765221812505,0.0020701178441452014,True
fold_0036,2022-12-30,ridge,amihud_illiquidity_20d_sector_neutral,100.0,,0.002953231852269939,0.0040593041842215336,-0.036087698410013136,0.051961927551350526,0.7275216929416415,0.0021510765221812505,0.0020180683822098025,True
fold_0036,2022-12-30,ridge,average_dollar_volume_20d_sector_neutral,100.0,,0.0014971314315968026,0.0017542952918791685,-0.04137395734692721,-0.014015251689395268,0.8534090232854147,0.0021510765221812505,0.0020180683822098025,True
fold_0036,2022-12-30,ridge,beta_60d_market_sector_neutral,100.0,,-0.0015504042465420969,-0.002281397454857131,-0.03832326746198078,-0.008696774461474913,0.6795853318943887,0.0021510765221812505,0.0020180683822098025,True
fold_0036,2022-12-30,ridge,distance_sma_50d_sector_neutral,100.0,,-0.003390356834738107,-0.00422873717459638,-0.005083045561153937,0.00106844114117359,0.8017421501400608,0.0021510765221812505,0.0020180683822098025,True
fold_0036,2022-12-30,ridge,max_drawdown_126d_sector_neutral,100.0,,-0.0032487094054212133,-0.0041350524292280925,0.10111595305977517,0.009850031765030843,0.7856513214821955,0.0021510765221812505,0.0020180683822098025,True
fold_0036,2022-12-30,ridge,return_3m_sector_neutral,100.0,,0.004164386929762726,0.005185981896429752,-0.03497367138965482,-0.001162145525658728,0.8030083816200102,0.0021510765221812505,0.0020180683822098025,True
fold_0036,2022-12-30,ridge,reversal_1m_sector_neutral,100.0,,-0.0006238877336304634,-0.0007754601374420054,0.01203885674215062,-8.637460845662785e-05,0.8045387551299145,0.0021510765221812505,0.0020180683822098025,True
fold_0036,2022-12-30,ridge,volatility_60d_sector_neutral,100.0,,0.002029904774990185,0.002566014039346203,-0.0909266457176442,-0.00856059185489833,0.7910731367266354,0.0021510765221812505,0.0020180683822098025,True
fold_0037,2023-01-31,elastic_net,amihud_illiquidity_20d_sector_neutral,0.001,0.5,0.0020077547571312367,0.0027597180628568412,-0.036087698410013136,0.051961927551350526,0.7275216929416415,0.0021510765221812505,0.0020701178441452014,True
fold_0037,2023-01-31,elastic_net,average_dollar_volume_20d_sector_neutral,0.001,0.5,0.0006038305130198922,0.0007075511232530602,-0.04137395734692721,-0.014015251689395268,0.8534090232854147,0.0021510765221812505,0.0020701178441452014,True
fold_0037,2023-01-31,elastic_net,beta_60d_market_sector_neutral,0.001,0.5,-0.0,-0.0,-0.03832326746198078,-0.008696774461474913,0.6795853318943887,0.0021510765221812505,0.0020701178441452014,False
fold_0037,2023-01-31,elastic_net,distance_sma_50d_sector_neutral,0.001,0.5,-0.0009652419030006705,-0.0012039305939347794,-0.005083045561153937,0.00106844114117359,0.8017421501400608,0.0021510765221812505,0.0020701178441452014,True
fold_0037,2023-01-31,elastic_net,max_drawdown_126d_sector_neutral,0.001,0.5,-0.002893235096200147,-0.003682594322812087,0.10111595305977517,0.009850031765030843,0.7856513214821955,0.0021510765221812505,0.0020701178441452014,True
fold_0037,2023-01-31,elastic_net,return_3m_sector_neutral,0.001,0.5,0.0022956218614342445,0.0028587769617086645,-0.03497367138965482,-0.001162145525658728,0.8030083816200102,0.0021510765221812505,0.0020701178441452014,True
fold_0037,2023-01-31,elastic_net,reversal_1m_sector_neutral,0.001,0.5,0.0,0.0,0.01203885674215062,-8.637460845662785e-05,0.8045387551299145,0.0021510765221812505,0.0020701178441452014,False
fold_0037,2023-01-31,elastic_net,volatility_60d_sector_neutral,0.001,0.5,0.0010758932062207172,0.0013600426512681656,-0.0909266457176442,-0.00856059185489833,0.7910731367266354,0.0021510765221812505,0.0020701178441452014,True
fold_0037,2023-01-31,ridge,amihud_illiquidity_20d_sector_neutral,100.0,,0.002953231852269939,0.0040593041842215336,-0.036087698410013136,0.051961927551350526,0.7275216929416415,0.0021510765221812505,0.0020180683822098025,True
fold_0037,2023-01-31,ridge,average_dollar_volume_20d_sector_neutral,100.0,,0.0014971314315968026,0.0017542952918791685,-0.04137395734692721,-0.014015251689395268,0.8534090232854147,0.0021510765221812505,0.0020180683822098025,True
fold_0037,2023-01-31,ridge,beta_60d_market_sector_neutral,100.0,,-0.0015504042465420969,-0.002281397454857131,-0.03832326746198078,-0.008696774461474913,0.6795853318943887,0.0021510765221812505,0.0020180683822098025,True
fold_0037,2023-01-31,ridge,distance_sma_50d_sector_neutral,100.0,,-0.003390356834738107,-0.00422873717459638,-0.005083045561153937,0.00106844114117359,0.8017421501400608,0.0021510765221812505,0.0020180683822098025,True
fold_0037,2023-01-31,ridge,max_drawdown_126d_sector_neutral,100.0,,-0.0032487094054212133,-0.0041350524292280925,0.10111595305977517,0.009850031765030843,0.7856513214821955,0.0021510765221812505,0.0020180683822098025,True
fold_0037,2023-01-31,ridge,return_3m_sector_neutral,100.0,,0.004164386929762726,0.005185981896429752,-0.03497367138965482,-0.001162145525658728,0.8030083816200102,0.0021510765221812505,0.0020180683822098025,True
fold_0037,2023-01-31,ridge,reversal_1m_sector_neutral,100.0,,-0.0006238877336304634,-0.0007754601374420054,0.01203885674215062,-8.637460845662785e-05,0.8045387551299145,0.0021510765221812505,0.0020180683822098025,True
fold_0037,2023-01-31,ridge,volatility_60d_sector_neutral,100.0,,0.002029904774990185,0.002566014039346203,-0.0909266457176442,-0.00856059185489833,0.7910731367266354,0.0021510765221812505,0.0020180683822098025,True
fold_0038,2023-02-28,elastic_net,amihud_illiquidity_20d_sector_neutral,0.0001,0.1,0.0031611003250453787,0.0043476068900490114,-0.03635562138232096,0.05183711311595678,0.7270897311991662,0.0023278902048119543,0.0021944705532310513,True
fold_0038,2023-02-28,elastic_net,average_dollar_volume_20d_sector_neutral,0.0001,0.1,0.00196395373162556,0.002300966982274025,-0.040924287669416415,-0.013977577630389667,0.8535340779573475,0.0023278902048119543,0.0021944705532310513,True
fold_0038,2023-02-28,elastic_net,beta_60d_market_sector_neutral,0.0001,0.1,-0.0013887041077917121,-0.002044112235263671,-0.03832326746198078,-0.0085245666912739,0.6793678369683955,0.0023278902048119543,0.0021944705532310513,True
fold_0038,2023-02-28,elastic_net,distance_sma_50d_sector_neutral,0.0001,0.1,-0.003780288682942208,-0.004708781531857721,-0.00443392253980324,0.0010857651138935934,0.802816749379069,0.0023278902048119543,0.0021944705532310513,True
fold_0038,2023-02-28,elastic_net,max_drawdown_126d_sector_neutral,0.0001,0.1,-0.003542071270304426,-0.004510059311683733,0.0987434393416177,0.009503124782730453,0.7853713278511343,0.0023278902048119543,0.0021944705532310513,True
fold_0038,2023-02-28,elastic_net,return_3m_sector_neutral,0.0001,0.1,0.004241963481720968,0.0052773955494780705,-0.034945368354931866,-0.0011625811509056844,0.8037986620389852,0.0023278902048119543,0.0021944705532310513,True
fold_0038,2023-02-28,elastic_net,reversal_1m_sector_neutral,0.0001,0.1,-0.00038823509829758314,-0.000482086409152216,0.011741280070338256,-0.00011788968307402877,0.8053226370358019,0.0023278902048119543,0.0021944705532310513,True
fold_0038,2023-02-28,elastic_net,volatility_60d_sector_neutral,0.0001,0.1,0.002182970277113041,0.002763409696205833,-0.08886837412997078,-0.008380990461871884,0.7899553512134895,0.0023278902048119543,0.0021944705532310513,True
fold_0038,2023-02-28,ridge,amihud_illiquidity_20d_sector_neutral,10.0,,0.0031712320554590787,0.004361541525595287,-0.03635562138232096,0.05183711311595678,0.7270897311991662,0.0023278902048119543,0.0021939246030117437,True
fold_0038,2023-02-28,ridge,average_dollar_volume_20d_sector_neutral,10.0,,0.0019758720016172307,0.0023149304200552005,-0.040924287669416415,-0.013977577630389667,0.8535340779573475,0.0023278902048119543,0.0021939246030117437,True
fold_0038,2023-02-28,ridge,beta_60d_market_sector_neutral,10.0,,-0.0014145338627653777,-0.0020821325146588923,-0.03832326746198078,-0.0085245666912739,0.6793678369683955,0.0023278902048119543,0.0021939246030117437,True
fold_0038,2023-02-28,ridge,distance_sma_50d_sector_neutral,10.0,,-0.003850118943787502,-0.004795763101312149,-0.00443392253980324,0.0010857651138935934,0.802816749379069,0.0023278902048119543,0.0021939246030117437,True
fold_0038,2023-02-28,ridge,max_drawdown_126d_sector_neutral,10.0,,-0.003538734428534691,-0.00450581056761656,0.0987434393416177,0.009503124782730453,0.7853713278511343,0.0023278902048119543,0.0021939246030117437,True
fold_0038,2023-02-28,ridge,return_3m_sector_neutral,10.0,,0.0042628546299368335,0.005303386073227974,-0.034945368354931866,-0.0011625811509056844,0.8037986620389852,0.0023278902048119543,0.0021939246030117437,True
fold_0038,2023-02-28,ridge,reversal_1m_sector_neutral,10.0,,-0.0004443594102788248,-0.0005517781195303345,0.011741280070338256,-0.00011788968307402877,0.8053226370358019,0.0023278902048119543,0.0021939246030117437,True
fold_0038,2023-02-28,ridge,volatility_60d_sector_neutral,10.0,,0.0022045780984538545,0.002790762914723336,-0.08886837412997078,-0.008380990461871884,0.7899553512134895,0.0023278902048119543,0.0021939246030117437,True
fold_0039,2023-03-31,elastic_net,amihud_illiquidity_20d_sector_neutral,0.0001,0.1,0.0029228628822062,0.004023772837322288,-0.036087698410013136,0.05176759580172759,0.7263985817229399,0.0023800933402982776,0.0022665850930147034,True
fold_0039,2023-03-31,elastic_net,average_dollar_volume_20d_sector_neutral,0.0001,0.1,0.002053158284796917,0.0024041653528629,-0.040001407364698705,-0.013902760385460917,0.8540004464967433,0.0023800933402982776,0.0022665850930147034,True
fold_0039,2023-03-31,elastic_net,beta_60d_market_sector_neutral,0.0001,0.1,-0.0014260891023328412,-0.002099922650896228,-0.0395911844773304,-0.008161975842420167,0.6791150625115641,0.0023800933402982776,0.0022665850930147034,True
fold_0039,2023-03-31,elastic_net,distance_sma_50d_sector_neutral,0.0001,0.1,-0.004409850235564339,-0.005500045714016705,-0.006751112373206608,0.0012781851284278487,0.8017842877789114,0.0023800933402982776,0.0022665850930147034,True
fold_0039,2023-03-31,elastic_net,max_drawdown_126d_sector_neutral,0.0001,0.1,-0.003928009302535959,-0.005001610963374695,0.09643323817757227,0.008984119938387165,0.7853488268679029,0.0023800933402982776,0.0022665850930147034,True
fold_0039,2023-03-31,elastic_net,return_3m_sector_neutral,0.0001,0.1,0.004767616940588351,0.005928078973073966,-0.03500491458203131,-0.0009045101440492248,0.8042431557075116,0.0023800933402982776,0.0022665850930147034,True
fold_0039,2023-03-31,elastic_net,reversal_1m_sector_neutral,0.0001,0.1,-0.000856052518988955,-0.0010636423223792577,0.013685197935213007,-0.0001734988061792085,0.8048311927585339,0.0023800933402982776,0.0022665850930147034,True
fold_0039,2023-03-31,elastic_net,volatility_60d_sector_neutral,0.0001,0.1,0.0020700852663137234,0.0026231442173114913,-0.08811521292059862,-0.00814486875155657,0.7891618206319558,0.0023800933402982776,0.0022665850930147034,True
fold_0039,2023-03-31,ridge,amihud_illiquidity_20d_sector_neutral,0.01,,0.00294326729503538,0.004051862667537516,-0.036087698410013136,0.05176759580172759,0.7263985817229399,0.0023800933402982776,0.002265602874594258,True
fold_0039,2023-03-31,ridge,average_dollar_volume_20d_sector_neutral,0.01,,0.002073425270786046,0.002427897174166118,-0.040001407364698705,-0.013902760385460917,0.8540004464967433,0.0023800933402982776,0.002265602874594258,True
fold_0039,2023-03-31,ridge,beta_60d_market_sector_neutral,0.01,,-0.0014635485966454037,-0.0021550819256353666,-0.0395911844773304,-0.008161975842420167,0.6791150625115641,0.0023800933402982776,0.002265602874594258,True
fold_0039,2023-03-31,ridge,distance_sma_50d_sector_neutral,0.01,,-0.00455358902196525,-0.005679319352315473,-0.006751112373206608,0.0012781851284278487,0.8017842877789114,0.0023800933402982776,0.002265602874594258,True
fold_0039,2023-03-31,ridge,max_drawdown_126d_sector_neutral,0.01,,-0.003935615985908191,-0.005011296701879672,0.09643323817757227,0.008984119938387165,0.7853488268679029,0.0023800933402982776,0.002265602874594258,True
fold_0039,2023-03-31,ridge,return_3m_sector_neutral,0.01,,0.004830529630254577,0.006006304929017452,-0.03500491458203131,-0.0009045101440492248,0.8042431557075116,0.0023800933402982776,0.002265602874594258,True
fold_0039,2023-03-31,ridge,reversal_1m_sector_neutral,0.01,,-0.0009542669242411996,-0.001185673384465231,0.013685197935213007,-0.0001734988061792085,0.8048311927585339,0.0023800933402982776,0.002265602874594258,True
fold_0039,2023-03-31,ridge,volatility_60d_sector_neutral,0.01,,0.002092026037021173,0.0026509468430009598,-0.08811521292059862,-0.00814486875155657,0.7891618206319558,0.0023800933402982776,0.002265602874594258,True
fold_0040,2023-04-28,elastic_net,amihud_illiquidity_20d_sector_neutral,0.0001,0.1,0.0029228628822062,0.004023772837322288,-0.036087698410013136,0.05176759580172759,0.7263985817229399,0.0023800933402982776,0.0022665850930147034,True
fold_0040,2023-04-28,elastic_net,average_dollar_volume_20d_sector_neutral,0.0001,0.1,0.002053158284796917,0.0024041653528629,-0.040001407364698705,-0.013902760385460917,0.8540004464967433,0.0023800933402982776,0.0022665850930147034,True
fold_0040,2023-04-28,elastic_net,beta_60d_market_sector_neutral,0.0001,0.1,-0.0014260891023328412,-0.002099922650896228,-0.0395911844773304,-0.008161975842420167,0.6791150625115641,0.0023800933402982776,0.0022665850930147034,True
fold_0040,2023-04-28,elastic_net,distance_sma_50d_sector_neutral,0.0001,0.1,-0.004409850235564339,-0.005500045714016705,-0.006751112373206608,0.0012781851284278487,0.8017842877789114,0.0023800933402982776,0.0022665850930147034,True
fold_0040,2023-04-28,elastic_net,max_drawdown_126d_sector_neutral,0.0001,0.1,-0.003928009302535959,-0.005001610963374695,0.09643323817757227,0.008984119938387165,0.7853488268679029,0.0023800933402982776,0.0022665850930147034,True
fold_0040,2023-04-28,elastic_net,return_3m_sector_neutral,0.0001,0.1,0.004767616940588351,0.005928078973073966,-0.03500491458203131,-0.0009045101440492248,0.8042431557075116,0.0023800933402982776,0.0022665850930147034,True
fold_0040,2023-04-28,elastic_net,reversal_1m_sector_neutral,0.0001,0.1,-0.000856052518988955,-0.0010636423223792577,0.013685197935213007,-0.0001734988061792085,0.8048311927585339,0.0023800933402982776,0.0022665850930147034,True
fold_0040,2023-04-28,elastic_net,volatility_60d_sector_neutral,0.0001,0.1,0.0020700852663137234,0.0026231442173114913,-0.08811521292059862,-0.00814486875155657,0.7891618206319558,0.0023800933402982776,0.0022665850930147034,True
fold_0040,2023-04-28,ridge,amihud_illiquidity_20d_sector_neutral,0.01,,0.00294326729503538,0.004051862667537516,-0.036087698410013136,0.05176759580172759,0.7263985817229399,0.0023800933402982776,0.002265602874594258,True
fold_0040,2023-04-28,ridge,average_dollar_volume_20d_sector_neutral,0.01,,0.002073425270786046,0.002427897174166118,-0.040001407364698705,-0.013902760385460917,0.8540004464967433,0.0023800933402982776,0.002265602874594258,True
fold_0040,2023-04-28,ridge,beta_60d_market_sector_neutral,0.01,,-0.0014635485966454037,-0.0021550819256353666,-0.0395911844773304,-0.008161975842420167,0.6791150625115641,0.0023800933402982776,0.002265602874594258,True
fold_0040,2023-04-28,ridge,distance_sma_50d_sector_neutral,0.01,,-0.00455358902196525,-0.005679319352315473,-0.006751112373206608,0.0012781851284278487,0.8017842877789114,0.0023800933402982776,0.002265602874594258,True
fold_0040,2023-04-28,ridge,max_drawdown_126d_sector_neutral,0.01,,-0.003935615985908191,-0.005011296701879672,0.09643323817757227,0.008984119938387165,0.7853488268679029,0.0023800933402982776,0.002265602874594258,True
fold_0040,2023-04-28,ridge,return_3m_sector_neutral,0.01,,0.004830529630254577,0.006006304929017452,-0.03500491458203131,-0.0009045101440492248,0.8042431557075116,0.0023800933402982776,0.002265602874594258,True
fold_0040,2023-04-28,ridge,reversal_1m_sector_neutral,0.01,,-0.0009542669242411996,-0.001185673384465231,0.013685197935213007,-0.0001734988061792085,0.8048311927585339,0.0023800933402982776,0.002265602874594258,True
fold_0040,2023-04-28,ridge,volatility_60d_sector_neutral,0.01,,0.002092026037021173,0.0026509468430009598,-0.08811521292059862,-0.00814486875155657,0.7891618206319558,0.0023800933402982776,0.002265602874594258,True
fold_0041,2023-05-31,elastic_net,amihud_illiquidity_20d_sector_neutral,0.0001,0.9,0.0024483008985973775,0.0033760261611125273,-0.03635562138232096,0.05169685426542336,0.7252019924485924,0.0025666102676933644,0.0024838780191170622,True
fold_0041,2023-05-31,elastic_net,average_dollar_volume_20d_sector_neutral,0.0001,0.9,0.0019155440969504337,0.002241906552897717,-0.03952628334034372,-0.013833866578884859,0.8544263785100891,0.0025666102676933644,0.0024838780191170622,True
fold_0041,2023-05-31,elastic_net,beta_60d_market_sector_neutral,0.0001,0.9,-0.0013653594025153676,-0.0020114081970865057,-0.040811330119075895,-0.007695384004958835,0.6788077151584995,0.0025666102676933644,0.0024838780191170622,True
fold_0041,2023-05-31,elastic_net,distance_sma_50d_sector_neutral,0.0001,0.9,-0.003116540445916698,-0.003885816930791584,-0.006751112373206608,0.0012296847817505343,0.8020296636264397,0.0025666102676933644,0.0024838780191170622,True
fold_0041,2023-05-31,elastic_net,max_drawdown_126d_sector_neutral,0.0001,0.9,-0.0037782065268795774,-0.004802223294049696,0.09617600686448186,0.008887932358947215,0.7867619424446695,0.0025666102676933644,0.0024838780191170622,True
fold_0041,2023-05-31,elastic_net,return_3m_sector_neutral,0.0001,0.9,0.004250105148018473,0.005284429278139748,-0.035332241786248886,-0.0009420190489610838,0.8042694725048183,0.0025666102676933644,0.0024838780191170622,True
fold_0041,2023-05-31,elastic_net,reversal_1m_sector_neutral,0.0001,0.9,-0.0,-0.0,0.013685197935213007,-0.0001301180403441575,0.8041167559628972,0.0025666102676933644,0.0024838780191170622,False
fold_0041,2023-05-31,elastic_net,volatility_60d_sector_neutral,0.0001,0.9,0.0023621467452171713,0.002993265897127444,-0.08804875338144483,-0.007959135013233183,0.7891536623873139,0.0025666102676933644,0.0024838780191170622,True
fold_0041,2023-05-31,ridge,amihud_illiquidity_20d_sector_neutral,100.0,,0.0025482492417970687,0.0035138475463823374,-0.03635562138232096,0.05169685426542336,0.7252019924485924,0.0025666102676933644,0.002478405147185612,True
fold_0041,2023-05-31,ridge,average_dollar_volume_20d_sector_neutral,100.0,,0.0020270511668802767,0.0023724117347769143,-0.03952628334034372,-0.013833866578884859,0.8544263785100891,0.0025666102676933644,0.002478405147185612,True
fold_0041,2023-05-31,ridge,beta_60d_market_sector_neutral,100.0,,-0.001574876294331871,-0.002320062455336328,-0.040811330119075895,-0.007695384004958835,0.6788077151584995,0.0025666102676933644,0.002478405147185612,True
fold_0041,2023-05-31,ridge,distance_sma_50d_sector_neutral,100.0,,-0.0036440406045993956,-0.004543523475332049,-0.006751112373206608,0.0012296847817505343,0.8020296636264397,0.0025666102676933644,0.002478405147185612,True
fold_0041,2023-05-31,ridge,max_drawdown_126d_sector_neutral,100.0,,-0.0037381775666383145,-0.004751345184571138,0.09617600686448186,0.008887932358947215,0.7867619424446695,0.0025666102676933644,0.002478405147185612,True
fold_0041,2023-05-31,ridge,return_3m_sector_neutral,100.0,,0.004390657845380414,0.00545918749309997,-0.035332241786248886,-0.0009420190489610838,0.8042694725048183,0.0025666102676933644,0.002478405147185612,True
fold_0041,2023-05-31,ridge,reversal_1m_sector_neutral,100.0,,-0.0004319569263174773,-0.0005371818496683686,0.013685197935213007,-0.0001301180403441575,0.8041167559628972,0.0025666102676933644,0.002478405147185612,True
fold_0041,2023-05-31,ridge,volatility_60d_sector_neutral,100.0,,0.0025377012422735717,0.0032157251030130512,-0.08804875338144483,-0.007959135013233183,0.7891536623873139,0.0025666102676933644,0.002478405147185612,True
fold_0042,2023-06-30,elastic_net,amihud_illiquidity_20d_sector_neutral,0.001,0.5,0.0014851050982698775,0.002049096735469179,-0.03591108736861097,0.05169780858516006,0.7247608531911672,0.002558668633917751,0.0025318391014214625,True
fold_0042,2023-06-30,elastic_net,average_dollar_volume_20d_sector_neutral,0.001,0.5,0.0012013569576491516,0.001405931559869945,-0.03853714399162356,-0.013794920637179728,0.8544917775089156,0.002558668633917751,0.0025318391014214625,True
fold_0042,2023-06-30,elastic_net,beta_60d_market_sector_neutral,0.001,0.5,-0.0,-0.0,-0.04107199127214249,-0.007504980320600621,0.678614399192943,0.002558668633917751,0.0025318391014214625,False
fold_0042,2023-06-30,elastic_net,distance_sma_50d_sector_neutral,0.001,0.5,-0.0011736895906626933,-0.0014637402439769088,-0.007095468952562439,0.0012210735873160376,0.8018428102200958,0.002558668633917751,0.0025318391014214625,True
fold_0042,2023-06-30,elastic_net,max_drawdown_126d_sector_neutral,0.001,0.5,-0.0034135821413449844,-0.004332997546310748,0.09617600686448186,0.008853456422182172,0.7878107718411742,0.002558668633917751,0.0025318391014214625,True
fold_0042,2023-06-30,elastic_net,return_3m_sector_neutral,0.001,0.5,0.002446599496563404,0.003043029588981211,-0.03512825766285341,-0.0009537069587410882,0.8040012182012701,0.002558668633917751,0.0025318391014214625,True
fold_0042,2023-06-30,elastic_net,reversal_1m_sector_neutral,0.001,0.5,0.0,0.0,0.014598111083002074,-0.0001532075192023801,0.8039700884106138,0.002558668633917751,0.0025318391014214625,False
fold_0042,2023-06-30,elastic_net,volatility_60d_sector_neutral,0.001,0.5,0.001673736802049877,0.0021208339648634026,-0.08804875338144483,-0.007854488514319843,0.7891880410155907,0.002558668633917751,0.0025318391014214625,True
fold_0042,2023-06-30,ridge,amihud_illiquidity_20d_sector_neutral,100.0,,0.002457052792264611,0.003390156603307221,-0.03591108736861097,0.05169780858516006,0.7247608531911672,0.002558668633917751,0.002479361195645953,True
fold_0042,2023-06-30,ridge,average_dollar_volume_20d_sector_neutral,100.0,,0.002107790039522904,0.0024667177555151043,-0.03853714399162356,-0.013794920637179728,0.8544917775089156,0.002558668633917751,0.002479361195645953,True
fold_0042,2023-06-30,ridge,beta_60d_market_sector_neutral,100.0,,-0.001501608170661184,-0.002212756128439073,-0.04107199127214249,-0.007504980320600621,0.678614399192943,0.002558668633917751,0.002479361195645953,True
fold_0042,2023-06-30,ridge,distance_sma_50d_sector_neutral,100.0,,-0.0035319678812067243,-0.004404813307781912,-0.007095468952562439,0.0012210735873160376,0.8018428102200958,0.002558668633917751,0.002479361195645953,True
fold_0042,2023-06-30,ridge,max_drawdown_126d_sector_neutral,100.0,,-0.0037772344000358837,-0.004794596031237549,0.09617600686448186,0.008853456422182172,0.7878107718411742,0.002558668633917751,0.002479361195645953,True
fold_0042,2023-06-30,ridge,return_3m_sector_neutral,100.0,,0.0043126747459480315,0.005364015188430243,-0.03512825766285341,-0.0009537069587410882,0.8040012182012701,0.002558668633917751,0.002479361195645953,True
fold_0042,2023-06-30,ridge,reversal_1m_sector_neutral,100.0,,-0.0005416375073293376,-0.00067370355581277,0.014598111083002074,-0.0001532075192023801,0.8039700884106138,0.002558668633917751,0.002479361195645953,True
fold_0042,2023-06-30,ridge,volatility_60d_sector_neutral,100.0,,0.002581723664476182,0.00327136693702785,-0.08804875338144483,-0.007854488514319843,0.7891880410155907,0.002558668633917751,0.002479361195645953,True
fold_0043,2023-07-31,elastic_net,amihud_illiquidity_20d_sector_neutral,0.001,0.5,0.0014851050982698775,0.002049096735469179,-0.03591108736861097,0.05169780858516006,0.7247608531911672,0.002558668633917751,0.0025318391014214625,True
fold_0043,2023-07-31,elastic_net,average_dollar_volume_20d_sector_neutral,0.001,0.5,0.0012013569576491516,0.001405931559869945,-0.03853714399162356,-0.013794920637179728,0.8544917775089156,0.002558668633917751,0.0025318391014214625,True
fold_0043,2023-07-31,elastic_net,beta_60d_market_sector_neutral,0.001,0.5,-0.0,-0.0,-0.04107199127214249,-0.007504980320600621,0.678614399192943,0.002558668633917751,0.0025318391014214625,False
fold_0043,2023-07-31,elastic_net,distance_sma_50d_sector_neutral,0.001,0.5,-0.0011736895906626933,-0.0014637402439769088,-0.007095468952562439,0.0012210735873160376,0.8018428102200958,0.002558668633917751,0.0025318391014214625,True
fold_0043,2023-07-31,elastic_net,max_drawdown_126d_sector_neutral,0.001,0.5,-0.0034135821413449844,-0.004332997546310748,0.09617600686448186,0.008853456422182172,0.7878107718411742,0.002558668633917751,0.0025318391014214625,True
fold_0043,2023-07-31,elastic_net,return_3m_sector_neutral,0.001,0.5,0.002446599496563404,0.003043029588981211,-0.03512825766285341,-0.0009537069587410882,0.8040012182012701,0.002558668633917751,0.0025318391014214625,True
fold_0043,2023-07-31,elastic_net,reversal_1m_sector_neutral,0.001,0.5,0.0,0.0,0.014598111083002074,-0.0001532075192023801,0.8039700884106138,0.002558668633917751,0.0025318391014214625,False
fold_0043,2023-07-31,elastic_net,volatility_60d_sector_neutral,0.001,0.5,0.001673736802049877,0.0021208339648634026,-0.08804875338144483,-0.007854488514319843,0.7891880410155907,0.002558668633917751,0.0025318391014214625,True
fold_0043,2023-07-31,ridge,amihud_illiquidity_20d_sector_neutral,100.0,,0.002457052792264611,0.003390156603307221,-0.03591108736861097,0.05169780858516006,0.7247608531911672,0.002558668633917751,0.002479361195645953,True
fold_0043,2023-07-31,ridge,average_dollar_volume_20d_sector_neutral,100.0,,0.002107790039522904,0.0024667177555151043,-0.03853714399162356,-0.013794920637179728,0.8544917775089156,0.002558668633917751,0.002479361195645953,True
fold_0043,2023-07-31,ridge,beta_60d_market_sector_neutral,100.0,,-0.001501608170661184,-0.002212756128439073,-0.04107199127214249,-0.007504980320600621,0.678614399192943,0.002558668633917751,0.002479361195645953,True
fold_0043,2023-07-31,ridge,distance_sma_50d_sector_neutral,100.0,,-0.0035319678812067243,-0.004404813307781912,-0.007095468952562439,0.0012210735873160376,0.8018428102200958,0.002558668633917751,0.002479361195645953,True
fold_0043,2023-07-31,ridge,max_drawdown_126d_sector_neutral,100.0,,-0.0037772344000358837,-0.004794596031237549,0.09617600686448186,0.008853456422182172,0.7878107718411742,0.002558668633917751,0.002479361195645953,True
fold_0043,2023-07-31,ridge,return_3m_sector_neutral,100.0,,0.0043126747459480315,0.005364015188430243,-0.03512825766285341,-0.0009537069587410882,0.8040012182012701,0.002558668633917751,0.002479361195645953,True
fold_0043,2023-07-31,ridge,reversal_1m_sector_neutral,100.0,,-0.0005416375073293376,-0.00067370355581277,0.014598111083002074,-0.0001532075192023801,0.8039700884106138,0.002558668633917751,0.002479361195645953,True
fold_0043,2023-07-31,ridge,volatility_60d_sector_neutral,100.0,,0.002581723664476182,0.00327136693702785,-0.08804875338144483,-0.007854488514319843,0.7891880410155907,0.002558668633917751,0.002479361195645953,True
fold_0044,2023-08-31,elastic_net,amihud_illiquidity_20d_sector_neutral,0.0001,0.1,0.0024300703120683,0.003358878405529446,-0.03534510328026674,0.0515524855216348,0.7234767141519248,0.002637389674316522,0.002559582687775029,True
fold_0044,2023-08-31,elastic_net,average_dollar_volume_20d_sector_neutral,0.0001,0.1,0.0020698404690564945,0.00242096581263637,-0.03761482487648468,-0.01370859364927949,0.8549647658190146,0.002637389674316522,0.002559582687775029,True
fold_0044,2023-08-31,elastic_net,beta_60d_market_sector_neutral,0.0001,0.1,-0.001699422203679794,-0.002505398465991517,-0.04107199127214249,-0.007398120694797229,0.678304160694552,0.002637389674316522,0.002559582687775029,True
fold_0044,2023-08-31,elastic_net,distance_sma_50d_sector_neutral,0.0001,0.1,-0.004213656563773953,-0.005248160410921378,-0.005965838843260046,0.0009454452687042075,0.8028825786280026,0.002637389674316522,0.002559582687775029,True
fold_0044,2023-08-31,elastic_net,max_drawdown_126d_sector_neutral,0.0001,0.1,-0.003717717536346796,-0.0047146996916001905,0.09557154043061922,0.008664683218732231,0.7885375059986028,0.002637389674316522,0.002559582687775029,True
fold_0044,2023-08-31,elastic_net,return_3m_sector_neutral,0.0001,0.1,0.004816315023359006,0.005980862120757571,-0.03527706980601161,-0.0011681566653379324,0.8052877538579579,0.002637389674316522,0.002559582687775029,True
fold_0044,2023-08-31,elastic_net,reversal_1m_sector_neutral,0.0001,0.1,-0.0006935892468159684,-0.0008615501533459066,0.01499734989796142,0.00017706071371698004,0.8050480220128252,0.002637389674316522,0.002559582687775029,True
fold_0044,2023-08-31,elastic_net,volatility_60d_sector_neutral,0.0001,0.1,0.002832737277438181,0.003589691244601397,-0.08755895278441042,-0.007729463970194828,0.7891311771446602,0.002637389674316522,0.002559582687775029,True
fold_0044,2023-08-31,ridge,amihud_illiquidity_20d_sector_neutral,0.01,,0.002450598648140658,0.0033872529691757985,-0.03534510328026674,0.0515524855216348,0.7234767141519248,0.002637389674316522,0.0025586146272533706,True
fold_0044,2023-08-31,ridge,average_dollar_volume_20d_sector_neutral,0.01,,0.0020898261285911953,0.0024443418163428566,-0.03761482487648468,-0.01370859364927949,0.8549647658190146,0.002637389674316522,0.0025586146272533706,True
fold_0044,2023-08-31,ridge,beta_60d_market_sector_neutral,0.01,,-0.0017374349607095917,-0.0025614393385565244,-0.04107199127214249,-0.007398120694797229,0.678304160694552,0.002637389674316522,0.0025586146272533706,True
fold_0044,2023-08-31,ridge,distance_sma_50d_sector_neutral,0.01,,-0.004359949065649623,-0.005430369498239799,-0.005965838843260046,0.0009454452687042075,0.8028825786280026,0.002637389674316522,0.0025586146272533706,True
fold_0044,2023-08-31,ridge,max_drawdown_126d_sector_neutral,0.01,,-0.003725392596748949,-0.004724432976756276,0.09557154043061922,0.008664683218732231,0.7885375059986028,0.002637389674316522,0.0025586146272533706,True
fold_0044,2023-08-31,ridge,return_3m_sector_neutral,0.01,,0.004879758314192998,0.006059645500400497,-0.03527706980601161,-0.0011681566653379324,0.8052877538579579,0.002637389674316522,0.0025586146272533706,True
fold_0044,2023-08-31,ridge,reversal_1m_sector_neutral,0.01,,-0.0007938310188940108,-0.0009860666658235255,0.01499734989796142,0.00017706071371698004,0.8050480220128252,0.002637389674316522,0.0025586146272533706,True
fold_0044,2023-08-31,ridge,volatility_60d_sector_neutral,0.01,,0.0028550122178215547,0.0036179184152271633,-0.08755895278441042,-0.007729463970194828,0.7891311771446602,0.002637389674316522,0.0025586146272533706,True
fold_0045,2023-09-29,elastic_net,amihud_illiquidity_20d_sector_neutral,0.0001,0.1,0.0024300703120683,0.003358878405529446,-0.03534510328026674,0.0515524855216348,0.7234767141519248,0.002637389674316522,0.002559582687775029,True
fold_0045,2023-09-29,elastic_net,average_dollar_volume_20d_sector_neutral,0.0001,0.1,0.0020698404690564945,0.00242096581263637,-0.03761482487648468,-0.01370859364927949,0.8549647658190146,0.002637389674316522,0.002559582687775029,True
fold_0045,2023-09-29,elastic_net,beta_60d_market_sector_neutral,0.0001,0.1,-0.001699422203679794,-0.002505398465991517,-0.04107199127214249,-0.007398120694797229,0.678304160694552,0.002637389674316522,0.002559582687775029,True
fold_0045,2023-09-29,elastic_net,distance_sma_50d_sector_neutral,0.0001,0.1,-0.004213656563773953,-0.005248160410921378,-0.005965838843260046,0.0009454452687042075,0.8028825786280026,0.002637389674316522,0.002559582687775029,True
fold_0045,2023-09-29,elastic_net,max_drawdown_126d_sector_neutral,0.0001,0.1,-0.003717717536346796,-0.0047146996916001905,0.09557154043061922,0.008664683218732231,0.7885375059986028,0.002637389674316522,0.002559582687775029,True
fold_0045,2023-09-29,elastic_net,return_3m_sector_neutral,0.0001,0.1,0.004816315023359006,0.005980862120757571,-0.03527706980601161,-0.0011681566653379324,0.8052877538579579,0.002637389674316522,0.002559582687775029,True
fold_0045,2023-09-29,elastic_net,reversal_1m_sector_neutral,0.0001,0.1,-0.0006935892468159684,-0.0008615501533459066,0.01499734989796142,0.00017706071371698004,0.8050480220128252,0.002637389674316522,0.002559582687775029,True
fold_0045,2023-09-29,elastic_net,volatility_60d_sector_neutral,0.0001,0.1,0.002832737277438181,0.003589691244601397,-0.08755895278441042,-0.007729463970194828,0.7891311771446602,0.002637389674316522,0.002559582687775029,True
fold_0045,2023-09-29,ridge,amihud_illiquidity_20d_sector_neutral,0.01,,0.002450598648140658,0.0033872529691757985,-0.03534510328026674,0.0515524855216348,0.7234767141519248,0.002637389674316522,0.0025586146272533706,True
fold_0045,2023-09-29,ridge,average_dollar_volume_20d_sector_neutral,0.01,,0.0020898261285911953,0.0024443418163428566,-0.03761482487648468,-0.01370859364927949,0.8549647658190146,0.002637389674316522,0.0025586146272533706,True
fold_0045,2023-09-29,ridge,beta_60d_market_sector_neutral,0.01,,-0.0017374349607095917,-0.0025614393385565244,-0.04107199127214249,-0.007398120694797229,0.678304160694552,0.002637389674316522,0.0025586146272533706,True
fold_0045,2023-09-29,ridge,distance_sma_50d_sector_neutral,0.01,,-0.004359949065649623,-0.005430369498239799,-0.005965838843260046,0.0009454452687042075,0.8028825786280026,0.002637389674316522,0.0025586146272533706,True
fold_0045,2023-09-29,ridge,max_drawdown_126d_sector_neutral,0.01,,-0.003725392596748949,-0.004724432976756276,0.09557154043061922,0.008664683218732231,0.7885375059986028,0.002637389674316522,0.0025586146272533706,True
fold_0045,2023-09-29,ridge,return_3m_sector_neutral,0.01,,0.004879758314192998,0.006059645500400497,-0.03527706980601161,-0.0011681566653379324,0.8052877538579579,0.002637389674316522,0.0025586146272533706,True
fold_0045,2023-09-29,ridge,reversal_1m_sector_neutral,0.01,,-0.0007938310188940108,-0.0009860666658235255,0.01499734989796142,0.00017706071371698004,0.8050480220128252,0.002637389674316522,0.0025586146272533706,True
fold_0045,2023-09-29,ridge,volatility_60d_sector_neutral,0.01,,0.0028550122178215547,0.0036179184152271633,-0.08755895278441042,-0.007729463970194828,0.7891311771446602,0.002637389674316522,0.0025586146272533706,True
fold_0046,2023-10-31,elastic_net,amihud_illiquidity_20d_sector_neutral,0.001,0.1,0.0019988448680606087,0.0027631504613821905,-0.03374676948238095,0.051564057174604126,0.7233934221087408,0.002576622645766311,0.0025196836090800962,True
fold_0046,2023-10-31,elastic_net,average_dollar_volume_20d_sector_neutral,0.001,0.1,0.0016267563219957838,0.0019012887691829176,-0.03671299006845802,-0.013623656598014412,0.8556071799103329,0.002576622645766311,0.0025196836090800962,True
fold_0046,2023-10-31,elastic_net,beta_60d_market_sector_neutral,0.001,0.1,-0.001809399849070162,-0.002667798930651874,-0.04052484681505648,-0.007198799490989246,0.678236964668112,0.002576622645766311,0.0025196836090800962,True
fold_0046,2023-10-31,elastic_net,distance_sma_50d_sector_neutral,0.001,0.1,-0.00316019836941831,-0.003930276786627053,-0.0071315475762413795,0.0007459635705441025,0.8040650928634415,0.002576622645766311,0.0025196836090800962,True
fold_0046,2023-10-31,elastic_net,max_drawdown_126d_sector_neutral,0.001,0.1,-0.0035974914796803974,-0.004553186188067812,0.09602011220065343,0.008646981865274255,0.7901041888223391,0.002576622645766311,0.0025196836090800962,True
fold_0046,2023-10-31,elastic_net,return_3m_sector_neutral,0.001,0.1,0.004265515053210088,0.005289943085705039,-0.035332241786248886,-0.0013511615779328002,0.8063442241442537,0.002576622645766311,0.0025196836090800962,True
fold_0046,2023-10-31,elastic_net,reversal_1m_sector_neutral,0.001,0.1,-0.0,-0.0,0.014323617389787033,0.0003306023819867709,0.8063709860404465,0.002576622645766311,0.0025196836090800962,False
fold_0046,2023-10-31,elastic_net,volatility_60d_sector_neutral,0.001,0.1,0.0030273845232235523,0.0038367326457070215,-0.08783477323934277,-0.0076606657670483455,0.78905277035942,0.002576622645766311,0.0025196836090800962,True
fold_0046,2023-10-31,ridge,amihud_illiquidity_20d_sector_neutral,100.0,,0.002144519747252818,0.0029645275747758357,-0.03374676948238095,0.051564057174604126,0.7233934221087408,0.002576622645766311,0.0025117294490469132,True
fold_0046,2023-10-31,ridge,average_dollar_volume_20d_sector_neutral,100.0,,0.0017776291053358945,0.002077622940847912,-0.03671299006845802,-0.013623656598014412,0.8556071799103329,0.002576622645766311,0.0025117294490469132,True
fold_0046,2023-10-31,ridge,beta_60d_market_sector_neutral,100.0,,-0.0020369645895704103,-0.0030033228733959924,-0.04052484681505648,-0.007198799490989246,0.678236964668112,0.002576622645766311,0.0025117294490469132,True
fold_0046,2023-10-31,ridge,distance_sma_50d_sector_neutral,100.0,,-0.0036925800131549402,-0.004592389404699689,-0.0071315475762413795,0.0007459635705441025,0.8040650928634415,0.002576622645766311,0.0025117294490469132,True
fold_0046,2023-10-31,ridge,max_drawdown_126d_sector_neutral,100.0,,-0.003600600786950805,-0.00455712150104855,0.09602011220065343,0.008646981865274255,0.7901041888223391,0.002576622645766311,0.0025117294490469132,True
fold_0046,2023-10-31,ridge,return_3m_sector_neutral,100.0,,0.004466834102135073,0.00553961195279296,-0.035332241786248886,-0.0013511615779328002,0.8063442241442537,0.002576622645766311,0.0025117294490469132,True
fold_0046,2023-10-31,ridge,reversal_1m_sector_neutral,100.0,,-0.0003725592482008984,-0.00046201965925174205,0.014323617389787033,0.0003306023819867709,0.8063709860404465,0.002576622645766311,0.0025117294490469132,True
fold_0046,2023-10-31,ridge,volatility_60d_sector_neutral,100.0,,0.0031741279708594468,0.004022706832920193,-0.08783477323934277,-0.0076606657670483455,0.78905277035942,0.002576622645766311,0.0025117294490469132,True
fold_0047,2023-11-30,elastic_net,amihud_illiquidity_20d_sector_neutral,0.001,0.1,0.002053763254835094,0.002842221679804793,-0.033278913015166195,0.05153543420781924,0.7225908061387206,0.002495952817256273,0.0024372998173744875,True
fold_0047,2023-11-30,elastic_net,average_dollar_volume_20d_sector_neutral,0.001,0.1,0.0017596716155701122,0.002055945077374808,-0.03648791569363147,-0.013585196230854735,0.8558942721451486,0.002495952817256273,0.0024372998173744875,True
fold_0047,2023-11-30,elastic_net,beta_60d_market_sector_neutral,0.001,0.1,-0.0017205249776885913,-0.002535600670004651,-0.04079706920337813,-0.00696292391648788,0.6785472957322713,0.002495952817256273,0.0024372998173744875,True
fold_0047,2023-11-30,elastic_net,distance_sma_50d_sector_neutral,0.001,0.1,-0.0031269972635266847,-0.0038818719381467416,-0.007095468952562439,0.0004737135523861757,0.805538491055827,0.002495952817256273,0.0024372998173744875,True
fold_0047,2023-11-30,elastic_net,max_drawdown_126d_sector_neutral,0.001,0.1,-0.003596541464812177,-0.0045509862530436875,0.09643323817757227,0.008416606281616624,0.7902773739223712,0.002495952817256273,0.0024372998173744875,True
fold_0047,2023-11-30,elastic_net,return_3m_sector_neutral,0.001,0.1,0.0040107701029161846,0.004967413015165791,-0.03527706980601161,-0.0015691427332754362,0.80741627295155,0.002495952817256273,0.0024372998173744875,True
fold_0047,2023-11-30,elastic_net,reversal_1m_sector_neutral,0.001,0.1,0.0,0.0,0.013685197935213007,0.0004955794358610888,0.8074162546478969,0.002495952817256273,0.0024372998173744875,False
fold_0047,2023-11-30,elastic_net,volatility_60d_sector_neutral,0.001,0.1,0.0030774805194142088,0.003898230208536448,-0.08783477323934277,-0.007595644506130523,0.7894558183544574,0.002495952817256273,0.0024372998173744875,True
fold_0047,2023-11-30,ridge,amihud_illiquidity_20d_sector_neutral,100.0,,0.002200450040129491,0.0030452228584085467,-0.033278913015166195,0.05153543420781924,0.7225908061387206,0.002495952817256273,0.0024290355083865086,True
fold_0047,2023-11-30,ridge,average_dollar_volume_20d_sector_neutral,100.0,,0.0019069395780723071,0.0022280083418398143,-0.03648791569363147,-0.013585196230854735,0.8558942721451486,0.002495952817256273,0.0024290355083865086,True
fold_0047,2023-11-30,ridge,beta_60d_market_sector_neutral,100.0,,-0.0019530213109355157,-0.00287823903096963,-0.04079706920337813,-0.00696292391648788,0.6785472957322713,0.002495952817256273,0.0024290355083865086,True
fold_0047,2023-11-30,ridge,distance_sma_50d_sector_neutral,100.0,,-0.003500656759247506,-0.004345734931498012,-0.007095468952562439,0.0004737135523861757,0.805538491055827,0.002495952817256273,0.0024290355083865086,True
fold_0047,2023-11-30,ridge,max_drawdown_126d_sector_neutral,100.0,,-0.0036090941250936245,-0.004566870119513437,0.09643323817757227,0.008416606281616624,0.7902773739223712,0.002495952817256273,0.0024290355083865086,True
fold_0047,2023-11-30,ridge,return_3m_sector_neutral,100.0,,0.004196202502730399,0.005197074474844276,-0.03527706980601161,-0.0015691427332754362,0.80741627295155,0.002495952817256273,0.0024290355083865086,True
fold_0047,2023-11-30,ridge,reversal_1m_sector_neutral,100.0,,-0.00020111148427137942,-0.00024908030165813466,0.013685197935213007,0.0004955794358610888,0.8074162546478969,0.002495952817256273,0.0024290355083865086,True
fold_0047,2023-11-30,ridge,volatility_60d_sector_neutral,100.0,,0.003223869211932875,0.0040836600820204376,-0.08783477323934277,-0.007595644506130523,0.7894558183544574,0.002495952817256273,0.0024290355083865086,True
fold_0048,2023-12-29,elastic_net,amihud_illiquidity_20d_sector_neutral,0.001,0.1,0.002053763254835094,0.002842221679804793,-0.033278913015166195,0.05153543420781924,0.7225908061387206,0.002495952817256273,0.0024372998173744875,True
fold_0048,2023-12-29,elastic_net,average_dollar_volume_20d_sector_neutral,0.001,0.1,0.0017596716155701122,0.002055945077374808,-0.03648791569363147,-0.013585196230854735,0.8558942721451486,0.002495952817256273,0.0024372998173744875,True
fold_0048,2023-12-29,elastic_net,beta_60d_market_sector_neutral,0.001,0.1,-0.0017205249776885913,-0.002535600670004651,-0.04079706920337813,-0.00696292391648788,0.6785472957322713,0.002495952817256273,0.0024372998173744875,True
fold_0048,2023-12-29,elastic_net,distance_sma_50d_sector_neutral,0.001,0.1,-0.0031269972635266847,-0.0038818719381467416,-0.007095468952562439,0.0004737135523861757,0.805538491055827,0.002495952817256273,0.0024372998173744875,True
fold_0048,2023-12-29,elastic_net,max_drawdown_126d_sector_neutral,0.001,0.1,-0.003596541464812177,-0.0045509862530436875,0.09643323817757227,0.008416606281616624,0.7902773739223712,0.002495952817256273,0.0024372998173744875,True
fold_0048,2023-12-29,elastic_net,return_3m_sector_neutral,0.001,0.1,0.0040107701029161846,0.004967413015165791,-0.03527706980601161,-0.0015691427332754362,0.80741627295155,0.002495952817256273,0.0024372998173744875,True
fold_0048,2023-12-29,elastic_net,reversal_1m_sector_neutral,0.001,0.1,0.0,0.0,0.013685197935213007,0.0004955794358610888,0.8074162546478969,0.002495952817256273,0.0024372998173744875,False
fold_0048,2023-12-29,elastic_net,volatility_60d_sector_neutral,0.001,0.1,0.0030774805194142088,0.003898230208536448,-0.08783477323934277,-0.007595644506130523,0.7894558183544574,0.002495952817256273,0.0024372998173744875,True
fold_0048,2023-12-29,ridge,amihud_illiquidity_20d_sector_neutral,100.0,,0.002200450040129491,0.0030452228584085467,-0.033278913015166195,0.05153543420781924,0.7225908061387206,0.002495952817256273,0.0024290355083865086,True
fold_0048,2023-12-29,ridge,average_dollar_volume_20d_sector_neutral,100.0,,0.0019069395780723071,0.0022280083418398143,-0.03648791569363147,-0.013585196230854735,0.8558942721451486,0.002495952817256273,0.0024290355083865086,True
fold_0048,2023-12-29,ridge,beta_60d_market_sector_neutral,100.0,,-0.0019530213109355157,-0.00287823903096963,-0.04079706920337813,-0.00696292391648788,0.6785472957322713,0.002495952817256273,0.0024290355083865086,True
fold_0048,2023-12-29,ridge,distance_sma_50d_sector_neutral,100.0,,-0.003500656759247506,-0.004345734931498012,-0.007095468952562439,0.0004737135523861757,0.805538491055827,0.002495952817256273,0.0024290355083865086,True
fold_0048,2023-12-29,ridge,max_drawdown_126d_sector_neutral,100.0,,-0.0036090941250936245,-0.004566870119513437,0.09643323817757227,0.008416606281616624,0.7902773739223712,0.002495952817256273,0.0024290355083865086,True
fold_0048,2023-12-29,ridge,return_3m_sector_neutral,100.0,,0.004196202502730399,0.005197074474844276,-0.03527706980601161,-0.0015691427332754362,0.80741627295155,0.002495952817256273,0.0024290355083865086,True
fold_0048,2023-12-29,ridge,reversal_1m_sector_neutral,100.0,,-0.00020111148427137942,-0.00024908030165813466,0.013685197935213007,0.0004955794358610888,0.8074162546478969,0.002495952817256273,0.0024290355083865086,True
fold_0048,2023-12-29,ridge,volatility_60d_sector_neutral,100.0,,0.003223869211932875,0.0040836600820204376,-0.08783477323934277,-0.007595644506130523,0.7894558183544574,0.002495952817256273,0.0024290355083865086,True
fold_0049,2024-01-31,elastic_net,amihud_illiquidity_20d_sector_neutral,0.0001,0.1,0.002213554306826033,0.0030661572656818775,-0.033098483201498025,0.05157876638349001,0.7219311062747346,0.002523024507946389,0.002454845457646379,True
fold_0049,2024-01-31,elastic_net,average_dollar_volume_20d_sector_neutral,0.0001,0.1,0.0018005413682243689,0.0021030055033844177,-0.036117095780563324,-0.013508484454080422,0.8561753002199538,0.002523024507946389,0.002454845457646379,True
fold_0049,2024-01-31,elastic_net,beta_60d_market_sector_neutral,0.0001,0.1,-0.001923225399298503,-0.0028240985313436762,-0.0395911844773304,-0.006093820319951868,0.6810050633691781,0.002523024507946389,0.002454845457646379,True
fold_0049,2024-01-31,elastic_net,distance_sma_50d_sector_neutral,0.0001,0.1,-0.0047863380162930826,-0.005934589994092308,-0.005486440644340063,0.0009111083825631526,0.8065153651823844,0.002523024507946389,0.002454845457646379,True
fold_0049,2024-01-31,elastic_net,max_drawdown_126d_sector_neutral,0.0001,0.1,-0.003523099512153073,-0.004452608936966665,0.09698830755932897,0.007916344467657925,0.7912438666920478,0.002523024507946389,0.002454845457646379,True
fold_0049,2024-01-31,elastic_net,return_3m_sector_neutral,0.0001,0.1,0.004719200727738055,0.005836914532716187,-0.03497367138965482,-0.0015321026126737833,0.8085094789870073,0.002523024507946389,0.002454845457646379,True
fold_0049,2024-01-31,elastic_net,reversal_1m_sector_neutral,0.0001,0.1,-0.0010857686655398025,-0.0013431032607998602,0.013388905858705669,-4.915047838618292e-05,0.8084029703666963,0.002523024507946389,0.002454845457646379,True
fold_0049,2024-01-31,elastic_net,volatility_60d_sector_neutral,0.0001,0.1,0.003208586655110053,0.004060865099330963,-0.08783477323934277,-0.0072000698126506715,0.7901239210430002,0.002523024507946389,0.002454845457646379,True
fold_0049,2024-01-31,ridge,amihud_illiquidity_20d_sector_neutral,0.01,,0.0022344271666365867,0.0030950698026665498,-0.033098483201498025,0.05157876638349001,0.7219311062747346,0.002523024507946389,0.0024538930420824174,True
fold_0049,2024-01-31,ridge,average_dollar_volume_20d_sector_neutral,0.01,,0.0018206012659666123,0.0021264351652037785,-0.036117095780563324,-0.013508484454080422,0.8561753002199538,0.002523024507946389,0.0024538930420824174,True
fold_0049,2024-01-31,ridge,beta_60d_market_sector_neutral,0.01,,-0.0019613337367006293,-0.0028800574947228774,-0.0395911844773304,-0.006093820319951868,0.6810050633691781,0.002523024507946389,0.0024538930420824174,True
fold_0049,2024-01-31,ridge,distance_sma_50d_sector_neutral,0.01,,-0.004933001933338279,-0.006116438875560339,-0.005486440644340063,0.0009111083825631526,0.8065153651823844,0.002523024507946389,0.0024538930420824174,True
fold_0049,2024-01-31,ridge,max_drawdown_126d_sector_neutral,0.01,,-0.003532028354332274,-0.004463893501125791,0.09698830755932897,0.007916344467657925,0.7912438666920478,0.002523024507946389,0.0024538930420824174,True
fold_0049,2024-01-31,ridge,return_3m_sector_neutral,0.01,,0.004783246809013523,0.005916129536299957,-0.03497367138965482,-0.0015321026126737833,0.8085094789870073,0.002523024507946389,0.0024538930420824174,True
fold_0049,2024-01-31,ridge,reversal_1m_sector_neutral,0.01,,-0.0011863338979194048,-0.00146750314064442,0.013388905858705669,-4.915047838618292e-05,0.8084029703666963,0.002523024507946389,0.0024538930420824174,True
fold_0049,2024-01-31,ridge,volatility_60d_sector_neutral,0.01,,0.0032297765125503483,0.004087683496896149,-0.08783477323934277,-0.0072000698126506715,0.7901239210430002,0.002523024507946389,0.0024538930420824174,True
fold_0050,2024-02-29,elastic_net,amihud_illiquidity_20d_sector_neutral,0.0001,0.1,0.002213554306826033,0.0030661572656818775,-0.033098483201498025,0.05157876638349001,0.7219311062747346,0.002523024507946389,0.002454845457646379,True
fold_0050,2024-02-29,elastic_net,average_dollar_volume_20d_sector_neutral,0.0001,0.1,0.0018005413682243689,0.0021030055033844177,-0.036117095780563324,-0.013508484454080422,0.8561753002199538,0.002523024507946389,0.002454845457646379,True
fold_0050,2024-02-29,elastic_net,beta_60d_market_sector_neutral,0.0001,0.1,-0.001923225399298503,-0.0028240985313436762,-0.0395911844773304,-0.006093820319951868,0.6810050633691781,0.002523024507946389,0.002454845457646379,True
fold_0050,2024-02-29,elastic_net,distance_sma_50d_sector_neutral,0.0001,0.1,-0.0047863380162930826,-0.005934589994092308,-0.005486440644340063,0.0009111083825631526,0.8065153651823844,0.002523024507946389,0.002454845457646379,True
fold_0050,2024-02-29,elastic_net,max_drawdown_126d_sector_neutral,0.0001,0.1,-0.003523099512153073,-0.004452608936966665,0.09698830755932897,0.007916344467657925,0.7912438666920478,0.002523024507946389,0.002454845457646379,True
fold_0050,2024-02-29,elastic_net,return_3m_sector_neutral,0.0001,0.1,0.004719200727738055,0.005836914532716187,-0.03497367138965482,-0.0015321026126737833,0.8085094789870073,0.002523024507946389,0.002454845457646379,True
fold_0050,2024-02-29,elastic_net,reversal_1m_sector_neutral,0.0001,0.1,-0.0010857686655398025,-0.0013431032607998602,0.013388905858705669,-4.915047838618292e-05,0.8084029703666963,0.002523024507946389,0.002454845457646379,True
fold_0050,2024-02-29,elastic_net,volatility_60d_sector_neutral,0.0001,0.1,0.003208586655110053,0.004060865099330963,-0.08783477323934277,-0.0072000698126506715,0.7901239210430002,0.002523024507946389,0.002454845457646379,True
fold_0050,2024-02-29,ridge,amihud_illiquidity_20d_sector_neutral,0.01,,0.0022344271666365867,0.0030950698026665498,-0.033098483201498025,0.05157876638349001,0.7219311062747346,0.002523024507946389,0.0024538930420824174,True
fold_0050,2024-02-29,ridge,average_dollar_volume_20d_sector_neutral,0.01,,0.0018206012659666123,0.0021264351652037785,-0.036117095780563324,-0.013508484454080422,0.8561753002199538,0.002523024507946389,0.0024538930420824174,True
fold_0050,2024-02-29,ridge,beta_60d_market_sector_neutral,0.01,,-0.0019613337367006293,-0.0028800574947228774,-0.0395911844773304,-0.006093820319951868,0.6810050633691781,0.002523024507946389,0.0024538930420824174,True
fold_0050,2024-02-29,ridge,distance_sma_50d_sector_neutral,0.01,,-0.004933001933338279,-0.006116438875560339,-0.005486440644340063,0.0009111083825631526,0.8065153651823844,0.002523024507946389,0.0024538930420824174,True
fold_0050,2024-02-29,ridge,max_drawdown_126d_sector_neutral,0.01,,-0.003532028354332274,-0.004463893501125791,0.09698830755932897,0.007916344467657925,0.7912438666920478,0.002523024507946389,0.0024538930420824174,True
fold_0050,2024-02-29,ridge,return_3m_sector_neutral,0.01,,0.004783246809013523,0.005916129536299957,-0.03497367138965482,-0.0015321026126737833,0.8085094789870073,0.002523024507946389,0.0024538930420824174,True
fold_0050,2024-02-29,ridge,reversal_1m_sector_neutral,0.01,,-0.0011863338979194048,-0.00146750314064442,0.013388905858705669,-4.915047838618292e-05,0.8084029703666963,0.002523024507946389,0.0024538930420824174,True
fold_0050,2024-02-29,ridge,volatility_60d_sector_neutral,0.01,,0.0032297765125503483,0.004087683496896149,-0.08783477323934277,-0.0072000698126506715,0.7901239210430002,0.002523024507946389,0.0024538930420824174,True
fold_0051,2024-03-28,elastic_net,amihud_illiquidity_20d_sector_neutral,0.01,0.1,0.00023134682942107325,0.00032065849054412104,-0.033098483201498025,0.051494500555090826,0.721474204623442,0.0025824797383659235,0.002614052339661466,True
fold_0051,2024-03-28,elastic_net,average_dollar_volume_20d_sector_neutral,0.01,0.1,0.00015455178787827435,0.00018047017102398175,-0.03606438553240568,-0.013472611023528924,0.8563841160084941,0.0025824797383659235,0.002614052339661466,True
fold_0051,2024-03-28,elastic_net,beta_60d_market_sector_neutral,0.01,0.1,-0.0,-0.0,-0.03862374131090923,-0.0056725390487817155,0.6822850488898341,0.0025824797383659235,0.002614052339661466,False
fold_0051,2024-03-28,elastic_net,distance_sma_50d_sector_neutral,0.01,0.1,-0.0,-0.0,-0.005297321926364007,0.0008517767989580172,0.8068084632548742,0.0025824797383659235,0.002614052339661466,False
fold_0051,2024-03-28,elastic_net,max_drawdown_126d_sector_neutral,0.01,0.1,-0.0024221587044743744,-0.003058673167968117,0.09698830755932897,0.007662579110564989,0.7918985035211917,0.0025824797383659235,0.002614052339661466,True
fold_0051,2024-03-28,elastic_net,return_3m_sector_neutral,0.01,0.1,0.001009324220306079,0.001248325047082211,-0.034945368354931866,-0.0013505596544412378,0.8085427931332759,0.0025824797383659235,0.002614052339661466,True
fold_0051,2024-03-28,elastic_net,reversal_1m_sector_neutral,0.01,0.1,0.0,0.0,0.013388905858705669,0.00012085175678510413,0.8083759775582539,0.0025824797383659235,0.002614052339661466,False
fold_0051,2024-03-28,elastic_net,volatility_60d_sector_neutral,0.01,0.1,0.0023333952177305084,0.0029520371988294354,-0.08802361410303466,-0.0069545475715246715,0.7904355740014944,0.0025824797383659235,0.002614052339661466,True
fold_0051,2024-03-28,ridge,amihud_illiquidity_20d_sector_neutral,0.01,,0.002242844181996126,0.003108696288270944,-0.033098483201498025,0.051494500555090826,0.721474204623442,0.002582479738365924,0.002513698045147892,True
fold_0051,2024-03-28,ridge,average_dollar_volume_20d_sector_neutral,0.01,,0.001989953458450862,0.002323669275565037,-0.03606438553240568,-0.013472611023528924,0.8563841160084941,0.002582479738365924,0.002513698045147892,True
fold_0051,2024-03-28,ridge,beta_60d_market_sector_neutral,0.01,,-0.0017727083324199362,-0.0025981931383435145,-0.03862374131090923,-0.0056725390487817155,0.6822850488898341,0.002582479738365924,0.002513698045147892,True
fold_0051,2024-03-28,ridge,distance_sma_50d_sector_neutral,0.01,,-0.004804892254788328,-0.00595543115078906,-0.005297321926364007,0.0008517767989580172,0.8068084632548742,0.002582479738365924,0.002513698045147892,True
fold_0051,2024-03-28,ridge,max_drawdown_126d_sector_neutral,0.01,,-0.0035554342138467564,-0.004489759985702019,0.09698830755932897,0.007662579110564989,0.7918985035211917,0.002582479738365924,0.002513698045147892,True
fold_0051,2024-03-28,ridge,return_3m_sector_neutral,0.01,,0.004993894267492156,0.00617641306051316,-0.034945368354931866,-0.0013505596544412378,0.8085427931332759,0.002582479738365924,0.002513698045147892,True
fold_0051,2024-03-28,ridge,reversal_1m_sector_neutral,0.01,,-0.0012843174461585432,-0.0015887625087993064,0.013388905858705669,0.00012085175678510413,0.8083759775582539,0.002582479738365924,0.002513698045147892,True
fold_0051,2024-03-28,ridge,volatility_60d_sector_neutral,0.01,,0.0030371602708459205,0.003842388134773117,-0.08802361410303466,-0.0069545475715246715,0.7904355740014944,0.002582479738365924,0.002513698045147892,True
fold_0052,2024-04-30,elastic_net,amihud_illiquidity_20d_sector_neutral,0.01,0.1,2.549573011201797e-05,3.5376468606817305e-05,-0.03250782246831074,0.051312967330550366,0.7206974329570237,0.0025091818836624337,0.0025536248842815763,True
fold_0052,2024-04-30,elastic_net,average_dollar_volume_20d_sector_neutral,0.01,0.1,4.1125331735231905e-05,4.8001848593756235e-05,-0.03579267965569807,-0.013397316840705366,0.856744749213288,0.0025091818836624337,0.0025536248842815763,True
fold_0052,2024-04-30,elastic_net,beta_60d_market_sector_neutral,0.01,0.1,-0.0,-0.0,-0.04153307478803725,-0.005369678566813591,0.6834596094894592,0.0025091818836624337,0.0025536248842815763,False
fold_0052,2024-04-30,elastic_net,distance_sma_50d_sector_neutral,0.01,0.1,-0.0,-0.0,-0.005965838843260046,0.0006266974191445367,0.8081418607470058,0.0025091818836624337,0.0025536248842815763,False
fold_0052,2024-04-30,elastic_net,max_drawdown_126d_sector_neutral,0.01,0.1,-0.0025844049637906686,-0.0032609010931244696,0.09643323817757227,0.0072496274881772415,0.7925431928125092,0.0025091818836624337,0.0025536248842815763,True
fold_0052,2024-04-30,elastic_net,return_3m_sector_neutral,0.01,0.1,0.0009897157132670786,0.0012220997078539223,-0.03500491458203131,-0.0014067299995228822,0.809848580198973,0.0025091818836624337,0.0025536248842815763,True
fold_0052,2024-04-30,elastic_net,reversal_1m_sector_neutral,0.01,0.1,0.0,0.0,0.013685197935213007,0.00024300957309543342,0.8093543436824219,0.0025091818836624337,0.0025536248842815763,False
fold_0052,2024-04-30,elastic_net,volatility_60d_sector_neutral,0.01,0.1,0.0023476353899500885,0.0029707048640601978,-0.08822111397381915,-0.006818480672769162,0.7902620749546517,0.0025091818836624337,0.0025536248842815763,True
fold_0052,2024-04-30,ridge,amihud_illiquidity_20d_sector_neutral,100.0,,0.001984550029621397,0.0027536521414802083,-0.03250782246831074,0.051312967330550366,0.7206974329570237,0.0025091818836624337,0.002453610437525177,True
fold_0052,2024-04-30,ridge,average_dollar_volume_20d_sector_neutral,100.0,,0.0018319345930921872,0.002138250155340169,-0.03579267965569807,-0.013397316840705366,0.856744749213288,0.0025091818836624337,0.002453610437525177,True
fold_0052,2024-04-30,ridge,beta_60d_market_sector_neutral,100.0,,-0.001754714952073202,-0.002567401098338445,-0.04153307478803725,-0.005369678566813591,0.6834596094894592,0.0025091818836624337,0.002453610437525177,True
fold_0052,2024-04-30,ridge,distance_sma_50d_sector_neutral,100.0,,-0.0039289888513194485,-0.004861756384810568,-0.005965838843260046,0.0006266974191445367,0.8081418607470058,0.0025091818836624337,0.002453610437525177,True
fold_0052,2024-04-30,ridge,max_drawdown_126d_sector_neutral,100.0,,-0.0036296012087744917,-0.004579688831714111,0.09643323817757227,0.0072496274881772415,0.7925431928125092,0.0025091818836624337,0.002453610437525177,True
fold_0052,2024-04-30,ridge,return_3m_sector_neutral,100.0,,0.004493415256644237,0.005548463461577277,-0.03500491458203131,-0.0014067299995228822,0.809848580198973,0.0025091818836624337,0.002453610437525177,True
fold_0052,2024-04-30,ridge,reversal_1m_sector_neutral,100.0,,-0.0008276331163524128,-0.0010225843881764144,0.013685197935213007,0.00024300957309543342,0.8093543436824219,0.0025091818836624337,0.002453610437525177,True
fold_0052,2024-04-30,ridge,volatility_60d_sector_neutral,100.0,,0.0030788081185838183,0.003895933027990103,-0.08822111397381915,-0.006818480672769162,0.7902620749546517,0.0025091818836624337,0.002453610437525177,True
fold_0053,2024-05-31,elastic_net,amihud_illiquidity_20d_sector_neutral,0.01,0.1,0.0,0.0,-0.03276142629191747,0.051289612980919434,0.7208738839252541,0.0026281015597364294,0.0026759409866335938,False
fold_0053,2024-05-31,elastic_net,average_dollar_volume_20d_sector_neutral,0.01,0.1,0.00015461125487578194,0.00018041483941242154,-0.0355045175060629,-0.013358826985230785,0.8569763738909881,0.0026281015597364294,0.0026759409866335938,True
fold_0053,2024-05-31,elastic_net,beta_60d_market_sector_neutral,0.01,0.1,-0.0,-0.0,-0.04287206898932583,-0.005236358786628935,0.6838615613520613,0.0026281015597364294,0.0026759409866335938,False
fold_0053,2024-05-31,elastic_net,distance_sma_50d_sector_neutral,0.01,0.1,-0.0,-0.0,-0.006751112373206608,0.00016123903731661015,0.8086321377812787,0.0026281015597364294,0.0026759409866335938,False
fold_0053,2024-05-31,elastic_net,max_drawdown_126d_sector_neutral,0.01,0.1,-0.002622402703219914,-0.003308553287856523,0.09578228046822174,0.0068351301480404384,0.7926131076216886,0.0026281015597364294,0.0026759409866335938,True
fold_0053,2024-05-31,elastic_net,return_3m_sector_neutral,0.01,0.1,0.0011029034995557808,0.0013605589090912834,-0.03527706980601161,-0.001735598235287714,0.810625318893696,0.0026281015597364294,0.0026759409866335938,True
fold_0053,2024-05-31,elastic_net,reversal_1m_sector_neutral,0.01,0.1,0.0,0.0,0.014056733817896468,0.0006831238804199096,0.8097614674067428,0.0026281015597364294,0.0026759409866335938,False
fold_0053,2024-05-31,elastic_net,volatility_60d_sector_neutral,0.01,0.1,0.0023998590493122815,0.003035824976292605,-0.0886439561166513,-0.006737384554696409,0.790512980179452,0.0026281015597364294,0.0026759409866335938,True
fold_0053,2024-05-31,ridge,amihud_illiquidity_20d_sector_neutral,100.0,,0.0018958056291951864,0.002629871426153314,-0.03276142629191747,0.051289612980919434,0.7208738839252541,0.0026281015597364294,0.0025799013235645305,True
fold_0053,2024-05-31,ridge,average_dollar_volume_20d_sector_neutral,100.0,,0.001903909074118738,0.0022216587669439355,-0.0355045175060629,-0.013358826985230785,0.8569763738909881,0.0026281015597364294,0.0025799013235645305,True
fold_0053,2024-05-31,ridge,beta_60d_market_sector_neutral,100.0,,-0.0016237481119117342,-0.0023743813129391642,-0.04287206898932583,-0.005236358786628935,0.6838615613520613,0.0026281015597364294,0.0025799013235645305,True
fold_0053,2024-05-31,ridge,distance_sma_50d_sector_neutral,100.0,,-0.004214348590287531,-0.0052117005908902435,-0.006751112373206608,0.00016123903731661015,0.8086321377812787,0.0026281015597364294,0.0025799013235645305,True
fold_0053,2024-05-31,ridge,max_drawdown_126d_sector_neutral,100.0,,-0.0036802099816290942,-0.004643135403944954,0.09578228046822174,0.0068351301480404384,0.7926131076216886,0.0026281015597364294,0.0025799013235645305,True
fold_0053,2024-05-31,ridge,return_3m_sector_neutral,100.0,,0.0047318386854427515,0.005837269790561867,-0.03527706980601161,-0.001735598235287714,0.810625318893696,0.0026281015597364294,0.0025799013235645305,True
fold_0053,2024-05-31,ridge,reversal_1m_sector_neutral,100.0,,-0.0009856083095670567,-0.0012171588168099212,0.014056733817896468,0.0006831238804199096,0.8097614674067428,0.0026281015597364294,0.0025799013235645305,True
fold_0053,2024-05-31,ridge,volatility_60d_sector_neutral,100.0,,0.0030388859333677913,0.0038441948577213024,-0.0886439561166513,-0.006737384554696409,0.790512980179452,0.0026281015597364294,0.0025799013235645305,True
fold_0054,2024-06-28,elastic_net,amihud_illiquidity_20d_sector_neutral,0.01,0.1,0.0,0.0,-0.03276142629191747,0.051289612980919434,0.7208738839252541,0.0026281015597364294,0.0026759409866335938,False
fold_0054,2024-06-28,elastic_net,average_dollar_volume_20d_sector_neutral,0.01,0.1,0.00015461125487578194,0.00018041483941242154,-0.0355045175060629,-0.013358826985230785,0.8569763738909881,0.0026281015597364294,0.0026759409866335938,True
fold_0054,2024-06-28,elastic_net,beta_60d_market_sector_neutral,0.01,0.1,-0.0,-0.0,-0.04287206898932583,-0.005236358786628935,0.6838615613520613,0.0026281015597364294,0.0026759409866335938,False
fold_0054,2024-06-28,elastic_net,distance_sma_50d_sector_neutral,0.01,0.1,-0.0,-0.0,-0.006751112373206608,0.00016123903731661015,0.8086321377812787,0.0026281015597364294,0.0026759409866335938,False
fold_0054,2024-06-28,elastic_net,max_drawdown_126d_sector_neutral,0.01,0.1,-0.002622402703219914,-0.003308553287856523,0.09578228046822174,0.0068351301480404384,0.7926131076216886,0.0026281015597364294,0.0026759409866335938,True
fold_0054,2024-06-28,elastic_net,return_3m_sector_neutral,0.01,0.1,0.0011029034995557808,0.0013605589090912834,-0.03527706980601161,-0.001735598235287714,0.810625318893696,0.0026281015597364294,0.0026759409866335938,True
fold_0054,2024-06-28,elastic_net,reversal_1m_sector_neutral,0.01,0.1,0.0,0.0,0.014056733817896468,0.0006831238804199096,0.8097614674067428,0.0026281015597364294,0.0026759409866335938,False
fold_0054,2024-06-28,elastic_net,volatility_60d_sector_neutral,0.01,0.1,0.0023998590493122815,0.003035824976292605,-0.0886439561166513,-0.006737384554696409,0.790512980179452,0.0026281015597364294,0.0026759409866335938,True
fold_0054,2024-06-28,ridge,amihud_illiquidity_20d_sector_neutral,100.0,,0.0018958056291951864,0.002629871426153314,-0.03276142629191747,0.051289612980919434,0.7208738839252541,0.0026281015597364294,0.0025799013235645305,True
fold_0054,2024-06-28,ridge,average_dollar_volume_20d_sector_neutral,100.0,,0.001903909074118738,0.0022216587669439355,-0.0355045175060629,-0.013358826985230785,0.8569763738909881,0.0026281015597364294,0.0025799013235645305,True
fold_0054,2024-06-28,ridge,beta_60d_market_sector_neutral,100.0,,-0.0016237481119117342,-0.0023743813129391642,-0.04287206898932583,-0.005236358786628935,0.6838615613520613,0.0026281015597364294,0.0025799013235645305,True
fold_0054,2024-06-28,ridge,distance_sma_50d_sector_neutral,100.0,,-0.004214348590287531,-0.0052117005908902435,-0.006751112373206608,0.00016123903731661015,0.8086321377812787,0.0026281015597364294,0.0025799013235645305,True
fold_0054,2024-06-28,ridge,max_drawdown_126d_sector_neutral,100.0,,-0.0036802099816290942,-0.004643135403944954,0.09578228046822174,0.0068351301480404384,0.7926131076216886,0.0026281015597364294,0.0025799013235645305,True
fold_0054,2024-06-28,ridge,return_3m_sector_neutral,100.0,,0.0047318386854427515,0.005837269790561867,-0.03527706980601161,-0.001735598235287714,0.810625318893696,0.0026281015597364294,0.0025799013235645305,True
fold_0054,2024-06-28,ridge,reversal_1m_sector_neutral,100.0,,-0.0009856083095670567,-0.0012171588168099212,0.014056733817896468,0.0006831238804199096,0.8097614674067428,0.0026281015597364294,0.0025799013235645305,True
fold_0054,2024-06-28,ridge,volatility_60d_sector_neutral,100.0,,0.0030388859333677913,0.0038441948577213024,-0.0886439561166513,-0.006737384554696409,0.790512980179452,0.0026281015597364294,0.0025799013235645305,True
fold_0055,2024-07-31,elastic_net,amihud_illiquidity_20d_sector_neutral,0.01,0.5,0.0,0.0,-0.03250782246831074,0.05121359601162118,0.7205205054396999,0.0026362838604601997,0.002639638447220156,False
fold_0055,2024-07-31,elastic_net,average_dollar_volume_20d_sector_neutral,0.01,0.5,0.0,0.0,-0.03526117275048474,-0.013287253221372024,0.856966295351309,0.0026362838604601997,0.002639638447220156,False
fold_0055,2024-07-31,elastic_net,beta_60d_market_sector_neutral,0.01,0.5,0.0,0.0,-0.04303846035043067,-0.004670255486925477,0.684785352338322,0.0026362838604601997,0.002639638447220156,False
fold_0055,2024-07-31,elastic_net,distance_sma_50d_sector_neutral,0.01,0.5,-0.0,-0.0,-0.007494406780496607,0.0001250901824639468,0.8088039571388894,0.0026362838604601997,0.002639638447220156,False
fold_0055,2024-07-31,elastic_net,max_drawdown_126d_sector_neutral,0.01,0.5,-0.0,-0.0,0.09450782567948435,0.006082349381193629,0.7918246957823302,0.0026362838604601997,0.002639638447220156,False
fold_0055,2024-07-31,elastic_net,return_3m_sector_neutral,0.01,0.5,0.0,0.0,-0.035787966210295556,-0.0021786955021899732,0.8101500167526595,0.0026362838604601997,0.002639638447220156,False
fold_0055,2024-07-31,elastic_net,reversal_1m_sector_neutral,0.01,0.5,-0.0,-0.0,0.014202462717338216,0.00042334093028650296,0.8102540865377843,0.0026362838604601997,0.002639638447220156,False
fold_0055,2024-07-31,elastic_net,volatility_60d_sector_neutral,0.01,0.5,0.0004107263239200302,0.000519660295739981,-0.08804875338144483,-0.006455345516015312,0.7903746491449148,0.0026362838604601997,0.002639638447220156,True
fold_0055,2024-07-31,ridge,amihud_illiquidity_20d_sector_neutral,100.0,,0.0017960417407238242,0.002492700384186546,-0.03250782246831074,0.05121359601162118,0.7205205054396999,0.0026362838604601997,0.0025942333644407125,True
fold_0055,2024-07-31,ridge,average_dollar_volume_20d_sector_neutral,100.0,,0.001895607694644853,0.002211997957128242,-0.03526117275048474,-0.013287253221372024,0.856966295351309,0.0026362838604601997,0.0025942333644407125,True
fold_0055,2024-07-31,ridge,beta_60d_market_sector_neutral,100.0,,-0.0014672309789803052,-0.0021426144323475707,-0.04303846035043067,-0.004670255486925477,0.684785352338322,0.0026362838604601997,0.0025942333644407125,True
fold_0055,2024-07-31,ridge,distance_sma_50d_sector_neutral,100.0,,-0.004132925001827214,-0.005109921836247272,-0.007494406780496607,0.0001250901824639468,0.8088039571388894,0.0026362838604601997,0.0025942333644407125,True
fold_0055,2024-07-31,ridge,max_drawdown_126d_sector_neutral,100.0,,-0.003564963971476456,-0.0045022136723763565,0.09450782567948435,0.006082349381193629,0.7918246957823302,0.0026362838604601997,0.0025942333644407125,True
fold_0055,2024-07-31,ridge,return_3m_sector_neutral,100.0,,0.0043520303256590785,0.005371882041184679,-0.035787966210295556,-0.0021786955021899732,0.8101500167526595,0.0026362838604601997,0.0025942333644407125,True
fold_0055,2024-07-31,ridge,reversal_1m_sector_neutral,100.0,,-0.0010621555347345834,-0.0013108919194387207,0.014202462717338216,0.00042334093028650296,0.8102540865377843,0.0026362838604601997,0.0025942333644407125,True
fold_0055,2024-07-31,ridge,volatility_60d_sector_neutral,100.0,,0.003176382697602497,0.004018831703469918,-0.08804875338144483,-0.006455345516015312,0.7903746491449148,0.0026362838604601997,0.0025942333644407125,True
fold_0056,2024-08-30,elastic_net,amihud_illiquidity_20d_sector_neutral,0.01,0.5,0.0,0.0,-0.03250782246831074,0.051103216656217504,0.7201130928487012,0.0025585097252480778,0.0025609140711085015,False
fold_0056,2024-08-30,elastic_net,average_dollar_volume_20d_sector_neutral,0.01,0.5,0.0,0.0,-0.03513252092281813,-0.013247935595934537,0.8572435841269166,0.0025585097252480778,0.0025609140711085015,False
fold_0056,2024-08-30,elastic_net,beta_60d_market_sector_neutral,0.01,0.5,0.0,0.0,-0.04303846035043067,-0.004618161522167146,0.6853064813016397,0.0025585097252480778,0.0025609140711085015,False
fold_0056,2024-08-30,elastic_net,distance_sma_50d_sector_neutral,0.01,0.5,0.0,0.0,-0.005965838843260046,0.00037448872517235757,0.8097600010409607,0.0025585097252480778,0.0025609140711085015,False
fold_0056,2024-08-30,elastic_net,max_drawdown_126d_sector_neutral,0.01,0.5,-0.0,-0.0,0.09400983056140753,0.005760396653449545,0.791667899600151,0.0025585097252480778,0.0025609140711085015,False
fold_0056,2024-08-30,elastic_net,return_3m_sector_neutral,0.01,0.5,0.0,0.0,-0.03500491458203131,-0.0019132998352824747,0.8104107869260185,0.0025585097252480778,0.0025609140711085015,False
fold_0056,2024-08-30,elastic_net,reversal_1m_sector_neutral,0.01,0.5,0.0,0.0,0.013388905858705669,0.00021056853217618762,0.8104489233753401,0.0025585097252480778,0.0025609140711085015,False
fold_0056,2024-08-30,elastic_net,volatility_60d_sector_neutral,0.01,0.5,0.00029483889411619873,0.0003729307766885942,-0.08783477323934277,-0.006447163952980351,0.7905995228771264,0.0025585097252480778,0.0025609140711085015,True
fold_0056,2024-08-30,ridge,amihud_illiquidity_20d_sector_neutral,100.0,,0.001764062746862628,0.0024497023653384195,-0.03250782246831074,0.051103216656217504,0.7201130928487012,0.0025585097252480778,0.002514500910559736,True
fold_0056,2024-08-30,ridge,average_dollar_volume_20d_sector_neutral,100.0,,0.001779937898435144,0.002076350212930402,-0.03513252092281813,-0.013247935595934537,0.8572435841269166,0.0025585097252480778,0.002514500910559736,True
fold_0056,2024-08-30,ridge,beta_60d_market_sector_neutral,100.0,,-0.0015674753871806296,-0.002287261874721276,-0.04303846035043067,-0.004618161522167146,0.6853064813016397,0.0025585097252480778,0.002514500910559736,True
fold_0056,2024-08-30,ridge,distance_sma_50d_sector_neutral,100.0,,-0.004290416866812975,-0.005298380830489983,-0.005965838843260046,0.00037448872517235757,0.8097600010409607,0.0025585097252480778,0.002514500910559736,True
fold_0056,2024-08-30,ridge,max_drawdown_126d_sector_neutral,100.0,,-0.0035372369237270007,-0.004468081787216026,0.09400983056140753,0.005760396653449545,0.791667899600151,0.0025585097252480778,0.002514500910559736,True
fold_0056,2024-08-30,ridge,return_3m_sector_neutral,100.0,,0.004363347192707344,0.005384117861088724,-0.03500491458203131,-0.0019132998352824747,0.8104107869260185,0.0025585097252480778,0.002514500910559736,True
fold_0056,2024-08-30,ridge,reversal_1m_sector_neutral,100.0,,-0.001164225283362509,-0.0014365190079021499,0.013388905858705669,0.00021056853217618762,0.8104489233753401,0.0025585097252480778,0.002514500910559736,True
fold_0056,2024-08-30,ridge,volatility_60d_sector_neutral,100.0,,0.003177084735938014,0.004018576591566942,-0.08783477323934277,-0.006447163952980351,0.7905995228771264,0.0025585097252480778,0.002514500910559736,True
fold_0057,2024-09-30,elastic_net,amihud_illiquidity_20d_sector_neutral,0.01,0.5,0.0,0.0,-0.03250782246831074,0.051103216656217504,0.7201130928487012,0.0025585097252480778,0.0025609140711085015,False
fold_0057,2024-09-30,elastic_net,average_dollar_volume_20d_sector_neutral,0.01,0.5,0.0,0.0,-0.03513252092281813,-0.013247935595934537,0.8572435841269166,0.0025585097252480778,0.0025609140711085015,False
fold_0057,2024-09-30,elastic_net,beta_60d_market_sector_neutral,0.01,0.5,0.0,0.0,-0.04303846035043067,-0.004618161522167146,0.6853064813016397,0.0025585097252480778,0.0025609140711085015,False
fold_0057,2024-09-30,elastic_net,distance_sma_50d_sector_neutral,0.01,0.5,0.0,0.0,-0.005965838843260046,0.00037448872517235757,0.8097600010409607,0.0025585097252480778,0.0025609140711085015,False
fold_0057,2024-09-30,elastic_net,max_drawdown_126d_sector_neutral,0.01,0.5,-0.0,-0.0,0.09400983056140753,0.005760396653449545,0.791667899600151,0.0025585097252480778,0.0025609140711085015,False
fold_0057,2024-09-30,elastic_net,return_3m_sector_neutral,0.01,0.5,0.0,0.0,-0.03500491458203131,-0.0019132998352824747,0.8104107869260185,0.0025585097252480778,0.0025609140711085015,False
fold_0057,2024-09-30,elastic_net,reversal_1m_sector_neutral,0.01,0.5,0.0,0.0,0.013388905858705669,0.00021056853217618762,0.8104489233753401,0.0025585097252480778,0.0025609140711085015,False
fold_0057,2024-09-30,elastic_net,volatility_60d_sector_neutral,0.01,0.5,0.00029483889411619873,0.0003729307766885942,-0.08783477323934277,-0.006447163952980351,0.7905995228771264,0.0025585097252480778,0.0025609140711085015,True
fold_0057,2024-09-30,ridge,amihud_illiquidity_20d_sector_neutral,100.0,,0.001764062746862628,0.0024497023653384195,-0.03250782246831074,0.051103216656217504,0.7201130928487012,0.0025585097252480778,0.002514500910559736,True
fold_0057,2024-09-30,ridge,average_dollar_volume_20d_sector_neutral,100.0,,0.001779937898435144,0.002076350212930402,-0.03513252092281813,-0.013247935595934537,0.8572435841269166,0.0025585097252480778,0.002514500910559736,True
fold_0057,2024-09-30,ridge,beta_60d_market_sector_neutral,100.0,,-0.0015674753871806296,-0.002287261874721276,-0.04303846035043067,-0.004618161522167146,0.6853064813016397,0.0025585097252480778,0.002514500910559736,True
fold_0057,2024-09-30,ridge,distance_sma_50d_sector_neutral,100.0,,-0.004290416866812975,-0.005298380830489983,-0.005965838843260046,0.00037448872517235757,0.8097600010409607,0.0025585097252480778,0.002514500910559736,True
fold_0057,2024-09-30,ridge,max_drawdown_126d_sector_neutral,100.0,,-0.0035372369237270007,-0.004468081787216026,0.09400983056140753,0.005760396653449545,0.791667899600151,0.0025585097252480778,0.002514500910559736,True
fold_0057,2024-09-30,ridge,return_3m_sector_neutral,100.0,,0.004363347192707344,0.005384117861088724,-0.03500491458203131,-0.0019132998352824747,0.8104107869260185,0.0025585097252480778,0.002514500910559736,True
fold_0057,2024-09-30,ridge,reversal_1m_sector_neutral,100.0,,-0.001164225283362509,-0.0014365190079021499,0.013388905858705669,0.00021056853217618762,0.8104489233753401,0.0025585097252480778,0.002514500910559736,True
fold_0057,2024-09-30,ridge,volatility_60d_sector_neutral,100.0,,0.003177084735938014,0.004018576591566942,-0.08783477323934277,-0.006447163952980351,0.7905995228771264,0.0025585097252480778,0.002514500910559736,True
fold_0058,2024-10-31,elastic_net,amihud_illiquidity_20d_sector_neutral,0.01,0.5,0.0,0.0,-0.03160186575974472,0.050983708883702884,0.7204604930401134,0.002615140695156943,0.0026184102785541657,False
fold_0058,2024-10-31,elastic_net,average_dollar_volume_20d_sector_neutral,0.01,0.5,0.0,0.0,-0.035083709810982966,-0.0131875908802964,0.8574591271667267,0.002615140695156943,0.0026184102785541657,False
fold_0058,2024-10-31,elastic_net,beta_60d_market_sector_neutral,0.01,0.5,0.0,0.0,-0.04317740914768171,-0.00451365147221025,0.6852694473323258,0.002615140695156943,0.0026184102785541657,False
fold_0058,2024-10-31,elastic_net,distance_sma_50d_sector_neutral,0.01,0.5,-0.0,-0.0,-0.005297321926364007,0.0003263422318261051,0.8095941859217275,0.002615140695156943,0.0026184102785541657,False
fold_0058,2024-10-31,elastic_net,max_drawdown_126d_sector_neutral,0.01,0.5,-0.0,-0.0,0.09602011220065343,0.005430278083596498,0.7914079420135841,0.002615140695156943,0.0026184102785541657,False
fold_0058,2024-10-31,elastic_net,return_3m_sector_neutral,0.01,0.5,0.0,0.0,-0.033320534933225725,-0.0016258233951285865,0.8109421146207202,0.002615140695156943,0.0026184102785541657,False
fold_0058,2024-10-31,elastic_net,reversal_1m_sector_neutral,0.01,0.5,0.0,0.0,0.015258794706493023,0.00041255336084668805,0.8108337075562992,0.002615140695156943,0.0026184102785541657,False
fold_0058,2024-10-31,elastic_net,volatility_60d_sector_neutral,0.01,0.5,0.0003999653931434261,0.0005057015975808087,-0.08804875338144483,-0.0064654401189633915,0.7909118639466302,0.002615140695156943,0.0026184102785541657,True
fold_0058,2024-10-31,ridge,amihud_illiquidity_20d_sector_neutral,100.0,,0.0017480533967283844,0.002426300142221757,-0.03160186575974472,0.050983708883702884,0.7204604930401134,0.002615140695156943,0.0025704550709139758,True
fold_0058,2024-10-31,ridge,average_dollar_volume_20d_sector_neutral,100.0,,0.0018236257619779648,0.002126778646585418,-0.035083709810982966,-0.0131875908802964,0.8574591271667267,0.002615140695156943,0.0025704550709139758,True
fold_0058,2024-10-31,ridge,beta_60d_market_sector_neutral,100.0,,-0.0016006584930392494,-0.002335808927817265,-0.04317740914768171,-0.00451365147221025,0.6852694473323258,0.002615140695156943,0.0025704550709139758,True
fold_0058,2024-10-31,ridge,distance_sma_50d_sector_neutral,100.0,,-0.0039816305137390685,-0.00491805719825663,-0.005297321926364007,0.0003263422318261051,0.8095941859217275,0.002615140695156943,0.0025704550709139758,True
fold_0058,2024-10-31,ridge,max_drawdown_126d_sector_neutral,100.0,,-0.003287397336547239,-0.004153859421960176,0.09602011220065343,0.005430278083596498,0.7914079420135841,0.002615140695156943,0.0025704550709139758,True
fold_0058,2024-10-31,ridge,return_3m_sector_neutral,100.0,,0.004258232919436997,0.005250970251345972,-0.033320534933225725,-0.0016258233951285865,0.8109421146207202,0.002615140695156943,0.0025704550709139758,True
fold_0058,2024-10-31,ridge,reversal_1m_sector_neutral,100.0,,-0.0008265469314021551,-0.0010193790954907544,0.015258794706493023,0.00041255336084668805,0.8108337075562992,0.002615140695156943,0.0025704550709139758,True
fold_0058,2024-10-31,ridge,volatility_60d_sector_neutral,100.0,,0.0034732694147823467,0.004391474667544902,-0.08804875338144483,-0.0064654401189633915,0.7909118639466302,0.002615140695156943,0.0025704550709139758,True
fold_0059,2024-11-29,elastic_net,amihud_illiquidity_20d_sector_neutral,0.01,0.5,0.0,0.0,-0.03160186575974472,0.050983708883702884,0.7204604930401134,0.002615140695156943,0.0026184102785541657,False
fold_0059,2024-11-29,elastic_net,average_dollar_volume_20d_sector_neutral,0.01,0.5,0.0,0.0,-0.035083709810982966,-0.0131875908802964,0.8574591271667267,0.002615140695156943,0.0026184102785541657,False
fold_0059,2024-11-29,elastic_net,beta_60d_market_sector_neutral,0.01,0.5,0.0,0.0,-0.04317740914768171,-0.00451365147221025,0.6852694473323258,0.002615140695156943,0.0026184102785541657,False
fold_0059,2024-11-29,elastic_net,distance_sma_50d_sector_neutral,0.01,0.5,-0.0,-0.0,-0.005297321926364007,0.0003263422318261051,0.8095941859217275,0.002615140695156943,0.0026184102785541657,False
fold_0059,2024-11-29,elastic_net,max_drawdown_126d_sector_neutral,0.01,0.5,-0.0,-0.0,0.09602011220065343,0.005430278083596498,0.7914079420135841,0.002615140695156943,0.0026184102785541657,False
fold_0059,2024-11-29,elastic_net,return_3m_sector_neutral,0.01,0.5,0.0,0.0,-0.033320534933225725,-0.0016258233951285865,0.8109421146207202,0.002615140695156943,0.0026184102785541657,False
fold_0059,2024-11-29,elastic_net,reversal_1m_sector_neutral,0.01,0.5,0.0,0.0,0.015258794706493023,0.00041255336084668805,0.8108337075562992,0.002615140695156943,0.0026184102785541657,False
fold_0059,2024-11-29,elastic_net,volatility_60d_sector_neutral,0.01,0.5,0.0003999653931434261,0.0005057015975808087,-0.08804875338144483,-0.0064654401189633915,0.7909118639466302,0.002615140695156943,0.0026184102785541657,True
fold_0059,2024-11-29,ridge,amihud_illiquidity_20d_sector_neutral,100.0,,0.0017480533967283844,0.002426300142221757,-0.03160186575974472,0.050983708883702884,0.7204604930401134,0.002615140695156943,0.0025704550709139758,True
fold_0059,2024-11-29,ridge,average_dollar_volume_20d_sector_neutral,100.0,,0.0018236257619779648,0.002126778646585418,-0.035083709810982966,-0.0131875908802964,0.8574591271667267,0.002615140695156943,0.0025704550709139758,True
fold_0059,2024-11-29,ridge,beta_60d_market_sector_neutral,100.0,,-0.0016006584930392494,-0.002335808927817265,-0.04317740914768171,-0.00451365147221025,0.6852694473323258,0.002615140695156943,0.0025704550709139758,True
fold_0059,2024-11-29,ridge,distance_sma_50d_sector_neutral,100.0,,-0.0039816305137390685,-0.00491805719825663,-0.005297321926364007,0.0003263422318261051,0.8095941859217275,0.002615140695156943,0.0025704550709139758,True
fold_0059,2024-11-29,ridge,max_drawdown_126d_sector_neutral,100.0,,-0.003287397336547239,-0.004153859421960176,0.09602011220065343,0.005430278083596498,0.7914079420135841,0.002615140695156943,0.0025704550709139758,True
fold_0059,2024-11-29,ridge,return_3m_sector_neutral,100.0,,0.004258232919436997,0.005250970251345972,-0.033320534933225725,-0.0016258233951285865,0.8109421146207202,0.002615140695156943,0.0025704550709139758,True
fold_0059,2024-11-29,ridge,reversal_1m_sector_neutral,100.0,,-0.0008265469314021551,-0.0010193790954907544,0.015258794706493023,0.00041255336084668805,0.8108337075562992,0.002615140695156943,0.0025704550709139758,True
fold_0059,2024-11-29,ridge,volatility_60d_sector_neutral,100.0,,0.0034732694147823467,0.004391474667544902,-0.08804875338144483,-0.0064654401189633915,0.7909118639466302,0.002615140695156943,0.0025704550709139758,True
fold_0060,2024-12-31,elastic_net,amihud_illiquidity_20d_sector_neutral,0.01,0.5,0.0,0.0,-0.03224687447949087,0.05106517245819418,0.7208854281059711,0.0026929743365452473,0.0026989555868197567,False
fold_0060,2024-12-31,elastic_net,average_dollar_volume_20d_sector_neutral,0.01,0.5,0.0,0.0,-0.03506412359024297,-0.013121704152218694,0.8579820649774259,0.0026929743365452473,0.0026989555868197567,False
fold_0060,2024-12-31,elastic_net,beta_60d_market_sector_neutral,0.01,0.5,0.0,0.0,-0.04334669416388712,-0.004386637539087162,0.6857768587626466,0.0026929743365452473,0.0026989555868197567,False
fold_0060,2024-12-31,elastic_net,distance_sma_50d_sector_neutral,0.01,0.5,-0.0,-0.0,-0.005083045561153937,-0.00010862392536613858,0.8096791816121068,0.0026929743365452473,0.0026989555868197567,False
fold_0060,2024-12-31,elastic_net,max_drawdown_126d_sector_neutral,0.01,0.5,-0.0,-0.0,0.09680585407324807,0.005364426394778947,0.7924427779092158,0.0026929743365452473,0.0026989555868197567,False
fold_0060,2024-12-31,elastic_net,return_3m_sector_neutral,0.01,0.5,0.0,0.0,-0.0337966592926395,-0.0020464566440968543,0.8109574631221823,0.0026929743365452473,0.0026989555868197567,False
fold_0060,2024-12-31,elastic_net,reversal_1m_sector_neutral,0.01,0.5,0.0,0.0,0.016552717723681096,0.0007542449057599236,0.8106414157445886,0.0026929743365452473,0.0026989555868197567,False
fold_0060,2024-12-31,elastic_net,volatility_60d_sector_neutral,0.01,0.5,0.0007443573142765402,0.0009399197803282602,-0.08804875338144483,-0.006363575274924545,0.7919370672426733,0.0026929743365452473,0.0026989555868197567,True
fold_0060,2024-12-31,ridge,amihud_illiquidity_20d_sector_neutral,10.0,,0.0014703824382463755,0.0020396894997719768,-0.03224687447949087,0.05106517245819418,0.7208854281059711,0.0026929743365452473,0.002672480099734378,True
fold_0060,2024-12-31,ridge,average_dollar_volume_20d_sector_neutral,10.0,,0.001874648009951588,0.002184950113148241,-0.03506412359024297,-0.013121704152218694,0.8579820649774259,0.0026929743365452473,0.002672480099734378,True
fold_0060,2024-12-31,ridge,beta_60d_market_sector_neutral,10.0,,-0.0015078154964833059,-0.0021986969627465574,-0.04334669416388712,-0.004386637539087162,0.6857768587626466,0.0026929743365452473,0.002672480099734378,True
fold_0060,2024-12-31,ridge,distance_sma_50d_sector_neutral,10.0,,-0.004214350968962285,-0.005204963971744126,-0.005083045561153937,-0.00010862392536613858,0.8096791816121068,0.0026929743365452473,0.002672480099734378,True
fold_0060,2024-12-31,ridge,max_drawdown_126d_sector_neutral,10.0,,-0.003448506303168689,-0.004351741727355055,0.09680585407324807,0.005364426394778947,0.7924427779092158,0.0026929743365452473,0.002672480099734378,True
fold_0060,2024-12-31,ridge,return_3m_sector_neutral,10.0,,0.004542292357245978,0.005601147487758698,-0.0337966592926395,-0.0020464566440968543,0.8109574631221823,0.0026929743365452473,0.002672480099734378,True
fold_0060,2024-12-31,ridge,reversal_1m_sector_neutral,10.0,,-0.0009118267103116535,-0.0011248212743659592,0.016552717723681096,0.0007542449057599236,0.8106414157445886,0.0026929743365452473,0.002672480099734378,True
fold_0060,2024-12-31,ridge,volatility_60d_sector_neutral,10.0,,0.003677123861583323,0.004643202109968344,-0.08804875338144483,-0.006363575274924545,0.7919370672426733,0.0026929743365452473,0.002672480099734378,True
fold_0061,2025-01-31,elastic_net,amihud_illiquidity_20d_sector_neutral,0.01,0.5,0.0,0.0,-0.03224687447949087,0.05106517245819418,0.7208854281059711,0.0026929743365452473,0.0026989555868197567,False
fold_0061,2025-01-31,elastic_net,average_dollar_volume_20d_sector_neutral,0.01,0.5,0.0,0.0,-0.03506412359024297,-0.013121704152218694,0.8579820649774259,0.0026929743365452473,0.0026989555868197567,False
fold_0061,2025-01-31,elastic_net,beta_60d_market_sector_neutral,0.01,0.5,0.0,0.0,-0.04334669416388712,-0.004386637539087162,0.6857768587626466,0.0026929743365452473,0.0026989555868197567,False
fold_0061,2025-01-31,elastic_net,distance_sma_50d_sector_neutral,0.01,0.5,-0.0,-0.0,-0.005083045561153937,-0.00010862392536613858,0.8096791816121068,0.0026929743365452473,0.0026989555868197567,False
fold_0061,2025-01-31,elastic_net,max_drawdown_126d_sector_neutral,0.01,0.5,-0.0,-0.0,0.09680585407324807,0.005364426394778947,0.7924427779092158,0.0026929743365452473,0.0026989555868197567,False
fold_0061,2025-01-31,elastic_net,return_3m_sector_neutral,0.01,0.5,0.0,0.0,-0.0337966592926395,-0.0020464566440968543,0.8109574631221823,0.0026929743365452473,0.0026989555868197567,False
fold_0061,2025-01-31,elastic_net,reversal_1m_sector_neutral,0.01,0.5,0.0,0.0,0.016552717723681096,0.0007542449057599236,0.8106414157445886,0.0026929743365452473,0.0026989555868197567,False
fold_0061,2025-01-31,elastic_net,volatility_60d_sector_neutral,0.01,0.5,0.0007443573142765402,0.0009399197803282602,-0.08804875338144483,-0.006363575274924545,0.7919370672426733,0.0026929743365452473,0.0026989555868197567,True
fold_0061,2025-01-31,ridge,amihud_illiquidity_20d_sector_neutral,10.0,,0.0014703824382463755,0.0020396894997719768,-0.03224687447949087,0.05106517245819418,0.7208854281059711,0.0026929743365452473,0.002672480099734378,True
fold_0061,2025-01-31,ridge,average_dollar_volume_20d_sector_neutral,10.0,,0.001874648009951588,0.002184950113148241,-0.03506412359024297,-0.013121704152218694,0.8579820649774259,0.0026929743365452473,0.002672480099734378,True
fold_0061,2025-01-31,ridge,beta_60d_market_sector_neutral,10.0,,-0.0015078154964833059,-0.0021986969627465574,-0.04334669416388712,-0.004386637539087162,0.6857768587626466,0.0026929743365452473,0.002672480099734378,True
fold_0061,2025-01-31,ridge,distance_sma_50d_sector_neutral,10.0,,-0.004214350968962285,-0.005204963971744126,-0.005083045561153937,-0.00010862392536613858,0.8096791816121068,0.0026929743365452473,0.002672480099734378,True
fold_0061,2025-01-31,ridge,max_drawdown_126d_sector_neutral,10.0,,-0.003448506303168689,-0.004351741727355055,0.09680585407324807,0.005364426394778947,0.7924427779092158,0.0026929743365452473,0.002672480099734378,True
fold_0061,2025-01-31,ridge,return_3m_sector_neutral,10.0,,0.004542292357245978,0.005601147487758698,-0.0337966592926395,-0.0020464566440968543,0.8109574631221823,0.0026929743365452473,0.002672480099734378,True
fold_0061,2025-01-31,ridge,reversal_1m_sector_neutral,10.0,,-0.0009118267103116535,-0.0011248212743659592,0.016552717723681096,0.0007542449057599236,0.8106414157445886,0.0026929743365452473,0.002672480099734378,True
fold_0061,2025-01-31,ridge,volatility_60d_sector_neutral,10.0,,0.003677123861583323,0.004643202109968344,-0.08804875338144483,-0.006363575274924545,0.7919370672426733,0.0026929743365452473,0.002672480099734378,True
fold_0062,2025-02-28,elastic_net,amihud_illiquidity_20d_sector_neutral,0.01,0.5,0.0,0.0,-0.031188168286218065,0.05110474216112795,0.7206354375734393,0.0026448530835883025,0.0026497837034336067,False
fold_0062,2025-02-28,elastic_net,average_dollar_volume_20d_sector_neutral,0.01,0.5,0.0,0.0,-0.03479133558626413,-0.013091087771268486,0.8581396902936987,0.0026448530835883025,0.0026497837034336067,False
fold_0062,2025-02-28,elastic_net,beta_60d_market_sector_neutral,0.01,0.5,0.0,0.0,-0.04317740914768171,-0.00431773193210105,0.6863180356292148,0.0026448530835883025,0.0026497837034336067,False
fold_0062,2025-02-28,elastic_net,distance_sma_50d_sector_neutral,0.01,0.5,-0.0,-0.0,-0.005486440644340063,-0.00023696331192043203,0.8100636635054703,0.0026448530835883025,0.0026497837034336067,False
fold_0062,2025-02-28,elastic_net,max_drawdown_126d_sector_neutral,0.01,0.5,-0.0,-0.0,0.09643323817757227,0.0051127419547571905,0.7928980828164177,0.0026448530835883025,0.0026497837034336067,False
fold_0062,2025-02-28,elastic_net,return_3m_sector_neutral,0.01,0.5,0.0,0.0,-0.03449133731248485,-0.002220260003559642,0.8107808390013439,0.0026448530835883025,0.0026497837034336067,False
fold_0062,2025-02-28,elastic_net,reversal_1m_sector_neutral,0.01,0.5,0.0,0.0,0.017227072329674298,0.0008551935066125287,0.8108685440692481,0.0026448530835883025,0.0026497837034336067,False
fold_0062,2025-02-28,elastic_net,volatility_60d_sector_neutral,0.01,0.5,0.0006209752884901026,0.000783120060505344,-0.08783477323934277,-0.006296122515521515,0.7929503020129378,0.0026448530835883025,0.0026497837034336067,True
fold_0062,2025-02-28,ridge,amihud_illiquidity_20d_sector_neutral,100.0,,0.0015189915113810104,0.002107850144722048,-0.031188168286218065,0.05110474216112795,0.7206354375734393,0.0026448530835883025,0.0026155263733004573,True
fold_0062,2025-02-28,ridge,average_dollar_volume_20d_sector_neutral,100.0,,0.0017282925886862954,0.0020139991288537027,-0.03479133558626413,-0.013091087771268486,0.8581396902936987,0.0026448530835883025,0.0026155263733004573,True
fold_0062,2025-02-28,ridge,beta_60d_market_sector_neutral,100.0,,-0.0012201592530946977,-0.0017778335840701878,-0.04317740914768171,-0.00431773193210105,0.6863180356292148,0.0026448530835883025,0.0026155263733004573,True
fold_0062,2025-02-28,ridge,distance_sma_50d_sector_neutral,100.0,,-0.0037901699923513135,-0.004678854469227428,-0.005486440644340063,-0.00023696331192043203,0.8100636635054703,0.0026448530835883025,0.0026155263733004573,True
fold_0062,2025-02-28,ridge,max_drawdown_126d_sector_neutral,100.0,,-0.00322417425509279,-0.004066316119267618,0.09643323817757227,0.0051127419547571905,0.7928980828164177,0.0026448530835883025,0.0026155263733004573,True
fold_0062,2025-02-28,ridge,return_3m_sector_neutral,100.0,,0.00420232651497594,0.005183060961519558,-0.03449133731248485,-0.002220260003559642,0.8107808390013439,0.0026448530835883025,0.0026155263733004573,True
fold_0062,2025-02-28,ridge,reversal_1m_sector_neutral,100.0,,-0.000628004005372115,-0.0007744831267230456,0.017227072329674298,0.0008551935066125287,0.8108685440692481,0.0026448530835883025,0.0026155263733004573,True
fold_0062,2025-02-28,ridge,volatility_60d_sector_neutral,100.0,,0.0035079828254153795,0.004423963035905551,-0.08783477323934277,-0.006296122515521515,0.7929503020129378,0.0026448530835883025,0.0026155263733004573,True
fold_0063,2025-03-31,elastic_net,amihud_illiquidity_20d_sector_neutral,0.01,0.5,0.0,0.0,-0.03160186575974472,0.051007964434026276,0.7199136894171378,0.0025934300110394353,0.002593815023250955,False
fold_0063,2025-03-31,elastic_net,average_dollar_volume_20d_sector_neutral,0.01,0.5,0.0,0.0,-0.034244681142260175,-0.013036265596193947,0.8584935951069179,0.0025934300110394353,0.002593815023250955,False
fold_0063,2025-03-31,elastic_net,beta_60d_market_sector_neutral,0.01,0.5,0.0,0.0,-0.0430162383684074,-0.004055521266767694,0.6878775023482179,0.0025934300110394353,0.002593815023250955,False
fold_0063,2025-03-31,elastic_net,distance_sma_50d_sector_neutral,0.01,0.5,0.0,0.0,-0.006422018324294759,5.302500896170124e-05,0.8105875282375218,0.0025934300110394353,0.002593815023250955,False
fold_0063,2025-03-31,elastic_net,max_drawdown_126d_sector_neutral,0.01,0.5,-0.0,-0.0,0.09578228046822174,0.004589092427332284,0.7933399804575358,0.0025934300110394353,0.002593815023250955,False
fold_0063,2025-03-31,elastic_net,return_3m_sector_neutral,0.01,0.5,0.0,0.0,-0.03497367138965482,-0.0021519229843165425,0.8111449025378669,0.0025934300110394353,0.002593815023250955,False
fold_0063,2025-03-31,elastic_net,reversal_1m_sector_neutral,0.01,0.5,0.0,0.0,0.016552717723681096,0.0005550946618057737,0.8114631969996383,0.0025934300110394353,0.002593815023250955,False
fold_0063,2025-03-31,elastic_net,volatility_60d_sector_neutral,0.01,0.5,4.9543348017409903e-05,6.238343836924932e-05,-0.08762871231574276,-0.006171705529296906,0.794174693035697,0.0025934300110394353,0.002593815023250955,True
fold_0063,2025-03-31,ridge,amihud_illiquidity_20d_sector_neutral,100.0,,0.0016561358799543084,0.002300464492202061,-0.03160186575974472,0.051007964434026276,0.7199136894171378,0.0025934300110394353,0.002545772903151264,True
fold_0063,2025-03-31,ridge,average_dollar_volume_20d_sector_neutral,100.0,,0.0016675114569055438,0.0019423691293793167,-0.034244681142260175,-0.013036265596193947,0.8584935951069179,0.0025934300110394353,0.002545772903151264,True
fold_0063,2025-03-31,ridge,beta_60d_market_sector_neutral,100.0,,-0.001623975101470406,-0.0023608492732014315,-0.0430162383684074,-0.004055521266767694,0.6878775023482179,0.0025934300110394353,0.002545772903151264,True
fold_0063,2025-03-31,ridge,distance_sma_50d_sector_neutral,100.0,,-0.0032472556324173087,-0.004006051807234054,-0.006422018324294759,5.302500896170124e-05,0.8105875282375218,0.0025934300110394353,0.002545772903151264,True
fold_0063,2025-03-31,ridge,max_drawdown_126d_sector_neutral,100.0,,-0.003166243265901215,-0.003991029500461046,0.09578228046822174,0.004589092427332284,0.7933399804575358,0.0025934300110394353,0.002545772903151264,True
fold_0063,2025-03-31,ridge,return_3m_sector_neutral,100.0,,0.003552391704689506,0.004379478553800897,-0.03497367138965482,-0.0021519229843165425,0.8111449025378669,0.0025934300110394353,0.002545772903151264,True
fold_0063,2025-03-31,ridge,reversal_1m_sector_neutral,100.0,,-0.0005663169799215733,-0.0006978960746655104,0.016552717723681096,0.0005550946618057737,0.8114631969996383,0.0025934300110394353,0.002545772903151264,True
fold_0063,2025-03-31,ridge,volatility_60d_sector_neutral,100.0,,0.0032940539036894504,0.0041477699208697745,-0.08762871231574276,-0.006171705529296906,0.794174693035697,0.0025934300110394353,0.002545772903151264,True
fold_0064,2025-04-30,elastic_net,amihud_illiquidity_20d_sector_neutral,0.01,0.5,0.0,0.0,-0.03224687447949087,0.051040725602917586,0.7202362229344199,0.0026163474374395973,0.002617803376203092,False
fold_0064,2025-04-30,elastic_net,average_dollar_volume_20d_sector_neutral,0.01,0.5,0.0,0.0,-0.03398769754251571,-0.013010395135463766,0.8587238343379892,0.0026163474374395973,0.002617803376203092,False
fold_0064,2025-04-30,elastic_net,beta_60d_market_sector_neutral,0.01,0.5,0.0,0.0,-0.04287206898932583,-0.0039430643787403035,0.6878513730534159,0.0026163474374395973,0.002617803376203092,False
fold_0064,2025-04-30,elastic_net,distance_sma_50d_sector_neutral,0.01,0.5,0.0,0.0,-0.005486440644340063,4.979437519422737e-05,0.8101959056709378,0.0026163474374395973,0.002617803376203092,False
fold_0064,2025-04-30,elastic_net,max_drawdown_126d_sector_neutral,0.01,0.5,-0.0,-0.0,0.0954592439974899,0.004519993494564005,0.7940369841378552,0.0026163474374395973,0.002617803376203092,False
fold_0064,2025-04-30,elastic_net,return_3m_sector_neutral,0.01,0.5,0.0,0.0,-0.03517514274266459,-0.0020464722411321257,0.8107425042653528,0.0026163474374395973,0.002617803376203092,False
fold_0064,2025-04-30,elastic_net,reversal_1m_sector_neutral,0.01,0.5,0.0,0.0,0.01619539631772765,0.000642269289846107,0.8110966972367667,0.0026163474374395973,0.002617803376203092,False
fold_0064,2025-04-30,elastic_net,volatility_60d_sector_neutral,0.01,0.5,0.00018856070174626252,0.00023727505782053664,-0.08755895278441042,-0.00613608011253959,0.7946924699050362,0.0026163474374395973,0.002617803376203092,True
fold_0064,2025-04-30,ridge,amihud_illiquidity_20d_sector_neutral,100.0,,0.0014837149670329243,0.0020600393590146076,-0.03224687447949087,0.051040725602917586,0.7202362229344199,0.0026163474374395973,0.00258076783737393,True
fold_0064,2025-04-30,ridge,average_dollar_volume_20d_sector_neutral,100.0,,0.001635952566809354,0.0019050974264276119,-0.03398769754251571,-0.013010395135463766,0.8587238343379892,0.0026163474374395973,0.00258076783737393,True
fold_0064,2025-04-30,ridge,beta_60d_market_sector_neutral,100.0,,-0.001574690005424646,-0.002289288161822658,-0.04287206898932583,-0.0039430643787403035,0.6878513730534159,0.0026163474374395973,0.00258076783737393,True
fold_0064,2025-04-30,ridge,distance_sma_50d_sector_neutral,100.0,,-0.0032280430479901014,-0.003984274698743263,-0.005486440644340063,4.979437519422737e-05,0.8101959056709378,0.0026163474374395973,0.00258076783737393,True
fold_0064,2025-04-30,ridge,max_drawdown_126d_sector_neutral,100.0,,-0.0030545301483281043,-0.0038468361163864857,0.0954592439974899,0.004519993494564005,0.7940369841378552,0.0026163474374395973,0.00258076783737393,True
fold_0064,2025-04-30,ridge,return_3m_sector_neutral,100.0,,0.0034849013414561146,0.004298407105982346,-0.03517514274266459,-0.0020464722411321257,0.8107425042653528,0.0026163474374395973,0.00258076783737393,True
fold_0064,2025-04-30,ridge,reversal_1m_sector_neutral,100.0,,-0.0005261517036589853,-0.0006486917101887752,0.01619539631772765,0.000642269289846107,0.8110966972367667,0.0026163474374395973,0.00258076783737393,True
fold_0064,2025-04-30,ridge,volatility_60d_sector_neutral,100.0,,0.003497814688995715,0.004401469526210178,-0.08755895278441042,-0.00613608011253959,0.7946924699050362,0.0026163474374395973,0.00258076783737393,True
fold_0065,2025-05-30,elastic_net,amihud_illiquidity_20d_sector_neutral,0.01,0.5,0.0,0.0,-0.03189016933685279,0.05092617693212162,0.7196629328828889,0.002603991922341151,0.0026062029595607726,False
fold_0065,2025-05-30,elastic_net,average_dollar_volume_20d_sector_neutral,0.01,0.5,0.0,0.0,-0.03391819043872188,-0.012982879344078952,0.8589190456035561,0.002603991922341151,0.0026062029595607726,False
fold_0065,2025-05-30,elastic_net,beta_60d_market_sector_neutral,0.01,0.5,0.0,0.0,-0.042438497305891804,-0.00386763691470496,0.6876539515391452,0.002603991922341151,0.0026062029595607726,False
fold_0065,2025-05-30,elastic_net,distance_sma_50d_sector_neutral,0.01,0.5,0.0,0.0,-0.005144889744318232,-6.17520706876453e-05,0.8110173681736371,0.002603991922341151,0.0026062029595607726,False
fold_0065,2025-05-30,elastic_net,max_drawdown_126d_sector_neutral,0.01,0.5,-0.0,-0.0,0.09400983056140753,0.004376722537926226,0.7944546361707613,0.002603991922341151,0.0026062029595607726,False
fold_0065,2025-05-30,elastic_net,return_3m_sector_neutral,0.01,0.5,0.0,0.0,-0.035332241786248886,-0.00210755355524398,0.8112969672707704,0.002603991922341151,0.0026062029595607726,False
fold_0065,2025-05-30,elastic_net,reversal_1m_sector_neutral,0.01,0.5,0.0,0.0,0.015866171478060645,0.0007434232854066048,0.8112500463100661,0.002603991922341151,0.0026062029595607726,False
fold_0065,2025-05-30,elastic_net,volatility_60d_sector_neutral,0.01,0.5,0.0002885875437047786,0.0003630775230985308,-0.08719912475568134,-0.006089711091869267,0.7948372602136063,0.002603991922341151,0.0026062029595607726,True
fold_0065,2025-05-30,ridge,amihud_illiquidity_20d_sector_neutral,100.0,,0.001510702875765697,0.0020991811676530163,-0.03189016933685279,0.05092617693212162,0.7196629328828889,0.002603991922341151,0.0025683264003754517,True
fold_0065,2025-05-30,ridge,average_dollar_volume_20d_sector_neutral,100.0,,0.00178929160881838,0.002083190049140263,-0.03391819043872188,-0.012982879344078952,0.8589190456035561,0.002603991922341151,0.0025683264003754517,True
fold_0065,2025-05-30,ridge,beta_60d_market_sector_neutral,100.0,,-0.0013271550326102522,-0.001929975141769694,-0.042438497305891804,-0.00386763691470496,0.6876539515391452,0.002603991922341151,0.0025683264003754517,True
fold_0065,2025-05-30,ridge,distance_sma_50d_sector_neutral,100.0,,-0.003175864677886761,-0.003915902177333908,-0.005144889744318232,-6.17520706876453e-05,0.8110173681736371,0.002603991922341151,0.0025683264003754517,True
fold_0065,2025-05-30,ridge,max_drawdown_126d_sector_neutral,100.0,,-0.003102493868473067,-0.003905186938585896,0.09400983056140753,0.004376722537926226,0.7944546361707613,0.002603991922341151,0.0025683264003754517,True
fold_0065,2025-05-30,ridge,return_3m_sector_neutral,100.0,,0.0032592222664189095,0.004017298717857951,-0.035332241786248886,-0.00210755355524398,0.8112969672707704,0.002603991922341151,0.0025683264003754517,True
fold_0065,2025-05-30,ridge,reversal_1m_sector_neutral,100.0,,-0.0007058322846081603,-0.0008700551547807069,0.015866171478060645,0.0007434232854066048,0.8112500463100661,0.002603991922341151,0.0025683264003754517,True
fold_0065,2025-05-30,ridge,volatility_60d_sector_neutral,100.0,,0.0033534576173308264,0.004219049339017664,-0.08719912475568134,-0.006089711091869267,0.7948372602136063,0.002603991922341151,0.0025683264003754517,True
fold_0066,2025-06-30,elastic_net,amihud_illiquidity_20d_sector_neutral,0.01,0.5,0.0,0.0,-0.03189016933685279,0.05092617693212162,0.7196629328828889,0.002603991922341151,0.0026062029595607726,False
fold_0066,2025-06-30,elastic_net,average_dollar_volume_20d_sector_neutral,0.01,0.5,0.0,0.0,-0.03391819043872188,-0.012982879344078952,0.8589190456035561,0.002603991922341151,0.0026062029595607726,False
fold_0066,2025-06-30,elastic_net,beta_60d_market_sector_neutral,0.01,0.5,0.0,0.0,-0.042438497305891804,-0.00386763691470496,0.6876539515391452,0.002603991922341151,0.0026062029595607726,False
fold_0066,2025-06-30,elastic_net,distance_sma_50d_sector_neutral,0.01,0.5,0.0,0.0,-0.005144889744318232,-6.17520706876453e-05,0.8110173681736371,0.002603991922341151,0.0026062029595607726,False
fold_0066,2025-06-30,elastic_net,max_drawdown_126d_sector_neutral,0.01,0.5,-0.0,-0.0,0.09400983056140753,0.004376722537926226,0.7944546361707613,0.002603991922341151,0.0026062029595607726,False
fold_0066,2025-06-30,elastic_net,return_3m_sector_neutral,0.01,0.5,0.0,0.0,-0.035332241786248886,-0.00210755355524398,0.8112969672707704,0.002603991922341151,0.0026062029595607726,False
fold_0066,2025-06-30,elastic_net,reversal_1m_sector_neutral,0.01,0.5,0.0,0.0,0.015866171478060645,0.0007434232854066048,0.8112500463100661,0.002603991922341151,0.0026062029595607726,False
fold_0066,2025-06-30,elastic_net,volatility_60d_sector_neutral,0.01,0.5,0.0002885875437047786,0.0003630775230985308,-0.08719912475568134,-0.006089711091869267,0.7948372602136063,0.002603991922341151,0.0026062029595607726,True
fold_0066,2025-06-30,ridge,amihud_illiquidity_20d_sector_neutral,100.0,,0.001510702875765697,0.0020991811676530163,-0.03189016933685279,0.05092617693212162,0.7196629328828889,0.002603991922341151,0.0025683264003754517,True
fold_0066,2025-06-30,ridge,average_dollar_volume_20d_sector_neutral,100.0,,0.00178929160881838,0.002083190049140263,-0.03391819043872188,-0.012982879344078952,0.8589190456035561,0.002603991922341151,0.0025683264003754517,True
fold_0066,2025-06-30,ridge,beta_60d_market_sector_neutral,100.0,,-0.0013271550326102522,-0.001929975141769694,-0.042438497305891804,-0.00386763691470496,0.6876539515391452,0.002603991922341151,0.0025683264003754517,True
fold_0066,2025-06-30,ridge,distance_sma_50d_sector_neutral,100.0,,-0.003175864677886761,-0.003915902177333908,-0.005144889744318232,-6.17520706876453e-05,0.8110173681736371,0.002603991922341151,0.0025683264003754517,True
fold_0066,2025-06-30,ridge,max_drawdown_126d_sector_neutral,100.0,,-0.003102493868473067,-0.003905186938585896,0.09400983056140753,0.004376722537926226,0.7944546361707613,0.002603991922341151,0.0025683264003754517,True
fold_0066,2025-06-30,ridge,return_3m_sector_neutral,100.0,,0.0032592222664189095,0.004017298717857951,-0.035332241786248886,-0.00210755355524398,0.8112969672707704,0.002603991922341151,0.0025683264003754517,True
fold_0066,2025-06-30,ridge,reversal_1m_sector_neutral,100.0,,-0.0007058322846081603,-0.0008700551547807069,0.015866171478060645,0.0007434232854066048,0.8112500463100661,0.002603991922341151,0.0025683264003754517,True
fold_0066,2025-06-30,ridge,volatility_60d_sector_neutral,100.0,,0.0033534576173308264,0.004219049339017664,-0.08719912475568134,-0.006089711091869267,0.7948372602136063,0.002603991922341151,0.0025683264003754517,True
fold_0067,2025-07-31,elastic_net,amihud_illiquidity_20d_sector_neutral,0.01,0.5,0.0,0.0,-0.03276142629191747,0.05073638854226692,0.7189686310100489,0.002540760492464294,0.0025425938591003973,False
fold_0067,2025-07-31,elastic_net,average_dollar_volume_20d_sector_neutral,0.01,0.5,0.0,0.0,-0.03386618383430956,-0.012936073647246084,0.8593496575763482,0.002540760492464294,0.0025425938591003973,False
fold_0067,2025-07-31,elastic_net,beta_60d_market_sector_neutral,0.01,0.5,0.0,0.0,-0.04182871465115845,-0.0037022455589862044,0.6877519301834216,0.002540760492464294,0.0025425938591003973,False
fold_0067,2025-07-31,elastic_net,distance_sma_50d_sector_neutral,0.01,0.5,0.0,0.0,-0.0038843236146369753,-0.0001579007655408578,0.8096519111611723,0.002540760492464294,0.0025425938591003973,False
fold_0067,2025-07-31,elastic_net,max_drawdown_126d_sector_neutral,0.01,0.5,-0.0,-0.0,0.09315771308399964,0.004198679912847767,0.7955706224068463,0.002540760492464294,0.0025425938591003973,False
fold_0067,2025-07-31,elastic_net,return_3m_sector_neutral,0.01,0.5,0.0,0.0,-0.03517514274266459,-0.002273865481832201,0.8104746492765627,0.002540760492464294,0.0025425938591003973,False
fold_0067,2025-07-31,elastic_net,reversal_1m_sector_neutral,0.01,0.5,0.0,0.0,0.015474091705658971,0.0008705691813733691,0.8103908645305472,0.002540760492464294,0.0025425938591003973,False
fold_0067,2025-07-31,elastic_net,volatility_60d_sector_neutral,0.01,0.5,0.000243634394085715,0.00030635540457175724,-0.08631230516672174,-0.005984443586578683,0.7952671650310279,0.002540760492464294,0.0025425938591003973,True
fold_0067,2025-07-31,ridge,amihud_illiquidity_20d_sector_neutral,100.0,,0.0015375166665278794,0.0021385031282489843,-0.03276142629191747,0.05073638854226692,0.7189686310100489,0.002540760492464294,0.0025000924115439675,True
fold_0067,2025-07-31,ridge,average_dollar_volume_20d_sector_neutral,100.0,,0.0016418062346514179,0.0019105217767606466,-0.03386618383430956,-0.012936073647246084,0.8593496575763482,0.002540760492464294,0.0025000924115439675,True
fold_0067,2025-07-31,ridge,beta_60d_market_sector_neutral,100.0,,-0.001074562045068151,-0.0015624267965072352,-0.04182871465115845,-0.0037022455589862044,0.6877519301834216,0.002540760492464294,0.0025000924115439675,True
fold_0067,2025-07-31,ridge,distance_sma_50d_sector_neutral,100.0,,-0.0028089190653865074,-0.0034692922065212707,-0.0038843236146369753,-0.0001579007655408578,0.8096519111611723,0.002540760492464294,0.0025000924115439675,True
fold_0067,2025-07-31,ridge,max_drawdown_126d_sector_neutral,100.0,,-0.0032751539363099803,-0.004116735641144755,0.09315771308399964,0.004198679912847767,0.7955706224068463,0.002540760492464294,0.0025000924115439675,True
fold_0067,2025-07-31,ridge,return_3m_sector_neutral,100.0,,0.0029999320447017743,0.0037014508071036424,-0.03517514274266459,-0.002273865481832201,0.8104746492765627,0.002540760492464294,0.0025000924115439675,True
fold_0067,2025-07-31,ridge,reversal_1m_sector_neutral,100.0,,-0.0006717233642985612,-0.0008288881250995901,0.015474091705658971,0.0008705691813733691,0.8103908645305472,0.002540760492464294,0.0025000924115439675,True
fold_0067,2025-07-31,ridge,volatility_60d_sector_neutral,100.0,,0.0030599602798054093,0.0038477135915526237,-0.08631230516672174,-0.005984443586578683,0.7952671650310279,0.002540760492464294,0.0025000924115439675,True
fold_0068,2025-08-29,elastic_net,amihud_illiquidity_20d_sector_neutral,0.01,0.5,0.0,0.0,-0.033278913015166195,0.050694607331627624,0.7190022642861414,0.002549945514276626,0.0025520062525505177,False
fold_0068,2025-08-29,elastic_net,average_dollar_volume_20d_sector_neutral,0.01,0.5,0.0,0.0,-0.033823461687378514,-0.012915136811404354,0.8595257675492278,0.002549945514276626,0.0025520062525505177,False
fold_0068,2025-08-29,elastic_net,beta_60d_market_sector_neutral,0.01,0.5,0.0,0.0,-0.04195400849245268,-0.003636836301169036,0.6886919332361254,0.002549945514276626,0.0025520062525505177,False
fold_0068,2025-08-29,elastic_net,distance_sma_50d_sector_neutral,0.01,0.5,0.0,0.0,-0.004975186337633112,-0.00021549794814300789,0.810639139501799,0.002549945514276626,0.0025520062525505177,False
fold_0068,2025-08-29,elastic_net,max_drawdown_126d_sector_neutral,0.01,0.5,-0.0,-0.0,0.09160756440487841,0.004044385246045846,0.7961459237629485,0.002549945514276626,0.0025520062525505177,False
fold_0068,2025-08-29,elastic_net,return_3m_sector_neutral,0.01,0.5,0.0,0.0,-0.03527706980601161,-0.002300872503084075,0.810296698224338,0.002549945514276626,0.0025520062525505177,False
fold_0068,2025-08-29,elastic_net,reversal_1m_sector_neutral,0.01,0.5,0.0,0.0,0.015577723831152648,0.0008595515456405775,0.8114828989932411,0.002549945514276626,0.0025520062525505177,False
fold_0068,2025-08-29,elastic_net,volatility_60d_sector_neutral,0.01,0.5,0.00027350013203437376,0.0003437257330444546,-0.08631230516672174,-0.005995298215351212,0.7956929195027757,0.002549945514276626,0.0025520062525505177,True
fold_0068,2025-08-29,ridge,amihud_illiquidity_20d_sector_neutral,100.0,,0.0015326185669602447,0.002131590737731402,-0.033278913015166195,0.050694607331627624,0.7190022642861414,0.002549945514276626,0.0025081448445082055,True
fold_0068,2025-08-29,ridge,average_dollar_volume_20d_sector_neutral,100.0,,0.001596228921443859,0.0018571042099124013,-0.033823461687378514,-0.012915136811404354,0.8595257675492278,0.002549945514276626,0.0025081448445082055,True
fold_0068,2025-08-29,ridge,beta_60d_market_sector_neutral,100.0,,-0.001056760652115764,-0.00153444610153934,-0.04195400849245268,-0.003636836301169036,0.6886919332361254,0.002549945514276626,0.0025081448445082055,True
fold_0068,2025-08-29,ridge,distance_sma_50d_sector_neutral,100.0,,-0.002810338790425209,-0.0034668185305638975,-0.004975186337633112,-0.00021549794814300789,0.810639139501799,0.002549945514276626,0.0025081448445082055,True
fold_0068,2025-08-29,ridge,max_drawdown_126d_sector_neutral,100.0,,-0.003138637530189653,-0.003942289266966314,0.09160756440487841,0.004044385246045846,0.7961459237629485,0.002549945514276626,0.0025081448445082055,True
fold_0068,2025-08-29,ridge,return_3m_sector_neutral,100.0,,0.002799137179436388,0.003454459564712951,-0.03527706980601161,-0.002300872503084075,0.810296698224338,0.002549945514276626,0.0025081448445082055,True
fold_0068,2025-08-29,ridge,reversal_1m_sector_neutral,100.0,,-0.0005224328136954103,-0.0006438001519730876,0.015577723831152648,0.0008595515456405775,0.8114828989932411,0.002549945514276626,0.0025081448445082055,True
fold_0068,2025-08-29,ridge,volatility_60d_sector_neutral,100.0,,0.00320604701917249,0.004029251663035951,-0.08631230516672174,-0.005995298215351212,0.7956929195027757,0.002549945514276626,0.0025081448445082055,True
fold_0069,2025-09-30,elastic_net,amihud_illiquidity_20d_sector_neutral,0.01,0.5,0.0,0.0,-0.0333726091452006,0.05084048229529552,0.719376781420701,0.0026437876803105534,0.002646994095835774,False
fold_0069,2025-09-30,elastic_net,average_dollar_volume_20d_sector_neutral,0.01,0.5,0.0,0.0,-0.03391819043872188,-0.012898553270956646,0.8596289718509293,0.0026437876803105534,0.002646994095835774,False
fold_0069,2025-09-30,elastic_net,beta_60d_market_sector_neutral,0.01,0.5,0.0,0.0,-0.040648323721933395,-0.003577119365064399,0.6896392720247726,0.0026437876803105534,0.002646994095835774,False
fold_0069,2025-09-30,elastic_net,distance_sma_50d_sector_neutral,0.01,0.5,-0.0,-0.0,-0.005083045561153937,-0.00011538454674071958,0.810754949038595,0.0026437876803105534,0.002646994095835774,False
fold_0069,2025-09-30,elastic_net,max_drawdown_126d_sector_neutral,0.01,0.5,-0.0,-0.0,0.09090005929738104,0.0038410896158656187,0.796792110407022,0.0026437876803105534,0.002646994095835774,False
fold_0069,2025-09-30,elastic_net,return_3m_sector_neutral,0.01,0.5,0.0,0.0,-0.03517514274266459,-0.0023338778316277994,0.8104836724991628,0.0026437876803105534,0.002646994095835774,False
fold_0069,2025-09-30,elastic_net,reversal_1m_sector_neutral,0.01,0.5,0.0,0.0,0.015691223947057298,0.0007905541337310233,0.8120395021997159,0.0026437876803105534,0.002646994095835774,False
fold_0069,2025-09-30,elastic_net,volatility_60d_sector_neutral,0.01,0.5,0.00042674985442584337,0.0005360059691992259,-0.08659168494370023,-0.00598205189768812,0.7961662349831526,0.0026437876803105534,0.002646994095835774,True
fold_0069,2025-09-30,ridge,amihud_illiquidity_20d_sector_neutral,100.0,,0.001460875121483521,0.002030751004499243,-0.0333726091452006,0.05084048229529552,0.719376781420701,0.0026437876803105534,0.0026094561782794953,True
fold_0069,2025-09-30,ridge,average_dollar_volume_20d_sector_neutral,100.0,,0.0017740046614194726,0.0020636864502132065,-0.03391819043872188,-0.012898553270956646,0.8596289718509293,0.0026437876803105534,0.0026094561782794953,True
fold_0069,2025-09-30,ridge,beta_60d_market_sector_neutral,100.0,,-0.0011516395698388956,-0.0016699158771189113,-0.040648323721933395,-0.003577119365064399,0.6896392720247726,0.0026437876803105534,0.0026094561782794953,True
fold_0069,2025-09-30,ridge,distance_sma_50d_sector_neutral,100.0,,-0.0025284017553776046,-0.003118577023027513,-0.005083045561153937,-0.00011538454674071958,0.810754949038595,0.0026437876803105534,0.0026094561782794953,True
fold_0069,2025-09-30,ridge,max_drawdown_126d_sector_neutral,100.0,,-0.003038339994324981,-0.0038132154606462135,0.09090005929738104,0.0038410896158656187,0.796792110407022,0.0026437876803105534,0.0026094561782794953,True
fold_0069,2025-09-30,ridge,return_3m_sector_neutral,100.0,,0.0027256817327149623,0.0033630310211064467,-0.03517514274266459,-0.0023338778316277994,0.8104836724991628,0.0026437876803105534,0.0026094561782794953,True
fold_0069,2025-09-30,ridge,reversal_1m_sector_neutral,100.0,,-0.0002995138327752595,-0.00036884145655958003,0.015691223947057298,0.0007905541337310233,0.8120395021997159,0.0026437876803105534,0.0026094561782794953,True
fold_0069,2025-09-30,ridge,volatility_60d_sector_neutral,100.0,,0.0034391391658125468,0.004319624488829674,-0.08659168494370023,-0.00598205189768812,0.7961662349831526,0.0026437876803105534,0.0026094561782794953,True
fold_0070,2025-10-31,elastic_net,amihud_illiquidity_20d_sector_neutral,0.001,0.9,0.0,0.0,-0.03407796721521755,0.05071153404770777,0.7188714684371268,0.0027128382391910033,0.0027528668463309295,False
fold_0070,2025-10-31,elastic_net,average_dollar_volume_20d_sector_neutral,0.001,0.9,0.00045953877336506524,0.0005346191851610398,-0.033823461687378514,-0.012879660230488046,0.8595628180209086,0.0027128382391910033,0.0027528668463309295,True
fold_0070,2025-10-31,elastic_net,beta_60d_market_sector_neutral,0.001,0.9,0.0,0.0,-0.04038672605946253,-0.003538531840884694,0.6903539351660752,0.0027128382391910033,0.0027528668463309295,False
fold_0070,2025-10-31,elastic_net,distance_sma_50d_sector_neutral,0.001,0.9,-0.0,-0.0,-0.005144889744318232,-6.50590854952381e-05,0.8112474230865768,0.0027128382391910033,0.0027528668463309295,False
fold_0070,2025-10-31,elastic_net,max_drawdown_126d_sector_neutral,0.001,0.9,-0.0021786212899354202,-0.002732577385317368,0.09048587984227385,0.0036990111288960677,0.7972770694954682,0.0027128382391910033,0.0027528668463309295,True
fold_0070,2025-10-31,elastic_net,return_3m_sector_neutral,0.001,0.9,0.0002530568877190083,0.0003118846959913629,-0.035332241786248886,-0.0022933624437670515,0.8113796251356182,0.0027128382391910033,0.0027528668463309295,True
fold_0070,2025-10-31,elastic_net,reversal_1m_sector_neutral,0.001,0.9,0.0,0.0,0.016552717723681096,0.0007986230384188118,0.8126923019812888,0.0027128382391910033,0.0027528668463309295,False
fold_0070,2025-10-31,elastic_net,volatility_60d_sector_neutral,0.001,0.9,0.002984636183282484,0.003747304383510766,-0.08688967032848753,-0.005956226820840636,0.7964755135493543,0.0027128382391910033,0.0027528668463309295,True
fold_0070,2025-10-31,ridge,amihud_illiquidity_20d_sector_neutral,100.0,,0.00144504626535738,0.0020101594357319593,-0.03407796721521755,0.05071153404770777,0.7188714684371268,0.0027128382391910033,0.0026813162781592183,True
fold_0070,2025-10-31,ridge,average_dollar_volume_20d_sector_neutral,100.0,,0.0018497831425116676,0.0021520046048183906,-0.033823461687378514,-0.012879660230488046,0.8595628180209086,0.0027128382391910033,0.0026813162781592183,True
fold_0070,2025-10-31,ridge,beta_60d_market_sector_neutral,100.0,,-0.0009995657364247636,-0.0014479032935247958,-0.04038672605946253,-0.003538531840884694,0.6903539351660752,0.0027128382391910033,0.0026813162781592183,True
fold_0070,2025-10-31,ridge,distance_sma_50d_sector_neutral,100.0,,-0.002794535264012869,-0.0034447385402845646,-0.005144889744318232,-6.50590854952381e-05,0.8112474230865768,0.0027128382391910033,0.0026813162781592183,True
fold_0070,2025-10-31,ridge,max_drawdown_126d_sector_neutral,100.0,,-0.0031919345545257964,-0.004003544911364016,0.09048587984227385,0.0036990111288960677,0.7972770694954682,0.0027128382391910033,0.0026813162781592183,True
fold_0070,2025-10-31,ridge,return_3m_sector_neutral,100.0,,0.00307157787286529,0.0037856236189710707,-0.035332241786248886,-0.0022933624437670515,0.8113796251356182,0.0027128382391910033,0.0026813162781592183,True
fold_0070,2025-10-31,ridge,reversal_1m_sector_neutral,100.0,,-0.0004716905203755552,-0.0005804048090840846,0.016552717723681096,0.0007986230384188118,0.8126923019812888,0.0027128382391910033,0.0026813162781592183,True
fold_0070,2025-10-31,ridge,volatility_60d_sector_neutral,100.0,,0.0032216574155554613,0.004044891978158508,-0.08688967032848753,-0.005956226820840636,0.7964755135493543,0.0027128382391910033,0.0026813162781592183,True
fold_0071,2025-11-28,elastic_net,amihud_illiquidity_20d_sector_neutral,0.001,0.9,0.0,0.0,-0.03407796721521755,0.05071153404770777,0.7188714684371268,0.0027128382391910033,0.0027528668463309295,False
fold_0071,2025-11-28,elastic_net,average_dollar_volume_20d_sector_neutral,0.001,0.9,0.00045953877336506524,0.0005346191851610398,-0.033823461687378514,-0.012879660230488046,0.8595628180209086,0.0027128382391910033,0.0027528668463309295,True
fold_0071,2025-11-28,elastic_net,beta_60d_market_sector_neutral,0.001,0.9,0.0,0.0,-0.04038672605946253,-0.003538531840884694,0.6903539351660752,0.0027128382391910033,0.0027528668463309295,False
fold_0071,2025-11-28,elastic_net,distance_sma_50d_sector_neutral,0.001,0.9,-0.0,-0.0,-0.005144889744318232,-6.50590854952381e-05,0.8112474230865768,0.0027128382391910033,0.0027528668463309295,False
fold_0071,2025-11-28,elastic_net,max_drawdown_126d_sector_neutral,0.001,0.9,-0.0021786212899354202,-0.002732577385317368,0.09048587984227385,0.0036990111288960677,0.7972770694954682,0.0027128382391910033,0.0027528668463309295,True
fold_0071,2025-11-28,elastic_net,return_3m_sector_neutral,0.001,0.9,0.0002530568877190083,0.0003118846959913629,-0.035332241786248886,-0.0022933624437670515,0.8113796251356182,0.0027128382391910033,0.0027528668463309295,True
fold_0071,2025-11-28,elastic_net,reversal_1m_sector_neutral,0.001,0.9,0.0,0.0,0.016552717723681096,0.0007986230384188118,0.8126923019812888,0.0027128382391910033,0.0027528668463309295,False
fold_0071,2025-11-28,elastic_net,volatility_60d_sector_neutral,0.001,0.9,0.002984636183282484,0.003747304383510766,-0.08688967032848753,-0.005956226820840636,0.7964755135493543,0.0027128382391910033,0.0027528668463309295,True
fold_0071,2025-11-28,ridge,amihud_illiquidity_20d_sector_neutral,100.0,,0.00144504626535738,0.0020101594357319593,-0.03407796721521755,0.05071153404770777,0.7188714684371268,0.0027128382391910033,0.0026813162781592183,True
fold_0071,2025-11-28,ridge,average_dollar_volume_20d_sector_neutral,100.0,,0.0018497831425116676,0.0021520046048183906,-0.033823461687378514,-0.012879660230488046,0.8595628180209086,0.0027128382391910033,0.0026813162781592183,True
fold_0071,2025-11-28,ridge,beta_60d_market_sector_neutral,100.0,,-0.0009995657364247636,-0.0014479032935247958,-0.04038672605946253,-0.003538531840884694,0.6903539351660752,0.0027128382391910033,0.0026813162781592183,True
fold_0071,2025-11-28,ridge,distance_sma_50d_sector_neutral,100.0,,-0.002794535264012869,-0.0034447385402845646,-0.005144889744318232,-6.50590854952381e-05,0.8112474230865768,0.0027128382391910033,0.0026813162781592183,True
fold_0071,2025-11-28,ridge,max_drawdown_126d_sector_neutral,100.0,,-0.0031919345545257964,-0.004003544911364016,0.09048587984227385,0.0036990111288960677,0.7972770694954682,0.0027128382391910033,0.0026813162781592183,True
fold_0071,2025-11-28,ridge,return_3m_sector_neutral,100.0,,0.00307157787286529,0.0037856236189710707,-0.035332241786248886,-0.0022933624437670515,0.8113796251356182,0.0027128382391910033,0.0026813162781592183,True
fold_0071,2025-11-28,ridge,reversal_1m_sector_neutral,100.0,,-0.0004716905203755552,-0.0005804048090840846,0.016552717723681096,0.0007986230384188118,0.8126923019812888,0.0027128382391910033,0.0026813162781592183,True
fold_0071,2025-11-28,ridge,volatility_60d_sector_neutral,100.0,,0.0032216574155554613,0.004044891978158508,-0.08688967032848753,-0.005956226820840636,0.7964755135493543,0.0027128382391910033,0.0026813162781592183,True
fold_0072,2025-12-31,elastic_net,amihud_illiquidity_20d_sector_neutral,0.001,0.9,0.0,0.0,-0.03374676948238095,0.050636631024508924,0.7187829249123416,0.002651626416345382,0.002690819386578914,False
fold_0072,2025-12-31,elastic_net,average_dollar_volume_20d_sector_neutral,0.001,0.9,0.0004885249436116142,0.0005682813393948114,-0.033475611736249355,-0.012837660466925159,0.8596533261709185,0.002651626416345382,0.002690819386578914,True
fold_0072,2025-12-31,elastic_net,beta_60d_market_sector_neutral,0.001,0.9,0.0,0.0,-0.03824185180027201,-0.0033070599398595238,0.6912357568850102,0.002651626416345382,0.002690819386578914,False
fold_0072,2025-12-31,elastic_net,distance_sma_50d_sector_neutral,0.001,0.9,-0.0,-0.0,-0.005297321926364007,0.00011722982471962302,0.8126456542624672,0.002651626416345382,0.002690819386578914,False
fold_0072,2025-12-31,elastic_net,max_drawdown_126d_sector_neutral,0.001,0.9,-0.0022187488055391592,-0.0027772796859592682,0.09206735726972481,0.004027939593808446,0.798892821906342,0.002651626416345382,0.002690819386578914,True
fold_0072,2025-12-31,elastic_net,return_3m_sector_neutral,0.001,0.9,0.00024862948296137396,0.00030592155179384566,-0.035332241786248886,-0.002072441959506568,0.8127230053047074,0.002651626416345382,0.002690819386578914,True
fold_0072,2025-12-31,elastic_net,reversal_1m_sector_neutral,0.001,0.9,0.0,0.0,0.016930557809357046,0.0006168141883776735,0.8140700112206091,0.002651626416345382,0.002690819386578914,False
fold_0072,2025-12-31,elastic_net,volatility_60d_sector_neutral,0.001,0.9,0.002715926757135511,0.003407078073634799,-0.086026114920029,-0.005892687940920331,0.7971425069922329,0.002651626416345382,0.002690819386578914,True
fold_0072,2025-12-31,ridge,amihud_illiquidity_20d_sector_neutral,100.0,,0.0016304614348341703,0.0022683641727201734,-0.03374676948238095,0.050636631024508924,0.7187829249123416,0.002651626416345382,0.0026075826486396175,True
fold_0072,2025-12-31,ridge,average_dollar_volume_20d_sector_neutral,100.0,,0.001979033409550267,0.0023021296484308494,-0.033475611736249355,-0.012837660466925159,0.8596533261709185,0.002651626416345382,0.0026075826486396175,True
fold_0072,2025-12-31,ridge,beta_60d_market_sector_neutral,100.0,,-0.0007704895638315229,-0.001114655247731487,-0.03824185180027201,-0.0033070599398595238,0.6912357568850102,0.002651626416345382,0.0026075826486396175,True
fold_0072,2025-12-31,ridge,distance_sma_50d_sector_neutral,100.0,,-0.0026729283221642694,-0.0032891682963469963,-0.005297321926364007,0.00011722982471962302,0.8126456542624672,0.002651626416345382,0.0026075826486396175,True
fold_0072,2025-12-31,ridge,max_drawdown_126d_sector_neutral,100.0,,-0.0032100517589118854,-0.004018125674545383,0.09206735726972481,0.004027939593808446,0.798892821906342,0.002651626416345382,0.0026075826486396175,True
fold_0072,2025-12-31,ridge,return_3m_sector_neutral,100.0,,0.0029725335705027413,0.0036574989893245046,-0.035332241786248886,-0.002072441959506568,0.8127230053047074,0.002651626416345382,0.0026075826486396175,True
fold_0072,2025-12-31,ridge,reversal_1m_sector_neutral,100.0,,-0.00048638578978719033,-0.0005974741522021035,0.016930557809357046,0.0006168141883776735,0.8140700112206091,0.002651626416345382,0.0026075826486396175,True
fold_0072,2025-12-31,ridge,volatility_60d_sector_neutral,100.0,,0.00276396832686863,0.003467345302281768,-0.086026114920029,-0.005892687940920331,0.7971425069922329,0.002651626416345382,0.0026075826486396175,True
fold_0073,2026-01-30,elastic_net,amihud_illiquidity_20d_sector_neutral,0.001,0.9,0.0,0.0,-0.03374676948238095,0.050636631024508924,0.7187829249123416,0.002651626416345382,0.002690819386578914,False
fold_0073,2026-01-30,elastic_net,average_dollar_volume_20d_sector_neutral,0.001,0.9,0.0004885249436116142,0.0005682813393948114,-0.033475611736249355,-0.012837660466925159,0.8596533261709185,0.002651626416345382,0.002690819386578914,True
fold_0073,2026-01-30,elastic_net,beta_60d_market_sector_neutral,0.001,0.9,0.0,0.0,-0.03824185180027201,-0.0033070599398595238,0.6912357568850102,0.002651626416345382,0.002690819386578914,False
fold_0073,2026-01-30,elastic_net,distance_sma_50d_sector_neutral,0.001,0.9,-0.0,-0.0,-0.005297321926364007,0.00011722982471962302,0.8126456542624672,0.002651626416345382,0.002690819386578914,False
fold_0073,2026-01-30,elastic_net,max_drawdown_126d_sector_neutral,0.001,0.9,-0.0022187488055391592,-0.0027772796859592682,0.09206735726972481,0.004027939593808446,0.798892821906342,0.002651626416345382,0.002690819386578914,True
fold_0073,2026-01-30,elastic_net,return_3m_sector_neutral,0.001,0.9,0.00024862948296137396,0.00030592155179384566,-0.035332241786248886,-0.002072441959506568,0.8127230053047074,0.002651626416345382,0.002690819386578914,True
fold_0073,2026-01-30,elastic_net,reversal_1m_sector_neutral,0.001,0.9,0.0,0.0,0.016930557809357046,0.0006168141883776735,0.8140700112206091,0.002651626416345382,0.002690819386578914,False
fold_0073,2026-01-30,elastic_net,volatility_60d_sector_neutral,0.001,0.9,0.002715926757135511,0.003407078073634799,-0.086026114920029,-0.005892687940920331,0.7971425069922329,0.002651626416345382,0.002690819386578914,True
fold_0073,2026-01-30,ridge,amihud_illiquidity_20d_sector_neutral,100.0,,0.0016304614348341703,0.0022683641727201734,-0.03374676948238095,0.050636631024508924,0.7187829249123416,0.002651626416345382,0.0026075826486396175,True
fold_0073,2026-01-30,ridge,average_dollar_volume_20d_sector_neutral,100.0,,0.001979033409550267,0.0023021296484308494,-0.033475611736249355,-0.012837660466925159,0.8596533261709185,0.002651626416345382,0.0026075826486396175,True
fold_0073,2026-01-30,ridge,beta_60d_market_sector_neutral,100.0,,-0.0007704895638315229,-0.001114655247731487,-0.03824185180027201,-0.0033070599398595238,0.6912357568850102,0.002651626416345382,0.0026075826486396175,True
fold_0073,2026-01-30,ridge,distance_sma_50d_sector_neutral,100.0,,-0.0026729283221642694,-0.0032891682963469963,-0.005297321926364007,0.00011722982471962302,0.8126456542624672,0.002651626416345382,0.0026075826486396175,True
fold_0073,2026-01-30,ridge,max_drawdown_126d_sector_neutral,100.0,,-0.0032100517589118854,-0.004018125674545383,0.09206735726972481,0.004027939593808446,0.798892821906342,0.002651626416345382,0.0026075826486396175,True
fold_0073,2026-01-30,ridge,return_3m_sector_neutral,100.0,,0.0029725335705027413,0.0036574989893245046,-0.035332241786248886,-0.002072441959506568,0.8127230053047074,0.002651626416345382,0.0026075826486396175,True
fold_0073,2026-01-30,ridge,reversal_1m_sector_neutral,100.0,,-0.00048638578978719033,-0.0005974741522021035,0.016930557809357046,0.0006168141883776735,0.8140700112206091,0.002651626416345382,0.0026075826486396175,True
fold_0073,2026-01-30,ridge,volatility_60d_sector_neutral,100.0,,0.00276396832686863,0.003467345302281768,-0.086026114920029,-0.005892687940920331,0.7971425069922329,0.002651626416345382,0.0026075826486396175,True
fold_0074,2026-02-27,elastic_net,amihud_illiquidity_20d_sector_neutral,0.001,0.5,0.0005821078193293196,0.0008103906459647345,-0.033491081072052536,0.05049600129128989,0.7183052053079237,0.002556051741785204,0.0025640180407483578,True
fold_0074,2026-02-27,elastic_net,average_dollar_volume_20d_sector_neutral,0.001,0.5,0.0009679345776547111,0.0011260453655905537,-0.03331492229890695,-0.012821568316201438,0.8595875505842329,0.002556051741785204,0.0025640180407483578,True
fold_0074,2026-02-27,elastic_net,beta_60d_market_sector_neutral,0.001,0.5,0.0,0.0,-0.03793019304371109,-0.003248660985768571,0.6919196949101059,0.002556051741785204,0.0025640180407483578,False
fold_0074,2026-02-27,elastic_net,distance_sma_50d_sector_neutral,0.001,0.5,-0.0,-0.0,-0.005144889744318232,0.0001491913976643507,0.8127280393428544,0.002556051741785204,0.0025640180407483578,False
fold_0074,2026-02-27,elastic_net,max_drawdown_126d_sector_neutral,0.001,0.5,-0.002775885643863635,-0.003472934918432688,0.09299320207054658,0.0041994368767981904,0.7992910057515196,0.002556051741785204,0.0025640180407483578,True
fold_0074,2026-02-27,elastic_net,return_3m_sector_neutral,0.001,0.5,0.0011017800603909745,0.0013546785608533642,-0.03500491458203131,-0.0019419838821884078,0.8133147539420132,0.002556051741785204,0.0025640180407483578,True
fold_0074,2026-02-27,elastic_net,reversal_1m_sector_neutral,0.001,0.5,0.00013183091961968093,0.00016198191742935878,0.016552717723681096,0.0006261440980128795,0.8138619526909424,0.002556051741785204,0.0025640180407483578,True
fold_0074,2026-02-27,elastic_net,volatility_60d_sector_neutral,0.001,0.5,0.0023335006770705464,0.0029270670949285197,-0.08589337081841353,-0.005922791329207088,0.7972146183849371,0.002556051741785204,0.0025640180407483578,True
fold_0074,2026-02-27,ridge,amihud_illiquidity_20d_sector_neutral,100.0,,0.001547594232483102,0.002154507890305038,-0.033491081072052536,0.05049600129128989,0.7183052053079237,0.002556051741785204,0.0025150651503453958,True
fold_0074,2026-02-27,ridge,average_dollar_volume_20d_sector_neutral,100.0,,0.0018239962202689453,0.002121943505381431,-0.03331492229890695,-0.012821568316201438,0.8595875505842329,0.002556051741785204,0.0025150651503453958,True
fold_0074,2026-02-27,ridge,beta_60d_market_sector_neutral,100.0,,-0.0004974035186187987,-0.0007188746357095982,-0.03793019304371109,-0.003248660985768571,0.6919196949101059,0.002556051741785204,0.0025150651503453958,True
fold_0074,2026-02-27,ridge,distance_sma_50d_sector_neutral,100.0,,-0.002045051883003617,-0.002516280704006693,-0.005144889744318232,0.0001491913976643507,0.8127280393428544,0.002556051741785204,0.0025150651503453958,True
fold_0074,2026-02-27,ridge,max_drawdown_126d_sector_neutral,100.0,,-0.003322688477660253,-0.004157044748096661,0.09299320207054658,0.0041994368767981904,0.7992910057515196,0.002556051741785204,0.0025150651503453958,True
fold_0074,2026-02-27,ridge,return_3m_sector_neutral,100.0,,0.0030685861468971918,0.0037729380071174416,-0.03500491458203131,-0.0019419838821884078,0.8133147539420132,0.002556051741785204,0.0025150651503453958,True
fold_0074,2026-02-27,ridge,reversal_1m_sector_neutral,100.0,,-4.782529308399578e-05,-5.876339706736119e-05,0.016552717723681096,0.0006261440980128795,0.8138619526909424,0.002556051741785204,0.0025150651503453958,True
fold_0074,2026-02-27,ridge,volatility_60d_sector_neutral,100.0,,0.0023877902974625024,0.002995166222992604,-0.08589337081841353,-0.005922791329207088,0.7972146183849371,0.002556051741785204,0.0025150651503453958,True
fold_0075,2026-03-31,elastic_net,amihud_illiquidity_20d_sector_neutral,0.001,0.5,0.0006280806949650471,0.0008747306314582135,-0.03407796721521755,0.05040355126747539,0.7180275531428568,0.0026028806879407466,0.0026077758313116494,True
fold_0075,2026-03-31,elastic_net,average_dollar_volume_20d_sector_neutral,0.001,0.5,0.0009719565397565797,0.001130950328407034,-0.03331492229890695,-0.01280855796101347,0.8594157633126114,0.0026028806879407466,0.0026077758313116494,True
fold_0075,2026-03-31,elastic_net,beta_60d_market_sector_neutral,0.001,0.5,0.0,0.0,-0.03731416615166286,-0.00332160547833465,0.69326949937917,0.0026028806879407466,0.0026077758313116494,False
fold_0075,2026-03-31,elastic_net,distance_sma_50d_sector_neutral,0.001,0.5,-0.0,-0.0,-0.004975186337633112,0.00025243763498315655,0.8117277432322777,0.0026028806879407466,0.0026077758313116494,False
fold_0075,2026-03-31,elastic_net,max_drawdown_126d_sector_neutral,0.001,0.5,-0.0029416586427999675,-0.0036806308060932874,0.0912384171661871,0.004414133079129573,0.7992267624153037,0.0026028806879407466,0.0026077758313116494,True
fold_0075,2026-03-31,elastic_net,return_3m_sector_neutral,0.001,0.5,0.001143870875057072,0.0014069407227559382,-0.03517514274266459,-0.0018205994635673453,0.813019949281473,0.0026028806879407466,0.0026077758313116494,True
fold_0075,2026-03-31,elastic_net,reversal_1m_sector_neutral,0.001,0.5,0.00013207473429837613,0.0001624964194695282,0.016930557809357046,0.000491300316217301,0.8127855046254923,0.0026028806879407466,0.0026077758313116494,True
fold_0075,2026-03-31,elastic_net,volatility_60d_sector_neutral,0.001,0.5,0.002044791302096517,0.002563494509380178,-0.08659168494370023,-0.006151913153163669,0.7976577654503823,0.0026028806879407466,0.0026077758313116494,True
fold_0075,2026-03-31,ridge,amihud_illiquidity_20d_sector_neutral,100.0,,0.0016138004529571812,0.002247546693568323,-0.03407796721521755,0.05040355126747539,0.7180275531428568,0.0026028806879407466,0.002557897276512488,True
fold_0075,2026-03-31,ridge,average_dollar_volume_20d_sector_neutral,100.0,,0.0018415707903940612,0.002142817096227955,-0.03331492229890695,-0.01280855796101347,0.8594157633126114,0.0026028806879407466,0.002557897276512488,True
fold_0075,2026-03-31,ridge,beta_60d_market_sector_neutral,100.0,,-0.0007748258925131068,-0.001117640244099836,-0.03731416615166286,-0.00332160547833465,0.69326949937917,0.0026028806879407466,0.002557897276512488,True
fold_0075,2026-03-31,ridge,distance_sma_50d_sector_neutral,100.0,,-0.002013040645973408,-0.0024799456009197553,-0.004975186337633112,0.00025243763498315655,0.8117277432322777,0.0026028806879407466,0.002557897276512488,True
fold_0075,2026-03-31,ridge,max_drawdown_126d_sector_neutral,100.0,,-0.0034753867846731086,-0.004348436448962638,0.0912384171661871,0.004414133079129573,0.7992267624153037,0.0026028806879407466,0.002557897276512488,True
fold_0075,2026-03-31,ridge,return_3m_sector_neutral,100.0,,0.0031029753918195286,0.003816604247610236,-0.03517514274266459,-0.0018205994635673453,0.813019949281473,0.0026028806879407466,0.002557897276512488,True
fold_0075,2026-03-31,ridge,reversal_1m_sector_neutral,100.0,,-2.0310229271620532e-05,-2.4988424567166575e-05,0.016930557809357046,0.000491300316217301,0.8127855046254923,0.0026028806879407466,0.002557897276512488,True
fold_0075,2026-03-31,ridge,volatility_60d_sector_neutral,100.0,,0.002306069103273731,0.002891050777862926,-0.08659168494370023,-0.006151913153163669,0.7976577654503823,0.0026028806879407466,0.002557897276512488,True
fold_0076,2026-04-30,elastic_net,amihud_illiquidity_20d_sector_neutral,0.001,0.5,0.0005169469697749653,0.0007200414030650422,-0.03464204881645168,0.05032237170518602,0.7179406178234293,0.002807054577578333,0.00281989379749988,True
fold_0076,2026-04-30,elastic_net,average_dollar_volume_20d_sector_neutral,0.001,0.5,0.0008246976239428456,0.0009596849063758676,-0.033174751235640815,-0.012799582322107303,0.8593420803680398,0.002807054577578333,0.00281989379749988,True
fold_0076,2026-04-30,elastic_net,beta_60d_market_sector_neutral,0.001,0.5,0.0,0.0,-0.036873608601071195,-0.00330259857875326,0.6930780321035335,0.002807054577578333,0.00281989379749988,False
fold_0076,2026-04-30,elastic_net,distance_sma_50d_sector_neutral,0.001,0.5,-0.0001730113359367352,-0.00021347128141977213,-0.005144889744318232,0.000281390097806661,0.8104665638677829,0.002807054577578333,0.00281989379749988,True
fold_0076,2026-04-30,elastic_net,max_drawdown_126d_sector_neutral,0.001,0.5,-0.002636222494777769,-0.0032994633669127887,0.08981258549601841,0.0044595790559367465,0.7989852292993952,0.002807054577578333,0.00281989379749988,True
fold_0076,2026-04-30,elastic_net,return_3m_sector_neutral,0.001,0.5,0.0010928346703405316,0.0013466215002114349,-0.03500491458203131,-0.0017690433401905173,0.8115381123566971,0.002807054577578333,0.00281989379749988,True
fold_0076,2026-04-30,elastic_net,reversal_1m_sector_neutral,0.001,0.5,0.0,0.0,0.01619539631772765,0.0005374417538201847,0.8115236305221292,0.002807054577578333,0.00281989379749988,False
fold_0076,2026-04-30,elastic_net,volatility_60d_sector_neutral,0.001,0.5,0.002516761712396859,0.003155101006291489,-0.086026114920029,-0.006222725300945656,0.797680235079087,0.002807054577578333,0.00281989379749988,True
fold_0076,2026-04-30,ridge,amihud_illiquidity_20d_sector_neutral,100.0,,0.0014953454113216767,0.00208282603630241,-0.03464204881645168,0.05032237170518602,0.7179406178234293,0.002807054577578333,0.002770971962201804,True
fold_0076,2026-04-30,ridge,average_dollar_volume_20d_sector_neutral,100.0,,0.0016961025613614594,0.001973722223209471,-0.033174751235640815,-0.012799582322107303,0.8593420803680398,0.002807054577578333,0.002770971962201804,True
fold_0076,2026-04-30,ridge,beta_60d_market_sector_neutral,100.0,,-0.0006441566772050307,-0.0009294143622616005,-0.036873608601071195,-0.00330259857875326,0.6930780321035335,0.002807054577578333,0.002770971962201804,True
fold_0076,2026-04-30,ridge,distance_sma_50d_sector_neutral,100.0,,-0.0024660603089926895,-0.0030427662521004322,-0.005144889744318232,0.000281390097806661,0.8104665638677829,0.002807054577578333,0.002770971962201804,True
fold_0076,2026-04-30,ridge,max_drawdown_126d_sector_neutral,100.0,,-0.0031915013943653414,-0.003994443548304225,0.08981258549601841,0.0044595790559367465,0.7989852292993952,0.002807054577578333,0.002770971962201804,True
fold_0076,2026-04-30,ridge,return_3m_sector_neutral,100.0,,0.0031475814523160357,0.0038785380555640156,-0.03500491458203131,-0.0017690433401905173,0.8115381123566971,0.002807054577578333,0.002770971962201804,True
fold_0076,2026-04-30,ridge,reversal_1m_sector_neutral,100.0,,-0.00037133838156566256,-0.00045758172356206783,0.01619539631772765,0.0005374417538201847,0.8115236305221292,0.002807054577578333,0.002770971962201804,True
fold_0076,2026-04-30,ridge,volatility_60d_sector_neutral,100.0,,0.002661165733564828,0.0033361309664404347,-0.086026114920029,-0.006222725300945656,0.797680235079087,0.002807054577578333,0.002770971962201804,True
fold_0077,2026-05-29,elastic_net,amihud_illiquidity_20d_sector_neutral,0.001,0.5,0.0005169469697749653,0.0007200414030650422,-0.03464204881645168,0.05032237170518602,0.7179406178234293,0.002807054577578333,0.00281989379749988,True
fold_0077,2026-05-29,elastic_net,average_dollar_volume_20d_sector_neutral,0.001,0.5,0.0008246976239428456,0.0009596849063758676,-0.033174751235640815,-0.012799582322107303,0.8593420803680398,0.002807054577578333,0.00281989379749988,True
fold_0077,2026-05-29,elastic_net,beta_60d_market_sector_neutral,0.001,0.5,0.0,0.0,-0.036873608601071195,-0.00330259857875326,0.6930780321035335,0.002807054577578333,0.00281989379749988,False
fold_0077,2026-05-29,elastic_net,distance_sma_50d_sector_neutral,0.001,0.5,-0.0001730113359367352,-0.00021347128141977213,-0.005144889744318232,0.000281390097806661,0.8104665638677829,0.002807054577578333,0.00281989379749988,True
fold_0077,2026-05-29,elastic_net,max_drawdown_126d_sector_neutral,0.001,0.5,-0.002636222494777769,-0.0032994633669127887,0.08981258549601841,0.0044595790559367465,0.7989852292993952,0.002807054577578333,0.00281989379749988,True
fold_0077,2026-05-29,elastic_net,return_3m_sector_neutral,0.001,0.5,0.0010928346703405316,0.0013466215002114349,-0.03500491458203131,-0.0017690433401905173,0.8115381123566971,0.002807054577578333,0.00281989379749988,True
fold_0077,2026-05-29,elastic_net,reversal_1m_sector_neutral,0.001,0.5,0.0,0.0,0.01619539631772765,0.0005374417538201847,0.8115236305221292,0.002807054577578333,0.00281989379749988,False
fold_0077,2026-05-29,elastic_net,volatility_60d_sector_neutral,0.001,0.5,0.002516761712396859,0.003155101006291489,-0.086026114920029,-0.006222725300945656,0.797680235079087,0.002807054577578333,0.00281989379749988,True
fold_0077,2026-05-29,ridge,amihud_illiquidity_20d_sector_neutral,100.0,,0.0014953454113216767,0.00208282603630241,-0.03464204881645168,0.05032237170518602,0.7179406178234293,0.002807054577578333,0.002770971962201804,True
fold_0077,2026-05-29,ridge,average_dollar_volume_20d_sector_neutral,100.0,,0.0016961025613614594,0.001973722223209471,-0.033174751235640815,-0.012799582322107303,0.8593420803680398,0.002807054577578333,0.002770971962201804,True
fold_0077,2026-05-29,ridge,beta_60d_market_sector_neutral,100.0,,-0.0006441566772050307,-0.0009294143622616005,-0.036873608601071195,-0.00330259857875326,0.6930780321035335,0.002807054577578333,0.002770971962201804,True
fold_0077,2026-05-29,ridge,distance_sma_50d_sector_neutral,100.0,,-0.0024660603089926895,-0.0030427662521004322,-0.005144889744318232,0.000281390097806661,0.8104665638677829,0.002807054577578333,0.002770971962201804,True
fold_0077,2026-05-29,ridge,max_drawdown_126d_sector_neutral,100.0,,-0.0031915013943653414,-0.003994443548304225,0.08981258549601841,0.0044595790559367465,0.7989852292993952,0.002807054577578333,0.002770971962201804,True
fold_0077,2026-05-29,ridge,return_3m_sector_neutral,100.0,,0.0031475814523160357,0.0038785380555640156,-0.03500491458203131,-0.0017690433401905173,0.8115381123566971,0.002807054577578333,0.002770971962201804,True
fold_0077,2026-05-29,ridge,reversal_1m_sector_neutral,100.0,,-0.00037133838156566256,-0.00045758172356206783,0.01619539631772765,0.0005374417538201847,0.8115236305221292,0.002807054577578333,0.002770971962201804,True
fold_0077,2026-05-29,ridge,volatility_60d_sector_neutral,100.0,,0.002661165733564828,0.0033361309664404347,-0.086026114920029,-0.006222725300945656,0.797680235079087,0.002807054577578333,0.002770971962201804,True
