model_name,as_of_date,quintile,observations,mean_target,median_target,positive_target_ratio
elastic_net,2020-01-31,1,10,-0.0022863956190222632,-0.0033893017391052327,0.4
elastic_net,2020-01-31,2,10,-0.010433623972013917,0.004935402286877,0.5
elastic_net,2020-01-31,3,10,0.0027612394769547244,-0.004773449325413626,0.5
elastic_net,2020-01-31,4,10,0.012451992419521506,0.004249012112583772,0.6
elastic_net,2020-01-31,5,10,0.01635762356700583,-0.0019912444527427353,0.5
elastic_net,2020-02-28,1,10,0.01695222836979595,0.03118418675254142,0.5
elastic_net,2020-02-28,2,10,0.01955904248888768,0.024511113616030533,0.6
elastic_net,2020-02-28,3,10,-0.006011977630658349,-0.011141967319355572,0.4
elastic_net,2020-02-28,4,10,-0.02862077999022685,-0.030562331374756058,0.4
elastic_net,2020-02-28,5,10,-0.006801450764186634,0.03786256313319919,0.6
elastic_net,2020-03-31,1,10,-0.03339219291098748,-0.06310643276211003,0.3
elastic_net,2020-03-31,2,10,-0.005925968065739418,0.0006905096091934793,0.5
elastic_net,2020-03-31,3,10,0.012046383348565004,0.013363282270081212,0.6
elastic_net,2020-03-31,4,10,-0.010524213995986664,0.0,0.5
elastic_net,2020-03-31,5,10,0.08111525974536034,0.039246659198271194,0.6
elastic_net,2020-04-30,1,10,0.03075102123903466,0.03864480402582138,0.7
elastic_net,2020-04-30,2,10,0.014048680188023355,-0.023886285155672815,0.4
elastic_net,2020-04-30,3,10,0.010742389652590712,-0.0011783193151068128,0.5
elastic_net,2020-04-30,4,10,-0.0038642476337040987,-0.012367323158186228,0.4
elastic_net,2020-04-30,5,10,0.02352409362558653,0.004573686589711912,0.5
elastic_net,2020-05-29,1,10,0.0022264440826975096,-0.005713271835518063,0.3
elastic_net,2020-05-29,2,10,-0.009910057530227523,-0.015430997794090351,0.4
elastic_net,2020-05-29,3,10,0.024962492347484,0.0106988831994555,0.5
elastic_net,2020-05-29,4,10,0.04419308794540886,0.016113863452118626,0.7
elastic_net,2020-05-29,5,10,0.04503390365972525,0.04235492970882787,0.6
elastic_net,2020-06-30,1,10,0.021405580559526682,0.015054267290467882,0.6
elastic_net,2020-06-30,2,10,0.02492531823218911,0.033077740497930774,0.6
elastic_net,2020-06-30,3,10,0.005658122336026861,-0.011892486199695962,0.5
elastic_net,2020-06-30,4,10,-0.000981813807886267,-0.00484617858190417,0.4
elastic_net,2020-06-30,5,10,0.013388878912530133,-0.0068263031283308795,0.4
elastic_net,2020-07-31,1,10,0.0038696316157666886,0.012092273171510515,0.6
elastic_net,2020-07-31,2,10,0.0029537911990692002,0.013064396769633002,0.5
elastic_net,2020-07-31,3,10,-0.010845291665037126,-0.014686889756291954,0.5
elastic_net,2020-07-31,4,10,0.013647652538335619,0.0145336668084326,0.6
elastic_net,2020-07-31,5,10,0.04342353456676825,-0.04502998210184328,0.3
elastic_net,2020-08-31,1,10,-0.010883049183153637,-0.0137572700817446,0.4
elastic_net,2020-08-31,2,10,-0.0020489312673503957,0.0008751903494824687,0.6
elastic_net,2020-08-31,3,10,-0.005823773010527456,0.009790906675906264,0.7
elastic_net,2020-08-31,4,10,-0.014149481339518877,0.00035925201976144683,0.5
elastic_net,2020-08-31,5,10,-0.06001842405802371,-0.049644318629722906,0.3
elastic_net,2020-09-30,1,10,-0.010651086765937966,-0.0012776076053555019,0.4
elastic_net,2020-09-30,2,10,0.004911202141384008,0.00069797022995155,0.6
elastic_net,2020-09-30,3,10,-0.00701995140712589,-0.010668828519768192,0.5
elastic_net,2020-09-30,4,10,0.019790392106549527,0.015628600441349394,0.6
elastic_net,2020-09-30,5,10,0.006618028998403791,-0.004793403773299343,0.4
elastic_net,2020-10-30,1,10,-0.0008780045632114097,-0.020724408840260944,0.4
elastic_net,2020-10-30,2,10,-0.015019148985985765,-0.022126724479187843,0.3
elastic_net,2020-10-30,3,10,0.038999930754179776,0.02958193450397628,0.7
elastic_net,2020-10-30,4,10,-0.021900756609487825,-0.02131491388721407,0.3
elastic_net,2020-10-30,5,10,0.13116169196386243,0.13260081512822253,0.8
elastic_net,2020-11-30,1,10,-0.017725220285058164,-0.008054365024947274,0.5
elastic_net,2020-11-30,2,10,-0.007637492397859369,-0.021065848971826506,0.3
elastic_net,2020-11-30,3,10,0.008220011645885539,-0.0072864284837401705,0.5
elastic_net,2020-11-30,4,10,0.006476988723259658,-0.008627999640660966,0.5
elastic_net,2020-11-30,5,10,0.04300332670154783,0.029302926396525764,0.7
elastic_net,2020-12-31,1,10,-0.027653740594817,-0.02395685746920928,0.3
elastic_net,2020-12-31,2,10,0.008743247861426584,0.038452525958053485,0.6
elastic_net,2020-12-31,3,10,-0.03523775153225278,-0.046414370290637164,0.3
elastic_net,2020-12-31,4,10,0.009994985204383156,0.020000183264736626,0.7
elastic_net,2020-12-31,5,10,0.0419894089950278,0.008476374674024512,0.6
elastic_net,2021-01-29,1,10,0.008723803533424213,-0.023626277905771265,0.4
elastic_net,2021-01-29,2,10,0.022246601017586732,0.013301286739265117,0.6
elastic_net,2021-01-29,3,10,-0.0024625961806442275,-0.03993484906984551,0.4
elastic_net,2021-01-29,4,10,0.035644439963879546,0.0021515971691056235,0.5
elastic_net,2021-01-29,5,10,0.043195912383947224,0.022026012714571053,0.6
elastic_net,2021-02-26,1,10,0.03226710202286244,0.018814899161787024,0.9
elastic_net,2021-02-26,2,10,-0.011918295844570326,-0.02323696530938224,0.4
elastic_net,2021-02-26,3,10,-0.005542011651373668,-0.015620211575583687,0.4
elastic_net,2021-02-26,4,10,-0.00330300882533584,0.011635489852435232,0.6
elastic_net,2021-02-26,5,10,-0.05987908564280958,-0.05561281771255322,0.2
elastic_net,2021-03-31,1,10,-0.014323565991251497,-0.02616311832990509,0.4
elastic_net,2021-03-31,2,10,0.041481644566268995,0.0406464006199333,0.8
elastic_net,2021-03-31,3,10,-0.010358704943059382,-0.02115391046566606,0.3
elastic_net,2021-03-31,4,10,-0.009279089035716993,-0.011190520696880646,0.3
elastic_net,2021-03-31,5,10,0.022621063558098554,0.024973356634238053,0.7
elastic_net,2021-04-30,1,10,-0.0065307695598762925,-0.0013251199016982573,0.5
elastic_net,2021-04-30,2,10,-0.03369102763402767,-0.027008377831327535,0.3
elastic_net,2021-04-30,3,10,0.000537469356395126,-0.0008014320318101564,0.5
elastic_net,2021-04-30,4,10,-0.023695355391887985,-0.016442010734550372,0.3
elastic_net,2021-04-30,5,10,0.04851568844120587,0.054936807914561125,0.9
elastic_net,2021-05-28,1,10,0.015964672017464165,0.007857098329180634,0.5
elastic_net,2021-05-28,2,10,0.00829129347827764,-0.004935076308756781,0.4
elastic_net,2021-05-28,3,10,0.003895271622403218,0.001317717340868052,0.6
elastic_net,2021-05-28,4,10,0.009283991254035107,-0.020123853063848562,0.3
elastic_net,2021-05-28,5,10,0.0356892720082941,0.04397256079173051,0.7
elastic_net,2021-06-30,1,10,-0.00709025428150698,-0.0057330070614382,0.4
elastic_net,2021-06-30,2,10,0.005232474772212459,0.018569305943178183,0.7
elastic_net,2021-06-30,3,10,0.008985427205757979,0.021458267996143143,0.6
elastic_net,2021-06-30,4,10,-0.012577087961828382,-0.0073263639196863295,0.4
elastic_net,2021-06-30,5,10,-0.02311313126418585,-0.016597443335131246,0.4
elastic_net,2021-07-30,1,10,-0.0173078393913604,-0.016751831915773674,0.3
elastic_net,2021-07-30,2,10,-0.010682925646963326,-0.0026600405097136903,0.4
elastic_net,2021-07-30,3,10,0.0008598913025326226,0.012758953554312558,0.6
elastic_net,2021-07-30,4,10,0.005010292035791941,0.003252237745171249,0.5
elastic_net,2021-07-30,5,10,0.02028793470700797,0.02424547595297455,0.7
elastic_net,2021-08-31,1,10,0.0279902442510636,0.02413783284379245,0.6
elastic_net,2021-08-31,2,10,0.003419643557308094,-0.013304568821970564,0.3
elastic_net,2021-08-31,3,10,0.004017175381160176,-0.0053006366017407935,0.4
elastic_net,2021-08-31,4,10,0.04456723650034859,0.019397045546950487,0.6
elastic_net,2021-08-31,5,10,0.04261982236285955,0.03069578448856941,0.6
elastic_net,2021-09-30,1,10,0.006280375220483558,0.016980742723228137,0.6
elastic_net,2021-09-30,2,10,-0.04055133500917942,-0.04184333568674836,0.2
elastic_net,2021-09-30,3,10,-0.04954246074380646,-0.06367834070902711,0.2
elastic_net,2021-09-30,4,10,0.016753449046312263,0.0098728485166375,0.6
elastic_net,2021-09-30,5,10,0.06279391020269076,0.024472262984313264,0.9
elastic_net,2021-10-29,1,10,0.004346746151095093,0.004515695295147615,0.5
elastic_net,2021-10-29,2,10,0.011726847267228968,0.007812350918948108,0.6
elastic_net,2021-10-29,3,10,0.032570742783195016,0.006832756643130933,0.5
elastic_net,2021-10-29,4,10,-0.009322785239418596,-0.03514086645875064,0.3
elastic_net,2021-10-29,5,10,0.03666764700782714,0.013305629237714334,0.6
elastic_net,2021-11-30,1,10,0.03564833014834965,0.03082942293530999,0.6
elastic_net,2021-11-30,2,10,-0.01310462432419649,-0.02015006008317255,0.4
elastic_net,2021-11-30,3,10,-0.004692099635436908,0.00770313271104528,0.6
elastic_net,2021-11-30,4,10,0.005702170088419001,0.001292129917892737,0.5
elastic_net,2021-11-30,5,10,-0.020967424061285145,-0.013262647115080517,0.4
elastic_net,2021-12-31,1,10,0.0026406559162109435,-0.005006813903387641,0.5
elastic_net,2021-12-31,2,10,-0.017210023543795937,-0.01665031802719602,0.4
elastic_net,2021-12-31,3,10,0.02911166890941047,0.024531448166504766,0.6
elastic_net,2021-12-31,4,10,0.0125682747563429,-0.0004194518918636536,0.5
elastic_net,2021-12-31,5,10,0.021261435137119665,-0.02295677713002614,0.5
elastic_net,2022-01-31,1,10,0.03337269249245003,0.016993513629255275,0.6
elastic_net,2022-01-31,2,10,-0.006675227889737856,-0.007627428517494372,0.5
elastic_net,2022-01-31,3,10,-0.031397423150277215,-0.007707719719258821,0.3
elastic_net,2022-01-31,4,10,0.038346265718817885,0.0021696485005060495,0.5
elastic_net,2022-01-31,5,10,0.012430569165595585,0.014190472254912212,0.6
elastic_net,2022-02-28,1,10,-0.012923043247974686,-0.004722761124916208,0.4
elastic_net,2022-02-28,2,10,-0.03390170038592866,-0.05628443967610991,0.3
elastic_net,2022-02-28,3,10,0.01892588780840454,0.022363638339110925,0.8
elastic_net,2022-02-28,4,10,-0.010938646792912298,-0.01182048602274266,0.4
elastic_net,2022-02-28,5,10,0.04166702168131923,0.039263324581695236,0.6
elastic_net,2022-03-31,1,10,-0.014227638629550033,-0.006960153597524887,0.5
elastic_net,2022-03-31,2,10,0.015749934843496648,0.004014060230220107,0.6
elastic_net,2022-03-31,3,10,-0.008773292592441551,-0.009630732548797427,0.4
elastic_net,2022-03-31,4,10,0.010797450679096276,0.03023050418893014,0.6
elastic_net,2022-03-31,5,10,-0.09008284453964147,-0.035937347688701105,0.4
elastic_net,2022-04-29,1,10,0.0017964307143210512,-0.005421472836072916,0.4
elastic_net,2022-04-29,2,10,-0.018256542614146786,-0.025568031714331807,0.3
elastic_net,2022-04-29,3,10,0.0029100942416745656,0.0024320714316580228,0.6
elastic_net,2022-04-29,4,10,0.013157042994080704,0.020726874171203002,0.7
elastic_net,2022-04-29,5,10,-0.006456938549248425,-0.011230289646255887,0.5
elastic_net,2022-05-31,1,10,-0.0064214420820302934,-0.018774065832269315,0.4
elastic_net,2022-05-31,2,10,0.03275394469986531,0.036727830939657646,0.7
elastic_net,2022-05-31,3,10,-0.007933148045036965,0.0014932200547927432,0.5
elastic_net,2022-05-31,4,10,0.00853072701186861,-0.004917787801867135,0.5
elastic_net,2022-05-31,5,10,-0.026685275356440864,-0.03488361614196184,0.4
elastic_net,2022-06-30,1,10,-0.02511991352815024,-0.016999361394461343,0.2
elastic_net,2022-06-30,2,10,0.012381789241789943,0.009453070107987571,0.5
elastic_net,2022-06-30,3,10,-0.02883740572227922,-0.037086796471985095,0.3
elastic_net,2022-06-30,4,10,0.05360125879156048,0.033355695631751225,0.9
elastic_net,2022-06-30,5,10,0.003965396057073656,0.0034907466281438593,0.6
elastic_net,2022-07-29,1,10,-0.006991697347322856,-0.022497882605639008,0.3
elastic_net,2022-07-29,2,10,0.0015249787928234392,-0.00697288634428761,0.4
elastic_net,2022-07-29,3,10,0.012822547791144612,0.018129562205852212,0.7
elastic_net,2022-07-29,4,10,0.019210818218198134,0.0,0.5
elastic_net,2022-07-29,5,10,0.00502009794358621,0.014314946094490966,0.6
elastic_net,2022-08-31,1,10,0.00548847384603286,0.0039919620771519115,0.6
elastic_net,2022-08-31,2,10,-0.017880768140212323,-0.02100175216943767,0.3
elastic_net,2022-08-31,3,10,0.00831807663955939,-0.0006662672582668505,0.5
elastic_net,2022-08-31,4,10,0.02938474608211409,0.01567416961823731,0.7
elastic_net,2022-08-31,5,10,-0.014315715750581626,-0.018733290130032054,0.4
elastic_net,2022-09-30,1,10,-0.0025383833041908053,-0.02980545840047366,0.4
elastic_net,2022-09-30,2,10,-0.016698720340911043,0.008094723951452165,0.6
elastic_net,2022-09-30,3,10,-0.003724437363730759,-0.013001290583142033,0.4
elastic_net,2022-09-30,4,10,0.0058425912563112355,0.00789707470306844,0.6
elastic_net,2022-09-30,5,10,0.0028209324970560833,0.002891184693652238,0.5
elastic_net,2022-10-31,1,10,-0.04301401815915447,-0.054824048367318134,0.3
elastic_net,2022-10-31,2,10,-0.005711562292491657,0.0,0.5
elastic_net,2022-10-31,3,10,0.03934837094539323,0.028310247750540474,0.9
elastic_net,2022-10-31,4,10,-0.018537489542988027,-0.011126937547189408,0.4
elastic_net,2022-10-31,5,10,-0.004698324132016462,-0.013301266732904993,0.4
elastic_net,2022-11-30,1,10,-0.0140785686455138,0.000667416210151095,0.5
elastic_net,2022-11-30,2,10,-0.00823161763880973,-0.004317674834022955,0.5
elastic_net,2022-11-30,3,10,-0.0009202251287001917,0.018641597627436113,0.6
elastic_net,2022-11-30,4,10,-0.005236963908465819,-0.0018932892748671493,0.5
elastic_net,2022-11-30,5,10,-0.051932511705111206,-0.024359223608263425,0.4
elastic_net,2022-12-30,1,10,-0.026615746289173636,-0.02859581480305262,0.3
elastic_net,2022-12-30,2,10,0.015362403145719484,0.007075285037136614,0.5
elastic_net,2022-12-30,3,10,-0.010299954502397912,-0.06658466116508166,0.4
elastic_net,2022-12-30,4,10,-0.010762538458734493,0.0,0.5
elastic_net,2022-12-30,5,10,0.13855060733607272,0.08633416409706529,0.8
elastic_net,2023-01-31,1,10,-0.012241119737338435,-0.02206540060639184,0.3
elastic_net,2023-01-31,2,10,0.0025552028817071525,0.015022266157232622,0.6
elastic_net,2023-01-31,3,10,0.023857006504462375,0.020221891256616442,0.8
elastic_net,2023-01-31,4,10,-0.0023710553170383066,-0.007404426884606241,0.3
elastic_net,2023-01-31,5,10,0.04841167999600726,0.0,0.5
elastic_net,2023-02-28,1,10,0.0058520030902765256,0.0010991962483053452,0.5
elastic_net,2023-02-28,2,10,0.0010385527829621544,-0.0010301004089120491,0.5
elastic_net,2023-02-28,3,10,-0.03136751967258049,-0.010417747474347094,0.4
elastic_net,2023-02-28,4,10,-0.0027748471452868186,0.013280968949465843,0.6
elastic_net,2023-02-28,5,10,0.01903072318242598,-0.0028426153338215743,0.5
elastic_net,2023-03-31,1,10,-0.005887735870754718,0.002686572845317481,0.5
elastic_net,2023-03-31,2,10,-0.02849935160911927,-0.02120836655747743,0.5
elastic_net,2023-03-31,3,10,0.018327814191256186,0.004854079292682667,0.6
elastic_net,2023-03-31,4,10,0.0058463702851157765,0.00962326239905087,0.7
elastic_net,2023-03-31,5,10,-0.03251605074175988,-0.026995060006944516,0.2
elastic_net,2023-04-28,1,10,0.024663339403852413,-0.0020615120705607115,0.5
elastic_net,2023-04-28,2,10,0.03280691877417522,-0.00039818244205436226,0.5
elastic_net,2023-04-28,3,10,-0.0009792935320618202,-0.010702398397094415,0.3
elastic_net,2023-04-28,4,10,0.03216830230176913,0.011777091790303118,0.6
elastic_net,2023-04-28,5,10,0.0823200995417582,0.02812111624003527,0.6
elastic_net,2023-05-31,1,10,0.002176616079345295,-0.006881151438120181,0.4
elastic_net,2023-05-31,2,10,-0.00706338334072878,0.001307763925119776,0.5
elastic_net,2023-05-31,3,10,0.0008651531152298553,0.003488076625659864,0.5
elastic_net,2023-05-31,4,10,-0.0027698477249262663,-0.005368585895562772,0.5
elastic_net,2023-05-31,5,10,0.015137490126325148,0.005363486755892377,0.6
elastic_net,2023-06-30,1,10,-0.018245515558295667,-0.015253622213482032,0.3
elastic_net,2023-06-30,2,10,-0.0056554189544194,-0.0025693593754541055,0.5
elastic_net,2023-06-30,3,10,0.004773437409288006,-0.0038660045038890756,0.5
elastic_net,2023-06-30,4,10,0.028469554696306763,0.008357665709515794,0.6
elastic_net,2023-06-30,5,10,0.04332834686111997,0.05957984952699791,0.6
elastic_net,2023-07-31,1,10,0.023147391921247495,0.008855521140595457,0.7
elastic_net,2023-07-31,2,10,-0.024582844729926702,-0.03346994349308369,0.3
elastic_net,2023-07-31,3,10,0.013930688344560816,0.008887357887637837,0.7
elastic_net,2023-07-31,4,10,0.013974723160541758,-0.006905582539850408,0.3
elastic_net,2023-07-31,5,10,-0.00828907858195228,-0.0063722997615257015,0.5
elastic_net,2023-08-31,1,10,0.0074466694926689225,0.004037462301757222,0.5
elastic_net,2023-08-31,2,10,-0.017963364682325678,-0.02199489263907567,0.3
elastic_net,2023-08-31,3,10,0.002824246572235389,0.009253908575829528,0.5
elastic_net,2023-08-31,4,10,-0.014676220985481648,-0.003835838670606828,0.5
elastic_net,2023-08-31,5,10,0.009057175316245747,0.01465800378823201,0.7
elastic_net,2023-09-29,1,10,-0.01474031157796023,-0.014804830040365202,0.4
elastic_net,2023-09-29,2,10,0.004381676344695129,0.016439535885753753,0.6
elastic_net,2023-09-29,3,10,-0.004716892330581912,0.003900624130347141,0.5
elastic_net,2023-09-29,4,10,0.014340125989244622,0.02497911476560094,0.6
elastic_net,2023-09-29,5,10,0.004872080902551368,-0.007852531775352334,0.4
elastic_net,2023-10-31,1,10,-0.0008980246856602258,0.0,0.5
elastic_net,2023-10-31,2,10,-0.027708297515149048,-0.01152921105683602,0.4
elastic_net,2023-10-31,3,10,-0.029840688698785513,-0.008133699092894076,0.4
elastic_net,2023-10-31,4,10,0.0013892874240106102,0.010544864710074986,0.5
elastic_net,2023-10-31,5,10,0.02234563788349373,0.033245136360714245,0.7
elastic_net,2023-11-30,1,10,0.0126370348398682,0.004952487897141422,0.5
elastic_net,2023-11-30,2,10,0.018643493973261028,0.019342282435484193,0.6
elastic_net,2023-11-30,3,10,0.017877001217385845,-0.007551870693686125,0.5
elastic_net,2023-11-30,4,10,-0.005231244528848988,-0.00763502555058071,0.5
elastic_net,2023-11-30,5,10,-0.007462842600931552,-0.01093154854021161,0.4
elastic_net,2023-12-29,1,10,0.005877673643058312,-0.0038891933295578385,0.5
elastic_net,2023-12-29,2,10,-0.005484699086075906,-0.011993244481927123,0.4
elastic_net,2023-12-29,3,10,0.007021437477389025,0.025181316931902176,0.6
elastic_net,2023-12-29,4,10,-0.02181782820018944,-0.012134976033254807,0.4
elastic_net,2023-12-29,5,10,0.01914251585171569,0.03365705214355341,0.6
elastic_net,2024-01-31,1,10,0.013034199387620727,-0.0050268496817263975,0.4
elastic_net,2024-01-31,2,10,-0.01833704931526222,-0.011848551349939007,0.4
elastic_net,2024-01-31,3,10,0.005674658524914567,0.017749171573637423,0.6
elastic_net,2024-01-31,4,10,0.020184824017786963,0.02629284859901948,0.5
elastic_net,2024-01-31,5,10,0.028028904328490124,0.00901885966833893,0.6
elastic_net,2024-02-29,1,10,-0.03218511394617733,-0.0454556066981156,0.1
elastic_net,2024-02-29,2,10,0.026455931282039758,0.013929169387100204,0.6
elastic_net,2024-02-29,3,10,-0.011923807981972923,0.00038936993949578724,0.6
elastic_net,2024-02-29,4,10,0.025791695491382695,0.014683844261587753,0.7
elastic_net,2024-02-29,5,10,0.007269156548914213,0.006710429676896279,0.5
elastic_net,2024-03-28,1,10,-0.027857804972162458,-0.019658922804291767,0.2
elastic_net,2024-03-28,2,10,-0.0043425477442605494,-0.008984009230164791,0.5
elastic_net,2024-03-28,3,10,-0.01802829164335179,0.005435561074120743,0.5
elastic_net,2024-03-28,4,10,0.01715576185206773,0.009742899757114565,0.8
elastic_net,2024-03-28,5,10,-0.0015883621454662155,0.0003838606408674283,0.5
elastic_net,2024-04-30,1,10,-0.0065066273346128575,0.004113572864011483,0.5
elastic_net,2024-04-30,2,10,0.0073907914007439015,-0.005882490608535074,0.3
elastic_net,2024-04-30,3,10,0.01946060288067385,-0.02876712915557128,0.4
elastic_net,2024-04-30,4,10,0.025488595123523215,0.0282353208576126,0.6
elastic_net,2024-04-30,5,10,0.04044274651386128,0.03372218723049969,0.7
elastic_net,2024-05-31,1,10,0.003396231341535272,-0.002135147031833373,0.5
elastic_net,2024-05-31,2,10,-0.022596308664785646,-0.021140668142157704,0.2
elastic_net,2024-05-31,3,10,0.027777625751722757,0.012726804279215131,0.6
elastic_net,2024-05-31,4,10,0.02479976538308961,0.014149798764929056,0.7
elastic_net,2024-05-31,5,10,0.021938643064315977,0.009657594556637283,0.5
elastic_net,2024-06-28,1,10,-0.007299378892911523,0.005675316492599891,0.6
elastic_net,2024-06-28,2,10,0.04122822152002392,0.0472080220302018,0.6
elastic_net,2024-06-28,3,10,-0.021163870703436238,-0.012076240490050849,0.2
elastic_net,2024-06-28,4,10,-0.03109292008269332,-0.022455454447426193,0.5
elastic_net,2024-06-28,5,10,-0.005552143663521436,0.008638936079519155,0.6
elastic_net,2024-07-31,1,10,-0.010504007550258343,0.0034476843827145887,0.6
elastic_net,2024-07-31,2,10,-0.0012199698662702207,-0.000791278823309538,0.5
elastic_net,2024-07-31,3,10,-0.007387095676509303,0.0029583128212516963,0.6
elastic_net,2024-07-31,4,10,0.009553120452409502,-0.006417708013690349,0.4
elastic_net,2024-07-31,5,10,-0.026647203916767927,-0.03669547262163764,0.4
elastic_net,2024-08-30,1,10,0.017661454266519373,0.020387136219658042,0.6
elastic_net,2024-08-30,2,10,0.014024496448346978,-0.005392295327568242,0.4
elastic_net,2024-08-30,3,10,-0.009343927071486912,-0.0021276205477918086,0.4
elastic_net,2024-08-30,4,10,0.00493675919026344,-0.00535402055596762,0.5
elastic_net,2024-08-30,5,10,0.025734922846440255,0.028696651071763224,0.6
elastic_net,2024-09-30,1,10,-0.010057263745632617,-0.011561702806420493,0.3
elastic_net,2024-09-30,2,10,-0.006580693240559243,0.0,0.5
elastic_net,2024-09-30,3,10,-0.01934274387669377,-0.0026106915058848323,0.5
elastic_net,2024-09-30,4,10,0.00823166065614308,0.006790641693913524,0.6
elastic_net,2024-09-30,5,10,0.03684740737035815,0.028093651314684775,0.6
elastic_net,2024-10-31,1,10,0.006048174152768859,0.002083359886129066,0.6
elastic_net,2024-10-31,2,10,-0.03596326063441836,-0.07543581851889802,0.3
elastic_net,2024-10-31,3,10,-0.012079364548206017,0.0025234217002740866,0.5
elastic_net,2024-10-31,4,10,0.0075028633647101885,0.016889934595058387,0.6
elastic_net,2024-10-31,5,10,0.03497013519332627,-0.0030698964316571153,0.5
elastic_net,2024-11-29,1,10,0.009211562906435577,0.01084767988636648,0.5
elastic_net,2024-11-29,2,10,0.02024323008834713,0.019712149248563016,0.8
elastic_net,2024-11-29,3,10,0.006679271600804726,-0.016984969189587307,0.3
elastic_net,2024-11-29,4,10,-0.03287646331210288,-0.03336746323946049,0.2
elastic_net,2024-11-29,5,10,0.07339629324924371,0.020050909611141976,0.7
elastic_net,2024-12-31,1,10,-0.02895307728826101,-0.015260542388266907,0.3
elastic_net,2024-12-31,2,10,0.00993543766681052,-0.019377963079919014,0.4
elastic_net,2024-12-31,3,10,-0.014313984782733703,-0.013976374418750104,0.5
elastic_net,2024-12-31,4,10,0.021309108324263325,0.03357103869336642,0.6
elastic_net,2024-12-31,5,10,-0.006272639188936535,0.035065917185847395,0.7
elastic_net,2025-01-31,1,10,0.03166885778812861,0.04112570192920734,0.7
elastic_net,2025-01-31,2,10,0.00682867988261211,0.00824532218127022,0.5
elastic_net,2025-01-31,3,10,-0.00614881643504277,-0.02732909213363066,0.4
elastic_net,2025-01-31,4,10,-0.005375463300570471,0.01952362676300612,0.6
elastic_net,2025-01-31,5,10,-0.03287299985572174,-0.04501867198998427,0.3
elastic_net,2025-02-28,1,10,0.00023139254899757767,-0.006497470956518536,0.4
elastic_net,2025-02-28,2,10,0.030289085991202468,0.03213154437802418,0.9
elastic_net,2025-02-28,3,10,0.0073795490126655535,0.01412636950302748,0.6
elastic_net,2025-02-28,4,10,-0.0015552653796252814,-0.023568089199804076,0.4
elastic_net,2025-02-28,5,10,-0.038449948024504375,-0.05966172877405812,0.2
elastic_net,2025-03-31,1,10,0.008784250858221765,0.0,0.5
elastic_net,2025-03-31,2,10,-0.010764953922386567,0.016665677051877992,0.6
elastic_net,2025-03-31,3,10,-0.029669729524655564,-0.03182232096245885,0.3
elastic_net,2025-03-31,4,10,-0.026986745518124477,-0.018719654211334757,0.2
elastic_net,2025-03-31,5,10,0.08707359098225127,0.08424499310109052,0.9
elastic_net,2025-04-30,1,10,-0.017040895271366076,-0.02687175268442732,0.2
elastic_net,2025-04-30,2,10,-0.034503847937524756,-0.03980426449639479,0.3
elastic_net,2025-04-30,3,10,0.0019967379174391175,0.005322120573963307,0.5
elastic_net,2025-04-30,4,10,0.03824201118842359,0.03723869830798543,0.9
elastic_net,2025-04-30,5,10,0.015985981023282702,0.042023532732136215,0.6
elastic_net,2025-05-30,1,10,-0.03561740595440756,-0.035145340335494435,0.2
elastic_net,2025-05-30,2,10,-0.03218445608727564,-0.022242844388222882,0.4
elastic_net,2025-05-30,3,10,0.020724709625273598,-0.004554453875467268,0.4
elastic_net,2025-05-30,4,10,0.01884268767001438,0.03848006584811725,0.8
elastic_net,2025-05-30,5,10,0.03173476242203992,0.03713769061118111,0.7
elastic_net,2025-06-30,1,10,-0.016526970138027973,0.0013073214765415564,0.5
elastic_net,2025-06-30,2,10,-0.010902627234805872,-0.029042312714331886,0.4
elastic_net,2025-06-30,3,10,-0.004044810743644789,0.0056697085992402085,0.6
elastic_net,2025-06-30,4,10,0.009918128424565732,-0.00424520441523446,0.4
elastic_net,2025-06-30,5,10,0.00046621462464868646,0.006189490431123046,0.6
elastic_net,2025-07-31,1,10,0.024479365925241848,0.029371451920286118,0.7
elastic_net,2025-07-31,2,10,-0.0187177738754875,-0.023709658762888663,0.4
elastic_net,2025-07-31,3,10,-0.0033440821814289755,-0.01901577947507538,0.4
elastic_net,2025-07-31,4,10,0.0033878777082008483,-0.00021705438545860378,0.5
elastic_net,2025-07-31,5,10,0.013282005045365797,0.006773819182313345,0.5
elastic_net,2025-08-29,1,10,0.015394692837276236,0.007312875650605677,0.5
elastic_net,2025-08-29,2,10,0.00017430593551563954,-0.0011221592503232736,0.5
elastic_net,2025-08-29,3,10,0.02443458425943479,0.01426131050025281,0.6
elastic_net,2025-08-29,4,10,-0.007263912123628991,-0.026835979108602415,0.4
elastic_net,2025-08-29,5,10,0.045699572886534645,0.013491658720205912,0.5
elastic_net,2025-09-30,1,10,0.00605092619700146,-0.0023873391376894038,0.5
elastic_net,2025-09-30,2,10,0.0013574169399346524,0.00202974032476827,0.5
elastic_net,2025-09-30,3,10,-0.03317395331269256,-0.02827058046218922,0.1
elastic_net,2025-09-30,4,10,0.028426295028954385,0.003648497906473258,0.5
elastic_net,2025-09-30,5,10,0.05923889755907217,0.03620615352017997,0.9
elastic_net,2025-10-31,1,10,0.00190658736370114,0.01379138141043923,0.7
elastic_net,2025-10-31,2,10,0.019261148569909105,0.015384398023692736,0.6
elastic_net,2025-10-31,3,10,-0.022147567791627742,-0.026807981335865816,0.3
elastic_net,2025-10-31,4,10,0.002785065014513055,0.0012774951327010342,0.6
elastic_net,2025-10-31,5,10,-0.014673236718865567,-0.013736665787546454,0.3
elastic_net,2025-11-28,1,10,0.0021226346994344,-0.006570787840718295,0.4
elastic_net,2025-11-28,2,10,-0.011827498780784197,-0.01913599035466218,0.3
elastic_net,2025-11-28,3,10,0.00851056618363879,0.014168691171888015,0.7
elastic_net,2025-11-28,4,10,0.013873099807844912,0.01922779046317702,0.5
elastic_net,2025-11-28,5,10,-0.01644886929047329,0.005566430284316026,0.6
elastic_net,2025-12-31,1,10,-0.02892589115747731,-0.025850504388942985,0.3
elastic_net,2025-12-31,2,10,0.013529565725450743,0.04670547008821657,0.7
elastic_net,2025-12-31,3,10,-0.027843487424268697,-0.04535512009293302,0.4
elastic_net,2025-12-31,4,10,0.045998548799118535,0.03460931107165932,0.8
elastic_net,2025-12-31,5,10,-0.058314369544424004,-0.07808276440452477,0.3
elastic_net,2026-01-30,1,10,-0.011251403352964772,-1.4525879987403734e-05,0.5
elastic_net,2026-01-30,2,10,0.0055325725563092456,0.03497959798917927,0.6
elastic_net,2026-01-30,3,10,0.013651466481020457,0.024779557641814498,0.5
elastic_net,2026-01-30,4,10,0.033015563039319296,0.04094336389681752,0.6
elastic_net,2026-01-30,5,10,-0.018470315151403405,-0.04770194470996131,0.3
elastic_net,2026-02-27,1,10,0.012926231744228679,-0.0058386726742185036,0.5
elastic_net,2026-02-27,2,10,-0.002572901146939588,-0.006916852624992809,0.4
elastic_net,2026-02-27,3,10,-0.01775145891697173,-0.0007663817767076253,0.5
elastic_net,2026-02-27,4,10,0.014163639466586586,0.009730129306777746,0.5
elastic_net,2026-02-27,5,10,0.03050225339221302,0.015803049796917434,0.6
elastic_net,2026-03-31,1,10,0.01164394473534267,-0.005519975152968537,0.5
elastic_net,2026-03-31,2,10,0.06314688397112857,0.010461218917837356,0.6
elastic_net,2026-03-31,3,10,0.010241412390620652,-0.010961729858677272,0.4
elastic_net,2026-03-31,4,10,0.03438767459980139,0.0042418503632765114,0.5
elastic_net,2026-03-31,5,10,0.04366229662643636,0.016947576245449847,0.5
elastic_net,2026-04-30,1,10,0.06260779993214595,0.010071349151293207,0.6
elastic_net,2026-04-30,2,10,0.005293363375536953,-0.0016059191581921928,0.5
elastic_net,2026-04-30,3,10,-0.02696188647972635,-0.016911462585554593,0.3
elastic_net,2026-04-30,4,10,0.0001902294090524004,-0.005494579406464861,0.4
elastic_net,2026-04-30,5,10,0.12846376174994883,0.08510499038977692,0.7
elastic_net,2026-05-29,1,10,0.016686801555747033,-0.023978644406227545,0.4
elastic_net,2026-05-29,2,10,-0.013599562137297327,0.03639056899650045,0.6
elastic_net,2026-05-29,3,10,0.0005112607852632456,0.0043462472219691906,0.5
elastic_net,2026-05-29,4,10,0.019922901611922228,0.012806601297625064,0.6
elastic_net,2026-05-29,5,10,-0.061568955095923104,-0.021224154594349953,0.4
equal_weight_composite,2020-01-31,1,10,-0.007792153993452266,-0.0033893017391052327,0.3
equal_weight_composite,2020-01-31,2,10,0.016613694539188983,0.0029388122925465554,0.6
equal_weight_composite,2020-01-31,3,10,0.0025128108491909496,0.010557120382378105,0.6
equal_weight_composite,2020-01-31,4,10,0.013916044498693459,0.011982292337283429,0.6
equal_weight_composite,2020-01-31,5,10,-0.006399560021175243,-0.008494102635021095,0.4
equal_weight_composite,2020-02-28,1,10,0.028048064603167278,0.0725783685196898,0.6
equal_weight_composite,2020-02-28,2,10,0.02907450432136549,0.012958069801571326,0.6
equal_weight_composite,2020-02-28,3,10,-0.005766005825040954,-0.022740454684339828,0.4
equal_weight_composite,2020-02-28,4,10,-0.018760991358269787,0.016908269341154913,0.5
equal_weight_composite,2020-02-28,5,10,-0.03751850926761023,-0.04012515864604077,0.4
equal_weight_composite,2020-03-31,1,10,-0.005169765158650974,-0.011162154351001874,0.4
equal_weight_composite,2020-03-31,2,10,-0.032221381779492464,-0.023293635138125657,0.4
equal_weight_composite,2020-03-31,3,10,0.004638663084688721,0.00668776498244128,0.6
equal_weight_composite,2020-03-31,4,10,0.009578270404246813,-0.003298893095093347,0.5
equal_weight_composite,2020-03-31,5,10,0.06649348157041968,0.03435630769874731,0.6
equal_weight_composite,2020-04-30,1,10,0.01566748625775668,0.005703805716850252,0.5
equal_weight_composite,2020-04-30,2,10,-0.0030161362333972043,-0.018466611799916155,0.4
equal_weight_composite,2020-04-30,3,10,0.015736344563431294,0.01385660948073375,0.6
equal_weight_composite,2020-04-30,4,10,-0.0059146549506637665,-0.01572527229958165,0.2
equal_weight_composite,2020-04-30,5,10,0.052728897434404155,0.04356121755322184,0.8
equal_weight_composite,2020-05-29,1,10,0.04390480138369436,0.028402158926369436,0.6
equal_weight_composite,2020-05-29,2,10,-0.007820809933475559,-0.0178425959504811,0.1
equal_weight_composite,2020-05-29,3,10,0.014815576397583508,0.009030920257729946,0.6
equal_weight_composite,2020-05-29,4,10,0.03790916543866537,0.01556049247693081,0.7
equal_weight_composite,2020-05-29,5,10,0.01769713721862042,-0.0014273932280789436,0.5
equal_weight_composite,2020-06-30,1,10,0.02088432588795445,0.01502253198261283,0.6
equal_weight_composite,2020-06-30,2,10,0.030891326445342926,0.03381556203978775,0.7
equal_weight_composite,2020-06-30,3,10,0.044304039815727794,0.0061618648604977455,0.5
equal_weight_composite,2020-06-30,4,10,-0.002894341258664013,-0.007383451257361284,0.4
equal_weight_composite,2020-06-30,5,10,-0.028789264657974635,-0.03426801867949042,0.3
equal_weight_composite,2020-07-31,1,10,0.017861535821960962,0.024304313606014816,0.6
equal_weight_composite,2020-07-31,2,10,0.01828361111110437,0.008023607420423184,0.6
equal_weight_composite,2020-07-31,3,10,0.07333916947679665,0.008386063763683005,0.6
equal_weight_composite,2020-07-31,4,10,-0.031393973401051566,-0.0388854199784362,0.3
equal_weight_composite,2020-07-31,5,10,-0.025041024753907782,-0.02747836909286472,0.4
equal_weight_composite,2020-08-31,1,10,-0.04258824333852347,-0.03611261509371505,0.2
equal_weight_composite,2020-08-31,2,10,-0.028825245346728513,0.005965473081924411,0.6
equal_weight_composite,2020-08-31,3,10,0.014115181282028178,0.03249284488607512,0.8
equal_weight_composite,2020-08-31,4,10,-0.009379829177290844,-0.005345192488403594,0.5
equal_weight_composite,2020-08-31,5,10,-0.02624552227805943,-0.006235786953582845,0.4
equal_weight_composite,2020-09-30,1,10,-0.01843483876598213,-0.009761305071438298,0.4
equal_weight_composite,2020-09-30,2,10,0.014244650963117533,0.021311018183117425,0.7
equal_weight_composite,2020-09-30,3,10,0.014220585720667344,0.013642015486791836,0.6
equal_weight_composite,2020-09-30,4,10,0.012019792697662558,0.0019206793625131668,0.5
equal_weight_composite,2020-09-30,5,10,-0.008401605542191836,-0.01289678238538372,0.3
equal_weight_composite,2020-10-30,1,10,-0.006874900408238183,-0.01873095224191612,0.3
equal_weight_composite,2020-10-30,2,10,0.03230644792219393,0.01780402171696538,0.7
equal_weight_composite,2020-10-30,3,10,0.001392666800248854,-0.01029079734392968,0.5
equal_weight_composite,2020-10-30,4,10,-0.015208111199538221,-0.017918483716266254,0.3
equal_weight_composite,2020-10-30,5,10,0.12074760944469083,0.13260081512822253,0.7
equal_weight_composite,2020-11-30,1,10,-0.0005974246823333585,-0.006042962800700935,0.5
equal_weight_composite,2020-11-30,2,10,0.021661237429478997,0.0037123485442334125,0.6
equal_weight_composite,2020-11-30,3,10,-0.002987472705543248,-0.033175919567767775,0.3
equal_weight_composite,2020-11-30,4,10,0.013533267447202891,0.01615402273946087,0.7
equal_weight_composite,2020-11-30,5,10,0.0007280068989702126,-0.019885938055749564,0.4
equal_weight_composite,2020-12-31,1,10,0.013018141990455256,-0.0025729668373868364,0.4
equal_weight_composite,2020-12-31,2,10,-0.013438361835189882,-0.047688668566574055,0.4
equal_weight_composite,2020-12-31,3,10,-0.028614360352186487,-0.035985950829957536,0.4
equal_weight_composite,2020-12-31,4,10,0.01458951876185518,0.006077941193544545,0.6
equal_weight_composite,2020-12-31,5,10,0.01228121136883369,0.01525279236741095,0.7
equal_weight_composite,2021-01-29,1,10,0.00801787943541955,-0.029019316113732874,0.3
equal_weight_composite,2021-01-29,2,10,0.004612142596651469,-0.027346737409672417,0.5
equal_weight_composite,2021-01-29,3,10,0.025369365577098756,0.011691537053284962,0.5
equal_weight_composite,2021-01-29,4,10,-0.0001239510623526563,-0.015304892662893366,0.4
equal_weight_composite,2021-01-29,5,10,0.06947272417137637,0.06471291171829108,0.8
equal_weight_composite,2021-02-26,1,10,0.007888571101304231,0.006790283735340963,0.6
equal_weight_composite,2021-02-26,2,10,0.011452783720835835,0.008183432670594959,0.6
equal_weight_composite,2021-02-26,3,10,-0.014916732569414993,-0.010291051483140246,0.5
equal_weight_composite,2021-02-26,4,10,-0.01141373758701797,0.0026714984126340324,0.5
equal_weight_composite,2021-02-26,5,10,-0.041386184606934086,-0.04334678141345727,0.3
equal_weight_composite,2021-03-31,1,10,0.0060649025784919154,0.02352925424097696,0.7
equal_weight_composite,2021-03-31,2,10,0.021750912282445866,-0.0013683024694973733,0.5
equal_weight_composite,2021-03-31,3,10,0.008450765985230358,0.0,0.5
equal_weight_composite,2021-03-31,4,10,-0.00817650188150738,-0.011190520696880646,0.4
equal_weight_composite,2021-03-31,5,10,0.002051269189678917,-0.01116038497452565,0.4
equal_weight_composite,2021-04-30,1,10,-0.012935630069244575,-0.003171737856875856,0.5
equal_weight_composite,2021-04-30,2,10,-0.008352375710388882,-0.0009763239917169875,0.5
equal_weight_composite,2021-04-30,3,10,0.0008614729979644186,0.0013040081555594218,0.5
equal_weight_composite,2021-04-30,4,10,-0.0032291145301021063,-0.021139904126662834,0.4
equal_weight_composite,2021-04-30,5,10,0.008791652523580195,0.017807429456260127,0.6
equal_weight_composite,2021-05-28,1,10,-0.006917713500473566,-0.01264337443977076,0.2
equal_weight_composite,2021-05-28,2,10,0.02097015065948331,-0.0019167350716990383,0.5
equal_weight_composite,2021-05-28,3,10,-0.007743214033908619,-0.020034945106918667,0.3
equal_weight_composite,2021-05-28,4,10,0.02864489316365911,0.01555234613372769,0.6
equal_weight_composite,2021-05-28,5,10,0.03817038409171399,0.029109424829359742,0.9
equal_weight_composite,2021-06-30,1,10,-0.009269027416659203,-0.0059832491367154406,0.5
equal_weight_composite,2021-06-30,2,10,0.003131321471816073,0.023691627763260725,0.7
equal_weight_composite,2021-06-30,3,10,-0.02250988052549473,-0.013856072368867656,0.3
equal_weight_composite,2021-06-30,4,10,0.009314693052284485,0.0,0.5
equal_weight_composite,2021-06-30,5,10,-0.009229678111497396,0.001918283037459445,0.5
equal_weight_composite,2021-07-30,1,10,-0.01098417901562212,-0.006673096589378202,0.4
equal_weight_composite,2021-07-30,2,10,-0.018014908178703336,-0.017314722864981702,0.3
equal_weight_composite,2021-07-30,3,10,0.012204234812667058,0.015008346996988942,0.7
equal_weight_composite,2021-07-30,4,10,-0.004281417514936869,-0.001888162796639059,0.5
equal_weight_composite,2021-07-30,5,10,0.019243622903604075,0.033942472739517116,0.6
equal_weight_composite,2021-08-31,1,10,0.007294087374691327,-0.011286352138616063,0.4
equal_weight_composite,2021-08-31,2,10,0.02851826430489133,0.0160575093834619,0.5
equal_weight_composite,2021-08-31,3,10,0.0005689309454073755,-0.006138397740821477,0.3
equal_weight_composite,2021-08-31,4,10,0.05674361421884182,0.044060083176994,0.7
equal_weight_composite,2021-08-31,5,10,0.029489225208908166,0.02203613823951628,0.6
equal_weight_composite,2021-09-30,1,10,-0.023218893359510395,-0.040376482772456646,0.4
equal_weight_composite,2021-09-30,2,10,0.052414103064188054,0.04386668202606603,0.6
equal_weight_composite,2021-09-30,3,10,-0.05472046139650981,-0.06292681756367413,0.3
equal_weight_composite,2021-09-30,4,10,0.0069517252310130175,0.0005430725153466875,0.6
equal_weight_composite,2021-09-30,5,10,0.014307465177319834,0.0070035761784033035,0.6
equal_weight_composite,2021-10-29,1,10,0.003762586522686362,-0.006370301305621551,0.4
equal_weight_composite,2021-10-29,2,10,-0.013603856514803869,-0.006209916927516268,0.4
equal_weight_composite,2021-10-29,3,10,0.003951233456944236,-0.013656753353598172,0.5
equal_weight_composite,2021-10-29,4,10,0.015257952122623476,0.02159591082979967,0.6
equal_weight_composite,2021-10-29,5,10,0.06662128238247741,0.013305629237714334,0.6
equal_weight_composite,2021-11-30,1,10,-0.0072474941463640755,-0.011290901111649432,0.4
equal_weight_composite,2021-11-30,2,10,0.0022820555616305583,0.0020515856665422882,0.6
equal_weight_composite,2021-11-30,3,10,0.007954391508202074,0.016180946840901322,0.6
equal_weight_composite,2021-11-30,4,10,-0.0016134065693632737,-0.013532584079103849,0.4
equal_weight_composite,2021-11-30,5,10,0.0012108058617448236,-0.00011216297390292951,0.5
equal_weight_composite,2021-12-31,1,10,0.020692659231680278,0.019373831485092252,0.7
equal_weight_composite,2021-12-31,2,10,-0.02085931126342987,-0.007944636226499657,0.4
equal_weight_composite,2021-12-31,3,10,0.008357574786519006,-0.022554201825379205,0.4
equal_weight_composite,2021-12-31,4,10,0.02185633854675132,0.007884075003343427,0.6
equal_weight_composite,2021-12-31,5,10,0.01832474987376731,-0.04741433006591944,0.4
equal_weight_composite,2022-01-31,1,10,0.02153728757939919,-0.003209561305567765,0.5
equal_weight_composite,2022-01-31,2,10,-0.010167985414177095,0.01960619522841356,0.5
equal_weight_composite,2022-01-31,3,10,0.011944122618892893,0.0007938139869785865,0.5
equal_weight_composite,2022-01-31,4,10,-0.002227088789245257,-0.02213739707299961,0.3
equal_weight_composite,2022-01-31,5,10,0.024990540341978694,0.029802545644844525,0.7
equal_weight_composite,2022-02-28,1,10,-0.00033966709242345684,0.009610845365870202,0.5
equal_weight_composite,2022-02-28,2,10,-0.00911290433180858,0.006691381928733087,0.5
equal_weight_composite,2022-02-28,3,10,-0.002928886740380687,0.0015922319386749706,0.5
equal_weight_composite,2022-02-28,4,10,0.004916673113484838,-0.018734224170258718,0.5
equal_weight_composite,2022-02-28,5,10,0.010294304114036012,0.013885189253191266,0.5
equal_weight_composite,2022-03-31,1,10,-0.06044623806541487,-0.04518030772703935,0.2
equal_weight_composite,2022-03-31,2,10,0.026242533490646303,0.04174681544338066,0.7
equal_weight_composite,2022-03-31,3,10,-0.013790506946242408,0.0,0.5
equal_weight_composite,2022-03-31,4,10,0.00474149020724276,0.0019591090717268056,0.6
equal_weight_composite,2022-03-31,5,10,-0.0432836689252719,-0.004523922960916749,0.5
equal_weight_composite,2022-04-29,1,10,0.006293834754622696,-0.005421472836072916,0.4
equal_weight_composite,2022-04-29,2,10,-0.01943901056908217,-0.011964728406965497,0.4
equal_weight_composite,2022-04-29,3,10,-0.0553791341849746,-0.033084548083065546,0.2
equal_weight_composite,2022-04-29,4,10,0.06410738870531864,0.04869919958782176,0.8
equal_weight_composite,2022-04-29,5,10,-0.002432991919203453,0.018767643094086184,0.7
equal_weight_composite,2022-05-31,1,10,0.012773785485835932,0.02946415470732283,0.6
equal_weight_composite,2022-05-31,2,10,0.0166495121883928,0.0052950559150024,0.5
equal_weight_composite,2022-05-31,3,10,-0.004158180223695185,-0.025645328255479882,0.4
equal_weight_composite,2022-05-31,4,10,-0.012968132928275911,-0.01098024185371782,0.5
equal_weight_composite,2022-05-31,5,10,-0.012052178294031834,-0.012964070884986356,0.5
equal_weight_composite,2022-06-30,1,10,-0.016224842903175808,-0.016999361394461343,0.2
equal_weight_composite,2022-06-30,2,10,-0.04363535211631166,-0.01780533913576876,0.2
equal_weight_composite,2022-06-30,3,10,0.037873938075601785,0.029754563237279763,0.6
equal_weight_composite,2022-06-30,4,10,0.005517689477036347,0.01992308105973717,0.7
equal_weight_composite,2022-06-30,5,10,0.032459692306843944,0.02106745336533722,0.8
equal_weight_composite,2022-07-29,1,10,-0.0019680810720293707,-0.020612429910232932,0.4
equal_weight_composite,2022-07-29,2,10,-0.00023432069940007016,-0.00697288634428761,0.4
equal_weight_composite,2022-07-29,3,10,0.02592851393544472,0.012371550805734266,0.6
equal_weight_composite,2022-07-29,4,10,0.009720732734198944,0.009060378069409625,0.6
equal_weight_composite,2022-07-29,5,10,-0.0018600994997846842,-0.0012691830490021427,0.5
equal_weight_composite,2022-08-31,1,10,0.013738077406088811,-0.005987411766800732,0.5
equal_weight_composite,2022-08-31,2,10,-0.0031486533996685105,0.0011620567716932317,0.5
equal_weight_composite,2022-08-31,3,10,-0.0015651577610972579,-0.005889269199064129,0.5
equal_weight_composite,2022-08-31,4,10,0.020790066503472805,0.010463721258556324,0.6
equal_weight_composite,2022-08-31,5,10,-0.018819520071883457,-0.012555711192995977,0.4
equal_weight_composite,2022-09-30,1,10,0.011315480556086444,0.01030883314312614,0.6
equal_weight_composite,2022-09-30,2,10,0.01452237366876825,0.011892024609165164,0.6
equal_weight_composite,2022-09-30,3,10,-0.008265788810730711,-0.013832152899465489,0.4
equal_weight_composite,2022-09-30,4,10,-0.023958693275696663,0.013669762995800028,0.5
equal_weight_composite,2022-09-30,5,10,-0.007911389393892609,-0.023639445046742757,0.4
equal_weight_composite,2022-10-31,1,10,-0.04777558562535707,-0.042262888687981004,0.1
equal_weight_composite,2022-10-31,2,10,-0.003158526181208143,0.007380301283497426,0.6
equal_weight_composite,2022-10-31,3,10,-0.016351028164223513,0.00854675403196703,0.6
equal_weight_composite,2022-10-31,4,10,-0.016316257435681512,-0.010279430171866055,0.5
equal_weight_composite,2022-10-31,5,10,0.05098837422521285,0.008125236300970062,0.7
equal_weight_composite,2022-11-30,1,10,-0.009121157203491815,0.0026760718560971397,0.5
equal_weight_composite,2022-11-30,2,10,0.0032937505490034714,0.005683846006640514,0.7
equal_weight_composite,2022-11-30,3,10,-0.004494944453565708,0.007397534067727363,0.6
equal_weight_composite,2022-11-30,4,10,-0.008710124162705658,0.0026035887657273604,0.5
equal_weight_composite,2022-11-30,5,10,-0.06136741175584104,-0.02986742334632475,0.2
equal_weight_composite,2022-12-30,1,10,-0.03666109116700568,-0.02859581480305262,0.2
equal_weight_composite,2022-12-30,2,10,-0.03607680585283781,-0.08337352265537035,0.4
equal_weight_composite,2022-12-30,3,10,0.015985505478140684,-0.01415845232227475,0.4
equal_weight_composite,2022-12-30,4,10,0.047760281325268286,0.03340413633176331,0.8
equal_weight_composite,2022-12-30,5,10,0.1152268814479207,0.05292859045076126,0.7
equal_weight_composite,2023-01-31,1,10,0.01948925391112073,0.035195286446641216,0.6
equal_weight_composite,2023-01-31,2,10,-0.0017937303754464672,0.00353704208056721,0.5
equal_weight_composite,2023-01-31,3,10,-0.008643627659068032,-0.01041159381345691,0.4
equal_weight_composite,2023-01-31,4,10,0.003912268646482986,0.004472394560166071,0.5
equal_weight_composite,2023-01-31,5,10,0.04724754980471083,0.0,0.5
equal_weight_composite,2023-02-28,1,10,0.01756163902839599,0.022863958273451113,0.6
equal_weight_composite,2023-02-28,2,10,-0.02936707289963252,-0.017163463332990903,0.3
equal_weight_composite,2023-02-28,3,10,-0.026900463944488907,-0.0132017766188805,0.5
equal_weight_composite,2023-02-28,4,10,0.024539955619131616,0.025423445308165427,0.6
equal_weight_composite,2023-02-28,5,10,0.0059448544343911666,0.0009631266489548151,0.5
equal_weight_composite,2023-03-31,1,10,0.01635227211534742,0.011982113500129787,0.6
equal_weight_composite,2023-03-31,2,10,-0.004560516214980437,0.00816578444160132,0.6
equal_weight_composite,2023-03-31,3,10,0.005156584978837664,0.014097903375345,0.7
equal_weight_composite,2023-03-31,4,10,-0.015623478541463898,-0.013237104633166297,0.4
equal_weight_composite,2023-03-31,5,10,-0.04405381608300266,-0.03409895996389661,0.2
equal_weight_composite,2023-04-28,1,10,0.035959219220367586,0.007605738899477743,0.6
equal_weight_composite,2023-04-28,2,10,-0.01670302722722411,-0.024253411823104642,0.2
equal_weight_composite,2023-04-28,3,10,0.031884660927235006,0.0011055071305020037,0.5
equal_weight_composite,2023-04-28,4,10,0.03459628335176651,0.003930876577689757,0.5
equal_weight_composite,2023-04-28,5,10,0.08524223021734814,0.030373656130268656,0.7
equal_weight_composite,2023-05-31,1,10,-0.006324775763731217,0.004228917543937283,0.5
equal_weight_composite,2023-05-31,2,10,0.030033874478706223,0.012588220524610394,0.7
equal_weight_composite,2023-05-31,3,10,0.00012370429718533416,-0.00758456056530088,0.4
equal_weight_composite,2023-05-31,4,10,-0.0020282329094290286,-0.005368585895562772,0.5
equal_weight_composite,2023-05-31,5,10,-0.013458541847486061,-0.013183140980223662,0.4
equal_weight_composite,2023-06-30,1,10,-0.026938445627196307,-0.01654892326405255,0.2
equal_weight_composite,2023-06-30,2,10,0.004086993025269636,-0.006729993450140803,0.4
equal_weight_composite,2023-06-30,3,10,0.01616516528876135,0.0053554551157171115,0.6
equal_weight_composite,2023-06-30,4,10,0.02395107580282938,0.008977971757455405,0.7
equal_weight_composite,2023-06-30,5,10,0.03540561596433561,0.04018003486650723,0.6
equal_weight_composite,2023-07-31,1,10,-0.005282677934916891,-0.005018896679467977,0.5
equal_weight_composite,2023-07-31,2,10,0.022678501674446738,0.008225419443033233,0.8
equal_weight_composite,2023-07-31,3,10,-0.0027329962309223356,-0.010311493205390487,0.3
equal_weight_composite,2023-07-31,4,10,0.022773100737623998,-0.005346006904655642,0.5
equal_weight_composite,2023-07-31,5,10,-0.019255048131760422,-0.008935417868949969,0.4
equal_weight_composite,2023-08-31,1,10,0.007476115600074084,0.004524285662924288,0.5
equal_weight_composite,2023-08-31,2,10,-0.01379301312530683,-0.010708997241029694,0.4
equal_weight_composite,2023-08-31,3,10,-0.011586585290326357,-0.011641292386072366,0.4
equal_weight_composite,2023-08-31,4,10,0.004221477823735942,-0.009033171307712196,0.5
equal_weight_composite,2023-08-31,5,10,0.000370510705165894,0.011050174392646384,0.7
equal_weight_composite,2023-09-29,1,10,0.014115149043908749,0.012881986367866194,0.7
equal_weight_composite,2023-09-29,2,10,0.0061219246227481984,0.003057388633579239,0.5
equal_weight_composite,2023-09-29,3,10,-0.029885596766443312,-0.029722214255965884,0.4
equal_weight_composite,2023-09-29,4,10,0.010863004696987366,0.012066826858969315,0.5
equal_weight_composite,2023-09-29,5,10,0.0029221977307479774,-0.003712849307469346,0.4
equal_weight_composite,2023-10-31,1,10,-0.01653824481598929,-0.015182864268734608,0.4
equal_weight_composite,2023-10-31,2,10,-0.044576912710823244,-0.014130738910676732,0.3
equal_weight_composite,2023-10-31,3,10,0.010416397489270013,0.01707997030678754,0.6
equal_weight_composite,2023-10-31,4,10,-0.009419872453745138,0.0005782142112248367,0.5
equal_weight_composite,2023-10-31,5,10,0.025406546899197212,0.028623064989851676,0.7
equal_weight_composite,2023-11-30,1,10,-0.015809998745316932,-0.024034694808964807,0.3
equal_weight_composite,2023-11-30,2,10,-0.0031955591137129537,-0.008755574553500178,0.4
equal_weight_composite,2023-11-30,3,10,0.01072628926986352,0.0009373204546954117,0.5
equal_weight_composite,2023-11-30,4,10,0.03694157882336543,0.0491997824820275,0.7
equal_weight_composite,2023-11-30,5,10,0.007801132666535471,0.00487111984978672,0.6
equal_weight_composite,2023-12-29,1,10,0.018878701894365413,0.02743775426340922,0.6
equal_weight_composite,2023-12-29,2,10,0.018165013247116335,-0.008797032932696569,0.5
equal_weight_composite,2023-12-29,3,10,-0.01917238126821429,0.003013053270447097,0.5
equal_weight_composite,2023-12-29,4,10,-0.01598055767133366,-0.012134976033254807,0.4
equal_weight_composite,2023-12-29,5,10,0.0028483234839638883,-0.0018413738268270308,0.5
equal_weight_composite,2024-01-31,1,10,0.02090560686350267,-0.0006687472453091869,0.5
equal_weight_composite,2024-01-31,2,10,0.017673734105311745,-0.004628491060183149,0.4
equal_weight_composite,2024-01-31,3,10,0.008585014861068385,0.023669837271116267,0.6
equal_weight_composite,2024-01-31,4,10,-0.001922439276362564,-0.03029413896886546,0.3
equal_weight_composite,2024-01-31,5,10,0.0033436203900299223,0.015593432148319986,0.7
equal_weight_composite,2024-02-29,1,10,0.013692065050446667,-0.00018672600374847192,0.4
equal_weight_composite,2024-02-29,2,10,-0.020172435692158854,-0.024750316206406886,0.3
equal_weight_composite,2024-02-29,3,10,0.00392468122911358,-0.003670524885018178,0.5
equal_weight_composite,2024-02-29,4,10,-0.021556055709283595,0.00011969079223794754,0.5
equal_weight_composite,2024-02-29,5,10,0.0395196065160686,0.028700281245638615,0.8
equal_weight_composite,2024-03-28,1,10,-0.023521567103856646,-0.02418165372969594,0.3
equal_weight_composite,2024-03-28,2,10,-0.015017452341821646,-0.008978604796701428,0.4
equal_weight_composite,2024-03-28,3,10,0.009418310223067317,0.01295162249707954,0.7
equal_weight_composite,2024-03-28,4,10,0.008955978056080305,0.014274042906621376,0.5
equal_weight_composite,2024-03-28,5,10,-0.014496513486642614,0.005444740426779171,0.6
equal_weight_composite,2024-04-30,1,10,0.0042837139125037615,-0.0029997769995678825,0.5
equal_weight_composite,2024-04-30,2,10,0.010923403440607039,-0.0010543187642014784,0.4
equal_weight_composite,2024-04-30,3,10,0.016369115773698473,0.008291311507026222,0.5
equal_weight_composite,2024-04-30,4,10,-0.008087252051166416,-0.02980857713901386,0.3
equal_weight_composite,2024-04-30,5,10,0.06278712750854654,0.03813981689465096,0.8
equal_weight_composite,2024-05-31,1,10,0.047704684381648724,0.07155270520047952,0.7
equal_weight_composite,2024-05-31,2,10,-0.03434570302081741,-0.015559743896514322,0.2
equal_weight_composite,2024-05-31,3,10,-0.0120141977372334,-0.01456214439795439,0.5
equal_weight_composite,2024-05-31,4,10,0.0021741929292857787,0.008027510137685545,0.6
equal_weight_composite,2024-05-31,5,10,0.05179698032299428,-0.016708812837290365,0.5
equal_weight_composite,2024-06-28,1,10,-0.04253727425306318,-0.03735258438790723,0.4
equal_weight_composite,2024-06-28,2,10,0.027248792192744276,0.020728574177121373,0.6
equal_weight_composite,2024-06-28,3,10,-0.023762178213650544,-0.040239580517211604,0.3
equal_weight_composite,2024-06-28,4,10,0.012827831959004688,0.012595047599773812,0.6
equal_weight_composite,2024-06-28,5,10,0.0023427364924261673,0.009732748373674216,0.6
equal_weight_composite,2024-07-31,1,10,-0.01638050278688017,0.005647855426135107,0.6
equal_weight_composite,2024-07-31,2,10,-0.009316675956135102,-0.00394185140861969,0.4
equal_weight_composite,2024-07-31,3,10,0.007992697076698608,0.008207229147156103,0.6
equal_weight_composite,2024-07-31,4,10,-0.01795384880551537,-0.010278192728189417,0.4
equal_weight_composite,2024-07-31,5,10,-0.0005468260855642559,-0.016049051179539087,0.5
equal_weight_composite,2024-08-30,1,10,-0.014609590347493605,-0.008316971073920154,0.5
equal_weight_composite,2024-08-30,2,10,0.021871485267226275,0.011766742329468283,0.5
equal_weight_composite,2024-08-30,3,10,0.008971539258476213,0.00465336952365536,0.6
equal_weight_composite,2024-08-30,4,10,0.008712328221308541,-0.00576776843323501,0.4
equal_weight_composite,2024-08-30,5,10,0.02806794328056571,0.009774151805067466,0.5
equal_weight_composite,2024-09-30,1,10,0.015975634085081947,0.014922329372386911,0.8
equal_weight_composite,2024-09-30,2,10,-0.026741997630377677,-0.026426909838674517,0.2
equal_weight_composite,2024-09-30,3,10,0.006654299670418995,-0.0016840768716666066,0.4
equal_weight_composite,2024-09-30,4,10,0.0022417524324144455,-0.013252087513788813,0.4
equal_weight_composite,2024-09-30,5,10,0.010968678606077897,0.02216876264831824,0.7
equal_weight_composite,2024-10-31,1,10,-0.027946544578449427,-0.00717704805909003,0.5
equal_weight_composite,2024-10-31,2,10,-0.0035934837534740915,0.019243408945538998,0.6
equal_weight_composite,2024-10-31,3,10,0.005701489787150083,-0.008617406551903795,0.4
equal_weight_composite,2024-10-31,4,10,0.03318276465211708,0.05057789505138677,0.7
equal_weight_composite,2024-10-31,5,10,-0.006865678579162704,-0.0465082015085595,0.3
equal_weight_composite,2024-11-29,1,10,0.008715430919662004,0.0012483822206508233,0.6
equal_weight_composite,2024-11-29,2,10,-0.0005356555644909333,0.024196881995670272,0.6
equal_weight_composite,2024-11-29,3,10,0.007939521020947804,-0.020453961994938485,0.3
equal_weight_composite,2024-11-29,4,10,0.009826563704684132,0.007140193521880889,0.5
equal_weight_composite,2024-11-29,5,10,0.05070803445192527,-0.007127055757144507,0.5
equal_weight_composite,2024-12-31,1,10,-0.003783884505847157,-0.002692664457843108,0.5
equal_weight_composite,2024-12-31,2,10,0.013932822409850032,-0.005227930932125369,0.5
equal_weight_composite,2024-12-31,3,10,-0.05717373809306723,-0.04873258916386347,0.3
equal_weight_composite,2024-12-31,4,10,0.014996554333836499,0.018125921136282752,0.6
equal_weight_composite,2024-12-31,5,10,0.013733090586370456,0.02072896856560713,0.6
equal_weight_composite,2025-01-31,1,10,-0.0037290901296447077,-0.005923027735723729,0.5
equal_weight_composite,2025-01-31,2,10,0.03297190847046929,0.03934371157088146,0.7
equal_weight_composite,2025-01-31,3,10,0.009700167000614579,0.00672790306381732,0.5
equal_weight_composite,2025-01-31,4,10,0.0030513761467622635,-0.007938434130143834,0.4
equal_weight_composite,2025-01-31,5,10,-0.047894103408795685,-0.04501867198998427,0.4
equal_weight_composite,2025-02-28,1,10,0.028950100499052035,0.03415002023155855,0.7
equal_weight_composite,2025-02-28,2,10,-0.005271746604818839,-0.007789661031440964,0.5
equal_weight_composite,2025-02-28,3,10,-0.020601871460027243,-0.012868691399892107,0.4
equal_weight_composite,2025-02-28,4,10,0.015245812301397266,0.006634796055935477,0.6
equal_weight_composite,2025-02-28,5,10,-0.020427480586867275,-0.03863217256183371,0.3
equal_weight_composite,2025-03-31,1,10,0.002122061624006377,0.007830111384830918,0.5
equal_weight_composite,2025-03-31,2,10,-0.01240147049196615,0.0028540432771100854,0.6
equal_weight_composite,2025-03-31,3,10,0.010786577815762356,-0.014171626395167336,0.4
equal_weight_composite,2025-03-31,4,10,-0.025136517233659193,-0.02479590659621589,0.3
equal_weight_composite,2025-03-31,5,10,0.05306576116116304,0.04118022094696333,0.7
equal_weight_composite,2025-04-30,1,10,-0.013818768588068141,-0.025884357395302815,0.3
equal_weight_composite,2025-04-30,2,10,0.014540676752145442,0.01745958736946207,0.6
equal_weight_composite,2025-04-30,3,10,0.004243165404308735,0.0,0.5
equal_weight_composite,2025-04-30,4,10,-0.008382922614071076,-0.026027052646556303,0.5
equal_weight_composite,2025-04-30,5,10,0.008097835965939614,0.02229549219358007,0.6
equal_weight_composite,2025-05-30,1,10,-0.02945174189067251,-0.042618199841531035,0.4
equal_weight_composite,2025-05-30,2,10,-0.029911157884869886,-0.031956312579429214,0.3
equal_weight_composite,2025-05-30,3,10,0.008066291620239563,0.029387069140312305,0.6
equal_weight_composite,2025-05-30,4,10,0.01006416196202945,0.0028706111757194064,0.5
equal_weight_composite,2025-05-30,5,10,0.04473274386891809,0.03713769061118111,0.7
equal_weight_composite,2025-06-30,1,10,0.008279596902578911,0.014122825674507178,0.6
equal_weight_composite,2025-06-30,2,10,0.00018574575396852478,-0.014707770647840124,0.5
equal_weight_composite,2025-06-30,3,10,-0.009859701349320415,-0.0002606536716367458,0.5
equal_weight_composite,2025-06-30,4,10,0.0002036361182071511,0.0,0.5
equal_weight_composite,2025-06-30,5,10,-0.01989934249269839,-0.01982290458985425,0.4
equal_weight_composite,2025-07-31,1,10,-0.003389420965722867,0.01014318954467619,0.6
equal_weight_composite,2025-07-31,2,10,0.0050193204823336,-0.02109321638194883,0.4
equal_weight_composite,2025-07-31,3,10,-0.024273935160650663,-0.021159874161670644,0.3
equal_weight_composite,2025-07-31,4,10,0.006739061437149208,0.012152067665840982,0.6
equal_weight_composite,2025-07-31,5,10,0.03499236682878274,0.014836904353476177,0.6
equal_weight_composite,2025-08-29,1,10,0.04091905369139541,0.04612272042505039,0.7
equal_weight_composite,2025-08-29,2,10,-0.018349474478125148,-0.02855384335034189,0.2
equal_weight_composite,2025-08-29,3,10,0.030008711564409308,0.0016730317869776967,0.5
equal_weight_composite,2025-08-29,4,10,0.02003531498147688,0.025754976990453593,0.7
equal_weight_composite,2025-08-29,5,10,0.0058256380359758666,-0.014642580495729696,0.4
equal_weight_composite,2025-09-30,1,10,0.01235690079011068,-0.00046521990956532866,0.5
equal_weight_composite,2025-09-30,2,10,0.01562528331835311,-0.008480213575036366,0.4
equal_weight_composite,2025-09-30,3,10,0.025769697926303757,0.01842843251302151,0.6
equal_weight_composite,2025-09-30,4,10,-0.005121864405942866,-0.001784901606488365,0.5
equal_weight_composite,2025-09-30,5,10,0.01326956478344542,0.0016757473338649964,0.5
equal_weight_composite,2025-10-31,1,10,-0.002606373238835236,-0.014440432597515152,0.5
equal_weight_composite,2025-10-31,2,10,-0.005854880830730491,-0.012339140861826414,0.4
equal_weight_composite,2025-10-31,3,10,0.006910076033248736,0.002783898854414435,0.5
equal_weight_composite,2025-10-31,4,10,0.011571277698099935,0.007826972997064696,0.5
equal_weight_composite,2025-10-31,5,10,-0.022888103224152957,0.0012774951327010342,0.6
equal_weight_composite,2025-11-28,1,10,-0.0024583707698684343,-0.006570787840718295,0.4
equal_weight_composite,2025-11-28,2,10,-0.006220560879778891,-0.0029227214092276688,0.5
equal_weight_composite,2025-11-28,3,10,-0.019325590768406398,-0.012673894125232621,0.3
equal_weight_composite,2025-11-28,4,10,-0.009601368197740101,-0.004827852801227439,0.5
equal_weight_composite,2025-11-28,5,10,0.03383582323545444,0.03584079033822596,0.8
equal_weight_composite,2025-12-31,1,10,-0.007259203267369963,0.0051236928325105735,0.5
equal_weight_composite,2025-12-31,2,10,-0.020017236114892777,-0.028085454614039662,0.4
equal_weight_composite,2025-12-31,3,10,0.000890585458603188,0.034351077846779154,0.7
equal_weight_composite,2025-12-31,4,10,0.026648489865088186,0.0033786928279782025,0.5
equal_weight_composite,2025-12-31,5,10,-0.055818269543029375,-0.07587672030713793,0.4
equal_weight_composite,2026-01-30,1,10,0.0011000098408526005,0.007825357421436974,0.6
equal_weight_composite,2026-01-30,2,10,-0.021371174840660388,-0.01259366048161703,0.4
equal_weight_composite,2026-01-30,3,10,0.035304161749630636,0.06121063597331833,0.7
equal_weight_composite,2026-01-30,4,10,0.014024911009465003,-0.027538866877171442,0.4
equal_weight_composite,2026-01-30,5,10,-0.006580024187007027,-0.020360396091040733,0.4
equal_weight_composite,2026-02-27,1,10,0.012420627535496099,-0.002635086556400601,0.5
equal_weight_composite,2026-02-27,2,10,-0.008127279294108258,-0.007347235291132459,0.4
equal_weight_composite,2026-02-27,3,10,-7.765479106683904e-05,0.02117398015962385,0.6
equal_weight_composite,2026-02-27,4,10,0.057043972245812646,0.04653558814933789,0.7
equal_weight_composite,2026-02-27,5,10,-0.02399190115701668,-0.028931032206520713,0.3
equal_weight_composite,2026-03-31,1,10,0.032850664163829,-0.0012909018775956183,0.5
equal_weight_composite,2026-03-31,2,10,-0.023671675674795344,-0.03534420296613866,0.4
equal_weight_composite,2026-03-31,3,10,0.05133679015104908,0.03164383873519083,0.7
equal_weight_composite,2026-03-31,4,10,0.03083868844778196,-0.010961729858677272,0.3
equal_weight_composite,2026-03-31,5,10,0.07172774523546493,0.04646218401721036,0.6
equal_weight_composite,2026-04-30,1,10,0.04359674821139187,0.007240541495667441,0.7
equal_weight_composite,2026-04-30,2,10,-0.011233243430426055,-0.018377731000654263,0.4
equal_weight_composite,2026-04-30,3,10,0.020258258828781815,0.004218046854834456,0.5
equal_weight_composite,2026-04-30,4,10,0.04074456069321329,-0.01580779327658649,0.4
equal_weight_composite,2026-04-30,5,10,0.07622694368399688,0.01959568564993386,0.5
equal_weight_composite,2026-05-29,1,10,-0.04777469336822972,-0.0610374106387227,0.2
equal_weight_composite,2026-05-29,2,10,0.04910697275006144,0.05270903236712482,0.8
equal_weight_composite,2026-05-29,3,10,-0.004299086931388063,0.000775086275118908,0.5
equal_weight_composite,2026-05-29,4,10,0.035289246199163335,0.004265468549459417,0.5
equal_weight_composite,2026-05-29,5,10,-0.07036999192989493,-0.007702534357694246,0.5
momentum_3m,2020-01-31,1,10,-0.01227153946236621,-0.007142594960777071,0.3
momentum_3m,2020-01-31,2,10,0.013548438999585122,0.00922378608864216,0.7
momentum_3m,2020-01-31,3,10,-0.010117164639604381,-0.010258269212528037,0.4
momentum_3m,2020-01-31,4,10,-0.026669725087236272,-0.010769714685621157,0.3
momentum_3m,2020-01-31,5,10,0.05436082606206762,0.02029440035626029,0.8
momentum_3m,2020-02-28,1,10,0.005963980348713293,-0.00760284427487562,0.4
momentum_3m,2020-02-28,2,10,0.04545625353687016,0.08213389556369316,0.7
momentum_3m,2020-02-28,3,10,-0.026112835310407766,-0.012095092107841654,0.4
momentum_3m,2020-02-28,4,10,-0.028534412539822272,-0.031007886358677406,0.3
momentum_3m,2020-02-28,5,10,-0.0016959235617416192,0.044142256554112747,0.7
momentum_3m,2020-03-31,1,10,-0.010689981689518646,0.0013636298344714692,0.5
momentum_3m,2020-03-31,2,10,0.04068734517513291,0.028720192607482264,0.6
momentum_3m,2020-03-31,3,10,0.007986166850594455,0.024956175586782425,0.6
momentum_3m,2020-03-31,4,10,-0.04810824564456314,-0.039330816827598425,0.3
momentum_3m,2020-03-31,5,10,0.0534439834295662,0.002383080524733905,0.5
momentum_3m,2020-04-30,1,10,0.02241903539203277,0.006447950474071651,0.5
momentum_3m,2020-04-30,2,10,0.014764210820347779,-0.004050164032407433,0.5
momentum_3m,2020-04-30,3,10,0.013912175217714439,0.017251063450114845,0.5
momentum_3m,2020-04-30,4,10,0.0020887366157633426,0.005544548817340456,0.6
momentum_3m,2020-04-30,5,10,0.022017779025672823,-0.015499116820556047,0.4
momentum_3m,2020-05-29,1,10,0.005921873957043866,-0.014923490048750432,0.3
momentum_3m,2020-05-29,2,10,0.007939117175181597,-0.0009286614664302806,0.5
momentum_3m,2020-05-29,3,10,0.028433987442320896,0.011688212696748579,0.6
momentum_3m,2020-05-29,4,10,0.01789920116261321,0.01335995925160649,0.6
momentum_3m,2020-05-29,5,10,0.04631169076792853,0.0,0.5
momentum_3m,2020-06-30,1,10,-0.028614747555042085,-0.03346885361987395,0.2
momentum_3m,2020-06-30,2,10,0.015999672224573623,0.019085595489680585,0.6
momentum_3m,2020-06-30,3,10,0.008436093081935691,0.02334372015720443,0.6
momentum_3m,2020-06-30,4,10,0.027227739036787636,0.027414178045980897,0.5
momentum_3m,2020-06-30,5,10,0.04134732944413165,0.00441017761839313,0.6
momentum_3m,2020-07-31,1,10,-0.0309598246598774,-0.019522976564154804,0.5
momentum_3m,2020-07-31,2,10,0.010306745430617825,0.023260543805413425,0.6
momentum_3m,2020-07-31,3,10,-0.019783969286436064,-0.02969720061126324,0.3
momentum_3m,2020-07-31,4,10,-0.029991636797005526,-0.024222300816014508,0.3
momentum_3m,2020-07-31,5,10,0.12347800356760379,0.08232466471888611,0.8
momentum_3m,2020-08-31,1,10,0.009755863219609962,0.007602261387973874,0.6
momentum_3m,2020-08-31,2,10,0.001835157100157847,0.0057511155305045025,0.8
momentum_3m,2020-08-31,3,10,-0.037321323095467554,-0.027729425597773305,0.2
momentum_3m,2020-08-31,4,10,-0.04588919723291478,-0.04963419521424961,0.4
momentum_3m,2020-08-31,5,10,-0.021304158849959554,0.00035925201976144683,0.5
momentum_3m,2020-09-30,1,10,-0.029083326026104674,-0.03514356615885034,0.2
momentum_3m,2020-09-30,2,10,0.018602795568342313,0.014479670755904672,0.6
momentum_3m,2020-09-30,3,10,-0.0004953191782145261,0.002618649592464717,0.6
momentum_3m,2020-09-30,4,10,0.009972978685694977,0.006099278051143742,0.7
momentum_3m,2020-09-30,5,10,0.014651456023555377,-0.004793403773299343,0.4
momentum_3m,2020-10-30,1,10,0.0401563600725082,-0.002831336205080359,0.5
momentum_3m,2020-10-30,2,10,-0.008566742341390654,-0.027918550455563684,0.4
momentum_3m,2020-10-30,3,10,0.030972676329529027,0.016162422155263867,0.5
momentum_3m,2020-10-30,4,10,0.024349422167529156,0.0,0.5
momentum_3m,2020-10-30,5,10,0.0454519963311815,0.01780402171696538,0.6
momentum_3m,2020-11-30,1,10,0.004865573373676391,0.007348270232810261,0.7
momentum_3m,2020-11-30,2,10,0.0002468444876681852,-0.02707909786846119,0.4
momentum_3m,2020-11-30,3,10,-0.005444618800068979,-0.009016752601570754,0.4
momentum_3m,2020-11-30,4,10,-0.00858109541694454,-0.025180336765922018,0.4
momentum_3m,2020-11-30,5,10,0.04125091074344443,0.014812888322444984,0.6
momentum_3m,2020-12-31,1,10,-0.021851691065917434,-0.022368785809398717,0.4
momentum_3m,2020-12-31,2,10,-0.003325836392555903,-0.004521019254349112,0.5
momentum_3m,2020-12-31,3,10,0.006348874794565562,0.002851861125006905,0.5
momentum_3m,2020-12-31,4,10,-0.023576566979163126,-0.03433388595783826,0.4
momentum_3m,2020-12-31,5,10,0.04024136957683866,0.028553165585674445,0.7
momentum_3m,2021-01-29,1,10,-0.010817421229104885,-0.018041076042304094,0.4
momentum_3m,2021-01-29,2,10,0.014615798707860705,-0.005264806919781595,0.5
momentum_3m,2021-01-29,3,10,-0.00350516346280495,-0.032783131311019176,0.3
momentum_3m,2021-01-29,4,10,0.0338366651099236,0.022026012714571053,0.6
momentum_3m,2021-01-29,5,10,0.07321828159231901,0.11513157858459966,0.7
momentum_3m,2021-02-26,1,10,0.002045628688077428,0.006790283735340963,0.6
momentum_3m,2021-02-26,2,10,-0.007583126647847516,0.0018181921122241151,0.5
momentum_3m,2021-02-26,3,10,-0.0005795410389574984,0.015816672514556873,0.7
momentum_3m,2021-02-26,4,10,-0.007501179131313452,-0.029561985450539563,0.3
momentum_3m,2021-02-26,5,10,-0.03475708181118594,-0.02271094870576429,0.4
momentum_3m,2021-03-31,1,10,0.016366495651195846,0.021682399540117303,0.6
momentum_3m,2021-03-31,2,10,0.011591348303725013,-0.008705900870886296,0.4
momentum_3m,2021-03-31,3,10,0.012365003080741432,0.016684399466447508,0.7
momentum_3m,2021-03-31,4,10,-0.017664127950421205,-0.02789237605277206,0.3
momentum_3m,2021-03-31,5,10,0.00748262906909859,0.002360874089323284,0.5
momentum_3m,2021-04-30,1,10,-0.036821935597173325,-0.05050162385515289,0.2
momentum_3m,2021-04-30,2,10,-0.0031475506792577714,0.002532903243593343,0.5
momentum_3m,2021-04-30,3,10,-0.005932153194678058,0.001045185923367442,0.5
momentum_3m,2021-04-30,4,10,0.01937239285135961,0.021923074962414413,0.8
momentum_3m,2021-04-30,5,10,0.011665251831558598,-0.002822941946894586,0.5
momentum_3m,2021-05-28,1,10,0.04584506694160277,0.039752876946189675,0.8
momentum_3m,2021-05-28,2,10,0.01677281945838909,0.026519829254539884,0.6
momentum_3m,2021-05-28,3,10,0.0014121721178321778,-0.006698157789540471,0.4
momentum_3m,2021-05-28,4,10,-0.01502838427001807,-0.02424203263577479,0.2
momentum_3m,2021-05-28,5,10,0.024122826132668262,-0.0011054796333926364,0.5
momentum_3m,2021-06-30,1,10,-0.01665810789481361,-0.019603735466715677,0.4
momentum_3m,2021-06-30,2,10,-0.014080354238959047,-0.01795091974908858,0.4
momentum_3m,2021-06-30,3,10,0.013626819829541281,0.01969313765209857,0.6
momentum_3m,2021-06-30,4,10,-0.015134888692298398,0.011276372064532025,0.6
momentum_3m,2021-06-30,5,10,0.0036839594669790033,0.013516459935736358,0.5
momentum_3m,2021-07-30,1,10,0.007933278488841622,0.0008668481811388018,0.6
momentum_3m,2021-07-30,2,10,-0.016843041196282393,-0.010312184416750081,0.4
momentum_3m,2021-07-30,3,10,-0.022529209056410548,-0.026350138563051795,0.3
momentum_3m,2021-07-30,4,10,0.0033302532748562654,0.01221737101550846,0.6
momentum_3m,2021-07-30,5,10,0.02627607149600386,0.03753094198510576,0.6
momentum_3m,2021-08-31,1,10,0.02371331952813439,0.024480657505033032,0.6
momentum_3m,2021-08-31,2,10,0.026485233009829433,0.0,0.5
momentum_3m,2021-08-31,3,10,0.04174202300469966,0.03240746160877456,0.8
momentum_3m,2021-08-31,4,10,0.028794633241622326,-0.009805154513863323,0.3
momentum_3m,2021-08-31,5,10,0.0018789132684542075,-0.020003278113350065,0.3
momentum_3m,2021-09-30,1,10,-0.04729687578085208,-0.06643974321184565,0.3
momentum_3m,2021-09-30,2,10,0.015905008817568355,0.006751522727820314,0.5
momentum_3m,2021-09-30,3,10,-0.015985723889276438,-0.028952912694819255,0.3
momentum_3m,2021-09-30,4,10,0.008672243647280187,0.0038868920275014762,0.6
momentum_3m,2021-09-30,5,10,0.03443928592178067,0.01115049438852711,0.8
momentum_3m,2021-10-29,1,10,0.03216574631937439,0.022987475043844574,0.6
momentum_3m,2021-10-29,2,10,0.01448741095442635,0.008841338567153356,0.7
momentum_3m,2021-10-29,3,10,0.0009727873244936181,-0.015069628484980224,0.3
momentum_3m,2021-10-29,4,10,-0.005197609519612301,-0.02363292514949894,0.3
momentum_3m,2021-10-29,5,10,0.03356086289124557,0.022707929143440386,0.6
momentum_3m,2021-11-30,1,10,-0.008488944917383756,-0.007374885650609397,0.5
momentum_3m,2021-11-30,2,10,0.031489557989963154,0.03432543081423234,0.7
momentum_3m,2021-11-30,3,10,0.03147034353464615,0.02363097548993731,0.7
momentum_3m,2021-11-30,4,10,-0.004704607045876874,-0.008909773280183053,0.4
momentum_3m,2021-11-30,5,10,-0.04717999734549857,-0.04620505002099462,0.2
momentum_3m,2021-12-31,1,10,0.015566392029334308,0.007884075003343427,0.7
momentum_3m,2021-12-31,2,10,0.030282222587116693,0.012634426727625936,0.5
momentum_3m,2021-12-31,3,10,0.025870042056341035,0.003541774806961717,0.5
momentum_3m,2021-12-31,4,10,0.00020167524506762292,-0.02548970378340576,0.4
momentum_3m,2021-12-31,5,10,-0.023548320742571616,-0.04084878990187446,0.4
momentum_3m,2022-01-31,1,10,-0.01170675661478252,-0.008328071202941267,0.4
momentum_3m,2022-01-31,2,10,0.03706645479620892,0.03501281261946809,0.6
momentum_3m,2022-01-31,3,10,0.019935065616560332,0.027400792827973086,0.5
momentum_3m,2022-01-31,4,10,0.023085330163882513,0.008499214664186683,0.6
momentum_3m,2022-01-31,5,10,-0.02230321762502081,-0.016128489376243726,0.4
momentum_3m,2022-02-28,1,10,0.016626103047369813,0.029727284889131567,0.6
momentum_3m,2022-02-28,2,10,0.02278772709894995,0.017772587983190258,0.6
momentum_3m,2022-02-28,3,10,0.015290692607132427,0.013843430860120853,0.6
momentum_3m,2022-02-28,4,10,-0.0340412920228582,-0.03324425617826998,0.3
momentum_3m,2022-02-28,5,10,-0.01783371166768586,-0.023208745361057326,0.4
momentum_3m,2022-03-31,1,10,-0.02933072564171265,0.0017343205125243122,0.6
momentum_3m,2022-03-31,2,10,-0.008609955956149296,-0.018483919032920515,0.4
momentum_3m,2022-03-31,3,10,-0.005281401316842937,0.02183088142116696,0.6
momentum_3m,2022-03-31,4,10,-0.0009997964821574334,0.002767570715343892,0.6
momentum_3m,2022-03-31,5,10,-0.0423145108421778,-0.03754714191976877,0.3
momentum_3m,2022-04-29,1,10,0.03197383186623785,0.02617444232929711,1.0
momentum_3m,2022-04-29,2,10,0.0204863044061408,-0.022194182197003698,0.4
momentum_3m,2022-04-29,3,10,-0.02068338190727629,-0.023075543840580692,0.2
momentum_3m,2022-04-29,4,10,-0.023970079930827705,-0.013401735498968836,0.4
momentum_3m,2022-04-29,5,10,-0.014656587647593556,-0.0019410887220182027,0.5
momentum_3m,2022-05-31,1,10,0.007036357093468548,0.005477733868938295,0.6
momentum_3m,2022-05-31,2,10,0.01760375296050425,0.005404279769011311,0.5
momentum_3m,2022-05-31,3,10,-0.026484588695677224,-0.031478933896139705,0.4
momentum_3m,2022-05-31,4,10,0.012498861088998402,0.021115664267880585,0.6
momentum_3m,2022-05-31,5,10,-0.010409576219068174,-0.032165276129061726,0.4
momentum_3m,2022-06-30,1,10,0.07918909419407312,0.043672863321442934,0.8
momentum_3m,2022-06-30,2,10,-0.007829501153452578,0.007246174731080579,0.6
momentum_3m,2022-06-30,3,10,-0.02761272855462449,-0.033788222195299644,0.3
momentum_3m,2022-06-30,4,10,0.006752638517766385,0.009119683832458647,0.5
momentum_3m,2022-06-30,5,10,-0.03450837816376782,-0.026481203891078664,0.3
momentum_3m,2022-07-29,1,10,0.0013288702067002945,0.0042410101464138705,0.5
momentum_3m,2022-07-29,2,10,0.010886864782699757,-0.016183121836079506,0.4
momentum_3m,2022-07-29,3,10,0.011332316161043687,0.0017827895652370862,0.5
momentum_3m,2022-07-29,4,10,0.006853814794360857,0.007006934437290613,0.6
momentum_3m,2022-07-29,5,10,0.001184879453624943,0.003272408310054098,0.5
momentum_3m,2022-08-31,1,10,-0.03262779436962482,-0.017836743442319614,0.4
momentum_3m,2022-08-31,2,10,0.02048672716975116,0.011762996887280774,0.6
momentum_3m,2022-08-31,3,10,0.011442318282283292,0.001264832251637149,0.5
momentum_3m,2022-08-31,4,10,0.006231235938765778,-0.0032190943372393255,0.5
momentum_3m,2022-08-31,5,10,0.005462325655736977,0.0026652404385051343,0.5
momentum_3m,2022-09-30,1,10,-0.014571275482498891,0.0003910800288475791,0.5
momentum_3m,2022-09-30,2,10,0.018281266634009384,0.02841173281283571,0.6
momentum_3m,2022-09-30,3,10,-0.03695083528363208,-0.03869698238153141,0.3
momentum_3m,2022-09-30,4,10,0.008371426939259841,0.005143138758892496,0.5
momentum_3m,2022-09-30,5,10,0.010571399937396453,0.014106133800839138,0.6
momentum_3m,2022-10-31,1,10,0.00023136709371844865,-0.0012553761749741765,0.5
momentum_3m,2022-10-31,2,10,0.01209026666786368,0.0034148837740645144,0.6
momentum_3m,2022-10-31,3,10,0.0033091509142263997,0.019174559761175103,0.6
momentum_3m,2022-10-31,4,10,-0.035784040430149676,-0.03605011316200479,0.3
momentum_3m,2022-10-31,5,10,-0.012459767426916235,-0.0010133834427553667,0.5
momentum_3m,2022-11-30,1,10,-0.07002757770652523,-0.06582575747648922,0.2
momentum_3m,2022-11-30,2,10,-0.009773313246658344,-0.0036502586238718604,0.5
momentum_3m,2022-11-30,3,10,-0.00800296378248937,0.006553265125306185,0.6
momentum_3m,2022-11-30,4,10,-0.0008125590094738344,0.012471098540285885,0.6
momentum_3m,2022-11-30,5,10,0.008216526718546035,0.004885564602885584,0.6
momentum_3m,2022-12-30,1,10,0.1302289211967076,0.0927749842273663,0.9
momentum_3m,2022-12-30,2,10,0.006456837666695092,-0.00192432850039026,0.5
momentum_3m,2022-12-30,3,10,-0.035151925911979284,-0.034768995507815315,0.3
momentum_3m,2022-12-30,4,10,-0.005414103184252406,-0.04618042059074756,0.3
momentum_3m,2022-12-30,5,10,0.010115041464315178,0.0,0.5
momentum_3m,2023-01-31,1,10,0.014512332503542603,-0.009565732260008841,0.4
momentum_3m,2023-01-31,2,10,0.010578642820169182,0.019812637869404792,0.7
momentum_3m,2023-01-31,3,10,-0.0018265715646936576,-0.006549585420344617,0.4
momentum_3m,2023-01-31,4,10,-0.00519233883873349,0.005053005589148063,0.5
momentum_3m,2023-01-31,5,10,0.04213964940751541,0.0,0.5
momentum_3m,2023-02-28,1,10,0.012266743104763122,0.022827185661814187,0.6
momentum_3m,2023-02-28,2,10,-0.01192851449437039,-0.011247544850115254,0.3
momentum_3m,2023-02-28,3,10,-0.016341488646323066,0.01028648090574058,0.6
momentum_3m,2023-02-28,4,10,-0.013167213943125644,-0.008300295985436357,0.4
momentum_3m,2023-02-28,5,10,0.020949386216853327,0.006743664525266313,0.6
momentum_3m,2023-03-31,1,10,-0.03792456343930689,-0.0163060920675146,0.3
momentum_3m,2023-03-31,2,10,0.009335075833846485,0.02430565799267337,0.8
momentum_3m,2023-03-31,3,10,0.011245900770417205,-0.002995009531726711,0.5
momentum_3m,2023-03-31,4,10,0.013868415115844458,0.01123460834467771,0.7
momentum_3m,2023-03-31,5,10,-0.039253782026063166,-0.017656987690954584,0.2
momentum_3m,2023-04-28,1,10,0.06459759753984762,0.05330248777605773,0.7
momentum_3m,2023-04-28,2,10,0.017436740895494796,-0.008240011258186408,0.5
momentum_3m,2023-04-28,3,10,0.004014669271194593,-0.004815921563210368,0.4
momentum_3m,2023-04-28,4,10,0.004734630653854377,-0.010702398397094415,0.3
momentum_3m,2023-04-28,5,10,0.08019572812910176,0.04146418795015422,0.6
momentum_3m,2023-05-31,1,10,-0.013440794077822105,-0.022853993956687857,0.2
momentum_3m,2023-05-31,2,10,4.5261090196069274e-05,-0.021737730455190007,0.5
momentum_3m,2023-05-31,3,10,0.013447130123448559,0.006943943842575906,0.8
momentum_3m,2023-05-31,4,10,0.0034525092651832125,-0.006364362588674344,0.3
momentum_3m,2023-05-31,5,10,0.004841921854239517,0.01621272239130822,0.7
momentum_3m,2023-06-30,1,10,0.018253395816024774,0.004564334553799454,0.5
momentum_3m,2023-06-30,2,10,-0.011237281713034054,-0.007907001946497627,0.5
momentum_3m,2023-06-30,3,10,0.01179932011801772,-0.00991597964243851,0.4
momentum_3m,2023-06-30,4,10,0.022097795217652184,0.006763000332907554,0.6
momentum_3m,2023-06-30,5,10,0.01175717501533905,0.007126290427295401,0.5
momentum_3m,2023-07-31,1,10,-0.010351816130200597,-0.00615968713007381,0.4
momentum_3m,2023-07-31,2,10,0.006951141442439179,0.0007650112140534238,0.5
momentum_3m,2023-07-31,3,10,-0.001340403398618195,0.007087027186845785,0.6
momentum_3m,2023-07-31,4,10,-0.011604944204207258,-0.009513443234972385,0.4
momentum_3m,2023-07-31,5,10,0.03452690240505796,0.006432313788709232,0.6
momentum_3m,2023-08-31,1,10,0.015441029272689843,0.021521262054772117,0.7
momentum_3m,2023-08-31,2,10,-0.03116125832693125,-0.016838625023177733,0.3
momentum_3m,2023-08-31,3,10,-0.0020186306647269393,-0.008293544628208527,0.4
momentum_3m,2023-08-31,4,10,0.008099310103213664,0.011049329360446225,0.6
momentum_3m,2023-08-31,5,10,-0.0036719446709025825,0.008132960090710073,0.5
momentum_3m,2023-09-29,1,10,0.03236906050016941,0.02445345319547526,0.7
momentum_3m,2023-09-29,2,10,-0.041491854588362534,-0.03080826147041399,0.3
momentum_3m,2023-09-29,3,10,0.010018520329448232,0.008741810914665471,0.5
momentum_3m,2023-09-29,4,10,-0.005081018221297573,0.002720419959077014,0.5
momentum_3m,2023-09-29,5,10,0.008321971307991439,0.002222029673647097,0.5
momentum_3m,2023-10-31,1,10,0.02725976048220711,0.022808372383534392,0.7
momentum_3m,2023-10-31,2,10,0.008848724167581989,0.027902228275810126,0.6
momentum_3m,2023-10-31,3,10,0.002184627713611642,0.02088202824623686,0.6
momentum_3m,2023-10-31,4,10,-0.03435731219849851,-0.012726409456662813,0.3
momentum_3m,2023-10-31,5,10,-0.03864788575699267,-0.016137330337834377,0.3
momentum_3m,2023-11-30,1,10,0.05160407886224083,0.05572477836902956,0.9
momentum_3m,2023-11-30,2,10,-0.029949571793151653,-0.016103679430802043,0.0
momentum_3m,2023-11-30,3,10,0.012996974702574538,-0.008533926472133913,0.5
momentum_3m,2023-11-30,4,10,0.013490572417420698,0.012926932506169053,0.7
momentum_3m,2023-11-30,5,10,-0.011678611288349882,-0.029167476346606103,0.4
momentum_3m,2023-12-29,1,10,-0.03625516695444323,-0.01263814358072013,0.4
momentum_3m,2023-12-29,2,10,0.0009934574000232787,0.0,0.5
momentum_3m,2023-12-29,3,10,0.02531101423710582,-0.01413221175899787,0.4
momentum_3m,2023-12-29,4,10,0.0013744848522563857,0.004395363438497002,0.6
momentum_3m,2023-12-29,5,10,0.013315310150955429,0.009536201761024654,0.6
momentum_3m,2024-01-31,1,10,-0.04754684799699842,-0.0568028007840406,0.3
momentum_3m,2024-01-31,2,10,-0.0007575412619254318,-0.007171524148011588,0.4
momentum_3m,2024-01-31,3,10,-0.011623040171598386,-0.049992759428941935,0.3
momentum_3m,2024-01-31,4,10,0.033195752957195235,0.0,0.5
momentum_3m,2024-01-31,5,10,0.07531721341687717,0.051074614289328246,1.0
momentum_3m,2024-02-29,1,10,-0.022647986838794487,-0.02033147366417898,0.4
momentum_3m,2024-02-29,2,10,-0.0047897684590720415,-0.00385725088876665,0.3
momentum_3m,2024-02-29,3,10,0.037821789046452906,0.0482997049537911,0.7
momentum_3m,2024-02-29,4,10,-0.0007588548324689804,0.005181266104520632,0.6
momentum_3m,2024-02-29,5,10,0.005782682478069012,-0.001303195990536965,0.5
momentum_3m,2024-03-28,1,10,0.011557814465381778,0.012821903683711444,0.7
momentum_3m,2024-03-28,2,10,-0.008418810013873467,-0.010430812620092544,0.4
momentum_3m,2024-03-28,3,10,0.01564451595616497,0.008865953734302046,0.7
momentum_3m,2024-03-28,4,10,-0.00045091752279453613,0.014645537474182568,0.6
momentum_3m,2024-03-28,5,10,-0.05299384753805203,-0.05553875221853011,0.1
momentum_3m,2024-04-30,1,10,0.03148565263132345,0.016987167654467283,0.5
momentum_3m,2024-04-30,2,10,-0.005245308524540892,-0.019678639317765312,0.4
momentum_3m,2024-04-30,3,10,-0.020634027617931462,-0.030931896468993858,0.2
momentum_3m,2024-04-30,4,10,0.046272410161417164,0.04184660362522652,0.8
momentum_3m,2024-04-30,5,10,0.03439738193392113,0.0058937462476943425,0.6
momentum_3m,2024-05-31,1,10,0.015796034765615384,-0.008436268869740804,0.4
momentum_3m,2024-05-31,2,10,0.044697496436871,-0.0127038975917933,0.4
momentum_3m,2024-05-31,3,10,0.00720835979575154,-0.006975077148754616,0.5
momentum_3m,2024-05-31,4,10,-0.024598551225649135,0.006502074258611823,0.6
momentum_3m,2024-05-31,5,10,0.012212617103289181,0.014149798764929056,0.6
momentum_3m,2024-06-28,1,10,0.017090185028987515,-0.0014555634414916696,0.5
momentum_3m,2024-06-28,2,10,-0.007491745928554583,-0.005671427391117034,0.5
momentum_3m,2024-06-28,3,10,0.02493374206129003,0.04466938538229903,0.8
momentum_3m,2024-06-28,4,10,-0.01688726303631355,-0.006610740698416051,0.3
momentum_3m,2024-06-28,5,10,-0.04152500994794801,-0.07024956801883309,0.4
momentum_3m,2024-07-31,1,10,-0.017291127726806244,-0.016694803221686094,0.5
momentum_3m,2024-07-31,2,10,0.018048157022779742,0.004070778260030439,0.8
momentum_3m,2024-07-31,3,10,-0.023828193721873926,-0.010278192728189417,0.2
momentum_3m,2024-07-31,4,10,-0.00790387856447996,-0.007654050702858406,0.5
momentum_3m,2024-07-31,5,10,-0.005230113567015904,-0.0009995817687356023,0.5
momentum_3m,2024-08-30,1,10,0.006444949924740717,0.01698085041329156,0.6
momentum_3m,2024-08-30,2,10,-0.0008892796971329386,-0.0021276205477918086,0.4
momentum_3m,2024-08-30,3,10,0.006055426052222012,-0.000547970178277235,0.5
momentum_3m,2024-08-30,4,10,-0.007557730495069937,-0.016945481963126507,0.3
momentum_3m,2024-08-30,5,10,0.04896033989532328,0.013798054005560334,0.7
momentum_3m,2024-09-30,1,10,0.03265115907553131,0.022145339075918202,0.7
momentum_3m,2024-09-30,2,10,0.0017685613728861348,-0.0016646402618450962,0.5
momentum_3m,2024-09-30,3,10,0.0018056606453091927,0.004555783113199652,0.5
momentum_3m,2024-09-30,4,10,-0.029914705825148956,-0.02747196805653268,0.3
momentum_3m,2024-09-30,5,10,0.002787691895037925,0.0036904761746490156,0.5
momentum_3m,2024-10-31,1,10,-0.04929161284130775,-0.05823646392129522,0.2
momentum_3m,2024-10-31,2,10,0.018016996832899923,0.015602646888725369,0.6
momentum_3m,2024-10-31,3,10,0.005707039343042286,0.016889934595058387,0.6
momentum_3m,2024-10-31,4,10,-0.020392920106124444,-0.02273043635113281,0.4
momentum_3m,2024-10-31,5,10,0.046439044299670926,0.022821422742657083,0.7
momentum_3m,2024-11-29,1,10,0.02007162723759486,0.01712002306075444,0.6
momentum_3m,2024-11-29,2,10,0.0556606400032954,0.03380749676106953,0.6
momentum_3m,2024-11-29,3,10,0.0014153169800193322,-0.016872144292046087,0.4
momentum_3m,2024-11-29,4,10,-0.018077313496912405,-0.02407046093938664,0.2
momentum_3m,2024-11-29,5,10,0.017583623808731075,0.010908968844283606,0.7
momentum_3m,2024-12-31,1,10,0.0068103130743616515,-0.012392037745703188,0.4
momentum_3m,2024-12-31,2,10,-0.004299391095616523,-0.01363791363125122,0.5
momentum_3m,2024-12-31,3,10,-0.018637443205548387,0.0031436123055756937,0.6
momentum_3m,2024-12-31,4,10,0.006990570209668723,-0.008509392834956664,0.4
momentum_3m,2024-12-31,5,10,-0.009159204251722864,0.04315141370571052,0.6
momentum_3m,2025-01-31,1,10,0.043552669406374686,0.054735586267255,0.7
momentum_3m,2025-01-31,2,10,0.007706291820710254,-0.009260893788640145,0.5
momentum_3m,2025-01-31,3,10,-0.01420425540190694,-0.02498469462828601,0.4
momentum_3m,2025-01-31,4,10,0.015392941817268269,0.015028796606906869,0.6
momentum_3m,2025-01-31,5,10,-0.05834738956304053,-0.052063502796172334,0.3
momentum_3m,2025-02-28,1,10,-0.015324685967447137,-0.030818660162759026,0.4
momentum_3m,2025-02-28,2,10,-3.845094521948145e-06,-0.008538107768190806,0.3
momentum_3m,2025-02-28,3,10,0.03687438326312877,0.045489857522932275,0.7
momentum_3m,2025-02-28,4,10,-0.015952179448183258,-0.013545417297367746,0.5
momentum_3m,2025-02-28,5,10,-0.007698858604240489,0.013559064812644406,0.6
momentum_3m,2025-03-31,1,10,0.019785148193675293,0.01395159310733024,0.5
momentum_3m,2025-03-31,2,10,-0.011039265402602161,-0.008665891169265305,0.5
momentum_3m,2025-03-31,3,10,0.007916686321310118,0.009474015102533595,0.5
momentum_3m,2025-03-31,4,10,-0.021605397450893404,-0.006971906630207969,0.4
momentum_3m,2025-03-31,5,10,0.03337924121381658,0.013322671624212135,0.6
momentum_3m,2025-04-30,1,10,0.015413811321287474,0.042023532732136215,0.6
momentum_3m,2025-04-30,2,10,0.008953812050359621,0.014584340861424683,0.7
momentum_3m,2025-04-30,3,10,0.024169305539247676,-0.020351569787837254,0.4
momentum_3m,2025-04-30,4,10,0.010036095701412428,-0.011691161510607118,0.5
momentum_3m,2025-04-30,5,10,-0.05389303769205263,-0.05542694268817533,0.3
momentum_3m,2025-05-30,1,10,0.03093403701222396,0.02454928696688452,0.6
momentum_3m,2025-05-30,2,10,0.003328005497320774,0.0023527600401601623,0.5
momentum_3m,2025-05-30,3,10,0.03992971551103987,0.020414218919873273,0.7
momentum_3m,2025-05-30,4,10,-0.04844047540229688,-0.062259126259817,0.2
momentum_3m,2025-05-30,5,10,-0.022250984942643014,0.0,0.5
momentum_3m,2025-06-30,1,10,-0.024126043630985073,-0.012539430430698495,0.4
momentum_3m,2025-06-30,2,10,-0.004083955224586333,-0.015793452454330115,0.4
momentum_3m,2025-06-30,3,10,-0.015382834165663795,0.00030032681650893345,0.5
momentum_3m,2025-06-30,4,10,0.0028039394287979412,0.005552878157549013,0.6
momentum_3m,2025-06-30,5,10,0.01969882852517304,0.014135014239325283,0.6
momentum_3m,2025-07-31,1,10,0.03892633047319418,0.017460618785015813,0.7
momentum_3m,2025-07-31,2,10,0.028519925798670465,0.020278485290888604,0.7
momentum_3m,2025-07-31,3,10,-0.000885118366021953,-0.005335094856269151,0.5
momentum_3m,2025-07-31,4,10,-0.007640490360586549,-0.018374074142253782,0.4
momentum_3m,2025-07-31,5,10,-0.03983325492336413,-0.04202826965708023,0.2
momentum_3m,2025-08-29,1,10,0.020983442234921455,-0.008781606479276172,0.4
momentum_3m,2025-08-29,2,10,-0.0031699283814472625,-0.018907143105619972,0.4
momentum_3m,2025-08-29,3,10,-0.008297891652193978,-0.019462932338035477,0.4
momentum_3m,2025-08-29,4,10,0.014837985404417785,0.009094518404083485,0.6
momentum_3m,2025-08-29,5,10,0.054085636189434315,0.057123720323841054,0.7
momentum_3m,2025-09-30,1,10,-0.006583040786406602,-0.015961226402386897,0.5
momentum_3m,2025-09-30,2,10,0.008606382629651054,0.008589853745159637,0.5
momentum_3m,2025-09-30,3,10,-0.026574076001143154,-0.03870376275659959,0.3
momentum_3m,2025-09-30,4,10,0.013799572788956604,-0.004412517493485979,0.4
momentum_3m,2025-09-30,5,10,0.0726507437812122,0.05353912117358883,0.8
momentum_3m,2025-10-31,1,10,-0.00988041468278802,-0.006767895456789519,0.5
momentum_3m,2025-10-31,2,10,-0.02200851928185408,-0.017173951057886105,0.4
momentum_3m,2025-10-31,3,10,0.04513096902596436,0.0305166412177994,0.8
momentum_3m,2025-10-31,4,10,-0.02828259823459922,-0.022428404769109345,0.3
momentum_3m,2025-10-31,5,10,0.002172559610906943,0.009019118752201405,0.5
momentum_3m,2025-11-28,1,10,-0.006776024944806325,-0.008092524958645375,0.5
momentum_3m,2025-11-28,2,10,0.002611817109113279,0.0024897216261121624,0.5
momentum_3m,2025-11-28,3,10,0.004284149010451421,-0.006570787840718295,0.4
momentum_3m,2025-11-28,4,10,0.0066577667769558094,0.003524909579242008,0.6
momentum_3m,2025-11-28,5,10,-0.010547775332053566,-2.794391679927788e-05,0.5
momentum_3m,2025-12-31,1,10,-0.06494380239108158,-0.05648501872605688,0.3
momentum_3m,2025-12-31,2,10,-0.013045811378892802,-0.049390595119065184,0.4
momentum_3m,2025-12-31,3,10,0.022777260574993196,0.04970624327744466,0.7
momentum_3m,2025-12-31,4,10,-0.027299593579581095,-0.024512105803517814,0.4
momentum_3m,2025-12-31,5,10,0.026956313172961533,0.022607636692630217,0.7
momentum_3m,2026-01-30,1,10,-0.016791729031480185,-0.03184040477578087,0.4
momentum_3m,2026-01-30,2,10,0.016368008759777942,0.014122999209289055,0.5
momentum_3m,2026-01-30,3,10,0.020204600295470075,0.032611275979381626,0.5
momentum_3m,2026-01-30,4,10,0.005239830349450714,0.019356828781661117,0.6
momentum_3m,2026-01-30,5,10,-0.002542826800937725,-0.01425037975687643,0.5
momentum_3m,2026-02-27,1,10,0.01731967768767868,-0.010837705730096181,0.3
momentum_3m,2026-02-27,2,10,-0.010582601440354578,0.010717541593205815,0.6
momentum_3m,2026-02-27,3,10,0.0028972589139274808,-0.001957904137270927,0.5
momentum_3m,2026-02-27,4,10,0.037221661567747144,0.008219844429975975,0.7
momentum_3m,2026-02-27,5,10,-0.009588232189881762,-0.017785552974804886,0.4
momentum_3m,2026-03-31,1,10,0.06395935156538105,0.029466924909781533,0.5
momentum_3m,2026-03-31,2,10,-0.0173070174352843,-0.00480980133213238,0.4
momentum_3m,2026-03-31,3,10,0.07338092762158219,0.018683838035140732,0.6
momentum_3m,2026-03-31,4,10,0.006887705590313198,0.023421219617887457,0.6
momentum_3m,2026-03-31,5,10,0.036161244981337506,-0.031033137850679737,0.4
momentum_3m,2026-04-30,1,10,0.0849977578348502,0.030994738792597787,0.6
momentum_3m,2026-04-30,2,10,0.031669937659466164,0.005940388213172609,0.6
momentum_3m,2026-04-30,3,10,-0.00015435301467373597,0.004705704682452905,0.5
momentum_3m,2026-04-30,4,10,0.013555645139981953,-0.014384720562058972,0.2
momentum_3m,2026-04-30,5,10,0.03952428036733323,0.0021796444352401023,0.6
momentum_3m,2026-05-29,1,10,-0.03202300985133155,-0.03730357813972385,0.4
momentum_3m,2026-05-29,2,10,0.026880222051027313,0.03153537264825529,0.7
momentum_3m,2026-05-29,3,10,0.001477462247271022,-0.00174536208622178,0.5
momentum_3m,2026-05-29,4,10,0.013964358940476419,0.03639056899650045,0.6
momentum_3m,2026-05-29,5,10,-0.04834658666773113,-0.028769367904834697,0.3
ridge,2020-01-31,1,10,-0.0022863956190222632,-0.0033893017391052327,0.4
ridge,2020-01-31,2,10,-0.010433623972013917,0.004935402286877,0.5
ridge,2020-01-31,3,10,0.012897053563139716,0.004767260900989112,0.6
ridge,2020-01-31,4,10,0.002316178333336516,-0.000439752311629904,0.5
ridge,2020-01-31,5,10,0.01635762356700583,-0.0019912444527427353,0.5
ridge,2020-02-28,1,10,0.005835310340871402,-0.011584179755084911,0.4
ridge,2020-02-28,2,10,0.043423714769810884,0.06153372210041286,0.8
ridge,2020-02-28,3,10,-0.018759731882657005,-0.02445344925653936,0.3
ridge,2020-02-28,4,10,-0.03483076418757876,-0.030562331374756058,0.4
ridge,2020-02-28,5,10,-0.0005914665668347308,0.03786256313319919,0.6
ridge,2020-03-31,1,10,-0.03339219291098748,-0.06310643276211003,0.3
ridge,2020-03-31,2,10,-0.005925968065739418,0.0006905096091934793,0.5
ridge,2020-03-31,3,10,0.012046383348565004,0.013363282270081212,0.6
ridge,2020-03-31,4,10,-0.010524213995986664,0.0,0.5
ridge,2020-03-31,5,10,0.08111525974536034,0.039246659198271194,0.6
ridge,2020-04-30,1,10,0.03075102123903466,0.03864480402582138,0.7
ridge,2020-04-30,2,10,0.0075330838673371425,-0.023886285155672815,0.3
ridge,2020-04-30,3,10,0.013887764803869352,0.003007633172233959,0.6
ridge,2020-04-30,4,10,-0.0004940264642965264,-0.006823522614634925,0.4
ridge,2020-04-30,5,10,0.02352409362558653,0.004573686589711912,0.5
ridge,2020-05-29,1,10,0.0022264440826975096,-0.005713271835518063,0.3
ridge,2020-05-29,2,10,-0.010350920897918859,-0.015430997794090351,0.3
ridge,2020-05-29,3,10,0.028735544882956064,-0.0021261858713872983,0.5
ridge,2020-05-29,4,10,0.04086089877762813,0.024484627386286373,0.8
ridge,2020-05-29,5,10,0.04503390365972525,0.04235492970882787,0.6
ridge,2020-06-30,1,10,0.021405580559526682,0.015054267290467882,0.6
ridge,2020-06-30,2,10,0.02492531823218911,0.033077740497930774,0.6
ridge,2020-06-30,3,10,0.005658122336026861,-0.011892486199695962,0.5
ridge,2020-06-30,4,10,0.01311742047150406,-0.0024266529536788317,0.4
ridge,2020-06-30,5,10,-0.0007103553668601937,-0.02494092866355213,0.4
ridge,2020-07-31,1,10,0.0038696316157666886,0.012092273171510515,0.6
ridge,2020-07-31,2,10,0.0029537911990692002,0.013064396769633002,0.5
ridge,2020-07-31,3,10,-0.010845291665037126,-0.014686889756291954,0.5
ridge,2020-07-31,4,10,0.013647652538335619,0.0145336668084326,0.6
ridge,2020-07-31,5,10,0.04342353456676825,-0.04502998210184328,0.3
ridge,2020-08-31,1,10,-0.010883049183153637,-0.0137572700817446,0.4
ridge,2020-08-31,2,10,-0.0020489312673503957,0.0008751903494824687,0.6
ridge,2020-08-31,3,10,-0.005823773010527456,0.009790906675906264,0.7
ridge,2020-08-31,4,10,-0.014149481339518877,0.00035925201976144683,0.5
ridge,2020-08-31,5,10,-0.06001842405802371,-0.049644318629722906,0.3
ridge,2020-09-30,1,10,-0.010651086765937966,-0.0012776076053555019,0.4
ridge,2020-09-30,2,10,0.004911202141384008,0.00069797022995155,0.6
ridge,2020-09-30,3,10,-0.00701995140712589,-0.010668828519768192,0.5
ridge,2020-09-30,4,10,0.019790392106549527,0.015628600441349394,0.6
ridge,2020-09-30,5,10,0.006618028998403791,-0.004793403773299343,0.4
ridge,2020-10-30,1,10,-0.0008780045632114097,-0.020724408840260944,0.4
ridge,2020-10-30,2,10,-0.015019148985985765,-0.022126724479187843,0.3
ridge,2020-10-30,3,10,0.038999930754179776,0.02958193450397628,0.7
ridge,2020-10-30,4,10,-0.021900756609487825,-0.02131491388721407,0.3
ridge,2020-10-30,5,10,0.13116169196386243,0.13260081512822253,0.8
ridge,2020-11-30,1,10,-0.017725220285058164,-0.008054365024947274,0.5
ridge,2020-11-30,2,10,-0.007637492397859369,-0.021065848971826506,0.3
ridge,2020-11-30,3,10,0.008220011645885539,-0.0072864284837401705,0.5
ridge,2020-11-30,4,10,0.006476988723259658,-0.008627999640660966,0.5
ridge,2020-11-30,5,10,0.04300332670154783,0.029302926396525764,0.7
ridge,2020-12-31,1,10,-0.027653740594817,-0.02395685746920928,0.3
ridge,2020-12-31,2,10,0.008743247861426584,0.038452525958053485,0.6
ridge,2020-12-31,3,10,-0.03523775153225278,-0.046414370290637164,0.3
ridge,2020-12-31,4,10,0.0011770818140384941,0.012660672717020094,0.6
ridge,2020-12-31,5,10,0.05080731238537246,0.028553165585674445,0.7
ridge,2021-01-29,1,10,0.004226873019711941,-0.023626277905771265,0.3
ridge,2021-01-29,2,10,0.030649018626766132,0.027183670012003835,0.7
ridge,2021-01-29,3,10,-0.006368083276111358,-0.03993484906984551,0.4
ridge,2021-01-29,4,10,0.035644439963879546,0.0021515971691056235,0.5
ridge,2021-01-29,5,10,0.043195912383947224,0.022026012714571053,0.6
ridge,2021-02-26,1,10,0.03226710202286244,0.018814899161787024,0.9
ridge,2021-02-26,2,10,-0.011918295844570326,-0.02323696530938224,0.4
ridge,2021-02-26,3,10,-0.005542011651373668,-0.015620211575583687,0.4
ridge,2021-02-26,4,10,-0.00330300882533584,0.011635489852435232,0.6
ridge,2021-02-26,5,10,-0.05987908564280958,-0.05561281771255322,0.2
ridge,2021-03-31,1,10,-0.014323565991251497,-0.02616311832990509,0.4
ridge,2021-03-31,2,10,0.041481644566268995,0.0406464006199333,0.8
ridge,2021-03-31,3,10,-0.010358704943059382,-0.02115391046566606,0.3
ridge,2021-03-31,4,10,-0.009279089035716993,-0.011190520696880646,0.3
ridge,2021-03-31,5,10,0.022621063558098554,0.024973356634238053,0.7
ridge,2021-04-30,1,10,-0.004229191473896365,0.006953768276767969,0.6
ridge,2021-04-30,2,10,-0.0359926057200076,-0.027008377831327535,0.2
ridge,2021-04-30,3,10,0.000537469356395126,-0.0008014320318101564,0.5
ridge,2021-04-30,4,10,-0.023695355391887985,-0.016442010734550372,0.3
ridge,2021-04-30,5,10,0.04851568844120587,0.054936807914561125,0.9
ridge,2021-05-28,1,10,0.015964672017464165,0.007857098329180634,0.5
ridge,2021-05-28,2,10,0.00829129347827764,-0.004935076308756781,0.4
ridge,2021-05-28,3,10,0.003895271622403218,0.001317717340868052,0.6
ridge,2021-05-28,4,10,0.009283991254035107,-0.020123853063848562,0.3
ridge,2021-05-28,5,10,0.0356892720082941,0.04397256079173051,0.7
ridge,2021-06-30,1,10,-0.00709025428150698,-0.0057330070614382,0.4
ridge,2021-06-30,2,10,0.005232474772212459,0.018569305943178183,0.7
ridge,2021-06-30,3,10,0.008985427205757979,0.021458267996143143,0.6
ridge,2021-06-30,4,10,-0.012577087961828382,-0.0073263639196863295,0.4
ridge,2021-06-30,5,10,-0.02311313126418585,-0.016597443335131246,0.4
ridge,2021-07-30,1,10,-0.0173078393913604,-0.016751831915773674,0.3
ridge,2021-07-30,2,10,-0.0155094290474039,-0.011784010419214175,0.4
ridge,2021-07-30,3,10,0.005686394702973196,0.012758953554312558,0.6
ridge,2021-07-30,4,10,0.005010292035791941,0.003252237745171249,0.5
ridge,2021-07-30,5,10,0.02028793470700797,0.02424547595297455,0.7
ridge,2021-08-31,1,10,0.0279902442510636,0.02413783284379245,0.6
ridge,2021-08-31,2,10,0.003419643557308094,-0.013304568821970564,0.3
ridge,2021-08-31,3,10,0.004017175381160176,-0.0053006366017407935,0.4
ridge,2021-08-31,4,10,0.04456723650034859,0.019397045546950487,0.6
ridge,2021-08-31,5,10,0.04261982236285955,0.03069578448856941,0.6
ridge,2021-09-30,1,10,0.006280375220483558,0.016980742723228137,0.6
ridge,2021-09-30,2,10,-0.04055133500917942,-0.04184333568674836,0.2
ridge,2021-09-30,3,10,-0.04954246074380646,-0.06367834070902711,0.2
ridge,2021-09-30,4,10,0.016753449046312263,0.0098728485166375,0.6
ridge,2021-09-30,5,10,0.06279391020269076,0.024472262984313264,0.9
ridge,2021-10-29,1,10,0.004346746151095093,0.004515695295147615,0.5
ridge,2021-10-29,2,10,0.011726847267228968,0.007812350918948108,0.6
ridge,2021-10-29,3,10,0.018567882890375552,-0.015665335277620596,0.4
ridge,2021-10-29,4,10,0.0046800746534008675,-0.026356740502961495,0.4
ridge,2021-10-29,5,10,0.03666764700782714,0.013305629237714334,0.6
ridge,2021-11-30,1,10,0.03564833014834965,0.03082942293530999,0.6
ridge,2021-11-30,2,10,-0.01310462432419649,-0.02015006008317255,0.4
ridge,2021-11-30,3,10,-0.004692099635436908,0.00770313271104528,0.6
ridge,2021-11-30,4,10,0.005702170088419001,0.001292129917892737,0.5
ridge,2021-11-30,5,10,-0.020967424061285145,-0.013262647115080517,0.4
ridge,2021-12-31,1,10,0.009314889645717606,0.004010561447871708,0.6
ridge,2021-12-31,2,10,-0.023884257273302602,-0.03419538558410212,0.3
ridge,2021-12-31,3,10,0.02911166890941047,0.024531448166504766,0.6
ridge,2021-12-31,4,10,0.0125682747563429,-0.0004194518918636536,0.5
ridge,2021-12-31,5,10,0.021261435137119665,-0.02295677713002614,0.5
ridge,2022-01-31,1,10,0.026431383660237628,0.001955886331616641,0.6
ridge,2022-01-31,2,10,0.0002660809424745447,-0.004929601082394208,0.5
ridge,2022-01-31,3,10,0.005672857585448232,0.026029639045521136,0.5
ridge,2022-01-31,4,10,0.0012759849830924375,-0.009861780111545204,0.3
ridge,2022-01-31,5,10,0.012430569165595585,0.014190472254912212,0.6
ridge,2022-02-28,1,10,-0.012923043247974686,-0.004722761124916208,0.4
ridge,2022-02-28,2,10,-0.03390170038592866,-0.05628443967610991,0.3
ridge,2022-02-28,3,10,0.01892588780840454,0.022363638339110925,0.8
ridge,2022-02-28,4,10,-0.010938646792912298,-0.01182048602274266,0.4
ridge,2022-02-28,5,10,0.04166702168131923,0.039263324581695236,0.6
ridge,2022-03-31,1,10,-0.02461720414484001,-0.030702958293440885,0.3
ridge,2022-03-31,2,10,0.008882970597895811,0.002767570715343892,0.6
ridge,2022-03-31,3,10,-0.009844265610724956,0.009448005877722876,0.6
ridge,2022-03-31,4,10,0.026379747844260826,0.02696907146195532,0.5
ridge,2022-03-31,5,10,-0.08733763892563177,-0.022985593942968785,0.5
ridge,2022-04-29,1,10,-0.00023041705840320947,-0.005421472836072916,0.4
ridge,2022-04-29,2,10,-0.012881441590878617,-0.019367110735001525,0.3
ridge,2022-04-29,3,10,0.022604190247865242,0.028357420147386403,0.6
ridge,2022-04-29,4,10,-0.018623603738943804,0.018742906905900636,0.7
ridge,2022-04-29,5,10,0.002281358927041499,0.0005192203487869307,0.5
ridge,2022-05-31,1,10,0.0018665158716407726,0.006381741251617334,0.5
ridge,2022-05-31,2,10,0.0275063309388367,0.06376952939857522,0.6
ridge,2022-05-31,3,10,-0.03240070512937887,-0.04898752174162557,0.4
ridge,2022-05-31,4,10,0.011045911687331166,0.0,0.5
ridge,2022-05-31,5,10,-0.007773247140203965,-0.012964070884986356,0.5
ridge,2022-06-30,1,10,-0.02511991352815024,-0.016999361394461343,0.2
ridge,2022-06-30,2,10,0.012381789241789943,0.009453070107987571,0.5
ridge,2022-06-30,3,10,-0.02883740572227922,-0.037086796471985095,0.3
ridge,2022-06-30,4,10,0.05360125879156048,0.033355695631751225,0.9
ridge,2022-06-30,5,10,0.003965396057073656,0.0034907466281438593,0.6
ridge,2022-07-29,1,10,-0.0003016899392186634,-0.01974317830062794,0.4
ridge,2022-07-29,2,10,-0.005165028615280754,-0.010616143749384244,0.3
ridge,2022-07-29,3,10,0.012822547791144612,0.018129562205852212,0.7
ridge,2022-07-29,4,10,0.019210818218198134,0.0,0.5
ridge,2022-07-29,5,10,0.00502009794358621,0.014314946094490966,0.6
ridge,2022-08-31,1,10,0.00548847384603286,0.0039919620771519115,0.6
ridge,2022-08-31,2,10,-0.017880768140212323,-0.02100175216943767,0.3
ridge,2022-08-31,3,10,0.00831807663955939,-0.0006662672582668505,0.5
ridge,2022-08-31,4,10,0.02938474608211409,0.01567416961823731,0.7
ridge,2022-08-31,5,10,-0.014315715750581626,-0.018733290130032054,0.4
ridge,2022-09-30,1,10,-0.0025383833041908053,-0.02980545840047366,0.4
ridge,2022-09-30,2,10,-0.016698720340911043,0.008094723951452165,0.6
ridge,2022-09-30,3,10,0.005277475247038898,0.0,0.5
ridge,2022-09-30,4,10,-0.003159321354458422,0.006457244969187315,0.5
ridge,2022-09-30,5,10,0.0028209324970560833,0.002891184693652238,0.5
ridge,2022-10-31,1,10,-0.04301401815915447,-0.054824048367318134,0.3
ridge,2022-10-31,2,10,-0.005711562292491657,0.0,0.5
ridge,2022-10-31,3,10,0.03272853760544485,0.024728810474270224,0.8
ridge,2022-10-31,4,10,-0.023685066426740932,-0.023652946555109855,0.4
ridge,2022-10-31,5,10,0.007069086091684817,-0.0014218889522799039,0.5
ridge,2022-11-30,1,10,-0.007583938578994287,0.005093335333316629,0.6
ridge,2022-11-30,2,10,-0.005572872805518969,-0.003917358847147057,0.5
ridge,2022-11-30,3,10,-0.009066289922225312,0.0047320492060581865,0.5
ridge,2022-11-30,4,10,-0.004028640376843429,0.005269073627396537,0.6
ridge,2022-11-30,5,10,-0.05414814534301875,-0.025415135113560916,0.3
ridge,2022-12-30,1,10,-0.032641804571949797,-0.02859581480305262,0.3
ridge,2022-12-30,2,10,-0.00837566526594553,-0.0295423023747986,0.4
ridge,2022-12-30,3,10,0.006242407580470533,-0.005431123104544633,0.5
ridge,2022-12-30,4,10,0.022364740158981388,0.009981049442266632,0.6
ridge,2022-12-30,5,10,0.11864509332992959,0.0586408372307593,0.7
ridge,2023-01-31,1,10,-0.014747676503595764,-0.02206540060639184,0.3
ridge,2023-01-31,2,10,0.005994933748098308,0.015022266157232622,0.6
ridge,2023-01-31,3,10,-0.008178404400136608,0.000610386167053778,0.5
ridge,2023-01-31,4,10,0.022995802070136028,0.026476190763052965,0.6
ridge,2023-01-31,5,10,0.05414705941329808,0.0,0.5
ridge,2023-02-28,1,10,0.0058520030902765256,0.0010991962483053452,0.5
ridge,2023-02-28,2,10,0.0010385527829621544,-0.0010301004089120491,0.5
ridge,2023-02-28,3,10,-0.03136751967258049,-0.010417747474347094,0.4
ridge,2023-02-28,4,10,-0.0027748471452868186,0.013280968949465843,0.6
ridge,2023-02-28,5,10,0.01903072318242598,-0.0028426153338215743,0.5
ridge,2023-03-31,1,10,-0.005887735870754718,0.002686572845317481,0.5
ridge,2023-03-31,2,10,-0.02849935160911927,-0.02120836655747743,0.5
ridge,2023-03-31,3,10,0.018327814191256186,0.004854079292682667,0.6
ridge,2023-03-31,4,10,0.0058463702851157765,0.00962326239905087,0.7
ridge,2023-03-31,5,10,-0.03251605074175988,-0.026995060006944516,0.2
ridge,2023-04-28,1,10,0.024663339403852413,-0.0020615120705607115,0.5
ridge,2023-04-28,2,10,0.03280691877417522,-0.00039818244205436226,0.5
ridge,2023-04-28,3,10,-0.0009792935320618202,-0.010702398397094415,0.3
ridge,2023-04-28,4,10,0.03216830230176913,0.011777091790303118,0.6
ridge,2023-04-28,5,10,0.0823200995417582,0.02812111624003527,0.6
ridge,2023-05-31,1,10,0.002176616079345295,-0.006881151438120181,0.4
ridge,2023-05-31,2,10,-0.00706338334072878,0.001307763925119776,0.5
ridge,2023-05-31,3,10,0.0008651531152298553,0.003488076625659864,0.5
ridge,2023-05-31,4,10,-0.0027698477249262663,-0.005368585895562772,0.5
ridge,2023-05-31,5,10,0.015137490126325148,0.005363486755892377,0.6
ridge,2023-06-30,1,10,-0.004866769596757281,-0.007346620266984405,0.4
ridge,2023-06-30,2,10,-0.013564608575781612,-0.0025693593754541055,0.5
ridge,2023-06-30,3,10,-0.00012775573758285751,-0.0054281284638898475,0.5
ridge,2023-06-30,4,10,0.026212714365915945,0.0018425490449789361,0.5
ridge,2023-06-30,5,10,0.04501682399820548,0.05957984952699791,0.6
ridge,2023-07-31,1,10,0.0066530648999451715,0.008225419443033233,0.6
ridge,2023-07-31,2,10,-0.011274679159174027,-0.029604558458876162,0.3
ridge,2023-07-31,3,10,0.008093832856310457,0.003902763300199674,0.7
ridge,2023-07-31,4,10,0.016024506624084934,-0.010953085287259856,0.4
ridge,2023-07-31,5,10,-0.0013158451066954458,0.0,0.5
ridge,2023-08-31,1,10,0.0074466694926689225,0.004037462301757222,0.5
ridge,2023-08-31,2,10,-0.017963364682325678,-0.02199489263907567,0.3
ridge,2023-08-31,3,10,0.002824246572235389,0.009253908575829528,0.5
ridge,2023-08-31,4,10,-0.014676220985481648,-0.003835838670606828,0.5
ridge,2023-08-31,5,10,0.009057175316245747,0.01465800378823201,0.7
ridge,2023-09-29,1,10,-0.01474031157796023,-0.014804830040365202,0.4
ridge,2023-09-29,2,10,0.004381676344695129,0.016439535885753753,0.6
ridge,2023-09-29,3,10,-0.004716892330581912,0.003900624130347141,0.5
ridge,2023-09-29,4,10,0.014340125989244622,0.02497911476560094,0.6
ridge,2023-09-29,5,10,0.004872080902551368,-0.007852531775352334,0.4
ridge,2023-10-31,1,10,-0.0008980246856602258,0.0,0.5
ridge,2023-10-31,2,10,-0.027708297515149048,-0.01152921105683602,0.4
ridge,2023-10-31,3,10,-0.028677750177522054,-0.008133699092894076,0.4
ridge,2023-10-31,4,10,0.00022634890274715326,0.004730172103757702,0.5
ridge,2023-10-31,5,10,0.02234563788349373,0.033245136360714245,0.7
ridge,2023-11-30,1,10,0.0183393761938452,0.004952487897141422,0.5
ridge,2023-11-30,2,10,0.012941152619284024,0.019342282435484193,0.6
ridge,2023-11-30,3,10,0.017877001217385845,-0.007551870693686125,0.5
ridge,2023-11-30,4,10,-0.0029028392082529053,-0.00763502555058071,0.5
ridge,2023-11-30,5,10,-0.009791247921527635,-0.01093154854021161,0.4
ridge,2023-12-29,1,10,0.005877673643058312,-0.0038891933295578385,0.5
ridge,2023-12-29,2,10,-0.005484699086075906,-0.011993244481927123,0.4
ridge,2023-12-29,3,10,0.0028363033523198023,0.008792121162264577,0.6
ridge,2023-12-29,4,10,-0.017632694075120213,-0.012134976033254807,0.4
ridge,2023-12-29,5,10,0.01914251585171569,0.03365705214355341,0.6
ridge,2024-01-31,1,10,0.013034199387620727,-0.0050268496817263975,0.4
ridge,2024-01-31,2,10,-0.01833704931526222,-0.011848551349939007,0.4
ridge,2024-01-31,3,10,0.005674658524914567,0.017749171573637423,0.6
ridge,2024-01-31,4,10,0.020184824017786963,0.02629284859901948,0.5
ridge,2024-01-31,5,10,0.028028904328490124,0.00901885966833893,0.6
ridge,2024-02-29,1,10,-0.03218511394617733,-0.0454556066981156,0.1
ridge,2024-02-29,2,10,0.026455931282039758,0.013929169387100204,0.6
ridge,2024-02-29,3,10,-0.011923807981972923,0.00038936993949578724,0.6
ridge,2024-02-29,4,10,0.025791695491382695,0.014683844261587753,0.7
ridge,2024-02-29,5,10,0.007269156548914213,0.006710429676896279,0.5
ridge,2024-03-28,1,10,-0.0407124832000688,-0.037251135716487194,0.2
ridge,2024-03-28,2,10,0.01929685570488343,0.015598326087348735,0.7
ridge,2024-03-28,3,10,0.008537771811040462,0.019047151271586016,0.6
ridge,2024-03-28,4,10,-0.0006984558001152941,0.0032179020926234037,0.6
ridge,2024-03-28,5,10,-0.021084933168913078,-0.010281726802402136,0.4
ridge,2024-04-30,1,10,0.002693773242954911,-0.011112554949293973,0.4
ridge,2024-04-30,2,10,0.0272466343619711,0.004841570078688795,0.5
ridge,2024-04-30,3,10,0.03750576307428958,0.03298025591177034,0.6
ridge,2024-04-30,4,10,-0.009530400534504302,-0.009113058918061745,0.4
ridge,2024-04-30,5,10,0.028360338439478106,0.01617878319708832,0.6
ridge,2024-05-31,1,10,0.008108971730724335,-0.002135147031833373,0.5
ridge,2024-05-31,2,10,0.012690675246467931,-0.014798063093757419,0.4
ridge,2024-05-31,3,10,0.01362518422814384,0.004185827828941058,0.5
ridge,2024-05-31,4,10,-0.023700670800385827,0.008045969144219178,0.6
ridge,2024-05-31,5,10,0.04459179647092769,0.0027890930638082567,0.5
ridge,2024-06-28,1,10,0.020880563318622158,0.01746408292048829,0.7
ridge,2024-06-28,2,10,-0.012350394713157298,-0.020833415104587305,0.4
ridge,2024-06-28,3,10,-0.002572682388395664,0.008013543401328982,0.5
ridge,2024-06-28,4,10,-0.012907338085894749,0.012075912710107883,0.5
ridge,2024-06-28,5,10,-0.016930239953713046,-0.012076240490050849,0.4
ridge,2024-07-31,1,10,-0.025008510397865204,-0.014748814411235767,0.4
ridge,2024-07-31,2,10,-0.003046758161001062,0.00405473507866283,0.6
ridge,2024-07-31,3,10,-0.006816683188199446,-0.009444463810994841,0.4
ridge,2024-07-31,4,10,0.023351139165977263,0.008917088002722617,0.7
ridge,2024-07-31,5,10,-0.024684343976307845,-0.032750846932625366,0.4
ridge,2024-08-30,1,10,0.008746331231517523,0.0028787881959057016,0.7
ridge,2024-08-30,2,10,0.015536304853193206,0.010081757171103822,0.5
ridge,2024-08-30,3,10,0.011463278003125344,0.010465222137053809,0.6
ridge,2024-08-30,4,10,0.006310416216078152,-0.012757347897172866,0.3
ridge,2024-08-30,5,10,0.01095737537616891,-0.021782051993532003,0.4
ridge,2024-09-30,1,10,0.013104304143030088,0.006804421113496106,0.7
ridge,2024-09-30,2,10,-0.016198855259974877,-0.007430711494253395,0.4
ridge,2024-09-30,3,10,-0.0044259620559277905,-0.002523224783438527,0.4
ridge,2024-09-30,4,10,-0.01081713429528941,-0.013198859472411228,0.4
ridge,2024-09-30,5,10,0.027436014631777594,0.007057974139786982,0.6
ridge,2024-10-31,1,10,-0.01830378784662452,-0.00976810006048634,0.5
ridge,2024-10-31,2,10,-0.021514788905799408,0.0009351312664112044,0.5
ridge,2024-10-31,3,10,0.004366026398723033,0.014415015214546578,0.5
ridge,2024-10-31,4,10,0.020310735751501295,0.01829844271907355,0.7
ridge,2024-10-31,5,10,0.015620362130380538,-0.03198417018018529,0.3
ridge,2024-11-29,1,10,0.017682575220224383,0.01780560770531836,0.6
ridge,2024-11-29,2,10,-0.018276609906703777,-0.020453961994938485,0.3
ridge,2024-11-29,3,10,0.029328604280398362,0.014781592339176308,0.7
ridge,2024-11-29,4,10,-0.022122490258828908,-0.025939837983222247,0.2
ridge,2024-11-29,5,10,0.07004181519763822,0.020050909611141976,0.7
ridge,2024-12-31,1,10,-0.01917952976878353,-0.015260542388266907,0.4
ridge,2024-12-31,2,10,0.021850043921933803,0.001159661182686289,0.5
ridge,2024-12-31,3,10,-0.01261320894686957,-0.028036319669564325,0.3
ridge,2024-12-31,4,10,-0.006647150065080187,0.024746934069306947,0.6
ridge,2024-12-31,5,10,-0.001705310410057914,0.02072896856560713,0.7
ridge,2025-01-31,1,10,0.02153893635577766,0.02583213165638254,0.6
ridge,2025-01-31,2,10,0.022411548678321104,0.0400690362676816,0.7
ridge,2025-01-31,3,10,-0.012115595734341922,-0.023542045778289,0.4
ridge,2025-01-31,4,10,0.007813246390569984,-0.007938434130143834,0.4
ridge,2025-01-31,5,10,-0.045547877610921085,-0.02499240912686529,0.4
ridge,2025-02-28,1,10,0.00449763448261935,0.005072280973886789,0.5
ridge,2025-02-28,2,10,0.014957687918660988,0.013515802867291149,0.7
ridge,2025-02-28,3,10,0.017934136028052716,0.014239136327712343,0.7
ridge,2025-02-28,4,10,-0.00017169910616819938,-0.01112536865190017,0.4
ridge,2025-02-28,5,10,-0.039322945174428914,-0.045148684215359225,0.2
ridge,2025-03-31,1,10,0.01607417543996248,0.01143157442366416,0.7
ridge,2025-03-31,2,10,-0.017185477688419416,-0.003294936474335708,0.4
ridge,2025-03-31,3,10,0.030722843859573756,0.012472153769835403,0.5
ridge,2025-03-31,4,10,-0.0227905172617467,-0.031496994471691686,0.3
ridge,2025-03-31,5,10,0.021615388525936308,0.030685364009420013,0.6
ridge,2025-04-30,1,10,-0.013744039497870753,-0.02687175268442732,0.2
ridge,2025-04-30,2,10,-0.020527823022859125,0.005724857982775222,0.5
ridge,2025-04-30,3,10,-0.013620380577361858,-0.013728272052955792,0.5
ridge,2025-04-30,4,10,-0.007386864952816108,-0.003627646617298086,0.5
ridge,2025-04-30,5,10,0.05995909497116242,0.07610596225484345,0.8
ridge,2025-05-30,1,10,-0.03210681273811582,-0.035145340335494435,0.3
ridge,2025-05-30,2,10,-0.024553307036863748,-0.02480767792943439,0.3
ridge,2025-05-30,3,10,0.035437854418082906,0.010979055613650424,0.6
ridge,2025-05-30,4,10,0.012355523702381965,0.025700178787431693,0.6
ridge,2025-05-30,5,10,0.012367039330159401,0.02792402332313615,0.7
ridge,2025-06-30,1,10,0.0018102927718115613,0.008232678543354188,0.6
ridge,2025-06-30,2,10,-0.04923334193655469,-0.045932512968296146,0.2
ridge,2025-06-30,3,10,0.027914573568748113,0.022500041295343554,0.6
ridge,2025-06-30,4,10,-0.003610371734494455,0.00030032681650893345,0.5
ridge,2025-06-30,5,10,0.0020287822632252483,0.005889163614614112,0.6
ridge,2025-07-31,1,10,0.01975904951793648,0.020651727715999102,0.7
ridge,2025-07-31,2,10,0.008409026377630014,-0.006842171956112697,0.5
ridge,2025-07-31,3,10,-0.013607065047742095,-0.023709658762888663,0.4
ridge,2025-07-31,4,10,0.01348208324303889,0.012152067665840982,0.7
ridge,2025-07-31,5,10,-0.008955701468971266,-0.010040196326211226,0.2
ridge,2025-08-29,1,10,0.02150709909317535,0.0010259864994880408,0.5
ridge,2025-08-29,2,10,-0.00464675722790997,-0.030257410552167463,0.4
ridge,2025-08-29,3,10,0.0022238235171467835,-0.015914982187407556,0.4
ridge,2025-08-29,4,10,-0.010958828294045675,-0.015293482014953896,0.5
ridge,2025-08-29,5,10,0.07031390670676582,0.05036398097864847,0.7
ridge,2025-09-30,1,10,-0.013699804637463531,-0.01588485773314713,0.4
ridge,2025-09-30,2,10,-0.012666224513202484,-0.004412517493485979,0.3
ridge,2025-09-30,3,10,-0.02253261613462563,-0.02827058046218922,0.2
ridge,2025-09-30,4,10,0.03638933650083095,0.03440265955590249,0.7
ridge,2025-09-30,5,10,0.0744088911967308,0.050441777134300425,0.9
ridge,2025-10-31,1,10,-0.008335037548477354,0.0061358768457172586,0.6
ridge,2025-10-31,2,10,-0.004216614693755116,-0.026507560335230274,0.4
ridge,2025-10-31,3,10,0.006884699230771452,0.004778559083828626,0.6
ridge,2025-10-31,4,10,0.007472186167956574,0.004061393987115469,0.6
ridge,2025-10-31,5,10,-0.014673236718865567,-0.013736665787546454,0.3
ridge,2025-11-28,1,10,0.002136238690999004,-0.0004031453168045762,0.5
ridge,2025-11-28,2,10,-0.0033361850759877965,-0.010786743695609724,0.3
ridge,2025-11-28,3,10,-0.0030639389036551832,-0.0032407704177425667,0.5
ridge,2025-11-28,4,10,0.0032224280451577324,0.008458046436328193,0.6
ridge,2025-11-28,5,10,-0.002728610136853138,0.005566430284316026,0.6
ridge,2025-12-31,1,10,-0.007077582416226258,0.0051236928325105735,0.5
ridge,2025-12-31,2,10,-0.027231594790354263,-0.0323000820338305,0.4
ridge,2025-12-31,3,10,0.02994519853091625,0.03373251444031611,0.7
ridge,2025-12-31,4,10,-0.0125099154892381,-0.0014508141847938694,0.5
ridge,2025-12-31,5,10,-0.03868173943669837,-0.058813213029044575,0.4
ridge,2026-01-30,1,10,-0.0023660228355997905,0.007825357421436974,0.6
ridge,2026-01-30,2,10,-0.006772544830398264,0.01151694548023674,0.5
ridge,2026-01-30,3,10,0.01672959229487503,0.02070122808634145,0.5
ridge,2026-01-30,4,10,0.023157917874184288,0.05155791744638527,0.6
ridge,2026-01-30,5,10,-0.00827105893078044,-0.034723465209811843,0.3
ridge,2026-02-27,1,10,0.016914101943173908,0.00889702684910565,0.6
ridge,2026-02-27,2,10,-0.007115303622403224,-0.008680153983537386,0.3
ridge,2026-02-27,3,10,-0.009156406912084436,-0.0007663817767076253,0.5
ridge,2026-02-27,4,10,0.039035848308216284,0.01577519673391453,0.6
ridge,2026-02-27,5,10,-0.002410475177785565,-0.006639671184519025,0.5
ridge,2026-03-31,1,10,0.015270353344971621,-0.005519975152968537,0.5
ridge,2026-03-31,2,10,0.0399018508843275,0.010461218917837356,0.6
ridge,2026-03-31,3,10,0.016727113008828863,-0.00549697397557336,0.5
ridge,2026-03-31,4,10,0.0628732453349379,-0.010961729858677272,0.4
ridge,2026-03-31,5,10,0.028309649750263743,0.016947576245449847,0.5
ridge,2026-04-30,1,10,0.04097268429472724,-0.003612440743884393,0.4
ridge,2026-04-30,2,10,-0.0027086633012264882,0.0021796444352401023,0.6
ridge,2026-04-30,3,10,-0.00194674588952356,-0.0011475976140058464,0.4
ridge,2026-04-30,4,10,0.03895669151399915,0.010782943385898747,0.5
ridge,2026-04-30,5,10,0.09431930136898146,0.05289092415581487,0.6
ridge,2026-05-29,1,10,0.029453145540315518,0.01596233126899238,0.5
ridge,2026-05-29,2,10,0.005660877080178428,0.03639056899650045,0.6
ridge,2026-05-29,3,10,0.006448962981882989,0.025974647787360305,0.6
ridge,2026-05-29,4,10,-0.026166197134192836,-0.020708054154900124,0.4
ridge,2026-05-29,5,10,-0.053444341748472034,-0.01747878794635538,0.4
