signal_date,execution_date,strategy_name,pre_trade_nav,post_cost_investable_value,cash_before,cash_after,transaction_cost,transaction_cost_fraction,buy_notional,sell_notional,traded_notional,two_way_turnover,one_way_turnover,holdings_before,holdings_after,maximum_target_weight,maximum_sector_target_weight
2020-01-31,2020-02-03,elastic_net_score_weighted,1000000.0,999000.999000998,1000000.0,1.1374368114047684e-09,999.0009990009979,0.000999000999000998,999000.999000998,-0.0,999000.9990009979,0.9990009990009978,0.999000999000998,0,25,0.05,0.19385384272535341
2020-01-31,2020-02-03,elastic_net_top20_equal_weight,1000000.0,999000.999000998,1000000.0,1.020907802740112e-09,999.000999000998,0.0009990009990009981,999000.9990009982,-0.0,999000.999000998,0.999000999000998,0.9990009990009983,0,20,0.05,0.2
2020-01-31,2020-02-03,momentum_3m_top20_equal_weight,1000000.0,999000.999000998,1000000.0,1.020907802740112e-09,999.000999000998,0.0009990009990009981,999000.9990009982,-0.0,999000.999000998,0.999000999000998,0.9990009990009983,0,20,0.05,0.15000000000000002
2020-01-31,2020-02-03,ridge_top20_equal_weight,1000000.0,999000.999000998,1000000.0,1.020907802740112e-09,999.000999000998,0.0009990009990009981,999000.9990009982,-0.0,999000.999000998,0.999000999000998,0.9990009990009983,0,20,0.05,0.15000000000000002
2020-01-31,2020-02-03,universe_equal_weight,1000000.0,999000.999000998,1000000.0,9.043787940754555e-10,999.0009990009981,0.0009990009990009981,999000.9990009981,-0.0,999000.9990009981,0.9990009990009981,0.9990009990009981,0,50,0.02,0.16
2020-02-28,2020-03-02,elastic_net_score_weighted,934813.3886402929,934187.0435776336,1.1374368114047684e-09,-6.313030098681338e-10,626.345062660219,0.0006700214933498674,312859.35879878036,313485.7038614386,626345.062660219,0.6700214933498674,0.33534575742160755,25,25,0.05,0.20097855686644517
2020-02-28,2020-03-02,elastic_net_top20_equal_weight,930996.197071842,930217.2084678598,1.020907802740112e-09,-7.120888767531142e-09,778.988603989264,0.000836725871103802,389104.80769264145,389883.79629662266,778988.603989264,0.836725871103802,0.41878129848744866,20,20,0.05,0.2
2020-02-28,2020-03-02,momentum_3m_top20_equal_weight,939466.6208844556,939245.8032037567,1.020907802740112e-09,3.30712168761238e-09,220.81768069551234,0.00023504579703707276,110298.43150740728,110519.24918810508,220817.68069551233,0.23504579703707276,0.11764042141705615,20,20,0.05,0.15000000000000002
2020-02-28,2020-03-02,ridge_top20_equal_weight,926048.2926724841,925269.9596097497,1.020907802740112e-09,-8.809593055048026e-10,778.333062735103,0.0008404886320657322,388777.3648361849,389555.69789891806,778333.062735103,0.8404886320657322,0.42066456034889793,20,20,0.05,0.2
2020-02-28,2020-03-02,universe_equal_weight,925339.131335366,925300.307931731,9.043787940754555e-10,-3.6940335235158273e-09,38.82340363875631,4.1955864962427204e-05,19392.29011756106,19431.113521195246,38823.40363875631,0.0419558649624272,0.020998910413692343,50,50,0.02,0.16
2020-03-31,2020-04-01,elastic_net_score_weighted,788283.1508883843,787583.4510137925,-6.313030098681338e-10,1.4210854715202004e-10,699.6998745916387,0.0008876250542753407,349500.08735852316,350199.7872331156,699699.8745916387,0.8876250542753407,0.44425633966480854,25,25,0.05,0.15104171330661403
2020-03-31,2020-04-01,elastic_net_top20_equal_weight,775560.3333323569,774836.5961962126,-7.120888767531142e-09,-9.413724910700694e-09,723.7371361537212,0.0009331796702959697,361506.69950878475,362230.4366449362,723737.1361537211,0.9331796702959697,0.46705642498313127,20,20,0.05,0.15000000000000002
2020-03-31,2020-04-01,momentum_3m_top20_equal_weight,792916.0515635645,792181.7996021471,3.30712168761238e-09,1.1726797310984693e-09,734.2519614162071,0.0009260147527198161,366758.8547273966,367493.1066888106,734251.9614162071,0.9260147527198161,0.46347038373626664,20,20,0.05,0.15000000000000002
2020-03-31,2020-04-01,ridge_top20_equal_weight,771435.6085492196,770715.7205223884,-8.809593055048026e-10,-9.322775440523401e-09,719.8880268405287,0.0009331796702959661,359584.0694068484,360303.95743368036,719888.0268405287,0.9331796702959662,0.46705642498312555,20,20,0.05,0.15000000000000002
2020-03-31,2020-04-01,universe_equal_weight,788923.7336481003,788842.7977924502,-3.6940335235158273e-09,2.9561988412751816e-09,80.93585564703756,0.0001025902152452407,40427.45989569182,40508.395751345735,80935.85564703755,0.1025902152452407,0.051346402730247334,50,50,0.02,0.16
2020-04-30,2020-05-01,elastic_net_score_weighted,933307.8274714272,932645.8000521644,1.4210854715202004e-10,1.8388846001471393e-09,662.0274192609596,0.0007093344765516041,330682.6959208484,331344.7233401111,662027.4192609596,0.7093344765516041,0.3550219055140787,25,25,0.05,0.18289722556878416
2020-04-30,2020-05-01,elastic_net_top20_equal_weight,918517.0142960835,917814.7905401012,-9.413724910700694e-09,-7.02016222930979e-10,702.2237559829408,0.0007645190508758277,350760.76611347456,351462.9898694663,702223.7559829408,0.7645190508758277,0.38264178496335655,20,20,0.05,0.15000000000000002
2020-04-30,2020-05-01,momentum_3m_top20_equal_weight,905238.830846585,905001.469143699,1.1726797310984693e-09,8.314970045830705e-09,237.361702877513,0.0002622089274004418,118562.17058731418,118799.53229019887,237361.70287751302,0.2622089274004418,0.1312355681639251,20,20,0.05,0.15000000000000002
2020-04-30,2020-05-01,ridge_top20_equal_weight,913631.9915199423,912933.5024569359,-9.322775440523401e-09,-3.7471181713044643e-10,698.4890630066184,0.0007645190508758275,348895.28697180137,349593.776034817,698489.0630066184,0.7645190508758275,0.3826417849633566,20,20,0.05,0.2
2020-04-30,2020-05-01,universe_equal_weight,911922.6395745941,911870.8934244975,2.9561988412751816e-09,-9.384280019730795e-10,51.74615009746759,5.67440129807577e-05,25847.20197368694,25898.948123780643,51746.15009746759,0.056744012980757694,0.02840037849686716,50,50,0.02,0.16
2020-05-29,2020-06-01,elastic_net_score_weighted,987940.7575053305,987149.152559175,1.8388846001471393e-09,4.1263774619437754e-09,791.6049461513239,0.0008012676267656188,395406.67060258513,396198.27554873883,791604.946151324,0.8012676267656189,0.40103444719619347,25,25,0.05,0.15755590376547995
2020-05-29,2020-06-01,elastic_net_top20_equal_weight,972049.717089564,971145.7410598684,-7.02016222930979e-10,9.338123163615819e-09,903.9760296862556,0.0009299689242160069,451536.0268282797,452440.00285797584,903976.0296862556,0.9299689242160069,0.4654494465701165,20,20,0.05,0.15000000000000002
2020-05-29,2020-06-01,momentum_3m_top20_equal_weight,962619.7749225454,962111.7765081997,8.314970045830705e-09,3.0112232707324438e-09,507.9984143426565,0.0005277248894907973,253745.20796415955,254253.20637849686,507998.41434265644,0.5277248894907973,0.26412630719014124,20,20,0.05,0.2
2020-05-29,2020-06-01,ridge_top20_equal_weight,968442.0929861217,967538.4258849004,-3.7471181713044643e-10,-8.191136657842435e-10,903.6671012218618,0.000933114233433895,451381.71706032014,452285.3841615416,903667.1012218618,0.933114233433895,0.4670236738336642,20,20,0.05,0.15000000000000002
2020-05-29,2020-06-01,universe_equal_weight,973631.2068790832,973586.6047981693,-9.384280019730795e-10,-8.334552603628254e-09,44.60208092217721,4.5810036292023264e-05,22278.739420631202,22323.341501546,44602.08092217721,0.04581003629202326,0.02292792316415385,50,50,0.02,0.16
2020-06-30,2020-07-01,elastic_net_score_weighted,1035110.3828490246,1034112.5603283148,4.1263774619437754e-09,6.298932930803858e-09,997.8225207035305,0.0009639769219173867,498412.3490914123,499410.17161211796,997822.5207035304,0.9639769219173867,0.482470449419653,25,25,0.05,0.17861776043516264
2020-06-30,2020-07-01,elastic_net_top20_equal_weight,1020110.3138741149,1019042.2503459454,9.338123163615819e-09,-8.19431988929864e-09,1068.063528177723,0.0010470078712580546,533497.7323247815,534565.7958529416,1068063.5281777228,1.0470078712580544,0.5240274395646477,20,20,0.05,0.2
2020-06-30,2020-07-01,momentum_3m_top20_equal_weight,1000726.9756408769,999707.9919383093,3.0112232707324438e-09,3.7239260564092547e-09,1018.9837025639149,0.0010182434643688366,508982.3594306751,510001.34313323966,1018983.7025639149,1.0182434643688367,0.509630853916603,20,20,0.05,0.2
2020-06-30,2020-07-01,ridge_top20_equal_weight,1014187.0086192371,1013026.3771449525,-8.191136657842435e-10,-2.724846126511693e-09,1160.6314742872964,0.001144395919513341,579735.4214065054,580896.0528807909,1160631.4742872964,1.1443959195133409,0.5727701577164261,20,20,0.05,0.2
2020-06-30,2020-07-01,universe_equal_weight,995883.5324715282,995833.4017307432,-8.334552603628254e-09,5.709850370294589e-10,50.13074078435256,5.033795534297157e-05,25040.305021779648,25090.435762572906,50130.74078435256,0.050337955342971565,0.02519414664916174,50,50,0.02,0.16
2020-07-31,2020-08-03,elastic_net_score_weighted,1091817.9326104224,1091118.9898546808,6.298932930803858e-09,-6.900677362864371e-09,698.9427557486664,0.000640164202173862,349121.90649646544,349820.8492522009,698942.7557486664,0.6401642021738619,0.32040218318801184,25,25,0.05,0.17533799134315922
2020-07-31,2020-08-03,elastic_net_top20_equal_weight,1074032.4284666213,1073215.9935029615,-8.19431988929864e-09,4.133994480071124e-09,816.434963655715,0.0007601585780992907,407809.26434602356,408625.69930969155,816434.963655715,0.7601585780992907,0.38045936833870075,20,20,0.05,0.2
2020-07-31,2020-08-03,momentum_3m_top20_equal_weight,1085186.6254867145,1084595.6418323647,3.7239260564092547e-09,-7.3945329859270714e-09,590.983654357204,0.0005445917231906018,295196.33535142895,295787.31900577503,590983.654357204,0.5445917231906017,0.272568157456891,20,20,0.05,0.15000000000000002
2020-07-31,2020-08-03,ridge_top20_equal_weight,1067691.923054593,1066880.3078805117,-2.724846126511693e-09,3.900481715390924e-09,811.615174077276,0.0007601585780992902,405401.779451596,406213.39462567994,811615.174077276,0.7601585780992901,0.38045936833869776,20,20,0.05,0.2
2020-07-31,2020-08-03,universe_equal_weight,1056237.0099960107,1056173.610188317,5.709850370294589e-10,3.0152875751809916e-09,63.399807690654285,6.0024224762673046e-05,31668.2039414805,31731.60374917378,63399.807690654285,0.06002422476267305,0.030042124493719104,50,50,0.02,0.16
2020-08-31,2020-09-01,elastic_net_score_weighted,1195680.7436563303,1195038.0283738107,-6.900677362864371e-09,-6.220943760126829e-10,642.7152825202029,0.0005375308466997742,321036.28361883824,321678.9989013646,642715.2825202029,0.5375308466997742,0.2690341887732396,25,25,0.05,0.1516650712093814
2020-08-31,2020-09-01,elastic_net_top20_equal_weight,1178894.3329997375,1178094.6089374847,4.133994480071124e-09,-4.889557203568984e-09,799.7240622576793,0.0006783678908887056,399462.1690977153,400261.89315996383,799724.0622576793,0.6783678908887056,0.33952312938979323,20,20,0.05,0.2
2020-08-31,2020-09-01,momentum_3m_top20_equal_weight,1209794.9603345192,1209022.9334004624,-7.3945329859270714e-09,2.6943780540023e-10,772.0269340562734,0.000638146925196978,385627.4535611046,386399.4804951687,772026.9340562733,0.6381469251969779,0.3193925360610907,20,20,0.05,0.15000000000000002
2020-08-31,2020-09-01,ridge_top20_equal_weight,1171934.7797306932,1171139.776805913,3.900481715390924e-09,-4.9014943215297535e-09,795.00292478503,0.0006783678908887055,397103.9609301269,397898.963854903,795002.92478503,0.6783678908887054,0.33952312938979323,20,20,0.05,0.2
2020-08-31,2020-09-01,universe_equal_weight,1138340.7749614972,1138271.198108492,3.0152875751809916e-09,7.4742985134435e-09,69.57685299774123,6.112128681333986e-05,34753.63807236955,34823.21492537168,69576.85299774123,0.06112128681333985,0.030591204050078525,50,50,0.02,0.16
2020-09-30,2020-10-01,elastic_net_score_weighted,1148333.8842226034,1147822.0135530187,-6.220943760126829e-10,-2.165506884921342e-09,511.87066958711966,0.0004457507320997018,255679.39945876706,256191.27012835257,511870.66958711966,0.4457507320997018,0.22309824141590004,25,25,0.05,0.15
2020-09-30,2020-10-01,elastic_net_top20_equal_weight,1132320.4034052803,1131697.183413132,-4.889557203568984e-09,-1.446665010007564e-09,623.2199921496709,0.0005503919122851025,311298.38607875886,311921.6060709121,623219.992149671,0.5503919122851025,0.2754711520986954,20,20,0.05,0.15000000000000002
2020-09-30,2020-10-01,momentum_3m_top20_equal_weight,1167411.037842875,1166901.9446390418,2.6943780540023e-10,-2.2791368792240974e-09,509.093203835373,0.0004360873654030785,254292.05531576998,254801.148519603,509093.203835373,0.4360873654030785,0.2182617263842398,20,20,0.05,0.2
2020-09-30,2020-10-01,ridge_top20_equal_weight,1125635.7973769584,1125016.2565379038,-4.9014943215297535e-09,-2.482920535840094e-10,619.54083905487,0.0005503919122851023,309460.64910790534,310080.1899469648,619540.8390548701,0.5503919122851023,0.27547115209869577,20,20,0.05,0.15000000000000002
2020-09-30,2020-10-01,universe_equal_weight,1118295.760853038,1118241.3165043232,7.4742985134435e-09,-1.6891164023036254e-09,54.44434871646918,4.86851069478605e-05,27194.952183880832,27249.396532588347,54444.348716469176,0.0486851069478605,0.024366896027400175,50,50,0.02,0.16
2020-10-30,2020-11-02,elastic_net_score_weighted,1119258.797234832,1118463.8495467412,-2.165506884921342e-09,3.2389380066888407e-09,794.9476880876089,0.0007102447530915592,397076.37019975786,397871.317887851,794947.6880876089,0.7102447530915592,0.35547749892232783,25,25,0.05,0.12421095007210414
2020-10-30,2020-11-02,elastic_net_top20_equal_weight,1105074.492164768,1104258.9719538072,-1.446665010007564e-09,9.6167696028715e-10,815.5202109599182,0.0007379775904177898,407352.34537447797,408167.86558544025,815520.2109599182,0.7379775904177898,0.36935778400410485,20,20,0.05,0.15000000000000002
2020-10-30,2020-11-02,momentum_3m_top20_equal_weight,1132661.111731855,1131845.8565883827,-2.2791368792240974e-09,-5.430820237961598e-09,815.2551434776572,0.0007197696954838685,407219.94416709134,408035.1993105658,815255.1434776571,0.7197696954838684,0.3602447325896747,20,20,0.05,0.2
2020-10-30,2020-11-02,ridge_top20_equal_weight,1098550.7312311542,1097740.0254095679,-2.482920535840094e-10,6.391474016709253e-10,810.705821585668,0.0007379775904177896,404947.5578820408,405758.2637036272,810705.821585668,0.7379775904177897,0.3693577840041041,20,20,0.05,0.15000000000000002
2020-10-30,2020-11-02,universe_equal_weight,1088032.670057853,1087988.0079561777,-1.6891164023036254e-09,-6.190461476762721e-09,44.662101681481076,4.1048493221353635e-05,22308.719789902127,22353.38189157894,44662.10168148107,0.041048493221353635,0.020544770857285347,50,50,0.02,0.16
2020-11-30,2020-12-01,elastic_net_score_weighted,1298607.2673138338,1297483.0083431262,3.2389380066888407e-09,5.8626028476282954e-09,1124.2589707017924,0.0008657420907764666,561567.355865544,562691.6148362483,1124258.9707017923,0.8657420907764666,0.43330391643362254,25,25,0.05,0.1609506296334351
2020-11-30,2020-12-01,elastic_net_top20_equal_weight,1278271.7264925446,1277074.0787477056,9.6167696028715e-10,-4.098637873539701e-09,1197.6477448431783,0.0009369273527854748,598225.04854917,599422.6962940079,1197647.7448431782,0.9369273527854747,0.4689321400691279,20,20,0.05,0.2
2020-11-30,2020-12-01,momentum_3m_top20_equal_weight,1284276.6119107376,1283455.257416224,-5.430820237961598e-09,-1.1010570233338512e-09,821.3544945145792,0.000639546408380492,410266.5700100303,411087.92450454895,821354.4945145792,0.6395464083804919,0.32009297739443787,20,20,0.05,0.15000000000000002
2020-11-30,2020-12-01,ridge_top20_equal_weight,1270725.50294747,1269534.9254658804,6.391474016709253e-10,-4.283720045350492e-09,1190.5774815935638,0.0009369273527854746,594693.4520559876,595884.0295375764,1190577.4815935637,0.9369273527854745,0.4689321400691282,20,20,0.05,0.2
2020-11-30,2020-12-01,universe_equal_weight,1226272.0386442842,1226176.5994637997,-6.190461476762721e-09,4.418737375999626e-09,95.4391804800885,7.782871783132405e-05,47671.870649798846,47767.30983028965,95439.1804800885,0.07782871783132406,0.038953273274582055,50,50,0.02,0.16
2020-12-31,2021-01-04,elastic_net_score_weighted,1360365.2271079884,1359599.0170162814,5.8626028476282954e-09,-2.825458977895323e-09,766.2100917101221,0.0005632385159822222,382721.94080921035,383488.1509009118,766210.0917101221,0.5632385159822222,0.281900877249099,25,25,0.05,0.18066290409291136
2020-12-31,2021-01-04,elastic_net_top20_equal_weight,1342737.4933997612,1342015.3334197877,-4.098637873539701e-09,-7.025960258033592e-09,722.15997998048,0.0005378266292035965,360718.9100002511,361441.0699802287,722159.9799804799,0.5378266292035965,0.26918222791639895,20,20,0.05,0.2
2020-12-31,2021-01-04,momentum_3m_top20_equal_weight,1341899.918421019,1341194.0328874737,-1.1010570233338512e-09,-5.83270320930751e-09,705.8855335512318,0.0005260344112561167,352589.82400884264,353295.70954238914,705885.5335512317,0.5260344112561166,0.26328022283368463,20,20,0.05,0.2
2020-12-31,2021-01-04,ridge_top20_equal_weight,1334810.6989025138,1334092.802163705,-4.283720045350492e-09,-7.0335772761609405e-09,717.8967388156357,0.0005378266292035964,358589.4210384113,359307.31777722435,717896.7388156357,0.5378266292035964,0.269182227916399,20,20,0.05,0.2
2020-12-31,2021-01-04,universe_equal_weight,1268091.1876406493,1268038.0220231994,4.418737375999626e-09,4.940737596825784e-09,53.16561744519968,4.1925705314707784e-05,26556.22591387716,26609.391531322522,53165.61744519968,0.04192570531470779,0.020983815510011314,50,50,0.02,0.16
2021-01-29,2021-02-01,elastic_net_score_weighted,1378295.7889704094,1377559.598177508,-2.825458977895323e-09,4.7285766413551755e-09,736.1907928969457,0.0005341312066598434,367727.3010520205,368463.4918449251,736190.7928969457,0.5341312066598435,0.26733266893325436,25,25,0.05,0.19246342492161214
2021-01-29,2021-02-01,elastic_net_top20_equal_weight,1361489.8121928442,1360755.0134452956,-7.025960258033592e-09,-9.1665697254939e-09,734.7987475577672,0.0005397019801229983,367031.9744051058,367766.77315266134,734798.7475577672,0.5397019801229984,0.27012084105155987,20,20,0.05,0.25
2021-01-29,2021-02-01,momentum_3m_top20_equal_weight,1338425.1462130223,1337971.426413027,-5.83270320930751e-09,-2.547551503084833e-09,453.7197999977371,0.000338995274619208,226633.04009886816,227086.75989886894,453719.79999773705,0.338995274619208,0.16966713494691474,20,20,0.05,0.2
2021-01-29,2021-02-01,ridge_top20_equal_weight,1353452.3141678034,1352721.853273854,-7.0335772761609405e-09,-9.157133717963006e-09,730.4608939584181,0.0005397019801229985,364865.21653223084,365595.6774261872,730460.893958418,0.5397019801229984,0.27012084105156,20,20,0.05,0.25
2021-01-29,2021-02-01,universe_equal_weight,1262628.6282872034,1262566.7078278763,4.940737596825784e-09,-3.182108798682748e-09,61.92045933023725,4.9040911906325426e-05,30929.269435457627,30991.189894779618,61920.45933023725,0.049040911906325424,0.024544976409112608,50,50,0.02,0.16
2021-02-26,2021-03-01,elastic_net_score_weighted,1434392.1768596196,1433392.279768983,4.7285766413551755e-09,-6.276763997448143e-09,999.8970906434018,0.0006970876631748803,499448.59677638474,500448.49386701704,999897.0906434018,0.6970876631748804,0.3488923754190237,25,25,0.05,0.1513020971967104
2021-02-26,2021-03-01,elastic_net_top20_equal_weight,1433901.9025900124,1432793.7007250292,-9.1665697254939e-09,-9.961240721167997e-10,1108.2018649839513,0.0007728575176462495,553546.8315594795,554655.0334244717,1108201.8649839512,0.7728575176462494,0.38681518758195077,20,20,0.05,0.15000000000000002
2021-02-26,2021-03-01,momentum_3m_top20_equal_weight,1425236.007146666,1424303.430040355,-2.547551503084833e-09,8.092683856375515e-09,932.5771063031261,0.0006543317048031596,465822.2645984063,466754.8417047197,932577.1063031261,0.6543317048031595,0.3274930182539849,20,20,0.05,0.2
2021-02-26,2021-03-01,ridge_top20_equal_weight,1425436.9228252303,1424335.2631834948,-9.157133717963006e-09,-7.601101970067248e-10,1101.6596417360158,0.0007728575176462494,550278.9910471359,551380.65068888,1101659.641736016,0.7728575176462494,0.38681518758195066,20,20,0.05,0.15000000000000002
2021-02-26,2021-03-01,universe_equal_weight,1307364.6216543068,1307261.8145883302,-3.182108798682748e-09,5.38561550911254e-09,102.80706597116519,7.863687319385748e-05,51352.12945259278,51454.93651857241,102807.06597116518,0.07863687319385748,0.03935775503352891,50,50,0.02,0.16
2021-03-31,2021-04-01,elastic_net_score_weighted,1475433.9591574224,1474690.9406943214,-6.276763997448143e-09,4.092726157978177e-11,743.0184631009643,0.000503593168971982,371137.7223189284,371880.7407820359,743018.4631009642,0.503593168971982,0.2520483810704792,25,25,0.05,0.18493394202605376
2021-03-31,2021-04-01,elastic_net_top20_equal_weight,1478250.3562722,1477598.6836948078,-9.961240721167997e-10,-5.9346803027438e-09,651.6725773980118,0.0004408404669973339,325510.4524103094,326162.12498770223,651672.5773980117,0.4408404669973338,0.2206406537321638,20,20,0.05,0.2
2021-03-31,2021-04-01,momentum_3m_top20_equal_weight,1471541.8372377933,1470470.0433281935,8.092683856375515e-09,5.014953785575926e-09,1071.7939095947568,0.0007283475620418671,535361.0578425827,536432.8517521743,1071793.9095947568,0.7283475620418671,0.3645379548019535,20,20,0.05,0.2
2021-03-31,2021-04-01,ridge_top20_equal_weight,1469523.5672704394,1468875.7418147866,-7.601101970067248e-10,-6.305754141067155e-09,647.8254556590884,0.0004408404669973339,323588.8151017176,324236.64055737085,647825.4556590884,0.44084046699733387,0.2206406537321636,20,20,0.05,0.2
2021-03-31,2021-04-01,universe_equal_weight,1366509.9717614786,1366447.6415314577,5.38561550911254e-09,4.238081885432621e-09,62.33023001644704,4.561271509501041e-05,31133.949893215766,31196.28012323127,62330.230016447036,0.04561271509501041,0.022829163905052362,50,50,0.02,0.16
2021-04-30,2021-05-03,elastic_net_score_weighted,1539705.9657059524,1538543.8574386933,4.092726157978177e-11,-6.079517334001139e-09,1162.108267265398,0.000754759865291925,580473.0794990693,581635.1877663287,1162108.2672653978,0.754759865291925,0.37775731257860656,25,25,0.05,0.1964850069886206
2021-04-30,2021-05-03,elastic_net_top20_equal_weight,1542565.6125612159,1541283.5623280066,-5.9346803027438e-09,-4.775756679009646e-09,1282.0502332140486,0.0008311155277767292,640384.0914904168,641666.1417236318,1282050.2332140487,0.8311155277767293,0.41597332165225326,20,20,0.05,0.2
2021-04-30,2021-05-03,momentum_3m_top20_equal_weight,1526364.3044957616,1525118.2748466386,5.014953785575926e-09,2.1657342585967854e-09,1246.0296491206852,0.0008163383049843493,622391.8097357836,623637.8393849013,1246029.6491206852,0.8163383049843492,0.40857732164466576,20,20,0.05,0.2
2021-04-30,2021-05-03,ridge_top20_equal_weight,1533459.141140407,1532184.6594369984,-6.305754141067155e-09,-4.43128556071315e-09,1274.4817034129594,0.0008311155277767293,636603.6108547724,637878.0925581871,1274481.7034129594,0.8311155277767293,0.41597332165225365,20,20,0.05,0.2
2021-04-30,2021-05-03,universe_equal_weight,1428900.925703426,1428842.6372828393,4.238081885432621e-09,5.108667266995326e-09,58.28842058127244,4.0792485701958624e-05,29115.06608034501,29173.354500927428,58288.42058127244,0.04079248570195862,0.02041663909383069,50,50,0.02,0.16
2021-05-28,2021-06-01,elastic_net_score_weighted,1588397.2001903143,1587143.9560509105,-6.079517334001139e-09,4.204139258945361e-10,1253.2441394033829,0.0007889992120693898,625995.4476319862,627248.6917713966,1253244.1394033828,0.7889992120693898,0.3948941056407318,25,25,0.05,0.165251350506074
2021-05-28,2021-06-01,elastic_net_top20_equal_weight,1588725.5499451256,1587562.406644938,-4.775756679009646e-09,-7.649305189261213e-09,1163.1433001951905,0.0007321234937244922,580990.0784474991,582153.2217476913,1163143.3001951904,0.732123493724492,0.36642780860910734,20,20,0.05,0.15000000000000002
2021-05-28,2021-06-01,momentum_3m_top20_equal_weight,1574628.3135570076,1573962.0062772278,2.1657342585967854e-09,-4.5508841139962897e-10,666.3072797802637,0.0004231521013839186,332820.48625024303,333486.79353002075,666307.2797802637,0.4231521013839186,0.2117876267426505,20,20,0.05,0.15000000000000002
2021-05-28,2021-06-01,ridge_top20_equal_weight,1579346.5752692528,1578190.2985367724,-4.43128556071315e-09,-7.783000910421833e-09,1156.2767324879364,0.0007321234937244918,577560.2278777261,578716.5046102105,1156276.7324879365,0.7321234937244919,0.3664278086091071,20,20,0.05,0.15000000000000002
2021-05-28,2021-06-01,universe_equal_weight,1453825.148628825,1453772.4823863779,5.108667266995326e-09,-4.0038372617345885e-10,52.66624244738362,3.622598116221595e-05,26306.788102470666,26359.454344912956,52666.242447383614,0.036225981162215946,0.018131103571687332,50,50,0.02,0.16
2021-06-30,2021-07-01,elastic_net_score_weighted,1626653.107672182,1625769.332011466,4.204139258945361e-10,-1.052285369951278e-09,883.7756607172823,0.0005433092381829384,441445.94252828346,442329.718188999,883775.6607172823,0.5433092381829383,0.27192627371056016,25,25,0.05,0.1771460491881539
2021-06-30,2021-07-01,elastic_net_top20_equal_weight,1622022.1872285714,1621004.6052891735,-7.649305189261213e-09,-9.460677574679721e-09,1017.5819394070733,0.0006273538965245228,508282.1787338339,509299.76067323925,1017581.9394070732,0.6273538965245227,0.31399062521052307,20,20,0.05,0.2
2021-06-30,2021-07-01,momentum_3m_top20_equal_weight,1579380.337400409,1577928.3212488694,-4.5508841139962897e-10,6.2232174968812615e-09,1452.0161515332925,0.0009193581287223365,725282.0676908765,726734.0838424161,1452016.1515332924,0.9193581287223365,0.46013874342553146,20,20,0.05,0.15000000000000002
2021-06-30,2021-07-01,ridge_top20_equal_weight,1612446.6472504765,1611435.0725633954,-7.783000910421833e-09,-9.332438821729738e-09,1011.5746870904887,0.0006273538965245226,505281.5562017001,506293.1308887887,1011574.6870904887,0.6273538965245226,0.31399062521052296,20,20,0.05,0.2
2021-06-30,2021-07-01,universe_equal_weight,1475849.9678348983,1475783.8067786437,-4.0038372617345885e-10,1.1466454452602193e-09,66.16105625361092,4.482912063932253e-05,33047.447598677914,33113.60865493301,66161.05625361092,0.044829120639322526,0.022436974879981426,50,50,0.02,0.16
2021-07-30,2021-08-02,elastic_net_score_weighted,1648325.0938714182,1647691.042245417,-1.052285369951278e-09,9.044924809131771e-09,634.0516259922069,0.00038466418326679177,316708.78718310216,317342.8388091048,634051.625992207,0.3846641832667918,0.19252442372503245,25,25,0.05,0.14999999999999997
2021-07-30,2021-08-02,elastic_net_top20_equal_weight,1640771.7784920142,1640190.0266893837,-9.460677574679721e-09,2.053639036603272e-09,581.751802628436,0.0003545598542431704,290585.025412898,291166.7772155382,581751.802628436,0.3545598542431704,0.17745720704871043,20,20,0.05,0.15000000000000002
2021-07-30,2021-08-02,momentum_3m_top20_equal_weight,1617049.0433958843,1616206.4518455165,6.2232174968812615e-09,1.208036337629892e-09,842.5915503664435,0.000521067405968689,420874.47940804105,421717.0709584025,842591.5503664435,0.5210674059686891,0.2607942366873273,20,20,0.05,0.15000000000000002
2021-07-30,2021-08-02,ridge_top20_equal_weight,1631085.551087983,1630507.2336327299,-9.332438821729738e-09,1.2014425010420382e-09,578.3174552518967,0.0003545598542431705,288869.568898317,289447.8863535796,578317.4552518968,0.35455985424317055,0.1774572070487101,20,20,0.05,0.15000000000000002
2021-07-30,2021-08-02,universe_equal_weight,1513180.921729234,1513119.8235667362,1.1466454452602193e-09,-1.75100467458833e-09,61.09816249961045,4.0377301631445796e-05,30518.53216855682,30579.630331053628,61098.16249961045,0.040377301631445796,0.020208839466537693,50,50,0.02,0.16
2021-08-31,2021-09-01,elastic_net_score_weighted,1696771.083301131,1695931.378250712,9.044924809131771e-09,-9.605855666450225e-09,839.7050504284578,0.0004948841117652597,419432.67268902395,420272.37773943396,839705.0504284578,0.49488411176525976,0.2476894979385071,25,25,0.05,0.15
2021-08-31,2021-09-01,elastic_net_top20_equal_weight,1690021.653284547,1689276.0712954127,2.053639036603272e-09,-1.275225258723367e-09,745.5819891354714,0.00044116712214097215,372418.20357316977,373163.78556230175,745581.9891354714,0.44116712214097215,0.22080414463155557,20,20,0.05,0.15000000000000002
2021-08-31,2021-09-01,momentum_3m_top20_equal_weight,1664784.6700713874,1664080.207087176,1.208036337629892e-09,8.434426490566693e-09,704.4629842030756,0.0004231556169801033,351879.2606094328,352583.72359364294,704462.9842030756,0.4231556169801033,0.21178938629854385,20,20,0.05,0.15000000000000002
2021-08-31,2021-09-01,ridge_top20_equal_weight,1680044.6813095072,1679303.5008323858,1.2014425010420382e-09,-1.8258106138091534e-10,741.1804771215618,0.00044116712214097205,370219.6483222209,370960.82879934093,741180.4771215618,0.44116712214097203,0.22080414463155607,20,20,0.05,0.15000000000000002
2021-08-31,2021-09-01,universe_equal_weight,1543320.5080279494,1543264.1713720798,-1.75100467458833e-09,8.442569310318504e-09,56.336655861171764,3.650353608866287e-05,28140.159602650227,28196.49625852154,56336.65586117176,0.03650353608866287,0.01827001981237905,50,50,0.02,0.16
2021-09-30,2021-10-01,elastic_net_score_weighted,1676195.5592265711,1675082.476366052,-9.605855666450225e-09,-1.105263436329551e-09,1113.0828605207491,0.0006640531019151172,555984.8888301102,557097.971690639,1113082.8605207491,0.6640531019151172,0.3323585775085186,25,25,0.05,0.14985189978665378
2021-09-30,2021-10-01,elastic_net_top20_equal_weight,1673369.0988684057,1672128.5546174988,-1.275225258723367e-09,-9.396899258717895e-09,1240.5442509163076,0.0007413452607408669,619651.8533326997,620892.3975836077,1240544.2509163076,0.7413452607408668,0.3710433030008013,20,20,0.05,0.15000000000000002
2021-09-30,2021-10-01,momentum_3m_top20_equal_weight,1602578.939345378,1601256.360349764,8.434426490566693e-09,-3.641844159574248e-09,1322.5789956174888,0.0008252816526827292,660628.2083109417,661950.7873065469,1322578.9956174886,0.8252816526827291,0.4130534671677021,20,20,0.05,0.2
2021-09-30,2021-10-01,ridge_top20_equal_weight,1663490.4345501938,1662257.2138002503,-1.8258106138091534e-10,2.203705662395805e-09,1233.2207499415463,0.0007413452607408638,615993.7645958015,617226.9853457451,1233220.7499415462,0.7413452607408638,0.37104330300080307,20,20,0.05,0.15000000000000002
2021-09-30,2021-10-01,universe_equal_weight,1502453.2211583287,1502371.6356527628,8.442569310318504e-09,5.130559088684095e-09,81.58550556073068,5.430152793564625e-05,40751.960027586465,40833.54553314422,81585.50556073069,0.05430152793564626,0.02717791473178996,50,50,0.02,0.16
2021-10-29,2021-11-01,elastic_net_score_weighted,1888802.0042745883,1887746.7208709354,-1.105263436329551e-09,-6.296886567724869e-09,1055.2834036594827,0.0005587051481686531,527114.0601279143,528169.3435315683,1055283.4036594827,0.558705148168653,0.27963192665840936,25,25,0.05,0.14663294058104373
2021-10-29,2021-11-01,elastic_net_top20_equal_weight,1900661.8226137836,1899468.550198128,-9.396899258717895e-09,4.2107330955332145e-09,1193.2724156509887,0.0006278194266089928,596039.571617662,597232.8440333266,1193272.4156509887,0.6278194266089927,0.31422362301780443,20,20,0.05,0.15000000000000002
2021-10-29,2021-11-01,momentum_3m_top20_equal_weight,1790407.4676820044,1789301.1544653522,-3.641844159574248e-09,-8.095184966805391e-09,1106.3132166601179,0.0006179114177246109,552603.4517217309,553709.764938387,1106313.2166601177,0.6179114177246109,0.30926466457116664,20,20,0.05,0.2
2021-10-29,2021-11-01,ridge_top20_equal_weight,1889441.3452303167,1888255.1172483377,2.203705662395805e-09,5.210040399106219e-09,1186.2279819738174,0.0006278194266089906,592520.8769959202,593707.1049778971,1186227.9819738173,0.6278194266089906,0.3142236230178006,20,20,0.05,0.15000000000000002
2021-10-29,2021-11-01,universe_equal_weight,1640151.4150099615,1640059.1749141454,5.130559088684095e-09,1.6844126093928935e-09,92.24009581416973,5.623876854906686e-05,46073.92785917944,46166.16795499029,92240.09581416973,0.05623876854906686,0.028147503658806954,50,50,0.02,0.16
2021-11-30,2021-12-01,elastic_net_score_weighted,1890808.5168887223,1889788.7114227465,-6.296886567724869e-09,7.592689144075848e-09,1019.8054659681836,0.0005393488853362306,509392.8302511008,510412.6357170828,1019805.4659681836,0.5393488853362305,0.26994411711078703,25,25,0.05,0.17471399228710474
2021-11-30,2021-12-01,elastic_net_top20_equal_weight,1897409.982123381,1896358.742741953,4.2107330955332145e-09,3.383320290595293e-10,1051.2393814275383,0.0005540391329928085,525094.0710230572,526145.3104044809,1051239.3814275383,0.5540391329928085,0.2772965860628996,20,20,0.05,0.15000000000000002
2021-11-30,2021-12-01,momentum_3m_top20_equal_weight,1787621.103023647,1786833.3360368821,-8.095184966805391e-09,-7.690914571867324e-10,787.7669867657365,0.0004406789478113001,393489.6098894817,394277.3768762549,787766.9867657365,0.44067894781130007,0.22055981337955782,20,20,0.05,0.15000000000000002
2021-11-30,2021-12-01,ridge_top20_equal_weight,1899179.5913464918,1898140.7474055523,5.210040399106219e-09,7.7454842539737e-09,1038.843940931776,0.0005469961585861662,518902.54849542095,519941.39243635506,1038843.940931776,0.5469961585861662,0.2737715773723768,20,20,0.05,0.15000000000000002
2021-11-30,2021-12-01,universe_equal_weight,1641723.3782235999,1641631.5936058438,1.6844126093928935e-09,-6.262993679229112e-09,91.78461776229072,5.590748050478807e-05,45846.41657226823,45938.20119002249,91784.61776229073,0.055907480504788075,0.027981693992643983,50,50,0.02,0.16
2021-12-31,2022-01-03,elastic_net_score_weighted,1955846.207721599,1954934.6510127075,7.592689144075848e-09,3.1521949495072477e-09,911.5567088882582,0.0004660676822592035,455322.5760896872,456234.13279857085,911556.7088882582,0.4660676822592035,0.23326687497073012,25,25,0.05,0.17178205653309303
2021-12-31,2022-01-03,elastic_net_top20_equal_weight,1971312.8897541603,1970447.1605515932,3.383320290595293e-10,2.1681216821889393e-09,865.7292025645003,0.00043916377104015393,432431.7366809668,433297.46588353347,865729.2025645003,0.4391637710401539,0.21980146740559758,20,20,0.05,0.2
2021-12-31,2022-01-03,momentum_3m_top20_equal_weight,1830900.9935311119,1829580.9377865032,-7.690914571867324e-10,6.946265784790739e-10,1320.055744607704,0.0007209869617590945,659367.8444315472,660687.9001761567,1320055.7446077038,0.7209869617590945,0.36085397436042727,20,20,0.05,0.2
2021-12-31,2022-01-03,ridge_top20_equal_weight,1973165.3286855675,1972298.7859589336,7.7454842539737e-09,2.6011548470705748e-09,866.5427266312363,0.00043916377104015274,432838.0919523051,433704.6346789311,866542.7266312363,0.43916377104015275,0.21980146740559509,20,20,0.05,0.2
2021-12-31,2022-01-03,universe_equal_weight,1717781.6340747245,1717704.3467904227,-6.262993679229112e-09,-2.587384528851544e-09,77.28728430464695,4.499249658486272e-05,38604.99851016939,38682.285794477575,77287.28430464695,0.04499249658486272,0.022518744540724826,50,50,0.02,0.16
2022-01-31,2022-02-01,elastic_net_score_weighted,1879429.2441436686,1877862.5168870161,3.1521949495072477e-09,8.249344318755902e-09,1566.727256644184,0.0008336186432802039,782580.2646937673,784146.9919504166,1566727.256644184,0.8336186432802039,0.4172261309617434,25,25,0.05,0.16713117967878677
2022-01-31,2022-02-01,elastic_net_top20_equal_weight,1903172.8119734994,1901323.8844729518,2.1681216821889393e-09,3.00815372611396e-09,1848.9275005446002,0.0009714974325570312,923539.2865220271,925388.2140225727,1848927.5005446002,0.9714974325570312,0.48623446499479434,20,20,0.05,0.2
2022-01-31,2022-02-01,momentum_3m_top20_equal_weight,1727950.1343502013,1726022.136656983,6.946265784790739e-10,1.8512764654587954e-09,1927.9976932164395,0.001115771604104459,963034.8477616105,964962.8454548286,1927997.6932164396,1.115771604104459,0.558443687854282,20,20,0.05,0.2
2022-01-31,2022-02-01,ridge_top20_equal_weight,1904961.219804859,1903291.0108455243,2.6011548470705748e-09,-2.426077116979286e-10,1670.2089593350054,0.000876767958303161,834269.3751878367,835939.5841471687,1670208.9593350054,0.876767958303161,0.4388223631307313,20,20,0.05,0.2
2022-01-31,2022-02-01,universe_equal_weight,1656151.3733095208,1656028.2884977649,-2.587384528851544e-09,1.2340990451775724e-09,123.08481175492042,7.43197836493397e-05,61480.863471580946,61603.94828333946,123084.81175492042,0.07431978364933971,0.0371970517164956,50,50,0.02,0.16
2022-02-28,2022-03-01,elastic_net_score_weighted,1825687.125495678,1824749.1633502701,8.249344318755902e-09,-5.830088412039913e-09,937.9621454137471,0.0005137584267945628,468512.0916341736,469450.05377957365,937962.145413747,0.5137584267945627,0.257136092610675,25,25,0.05,0.1715662078925486
2022-02-28,2022-03-01,elastic_net_top20_equal_weight,1873832.3529327954,1872254.7385286002,3.00815372611396e-09,2.60433807852678e-09,1577.614404192384,0.0008419186496183657,788018.3948940961,789596.0092982879,1577614.4041923839,0.8419186496183656,0.4213802841339919,20,20,0.05,0.2
2022-02-28,2022-03-01,momentum_3m_top20_equal_weight,1659437.3264130866,1658749.9624297547,1.8512764654587954e-09,-1.861167220340576e-09,687.3639833338078,0.0004142150910993195,343338.30967523897,344025.6736585689,687363.9833338078,0.4142150910993195,0.20731465309520822,20,20,0.05,0.2
2022-02-28,2022-03-01,ridge_top20_equal_weight,1838817.9472900664,1837482.3152984544,-2.426077116979286e-10,-1.496118784416467e-10,1335.6319916119432,0.0007263535759917469,667148.1798101655,668483.8118017777,1335631.991611943,0.7263535759917468,0.36353996478386935,20,20,0.05,0.2
2022-02-28,2022-03-01,universe_equal_weight,1596072.029120998,1595989.3139844977,1.2340990451775724e-09,-8.09832556569745e-09,82.71513650840662,5.182418775546125e-05,41316.210685953745,41398.92582245289,82715.13650840662,0.05182418775546125,0.02593800597160546,50,50,0.02,0.16
2022-03-31,2022-04-01,elastic_net_score_weighted,1948885.3686953674,1947552.6292460323,-5.830088412039913e-09,-1.507942215539515e-09,1332.739449337003,0.0006838470187854979,665703.354943831,667036.094393172,1332739.4493370028,0.6838470187854979,0.34226543290214273,25,25,0.05,0.16634243940624413
2022-03-31,2022-04-01,elastic_net_top20_equal_weight,1988576.3652409364,1987098.7700447133,2.60433807852678e-09,-7.071321306284517e-09,1477.5951962299578,0.0007430417167061784,738058.8005168687,739536.3957130893,1477595.1962299577,0.7430417167061784,0.37189237921143997,20,20,0.05,0.15000000000000002
2022-03-31,2022-04-01,momentum_3m_top20_equal_weight,1692689.4044228913,1691296.9860542116,-1.861167220340576e-09,-5.707534000976011e-09,1392.4183686854117,0.0008226071274783842,695512.9751583653,696905.3935270467,1392418.3686854118,0.8226071274783843,0.4117148673029302,20,20,0.05,0.15000000000000002
2022-03-31,2022-04-01,ridge_top20_equal_weight,1951643.5603321497,1949805.7278125742,-1.496118784416467e-10,-3.847617335850373e-09,1837.8325195791026,0.0009416845150076084,917997.3435297635,919835.1760493391,1837832.5195791025,0.9416845150076084,0.47131309976130714,20,20,0.05,0.2
2022-03-31,2022-04-01,universe_equal_weight,1671974.6162225425,1671882.688673472,-8.09832556569745e-09,9.117783861256612e-09,91.92754906132804,5.4981426254555254e-05,45917.8107561247,46009.738305203326,91927.54906132804,0.05498142625455525,0.027518203840410073,50,50,0.02,0.16
2022-04-29,2022-05-02,elastic_net_score_weighted,1734819.4992621443,1733732.55313707,-1.507942215539515e-09,-7.532662493758835e-09,1086.9461250818224,0.0006265470993057916,542929.5894783734,544016.5356034491,1086946.1250818223,0.6265470993057916,0.31358682320254694,25,25,0.05,0.16805214023116397
2022-04-29,2022-05-02,elastic_net_top20_equal_weight,1792514.724284916,1791426.1681604441,-7.071321306284517e-09,-4.9180925998371094e-09,1088.5561244765117,0.0006072787630298363,543733.7841760166,544822.3403004953,1088556.1244765117,0.6072787630298363,0.30394302089643366,20,20,0.05,0.15000000000000002
2022-04-29,2022-05-02,momentum_3m_top20_equal_weight,1558192.6375996459,1557036.9235269781,-5.707534000976011e-09,7.582684702356346e-09,1155.714072660411,0.0007417016643338513,577279.1792938685,578434.8933665426,1155714.072660411,0.7417016643338513,0.371221682999097,20,20,0.05,0.15000000000000002
2022-04-29,2022-05-02,ridge_top20_equal_weight,1779849.5353450158,1778256.4018363939,-3.847617335850373e-09,2.499291440472007e-09,1593.1335086194485,0.0008950944880352635,795770.1875554114,797363.3210640372,1593133.5086194484,0.8950944880352634,0.44799479126165115,20,20,0.05,0.2
2022-04-29,2022-05-02,universe_equal_weight,1546386.1737631275,1546265.8184459875,9.117783861256612e-09,4.138755116400716e-09,120.35531713585932,7.783005253013541e-05,60117.4809093643,60237.83622649504,120355.31713585932,0.07783005253013542,0.038953941291331125,50,50,0.02,0.16
2022-05-31,2022-06-01,elastic_net_score_weighted,1756916.0365193167,1756193.2955637183,-7.532662493758835e-09,-4.229718797432724e-09,722.7409556026493,0.0004113690925347205,361009.1073235216,361731.84827912756,722740.9556026493,0.41136909253472054,0.20589023081362853,25,25,0.05,0.14552524398545016
2022-05-31,2022-06-01,elastic_net_top20_equal_weight,1821996.220329331,1821156.547198154,-4.9180925998371094e-09,-8.641904969408643e-09,839.6731311851453,0.0004608533880676064,419416.729026982,420256.4021581635,839673.1311851452,0.4608533880676064,0.23065712072783606,20,20,0.05,0.15000000000000002
2022-05-31,2022-06-01,momentum_3m_top20_equal_weight,1541011.7575260676,1539622.2359626035,7.582684702356346e-09,-1.213038558489643e-09,1389.5215634650574,0.0009016943295071209,694066.0209508007,695455.5425142569,1389521.5634650574,0.9016943295071209,0.4512980119183112,20,20,0.05,0.2
2022-05-31,2022-06-01,ridge_top20_equal_weight,1784791.6450552908,1784141.1585178396,2.499291440472007e-09,-3.1226363716996275e-09,650.4865374540472,0.00036446077011633246,324918.0254582993,325568.5119957477,650486.5374540471,0.36446077011633243,0.18241261544322276,20,20,0.05,0.2
2022-05-31,2022-06-01,universe_equal_weight,1558737.4933836537,1558658.643873999,4.138755116400716e-09,6.7846741558241774e-09,78.84950964778197,5.0585496263786003e-05,39385.33006906569,39464.17957871631,78849.50964778198,0.050585496263786,0.025318040880025813,50,50,0.02,0.16
2022-06-30,2022-07-01,elastic_net_score_weighted,1590616.558883918,1589523.2488449165,-4.229718797432724e-09,8.280949259642512e-10,1093.3100390011546,0.0006873498411007951,546108.3644810742,547201.6745200803,1093310.0390011545,0.6873498411007951,0.34401859547094954,25,25,0.05,0.13667656459784788
2022-06-30,2022-07-01,elastic_net_top20_equal_weight,1652197.654730006,1651109.300069202,-8.641904969408643e-09,-1.000444171950221e-09,1088.3546608044526,0.00065873151295709,543633.15307182,544721.5077326323,1088354.6608044526,0.65873151295709,0.32969512223502584,20,20,0.05,0.15000000000000002
2022-06-30,2022-07-01,momentum_3m_top20_equal_weight,1410733.0849594183,1410130.5354962233,-1.213038558489643e-09,-4.365801942185499e-09,602.5494631993936,0.0004271179783216942,300973.45686809876,301576.0063312948,602549.4631993936,0.4271179783216942,0.21377254815000674,20,20,0.05,0.2
2022-06-30,2022-07-01,ridge_top20_equal_weight,1637898.0357852527,1636651.2639017534,-3.1226363716996275e-09,6.630216375924647e-10,1246.77188349868,0.000761202380281837,622762.555807589,624009.3276910911,1246771.8834986798,0.7612023802818371,0.3809817913310606,20,20,0.05,0.15000000000000002
2022-06-30,2022-07-01,universe_equal_weight,1428221.7154639214,1428127.2461981736,6.7846741558241774e-09,-7.296861781469488e-09,94.46926575511223,6.614467819124728e-05,47187.39824468559,47281.86751042664,94469.26575511222,0.06614467819124728,0.03310541143471434,50,50,0.02,0.16
2022-07-29,2022-08-01,elastic_net_score_weighted,1744516.003712729,1743104.7979340013,8.280949259642512e-10,6.730033419444226e-09,1411.2057787210435,0.0008089382818602265,704897.2864711583,706308.4922498853,1411205.7787210436,0.8089382818602265,0.4048736100710451,25,25,0.05,0.19999999999999998
2022-07-29,2022-08-01,elastic_net_top20_equal_weight,1829459.6821543165,1827959.1302770479,-1.000444171950221e-09,3.6795881896978244e-09,1500.5518772649104,0.0008202158767980642,749525.6626938204,751026.2145710898,1500551.8772649104,0.8202158767980641,0.4105180463374323,20,20,0.05,0.2
2022-07-29,2022-08-01,momentum_3m_top20_equal_weight,1505726.6848196222,1504198.3006993248,-4.365801942185499e-09,-3.5922766983276233e-09,1528.3841203009777,0.0010150475087609076,763427.8680903377,764956.2522106398,1528384.1203009777,1.0150475087609074,0.5080312781348345,20,20,0.05,0.15000000000000002
2022-07-29,2022-08-01,ridge_top20_equal_weight,1813439.9103255433,1811952.4981194716,6.630216375924647e-10,3.161858330713585e-09,1487.412206068267,0.0008202158767980635,742962.3969310981,744449.8091371693,1487412.206068267,0.8202158767980635,0.41051804633743166,20,20,0.05,0.2
2022-07-29,2022-08-01,universe_equal_weight,1548416.019249042,1548336.1279659488,-7.296861781469488e-09,-8.75289174473437e-09,79.89128310223887,5.159548991296597e-05,39905.69590956923,39985.58719266965,79891.28310223887,0.05159548991296597,0.025823542701438884,50,50,0.02,0.16
2022-08-31,2022-09-01,elastic_net_score_weighted,1692690.2941202002,1691185.8970720214,6.730033419444226e-09,-8.544020602130331e-09,1504.3970481871386,0.0008887609584652757,751446.3255694832,752950.7226176552,1504397.0481871385,0.8887609584652757,0.44482485971186597,25,25,0.05,0.18023301409796574
2022-08-31,2022-09-01,elastic_net_top20_equal_weight,1771505.789307959,1770008.1967908265,3.6795881896978244e-09,-1.732360033201985e-09,1497.5925171339047,0.0008453782799766865,748047.4623083881,749545.0548255167,1497592.5171339046,0.8453782799766865,0.4231118291283301,20,20,0.05,0.2
2022-08-31,2022-09-01,momentum_3m_top20_equal_weight,1457566.9698489124,1456517.4768122968,-3.5922766983276233e-09,-9.748191587277688e-09,1049.4930366251776,0.0007200307487305131,524221.77179427934,525271.2648308983,1049493.0366251776,0.7200307487305131,0.36037538973961963,20,20,0.05,0.15000000000000002
2022-08-31,2022-09-01,ridge_top20_equal_weight,1755993.4941669987,1754509.0154072505,3.161858330713585e-09,-1.218950274051167e-09,1484.4787597491488,0.0008453782799766864,741497.1404947019,742981.6192544469,1484478.7597491487,0.8453782799766864,0.4231118291283304,20,20,0.05,0.2
2022-08-31,2022-09-01,universe_equal_weight,1502011.6298670815,1501950.404001765,-8.75289174473437e-09,7.550937652922585e-11,61.22586531673458,4.076257739905295e-05,30582.31972570457,30643.545591030008,61225.86531673458,0.040762577399052945,0.0204016699882289,50,50,0.02,0.16
2022-09-30,2022-10-03,elastic_net_score_weighted,1573716.0257253812,1572817.7411465957,-8.544020602130331e-09,9.771156328497455e-09,898.2845787759948,0.000570804747547731,448693.1470986001,449591.43167739466,898284.5787759947,0.5708047475477309,0.2856877761476453,25,25,0.05,0.14429187198979881
2022-09-30,2022-10-03,elastic_net_top20_equal_weight,1651109.3587779873,1649743.8954662285,-1.732360033201985e-09,9.208633855450898e-10,1365.4633117574372,0.0008269974998918537,682048.9242228386,683414.3875345988,1365463.3117574372,0.8269974998918537,0.4139122486958737,20,20,0.05,0.15000000000000002
2022-09-30,2022-10-03,momentum_3m_top20_equal_weight,1352730.4528216703,1351899.4406333342,-9.748191587277688e-09,-2.9899638320785016e-10,831.0121883366453,0.0006143220821289495,415090.58807414956,415921.6002624956,831012.1883366453,0.6143220821289496,0.30746820210554265,20,20,0.05,0.15000000000000002
2022-09-30,2022-10-03,ridge_top20_equal_weight,1636651.3220964523,1635134.351149093,-1.218950274051167e-09,-5.412402970250696e-09,1516.9709473646353,0.0009268748492021418,757726.9882086378,759243.9591559978,1516970.9473646353,0.9268748492021418,0.46390086202567066,20,20,0.05,0.15000000000000002
2022-09-30,2022-10-03,universe_equal_weight,1394451.203088911,1394383.1895259824,7.550937652922585e-11,2.2602222315981635e-09,68.013562926625,4.877443023891056e-05,33972.77468184808,34040.78824477692,68013.562926625,0.048774430238910566,0.024411602334575535,50,50,0.02,0.16
2022-10-31,2022-11-01,elastic_net_score_weighted,1728789.7199544553,1728041.9789401493,9.771156328497455e-09,8.073016033449676e-09,747.7410142981277,0.0004325228254583945,373496.6366419159,374244.3776562118,747741.0142981276,0.43252282545839454,0.21647767414192584,25,25,0.05,0.15289974232063774
2022-10-31,2022-11-01,elastic_net_top20_equal_weight,1821081.0847266635,1820405.5945132747,9.208633855450898e-10,-5.171273187443148e-09,675.4902133937484,0.0003709281366211854,337407.36159018014,338082.85180356825,675490.2133937484,0.3709281366211854,0.18564953237890175,20,20,0.05,0.15000000000000002
2022-10-31,2022-11-01,momentum_3m_top20_equal_weight,1493320.3315312248,1492255.6314625046,-2.9899638320785016e-10,-4.307139533921145e-09,1064.7000687244579,0.0007129750035832787,531817.6843278687,532882.3843965894,1064700.0687244579,0.7129750035832787,0.35684398929342975,20,20,0.05,0.15000000000000002
2022-10-31,2022-11-01,ridge_top20_equal_weight,1797644.8555053729,1796632.0164244128,-5.412402970250696e-09,5.095330379845109e-09,1012.8390809549288,0.0005634255719938568,505913.12093698164,506925.960017947,1012839.0809549288,0.5634255719938568,0.2819944987829282,20,20,0.05,0.15000000000000002
2022-10-31,2022-11-01,universe_equal_weight,1524544.1207506743,1524437.66719128,2.2602222315981635e-09,-3.833861228486057e-09,106.45355939782837,6.982648645511907e-05,53173.552919218404,53280.00647860998,106453.55939782837,0.06982648645511907,0.03494815647078505,50,50,0.02,0.16
2022-11-30,2022-12-01,elastic_net_score_weighted,1842209.3720059295,1841304.5933800284,8.073016033449676e-09,-1.4711076801177114e-09,904.7786259025611,0.0004911377825189183,451936.9236383339,452841.7022642272,904778.6259025611,0.4911377825189182,0.24581446015071606,25,25,0.05,0.15
2022-11-30,2022-12-01,elastic_net_top20_equal_weight,1926655.3819422813,1925598.322567723,-5.171273187443148e-09,1.3124008546583354e-09,1057.0593745567285,0.0005486499477094321,528001.1575910827,529058.2169656457,1057059.3745567284,0.548649947709432,0.2745992988285723,20,20,0.05,0.15000000000000002
2022-11-30,2022-12-01,momentum_3m_top20_equal_weight,1571169.6772910566,1570058.4544972396,-4.307139533921145e-09,-3.235527401557192e-10,1111.2227938171452,0.0007072582992647032,555055.785511662,556167.0083054831,1111222.7938171453,0.7072582992647032,0.3539827787819852,20,20,0.05,0.25
2022-11-30,2022-12-01,ridge_top20_equal_weight,1910646.6343548468,1909578.8943444246,5.095330379845109e-09,5.5001692089717835e-09,1067.7400104166886,0.0005588369880740528,533336.1352031359,534403.8752135527,1067740.0104166886,0.5588369880740528,0.27969791253106346,20,20,0.05,0.15000000000000002
2022-11-30,2022-12-01,universe_equal_weight,1628435.4906464294,1628357.2331668213,-3.833861228486057e-09,3.166917394992197e-09,78.25747960465918,4.80568496904927e-05,39089.61106252374,39167.868542135446,78257.47960465918,0.048056849690492696,0.02405245327009376,50,50,0.02,0.16
2022-12-30,2023-01-03,elastic_net_score_weighted,1735026.673643228,1734300.4637139381,-1.4711076801177114e-09,2.516458152967971e-09,726.2099292874783,0.0004185583658852776,362741.8596790936,363468.06960838474,726209.9292874783,0.4185583658852776,0.2094884621255825,25,25,0.05,0.14576844233315997
2022-12-30,2023-01-03,elastic_net_top20_equal_weight,1810152.5500374748,1809497.2168957596,1.3124008546583354e-09,-6.290292731137015e-10,655.3331417158948,0.0003620319965310812,327338.90428709064,327994.2374288043,655333.1417158948,0.36203199653108115,0.18119701426380552,20,20,0.05,0.15000000000000002
2022-12-30,2023-01-03,momentum_3m_top20_equal_weight,1532381.7772530518,1531588.692641165,-3.235527401557192e-10,-4.264961717126425e-09,793.0846118909116,0.000517550276088897,396145.7636395123,396938.84825139923,793084.6118909116,0.517550276088897,0.25903391318249164,20,20,0.05,0.2
2022-12-30,2023-01-03,ridge_top20_equal_weight,1790922.0847719074,1789573.968114943,5.5001692089717835e-09,2.9397142498055473e-09,1348.1166569614722,0.0007527500321897973,673384.2701522568,674732.3868092155,1348116.6569614722,0.7527500321897973,0.3767513911109928,20,20,0.05,0.25
2022-12-30,2023-01-03,universe_equal_weight,1552639.2737188863,1552560.7981199808,3.166917394992197e-09,4.634117090063228e-09,78.47559890060141,5.0543355581001384e-05,39198.56165084959,39277.03724975182,78475.59890060141,0.05054335558100139,0.025296949468291717,50,50,0.02,0.16
2023-01-31,2023-02-01,elastic_net_score_weighted,1899827.7586612736,1899197.7854679506,2.516458152967971e-09,-2.818410393956583e-09,629.9731933258253,0.00033159489877637125,314671.6100662523,315301.58325957286,629973.1933258253,0.3315948987763712,0.16596324683757238,25,25,0.05,0.13902655065561484
2023-01-31,2023-02-01,elastic_net_top20_equal_weight,1968305.3868314691,1967396.6151783136,-6.290292731137015e-10,-1.5400019037770107e-09,908.7716531568706,0.0004617025687359366,453931.4407518571,454840.2124050133,908771.6531568705,0.4617025687359365,0.23108213565233604,20,20,0.05,0.15000000000000002
2023-01-31,2023-02-01,momentum_3m_top20_equal_weight,1582616.4283299535,1581323.730187947,-4.264961717126425e-09,-7.119524525478482e-09,1292.6981420136472,0.000816810769099471,645702.7219358184,646995.420077829,1292698.1420136471,0.816810769099471,0.4088137899342844,20,20,0.05,0.15000000000000002
2023-01-31,2023-02-01,ridge_top20_equal_weight,1957728.3979713803,1956611.3914664653,2.9397142498055473e-09,2.7941950975218788e-09,1117.0065049119291,0.0005705625489569358,557944.7492035086,559061.7557084204,1117006.5049119291,0.5705625489569358,0.2855665557529463,20,20,0.05,0.2
2023-01-31,2023-02-01,universe_equal_weight,1631800.5267811047,1631682.7843757044,4.634117090063228e-09,3.3505500596220372e-09,117.74240539726091,7.215490096054815e-05,58812.33149593256,58930.073901328346,117742.40539726091,0.07215490096054815,0.0361135279307539,50,50,0.02,0.16
2023-02-28,2023-03-01,elastic_net_score_weighted,1866136.7889285274,1865477.0698464492,-2.818410393956583e-09,-1.1744987205020152e-09,659.7190820796053,0.0003535212884680301,329529.6814987621,330189.40058084315,659719.0820796053,0.3535212884680301,0.17693740487824944,25,25,0.05,0.1641515898756989
2023-02-28,2023-03-01,elastic_net_top20_equal_weight,1925928.9244905866,1925228.7790478703,-1.5400019037770107e-09,3.3239757613046095e-09,700.1454427127549,0.0003635364907860996,349722.6486350185,350422.7940777363,700145.4427127548,0.36353649078609956,0.18195001363844415,20,20,0.05,0.15000000000000002
2023-02-28,2023-03-01,momentum_3m_top20_equal_weight,1535929.57898707,1535108.789187441,-7.119524525478482e-09,-1.2190639608888887e-09,820.7897996299984,0.0005343928594508225,409984.5049151813,410805.29471481696,820789.7996299984,0.5343928594508226,0.2674636261551385,20,20,0.05,0.2
2023-02-28,2023-03-01,ridge_top20_equal_weight,1948016.7639641613,1947118.279056453,2.7941950975218788e-09,-6.864979695819784e-09,898.4849077152286,0.00046123058298884256,448793.2114037616,449691.69631146715,898484.9077152286,0.46123058298884256,0.23084590678591324,20,20,0.05,0.15000000000000002
2023-02-28,2023-03-01,universe_equal_weight,1585102.371174041,1585025.6168053169,3.3505500596220372e-09,3.7580889511446e-09,76.75436872054337,4.842234174673119e-05,38338.80717591141,38415.56154463196,76754.36872054337,0.04842234174673119,0.024235382044238963,50,50,0.02,0.16
2023-03-31,2023-04-03,elastic_net_score_weighted,1956061.4651960044,1954577.4980724263,-1.1744987205020152e-09,1.1234533303650096e-09,1483.9671235769463,0.0007586505587789632,741241.5782266834,742725.5453502629,1483967.1235769463,0.7586505587789633,0.37970460466887174,25,25,0.05,0.1588000331307912
2023-03-31,2023-04-03,elastic_net_top20_equal_weight,2016077.3527350263,2014405.873864362,3.3239757613046095e-09,-9.444647730560973e-09,1671.4788706737022,0.0008290747715637799,834903.6959015208,836575.1747721814,1671478.870673702,0.82907477156378,0.41495192316766866,20,20,0.05,0.2
2023-03-31,2023-04-03,momentum_3m_top20_equal_weight,1597558.4312397598,1596397.2984273694,-1.2190639608888887e-09,-6.867821866762824e-09,1161.1328123969718,0.000726817116476856,579985.8397922905,581146.9726046815,1161132.8123969717,0.726817116476856,0.3637719667966646,20,20,0.05,0.2
2023-03-31,2023-04-03,ridge_top20_equal_weight,2038999.784453402,2037309.3011728972,-6.864979695819784e-09,-9.484665497438982e-09,1690.4832805143055,0.0008290747715637822,844396.3986168971,846086.8818974084,1690483.2805143055,0.8290747715637822,0.41495192316767227,20,20,0.05,0.2
2023-03-31,2023-04-03,universe_equal_weight,1643789.2797263071,1643709.5049043903,3.7580889511446e-09,-2.905721885326784e-09,79.77482191996648,4.8531051336001585e-05,39847.52354902672,39927.29837093978,79774.82191996649,0.048531051336001586,0.0242897911936667,50,50,0.02,0.16
2023-04-28,2023-05-01,elastic_net_score_weighted,1988350.7107034577,1987450.050856951,1.1234533303650096e-09,2.597857928776648e-09,900.6598465041822,0.00045296830265196934,449879.59332883806,450780.25317534397,900659.8465041821,0.4529683026519693,0.22671063547731105,25,25,0.05,0.15
2023-04-28,2023-05-01,elastic_net_top20_equal_weight,2048073.8097377406,2046771.4968009463,-9.444647730560973e-09,5.010406312067062e-09,1302.3129367890024,0.0006358720718936228,650505.311926099,651807.6248629031,1302312.9367890023,0.6358720718936227,0.31825397198276184,20,20,0.05,0.15000000000000002
2023-04-28,2023-05-01,momentum_3m_top20_equal_weight,1625105.863685604,1623948.9698022325,-6.867821866762824e-09,7.226162779261358e-09,1156.8938833642667,0.0007118883201495122,577868.4947404441,579025.3886238225,1156893.8833642667,0.7118883201495122,0.35630010423483516,20,20,0.05,0.2
2023-04-28,2023-05-01,ridge_top20_equal_weight,2071360.0353352951,2070042.915337983,-9.484665497438982e-09,5.5481450544903055e-09,1317.119997306301,0.0006358720718936223,657901.43865449,659218.5586518112,1317119.997306301,0.6358720718936224,0.3182539719827617,20,20,0.05,0.15000000000000002
2023-04-28,2023-05-01,universe_equal_weight,1675761.8262851064,1675689.7563836144,-2.905721885326784e-09,5.7326730029672035e-09,72.0699014860155,4.3007246230082016e-05,35998.91579226051,36070.98569375502,72069.9014860155,0.04300724623008202,0.021525126738158595,50,50,0.02,0.16
2023-05-31,2023-06-01,elastic_net_score_weighted,2025362.5274093894,2024033.9645865234,2.597857928776648e-09,-6.250957085285336e-09,1328.5628228725045,0.0006559629720077072,663617.1300248207,664945.692847684,1328562.8228725046,0.6559629720077073,0.3283094674898553,25,25,0.05,0.17505560053327418
2023-05-31,2023-06-01,elastic_net_top20_equal_weight,2092396.673214642,2091198.5824742927,5.010406312067062e-09,-2.1736923372372985e-09,1198.0907403515503,0.0005725925469528061,598446.3248056031,599644.4155459474,1198090.7403515503,0.5725925469528061,0.2865825697498778,20,20,0.05,0.15000000000000002
2023-05-31,2023-06-01,momentum_3m_top20_equal_weight,1638583.027019059,1637373.1335448637,7.226162779261358e-09,2.6589077606331557e-09,1209.8934741927264,0.0007383778876275726,604341.790359269,605551.6838334574,1209893.4741927264,0.7383778876275725,0.36955813275759875,20,20,0.05,0.2
2023-05-31,2023-06-01,ridge_top20_equal_weight,2116186.8416843456,2114975.1288708393,5.5481450544903055e-09,-1.6855210560606793e-09,1211.712813508054,0.0005725925469528061,605250.5503472765,606462.2631607775,1211712.813508054,0.572592546952806,0.2865825697498778,20,20,0.05,0.15000000000000002
2023-05-31,2023-06-01,universe_equal_weight,1677758.3799105838,1677628.2163705193,5.7326730029672035e-09,2.0065442640770925e-09,130.16354006235068,7.758181489118102e-05,65016.688261145915,65146.85180120479,130163.54006235069,0.07758181489118103,0.038829698353035076,50,50,0.02,0.16
2023-06-30,2023-07-03,elastic_net_score_weighted,2171307.093585935,2170531.441168679,-6.250957085285336e-09,-2.97859514830634e-10,775.652417256329,0.0003572283347425221,387438.38241953345,388214.0348367954,775652.417256329,0.357228334742522,0.17879278153863354,25,25,0.05,0.14735460843813883
2023-06-30,2023-07-03,elastic_net_top20_equal_weight,2240081.7412072173,2239331.2309738686,-2.1736923372372985e-09,-7.452968020515982e-09,750.5102333556885,0.0003350369852803791,374879.8615611691,375630.37179451936,750510.2333556884,0.33503698528037906,0.16768601113282852,20,20,0.05,0.15000000000000002
2023-06-30,2023-07-03,momentum_3m_top20_equal_weight,1742674.4619017092,1741266.728871869,2.6589077606331557e-09,2.044998836936429e-09,1407.7330298382362,0.0008078003440195221,703162.6484041993,704570.3814340369,1407733.0298382363,0.8078003440195222,0.4043040721817706,20,20,0.05,0.15000000000000002
2023-06-30,2023-07-03,ridge_top20_equal_weight,2265551.061958598,2264994.2811777033,-1.6855210560606793e-09,-2.944489096989855e-10,556.7807808949763,0.00024575953737879214,278112.00005704,278668.7808379362,556780.7808949762,0.2457595373787921,0.12300264845808573,20,20,0.05,0.15000000000000002
2023-06-30,2023-07-03,universe_equal_weight,1783920.3536861006,1783856.352269868,2.0065442640770925e-09,-7.436824489559513e-10,64.00141623341341,3.5876835028631066e-05,31968.707408591294,32032.708824822104,64001.4162334134,0.03587683502863106,0.017956355931829114,50,50,0.02,0.16
2023-07-31,2023-08-01,elastic_net_score_weighted,2290837.4939383855,2290116.78591882,-2.97859514830634e-10,1.5536443243036047e-09,720.7080195637716,0.0003146046026707627,359993.6557721031,360714.3637916686,720708.0195637716,0.31460460267076273,0.15745960363671715,25,25,0.05,0.16516940533476615
2023-07-31,2023-08-01,elastic_net_top20_equal_weight,2370697.8168818206,2370126.485079921,-7.452968020515982e-09,-4.0147369873011485e-09,571.3318019037235,0.00024099731219864891,285380.23505090806,285951.5668528154,571331.8019037235,0.2409973121986489,0.12061915475542452,20,20,0.05,0.2
2023-07-31,2023-08-01,momentum_3m_top20_equal_weight,1807543.5356816207,1806599.6986283208,2.044998836936429e-09,3.5906850825995207e-09,943.8370532958252,0.0005221655991482973,471446.6081212637,472390.44517456146,943837.0532958251,0.5221655991482973,0.26134388237372336,20,20,0.05,0.15000000000000002
2023-07-31,2023-08-01,ridge_top20_equal_weight,2398604.3728344985,2397556.6148530385,-2.944489096989855e-10,2.4579094315413386e-10,1047.7579814593644,0.00043681984129012455,523355.111738952,524402.8697204122,1047757.9814593643,0.4368198412901245,0.21862833056570746,20,20,0.05,0.15000000000000002
2023-07-31,2023-08-01,universe_equal_weight,1850577.2657758105,1850501.5510974359,-7.436824489559513e-10,6.056197321413492e-09,75.71467836829574,4.09140865223772e-05,37819.48184496042,37895.196523335304,75714.67836829573,0.0409140865223772,0.020477500304451564,50,50,0.02,0.16
2023-08-31,2023-09-01,elastic_net_score_weighted,2262940.4190975567,2262003.969839434,1.5536443243036047e-09,2.609908733575139e-09,936.4492581199833,0.0004138196702913778,467756.4044309311,468692.8536890523,936449.2581199832,0.4138196702913778,0.20711674498083488,25,25,0.05,0.16229306523981185
2023-08-31,2023-09-01,elastic_net_top20_equal_weight,2347451.255689663,2346184.3063091133,-4.0147369873011485e-09,-3.693003236548975e-09,1266.9493805532952,0.0005397127533457879,632841.2155863708,634108.1649669243,1266949.3805532951,0.5397127533457879,0.2701262330495669,20,20,0.05,0.15000000000000002
2023-08-31,2023-09-01,momentum_3m_top20_equal_weight,1804820.266012437,1803524.1156574767,3.5906850825995207e-09,7.726612238911912e-09,1296.1503549522754,0.0007181603505683062,647427.1022986594,648723.2526536157,1296150.3549522753,0.7181603505683062,0.3594392554594383,20,20,0.05,0.2
2023-08-31,2023-09-01,ridge_top20_equal_weight,2384523.9644876737,2383459.432712866,2.4579094315413386e-10,6.5710992203094065e-09,1064.5317748011503,0.00044643366586163453,531733.6215131716,532798.1532879787,1064531.7748011502,0.4464336658616345,0.22344004976374937,20,20,0.05,0.15000000000000002
2023-08-31,2023-09-01,universe_equal_weight,1830313.237147241,1830237.0641918988,6.056197321413492e-09,5.370736744225724e-09,76.17295533696489,4.1617442190217356e-05,38048.39119081446,38124.564146150435,76172.9553369649,0.04161744219021736,0.020829529816203517,50,50,0.02,0.16
2023-09-29,2023-10-02,elastic_net_score_weighted,2144414.332285005,2143464.005492651,2.609908733575139e-09,2.03522176889237e-09,950.3267923526603,0.00044316379444266665,474688.23278015427,475638.55957250594,950326.7923526602,0.4431637944426666,0.22180347911855441,25,25,0.05,0.15000000000000002
2023-09-29,2023-10-02,elastic_net_top20_equal_weight,2216560.600119426,2215599.3657701733,-3.693003236548975e-09,7.591893336211797e-09,961.2343492445985,0.0004336603065094671,480136.5574476711,481097.7917969275,961234.3492445985,0.4336603065094671,0.21704698340799095,20,20,0.05,0.15000000000000002
2023-09-29,2023-10-02,momentum_3m_top20_equal_weight,1706557.9699717094,1705844.4166955766,7.726612238911912e-09,7.089624887157697e-09,713.5532761254698,0.0004181242528417003,356419.8614246724,357133.4147007971,713553.2761254697,0.41812425284170024,0.2092711885472707,20,20,0.05,0.15000000000000002
2023-09-29,2023-10-02,ridge_top20_equal_weight,2251776.3230823977,2250799.8170719324,6.5710992203094065e-09,6.655000106547959e-09,976.5060104586689,0.0004336603065094651,487764.7522241052,488741.2582345638,976506.0104586689,0.43366030650946513,0.21704698340798728,20,20,0.05,0.15000000000000002
2023-09-29,2023-10-02,universe_equal_weight,1727240.8195864572,1727177.070748243,5.370736744225724e-09,8.300759191115503e-09,63.748838205670125,3.690790391402001e-05,31842.54468373083,31906.293521939297,63748.83820567012,0.036907903914020004,0.018472405908967822,50,50,0.02,0.16
2023-10-31,2023-11-01,elastic_net_score_weighted,2133690.8661802053,2132470.3015703657,2.03522176889237e-09,9.574023351888172e-09,1220.564609830007,0.0005720437900243238,609672.0226100846,610892.5872199223,1220564.609830007,0.5720437900243238,0.2863079169071759,25,25,0.05,0.16351905855384463
2023-10-31,2023-11-01,elastic_net_top20_equal_weight,2209650.589899763,2208455.0957389576,7.591893336211797e-09,-1.8849277694243938e-10,1195.4941608055517,0.0005410331236395991,597149.333322377,598344.8274831746,1195494.1608055516,0.5410331236395991,0.2707870783816176,20,20,0.05,0.15000000000000002
2023-10-31,2023-11-01,momentum_3m_top20_equal_weight,1666163.1319265678,1664988.6672910934,7.089624887157697e-09,-1.5859313862165436e-09,1174.4646354757276,0.0007048917437740361,586645.0854201302,587819.5500555974,1174464.6354757275,0.704891743774036,0.3527983177589025,20,20,0.05,0.15000000000000002
2023-10-31,2023-11-01,ridge_top20_equal_weight,2244756.5297124106,2243542.0420753323,6.655000106547959e-09,-2.3032953322399408e-09,1214.4876370806928,0.0005410331236395994,606636.5747218106,607851.0623588822,1214487.6370806927,0.5410331236395993,0.2707870783816175,20,20,0.05,0.15000000000000002
2023-10-31,2023-11-01,universe_equal_weight,1700398.2053124646,1700316.8533165324,8.300759191115503e-09,-2.3641462121304357e-09,81.35199593430244,4.7842908608194644e-05,40635.321969189325,40716.673965113114,81351.99593430244,0.047842908608194644,0.023945375758398328,50,50,0.02,0.16
2023-11-30,2023-12-01,elastic_net_score_weighted,2318923.7964797434,2317537.8646075428,9.574023351888172e-09,-5.195261110202409e-09,1385.9318722058817,0.0005976616714657913,692272.9701668456,693658.9020390362,1385931.8722058816,0.5976616714657912,0.2991296665686252,25,25,0.05,0.16502568245360016
2023-11-30,2023-12-01,elastic_net_top20_equal_weight,2404948.7341225594,2402956.3120143497,-1.8849277694243938e-10,6.501750249299221e-09,1992.4221082031902,0.0008284676009653575,995214.8430474906,997207.2651556998,1992422.1082031901,0.8284676009653574,0.4146480342831627,20,20,0.05,0.2
2023-11-30,2023-12-01,momentum_3m_top20_equal_weight,1737650.9146907772,1735900.6997483736,-1.5859313862165436e-09,2.8637714422075078e-09,1750.2149424007396,0.001007230467065474,874232.3637291673,875982.5786715725,1750214.9424007395,1.007230467065474,0.5041188487662711,20,20,0.05,0.15000000000000002
2023-11-30,2023-12-01,ridge_top20_equal_weight,2442709.7551601776,2440930.2800353616,-2.3032953322399408e-09,-1.748048816807568e-09,1779.4751248176926,0.0007284840620374915,888847.8248464373,890627.2999712552,1779475.1248176927,0.7284840620374916,0.36460627304976456,20,20,0.05,0.2
2023-11-30,2023-12-01,universe_equal_weight,1823442.3024461581,1823360.515051594,-2.3641462121304357e-09,-5.245212264526344e-09,81.78739456937835,4.485329448574276e-05,40852.80358740607,40934.59098197227,81787.39456937835,0.04485329448574276,0.02244907389011338,50,50,0.02,0.16
2023-12-29,2024-01-02,elastic_net_score_weighted,2403769.194451597,2403052.1036662823,-5.195261110202409e-09,4.4573198465514e-09,717.090785310803,0.0002983193174145,358186.8472627412,358903.9380480618,717090.785310803,0.2983193174145,0.1493088183659593,25,25,0.05,0.17252804796936505
2023-12-29,2024-01-02,elastic_net_top20_equal_weight,2490420.304014607,2489345.240582182,6.501750249299221e-09,-8.00855559646152e-09,1075.0634324328034,0.0004316795163851579,536994.1845001928,538069.2479326107,1075063.4324328033,0.4316795163851579,0.21605559795076856,20,20,0.05,0.15000000000000002
2023-12-29,2024-01-02,momentum_3m_top20_equal_weight,1811544.9526584279,1810417.429055824,2.8637714422075078e-09,3.483364707790315e-09,1127.5236025999857,0.0006224099495545798,563198.0394986924,564325.5631012933,1127523.6025999857,0.6224099495545797,0.3115161797520674,20,20,0.05,0.2
2023-12-29,2024-01-02,ridge_top20_equal_weight,2529776.4673000854,2528926.580376253,-1.748048816807568e-09,5.758920451626182e-09,849.8869238261286,0.0003359533677428718,424518.518451147,425368.4053749814,849886.9238261286,0.33595336774287177,0.1681446605553089,20,20,0.05,0.2
2023-12-29,2024-01-02,universe_equal_weight,1908865.5119056706,1908780.1153751216,-5.245212264526344e-09,-4.768722305925621e-09,85.39653055357782,4.4736797862896174e-05,42655.5670115117,42740.9635420661,85396.53055357782,0.04473679786289617,0.022390767330379747,50,50,0.02,0.16
2024-01-31,2024-02-01,elastic_net_score_weighted,2454662.7332475493,2453641.5423883544,4.4573198465514e-09,1.7280399333685637e-11,1021.190859195759,0.000416020842849034,510084.83416828397,511106.025027475,1021190.8591957589,0.416020842849034,0.20821843184594058,25,25,0.05,0.1691371393091663
2024-01-31,2024-02-01,elastic_net_top20_equal_weight,2534432.1644997695,2533522.701810946,-8.00855559646152e-09,-3.1812987799639814e-09,909.4626888264119,0.00035884278205012285,454276.61306879076,455186.07575762115,909462.6888264118,0.3588427820501228,0.17960081241608727,20,20,0.05,0.15000000000000002
2024-01-31,2024-02-01,momentum_3m_top20_equal_weight,1861490.2773366855,1860335.8248347035,3.483364707790315e-09,9.57811607804615e-09,1154.4525019724067,0.0006201764876387814,576649.024735214,577803.4772371923,1154452.5019724066,0.6201764876387814,0.3103983320632116,20,20,0.05,0.2
2024-01-31,2024-02-01,ridge_top20_equal_weight,2581186.6047266345,2579996.36849769,5.758920451626182e-09,5.122501534060575e-09,1190.23622893868,0.00046111979147851425,594522.9963548706,595713.2325838092,1190236.22893868,0.4611197914785143,0.23079045563499634,20,20,0.05,0.15000000000000002
2024-01-31,2024-02-01,universe_equal_weight,1950389.0104295337,1950284.926025474,-4.768722305925621e-09,-3.882334453919611e-09,104.0844040635681,5.33659713559633e-05,51990.15982975201,52094.24423381609,104084.4040635681,0.0533659713559633,0.026709668663659765,50,50,0.02,0.16
2024-02-29,2024-03-01,elastic_net_score_weighted,2604321.7547716517,2603313.915690124,1.7280399333685637e-11,1.850821718107909e-10,1007.8390815279458,0.0003869871607382528,503415.6212232087,504423.4603047369,1007839.0815279458,0.38698716073825284,0.19368707394949555,25,25,0.05,0.14066828624484534
2024-02-29,2024-03-01,elastic_net_top20_equal_weight,2700960.4601761242,2699757.8834387898,-3.1812987799639814e-09,4.997900759917684e-09,1202.5767373294882,0.0004452404080180687,600687.080296075,601889.657033413,1202576.7373294882,0.4452404080180687,0.2228428242130449,20,20,0.05,0.15000000000000002
2024-02-29,2024-03-01,momentum_3m_top20_equal_weight,2026998.0862063994,2026133.006170081,9.57811607804615e-09,-5.001083991373889e-10,865.0800363188954,0.0004267789112410679,432107.47814129334,432972.55817760195,865080.0363188954,0.42677891124106787,0.2136028450761519,20,20,0.05,0.15000000000000002
2024-02-29,2024-03-01,ridge_top20_equal_weight,2750505.520921228,2749280.884720833,5.122501534060575e-09,4.027015165775083e-09,1224.63620039092,0.0004452404080180694,611705.7820952653,612930.4182956547,1224636.20039092,0.4452404080180694,0.22284282421304344,20,20,0.05,0.15000000000000002
2024-02-29,2024-03-01,universe_equal_weight,2049429.2558503307,2049329.3806556547,-3.882334453919611e-09,7.506173460569698e-11,99.87519467591252,4.8733175049008074e-05,49887.6597406162,49987.534935296324,99875.19467591253,0.04873317504900808,0.02439095411202957,50,50,0.02,0.16
2024-03-28,2024-04-01,elastic_net_score_weighted,2712983.8908414743,2711482.6951157283,1.850821718107909e-10,7.091784937074408e-09,1501.1957257388954,0.0005533375007520875,749847.2650065743,751348.4607323208,1501195.7257388954,0.5533375007520874,0.2769454191264211,25,25,0.05,0.1660514011725866
2024-03-28,2024-04-01,elastic_net_top20_equal_weight,2829635.2651974685,2827849.0022488516,4.997900759917684e-09,1.6398189472965896e-09,1786.2629486152337,0.0006312696800838669,892238.342833311,894024.6057819227,1786262.9486152336,0.6312696800838669,0.31595047488197475,20,20,0.05,0.2
2024-03-28,2024-04-01,momentum_3m_top20_equal_weight,2091421.6806107066,2090140.901298909,-5.001083991373889e-10,1.4076704246690497e-09,1280.779311796174,0.0006123964974017958,639749.2662421879,641030.0455539858,1280779.311796174,0.6123964974017958,0.3065044469495991,20,20,0.05,0.15000000000000002
2024-03-28,2024-04-01,ridge_top20_equal_weight,2881540.671873268,2879671.072804695,4.027015165775083e-09,7.539483704022132e-09,1869.599068565671,0.0006488192538161395,933864.7347485509,935734.3338171201,1869599.0685656709,0.6488192538161394,0.3247340365349784,20,20,0.05,0.2
2024-03-28,2024-04-01,universe_equal_weight,2118958.499720655,2118874.4244015208,7.506173460569698e-11,-4.5282178007255425e-09,84.07531913869282,3.967766199752217e-05,41995.62190977937,42079.69722891345,84075.31913869282,0.03967766199752217,0.019858669829758757,50,50,0.02,0.16
2024-04-30,2024-05-01,elastic_net_score_weighted,2635335.3931396427,2634608.839485783,7.091784937074408e-09,1.0825260687852278e-09,726.5536538589165,0.0002756968451720777,362913.5501025318,363640.10375638475,726553.6538589165,0.27569684517207765,0.13798627100862376,25,25,0.05,0.15318152794577447
2024-04-30,2024-05-01,elastic_net_top20_equal_weight,2760454.104296261,2759561.4261979125,1.6398189472965896e-09,-4.966977940057404e-10,892.678098348466,0.0003233808875717721,445892.7101250595,446785.3882234064,892678.098348466,0.3233808875717721,0.16185213422967162,20,20,0.05,0.2
2024-04-30,2024-05-01,momentum_3m_top20_equal_weight,1985162.2854705784,1983912.2142160777,1.4076704246690497e-09,-9.360974217997864e-10,1250.0712545015897,0.0006297073360958311,624410.5916235452,625660.6628780444,1250071.2545015896,0.6297073360958311,0.3151685217159628,20,20,0.05,0.2
2024-04-30,2024-05-01,ridge_top20_equal_weight,2757902.0712215137,2756418.3966261186,7.539483704022132e-09,9.648829291108996e-09,1483.67459538592,0.0005379721821408908,741095.460395266,742579.1349906537,1483674.5953859198,0.5379721821408907,0.2692550771615161,20,20,0.05,0.15000000000000002
2024-04-30,2024-05-01,universe_equal_weight,2045478.900534135,2045388.9739550059,-4.5282178007255425e-09,2.53820076068223e-09,89.9265791261798,4.396358187938155e-05,44918.326273523206,45008.25285265661,89926.5791261798,0.043963581879381555,0.022003772730632237,50,50,0.02,0.16
2024-05-31,2024-06-03,elastic_net_score_weighted,2814603.101295347,2813979.0971233645,1.0825260687852278e-09,8.058464118221309e-09,624.0041719738834,0.00022170236779981588,311690.0839009508,312314.0880729327,624004.1719738834,0.22170236779981586,0.11096203508380928,25,25,0.05,0.1626895596706985
2024-05-31,2024-06-03,elastic_net_top20_equal_weight,2945093.605318219,2944342.14503234,-4.966977940057404e-10,7.714334060437977e-09,751.4602858710259,0.0002551566729539757,375354.41279257333,376105.87307845266,751460.2858710259,0.25515667295397565,0.12770591481346624,20,20,0.05,0.15000000000000002
2024-05-31,2024-06-03,momentum_3m_top20_equal_weight,2122891.447355727,2121541.148634688,-9.360974217997864e-10,3.034529072465375e-09,1350.2987210361675,0.0006360658349809168,674474.2111575637,675824.509878604,1350298.7210361676,0.6360658349809168,0.31835095040794986,20,20,0.05,0.2
2024-05-31,2024-06-03,ridge_top20_equal_weight,2873986.1715720505,2872129.5280907033,9.648829291108996e-09,-3.775312507059425e-09,1856.6434813510195,0.0006460168457718947,927393.4189348414,929250.062416178,1856643.4813510196,0.6460168457718948,0.3233314313088308,20,20,0.05,0.2
2024-05-31,2024-06-03,universe_equal_weight,2139371.535860955,2139247.4770327215,2.53820076068223e-09,7.4007289185828995e-09,124.05882822587483,5.798844480556735e-05,61967.38469882195,62091.44352705288,124058.82822587484,0.057988444805567356,0.02902321662518764,50,50,0.02,0.16
2024-06-28,2024-07-01,elastic_net_score_weighted,2864133.225401417,2863616.9177421974,8.058464118221309e-09,-2.7841906558023766e-09,516.3076592227346,0.00018026663517035685,257895.67578176156,258411.98344097304,516307.6592227346,0.18026663517035685,0.09022345090276163,25,25,0.05,0.16426625011345095
2024-06-28,2024-07-01,elastic_net_top20_equal_weight,2995443.2506585307,2994665.6265684413,7.714334060437977e-09,7.335529517149553e-09,777.6240900821272,0.0002596023442978501,388423.232996023,389200.8570861042,777624.0900821271,0.25960234429785006,0.12993097332107384,20,20,0.05,0.15000000000000002
2024-06-28,2024-07-01,momentum_3m_top20_equal_weight,2113053.449638774,2111752.048837567,3.034529072465375e-09,-3.0711362342117354e-09,1301.40080121001,0.0006158863617162567,650049.7002044031,651351.1010056067,1301400.80121001,0.6158863617162567,0.3082511240389849,20,20,0.05,0.2
2024-06-28,2024-07-01,ridge_top20_equal_weight,2903542.0274778013,2901370.680445957,-3.775312507059425e-09,9.820723789744079e-09,2171.3470318344935,0.0007478269683324204,1084587.8424013222,1086759.1894331707,2171347.0318344934,0.7478269683324203,0.3742873976503787,20,20,0.05,0.2
2024-06-28,2024-07-01,universe_equal_weight,2171668.4350289884,2171564.510357882,7.4007289185828995e-09,8.159560138665256e-09,103.92467109788092,4.785475969608302e-05,51910.37321339115,52014.29788448977,103924.67109788091,0.047854759696083014,0.023951307227889723,50,50,0.02,0.16
2024-07-31,2024-08-01,elastic_net_score_weighted,2944330.750241741,2942721.831397148,-2.7841906558023766e-09,2.3032953322399408e-10,1608.9188445934585,0.0005464463679772933,803654.9628744309,805263.8817190279,1608918.8445934586,0.5464463679772933,0.27349640717263596,25,25,0.05,0.18422764945336567
2024-07-31,2024-08-01,elastic_net_top20_equal_weight,3086388.2219422776,3084352.643020873,7.335529517149553e-09,-8.20273271529004e-09,2035.57892141287,0.0006595343084000856,1016771.6712457361,1018807.2501671333,2035578.9214128698,0.6595343084000855,0.3300969213542402,20,20,0.05,0.2
2024-07-31,2024-08-01,momentum_3m_top20_equal_weight,2137610.3891720916,2135639.322907814,-3.0711362342117354e-09,8.27594703878276e-09,1971.0662642695138,0.0009220886435871593,984547.5990026165,986518.6652668974,1971066.2642695138,0.9220886435871594,0.46150536611537596,20,20,0.05,0.2
2024-07-31,2024-08-01,ridge_top20_equal_weight,2994204.1306832405,2991946.792037843,9.820723789744079e-09,2.235992724308744e-09,2257.3386453954495,0.0007539027223505809,1127540.6533750307,1129797.992020419,2257338.6453954494,0.7539027223505809,0.3773283125364646,20,20,0.05,0.15000000000000002
2024-07-31,2024-08-01,universe_equal_weight,2237151.479252387,2237020.596211314,8.159560138665256e-09,-1.0132907846127637e-09,130.8830410741158,5.8504326724381844e-05,65376.079016525844,65506.96205758995,130883.04107411578,0.05850432672438184,0.02928141552555088,50,50,0.02,0.16
2024-08-30,2024-09-03,elastic_net_score_weighted,3022586.6927715265,3021553.6956251347,2.3032953322399408e-10,5.421952664619312e-09,1032.9971463863535,0.0003417593112736027,515982.0746199807,517015.07176637265,1032997.1463863535,0.3417593112736027,0.17105053529243905,25,25,0.05,0.15447722181859963
2024-08-30,2024-09-03,elastic_net_top20_equal_weight,3170981.668102674,3169615.6768176137,-8.20273271529004e-09,-1.163016349892132e-09,1365.9912850616954,0.0004307786761438526,682312.6468883135,683678.638173382,1365991.2850616954,0.4307786761438526,0.21560472740999934,20,20,0.05,0.15000000000000002
2024-08-30,2024-09-03,momentum_3m_top20_equal_weight,2191796.43161102,2190433.017527042,8.27594703878276e-09,1.1323209037072957e-10,1363.414083978048,0.000622053245599961,681025.3349470394,682388.7490310092,1363414.083978048,0.622053245599961,0.3113376494227787,20,20,0.05,0.15000000000000002
2024-08-30,2024-09-03,ridge_top20_equal_weight,3079373.8022673284,3078024.604466018,2.235992724308744e-09,-7.078369890223257e-09,1349.1978013171818,0.00043814031291809194,673924.3017579367,675273.4995592446,1349197.8013171817,0.4381403129180919,0.21928922661550343,20,20,0.05,0.2
2024-08-30,2024-09-03,universe_equal_weight,2294759.6310280478,2294673.6916975384,-1.0132907846127637e-09,1.522366233075445e-09,85.93933050787577,3.745025376334301e-05,42926.6955886827,43012.63491919308,85939.33050787577,0.03745025376334301,0.018743852008553726,50,50,0.02,0.16
2024-09-30,2024-10-01,elastic_net_score_weighted,3102673.994024175,3102057.5092983916,5.421952664619312e-09,-4.036451173305977e-09,616.4847257880812,0.00019869465079974422,307934.1205311514,308550.60525692976,616484.7257880812,0.19869465079974422,0.09944667272527041,25,25,0.05,0.15791343782033837
2024-09-30,2024-10-01,elastic_net_top20_equal_weight,3274419.6638647304,3273290.5679434557,-1.163016349892132e-09,-8.293682185467333e-09,1129.095921283034,0.00034482321668884223,563983.4126808795,565112.5086021544,1129095.921283034,0.34482321668884225,0.17258401995276432,20,20,0.05,0.15000000000000002
2024-09-30,2024-10-01,momentum_3m_top20_equal_weight,2262760.65170183,2261568.097854171,1.1323209037072957e-10,3.949253368773498e-09,1192.5538476544987,0.0005270349061256544,595680.6469034202,596873.2007510785,1192553.8476544986,0.5270349061256545,0.26378097051589094,20,20,0.05,0.2
2024-09-30,2024-10-01,ridge_top20_equal_weight,3161290.3161245994,3159583.2500198185,-7.078369890223257e-09,-8.321876521222293e-11,1707.0661047805002,0.0005399902995537527,852679.5193378562,854386.585442644,1707066.1047805,0.5399902995537527,0.2702651449266544,20,20,0.05,0.15000000000000002
2024-09-30,2024-10-01,universe_equal_weight,2350731.233113078,2350627.31922709,1.522366233075445e-09,6.070621338949422e-09,103.9138859817588,4.420491994916213e-05,51904.98604788593,52008.899933872875,103913.8859817588,0.04420491994916213,0.022124562434556752,50,50,0.02,0.16
2024-10-31,2024-11-01,elastic_net_score_weighted,3119535.229279849,3118091.595021342,-4.036451173305977e-09,-2.8073827706975862e-09,1443.6342585100926,0.00046277222483663327,721095.3121257904,722538.9463843025,1443634.2585100925,0.4627722248366332,0.2316174985307353,25,25,0.05,0.17540628967530325
2024-10-31,2024-11-01,elastic_net_top20_equal_weight,3299710.202693685,3297947.6862884704,-8.293682185467333e-09,-9.700670489110053e-09,1762.5164052242562,0.0005341427873834023,880376.9444095169,882139.4608147397,1762516.4052242562,0.5341427873834023,0.26733846508539266,20,20,0.05,0.15000000000000002
2024-10-31,2024-11-01,momentum_3m_top20_equal_weight,2213204.843096224,2210764.644846987,3.949253368773498e-09,-6.866684998385608e-09,2440.1982492435473,0.0011025632158972525,1218879.0254971567,1221319.2237463905,2440198.249243547,1.1025632158972527,0.5518328895565727,20,20,0.05,0.2
2024-10-31,2024-11-01,ridge_top20_equal_weight,3160882.395384923,3158862.565950321,-8.321876521222293e-11,2.4890596250770614e-09,2019.829434599101,0.0006390080939259786,1008904.8025822494,1010924.6320168512,2019829.4345991008,0.6390080939259785,0.31982355100995263,20,20,0.05,0.2
2024-10-31,2024-11-01,universe_equal_weight,2339682.255158892,2339578.6384789348,6.070621338949422e-09,-1.948407657437201e-09,103.61667995908492,4.4286646073677267e-05,51756.53163956694,51860.14831951795,103616.67995908491,0.044286646073677265,0.022165466359873744,50,50,0.02,0.16
2024-11-29,2024-12-02,elastic_net_score_weighted,3362959.355539207,3361599.576140062,-2.8073827706975862e-09,-8.435108611593023e-09,1359.779399153364,0.0004043401229080097,679209.8098771082,680569.5892762555,1359779.399153364,0.4043401229080097,0.20237223151545788,25,25,0.05,0.2189440001091435
2024-11-29,2024-12-02,elastic_net_top20_equal_weight,3563310.0170725943,3562058.7293093386,-9.700670489110053e-09,-9.167024472844787e-09,1251.2877632648153,0.0003511588262793928,625018.2377507753,626269.5255140401,1251287.7632648153,0.3511588262793928,0.1757549925528361,20,20,0.05,0.2
2024-11-29,2024-12-02,momentum_3m_top20_equal_weight,2367338.682588921,2365637.387049826,-6.866684998385608e-09,-1.4752004062756896e-09,1701.2955390965417,0.0007186532081822806,849797.1217787198,851498.417317822,1701295.5390965417,0.7186532081822806,0.35968593069523264,20,20,0.05,0.15000000000000002
2024-11-29,2024-12-02,ridge_top20_equal_weight,3407190.753173919,3405600.8744720286,2.4890596250770614e-09,8.080405677901581e-09,1589.8787018822727,0.00046662450595149225,794144.4115901924,795734.29029208,1589878.7018822727,0.46662450595149224,0.2335455652287226,20,20,0.05,0.2
2024-11-29,2024-12-02,universe_equal_weight,2474578.5772343725,2474431.286535945,-1.948407657437201e-09,4.284828492018278e-09,147.29069842342213,5.952152814158623e-05,73571.70386249619,73718.99456092593,147290.69842342212,0.05952152814158623,0.029790524834865186,50,50,0.02,0.16
2024-12-31,2025-01-02,elastic_net_score_weighted,3282633.3861060096,3281452.7127821892,-8.435108611593023e-09,-7.948301572469063e-09,1180.6733238292247,0.0003596726118812148,589746.3252526977,590926.9985765271,1180673.3238292248,0.3596726118812148,0.18001614224654805,25,25,0.05,0.17848863884953325
2024-12-31,2025-01-02,elastic_net_top20_equal_weight,3464461.485173484,3463556.9680618774,-9.167024472844787e-09,8.64247340359725e-09,904.5171115977878,0.0002610844760343739,451806.2972430862,452710.81435470155,904517.1115977878,0.2610844760343739,0.13067278025520665,20,20,0.05,0.15000000000000002
2024-12-31,2025-01-02,momentum_3m_top20_equal_weight,2245254.275711063,2244082.9566083234,-1.4752004062756896e-09,-3.4472122933948413e-09,1171.3191027433625,0.0005216866149257908,585073.8918203108,586245.2109230515,1171319.1027433625,0.5216866149257908,0.26110415077035765,20,20,0.05,0.2
2024-12-31,2025-01-02,ridge_top20_equal_weight,3328778.6585166496,3326631.4170532865,8.080405677901581e-09,-5.326000973582268e-09,2147.241463368031,0.0006450538421574932,1072547.1109523377,1074694.352415693,2147241.4633680307,0.6450538421574932,0.3228494479998234,20,20,0.05,0.2
2024-12-31,2025-01-02,universe_equal_weight,2399277.2894726144,2399149.7094304655,4.284828492018278e-09,-6.9122876311666914e-09,127.58004215538689,5.317436326145957e-05,63726.23105662108,63853.81109876582,127580.0421553869,0.05317436326145957,0.026613768812358298,50,50,0.02,0.16
2025-01-31,2025-02-03,elastic_net_score_weighted,3368429.3149760035,3367060.775164973,-7.948301572469063e-09,-9.343011697637849e-09,1368.5398110403046,0.00040628425983463273,683585.6356146331,684954.1754256717,1368539.8110403046,0.40628425983463273,0.2033452720472335,25,25,0.05,0.16774413312306677
2025-01-31,2025-02-03,elastic_net_top20_equal_weight,3592832.322573801,3590867.665660275,8.64247340359725e-09,4.8976289690472186e-09,1964.6569135205273,0.0005468267754040645,981346.1283035052,983310.7852170218,1964656.9135205273,0.5468267754040645,0.2736868010897337,20,20,0.05,0.15000000000000002
2025-01-31,2025-02-03,momentum_3m_top20_equal_weight,2309768.5907925195,2308768.1600668286,-3.4472122933948413e-09,8.324946065840777e-09,1000.4307256821181,0.00043313028399042086,499715.147478212,500715.57820390596,1000430.7256821181,0.4331302839904208,0.21678170713720815,20,20,0.05,0.2
2025-01-31,2025-02-03,ridge_top20_equal_weight,3414719.164402028,3412479.5232423786,-5.326000973582268e-09,2.926753950305283e-09,2239.6411596460803,0.0006558785808783421,1118700.7592432129,1120940.4004028677,2239641.1596460803,0.655878580878342,0.32826722972961153,20,20,0.05,0.2
2025-01-31,2025-02-03,universe_equal_weight,2464094.9409094676,2463977.607025438,-6.9122876311666914e-09,2.197282356064534e-09,117.33388402698625,4.7617436357253236e-05,58608.27507147492,58725.608955511336,117333.88402698626,0.04761743635725324,0.02383252689680716,50,50,0.02,0.16
2025-02-28,2025-03-03,elastic_net_score_weighted,3385936.1332784337,3384595.1375420727,-9.343011697637849e-09,-2.651177055668086e-10,1340.9957363612807,0.00039604873913048715,669827.3703124551,671168.3660488257,1340995.7363612808,0.39604873913048716,0.1982223939348102,25,25,0.05,0.15363104324850807
2025-02-28,2025-03-03,elastic_net_top20_equal_weight,3607170.861667935,3604802.060582533,4.8976289690472186e-09,-1.0010353435063735e-08,2368.8010854113368,0.0006566922322930988,1183216.14216297,1185584.9432483665,2368801.0854113367,0.6566922322930988,0.32867446226269387,20,20,0.05,0.15000000000000002
2025-02-28,2025-03-03,momentum_3m_top20_equal_weight,2314608.5231117723,2312722.9598690094,8.324946065840777e-09,-3.829200068139471e-09,1885.5632427666444,0.0008146359196118759,941838.8397619452,943724.4030046994,1885563.2427666443,0.8146359196118759,0.4077252777657412,20,20,0.05,0.15000000000000002
2025-02-28,2025-03-03,ridge_top20_equal_weight,3438742.0140583483,3436160.57259742,2.926753950305283e-09,2.2018866729922593e-09,2581.4414609257465,0.0007506935531575894,1289430.0097324105,1292011.4511933357,2581441.4609257462,0.7506935531575892,0.37572212335537336,20,20,0.05,0.2
2025-02-28,2025-03-03,universe_equal_weight,2509017.946147702,2508878.4090181375,2.197282356064534e-09,-8.200402135116747e-09,139.53712957287684,5.561424133578616e-05,69698.79622165751,69838.33335121936,139537.12957287685,0.055614241335786165,0.027834927788558787,50,50,0.02,0.16
2025-03-31,2025-04-01,elastic_net_score_weighted,3119838.924207168,3119258.3833129117,-2.651177055668086e-10,-8.988081390270963e-09,580.5408942654271,0.00018608040619050794,289980.17668558494,290560.71757984225,580540.8942654271,0.18608040619050792,0.09313324329834793,25,25,0.05,0.16237590385660114
2025-03-31,2025-04-01,elastic_net_top20_equal_weight,3330754.768426661,3329887.924842937,-1.0010353435063735e-08,3.9931364881340414e-09,866.8435837200027,0.00026025439997477543,432988.3700681343,433855.2136518684,866843.5837200027,0.2602543999747754,0.1302573271873772,20,20,0.05,0.15000000000000002
2025-03-31,2025-04-01,momentum_3m_top20_equal_weight,2153560.9109865203,2151814.986348278,-3.829200068139471e-09,8.507640814059414e-09,1745.9246382339531,0.0008107152341626437,872089.3567978535,873835.2814360999,1745924.6382339532,0.8107152341626437,0.4057629746984061,20,20,0.05,0.15000000000000002
2025-03-31,2025-04-01,ridge_top20_equal_weight,3180862.2864316013,3179393.6902826997,2.2018866729922593e-09,3.6432084016269073e-09,1468.5961488970445,0.00046169749478358125,733563.776374073,735032.3725229715,1468596.1488970444,0.4616974947835812,0.23107959613918264,20,20,0.05,0.15000000000000002
2025-03-31,2025-04-01,universe_equal_weight,2363023.7194808335,2362894.987957013,-8.200402135116747e-09,-6.130022711658967e-09,128.7315238263291,5.447745732091592e-05,64301.39615124991,64430.127675079195,128731.5238263291,0.05447745732091592,0.027265967389119045,50,50,0.02,0.16
2025-04-30,2025-05-01,elastic_net_score_weighted,3099317.4812728725,3097657.8837150084,-8.988081390270963e-09,-4.255525709595531e-09,1659.597557868873,0.0005354719443544343,828968.9801554997,830628.5777133733,1659597.557868873,0.5354719443544342,0.2680037081493951,25,25,0.05,0.1695746634020488
2025-04-30,2025-05-01,elastic_net_top20_equal_weight,3334181.6222796203,3332306.8973848303,3.9931364881340414e-09,8.403731044381857e-09,1874.7248947811095,0.0005622743770926724,936425.0849431622,938299.8098379475,1874724.8947811094,0.5622743770926724,0.2814183257348832,20,20,0.05,0.2
2025-04-30,2025-05-01,momentum_3m_top20_equal_weight,2092564.00114512,2091286.3450834416,8.507640814059414e-09,-2.9058355721645057e-09,1277.6560616810993,0.0006105696461288276,638189.2028097147,639466.8588713846,1277656.0616810992,0.6105696461288275,0.3055901078874755,20,20,0.05,0.2
2025-04-30,2025-05-01,ridge_top20_equal_weight,3080477.833996442,3078680.6057066475,3.6432084016269073e-09,1.1314114090055227e-09,1797.2282897930454,0.0005834251653943636,897715.5307516272,899512.7590414179,1797228.2897930453,0.5834251653943636,0.2920042952798786,20,20,0.05,0.2
2025-04-30,2025-05-01,universe_equal_weight,2303235.8658623165,2303082.1766156196,-6.130022711658967e-09,-3.7009044717706274e-09,153.68924670012092,6.672753276294639e-05,76767.77872670916,76921.46797341178,153689.24670012092,0.06672753276294639,0.03339713014785522,50,50,0.02,0.16
2025-05-30,2025-06-02,elastic_net_score_weighted,3286515.722728312,3285778.624003377,-4.255525709595531e-09,4.583171175909229e-09,737.0987249306206,0.00022427968922622882,368180.8131028407,368917.9118277799,737098.7249306206,0.22427968922622882,0.11225198445772883,25,25,0.05,0.20582352443615912
2025-05-30,2025-06-02,elastic_net_top20_equal_weight,3554655.8924062126,3553710.4637306742,8.403731044381857e-09,3.7156269172555767e-09,945.428675534679,0.00026596911322820076,472241.6234295743,473187.05210510443,945428.675534679,0.26596911322820077,0.1331175411707138,20,20,0.05,0.2
2025-05-30,2025-06-02,momentum_3m_top20_equal_weight,2143037.16950339,2141506.3424672848,-2.9058355721645057e-09,5.638639777316712e-09,1530.8270360994577,0.0007143259379183793,764648.1045316749,766178.9315677829,1530827.0360994576,0.7143259379183793,0.35752013192815085,20,20,0.05,0.2
2025-05-30,2025-06-02,ridge_top20_equal_weight,3276358.5823709676,3274532.422630837,1.1314114090055227e-09,6.41443875792902e-09,1826.1597401240026,0.0005573748093233693,912166.7901919365,913992.9499320658,1826159.7401240026,0.5573748093233692,0.2789660920663471,20,20,0.05,0.2
2025-05-30,2025-06-02,universe_equal_weight,2400188.4078561203,2400052.58225635,-3.7009044717706274e-09,1.7849970390670933e-09,135.82559976827667,5.658955743795042e-05,67844.88708425136,67980.71268402532,135825.59976827668,0.05658955743795042,0.028323073497695368,50,50,0.02,0.16
2025-06-30,2025-07-01,elastic_net_score_weighted,3515251.2888122196,3514526.4019089835,4.583171175909229e-09,-3.5774974094238132e-09,724.886903239732,0.00020621197282447097,362081.0081682503,362805.8950714816,724886.9032397319,0.20621197282447096,0.10320909239864651,25,25,0.05,0.22959262053812202
2025-06-30,2025-07-01,elastic_net_top20_equal_weight,3820705.718436479,3820154.5014588255,3.7156269172555767e-09,3.751779331651051e-09,551.2169776498075,0.00014427098506696252,275332.8803360789,275884.0973137286,551216.9776498075,0.14427098506696248,0.07220762802601471,20,20,0.05,0.25
2025-06-30,2025-07-01,momentum_3m_top20_equal_weight,2185728.250651764,2184138.726842091,5.638639777316712e-09,-3.2209754863288254e-09,1589.5238096764856,0.000727228469139521,793967.1429334088,795556.6667430769,1589523.8096764856,0.727228469139521,0.3639778488043283,20,20,0.05,0.2
2025-06-30,2025-07-01,ridge_top20_equal_weight,3471134.9522564653,3469571.6946109803,6.41443875792902e-09,4.35466063208878e-09,1563.2576454806367,0.00045035922457132264,780847.1939175791,782410.4515630576,1563257.6454806367,0.45035922457132266,0.22540479189794665,20,20,0.05,0.15000000000000002
2025-06-30,2025-07-01,universe_equal_weight,2515336.435462956,2515193.2492537005,1.7849970390670933e-09,-5.188638851905125e-09,143.18620926055243,5.6925271403782824e-05,71521.51152564959,71664.69773490286,143186.20926055242,0.056925271403782826,0.02849109833759186,50,50,0.02,0.16
2025-07-31,2025-08-01,elastic_net_score_weighted,3526083.9128147513,3523754.454000827,-3.5774974094238132e-09,-4.046796675538644e-09,2329.458813928855,0.00066063623882091,1163564.6775574633,1165894.1363713914,2329458.8139288547,0.6606362388209099,0.33064843752986534,25,25,0.05,0.21456954533191383
2025-07-31,2025-08-01,elastic_net_top20_equal_weight,3842994.267145887,3840138.9267569957,3.751779331651051e-09,1.4747456589248031e-09,2855.3403888898124,0.0007429988676538971,1426242.524250463,1429097.86463935,2855340.3888898124,0.7429988676538971,0.37187093326077525,20,20,0.05,0.25
2025-07-31,2025-08-01,momentum_3m_top20_equal_weight,2219385.0803408916,2218014.263653176,-3.2209754863288254e-09,-3.836021278402768e-09,1370.8166877195415,0.0006176560795429821,684722.9355159112,686093.7522036297,1370816.6877195414,0.6176560795429821,0.3091368678112622,20,20,0.05,0.2
2025-07-31,2025-08-01,ridge_top20_equal_weight,3496737.702639468,3495545.171419098,4.35466063208878e-09,-7.528342393925413e-10,1192.5312203707251,0.00034104108508641013,595669.3445751795,596861.8757955455,1192531.220370725,0.3410410850864101,0.17069106308574758,20,20,0.05,0.2
2025-07-31,2025-08-01,universe_equal_weight,2521985.8157798643,2521857.9684905624,-5.188638851905125e-09,-4.619337801159418e-09,127.84728930607436,5.069310402387835e-05,63859.7210083838,63987.56829769055,127847.28930607435,0.050693104023878346,0.025371898563951247,50,50,0.02,0.16
2025-08-29,2025-09-02,elastic_net_score_weighted,3687177.490464875,3686208.7278881688,-4.046796675538644e-09,-2.3560460249427706e-09,968.7625767085979,0.0002627382541832716,483896.9070659437,484865.669642654,968762.5767085978,0.2627382541832716,0.13150049621872764,25,25,0.05,0.17290431720086583
2025-08-29,2025-09-02,elastic_net_top20_equal_weight,4022468.721510948,4021513.9572566254,1.4747456589248031e-09,6.6548864197102375e-09,954.764254315155,0.0002373577821026585,476904.745030417,477859.50928473787,954764.254315155,0.2373577821026585,0.11879756994238128,20,20,0.05,0.2
2025-08-29,2025-09-02,momentum_3m_top20_equal_weight,2266215.1228365726,2265013.854840903,-3.836021278402768e-09,2.8194335754960775e-09,1201.267995666687,0.0005300767714245441,600033.363835507,601234.6318311801,1201267.9956666871,0.5300767714245441,0.26530342409798574,20,20,0.05,0.2
2025-08-29,2025-09-02,ridge_top20_equal_weight,3644055.697707772,3642817.673174156,-7.528342393925413e-10,-2.4224391381721944e-09,1238.0245336183357,0.0003397380930256069,618393.2545423598,619631.279075976,1238024.5336183356,0.3397380930256068,0.17003891555931597,20,20,0.05,0.15000000000000002
2025-08-29,2025-09-02,universe_equal_weight,2624817.607775181,2624710.9174355185,-4.619337801159418e-09,4.726018687506439e-09,106.69033965787429,4.064676316626281e-05,53291.82465910328,53398.514998770996,106690.33965787428,0.040646763166262805,0.020343704964716408,50,50,0.02,0.16
2025-09-30,2025-10-01,elastic_net_score_weighted,3815686.6426707506,3814222.713103572,-2.3560460249427706e-09,-3.7346126191550866e-09,1463.929567182446,0.000383660846467671,731232.8188076325,732696.7483748134,1463929.567182446,0.383660846467671,0.19202225365706913,25,25,0.05,0.1484880701473598
2025-09-30,2025-10-01,elastic_net_top20_equal_weight,4141680.743359029,4139780.924394343,6.6548864197102375e-09,-4.546336640487425e-09,1899.8189646903254,0.0004587072452980802,948959.5728628231,950859.3918275022,1899818.9646903253,0.4587072452980802,0.2295829762716878,20,20,0.05,0.15000000000000002
2025-09-30,2025-10-01,momentum_3m_top20_equal_weight,2369891.444301097,2368402.9318836983,2.8194335754960775e-09,-5.130004865350202e-09,1488.5124174039888,0.0006280930803743902,743511.9524932964,745000.4649106922,1488512.4174039888,0.6280930803743903,0.31436058672738054,20,20,0.05,0.2
2025-09-30,2025-10-01,ridge_top20_equal_weight,3793467.9808940887,3792095.8831040813,-2.4224391381721944e-09,-5.876927389181219e-09,1372.0977900128908,0.0003617001110655213,685362.8461114408,686734.9439014499,1372097.7900128907,0.3617001110655213,0.1810309055882929,20,20,0.05,0.15000000000000002
2025-09-30,2025-10-01,universe_equal_weight,2692584.045668802,2692424.182862233,4.726018687506439e-09,5.866240826435387e-09,159.86280656345298,5.937151964507952e-05,79851.47187844414,80011.33468500884,159862.80656345296,0.059371519645079515,0.029715445582362533,50,50,0.02,0.16
2025-10-31,2025-11-03,elastic_net_score_weighted,3971174.79350475,3969266.6782589904,-3.7346126191550866e-09,6.2350409280043095e-09,1908.1152457527864,0.00048049137723015823,953103.5652535117,955011.6804992747,1908115.2457527865,0.4804913772301582,0.24048593430369547,25,25,0.05,0.14999999999999997
2025-10-31,2025-11-03,elastic_net_top20_equal_weight,4344485.7775979955,4342013.924738567,-4.546336640487425e-09,3.407876647543162e-09,2471.8528594247446,0.0005689632757392514,1234690.5032826562,1237162.3561420885,2471852.8594247447,0.5689632757392515,0.28476611950749625,20,20,0.05,0.15000000000000002
2025-10-31,2025-11-03,momentum_3m_top20_equal_weight,2480132.8362836554,2478602.275258581,-5.130004865350202e-09,-4.214825821691193e-09,1530.5610250784323,0.0006171286483880013,764515.2320266765,766045.7930517554,1530561.0250784322,0.6171286483880012,0.30887288851819467,20,20,0.05,0.2
2025-10-31,2025-11-03,ridge_top20_equal_weight,4013407.9766969015,4011147.9503962174,-5.876927389181219e-09,-7.89668774814345e-09,2260.0263006915143,0.0005631190035535714,1128883.1371954123,1131143.1634961017,2260026.3006915143,0.5631190035535714,0.2818410612785622,20,20,0.05,0.15000000000000002
2025-10-31,2025-11-03,universe_equal_weight,2739483.9325959478,2739310.445538901,5.866240826435387e-09,7.086725872795796e-09,173.48705703894672,6.33283718056158e-05,86656.78499095286,86830.27204799387,173487.05703894672,0.0633283718056158,0.03169585008871109,50,50,0.02,0.16
2025-11-28,2025-12-01,elastic_net_score_weighted,3968036.982750544,3966851.9429522976,6.2350409280043095e-09,-1.6714238881831989e-09,1185.0397982479024,0.00029864635924498425,591927.3792248309,593112.4190230714,1185039.7982479024,0.2986463592449843,0.1494725028021137,25,25,0.05,0.17414878101596104
2025-11-28,2025-12-01,elastic_net_top20_equal_weight,4331452.052006248,4330358.141930353,3.407876647543162e-09,-6.03176886215806e-09,1093.91007590152,0.00025255042945583134,546408.0829128143,547501.9929887056,1093910.07590152,0.25255042945583134,0.12640148994264241,20,20,0.05,0.2
2025-11-28,2025-12-01,momentum_3m_top20_equal_weight,2469339.148825921,2467813.1067333985,-4.214825821691193e-09,1.5145360521273687e-09,1526.042092520626,0.0006179961522280981,762258.0252140497,763784.0673065764,1526042.092520626,0.617996152228098,0.30930707419016434,20,20,0.05,0.2
2025-11-28,2025-12-01,ridge_top20_equal_weight,4032266.8849365246,4029651.0121734664,-7.89668774814345e-09,-3.657532943179831e-09,2615.872763061828,0.0006487350261546507,1306628.4451493814,1309244.3179124468,2615872.763061828,0.6487350261546506,0.3246918805904031,20,20,0.05,0.15000000000000002
2025-11-28,2025-12-01,universe_equal_weight,2764706.0950026447,2764556.0680346237,7.086725872795796e-09,-6.481883474407368e-09,150.026968026962,5.426506936782316e-05,74938.4705294744,75088.49749748764,150026.96802696201,0.05426506936782317,0.027159667218593017,50,50,0.02,0.16
2025-12-31,2026-01-02,elastic_net_score_weighted,3996578.552496677,3995563.4366293894,-1.6714238881831989e-09,-6.16751094639767e-09,1015.1158672940194,0.0002539962255114122,507050.3757133647,508065.49158065463,1015115.8672940193,0.2539962255114122,0.12712511086846132,25,25,0.05,0.21465808919458537
2025-12-31,2026-01-02,elastic_net_top20_equal_weight,4370753.261446875,4369267.638148144,-6.03176886215806e-09,3.813738658209331e-09,1485.6232987268875,0.0003399009758411971,742068.8377140759,743554.4610128116,1485623.2987268874,0.33990097584119705,0.17012043840852015,20,20,0.05,0.2
2025-12-31,2026-01-02,momentum_3m_top20_equal_weight,2475671.275167816,2474618.481545304,1.5145360521273687e-09,-1.4701981854159385e-09,1052.7936225133749,0.0004252558217536414,525870.4144454323,526923.2080679426,1052793.6225133748,0.4252558217536414,0.21284053878769693,20,20,0.05,0.2
2025-12-31,2026-01-02,ridge_top20_equal_weight,4068690.258567504,4067697.4698605337,-3.657532943179831e-09,-3.508830559439957e-09,992.7887069734443,0.00024400695159404522,495897.9591332354,496890.74784020893,992788.7069734442,0.2440069515940452,0.12212547927281965,20,20,0.05,0.15000000000000002
2025-12-31,2026-01-02,universe_equal_weight,2776226.167340614,2776129.237482478,-6.481883474407368e-09,8.203869583667256e-09,96.92985812732127,3.4914251319866974e-05,48416.46413458963,48513.39399273163,96929.85812732126,0.034914251319866973,0.017474582785596066,50,50,0.02,0.16
2026-01-30,2026-02-02,elastic_net_score_weighted,4036449.79290133,4034909.8545581033,-6.16751094639767e-09,5.670017344527878e-09,1539.9383432212396,0.0003815081128791543,769199.2024390032,770739.1407822367,1539938.3432212395,0.38150811287915426,0.19094481049601827,25,25,0.05,0.1774672260320488
2026-01-30,2026-02-02,elastic_net_top20_equal_weight,4452099.156699048,4449994.723433175,3.813738658209331e-09,2.7703208616003394e-09,2104.4332658704607,0.0004726833773915237,1051164.4163022959,1053268.849568165,2104433.265870461,0.4726833773915237,0.23657803038445746,20,20,0.05,0.15000000000000002
2026-01-30,2026-02-02,momentum_3m_top20_equal_weight,2524682.3604339734,2523123.899980557,-1.4701981854159385e-09,4.127059582970105e-09,1558.4604534116281,0.0006172897144747115,778450.9964791051,780009.4569325228,1558460.453411628,0.6172897144747115,0.30895350209459427,20,20,0.05,0.15000000000000002
2026-01-30,2026-02-02,ridge_top20_equal_weight,4085728.3967351895,4084219.9308090704,-3.508830559439957e-09,5.554738891078159e-10,1508.465926118571,0.00036920367181625456,753478.7300962239,754987.1960223472,1508465.9261185708,0.3692036718162546,0.18478643774403603,20,20,0.05,0.2
2026-01-30,2026-02-02,universe_equal_weight,2829411.532504181,2829209.914379006,8.203869583667256e-09,-7.569497029180638e-09,201.6181251826954,7.125797108922241e-05,100708.25352876421,100909.8716539312,201618.1251826954,0.07125797108922241,0.035664614530153044,50,50,0.02,0.16
2026-02-27,2026-03-02,elastic_net_score_weighted,4061124.1583185387,4059987.7669916507,5.670017344527878e-09,-9.0103640104644e-09,1136.391326897009,0.0002798218627641069,567627.4677850635,568763.8591119454,1136391.326897009,0.27982186276410687,0.1400508423134336,25,25,0.05,0.15643709890677937
2026-02-27,2026-03-02,elastic_net_top20_equal_weight,4512218.667409392,4510994.851388434,2.7703208616003394e-09,-2.7421265258453786e-10,1223.8160209583998,0.0002712226758418673,611296.1024687223,612519.9184896776,1223816.0209583999,0.27122267584186727,0.13574694925885422,20,20,0.05,0.15000000000000002
2026-02-27,2026-03-02,momentum_3m_top20_equal_weight,2570498.4226376135,2568130.528025547,4.127059582970105e-09,-2.4001565179787576e-09,2367.894612068848,0.0009211811185004067,1182763.3587283932,1185131.253340455,2367894.6120688478,0.9211811185004066,0.4610511498094522,20,20,0.05,0.15000000000000002
2026-02-27,2026-03-02,ridge_top20_equal_weight,4145462.7321299124,4143926.7796745785,5.554738891078159e-10,-6.91466084390413e-09,1535.9524553408144,0.00037051411497110524,767208.2514427406,768744.2038980738,1535952.4553408143,0.3705141149711052,0.18544231454303725,20,20,0.05,0.2
2026-02-27,2026-03-02,universe_equal_weight,2869101.94458277,2868898.097880825,-7.569497029180638e-09,-4.792070740222698e-09,203.84670194950462,7.104895743924093e-05,101821.42762377598,102025.27432572859,203846.7019495046,0.07104895743924093,0.035560003198340615,50,50,0.02,0.16
2026-03-31,2026-04-01,elastic_net_score_weighted,3977894.6840005247,3975887.716237744,-9.0103640104644e-09,6.320988177321851e-10,2006.9677627802093,0.0005045301402403705,1002480.3975087099,1004487.3652714995,2006967.7627802093,0.5045301402403706,0.25251733519030667,25,25,0.05,0.17293590049694485
2026-03-31,2026-04-01,elastic_net_top20_equal_weight,4422298.403891622,4419905.002628661,-2.7421265258453786e-10,4.4606167648453265e-09,2393.4012629568674,0.0005412120676548364,1195503.9308469528,1197897.332109914,2393401.2629568675,0.5412120676548363,0.270876639861246,20,20,0.05,0.2
2026-03-31,2026-04-01,momentum_3m_top20_equal_weight,2480752.903795785,2479438.786298587,-2.4001565179787576e-09,5.770289135398343e-09,1314.117497191582,0.0005297252681558324,656401.689847191,657715.8073443911,1314117.497191582,0.5297252681558324,0.26512749671199587,20,20,0.05,0.2
2026-03-31,2026-04-01,ridge_top20_equal_weight,4052988.963004647,4051135.3679255885,-6.91466084390413e-09,4.65433913632296e-10,1853.5950790578502,0.0004573402730620081,925870.7419893927,927724.3370684576,1853595.0790578502,0.4573402730620081,0.22889880666753593,20,20,0.05,0.2
2026-03-31,2026-04-01,universe_equal_weight,2765552.6412022724,2765416.780640307,-4.792070740222698e-09,2.803773213599925e-09,135.8605619626953,4.912600828441742e-05,67862.35070036285,67998.21126233248,135860.5619626953,0.04912600828441742,0.024587567146352175,50,50,0.02,0.16
2026-04-30,2026-05-01,elastic_net_score_weighted,4279256.764233203,4277424.678699542,6.320988177321851e-10,2.975866664201021e-09,1832.0855336578607,0.0004281317141263317,915126.7240621002,916958.8095957604,1832085.5336578607,0.4281317141263317,0.21427992292022927,25,25,0.05,0.1797511833781493
2026-04-30,2026-05-01,elastic_net_top20_equal_weight,4760219.461134604,4757996.1595169045,4.4606167648453265e-09,8.532424544682726e-09,2223.301617691143,0.00046705863791439905,1110539.1580367237,1112762.4596544188,2223301.617691143,0.46705863791439906,0.2337628482761571,20,20,0.05,0.2
2026-04-30,2026-05-01,momentum_3m_top20_equal_weight,2625266.066843192,2622772.7600306813,5.770289135398343e-09,-1.001353666651994e-09,2493.306812511827,0.0009497349026835812,1245406.752849661,1247900.0596621663,2493306.812511827,0.9497349026835812,0.4753423187931312,20,20,0.05,0.2
2026-04-30,2026-05-01,ridge_top20_equal_weight,4393516.9711076785,4390584.973381348,4.65433913632296e-10,3.732111508725211e-09,2931.9977263268015,0.0006673463982517852,1464532.8643002352,1467464.8620265657,2931997.7263268013,0.6673463982517851,0.3340068723250188,20,20,0.05,0.2
2026-04-30,2026-05-01,universe_equal_weight,2957303.0398918875,2957050.3376068217,2.803773213599925e-09,-1.7140280306193745e-09,252.7022850670297,8.545025033223106e-05,126224.7913909833,126477.49367604638,252702.28506702968,0.08545025033223105,0.042767850291280975,50,50,0.02,0.16
2026-05-29,2026-06-01,elastic_net_score_weighted,4427925.478911255,4426497.757404395,2.975866664201021e-09,3.7491645343834534e-09,1427.721506856358,0.00032243575770552683,713146.8926747508,714574.6141816075,1427721.506856358,0.3224357577055268,0.16137909673161624,25,25,0.05,0.19999999999999996
2026-05-29,2026-06-01,elastic_net_top20_equal_weight,4936574.563275607,4935191.404884498,8.532424544682726e-09,-9.01104613149073e-09,1383.1583911186788,0.0002801858603348837,690887.6163637888,692270.7747548898,1383158.3911186787,0.2801858603348837,0.14023302309760746,20,20,0.05,0.2
2026-05-29,2026-06-01,momentum_3m_top20_equal_weight,2642237.2510773805,2640046.7209224124,-1.001353666651994e-09,4.602497938321903e-09,2190.5301549635437,0.0008290437030476155,1094169.812404287,1096360.3425592564,2190530.1549635436,0.8290437030476154,0.41493637337533257,20,20,0.05,0.25
2026-05-29,2026-06-01,ridge_top20_equal_weight,4534230.377507602,4532466.475314971,3.732111508725211e-09,-3.5756784200202674e-09,1763.902192635312,0.0003890190938213648,881069.1452213424,882833.0474139694,1763902.192635312,0.3890190938213648,0.19470405645759215,20,20,0.05,0.15000000000000002
2026-05-29,2026-06-01,universe_equal_weight,2991633.574444107,2991411.7982369745,-1.7140280306193745e-09,-7.780357691444806e-09,221.77620714004533,7.413214273116817e-05,110777.21546645556,110998.99167358977,221776.20714004533,0.07413214273116817,0.037103137436948694,50,50,0.02,0.16
