as_of_date,ticker,sector,weight,annualized_volatility,beta_vs_spy,marginal_risk,component_risk,risk_contribution_share,position_notional,average_dollar_volume,position_adv_fraction,liquidation_days
2020-01-31,NVDA,Information Technology,0.05,0.35502241536751467,2.191999900159055,0.2747513628127737,0.013737568140638685,0.09449841848430887,50000.0,1822566390.4758136,2.7433842882917755e-05,0.0002743384288291775
2020-01-31,TSLA,Consumer Discretionary,0.05,0.49249093989054643,1.3088685177662378,0.22830060026204904,0.011415030013102453,0.07852206971029084,50000.0,5761000837.53128,8.679047514498564e-06,8.679047514498565e-05
2020-01-31,QCOM,Information Technology,0.05,0.3989169580682462,1.4168428743145831,0.2196783364817674,0.01098391682408837,0.0755565146620839,50000.0,869261694.6102778,5.752007745195404e-05,0.0005752007745195404
2020-01-31,AVGO,Information Technology,0.05,0.28658402816889444,1.4899059402322692,0.18716117556207476,0.009358058778103738,0.06437251088116484,50000.0,763649834.9453291,6.54750354311012e-05,0.0006547503543110119
2020-01-31,EOG,Energy,0.05,0.34480101749122904,1.3607149972480979,0.17561125241283496,0.008780562620641749,0.06040001203695629,50000.0,315053247.7028529,0.00015870333146718814,0.0015870333146718815
2020-01-31,NFLX,Communication Services,0.05,0.32508538833258255,1.327742936792727,0.1745274028587425,0.008726370142937125,0.06002723110627003,50000.0,2129562350.7600784,2.3479002613919294e-05,0.00023479002613919296
2020-01-31,AAPL,Information Technology,0.05,0.2342054568792623,1.463500329743016,0.1707462256918503,0.008537311284592515,0.05872672704826548,50000.0,8262776629.844869,6.051234620018856e-06,6.051234620018856e-05
2020-01-31,CAT,Industrials,0.05,0.2420477633353527,1.3538247450629484,0.1599238724868793,0.007996193624343966,0.05500446976197405,50000.0,412636801.2186432,0.00012117193583396984,0.0012117193583396984
2020-01-31,META,Communication Services,0.05,0.25377515014178564,1.1710756196641288,0.13987208510014837,0.0069936042550074184,0.048107826278822624,50000.0,2895925426.3651786,1.7265637970090105e-05,0.00017265637970090102
2020-01-31,MSFT,Information Technology,0.05,0.18695595877553622,1.275151888601749,0.13867724701948717,0.006933862350974359,0.04769687177868334,50000.0,3539940508.011271,1.4124531157188815e-05,0.00014124531157188813
2020-01-31,LOW,Consumer Discretionary,0.05,0.254754173276809,1.0761413934576773,0.13578263690353054,0.006789131845176527,0.04670129499505522,50000.0,441801529.81218976,0.00011317298973875225,0.0011317298973875225
2020-01-31,NKE,Consumer Discretionary,0.05,0.20513725815089845,1.1684654326378774,0.13322451931409937,0.006661225965704969,0.04582145198345616,50000.0,567054986.0576884,8.817487056698473e-05,0.0008817487056698472
2020-01-31,AMZN,Consumer Discretionary,0.05,0.21863867875837878,1.0979532604611182,0.13240210845630573,0.006620105422815287,0.045538590691667845,50000.0,6096037471.1458845,8.202049320835522e-06,8.202049320835522e-05
2020-01-31,WFC,Financials,0.05,0.20322789637412483,1.0469435008393004,0.11986254388765526,0.005993127194382763,0.041225713011687676,50000.0,1014809612.5648308,4.927032556740368e-05,0.0004927032556740368
2020-01-31,ABBV,Health Care,0.05,0.2506075220944388,0.8985770256153801,0.10681425092745117,0.005340712546372559,0.0367378624837197,50000.0,686482755.26474,7.283504154553402e-05,0.0007283504154553402
2020-01-31,SHW,Materials,0.05,0.20701651079188835,0.8974520137268608,0.09877474447233346,0.004938737223616673,0.03397274191206772,50000.0,272359661.25709534,0.00018358078347293228,0.0018358078347293228
2020-01-31,DIS,Communication Services,0.05,0.22783914938763916,0.8263495787667462,0.08777383823744218,0.004388691911872109,0.03018907281412843,50000.0,1549245388.8772328,3.227377687161356e-05,0.00032273776871613564
2020-01-31,UNH,Health Care,0.05,0.25558479171893644,0.7561123711801235,0.08419056306436931,0.004209528153218465,0.0289566354810324,50000.0,993635854.9389395,5.032024534085737e-05,0.0005032024534085737
2020-01-31,COST,Consumer Staples,0.05,0.15940656244493323,0.6878859211200722,0.07561230450507872,0.0037806152252539364,0.02600621565816571,50000.0,596141064.1281128,8.387276604259362e-05,0.0008387276604259361
2020-01-31,PLD,Real Estate,0.05,0.17960403126544294,0.6408181549131078,0.06378341655868622,0.0031891708279343112,0.02193776922019875,50000.0,246245392.8774643,0.00020304948415778405,0.0020304948415778407
2020-02-28,TSLA,Consumer Discretionary,0.05,0.6006819149028413,1.6108280266239914,0.30687767226520557,0.015343883613260278,0.09238762794619648,50000.0,11190376446.048693,4.468124932263109e-06,4.4681249322631084e-05
2020-02-28,NVDA,Information Technology,0.05,0.38884639324037523,2.0358959661141536,0.2989303735440986,0.014946518677204932,0.08999503915991168,50000.0,2566462721.46492,1.948206750942415e-05,0.0001948206750942415
2020-02-28,QCOM,Information Technology,0.05,0.4132567914666892,1.407202580357658,0.23647806244463412,0.011823903122231708,0.07119334257622825,50000.0,855143258.669726,5.846973532572866e-05,0.0005846973532572865
2020-02-28,AVGO,Information Technology,0.05,0.2950358208188108,1.4012090055310586,0.20430561882611503,0.010215280941305752,0.061507607771191616,50000.0,797544614.9525961,6.269241753073822e-05,0.0006269241753073822
2020-02-28,TXN,Information Technology,0.05,0.26554230465369644,1.4095377604583537,0.19590845616259883,0.009795422808129943,0.05897958435966697,50000.0,598044848.1004333,8.360576996660825e-05,0.0008360576996660824
2020-02-28,AAPL,Information Technology,0.05,0.2547891687334096,1.465165729092705,0.1933113229986548,0.00966556614993274,0.058197699608306404,50000.0,10277859922.366638,4.8648259830035435e-06,4.864825983003543e-05
2020-02-28,EOG,Energy,0.05,0.3662882612071564,1.3469024406565522,0.19178286567446381,0.009589143283723192,0.057737547047982764,50000.0,316984456.8365796,0.0001577364407674328,0.001577364407674328
2020-02-28,CSCO,Information Technology,0.05,0.25843379000250966,1.2980957604415793,0.17133903575429343,0.008566951787714673,0.05158279183715808,50000.0,1034058959.0653547,4.8353142305534526e-05,0.00048353142305534525
2020-02-28,NFLX,Communication Services,0.05,0.32935792997051994,1.144270555618769,0.1658468547405346,0.00829234273702673,0.04992933307501716,50000.0,2294096446.279589,2.179507321110524e-05,0.00021795073211105238
2020-02-28,GS,Financials,0.05,0.2250396168886478,1.2474676224594694,0.16469703897147542,0.008234851948573771,0.049583173151767,50000.0,685030702.3660787,7.298942927273371e-05,0.000729894292727337
2020-02-28,MA,Financials,0.05,0.22680124069424007,1.2805100919119443,0.1606390025732687,0.008031950128663435,0.04836147346217328,50000.0,1252200286.605072,3.992971454715004e-05,0.00039929714547150047
2020-02-28,LOW,Consumer Discretionary,0.05,0.2651645161954576,1.048124086519942,0.14614566834723675,0.007307283417361837,0.043998155791354465,50000.0,450233350.31318665,0.00011105352361218804,0.0011105352361218802
2020-02-28,AMZN,Consumer Discretionary,0.05,0.22275615480338437,1.0712638695739938,0.14187646184503547,0.007093823092251774,0.04271288189364974,50000.0,7748756707.809194,6.45264806799393e-06,6.452648067993929e-05
2020-02-28,WFC,Financials,0.05,0.21264204556847383,0.9732812370701267,0.12515645077168702,0.006257822538584351,0.03767920788635395,50000.0,1057420939.9238523,4.728485895465682e-05,0.0004728485895465682
2020-02-28,DIS,Communication Services,0.05,0.24459074715807144,0.9074667839297592,0.11777314080687637,0.005888657040343819,0.0354564117832511,50000.0,1514148215.5700684,3.302186634429e-05,0.0003302186634429
2020-02-28,UNH,Health Care,0.05,0.2750636655849628,0.9303783819423141,0.11673979634950697,0.005836989817475349,0.035145316347199945,50000.0,1128191656.419347,4.431871102352407e-05,0.00044318711023524075
2020-02-28,SHW,Materials,0.05,0.2158734225739149,0.882874061399036,0.11618365088883913,0.005809182544441956,0.034977884941959934,50000.0,288423015.71243286,0.00017335648431695072,0.0017335648431695072
2020-02-28,ABT,Health Care,0.05,0.1909871250772011,0.9595334728152326,0.11511502337701957,0.005755751168850978,0.03465616730037885,50000.0,434945894.95211285,0.00011495682699914884,0.0011495682699914883
2020-02-28,PLD,Real Estate,0.05,0.1983494719160234,0.7752369671974063,0.0921200680018982,0.00460600340009491,0.027733378274528375,50000.0,332255292.32845306,0.0001504866924755323,0.001504866924755323
2020-02-28,KO,Consumer Staples,0.05,0.1562390002224821,0.5423078761125263,0.06040512040899016,0.003020256020449508,0.018185375785723896,50000.0,703811405.6191126,7.10417586313725e-05,0.0007104175863137249
2020-03-31,COP,Energy,0.05,0.5784053466444352,1.4503253668517697,0.4413834029854798,0.02206917014927399,0.0663893197718479,50000.0,450855081.57922107,0.00011090038028375721,0.0011090038028375721
2020-03-31,NVDA,Information Technology,0.05,0.5253626722557488,1.475758968918534,0.42610638208843993,0.021305319104422,0.0640914739112319,50000.0,3531636467.2802286,1.4157742582861543e-05,0.00014157742582861541
2020-03-31,TSLA,Consumer Discretionary,0.05,0.7245911123179155,1.1828505544167531,0.405788964272386,0.0202894482136193,0.06103549233330062,50000.0,13512417765.914106,3.7003000400215596e-06,3.70030004002156e-05
2020-03-31,EOG,Energy,0.05,0.5893216887458249,1.2813458907673176,0.40145479992198274,0.02007273999609914,0.060383582404072655,50000.0,346192848.33871526,0.0001444281712922041,0.0014442817129220408
2020-03-31,BAC,Financials,0.05,0.45887049898655724,1.4386852137566997,0.3988257799463713,0.019941288997318566,0.059988146493553864,50000.0,2164625581.8792753,2.3098682940165206e-05,0.00023098682940165204
2020-03-31,AVGO,Information Technology,0.05,0.48831923436620506,1.3226114367758472,0.394755040841824,0.019737752042091203,0.05937585885815212,50000.0,954360865.0747935,5.2391083739672715e-05,0.0005239108373967271
2020-03-31,LOW,Consumer Discretionary,0.05,0.4779793196596722,1.300518705909148,0.38092188078541855,0.01904609403927093,0.05729518686136192,50000.0,604500893.955892,8.271286362009632e-05,0.0008271286362009631
2020-03-31,GS,Financials,0.05,0.43369225334155026,1.3358843839624914,0.37923408864260655,0.018961704432130327,0.05704132282497166,50000.0,862878550.8644358,5.794558220262836e-05,0.0005794558220262835
2020-03-31,WFC,Financials,0.05,0.4402514683729188,1.348079067629401,0.37001820320429313,0.018500910160214656,0.05565514391292717,50000.0,1280723825.9702299,3.90404230686673e-05,0.0003904042306866729
2020-03-31,QCOM,Information Technology,0.05,0.5274353732878638,1.2125134497221501,0.3631052501035089,0.018155262505175445,0.05461535344760501,50000.0,970278722.492199,5.153158452405618e-05,0.0005153158452405618
2020-03-31,RTX,Industrials,0.05,0.41983265184370755,1.1630623095547556,0.3275304350370253,0.016376521751851263,0.04926447763918493,50000.0,867255646.6361438,5.765312707266517e-05,0.0005765312707266516
2020-03-31,UNH,Health Care,0.05,0.4449195419339108,1.1911125463889267,0.3227619115207742,0.01613809557603871,0.048547234919094746,50000.0,1610890493.7119548,3.103873304558749e-05,0.00031038733045587487
2020-03-31,AAPL,Information Technology,0.05,0.38747150097413435,1.1849540265063196,0.32041348651106405,0.016020674325553205,0.04819400383275284,50000.0,14098940066.340662,3.5463658803237508e-06,3.5463658803237504e-05
2020-03-31,DIS,Communication Services,0.05,0.40461023553344067,1.069716824221329,0.29908291554882466,0.014954145777441233,0.04498563195707814,50000.0,2112007822.3085022,2.3674154741220685e-05,0.00023674154741220685
2020-03-31,PLD,Real Estate,0.05,0.38717249396321635,1.079544082943048,0.28618207221029235,0.014309103610514618,0.04304519149661861,50000.0,429912780.3497569,0.00011630266017986798,0.0011630266017986796
2020-03-31,PEP,Consumer Staples,0.05,0.3385245335450036,0.9676499119155908,0.2488455745100319,0.012442278725501596,0.03742933764208436,50000.0,861745465.9079489,5.802177322432349e-05,0.0005802177322432349
2020-03-31,SO,Utilities,0.05,0.39467032881483993,0.9585136697216832,0.2379095166197945,0.011895475830989726,0.03578442430957671,50000.0,391118550.9078662,0.00012783847732085265,0.0012783847732085263
2020-03-31,NFLX,Communication Services,0.05,0.40207157258341625,0.7943851208925246,0.2301213110277824,0.011506065551389121,0.03461298544712815,50000.0,2796048078.094419,1.7882382063357198e-05,0.00017882382063357194
2020-03-31,ABBV,Health Care,0.05,0.3527493535324319,0.8175858037018469,0.22435102551058136,0.01121755127552907,0.03374506579318293,50000.0,1042386942.3329544,4.796683263136007e-05,0.00047966832631360064
2020-03-31,AMZN,Consumer Discretionary,0.05,0.28344370598988117,0.696197116083516,0.18961774062114542,0.009480887031057272,0.02852076614427358,50000.0,10652700533.389791,4.693645507379106e-06,4.6936455073791055e-05
2020-04-30,NVDA,Information Technology,0.05,0.5560009225717208,1.4687623660260156,0.4594376913664317,0.022971884568321586,0.0689206916228653,50000.0,4187623734.770457,1.1939945698760525e-05,0.00011939945698760524
2020-04-30,BAC,Financials,0.05,0.5016737130389759,1.4382207602023604,0.42690210885137925,0.021345105442568964,0.06403999747994228,50000.0,2211084674.2982645,2.2613335699533342e-05,0.0002261333569953334
2020-04-30,TSLA,Consumer Discretionary,0.05,0.7619083589853113,1.1799232314314179,0.4255028073337306,0.02127514036668653,0.0638300869083946,50000.0,12829480042.583656,3.897274077674218e-06,3.897274077674217e-05
2020-04-30,AVGO,Information Technology,0.05,0.5129332904867804,1.3124134403415109,0.4164075897718021,0.020820379488590106,0.06246570454140985,50000.0,914058402.8372446,5.470109989121001e-05,0.0005470109989121001
2020-04-30,WFC,Financials,0.05,0.4914387423737083,1.3608905746923434,0.4055433182049096,0.02027716591024548,0.06083594467529633,50000.0,1298886203.2757823,3.849451928421468e-05,0.0003849451928421468
2020-04-30,EOG,Energy,0.05,0.6351069777548223,1.2405470011646529,0.38977548913550897,0.01948877445677545,0.05847059741433887,50000.0,330621093.762687,0.00015123052020355653,0.0015123052020355654
2020-04-30,QCOM,Information Technology,0.05,0.47662594271295766,1.1842398669089638,0.3708446317367238,0.01854223158683619,0.05563076122010397,50000.0,928797677.260952,5.3833037295540264e-05,0.0005383303729554026
2020-04-30,HD,Consumer Discretionary,0.05,0.4233802369583248,1.166595619413283,0.3612717888532923,0.018063589442664615,0.05419472981754123,50000.0,1406950398.2495117,3.553785553649126e-05,0.00035537855536491264
2020-04-30,AAPL,Information Technology,0.05,0.4070289757123605,1.1664343516714601,0.3475808819158176,0.017379044095790882,0.05214094365065388,50000.0,13928174551.780931,3.5898458778007437e-06,3.589845877800744e-05
2020-04-30,UNH,Health Care,0.05,0.46452339359564293,1.1542666374468333,0.34651299247405826,0.017325649623702914,0.05198074852455547,50000.0,1657051855.3016663,3.017407079930972e-05,0.0003017407079930972
2020-04-30,PLD,Real Estate,0.05,0.42740674641888027,1.113132228276968,0.3308638482128158,0.01654319241064079,0.049633205286248074,50000.0,426535410.6790034,0.00011722356162740346,0.0011722356162740344
2020-04-30,DIS,Communication Services,0.05,0.40847369186996113,1.0438168383115956,0.3157600458687436,0.015788002293437183,0.0473674693154083,50000.0,2245159796.9826126,2.227012975521725e-05,0.0002227012975521725
2020-04-30,NKE,Consumer Discretionary,0.05,0.3803312044176285,1.014080232864237,0.30717373624476635,0.015358686812238318,0.04607942871949515,50000.0,881886250.8637238,5.669665441663225e-05,0.0005669665441663225
2020-04-30,MCD,Consumer Discretionary,0.05,0.38985944277503964,0.9811239392150665,0.30157743756747946,0.015078871878373973,0.04523992255225055,50000.0,1031672921.7085775,4.846497271363277e-05,0.00048464972713632763
2020-04-30,SO,Utilities,0.05,0.43390256708967334,1.0182307854776227,0.29751626124673125,0.014875813062336563,0.04463070157171691,50000.0,398983956.8371455,0.0001253183220607756,0.0012531832206077562
2020-04-30,PEP,Consumer Staples,0.05,0.35546503795732587,0.9380576309804262,0.27778471838902286,0.013889235919451143,0.04167075377880749,50000.0,906138233.3200073,5.517921897722447e-05,0.0005517921897722446
2020-04-30,NFLX,Communication Services,0.05,0.4162891903568729,0.7255103799079733,0.23855230258027227,0.011927615129013615,0.03578546120837629,50000.0,3342701174.1423287,1.4957962855542722e-05,0.00014957962855542722
2020-04-30,LLY,Health Care,0.05,0.34636795080634575,0.7895608033884154,0.22858092607332492,0.011429046303666247,0.03428964539220572,50000.0,685589381.1580786,7.292995103795422e-05,0.0007292995103795421
2020-04-30,MRK,Health Care,0.05,0.30778950767072955,0.7279199156938498,0.2135354215439561,0.010676771077197805,0.032032654732830276,50000.0,1145819320.1510413,4.3636897301931536e-05,0.00043636897301931537
2020-04-30,AMZN,Consumer Discretionary,0.05,0.3078609825600215,0.6644188031593669,0.2050553538243611,0.010252767691218056,0.03076055158755942,50000.0,12532192091.307068,3.989724992699594e-06,3.9897249926995936e-05
2020-05-29,NVDA,Information Technology,0.05,0.5577338204675194,1.435653985097121,0.4546804033058461,0.022734020165292305,0.06525187560246883,50000.0,4386135076.218224,1.1399557727052623e-05,0.00011399557727052624
2020-05-29,BAC,Financials,0.05,0.5262558662406078,1.4704839236748055,0.4425495563515593,0.022127477817577967,0.06351095932224539,50000.0,2054897122.5102808,2.433211835876219e-05,0.0002433211835876219
2020-05-29,WFC,Financials,0.05,0.5290083421362058,1.4120468881388404,0.4273412164647659,0.021367060823238297,0.0613283873547758,50000.0,1355803773.8456852,3.687849301243418e-05,0.0003687849301243418
2020-05-29,AVGO,Information Technology,0.05,0.5129965360940959,1.314809525106112,0.4219612808146065,0.021098064040730325,0.06055630461436934,50000.0,856371781.1739603,5.838585658609316e-05,0.0005838585658609315
2020-05-29,TSLA,Consumer Discretionary,0.05,0.7623467784575237,1.1714829869918297,0.4206147496107732,0.02103073748053866,0.060363061875142975,50000.0,10903282809.539606,4.585774841706712e-06,4.5857748417067115e-05
2020-05-29,GS,Financials,0.05,0.48106026263770835,1.3364602754308987,0.4109102126420375,0.020545510632101874,0.05897034902792235,50000.0,777603014.0157827,6.430016229204735e-05,0.0006430016229204735
2020-05-29,QCOM,Information Technology,0.05,0.4670594921472121,1.182972685552549,0.3774734534784453,0.018873672673922266,0.05417178891046595,50000.0,842613523.5337257,5.93391852890179e-05,0.000593391852890179
2020-05-29,RTX,Industrials,0.05,0.5060288906030674,1.243778704599679,0.377170952085784,0.018858547604289202,0.05412837647592953,50000.0,1000463785.1932452,4.9976821490187395e-05,0.0004997682149018739
2020-05-29,TXN,Information Technology,0.05,0.43526161369562444,1.1537373639611062,0.3612156550532135,0.018060782752660678,0.051838607553407016,50000.0,772973702.0331573,6.46852536748465e-05,0.0006468525367484651
2020-05-29,UNH,Health Care,0.05,0.4677739268042006,1.1581638939546997,0.35735945858385837,0.01786797292919292,0.051285198938284045,50000.0,1531481714.0605927,3.2648120797622376e-05,0.00032648120797622375
2020-05-29,MSFT,Information Technology,0.05,0.3990842993585693,1.1440928685658454,0.35029945422546155,0.01751497271127308,0.05027200698455668,50000.0,8383875375.510432,5.963829107724048e-06,5.963829107724048e-05
2020-05-29,AAPL,Information Technology,0.05,0.40044573350296736,1.1358567256080978,0.34425447205088816,0.01721272360254441,0.049404482406839006,50000.0,13049749646.859613,3.83149112841658e-06,3.831491128416579e-05
2020-05-29,PLD,Real Estate,0.05,0.4359861493662067,1.1287536784441472,0.3385407460394928,0.016927037301974642,0.048584496904469844,50000.0,369340981.44039154,0.00013537625801774062,0.0013537625801774064
2020-05-29,DIS,Communication Services,0.05,0.42845882045194006,1.0759270031672847,0.32863124382929326,0.016431562191464664,0.04716236918398531,50000.0,2405313752.083181,2.0787308914147385e-05,0.00020787308914147382
2020-05-29,SO,Utilities,0.05,0.44350258901034834,1.0421155871467411,0.30744008163345743,0.015372004081672871,0.04412119329555739,50000.0,362482168.4993108,0.0001379378196919363,0.0013793781969193627
2020-05-29,MCD,Consumer Discretionary,0.05,0.3952575583405632,0.9901683874466778,0.3037089056047129,0.015185445280235646,0.04358572655384523,50000.0,1003321718.9254761,4.983446391806242e-05,0.0004983446391806242
2020-05-29,PEP,Consumer Staples,0.05,0.357479935588104,0.9257091422123767,0.27853956318377476,0.013926978159188738,0.03997363597614278,50000.0,923471866.0438538,5.414350110545285e-05,0.0005414350110545284
2020-05-29,NFLX,Communication Services,0.05,0.41619819968180466,0.6858881897048674,0.2331078946925435,0.011655394734627176,0.03345366819383148,50000.0,3560956101.6485214,1.40411728122267e-05,0.00014041172812226702
2020-05-29,LLY,Health Care,0.05,0.3522034149574925,0.7564050106070717,0.22245014187750864,0.011122507093875432,0.03192415789201906,50000.0,658992077.4642944,7.587344629755296e-05,0.0007587344629755295
2020-05-29,AMZN,Consumer Discretionary,0.05,0.31367997040609147,0.6574018090069729,0.20983230490139462,0.010491615245069731,0.030113352933742035,50000.0,12437390458.89689,4.020135909155549e-06,4.0201359091555485e-05
2020-06-30,BAC,Financials,0.05,0.5506905400235718,1.494381279279049,0.4721832944906402,0.023609164724532013,0.06548821250124544,50000.0,1860144602.5952814,2.6879630718084925e-05,0.0002687963071808492
2020-06-30,WFC,Financials,0.05,0.5638331870440924,1.4501290105542228,0.45561644090910536,0.02278082204545527,0.06319051658425005,50000.0,1385867395.1327994,3.6078487866588995e-05,0.00036078487866588995
2020-06-30,NVDA,Information Technology,0.05,0.5558100298321744,1.3865894083142318,0.45118258103304854,0.02255912905165243,0.06257557412196497,50000.0,4311347117.999331,1.1597303263116136e-05,0.00011597303263116136
2020-06-30,EOG,Energy,0.05,0.6749057990864911,1.3259680496185053,0.4414039394337767,0.022070196971688837,0.061219351302355396,50000.0,265111337.862676,0.0001886000063335628,0.0018860000633356278
2020-06-30,TSLA,Consumer Discretionary,0.05,0.774963037813858,1.1578570837580542,0.42621409128702353,0.021310704564351177,0.05911263551019824,50000.0,11523503585.032465,4.3389581676308505e-06,4.33895816763085e-05
2020-06-30,AVGO,Information Technology,0.05,0.5132655161889471,1.289609162554948,0.42181114035475287,0.021090557017737644,0.05850197988207794,50000.0,744114653.4962019,6.719394620852633e-05,0.0006719394620852633
2020-06-30,RTX,Industrials,0.05,0.5283380726897298,1.2739831977428655,0.4014560010090906,0.02007280005045453,0.05567887769588314,50000.0,839885569.2653211,5.95319193824664e-05,0.000595319193824664
2020-06-30,UNH,Health Care,0.05,0.4772179537733339,1.166718793531287,0.36504993262150104,0.018252496631075053,0.050629634381434196,50000.0,1262795149.8242443,3.959470386543613e-05,0.00039594703865436124
2020-06-30,TXN,Information Technology,0.05,0.4365686589964237,1.1322410933040468,0.3601956093781855,0.018009780468909276,0.04995637686509001,50000.0,635477054.0755463,7.868104706429879e-05,0.0007868104706429879
2020-06-30,MSFT,Information Technology,0.05,0.403123523854941,1.1208093508686046,0.351567909875612,0.0175783954937806,0.04875978091386958,50000.0,6935060431.988042,7.209742509145912e-06,7.209742509145911e-05
2020-06-30,PLD,Real Estate,0.05,0.44713139331199614,1.137309889717539,0.34921670328207255,0.017460835164103627,0.048433686537324265,50000.0,322226913.17755383,0.00015517015480469485,0.0015517015480469485
2020-06-30,DIS,Communication Services,0.05,0.43972433455718435,1.0910689010537364,0.34886039725637263,0.017443019862818633,0.048384269615974515,50000.0,2022209459.074351,2.472543077851444e-05,0.0002472543077851444
2020-06-30,AAPL,Information Technology,0.05,0.4054635366692821,1.1141955401356494,0.34827809457337405,0.017413904728668703,0.048303508686290644,50000.0,11534544566.67399,4.334804873394113e-06,4.3348048733941123e-05
2020-06-30,CSCO,Information Technology,0.05,0.4187659709559305,1.0426266497975836,0.33248866471823335,0.01662443323591167,0.04611363549574841,50000.0,1086542004.8225658,4.6017549048336225e-05,0.0004601754904833622
2020-06-30,NKE,Consumer Discretionary,0.05,0.4015900200090353,1.0323540621642187,0.3288065478811756,0.01644032739405878,0.045602954044936445,50000.0,702267918.6424255,7.119789851237467e-05,0.0007119789851237466
2020-06-30,META,Communication Services,0.05,0.4023777464523983,0.9887991283108615,0.31747982571775263,0.015873991285887634,0.04403202428813305,50000.0,5403712181.460419,9.252898437401026e-06,9.252898437401026e-05
2020-06-30,ORCL,Information Technology,0.05,0.4068196818517641,0.9914453327114428,0.3082628841083196,0.01541314420541598,0.04275370496219999,50000.0,678651405.6006178,7.367552706348434e-05,0.0007367552706348433
2020-06-30,ABT,Health Care,0.05,0.3753025391228148,0.9095351499792447,0.2771058470983421,0.013855292354917104,0.03843246216427415,50000.0,744198921.4403152,6.71863376303079e-05,0.000671863376303079
2020-06-30,KO,Consumer Staples,0.05,0.33089281362860395,0.8252431839577612,0.24446158392186998,0.0122230791960935,0.03390495246879982,50000.0,864564670.188446,5.783257369179992e-05,0.0005783257369179993
2020-06-30,AMZN,Consumer Discretionary,0.05,0.31273036758277717,0.6407641140878978,0.20856133162086418,0.01042806658104321,0.028925861977949777,50000.0,11436112418.489584,4.372115118347509e-06,4.3721151183475085e-05
2020-07-31,WFC,Financials,0.05,0.5758531453292927,1.4387476420158152,0.4505926591312493,0.022529632956562465,0.0661294543613016,50000.0,1374860889.7988667,3.636731568334501e-05,0.00036367315683345005
2020-07-31,NVDA,Information Technology,0.05,0.5567860789299991,1.380409635403329,0.4473812835906643,0.022369064179533216,0.06565814949659839,50000.0,4443308565.741634,1.1252875927975189e-05,0.0001125287592797519
2020-07-31,TSLA,Consumer Discretionary,0.05,0.7983143534056235,1.1911396058749595,0.4465517756189946,0.02232758878094973,0.06553641003093415,50000.0,15964497063.538265,3.1319495879513997e-06,3.1319495879513995e-05
2020-07-31,GS,Financials,0.05,0.5080540267559763,1.3624049174739876,0.4348153746925924,0.02174076873462962,0.06381396344042638,50000.0,734844210.3339386,6.804163290240564e-05,0.0006804163290240562
2020-07-31,EOG,Energy,0.05,0.6803744849410175,1.3367849479793164,0.4340539563675148,0.021702697818375742,0.06370221688318073,50000.0,223843246.9530169,0.00022337059831201717,0.0022337059831201715
2020-07-31,AVGO,Information Technology,0.05,0.5105689168828086,1.284066469918103,0.42226472849373387,0.021113236424686696,0.061972017354104306,50000.0,683133749.453036,7.319210921731426e-05,0.0007319210921731425
2020-07-31,RTX,Industrials,0.05,0.5360590377737773,1.2749583625145091,0.4038090009289728,0.020190450046448642,0.059263435292311366,50000.0,697073909.9263954,7.172840539287941e-05,0.0007172840539287942
2020-07-31,QCOM,Information Technology,0.05,0.5012153667085373,1.1761419435410132,0.38204669954235587,0.019102334977117795,0.05606957696555158,50000.0,863598980.9468588,5.789724293696999e-05,0.0005789724293696998
2020-07-31,UNH,Health Care,0.05,0.47592314507712036,1.1603313318430015,0.36854445528469365,0.018427222764234683,0.0540879733434825,50000.0,1094801977.4877422,4.5670359597573725e-05,0.0004567035959757372
2020-07-31,AAPL,Information Technology,0.05,0.42143874469014464,1.124921848799129,0.35090049028604514,0.017545024514302256,0.05149852641289975,50000.0,12348550073.344269,4.0490583674216625e-06,4.049058367421663e-05
2020-07-31,PLD,Real Estate,0.05,0.449721058494147,1.129200066058192,0.3495503909355847,0.017477519546779237,0.05130038440687677,50000.0,318894487.59657544,0.00015679167230778104,0.0015679167230778102
2020-07-31,DIS,Communication Services,0.05,0.4424428125911621,1.0911350434858111,0.34757759613403155,0.017378879806701577,0.05101085495904899,50000.0,1713614051.8757374,2.9178098735400512e-05,0.0002917809873540051
2020-07-31,NKE,Consumer Discretionary,0.05,0.4032300240264505,1.0306945480137555,0.32871699086604605,0.016435849543302305,0.04824285261808659,50000.0,657015439.8953375,7.61017123250026e-05,0.0007610171232500259
2020-07-31,SO,Utilities,0.05,0.4532624168971187,1.030377048977213,0.3152295009176662,0.01576147504588331,0.04626341435402446,50000.0,261659399.0727806,0.00019108810987558865,0.0019108810987558864
2020-07-31,KO,Consumer Staples,0.05,0.3286715124529162,0.8171043838229683,0.24825348787670115,0.012412674393835059,0.03643394397109856,50000.0,838063096.2280592,5.966137898809671e-05,0.000596613789880967
2020-07-31,LLY,Health Care,0.05,0.38784712140148464,0.7714988325317689,0.23746613847480566,0.011873306923740284,0.034850781184275904,50000.0,563836370.0594076,8.867820994720833e-05,0.0008867820994720833
2020-07-31,NFLX,Communication Services,0.05,0.42281135706010503,0.6769010666490014,0.23695358030855432,0.011847679015427716,0.03477555760667039,50000.0,3586522534.758886,1.3941080675061586e-05,0.00013941080675061585
2020-07-31,ABBV,Health Care,0.05,0.3345913412255734,0.7466954352755572,0.23385017660935567,0.011692508830467784,0.034320098803398875,50000.0,864087679.1806284,5.7864498250238363e-05,0.0005786449825023836
2020-07-31,AMZN,Consumer Discretionary,0.05,0.3382134293458661,0.6562707789347705,0.21570699239554686,0.010785349619777344,0.03165738593375517,50000.0,12816529145.039368,3.901212210745253e-06,3.901212210745253e-05
2020-07-31,WMT,Consumer Staples,0.05,0.30222643959821793,0.5146591719325382,0.15953144016612003,0.007976572008306001,0.02341300258197329,50000.0,1123830560.6438255,4.4490692592801316e-05,0.00044490692592801315
2020-08-31,WFC,Financials,0.05,0.5751123785728618,1.4419818594037388,0.4411374364392744,0.02205687182196372,0.06686715597043229,50000.0,1168192834.7711976,4.2801152782102974e-05,0.00042801152782102973
2020-08-31,NVDA,Information Technology,0.05,0.5455207139061583,1.356473873459869,0.43503221692656924,0.021751610846328463,0.06594173311653678,50000.0,4503885610.834249,1.1101525287348177e-05,0.00011101525287348176
2020-08-31,TSLA,Consumer Discretionary,0.05,0.821886796495812,1.1890692949500519,0.4210041628779144,0.021050208143895723,0.0638153752050332,50000.0,22422892926.160564,2.2298639236539147e-06,2.2298639236539145e-05
2020-08-31,GS,Financials,0.05,0.5038667231869414,1.3633507494398736,0.4192631615896625,0.020963158079483124,0.06355147603196383,50000.0,685627055.7839712,7.292594359892663e-05,0.0007292594359892662
2020-08-31,EOG,Energy,0.05,0.6835174455777389,1.3349419949302594,0.417237237660922,0.020861861883046104,0.06324438857998795,50000.0,206309307.7690188,0.00024235455268930157,0.0024235455268930154
2020-08-31,AVGO,Information Technology,0.05,0.5023118233213155,1.2851503719145294,0.40852853733404676,0.02042642686670234,0.06192433279928322,50000.0,618775340.7145182,8.080477147370405e-05,0.0008080477147370404
2020-08-31,QCOM,Information Technology,0.05,0.5008449332647326,1.1835079037481993,0.3845323978171147,0.019226619890855737,0.05828702281099836,50000.0,952609154.5266596,5.248742337023248e-05,0.0005248742337023248
2020-08-31,RTX,Industrials,0.05,0.5365368945878054,1.2775736737329757,0.37802505546280485,0.018901252773140243,0.05730064659303134,50000.0,579885071.0045242,8.622398213043478e-05,0.0008622398213043478
2020-08-31,PLD,Real Estate,0.05,0.44898010201922267,1.1395335960439554,0.3519389131138752,0.017596945655693762,0.05334653613894638,50000.0,302435860.6679408,0.0001653243100522972,0.0016532431005229719
2020-08-31,AAPL,Information Technology,0.05,0.4185549808318425,1.1136555611949042,0.3435050942143868,0.017175254710719342,0.05206814660046045,50000.0,16874612192.469152,2.9630310569338083e-06,2.9630310569338082e-05
2020-08-31,CSCO,Information Technology,0.05,0.4168400813606597,1.0273908649308097,0.32328860348328464,0.016164430174164232,0.049003751862614395,50000.0,1021466131.9367281,4.8949248963544796e-05,0.0004894924896354479
2020-08-31,SO,Utilities,0.05,0.45298946775311655,1.0531216357363131,0.3224252850142947,0.016121264250714733,0.04887289094275217,50000.0,228738607.87264505,0.00021859012112130426,0.0021859012112130424
2020-08-31,ORCL,Information Technology,0.05,0.40332618947565696,0.9784053228052024,0.3088969740869361,0.015444848704346807,0.046822283576263765,50000.0,719329610.3027979,6.950916420492237e-05,0.0006950916420492237
2020-08-31,PEP,Consumer Staples,0.05,0.358022218590222,0.9150834616473292,0.2854153794589975,0.014270768972949875,0.043262967769619506,50000.0,576622747.1042633,8.671180637790403e-05,0.0008671180637790403
2020-08-31,UPS,Industrials,0.05,0.39140565229977126,0.8003162099243781,0.2569736225527888,0.012848681127639441,0.03895179569936522,50000.0,584223880.5814234,8.558362925911154e-05,0.0008558362925911155
2020-08-31,KO,Consumer Staples,0.05,0.3296332236024888,0.8324493935179534,0.2459199925930144,0.01229599962965072,0.03727629791226815,50000.0,732067440.0814692,6.829971838992822e-05,0.0006829971838992822
2020-08-31,NFLX,Communication Services,0.05,0.4360473010295041,0.6664672991619544,0.23631120925290727,0.011815560462645364,0.035819808480141976,50000.0,3643439124.8821893,1.3723297765162125e-05,0.00013723297765162124
2020-08-31,LLY,Health Care,0.05,0.3819674609164528,0.7574181807819401,0.2354963371958172,0.01177481685979086,0.03569629101724606,50000.0,503039780.50290424,9.939571767070484e-05,0.0009939571767070483
2020-08-31,AMZN,Consumer Discretionary,0.05,0.3373043838924488,0.6409416621870501,0.21401171551940495,0.010700585775970248,0.032439674303420304,50000.0,14279644308.37555,3.5014877766019084e-06,3.5014877766019084e-05
2020-08-31,WMT,Consumer Staples,0.05,0.2993314189035783,0.507548099947476,0.16827812893096808,0.008413906446548405,0.02550742458963469,50000.0,1225645801.3595963,4.0794820122204566e-05,0.0004079482012220457
2020-09-30,TSLA,Consumer Discretionary,0.05,0.8821381805466554,1.272809876200658,0.48963050750286924,0.024481525375143462,0.07213271932660428,50000.0,29466902006.37718,1.6968190272998186e-06,1.6968190272998184e-05
2020-09-30,NVDA,Information Technology,0.05,0.5656982426495203,1.3875270909073805,0.46576223734619643,0.02328811186730982,0.06861642856113813,50000.0,6484369429.594358,7.710849997503588e-06,7.710849997503587e-05
2020-09-30,EOG,Energy,0.05,0.690410365810589,1.331554423917386,0.42460921422603676,0.02123046071130184,0.06255373552898401,50000.0,192809326.7962265,0.00025932355467867625,0.0025932355467867623
2020-09-30,WFC,Financials,0.05,0.5787674435812002,1.4071923155538613,0.4191539988036668,0.020957699940183344,0.06175006926044443,50000.0,1071774462.13974,4.665160606661376e-05,0.0004665160606661377
2020-09-30,LOW,Consumer Discretionary,0.05,0.4868815779033386,1.2479628233652593,0.394400619434143,0.019720030971707152,0.058103383567689966,50000.0,605917602.8586324,8.25194709051316e-05,0.0008251947090513158
2020-09-30,QCOM,Information Technology,0.05,0.5090137900281858,1.1903017748029652,0.3919495439629712,0.019597477198148562,0.05774228936236347,50000.0,1007702433.7364578,4.9617822013791416e-05,0.0004961782201379141
2020-09-30,MA,Financials,0.05,0.46599592846843685,1.2571580782499894,0.3917259133107162,0.01958629566553581,0.05770934393346402,50000.0,1191837153.5357666,4.1952040051501484e-05,0.0004195204005150148
2020-09-30,RTX,Industrials,0.05,0.5410278572309162,1.2522393314340592,0.37458088977712783,0.018729044488856393,0.05518352670711583,50000.0,519610357.1524811,9.622594952495792e-05,0.0009622594952495791
2020-09-30,MSFT,Information Technology,0.05,0.42500314266706524,1.1466561688662393,0.3731992846820922,0.01865996423410461,0.054979987648553726,50000.0,7374166811.109035,6.7804270340990935e-06,6.780427034099093e-05
2020-09-30,AAPL,Information Technology,0.05,0.44373066065776035,1.1475500172889088,0.37247036200687444,0.01862351810034372,0.054872602234580174,50000.0,19611055671.144737,2.5495822784068104e-06,2.5495822784068104e-05
2020-09-30,PLD,Real Estate,0.05,0.455539299519298,1.1460570790072715,0.3568868222219515,0.017844341111097575,0.05257682391971643,50000.0,269321895.70250195,0.00018565144831458836,0.0018565144831458834
2020-09-30,META,Communication Services,0.05,0.43058707209027597,0.9954506862588368,0.3259390032252305,0.016296950161261526,0.04801756891568067,50000.0,6392247642.487666,7.821974803926954e-06,7.821974803926954e-05
2020-09-30,CSCO,Information Technology,0.05,0.41794974807455837,1.014877111808034,0.3229118978755877,0.016145594893779387,0.047571613573413586,50000.0,965581582.1092987,5.178226358748034e-05,0.0005178226358748035
2020-09-30,ABT,Health Care,0.05,0.3854948335370003,0.8962007622007636,0.2788857526353898,0.01394428763176949,0.04108565011938003,50000.0,554061821.8323771,9.024263724694378e-05,0.0009024263724694378
2020-09-30,UPS,Industrials,0.05,0.39534653948422815,0.7983116928602744,0.2606094316842988,0.01303047158421494,0.03839316934196389,50000.0,620884881.2934366,8.053022630513929e-05,0.0008053022630513929
2020-09-30,TMO,Health Care,0.05,0.35838182232182736,0.7773433030324967,0.24974988548895236,0.01248749427444762,0.03679333316811472,50000.0,531600400.0587972,9.405561018101152e-05,0.0009405561018101151
2020-09-30,NFLX,Communication Services,0.05,0.44167336099438287,0.6760993808860538,0.24661919737299828,0.012330959868649915,0.036332117938044674,50000.0,3689658007.913971,1.3551391454913892e-05,0.00013551391454913892
2020-09-30,KO,Consumer Staples,0.05,0.33657961556213295,0.8314588624099043,0.24511685807998168,0.012255842903999085,0.03611079223040203,50000.0,729922326.1476707,6.850043930548919e-05,0.0006850043930548918
2020-09-30,AMZN,Consumer Discretionary,0.05,0.35648618761335343,0.6786530816400095,0.23585770193344466,0.011792885096672234,0.034746726672221014,50000.0,15886058488.004557,3.147413818081724e-06,3.1474138180817236e-05
2020-09-30,WMT,Consumer Staples,0.05,0.3098293055283712,0.5202702621455827,0.16785227389355056,0.00839261369467753,0.024728117990125118,50000.0,1458499700.9645653,3.4281803394908453e-05,0.00034281803394908453
2020-10-30,TSLA,Consumer Discretionary,0.05,0.8701572510250057,1.2963887779470984,0.48040018583464467,0.024020009291732234,0.07369621564577349,50000.0,27034589873.083687,1.8494824680059692e-06,1.8494824680059694e-05
2020-10-30,NVDA,Information Technology,0.05,0.5699782655169745,1.389635477626798,0.4743620373253071,0.023718101866265356,0.0727699281301427,50000.0,6909728890.610567,7.2361739210844534e-06,7.236173921084453e-05
2020-10-30,AVGO,Information Technology,0.05,0.5099715020370229,1.2766381464612722,0.4125489499560468,0.02062744749780234,0.06328743675978335,50000.0,645552675.7525126,7.745301332957165e-05,0.0007745301332957164
2020-10-30,QCOM,Information Technology,0.05,0.5096871590104726,1.1811551325358847,0.3984428961971989,0.019922144809859946,0.06112348509952993,50000.0,959462773.9212545,5.211249603322664e-05,0.0005211249603322663
2020-10-30,MA,Financials,0.05,0.4711040532475393,1.2635853373343997,0.3836709429915811,0.019183547149579056,0.058857380545346435,50000.0,1197463204.0755208,4.175493646053331e-05,0.0004175493646053331
2020-10-30,AAPL,Information Technology,0.05,0.4578686177461073,1.1641345038379305,0.3832823288436491,0.019164116442182456,0.058797764848072635,50000.0,19609179963.001774,2.5498261576638617e-06,2.5498261576638614e-05
2020-10-30,RTX,Industrials,0.05,0.5533759400401354,1.251432672419736,0.3603142230892913,0.018015711154464566,0.05527432225883371,50000.0,499558897.55829495,0.00010008829838560799,0.0010008829838560798
2020-10-30,PLD,Real Estate,0.05,0.4548166754218559,1.14319907965467,0.35800327433860385,0.017900163716930192,0.054919809120623525,50000.0,238489654.02142844,0.0002096527004710547,0.002096527004710547
2020-10-30,APD,Materials,0.05,0.41913060453162476,1.0661913721006133,0.33803796185222473,0.016901898092611237,0.05185701269002868,50000.0,241813234.4721985,0.00020677114761371158,0.0020677114761371157
2020-10-30,CSCO,Information Technology,0.05,0.4187688632032081,1.0075297035251594,0.33082457144982674,0.016541228572491337,0.050750436151743884,50000.0,1000383975.4397964,4.998080859703757e-05,0.0004998080859703757
2020-10-30,ORCL,Information Technology,0.05,0.4058886050252315,0.9603931705808935,0.3162303302476813,0.015811516512384067,0.048511593664722144,50000.0,799760583.558108,6.251871000887751e-05,0.000625187100088775
2020-10-30,PEP,Consumer Staples,0.05,0.3644722332823938,0.9127508880471665,0.2939368234232141,0.014696841171160706,0.04509163852132017,50000.0,574318083.6916605,8.705976952458973e-05,0.0008705976952458973
2020-10-30,ABT,Health Care,0.05,0.3874970053682945,0.8834258472159325,0.29058822834139064,0.014529411417069532,0.04457794432940039,50000.0,570172465.8273443,8.769276490306821e-05,0.0008769276490306821
2020-10-30,UPS,Industrials,0.05,0.40796483388683136,0.8205117568211472,0.2741128367929357,0.013705641839646785,0.042050522308749026,50000.0,645500827.4023691,7.745923456242573e-05,0.0007745923456242573
2020-10-30,NFLX,Communication Services,0.05,0.4534465372273585,0.686445840237527,0.2611245840669831,0.013056229203349154,0.04005804790516277,50000.0,3126765940.736389,1.5990963489970862e-05,0.00015990963489970864
2020-10-30,LLY,Health Care,0.05,0.39243856199929095,0.7396480189379805,0.2505245550563722,0.012526227752818612,0.0384319410741252,50000.0,509606778.5411326,9.811486445124724e-05,0.0009811486445124723
2020-10-30,AMZN,Consumer Discretionary,0.05,0.37290201668387296,0.7031179404097336,0.2504676435347266,0.012523382176736332,0.0384232105117824,50000.0,15956834395.339966,3.133453588676837e-06,3.1334535886768366e-05
2020-10-30,ABBV,Health Care,0.05,0.33893387067128344,0.7336227951881855,0.24230592015827276,0.01211529600791364,0.037171154114370164,50000.0,660516930.6419373,7.569828672129033e-05,0.0007569828672129033
2020-10-30,MRK,Health Care,0.05,0.31392243914627527,0.7087596377764961,0.2324475449589509,0.011622377247947546,0.03565882134259176,50000.0,663259639.6172371,7.538525942699406e-05,0.0007538525942699405
2020-10-30,WMT,Consumer Staples,0.05,0.311790606040075,0.5212606346818427,0.18702890690448262,0.009351445345224132,0.0286913349778976,50000.0,1394449973.5555649,3.5856431530856666e-05,0.00035856431530856666
2020-11-30,NVDA,Information Technology,0.05,0.5798196416297294,1.3754099328219054,0.48700847085512944,0.024350423542756475,0.07133518058348724,50000.0,6349708084.964053,7.87437774004111e-06,7.874377740041108e-05
2020-11-30,TSLA,Consumer Discretionary,0.05,0.8828328700626921,1.2807626210452403,0.4833211949178776,0.02416605974589388,0.07079508218564387,50000.0,22151220676.017765,2.2572119492328017e-06,2.2572119492328016e-05
2020-11-30,AVGO,Information Technology,0.05,0.5128902268567319,1.2706955878742399,0.416092461364045,0.02080462306820225,0.06094766856665489,50000.0,642974387.6078924,7.776359519703248e-05,0.0007776359519703247
2020-11-30,EOG,Energy,0.05,0.7413400687479684,1.379112100705197,0.41511921716704625,0.020755960858352313,0.060805111394245076,50000.0,227736536.00107193,0.0002195519475178311,0.002195519475178311
2020-11-30,QCOM,Information Technology,0.05,0.521976122069674,1.1881873338665605,0.40516053162384424,0.020258026581192214,0.05934640035714321,50000.0,1039306499.2211279,4.810900349172334e-05,0.0004810900349172334
2020-11-30,AAPL,Information Technology,0.05,0.46252750734799575,1.1538245465669534,0.39129524794185583,0.019564762397092792,0.05731546542584887,50000.0,15926846063.23911,3.1393535042324185e-06,3.139353504232418e-05
2020-11-30,MA,Financials,0.05,0.4868516551448417,1.2749212579793523,0.3866619785419269,0.019333098927096348,0.056636801441307644,50000.0,1220624437.0559692,4.0962640499476866e-05,0.0004096264049947687
2020-11-30,UNH,Health Care,0.05,0.48069515148082737,1.160058556857791,0.3685158839733264,0.018425794198666322,0.05397882933116499,50000.0,988985232.1618652,5.055687221001557e-05,0.0005055687221001557
2020-11-30,PLD,Real Estate,0.05,0.45933880778542846,1.1265614741375563,0.35481840908803225,0.017740920454401614,0.05197247440521361,50000.0,247165740.12626648,0.00020229340836014378,0.002022934083601438
2020-11-30,META,Communication Services,0.05,0.4573477530222556,1.0177587885393966,0.34781198745903746,0.017390599372951874,0.0509461999519771,50000.0,5543527262.950618,9.019528114196884e-06,9.019528114196884e-05
2020-11-30,APD,Materials,0.05,0.4371704206850748,1.0630310906848908,0.3377542652139863,0.01688771326069932,0.049472982388944806,50000.0,325315209.8343404,0.00015369708666699414,0.0015369708666699415
2020-11-30,CSCO,Information Technology,0.05,0.4219537200782185,1.0149712084782823,0.33098143853923234,0.016549071926961617,0.048480924051528415,50000.0,984248517.637132,5.08001781095227e-05,0.0005080017810952269
2020-11-30,ORCL,Information Technology,0.05,0.4073848967856099,0.9507489650957622,0.3123921008611619,0.015619605043058097,0.045758027347361965,50000.0,764220478.3703995,6.542614522266987e-05,0.0006542614522266987
2020-11-30,ABT,Health Care,0.05,0.3934510734905445,0.8758132597242857,0.2884285894434248,0.01442142947217124,0.04224794176014999,50000.0,535181666.5593465,9.34262197758889e-05,0.000934262197758889
2020-11-30,UPS,Industrials,0.05,0.41065051456046753,0.811690883252299,0.2745868551404239,0.013729342757021196,0.04022045625387233,50000.0,650318229.8021444,7.688543502034721e-05,0.000768854350203472
2020-11-30,NFLX,Communication Services,0.05,0.46140816175936555,0.6724239088204259,0.2703912985432124,0.013519564927160622,0.0396059068046917,50000.0,2832293783.916855,1.765353590221621e-05,0.00017653535902216211
2020-11-30,AMZN,Consumer Discretionary,0.05,0.3850826454622058,0.7042722545946153,0.2660484716816811,0.013302423584084056,0.03896978575762615,50000.0,16215414517.35026,3.0834857750013556e-06,3.083485775001356e-05
2020-11-30,TMO,Health Care,0.05,0.3691436883646457,0.7480306969464885,0.2569842525130795,0.012849212625653975,0.03764209281194668,50000.0,717267629.6258545,6.970898718248488e-05,0.0006970898718248488
2020-11-30,LLY,Health Care,0.05,0.41745438157478076,0.7484966274242376,0.24967260815689366,0.012483630407844684,0.036571110474421985,50000.0,601947064.6576945,8.306378240823086e-05,0.0008306378240823085
2020-11-30,WMT,Consumer Staples,0.05,0.3147490362766623,0.5210178091557015,0.18399949766138762,0.009199974883069381,0.026951558706769418,50000.0,1106118655.8814049,4.52031070393237e-05,0.00045203107039323696
2020-12-31,COP,Energy,0.05,0.7264167231414441,1.5157495798204688,0.5546034146732819,0.027730170733664097,0.07154369441720965,50000.0,462966532.00954753,0.00010799916741923124,0.0010799916741923122
2020-12-31,EOG,Energy,0.05,0.7478904624053238,1.3752235139176159,0.5184397685070333,0.025921988425351667,0.06687859358681833,50000.0,253427953.49378586,0.0001972947313455144,0.001972947313455144
2020-12-31,BAC,Financials,0.05,0.5870506823505678,1.4397346446474166,0.4874381042277496,0.02437190521138748,0.06287938706024364,50000.0,1513936605.7900078,3.302648196019332e-05,0.0003302648196019332
2020-12-31,WFC,Financials,0.05,0.6135962042637795,1.4133952115498765,0.4774348635429425,0.023871743177147128,0.061588971646632754,50000.0,990401582.9241148,5.048457197773989e-05,0.0005048457197773989
2020-12-31,TSLA,Consumer Discretionary,0.05,0.8946116979588111,1.2783581470007401,0.457581993135023,0.022879099656751153,0.05902795659301036,50000.0,23584035957.355347,2.1200781787481157e-06,2.1200781787481158e-05
2020-12-31,NVDA,Information Technology,0.05,0.5791215856453097,1.3645782926920207,0.43056660046891776,0.02152833002344589,0.05554297805460131,50000.0,4107889278.4723916,1.2171700990585996e-05,0.00012171700990585995
2020-12-31,RTX,Industrials,0.05,0.575357448033698,1.256201721006049,0.4244700826990762,0.021223504134953813,0.05475652886803873,50000.0,523470462.9658127,9.551637300931237e-05,0.0009551637300931236
2020-12-31,MA,Financials,0.05,0.48990961333268074,1.2767405459618015,0.4173928492709526,0.02086964246354763,0.05384356761986608,50000.0,1235703098.2056172,4.046279407456835e-05,0.0004046279407456835
2020-12-31,AVGO,Information Technology,0.05,0.5127346869960826,1.2658701155478422,0.4147104976667142,0.020735524883335712,0.05349754496941738,50000.0,635958462.665685,7.86214869921219e-05,0.000786214869921219
2020-12-31,QCOM,Information Technology,0.05,0.5282785067234907,1.1901021113050343,0.3799764917785174,0.01899882458892587,0.049016867358345276,50000.0,1150247043.6011887,4.3468922852833605e-05,0.00043468922852833605
2020-12-31,DIS,Communication Services,0.05,0.49054058099789405,1.086588140131466,0.3665229280423605,0.018326146402118024,0.04728136117988244,50000.0,1805109380.3892899,2.769915249635288e-05,0.0002769915249635288
2020-12-31,PLD,Real Estate,0.05,0.46192702036495986,1.1339145502720431,0.3556152338426999,0.017780761692134994,0.04587427150107726,50000.0,251975727.8274409,0.00019843181099665766,0.0019843181099665763
2020-12-31,AAPL,Information Technology,0.05,0.4669935354296175,1.157079262817746,0.35439194844905586,0.017719597422452795,0.04571646800749535,50000.0,13689982292.553432,3.652305673703986e-06,3.652305673703985e-05
2020-12-31,APD,Materials,0.05,0.43974525770911355,1.063911449786142,0.34743287598786454,0.017371643799393228,0.04481874949293482,50000.0,338694284.11188763,0.00014762575675319784,0.0014762575675319781
2020-12-31,CAT,Industrials,0.05,0.44919671278929796,1.0239627427709357,0.3467605426324168,0.01733802713162084,0.044732018667166314,50000.0,536963227.2983297,9.311624606319766e-05,0.0009311624606319764
2020-12-31,CSCO,Information Technology,0.05,0.41935703600288426,1.0104383644401838,0.3276470785448776,0.01638235392724388,0.042266386834122545,50000.0,901499271.9281769,5.546316182048291e-05,0.0005546316182048291
2020-12-31,SO,Utilities,0.05,0.4604549462839597,1.0222786367329773,0.320436066862382,0.0160218033431191,0.04133616822637143,50000.0,215471148.26807657,0.00023204962892662051,0.002320496289266205
2020-12-31,META,Communication Services,0.05,0.4594307671543923,1.019642714823591,0.3150631470676736,0.01575315735338368,0.04064306298801432,50000.0,5070171245.374654,9.86159985140804e-06,9.86159985140804e-05
2020-12-31,LLY,Health Care,0.05,0.4266906446402846,0.7524985000215284,0.22832319874334592,0.011416159937167297,0.02945363250039995,50000.0,610779458.2311758,8.186260904189634e-05,0.0008186260904189634
2020-12-31,TMO,Health Care,0.05,0.37245397660005436,0.7491919639244957,0.22714612601408898,0.01135730630070445,0.029301790428352126,50000.0,765948486.4496866,6.527854142222968e-05,0.0006527854142222968
2021-01-29,EOG,Energy,0.05,0.7640455640125705,1.3676652353260037,0.4826588073130994,0.02413294036565497,0.06616242991772471,50000.0,279366036.3572375,0.000178976659625377,0.00178976659625377
2021-01-29,WFC,Financials,0.05,0.6248735662740118,1.4219876384085084,0.47681933921608083,0.023840966960804042,0.06536196094694893,50000.0,1137124122.9580688,4.3970573652005564e-05,0.00043970573652005564
2021-01-29,BAC,Financials,0.05,0.5927492191903051,1.4329263903903624,0.4764066630426017,0.023820333152130085,0.06530539167276843,50000.0,1626829350.008526,3.07346311398537e-05,0.000307346311398537
2021-01-29,TSLA,Consumer Discretionary,0.05,0.8941514182202226,1.2924687765699898,0.4752484404758165,0.023762422023790825,0.06514662357770218,50000.0,28696912238.552322,1.7423477335944334e-06,1.7423477335944336e-05
2021-01-29,NVDA,Information Technology,0.05,0.5865152501266463,1.3563085006476632,0.4389230926639742,0.02194615463319871,0.060167177968458524,50000.0,4121076008.9754105,1.2132753652469296e-05,0.00012132753652469296
2021-01-29,RTX,Industrials,0.05,0.5809392544516702,1.25511485251066,0.42345559475687405,0.021172779737843705,0.058046907436199884,50000.0,544872752.2463545,9.176454464618446e-05,0.0009176454464618445
2021-01-29,MA,Financials,0.05,0.49589100708257783,1.2785556039952712,0.419791757033774,0.020989587851688703,0.05754467189649436,50000.0,1343482560.1023357,3.72167093826595e-05,0.00037216709382659495
2021-01-29,LOW,Consumer Discretionary,0.05,0.510061600624131,1.2152018108185298,0.4012443028501454,0.02006221514250727,0.05500220376168936,50000.0,827815207.0655823,6.039995348386833e-05,0.0006039995348386834
2021-01-29,QCOM,Information Technology,0.05,0.5303114808033652,1.190719973252672,0.38462013197443073,0.01923100659872154,0.05272337755187102,50000.0,1247959704.2916362,4.006539620474435e-05,0.00040065396204744345
2021-01-29,PLD,Real Estate,0.05,0.46535637196930524,1.1320879361814213,0.36588188803381555,0.018294094401690778,0.050154756130863884,50000.0,285803013.11136883,0.0001749456713408284,0.0017494567134082838
2021-01-29,DIS,Communication Services,0.05,0.4946797737194134,1.0877910419937586,0.3621514869346686,0.01810757434673343,0.04964339614416585,50000.0,1976384516.3196056,2.5298720763664587e-05,0.00025298720763664587
2021-01-29,AAPL,Information Technology,0.05,0.47434754273386653,1.1531929180965292,0.3612366948601263,0.018061834743006315,0.04951799727936915,50000.0,13823714938.957903,3.6169727327847545e-06,3.6169727327847545e-05
2021-01-29,APD,Materials,0.05,0.4435302059922037,1.0615682581270784,0.34910971329787016,0.017455485664893508,0.04785564168662052,50000.0,377604964.9010213,0.0001324135131885941,0.001324135131885941
2021-01-29,SO,Utilities,0.05,0.46532870676020144,1.0226084590364508,0.33158160207864673,0.016579080103932338,0.04545290415741667,50000.0,225899772.90927252,0.00022133709722710237,0.0022133709722710238
2021-01-29,NKE,Consumer Discretionary,0.05,0.41960622355684885,0.97384445102747,0.32365649835060445,0.016182824917530224,0.0443665381529999,50000.0,763830533.8739649,6.545954604146553e-05,0.0006545954604146552
2021-01-29,KO,Consumer Staples,0.05,0.35131137475389257,0.8374475585840983,0.2719807613428091,0.013599038067140454,0.03728287516701165,50000.0,931589515.1360575,5.3671707536014466e-05,0.0005367170753601446
2021-01-29,ABBV,Health Care,0.05,0.3541237924271911,0.7409264139387565,0.24488883694141805,0.012244441847070903,0.033569138833219735,50000.0,831188457.2723007,6.015482958471811e-05,0.0006015482958471811
2021-01-29,LLY,Health Care,0.05,0.4490206939354956,0.747523604621474,0.240396283009498,0.0120198141504749,0.03295330363003149,50000.0,796173975.1997375,6.280034459485618e-05,0.0006280034459485618
2021-01-29,TMO,Health Care,0.05,0.3792171952239267,0.7528059147044295,0.24029854181431473,0.012014927090715737,0.032939905355974526,50000.0,873302484.7645569,5.7253930765443826e-05,0.0005725393076544382
2021-01-29,NFLX,Communication Services,0.05,0.4925551130480808,0.6968385467560025,0.22470822363397264,0.011235411181698633,0.03080279873246939,50000.0,2640436164.677175,1.8936265405269928e-05,0.00018936265405269926
2021-02-26,TSLA,Consumer Discretionary,0.05,0.8394368235550739,1.2738531600193368,0.4801346734524697,0.024006733672623487,0.06835809793366178,50000.0,29340245336.38924,1.7041438960971298e-06,1.7041438960971296e-05
2021-02-26,EOG,Energy,0.05,0.7736197191143022,1.3608277568756346,0.4579965500142798,0.022899827500713992,0.06520623223070482,50000.0,282853502.33285266,0.00017676995189248762,0.0017676995189248761
2021-02-26,WFC,Financials,0.05,0.6304252261840004,1.45033831604247,0.45336608131343725,0.022668304065671864,0.06454697962839867,50000.0,1173831978.654248,4.25955340365859e-05,0.00042595534036585903
2021-02-26,NVDA,Information Technology,0.05,0.5789619053230038,1.349901466233903,0.45137315660657795,0.0225686578303289,0.06426324144030593,50000.0,4079073495.618566,1.2257685490027635e-05,0.00012257685490027633
2021-02-26,AVGO,Information Technology,0.05,0.5106140744395183,1.275641331028734,0.4255999898863427,0.021279999494317137,0.06059384459784515,50000.0,772635703.7017822,6.471355097938721e-05,0.0006471355097938721
2021-02-26,GS,Financials,0.05,0.5266520534945452,1.308505577895466,0.41998497741546437,0.02099924887077322,0.059794419783088394,50000.0,876761501.2444559,5.7028051447321884e-05,0.0005702805144732187
2021-02-26,MA,Financials,0.05,0.4932008564849182,1.280470880379909,0.4022121033300486,0.02011060516650243,0.05726404667223295,50000.0,1406370334.265747,3.555251329025263e-05,0.00035552513290252626
2021-02-26,RTX,Industrials,0.05,0.5825837192548229,1.274455091359967,0.39747362067944864,0.019873681033972433,0.05658941582593825,50000.0,508501276.27206165,9.832817012095104e-05,0.0009832817012095103
2021-02-26,LOW,Consumer Discretionary,0.05,0.506758882505616,1.2119749486161002,0.39598529487540696,0.019799264743770348,0.05637751877559962,50000.0,727031016.300532,6.87728568368692e-05,0.0006877285683686918
2021-02-26,QCOM,Information Technology,0.05,0.5327463160484519,1.1791711497379291,0.39419988644309545,0.019709994322154773,0.05612332525195773,50000.0,1448278506.029765,3.452374649753478e-05,0.00034523746497534775
2021-02-26,AAPL,Information Technology,0.05,0.46393017730357433,1.1365430236019936,0.3637994880506205,0.018189974402531027,0.051795136671882486,50000.0,13897184988.095856,3.5978509347633592e-06,3.5978509347633596e-05
2021-02-26,DIS,Communication Services,0.05,0.4937948941167221,1.0918420364433041,0.3487911414005605,0.017439557070028026,0.04965835695807848,50000.0,2227582072.4263,2.2445862093664457e-05,0.00022445862093664458
2021-02-26,APD,Materials,0.05,0.4440369519727218,1.0454065160328516,0.332240572278607,0.01661202861393035,0.047302006776657274,50000.0,352022231.88868207,0.00014203648369518664,0.0014203648369518662
2021-02-26,META,Communication Services,0.05,0.45919750215815514,1.0220058150322666,0.3306724115965324,0.01653362057982662,0.04707874341450481,50000.0,5072474617.8646345,9.85712177324774e-06,9.85712177324774e-05
2021-02-26,NEE,Utilities,0.05,0.4286148909215538,0.9822100094695903,0.30522122918837413,0.015261061459418707,0.043455188366763396,50000.0,625745446.2817764,7.990469654570165e-05,0.0007990469654570165
2021-02-26,NFLX,Communication Services,0.05,0.48788174120636885,0.6986504936552873,0.24992021548329618,0.01249601077416481,0.03558183049510635,50000.0,2498038735.0620904,2.0015702438159838e-05,0.00020015702438159837
2021-02-26,TMO,Health Care,0.05,0.37700823104093084,0.7333844806248043,0.22861965366405151,0.011430982683202577,0.03254921075029201,50000.0,824709286.9927979,6.062742446167779e-05,0.0006062742446167779
2021-02-26,LLY,Health Care,0.05,0.4486760691830953,0.7348975964677641,0.22585810833727987,0.011292905416863994,0.03215604192426597,50000.0,799672966.5235138,6.252555993904514e-05,0.0006252555993904515
2021-02-26,COST,Consumer Staples,0.05,0.28997546735685653,0.5973356672465874,0.19120184586070252,0.009560092293035127,0.027221934234534454,50000.0,917686947.6852926,5.448481110700811e-05,0.0005448481110700811
2021-02-26,WMT,Consumer Staples,0.05,0.3225802756633415,0.5208161728439449,0.16916458256423184,0.008458229128211592,0.024084428268181537,50000.0,1208533881.3595772,4.137244372805748e-05,0.0004137244372805748
2021-03-31,TSLA,Consumer Discretionary,0.05,0.7701293804034381,1.6991656234079224,0.416556600176507,0.02082783000882535,0.08677141699933125,50000.0,26084526417.256016,1.916845228477021e-06,1.916845228477021e-05
2021-03-31,EOG,Energy,0.05,0.6223995251699492,1.4284474505819496,0.3311647577493859,0.016558237887469296,0.06898374741386493,50000.0,311613108.5642497,0.00016045538080979282,0.001604553808097928
2021-03-31,COP,Energy,0.05,0.5467445978960005,1.4441591304199068,0.3271924553308195,0.016359622766540974,0.06815629129034455,50000.0,559830345.0349299,8.931277206290116e-05,0.0008931277206290115
2021-03-31,NVDA,Information Technology,0.05,0.4645037908915801,1.418857911682435,0.3053603197928948,0.01526801598964474,0.06360851714405935,50000.0,4456697159.609985,1.1219070582838437e-05,0.00011219070582838435
2021-03-31,MA,Financials,0.05,0.3690229473932878,1.4063454656390668,0.28281451667873464,0.014140725833936732,0.058912081454948535,50000.0,1589075099.2159526,3.146484393636898e-05,0.00031464843936368974
2021-03-31,RTX,Industrials,0.05,0.45475523205343477,1.4296336863485914,0.280243053247375,0.01401215266236875,0.058376429095565695,50000.0,548082286.1677297,9.122717749118878e-05,0.0009122717749118877
2021-03-31,QCOM,Information Technology,0.05,0.4330924779056291,1.2659532401009046,0.27946994009688275,0.013973497004844139,0.05821538465756951,50000.0,1538178374.3661244,3.250598294271609e-05,0.00032505982942716084
2021-03-31,WFC,Financials,0.05,0.5032235633512789,1.3897758019620736,0.27505511980329145,0.013752755990164574,0.057295749216647436,50000.0,1304134957.8436503,3.8339590315617e-05,0.00038339590315616994
2021-03-31,AVGO,Information Technology,0.05,0.34906845366128486,1.2930526492051695,0.27485790184748493,0.013742895092374247,0.05725466744894578,50000.0,1032749626.2592951,4.841444502004242e-05,0.00048414445020042413
2021-03-31,TXN,Information Technology,0.05,0.3278710144397723,1.2554791184277725,0.265643871443884,0.013282193572194201,0.055335325697893,50000.0,856162370.2950287,5.840013732765466e-05,0.0005840013732765466
2021-03-31,AAPL,Information Technology,0.05,0.3711214978717695,1.2178670985184201,0.2389265547754118,0.011946327738770591,0.049769936925368796,50000.0,14024704405.430653,3.565137528363092e-06,3.5651375283630914e-05
2021-03-31,V,Financials,0.05,0.30812347441590004,1.1890137494944477,0.23644336771136398,0.0118221683855682,0.04925267310064356,50000.0,2142142839.037857,2.334111390184302e-05,0.0002334111390184302
2021-03-31,PLD,Real Estate,0.05,0.32112865306655175,1.0765719725620708,0.20670578819573657,0.010335289409786829,0.04305814416602123,50000.0,294468460.7049052,0.00016979747128201397,0.0016979747128201394
2021-03-31,APD,Materials,0.05,0.31650739313684434,0.9334624232003585,0.19571515971519485,0.009785757985759744,0.040768725617459735,50000.0,340596520.8326721,0.00014680126466871322,0.0014680126466871323
2021-03-31,NEE,Utilities,0.05,0.30634400613574775,0.8468790814959365,0.17342140513678234,0.008671070256839117,0.03612479325824493,50000.0,734218119.2537308,6.809965416111043e-05,0.0006809965416111043
2021-03-31,TMO,Health Care,0.05,0.3048255112176584,0.8232686001080667,0.16522258920717733,0.008261129460358866,0.034416927206843834,50000.0,884281613.3073425,5.654307321057224e-05,0.0005654307321057224
2021-03-31,NFLX,Communication Services,0.05,0.43527065839701057,0.7201667810753347,0.1606489071399674,0.008032445356998371,0.03346419983748257,50000.0,2568687068.579992,1.9465197069583387e-05,0.00019465197069583386
2021-03-31,BRK-B,Financials,0.05,0.23007316787332246,0.8141045697617705,0.1566715512050249,0.007833577560251246,0.03263569103402243,50000.0,1298333417.8764343,3.851090891720283e-05,0.0003851090891720283
2021-03-31,LLY,Health Care,0.05,0.37150428587205303,0.5383430527927371,0.12170059863651808,0.006085029931825904,0.02535101685793221,50000.0,883093005.8976237,5.661917789641793e-05,0.0005661917789641793
2021-03-31,COST,Consumer Staples,0.05,0.2058344478405283,0.5204337123045724,0.10680554558049085,0.005340277279024543,0.022248281576810636,50000.0,1060303419.9161783,4.715631305230791e-05,0.0004715631305230791
2021-04-30,TSLA,Consumer Discretionary,0.05,0.7367448258849499,1.9478848976075005,0.3855336878267248,0.019276684391336243,0.09642160822171392,50000.0,24038359016.60042,2.080008871049433e-06,2.0800088710494328e-05
2021-04-30,EOG,Energy,0.05,0.578439155658224,1.5772121160855808,0.3148777508133082,0.01574388754066541,0.07875062565298001,50000.0,294839931.13162994,0.0001695835425279547,0.001695835425279547
2021-04-30,COP,Energy,0.05,0.49106168407285034,1.500648723776399,0.29317220284666934,0.014658610142333467,0.07332208877446603,50000.0,518739224.9136861,9.638754425852331e-05,0.0009638754425852331
2021-04-30,NVDA,Information Technology,0.05,0.43629290919465835,1.451984136021555,0.2595202351148778,0.012976011755743892,0.06490576368802405,50000.0,4762118599.26319,1.0499528509797332e-05,0.00010499528509797331
2021-04-30,QCOM,Information Technology,0.05,0.41676350912172166,1.4092257364656597,0.25724336888109356,0.012862168444054679,0.06433632161097819,50000.0,1589950085.7264454,3.144752810095613e-05,0.00031447528100956126
2021-04-30,WFC,Financials,0.05,0.46127320576176883,1.3694564224659445,0.23436240582531254,0.011718120291265628,0.05861381453789566,50000.0,1300416901.8164508,3.844920804255843e-05,0.0003844920804255843
2021-04-30,AVGO,Information Technology,0.05,0.3185421328981801,1.3369142643972247,0.22976199215269638,0.011488099607634819,0.05746325545887122,50000.0,1088796215.2613323,4.592227571988669e-05,0.00045922275719886683
2021-04-30,MA,Financials,0.05,0.3123691577749364,1.3197713171789425,0.21979752115679568,0.010989876057839784,0.054971150750928836,50000.0,1412041619.4237773,3.540972115283959e-05,0.00035409721152839587
2021-04-30,AAPL,Information Technology,0.05,0.3496143361982394,1.3132296470423555,0.20709577735657927,0.010354788867828965,0.051794456721048134,50000.0,12883793871.73602,3.880844454496289e-06,3.880844454496289e-05
2021-04-30,CAT,Industrials,0.05,0.32892803035500606,1.0484537952823991,0.18429647252146542,0.009214823626073272,0.04609237229119979,50000.0,697801329.881719,7.165363242926933e-05,0.0007165363242926931
2021-04-30,DIS,Communication Services,0.05,0.35912982538990096,1.0805906484984302,0.18171546796517274,0.009085773398258638,0.04544686550929398,50000.0,2115747765.6384785,2.363230665396037e-05,0.00023632306653960367
2021-04-30,NFLX,Communication Services,0.05,0.42289123979736415,0.8978714069965903,0.16579939657941986,0.008289969828970994,0.04146627121094142,50000.0,2229358760.0250244,2.242797386251047e-05,0.0002242797386251047
2021-04-30,APD,Materials,0.05,0.28263240399941314,0.8658216783307624,0.15978946923658513,0.007989473461829258,0.03996319410512902,50000.0,298861346.2982686,0.00016730166218986099,0.00167301662189861
2021-04-30,NKE,Consumer Discretionary,0.05,0.28605722218069146,0.9080000824269938,0.15279191424777336,0.007639595712388668,0.03821311226547314,50000.0,940251235.2716827,5.317727658773312e-05,0.0005317727658773312
2021-04-30,UNH,Health Care,0.05,0.2592816605269692,0.8606568941847825,0.1446196332529831,0.007230981662649155,0.036169232570291796,50000.0,1167706651.2708538,4.281897336594199e-05,0.0004281897336594199
2021-04-30,LOW,Consumer Discretionary,0.05,0.2821512787534037,0.8533656822444259,0.14333859027564658,0.007166929513782329,0.035848844941464314,50000.0,718175912.2140757,6.962082569137445e-05,0.0006962082569137444
2021-04-30,TMO,Health Care,0.05,0.27648819206546016,0.725696505998613,0.12687243576435075,0.006343621788217538,0.03173067537720058,50000.0,834693166.2427775,5.990225153641318e-05,0.0005990225153641317
2021-04-30,NEE,Utilities,0.05,0.2624790648269959,0.6983358883693968,0.12274802282921306,0.006137401141460653,0.030699163629373367,50000.0,660744664.0081406,7.56721964225866e-05,0.0007567219642258661
2021-04-30,LLY,Health Care,0.05,0.36182712510955456,0.5447018423402693,0.11601451248312332,0.0058007256241561665,0.029015119103439943,50000.0,669999455.8423615,7.462692628180892e-05,0.0007462692628180893
2021-04-30,MRK,Health Care,0.05,0.20444128509492743,0.542796414727998,0.0990650056322198,0.004953250281610991,0.024776063579286637,50000.0,951726425.0425792,5.253610563325806e-05,0.0005253610563325806
2021-05-28,TSLA,Consumer Discretionary,0.05,0.7329367615803802,2.0438596612934448,0.43346916244906253,0.021673458122453127,0.11038627069113979,50000.0,23043780266.04576,2.1697828838297562e-06,2.169782883829756e-05
2021-05-28,NVDA,Information Technology,0.05,0.43334165185649004,1.5520308957711162,0.31330041861599306,0.015665020930799654,0.07978437179151456,50000.0,4736791737.649409,1.0555667795690771e-05,0.00010555667795690771
2021-05-28,QCOM,Information Technology,0.05,0.40916480938058974,1.435478712541909,0.2690047961533396,0.013450239807666981,0.0685041493554616,50000.0,1325663877.6478832,3.771695136531492e-05,0.00037716951365314916
2021-05-28,AAPL,Information Technology,0.05,0.352806179851539,1.412488444702021,0.25459494205102084,0.012729747102551044,0.06483456869470282,50000.0,12098137481.94519,4.132867565327154e-06,4.132867565327154e-05
2021-05-28,META,Communication Services,0.05,0.3647994015183134,1.310840336546133,0.24672882637135152,0.012336441318567577,0.06283140157250681,50000.0,5968692209.592336,8.377044458691399e-06,8.377044458691399e-05
2021-05-28,AVGO,Information Technology,0.05,0.31361004225508327,1.3427395242187188,0.23341135811502045,0.011670567905751023,0.05944000540591844,50000.0,1062209524.6412913,4.707169239221897e-05,0.00047071692392218966
2021-05-28,NFLX,Communication Services,0.05,0.42021896307416723,1.013731967184681,0.2321373672574729,0.011606868362873645,0.059115573792687344,50000.0,2166754780.262184,2.3075984627088185e-05,0.00023075984627088185
2021-05-28,AMZN,Consumer Discretionary,0.05,0.31451183616801776,1.1266635590301748,0.22336731540574073,0.011168365770287037,0.056882212341526676,50000.0,11629318037.904358,4.299478252897637e-06,4.2994782528976366e-05
2021-05-28,GOOGL,Communication Services,0.05,0.28575881240756384,1.2172850953564702,0.21073541990342867,0.010536770995171434,0.05366540257267889,50000.0,3555189502.245331,1.4063947918506674e-05,0.00014063947918506675
2021-05-28,EOG,Energy,0.05,0.564577636034232,1.4823937178720985,0.19096329855556957,0.009548164927778479,0.0486302791352664,50000.0,313800121.62432355,0.00015933709566836687,0.0015933709566836685
2021-05-28,UPS,Industrials,0.05,0.3205035185599558,0.890298209801828,0.1556830811599791,0.007784154057998954,0.0396458992419688,50000.0,674227412.6005554,7.415895447968442e-05,0.0007415895447968443
2021-05-28,V,Financials,0.05,0.24572231845998393,1.0674659240950273,0.1542614019027051,0.007713070095135255,0.0392838576368803,50000.0,1769735926.716156,2.8252802717735293e-05,0.0002825280271773529
2021-05-28,LOW,Consumer Discretionary,0.05,0.28249152821832646,0.8955882133847571,0.1502334653784945,0.007511673268924725,0.038258112485884725,50000.0,785432778.3499908,6.365917157804162e-05,0.0006365917157804162
2021-05-28,PLD,Real Estate,0.05,0.24952398050371585,0.8739626801288949,0.14605301751536842,0.007302650875768421,0.03719352914431089,50000.0,284521216.65964764,0.00017573381903470284,0.0017573381903470283
2021-05-28,TMO,Health Care,0.05,0.271084124045123,0.7616839010416794,0.14438732827770392,0.007219366413885197,0.03676934851278152,50000.0,796059132.1480306,6.280940445351525e-05,0.0006280940445351524
2021-05-28,WFC,Financials,0.05,0.4173675735521661,1.1824252725527742,0.12968828292314005,0.006484414146157003,0.033026123065686655,50000.0,1284960353.6186218,3.89117063878222e-05,0.000389117063878222
2021-05-28,DIS,Communication Services,0.05,0.33790087793860013,0.9675934159087262,0.1238113476170116,0.00619056738085058,0.03152951609168341,50000.0,1863195353.7338765,2.68356186589877e-05,0.00026835618658987694
2021-05-28,UNH,Health Care,0.05,0.2495298715221711,0.837864464169842,0.12124164721939959,0.0060620823609699795,0.030875122034945263,50000.0,1098785786.1935425,4.5504775023721405e-05,0.0004550477502372141
2021-05-28,COST,Consumer Staples,0.05,0.18471365899972506,0.5560025333539921,0.11084526214225117,0.005542263107112559,0.02822760226479255,50000.0,935428325.2557373,5.3451449619435535e-05,0.0005345144961943554
2021-05-28,WMT,Consumer Staples,0.05,0.2060570503010873,0.4318136397119179,0.08292171063006841,0.004146085531503421,0.02111665416766233,50000.0,1199684041.9456863,4.167764032178705e-05,0.0004167764032178705
2021-06-30,TSLA,Consumer Discretionary,0.05,0.7163199429133427,2.3107007224803553,0.40853666742807904,0.020426833371403955,0.12039295666930565,50000.0,18687270179.57489,2.675618189255368e-06,2.6756181892553678e-05
2021-06-30,NVDA,Information Technology,0.05,0.4287174786199898,1.74317322828528,0.27760295121113215,0.013880147560556609,0.08180768763508085,50000.0,6386282684.856796,7.82928073612532e-06,7.82928073612532e-05
2021-06-30,QCOM,Information Technology,0.05,0.3938220125431889,1.5314219904044821,0.24703484943602663,0.012351742471801333,0.07279947748924105,50000.0,1149731037.6863606,4.3488431955891657e-05,0.00043488431955891657
2021-06-30,AAPL,Information Technology,0.05,0.34319283118009053,1.565060427354641,0.22635402824899767,0.011317701412449884,0.06670498118679113,50000.0,10740933404.792149,4.6550889122627015e-06,4.655088912262702e-05
2021-06-30,AVGO,Information Technology,0.05,0.29916197746166556,1.4288712188219,0.21481283713978666,0.010740641856989334,0.06330387124512837,50000.0,825456154.1617712,6.057256917634066e-05,0.0006057256917634065
2021-06-30,EOG,Energy,0.05,0.5444603608769463,1.3565675063536105,0.21383613859162218,0.01069180692958111,0.06301604487515182,50000.0,314154442.92691547,0.00015915738620202147,0.0015915738620202147
2021-06-30,TXN,Information Technology,0.05,0.2760148160613501,1.393144705417869,0.20441117898729552,0.010220558949364777,0.06023857385793055,50000.0,784920347.4846903,6.370073111268815e-05,0.0006370073111268814
2021-06-30,NFLX,Communication Services,0.05,0.4132194822799321,1.1457157817959116,0.19855745203698622,0.00992787260184931,0.05851352063438703,50000.0,2095614530.346616,2.385934974011178e-05,0.00023859349740111777
2021-06-30,AMZN,Consumer Discretionary,0.05,0.3100837827123808,1.2764074697254895,0.1889927268029102,0.009449636340145512,0.05569486164372826,50000.0,11699419205.619303,4.273716423118226e-06,4.273716423118225e-05
2021-06-30,WFC,Financials,0.05,0.3760558270175446,0.9708072426443474,0.1459785060853641,0.007298925304268206,0.04301886552418007,50000.0,1269002971.5896797,3.9401010966400664e-05,0.00039401010966400664
2021-06-30,GS,Financials,0.05,0.27838099939918837,0.8728770002532893,0.1363592309310064,0.006817961546550321,0.040184131045780794,50000.0,1027920590.7158407,4.864188970587714e-05,0.00048641889705877136
2021-06-30,UPS,Industrials,0.05,0.30844835405793686,0.8417075510411571,0.13408661341880188,0.006704330670940094,0.0395144062365116,50000.0,729896283.0757904,6.850288343612258e-05,0.0006850288343612258
2021-06-30,BAC,Financials,0.05,0.3156933348680344,0.8642807226635931,0.12793150124677238,0.006396575062338619,0.037700536853165934,50000.0,1824775249.3880146,2.7400634690090623e-05,0.0002740063469009062
2021-06-30,DIS,Communication Services,0.05,0.3193721800130109,0.8848980057086181,0.11886431159949642,0.005943215579974822,0.03502849819091037,50000.0,1513207115.6556194,3.304240343750747e-05,0.0003304240343750747
2021-06-30,PLD,Real Estate,0.05,0.2298027645346681,0.8165021193158584,0.11099882942371732,0.0055499414711858664,0.03271059448661563,50000.0,289847055.1457723,0.00017250477143834905,0.0017250477143834905
2021-06-30,NKE,Consumer Discretionary,0.05,0.2918393112493686,0.7457349657693825,0.10980839201395767,0.005490419600697884,0.03235978073862826,50000.0,1017564952.6514944,4.9136912459213295e-05,0.0004913691245921329
2021-06-30,COST,Consumer Staples,0.05,0.1835382376520674,0.636906477517029,0.09550726402775887,0.004775363201387944,0.02814533630992167,50000.0,736747991.6689554,6.786581105804576e-05,0.0006786581105804575
2021-06-30,LLY,Health Care,0.05,0.3438721495330966,0.5679461570445223,0.08834023519066281,0.004417011759533141,0.026033262018856786,50000.0,724380499.5192719,6.902449753020964e-05,0.0006902449753020964
2021-06-30,ORCL,Information Technology,0.05,0.22832199269782327,0.6187312126531584,0.08696070749663723,0.004348035374831862,0.025626724659709783,50000.0,939832808.4445063,5.3200951861590944e-05,0.0005320095186159094
2021-06-30,SO,Utilities,0.05,0.1891321135121476,0.49101502663568364,0.05838577790331515,0.002919288895165758,0.017205888698974586,50000.0,255192901.63661322,0.00019593021467030635,0.0019593021467030633
2021-07-30,TSLA,Consumer Discretionary,0.05,0.6759716760872222,2.0836461979253125,0.37799234841060264,0.018899617420530132,0.12058827798190094,50000.0,15885075843.815002,3.1476085157923847e-06,3.1476085157923846e-05
2021-07-30,NVDA,Information Technology,0.05,0.42987533036479375,1.7141853606440922,0.28535650053559813,0.014267825026779908,0.09103530575478697,50000.0,7196849861.867428,6.947484102027116e-06,6.947484102027116e-05
2021-07-30,QCOM,Information Technology,0.05,0.3657866026986587,1.575356802397208,0.2512667652707725,0.012563338263538627,0.08015989388539449,50000.0,1072289464.0697479,4.662920011377423e-05,0.00046629200113774234
2021-07-30,AVGO,Information Technology,0.05,0.2975708928365662,1.4307932481751287,0.21615352615970748,0.010807676307985375,0.0689579606807294,50000.0,774039937.1127447,6.45961501502178e-05,0.0006459615015021779
2021-07-30,EOG,Energy,0.05,0.5395223715359305,1.3649682532272287,0.18842106336284864,0.009421053168142433,0.060110665366598814,50000.0,349815404.8585637,0.00014293252757183704,0.0014293252757183704
2021-07-30,NFLX,Communication Services,0.05,0.3891913721968328,1.0590763364902522,0.18599247519082454,0.009299623759541227,0.059335889721475236,50000.0,1795095979.6019871,2.7853663853164063e-05,0.0002785366385316406
2021-07-30,AMZN,Consumer Discretionary,0.05,0.29735009537703694,1.2302449305158474,0.1747112427187818,0.00873556213593909,0.055736916347973536,50000.0,12044637290.327963,4.151225046863869e-06,4.151225046863869e-05
2021-07-30,LOW,Consumer Discretionary,0.05,0.2703207730304235,0.916681295827671,0.14436831184885068,0.007218415592442535,0.04605682150501078,50000.0,736900503.0396017,6.785176532484054e-05,0.0006785176532484054
2021-07-30,UPS,Industrials,0.05,0.27835830871620376,0.8561834825845575,0.13420448148084133,0.006710224074042067,0.04281432517689193,50000.0,670688383.163325,7.455026992442193e-05,0.0007455026992442194
2021-07-30,WFC,Financials,0.05,0.3641867429368349,1.0369383236223584,0.13252506870801245,0.006626253435400623,0.042278553764725,50000.0,1230582095.1297634,4.063117787743171e-05,0.000406311778774317
2021-07-30,TMO,Health Care,0.05,0.2673967938620816,0.7341377253323322,0.12274646928955604,0.006137323464477803,0.03915895499531933,50000.0,782311854.5131937,6.39131309484161e-05,0.000639131309484161
2021-07-30,PLD,Real Estate,0.05,0.22079410478683528,0.8211680655309409,0.12253617722696775,0.006126808861348388,0.039091866976719444,50000.0,291076658.22767895,0.0001717760548181442,0.0017177605481814417
2021-07-30,NKE,Consumer Discretionary,0.05,0.28733566147658185,0.7343103838026362,0.10918041134732907,0.005459020567366454,0.03483106959463709,50000.0,1000914569.5368704,4.995431330681431e-05,0.0004995431330681431
2021-07-30,BAC,Financials,0.05,0.31053592631361765,0.8907350270807315,0.10840049430256071,0.005420024715128036,0.034582258067650334,50000.0,1846033935.8390553,2.7085092548569054e-05,0.0002708509254856905
2021-07-30,ABT,Health Care,0.05,0.2435218109524216,0.62595931893316,0.10542273511150435,0.005271136755575218,0.03363228420017881,50000.0,713854850.7332611,7.004225011378818e-05,0.0007004225011378818
2021-07-30,COST,Consumer Staples,0.05,0.18158952314876,0.6403316044796323,0.1042358156326823,0.005211790781634116,0.03325362950873821,50000.0,744008156.8836466,6.72035642854106e-05,0.000672035642854106
2021-07-30,CAT,Industrials,0.05,0.28224922043551137,0.7461213197602274,0.09927987011874592,0.004963993505937296,0.03167256857506945,50000.0,812911553.4497579,6.150730640721574e-05,0.0006150730640721574
2021-07-30,WMT,Consumer Staples,0.05,0.1908500416648619,0.5856419294288278,0.09343672274360713,0.004671836137180357,0.029808469783320763,50000.0,1061077653.4737206,4.7121904637527396e-05,0.00047121904637527394
2021-07-30,LLY,Health Care,0.05,0.33793124740017966,0.540590379175095,0.09188750854002946,0.004594375427001473,0.02931423471792838,50000.0,716412973.7586466,6.979214759006384e-05,0.0006979214759006383
2021-07-30,ORCL,Information Technology,0.05,0.23816720219457627,0.642015641601763,0.08645159651099758,0.004322579825549879,0.027580053394950926,50000.0,1002572185.2113596,4.9871720697556684e-05,0.0004987172069755669
2021-08-31,EOG,Energy,0.05,0.5352270578268319,1.398243573949377,0.2642294432955448,0.013211472164777242,0.08197101991424036,50000.0,351712122.5076421,0.00014216171920236723,0.0014216171920236722
2021-08-31,NVDA,Information Technology,0.05,0.42712248106638245,1.7149688880889127,0.23496348783660137,0.011748174391830069,0.07289194005162622,50000.0,7081367288.826467,7.0607833149530176e-06,7.060783314953017e-05
2021-08-31,MA,Financials,0.05,0.2897606706834484,1.3704653562882054,0.1993541398910424,0.009967706994552121,0.061844970670876125,50000.0,1245740897.0384724,4.01367572653881e-05,0.00040136757265388104
2021-08-31,AVGO,Information Technology,0.05,0.2961320642017645,1.4258365648621603,0.1973882361689677,0.009869411808448386,0.0612350949085773,50000.0,688399371.2280909,7.26322569278368e-05,0.0007263225692783679
2021-08-31,TXN,Information Technology,0.05,0.27781042130529654,1.389522346762011,0.19648182659516172,0.009824091329758087,0.06095390248619535,50000.0,670349366.0814158,7.458797237667166e-05,0.0007458797237667167
2021-08-31,WFC,Financials,0.05,0.36777622579212704,1.104552143486703,0.19398144185538607,0.009699072092769304,0.060178216458396536,50000.0,1223996188.938675,4.084980039305099e-05,0.0004084980039305099
2021-08-31,AAPL,Information Technology,0.05,0.31421803171512525,1.5258584167273135,0.18349866940265913,0.009174933470132957,0.056926180883701674,50000.0,11015136125.159464,4.539208542851862e-06,4.5392085428518624e-05
2021-08-31,GOOGL,Communication Services,0.05,0.26805483592573215,1.3276852054204378,0.1801294597796325,0.009006472988981626,0.055880962206858543,50000.0,3267111922.531128,1.5304036465718484e-05,0.00015304036465718483
2021-08-31,RTX,Industrials,0.05,0.2970286822473693,1.1038110755976087,0.1763228246645665,0.008816141233228325,0.05470004247690132,50000.0,406643709.4468053,0.00012295776090578059,0.0012295776090578059
2021-08-31,META,Communication Services,0.05,0.3209921299266991,1.3306712881093037,0.17343973228912604,0.008671986614456303,0.05380563033427918,50000.0,4915712250.296783,1.0171465995997076e-05,0.00010171465995997076
2021-08-31,BAC,Financials,0.05,0.3090011740273863,0.9172495527499991,0.16244517425148502,0.008122258712574252,0.05039482522258806,50000.0,1904313372.525088,2.625618279080865e-05,0.0002625618279080865
2021-08-31,DIS,Communication Services,0.05,0.309078076874032,0.8899362452536994,0.15212643841104553,0.007606321920552277,0.047193678179635816,50000.0,1486333527.1803539,3.363982517090387e-05,0.00033639825170903866
2021-08-31,APD,Materials,0.05,0.2607558847544639,0.8878337628488954,0.14143655888808973,0.007071827944404487,0.04387739246852023,50000.0,254422017.83971152,0.00019652387173306878,0.0019652387173306877
2021-08-31,CAT,Industrials,0.05,0.2821431621726299,0.7876789890915904,0.1400782751341855,0.007003913756709276,0.04345601662466343,50000.0,830669079.0889486,6.0192441561492105e-05,0.0006019244156149209
2021-08-31,LOW,Consumer Discretionary,0.05,0.29254082101280066,0.8731351798782941,0.12324965381021487,0.006162482690510744,0.03823532949581285,50000.0,727466018.0324045,6.873173283782553e-05,0.0006873173283782553
2021-08-31,NKE,Consumer Discretionary,0.05,0.2844650294576895,0.7517114452910042,0.11637402867676241,0.005818701433838121,0.0361023272167796,50000.0,976222123.2764181,5.1217851765322534e-05,0.0005121785176532253
2021-08-31,PLD,Real Estate,0.05,0.21801387088686214,0.8164385306888381,0.10604512784506552,0.005302256392253277,0.032898026722454204,50000.0,289604582.77519226,0.00017264920161437112,0.0017264920161437112
2021-08-31,LLY,Health Care,0.05,0.34146039637947656,0.5477597144151615,0.09942042132559387,0.0049710210662796935,0.030842866089101858,50000.0,690452270.2440134,7.241630182826317e-05,0.0007241630182826315
2021-08-31,ORCL,Information Technology,0.05,0.2355562227754818,0.6486226297940495,0.09356764147150873,0.004678382073575437,0.029027177693481766,50000.0,919292819.1275787,5.438963403135322e-05,0.0005438963403135322
2021-08-31,TMO,Health Care,0.05,0.26669542471880064,0.7378423004261485,0.088916920096943,0.00444584600484715,0.02758439989530995,50000.0,651343358.8417053,7.67644274272111e-05,0.0007676442742721109
2021-09-30,TSLA,Consumer Discretionary,0.05,0.5424873854799296,1.678091850404039,0.25226694064602034,0.012613347032301018,0.08120811936084903,50000.0,13361579402.980957,3.742072586781548e-06,3.742072586781548e-05
2021-09-30,EOG,Energy,0.05,0.5259021639019126,1.4726278134724544,0.24907493227510874,0.012453746613755437,0.08018056895681272,50000.0,349393760.8400218,0.00014310501675756507,0.0014310501675756505
2021-09-30,NVDA,Information Technology,0.05,0.39780382184251545,1.5686599890558484,0.21767681432449523,0.010883840716224762,0.07007309271077826,50000.0,6023541083.595434,8.300765165555266e-06,8.300765165555265e-05
2021-09-30,QCOM,Information Technology,0.05,0.34076375622201077,1.5296705811247544,0.21154243193636904,0.010577121596818452,0.06809835255693836,50000.0,993441147.714208,5.0330107742209144e-05,0.0005033010774220915
2021-09-30,WFC,Financials,0.05,0.3662423384898017,1.2333038835894006,0.1915431079678956,0.00957715539839478,0.06166030132514013,50000.0,1277708061.7141407,3.913256987118111e-05,0.0003913256987118111
2021-09-30,AVGO,Information Technology,0.05,0.2777912468430787,1.409762568963931,0.1865193625752503,0.009325968128762517,0.06004309015018514,50000.0,721604253.7816366,6.929005717187805e-05,0.0006929005717187805
2021-09-30,MA,Financials,0.05,0.2815223441840286,1.383861646716361,0.17583934715620497,0.00879196735781025,0.05660504961778522,50000.0,1330368029.5484416,3.7583585060271764e-05,0.00037583585060271764
2021-09-30,META,Communication Services,0.05,0.31326407450495375,1.3226693649727264,0.16525182669092708,0.008262591334546354,0.05319678445439159,50000.0,5053450892.514801,9.894228926625224e-06,9.894228926625224e-05
2021-09-30,AAPL,Information Technology,0.05,0.27956059282062407,1.4139938803228136,0.16477408715317526,0.008238704357658763,0.05304299367504574,50000.0,11881015321.380487,4.208394539313696e-06,4.2083945393136954e-05
2021-09-30,GOOGL,Communication Services,0.05,0.25364935370477837,1.3193884801172473,0.1630738754400551,0.008153693772002755,0.052495672669034425,50000.0,3575577931.300608,1.3983753384956322e-05,0.0001398375338495632
2021-09-30,BAC,Financials,0.05,0.30652605362817925,1.0097225055213666,0.1580758864661792,0.00790379432330896,0.050886752831518944,50000.0,1963167579.4219081,2.5469043256471995e-05,0.00025469043256471995
2021-09-30,GS,Financials,0.05,0.26671933475144516,0.9926678108277321,0.1535402011510092,0.00767701005755046,0.04942665475638345,50000.0,938887586.426951,5.325451174648179e-05,0.0005325451174648179
2021-09-30,DIS,Communication Services,0.05,0.3110206758306879,1.0252362230708,0.14415361403840812,0.0072076807019204065,0.0464049861830894,50000.0,1516832406.1399333,3.296343076374603e-05,0.00032963430763746036
2021-09-30,CAT,Industrials,0.05,0.27925738484833734,0.8833868502963297,0.132918704246855,0.0066459352123427505,0.04278831769286085,50000.0,712338298.218689,7.019136851834677e-05,0.0007019136851834678
2021-09-30,NKE,Consumer Discretionary,0.05,0.27258921199180003,0.9124752908406327,0.12489894151007977,0.006244947075503989,0.040206648260053206,50000.0,945382112.8173574,5.2888667261742156e-05,0.0005288866726174215
2021-09-30,LOW,Consumer Discretionary,0.05,0.27943090979318574,0.7824175111966879,0.09941581322741659,0.00497079066137083,0.032003286701987765,50000.0,705315516.5276337,7.089025950564218e-05,0.0007089025950564218
2021-09-30,LLY,Health Care,0.05,0.3472462511606438,0.6298288682553885,0.09203673647680975,0.004601836823840488,0.029627862700723175,50000.0,637747820.894928,7.840089509022052e-05,0.0007840089509022053
2021-09-30,PLD,Real Estate,0.05,0.20562791019140647,0.7148080214464475,0.0810088761817513,0.004050443809087565,0.026077846226735375,50000.0,295736686.8378067,0.00016906931816485085,0.0016906931816485086
2021-09-30,ORCL,Information Technology,0.05,0.23033746503554042,0.6431778367695521,0.0796433390364512,0.00398216695182256,0.025638261463059153,50000.0,984437087.4410883,5.079044729000232e-05,0.0005079044729000232
2021-09-30,ABT,Health Care,0.05,0.218020146296192,0.5637692988231745,0.06317026568240854,0.003158513284120427,0.020335357706628233,50000.0,547566732.4435552,9.131307115184201e-05,0.0009131307115184201
2021-10-29,TSLA,Consumer Discretionary,0.05,0.5465070279680899,1.6973719218779153,0.25330854930207536,0.012665427465103768,0.09276454581758502,50000.0,16479023009.055634,3.0341604579666985e-06,3.0341604579666982e-05
2021-10-29,NVDA,Information Technology,0.05,0.3970426722218538,1.6152829959454515,0.2184479914066706,0.01092239957033353,0.07999820283774957,50000.0,5571593539.588292,8.974093254421913e-06,8.974093254421911e-05
2021-10-29,QCOM,Information Technology,0.05,0.3324306979557875,1.5926163644950786,0.20700095477718217,0.010350047738859109,0.07580616448445482,50000.0,919040174.6661758,5.44045857605317e-05,0.000544045857605317
2021-10-29,TXN,Information Technology,0.05,0.2673649845656449,1.4800803885747145,0.1851352034378229,0.009256760171891145,0.06779867126109326,50000.0,666056845.233841,7.506866772376744e-05,0.0007506866772376744
2021-10-29,EOG,Energy,0.05,0.5125166865575851,1.2863749389506658,0.18159215186902933,0.009079607593451467,0.06650116444384221,50000.0,343897624.49358624,0.00014539210636778477,0.0014539210636778477
2021-10-29,MA,Financials,0.05,0.27964857315339087,1.3759335544670448,0.16662619568271866,0.008331309784135934,0.061020456697601096,50000.0,1377959830.2212524,3.628552799828115e-05,0.00036285527998281155
2021-10-29,META,Communication Services,0.05,0.30614165924187386,1.3085905911767923,0.16035659792724483,0.008017829896362242,0.05872445685926988,50000.0,6297179129.759674,7.940063156804022e-06,7.940063156804022e-05
2021-10-29,AAPL,Information Technology,0.05,0.2604657436006631,1.3813329715562017,0.15692974804105986,0.007846487402052993,0.05746950445378315,50000.0,11279614437.725525,4.432775630412615e-06,4.4327756304126155e-05
2021-10-29,WFC,Financials,0.05,0.35952232301688686,1.2189748729147158,0.1525983785997409,0.007629918929987045,0.055883306435203964,50000.0,1261647470.5506008,3.9630721867321064e-05,0.0003963072186732106
2021-10-29,V,Financials,0.05,0.23408512608569743,1.1287030255047017,0.13624139342413977,0.006812069671206989,0.04989318764552924,50000.0,1739167998.9065297,2.874937903148896e-05,0.0002874937903148896
2021-10-29,NKE,Consumer Discretionary,0.05,0.27141523089561004,0.9322583327741778,0.11857308677446221,0.0059286543387231105,0.04342284763434933,50000.0,997435782.9296875,5.012854045915522e-05,0.0005012854045915522
2021-10-29,CAT,Industrials,0.05,0.27341155194942246,0.8782455906593357,0.10265575521429647,0.005132787760714824,0.037593735127586465,50000.0,706773666.2816366,7.074400530943933e-05,0.0007074400530943932
2021-10-29,LOW,Consumer Discretionary,0.05,0.2741615435106888,0.7682582491080574,0.10146134593940767,0.005073067296970384,0.037156328517305645,50000.0,723048465.4776255,6.915165772044258e-05,0.0006915165772044257
2021-10-29,UPS,Industrials,0.05,0.25427546036849086,0.7099053239872334,0.0993265568139734,0.00496632784069867,0.036374543835411347,50000.0,510304012.76819867,9.798080898633278e-05,0.0009798080898633277
2021-10-29,LLY,Health Care,0.05,0.33471679955354416,0.6163973459485824,0.09870890382130978,0.00493544519106549,0.03614835210404193,50000.0,633654093.9909872,7.890740464577694e-05,0.0007890740464577693
2021-10-29,PLD,Real Estate,0.05,0.20373287775153798,0.7013341465358498,0.08907722916166527,0.004453861458083264,0.03262112048187044,50000.0,315677471.7544301,0.00015838950978071598,0.0015838950978071598
2021-10-29,ABBV,Health Care,0.05,0.22731536295038304,0.6586998741668255,0.08780660543613107,0.004390330271806553,0.03215580325065584,50000.0,820772014.1913351,6.091825639213888e-05,0.0006091825639213887
2021-10-29,COST,Consumer Staples,0.05,0.1768602022288939,0.6524327756065722,0.08224804867606693,0.004112402433803347,0.030120194919751424,50000.0,799714776.2201437,6.252229105522506e-05,0.0006252229105522506
2021-10-29,ORCL,Information Technology,0.05,0.22870687282297972,0.5703357934953933,0.07360649910983583,0.0036803249554917916,0.026955558657452916,50000.0,904342409.2115402,5.528879270805512e-05,0.0005528879270805512
2021-10-29,SO,Utilities,0.05,0.1701425373141107,0.5318959215521208,0.05896004018469015,0.0029480020092345076,0.02159185453546211,50000.0,249328914.44641748,0.00020053831346041235,0.0020053831346041233
2021-11-30,TSLA,Consumer Discretionary,0.05,0.547622247844585,1.7736029835814924,0.24494211018926457,0.01224710550946323,0.0901841031373775,50000.0,24624593824.54651,2.0304903445821937e-06,2.030490344582194e-05
2021-11-30,NVDA,Information Technology,0.05,0.4142833612165502,1.803541248410686,0.23206749410330577,0.011603374705165289,0.08544385776244752,50000.0,8941384974.676418,5.5919748608978175e-06,5.591974860897818e-05
2021-11-30,QCOM,Information Technology,0.05,0.3438506326385724,1.5939910946199012,0.20493222024287372,0.010246611012143686,0.07545304673122354,50000.0,1518747375.9233983,3.292186758156537e-05,0.00032921867581565365
2021-11-30,EOG,Energy,0.05,0.4599714415345727,1.1245990508376495,0.181842800306454,0.0090921400153227,0.0669518599515419,50000.0,382176558.9532979,0.00013082958341804007,0.0013082958341804007
2021-11-30,AVGO,Information Technology,0.05,0.269577944671297,1.5441767217725164,0.18149160183640473,0.009074580091820236,0.06682255381051071,50000.0,869930226.1585871,5.747587392242774e-05,0.0005747587392242774
2021-11-30,MA,Financials,0.05,0.27563402910113716,1.3204650861068075,0.16918663615770846,0.008459331807885424,0.06229204538543032,50000.0,1677035675.9359741,2.981451183028315e-05,0.0002981451183028315
2021-11-30,WFC,Financials,0.05,0.3343035015288665,1.1740083125315135,0.15258557389816535,0.007629278694908268,0.05617977702190627,50000.0,1227754456.0778553,4.0724755469207074e-05,0.00040724755469207077
2021-11-30,AAPL,Information Technology,0.05,0.25059580534962084,1.3519362541506637,0.1407297124274752,0.00703648562137376,0.051814622198878856,50000.0,12086232417.16718,4.136938482912213e-06,4.136938482912213e-05
2021-11-30,V,Financials,0.05,0.23392721835021013,1.0683165354178206,0.13434661665494238,0.006717330832747119,0.04946445967663613,50000.0,2186198443.236135,2.287075089395232e-05,0.00022870750893952315
2021-11-30,NFLX,Communication Services,0.05,0.3239504987348684,1.004491039901561,0.12878849712761636,0.006439424856380819,0.04741804134409655,50000.0,2440117797.4048615,2.0490814030853963e-05,0.00020490814030853962
2021-11-30,CAT,Industrials,0.05,0.2552922220678488,0.9495691687862146,0.12594013786459707,0.006297006893229854,0.04636931711554332,50000.0,704605183.1621298,7.096172607702062e-05,0.0007096172607702063
2021-11-30,BAC,Financials,0.05,0.2543734959467609,0.9486197334658678,0.12348417694351149,0.006174208847175575,0.045465068218375704,50000.0,1996537587.4397023,2.5043355213822166e-05,0.00025043355213822164
2021-11-30,NKE,Consumer Discretionary,0.05,0.27563717843565666,0.9675454130322807,0.11921876715793502,0.005960938357896751,0.043894606709211866,50000.0,1085595286.0675557,4.6057679728068146e-05,0.00046057679728068145
2021-11-30,DIS,Communication Services,0.05,0.28334674819361216,0.9395329490559248,0.11892619633949132,0.0059463098169745664,0.04378688641217872,50000.0,1932485703.625056,2.5873412624066213e-05,0.0002587341262406621
2021-11-30,APD,Materials,0.05,0.21068921032545404,0.7539753501737118,0.0916727062824819,0.004583635314124096,0.0337525499060725,50000.0,304264585.9013875,0.00016433065929074328,0.0016433065929074328
2021-11-30,PLD,Real Estate,0.05,0.19425878912230124,0.795579104697777,0.0908166848544784,0.0045408342427239205,0.03343737533404313,50000.0,308940842.6883189,0.00016184328224430814,0.0016184328224430812
2021-11-30,COST,Consumer Staples,0.05,0.17050275101829998,0.7170434489633111,0.07675211346399305,0.0038376056731996527,0.028259005816925562,50000.0,920747841.6418457,5.430368417789797e-05,0.0005430368417789796
2021-11-30,LLY,Health Care,0.05,0.30918212779812565,0.520729600231579,0.07305767147502594,0.0036528835737512973,0.026898766301104365,50000.0,694884976.9823202,7.195435454243839e-05,0.0007195435454243837
2021-11-30,ORCL,Information Technology,0.05,0.23092875208213534,0.61147684516404,0.07231472991996624,0.003615736495998312,0.026625226084704755,50000.0,927384391.0251999,5.391507608266543e-05,0.0005391507608266543
2021-11-30,MRK,Health Care,0.05,0.23446340042010957,0.34832958980648776,0.05292668397228166,0.0026463341986140833,0.019486831081790987,50000.0,1324046349.593773,3.776302847354276e-05,0.0003776302847354276
2021-12-31,NVDA,Information Technology,0.05,0.4498749546260507,2.0150597329878797,0.2716886422481373,0.013584432112406867,0.09765950876448476,50000.0,12479188544.234781,4.006670772123187e-06,4.006670772123187e-05
2021-12-31,TSLA,Consumer Discretionary,0.05,0.547578216559116,1.901471840307756,0.2605127378578197,0.013025636892890985,0.09364228771421926,50000.0,27781769971.694645,1.7997413430081064e-06,1.7997413430081064e-05
2021-12-31,QCOM,Information Technology,0.05,0.3424154698236624,1.5568425552314362,0.19870489354724294,0.009935244677362148,0.07142522459661645,50000.0,1735173988.0150096,2.8815554143477332e-05,0.0002881555414347733
2021-12-31,MA,Financials,0.05,0.28431718085615176,1.3350395222151847,0.17011368261831145,0.008505684130915573,0.061148005824434366,50000.0,1661675005.0599163,3.0090119817501324e-05,0.00030090119817501325
2021-12-31,EOG,Energy,0.05,0.4463524784192354,1.12338226923496,0.16826741672866938,0.00841337083643347,0.06048435857610223,50000.0,361871945.94240826,0.0001381704234346961,0.0013817042343469608
2021-12-31,WFC,Financials,0.05,0.3365164983091727,1.1767876406990396,0.16290472036622844,0.008145236018311422,0.0585567171109476,50000.0,1195836039.688676,4.1811752063449267e-05,0.0004181175206344926
2021-12-31,AAPL,Information Technology,0.05,0.2510193550741563,1.3253327353887618,0.15235413347614432,0.007617706673807217,0.05476426879828837,50000.0,14388412721.433384,3.4750184727130182e-06,3.475018472713018e-05
2021-12-31,NFLX,Communication Services,0.05,0.32034845597848416,1.0169391155786518,0.1414017013094522,0.00707008506547261,0.05082737568297512,50000.0,2134124743.8528697,2.3428808528657915e-05,0.00023428808528657913
2021-12-31,V,Financials,0.05,0.2412683054184647,1.0850826410751635,0.13771859832032443,0.006885929916016222,0.04950347040054998,50000.0,2221069988.0243683,2.2511672423467742e-05,0.00022511672423467741
2021-12-31,NKE,Consumer Discretionary,0.05,0.2798187979910196,0.9860026731770238,0.13345183274252959,0.0066725916371264795,0.047969765395833266,50000.0,937283361.3820902,5.334566051217583e-05,0.0005334566051217582
2021-12-31,GS,Financials,0.05,0.2520713644354616,0.9759697260299793,0.1303666307073876,0.00651833153536938,0.04686077786989917,50000.0,975438125.390625,5.1259017561956526e-05,0.0005125901756195653
2021-12-31,BAC,Financials,0.05,0.2554742273563303,0.9184519456307009,0.12485838154399513,0.0062429190771997566,0.04488081690061437,50000.0,2035057511.689822,2.4569330209484943e-05,0.0002456933020948494
2021-12-31,ORCL,Information Technology,0.05,0.2925315272067803,0.7675297275168456,0.11188871775849886,0.005594435887924944,0.0402188222597958,50000.0,885203623.8116074,5.6484179069110095e-05,0.000564841790691101
2021-12-31,UPS,Industrials,0.05,0.24610710395594687,0.776848125974212,0.10968310550015727,0.005484155275007864,0.0394260066017977,50000.0,532053324.95002747,9.397554277984485e-05,0.0009397554277984485
2021-12-31,COST,Consumer Staples,0.05,0.18934948539184732,0.7548304714390341,0.09749298390636785,0.0048746491953183925,0.03504422134652181,50000.0,1151600905.6802876,4.3417819275214443e-05,0.0004341781927521444
2021-12-31,LLY,Health Care,0.05,0.31662159657526173,0.5626287171523096,0.09480057891428875,0.004740028945714438,0.034076426201514076,50000.0,755153799.1679636,6.621167774709009e-05,0.0006621167774709008
2021-12-31,PLD,Real Estate,0.05,0.19203962718156328,0.7466144681007487,0.09245285387783256,0.004622642693891628,0.03323252756858929,50000.0,346216848.1646474,0.00014441815950049294,0.0014441815950049293
2021-12-31,TMO,Health Care,0.05,0.2376516290212637,0.6309180732909143,0.08892242994163847,0.004446121497081924,0.031963503348488846,50000.0,775996939.141744,6.443324384152883e-05,0.0006443324384152883
2021-12-31,UNH,Health Care,0.05,0.19138269929403254,0.6505513095644421,0.08310294909783708,0.004155147454891854,0.029871668975998175,50000.0,1319494989.6444702,3.78932852283677e-05,0.000378932852283677
2021-12-31,MRK,Health Care,0.05,0.23506580374884936,0.27035846461569296,0.0513118715561999,0.0025655935778099953,0.018444246062329372,50000.0,1089842081.3878376,4.5878206442834815e-05,0.00045878206442834815
2022-01-31,TSLA,Consumer Discretionary,0.05,0.5743834430037018,2.0296347829814825,0.31881862617975254,0.01594093130898763,0.10493622852263769,50000.0,28691118405.821835,1.7426995801548919e-06,1.7426995801548915e-05
2022-01-31,NVDA,Information Technology,0.05,0.4630299475623963,2.2305713601239288,0.31389580497626174,0.01569479024881309,0.10331592704597821,50000.0,15196370891.65236,3.290259257061559e-06,3.290259257061559e-05
2022-01-31,QCOM,Information Technology,0.05,0.35005905953995736,1.600165094970166,0.2215337926577065,0.011076689632885326,0.07291581727947388,50000.0,2037986686.2838237,2.4534016996535306e-05,0.0002453401699653531
2022-01-31,AVGO,Information Technology,0.05,0.29714996279334444,1.5735758430663154,0.21323110111252253,0.010661555055626127,0.07018306245966238,50000.0,1512365214.9163563,3.306079742303867e-05,0.0003306079742303867
2022-01-31,AAPL,Information Technology,0.05,0.24801400698040466,1.3843715780666266,0.17336475283796515,0.008668237641898257,0.05706141933915233,50000.0,16884308706.535315,2.961329413542811e-06,2.9613294135428107e-05
2022-01-31,NFLX,Communication Services,0.05,0.37100572111570856,1.1521085541661282,0.1703178908143441,0.008515894540717205,0.05605857263154692,50000.0,2952668954.1056314,1.693383199307729e-05,0.00016933831993077287
2022-01-31,MA,Financials,0.05,0.29174320783177526,1.3135565734834664,0.16688794781596186,0.008344397390798093,0.05492963833241055,50000.0,1889095800.7444255,2.646768892307991e-05,0.00026467688923079906
2022-01-31,V,Financials,0.05,0.25979283794077646,1.1079235114387245,0.1393313098963998,0.006966565494819991,0.04585962354471622,50000.0,2367774141.0859933,2.111687898452477e-05,0.00021116878984524769
2022-01-31,WFC,Financials,0.05,0.32281041896275436,1.0393170300327785,0.1311128700861641,0.006555643504308205,0.043154599411213426,50000.0,1458779733.0841637,3.427522254801937e-05,0.0003427522254801937
2022-01-31,GS,Financials,0.05,0.25746678133447554,1.0423719459580705,0.13051663339585012,0.006525831669792506,0.04295835356968881,50000.0,1154458939.1584778,4.331033205602497e-05,0.0004331033205602497
2022-01-31,EOG,Energy,0.05,0.4220176200235964,1.0346359019223101,0.12369942809058089,0.006184971404529045,0.040714532929811455,50000.0,424820058.1751506,0.00011769689080779072,0.0011769689080779072
2022-01-31,LOW,Consumer Discretionary,0.05,0.2503251219049338,0.9265041279418069,0.12229700501865012,0.006114850250932506,0.04025293823026409,50000.0,893406200.510788,5.596558426773113e-05,0.0005596558426773113
2022-01-31,COST,Consumer Staples,0.05,0.19991113258093554,0.8648761826713722,0.12198887359613812,0.0060994436798069065,0.04015151959687002,50000.0,1376453864.8689778,3.632522765647464e-05,0.00036325227656474636
2022-01-31,ORCL,Information Technology,0.05,0.29492285784838007,0.8377310743981347,0.11778405443064506,0.005889202721532254,0.03876754190982682,50000.0,923550119.3812052,5.4138913471746265e-05,0.0005413891347174625
2022-01-31,JPM,Financials,0.05,0.2217037966873014,0.830633497065744,0.10268258473545301,0.005134129236772651,0.03379703157938929,50000.0,2127910984.9927266,2.3497223498834893e-05,0.00023497223498834891
2022-01-31,NEE,Utilities,0.05,0.2349233742796266,0.705070054241354,0.09977287516946996,0.0049886437584734985,0.032839327346079056,50000.0,764661809.1995748,6.538838398682224e-05,0.0006538838398682223
2022-01-31,SHW,Materials,0.05,0.19267559112283683,0.726490291197054,0.09419432793821284,0.0047097163969106424,0.031003199657750467,50000.0,446146221.52664185,0.00011207088077291768,0.001120708807729177
2022-01-31,PLD,Real Estate,0.05,0.18871494448759654,0.693655625169912,0.09380006777090351,0.004690003388545176,0.030873432537460516,50000.0,428605946.65275574,0.00011665727083462182,0.0011665727083462183
2022-01-31,TMO,Health Care,0.05,0.2385632166260814,0.6322373050098072,0.0929120717149655,0.004645603585748275,0.030581156775000593,50000.0,943540793.2438151,5.299187947995777e-05,0.0005299187947995776
2022-01-31,LLY,Health Care,0.05,0.28894645398067176,0.6230183977250263,0.0900711009897418,0.00450355504948709,0.02964607730106761,50000.0,791422011.259257,6.317741898591296e-05,0.0006317741898591295
2022-02-28,NVDA,Information Technology,0.05,0.48140541573888607,2.363207850363238,0.33659747402893586,0.016829873701446795,0.1096601287675773,50000.0,14137845636.622524,3.536606728148208e-06,3.5366067281482076e-05
2022-02-28,TSLA,Consumer Discretionary,0.05,0.5731857473110443,1.8826404307561957,0.2999169038285796,0.014995845191428981,0.09770996169325921,50000.0,25540676360.026245,1.957661547219442e-06,1.957661547219442e-05
2022-02-28,META,Communication Services,0.05,0.4079431229704951,1.7143598551319292,0.24223624274492989,0.012111812137246495,0.07891817265776498,50000.0,8813724854.87203,5.672970375557063e-06,5.672970375557062e-05
2022-02-28,AVGO,Information Technology,0.05,0.2978474937914551,1.5390964936588936,0.2135248629599924,0.010676243147999621,0.06956428902154851,50000.0,1658304096.3830311,3.0151285345707257e-05,0.0003015128534570725
2022-02-28,NFLX,Communication Services,0.05,0.39548315499737363,1.234943422913023,0.19615145907335807,0.009807572953667904,0.0639042058232543,50000.0,3332771004.374059,1.500253090727747e-05,0.0001500253090727747
2022-02-28,MA,Financials,0.05,0.2848112497306138,1.210418375289294,0.1526512951501395,0.007632564757506975,0.04973228254607371,50000.0,1748007019.3781025,2.860400412910742e-05,0.0002860400412910742
2022-02-28,ORCL,Information Technology,0.05,0.29907324518951517,0.965319211408952,0.14127070941653647,0.007063535470826824,0.04602460024513619,50000.0,881679186.4916611,5.67099697555046e-05,0.000567099697555046
2022-02-28,NKE,Consumer Discretionary,0.05,0.2810945725668824,0.9528201763904951,0.13786043202520362,0.0068930216012601814,0.04491356559181443,50000.0,926155474.9815369,5.398661601713985e-05,0.0005398661601713985
2022-02-28,LOW,Consumer Discretionary,0.05,0.24800092183398342,0.9075844356511638,0.13340892921958658,0.006670446460979329,0.04346330999414102,50000.0,898133258.2259115,5.56710260332251e-05,0.000556710260332251
2022-02-28,HD,Consumer Discretionary,0.05,0.2261069234972949,0.9240648200757055,0.13133504404063362,0.006566752202031682,0.04278765870938538,50000.0,1753376255.7802327,2.851641217061569e-05,0.0002851641217061569
2022-02-28,GS,Financials,0.05,0.253427264684601,0.9741822690571009,0.12891435329161038,0.006445717664580519,0.04199902159910941,50000.0,1185308845.472463,4.21830986843518e-05,0.00042183098684351797
2022-02-28,COST,Consumer Staples,0.05,0.20352909717513806,0.8744734584393146,0.12490958417351243,0.006245479208675622,0.04069430741953335,50000.0,1378558326.209259,3.626977477078487e-05,0.0003626977477078487
2022-02-28,HON,Industrials,0.05,0.2065820972178758,0.9359559356652246,0.1206783565519835,0.006033917827599176,0.039315815298757946,50000.0,730231948.9862142,6.8471394697829e-05,0.0006847139469782899
2022-02-28,BAC,Financials,0.05,0.25064537914214297,0.806276733230588,0.10618288406510798,0.0053091442032553995,0.034593333693560296,50000.0,2425584768.556372,2.061358590644447e-05,0.00020613585906444467
2022-02-28,LLY,Health Care,0.05,0.2913607238056279,0.7151994779435948,0.10596265794491155,0.005298132897245578,0.03452158620119305,50000.0,770835670.6893158,6.486466817926026e-05,0.0006486466817926025
2022-02-28,EOG,Energy,0.05,0.39436482871944106,0.7594804563047447,0.10558070594086015,0.005279035297043008,0.034397150015009106,50000.0,450481814.9155426,0.0001109922717066262,0.001109922717066262
2022-02-28,CAT,Industrials,0.05,0.25219900529093725,0.7752737873919996,0.10285177013994093,0.005142588506997047,0.03350808971474812,50000.0,728598601.2315115,6.862489155961548e-05,0.0006862489155961548
2022-02-28,TMO,Health Care,0.05,0.23351949472008002,0.6540625884527166,0.09953153143642605,0.004976576571821303,0.03242638877561619,50000.0,965578697.3112997,5.178241829405247e-05,0.0005178241829405247
2022-02-28,PLD,Real Estate,0.05,0.2025387405110969,0.7567060924606624,0.09828521761233412,0.0049142608806167064,0.03202035205526046,50000.0,473807811.5740204,0.00010552801954424674,0.0010552801954424674
2022-02-28,ABT,Health Care,0.05,0.21434181612448813,0.6608615449496728,0.09161045432820915,0.004580522716410458,0.029845780177257246,50000.0,817105264.4240189,6.119162631419982e-05,0.0006119162631419983
2022-03-31,NVDA,Information Technology,0.05,0.499383261637774,2.37491747253733,0.3651683618621491,0.018258418093107458,0.10797399964162858,50000.0,13308671379.974556,3.7569490276267977e-06,3.7569490276267974e-05
2022-03-31,TSLA,Consumer Discretionary,0.05,0.5379822884077078,1.7661922907850842,0.3006240042159383,0.015031200210796916,0.08888934396712644,50000.0,24832741548.845676,2.013470800300106e-06,2.013470800300106e-05
2022-03-31,META,Communication Services,0.05,0.4186452491107706,1.778695886010915,0.26893156812093055,0.013446578406046529,0.07951843607654503,50000.0,8923062037.581177,5.603457623561897e-06,5.6034576235618973e-05
2022-03-31,QCOM,Information Technology,0.05,0.3712489736106207,1.728780964526199,0.2607087896211342,0.013035439481056711,0.07708710199748436,50000.0,1898289799.5937855,2.6339497799914157e-05,0.00026339497799914154
2022-03-31,NFLX,Communication Services,0.05,0.4011602478376186,1.2795027716422784,0.2167532120107352,0.01083766060053676,0.06409019422335349,50000.0,3419940494.0299354,1.4620137422649068e-05,0.00014620137422649066
2022-03-31,AVGO,Information Technology,0.05,0.28085017353395925,1.3965786731977152,0.20894212998702097,0.01044710649935105,0.061780591706507765,50000.0,1557153646.3578541,3.210986925853388e-05,0.00032109869258533876
2022-03-31,AAPL,Information Technology,0.05,0.24263857657884538,1.248819275351614,0.174186972508946,0.0087093486254473,0.05150408981585647,50000.0,15922531829.281157,3.1402041167882104e-06,3.14020411678821e-05
2022-03-31,WFC,Financials,0.05,0.33571731024895773,1.188352467895459,0.1687739892540663,0.008438699462703316,0.04990356383095979,50000.0,1767197528.849144,2.8293384969003217e-05,0.00028293384969003217
2022-03-31,NKE,Consumer Discretionary,0.05,0.2965489946304899,1.0904496261368162,0.16722402761943084,0.008361201380971543,0.04944526685219293,50000.0,1002538270.6410471,4.987340779322948e-05,0.0004987340779322948
2022-03-31,ORCL,Information Technology,0.05,0.2912839257921792,0.9973026194213911,0.15098364963275485,0.0075491824816377425,0.04464326659682791,50000.0,760427689.4442749,6.575247152893695e-05,0.0006575247152893696
2022-03-31,UPS,Industrials,0.05,0.2893196250718535,0.8742287335949195,0.13947206101894757,0.006973603050947379,0.041239487971200375,50000.0,681310788.517634,7.338794694384305e-05,0.0007338794694384304
2022-03-31,HON,Industrials,0.05,0.20947660290429268,0.9451615703582872,0.13326218008793117,0.006663109004396559,0.03940333305898146,50000.0,735188050.5678164,6.800981049866482e-05,0.0006800981049866482
2022-03-31,JPM,Financials,0.05,0.23923704945396262,0.963822221398937,0.13251116923757575,0.006625558461878788,0.03918127207627851,50000.0,2485569196.8047843,2.0116116688392878e-05,0.00020116116688392873
2022-03-31,LOW,Consumer Discretionary,0.05,0.2532824118781128,0.8315033176368447,0.1275574728381352,0.0063778736419067604,0.037716549309688326,50000.0,937092807.2657522,5.335650814126929e-05,0.0005335650814126928
2022-03-31,TMO,Health Care,0.05,0.23203550075200252,0.682581237615857,0.10433839966211444,0.005216919983105722,0.030851068998080648,50000.0,948116300.4501343,5.273614637388014e-05,0.0005273614637388013
2022-03-31,RTX,Industrials,0.05,0.2144559896545409,0.7549664930231016,0.09920702518398483,0.004960351259199242,0.029333809881663044,50000.0,647135494.1164652,7.726357224195384e-05,0.0007726357224195383
2022-03-31,PLD,Real Estate,0.05,0.19865497931676027,0.7144241144407981,0.09913455337051792,0.004956727668525896,0.029312381213742852,50000.0,472612514.03622943,0.00010579491341223163,0.0010579491341223162
2022-03-31,ABT,Health Care,0.05,0.21845571860462526,0.6866497747118793,0.09851622394146922,0.004925811197073461,0.029129551843722797,50000.0,771808171.822052,6.478293677814025e-05,0.0006478293677814025
2022-03-31,NEE,Utilities,0.05,0.23079957096617343,0.538601073427884,0.08391473674289351,0.004195736837144676,0.024812143387232755,50000.0,863495690.616366,5.790416853650982e-05,0.0005790416853650981
2022-03-31,EOG,Energy,0.05,0.38640390256549795,0.5328433787370466,0.08179220590939579,0.00408961029546979,0.024184547550926586,50000.0,569434293.5148493,8.780644328843208e-05,0.0008780644328843207
2022-04-29,NVDA,Information Technology,0.05,0.5232737097863406,2.351513326447474,0.39833423748061336,0.01991671187403067,0.10923978274341344,50000.0,12843612552.162584,3.892985699851331e-06,3.892985699851331e-05
2022-04-29,TSLA,Consumer Discretionary,0.05,0.5482524312743737,1.6986104790287968,0.31409536208887046,0.015704768104443524,0.08613798636119474,50000.0,23175502574.86984,2.1574505164870547e-06,2.1574505164870547e-05
2022-04-29,QCOM,Information Technology,0.05,0.39616497959826524,1.719104205170842,0.27852426868221003,0.013926213434110503,0.07638291599549873,50000.0,1808297471.3967896,2.7650317932136643e-05,0.00027650317932136645
2022-04-29,NFLX,Communication Services,0.05,0.5437437940507073,1.3900287392087265,0.27424929082845473,0.013712464541422737,0.07521053961396848,50000.0,3094283967.0940714,1.6158827221974846e-05,0.00016158827221974845
2022-04-29,AMZN,Consumer Discretionary,0.05,0.3588389678749992,1.4662496903087532,0.2399135838733622,0.011995679193668111,0.06579426349409724,50000.0,11670614787.326303,4.284264446316699e-06,4.284264446316698e-05
2022-04-29,AVGO,Information Technology,0.05,0.29088137419428334,1.3499823707768308,0.22152031961029595,0.011076015980514798,0.06075006693005638,50000.0,1361505207.5660706,3.6724060783714355e-05,0.00036724060783714353
2022-04-29,AAPL,Information Technology,0.05,0.25410489549416243,1.238883183316818,0.19021670817417158,0.00951083540870858,0.05216531726355831,50000.0,14765610726.65647,3.386246659593607e-06,3.3862466595936064e-05
2022-04-29,NKE,Consumer Discretionary,0.05,0.3125861164981957,1.1021484254627651,0.17819199161146584,0.008909599580573293,0.04886764083692419,50000.0,952608461.5866343,5.248746155028016e-05,0.0005248746155028015
2022-04-29,WFC,Financials,0.05,0.33315181231859065,1.1162262119296285,0.17586865882547612,0.008793432941273806,0.04823048654562498,50000.0,1513765600.8100445,3.3030212850155965e-05,0.00033030212850155964
2022-04-29,ORCL,Information Technology,0.05,0.2959608704768196,1.0054382174787821,0.16446300151711019,0.00822315007585551,0.045102581863637005,50000.0,660547121.1923981,7.569482690310062e-05,0.0007569482690310063
2022-04-29,BAC,Financials,0.05,0.2749153531559585,0.9940627882787268,0.15835425379755433,0.007917712689877716,0.04342730966524587,50000.0,2247955404.442463,2.2242434125333987e-05,0.00022242434125333986
2022-04-29,UPS,Industrials,0.05,0.281118623071058,0.9008089677332909,0.1538950852984876,0.007694754264924381,0.042204420563030476,50000.0,666290733.4598287,7.504231634794985e-05,0.0007504231634794984
2022-04-29,JPM,Financials,0.05,0.24542213103371907,0.9055871556602794,0.14081930902434758,0.007040965451217379,0.03861849993410624,50000.0,2194213714.6932855,2.278720603429879e-05,0.0002278720603429879
2022-04-29,COST,Consumer Staples,0.05,0.21917806547087354,0.8237720754858927,0.13188797899282118,0.006594398949641059,0.036169158500579196,50000.0,1338882317.6603699,3.734458162639156e-05,0.00037344581626391564
2022-04-29,TMO,Health Care,0.05,0.25400302921413365,0.7829806783660261,0.13135696869636687,0.006567848434818344,0.03602353343509131,50000.0,862226804.5920817,5.798938253103246e-05,0.0005798938253103246
2022-04-29,PLD,Real Estate,0.05,0.22176169161783515,0.7861147446496152,0.11516291598683386,0.005758145799341693,0.03158245196814642,50000.0,472141392.43840533,0.00010590047981553091,0.0010590047981553089
2022-04-29,LLY,Health Care,0.05,0.2855809739287991,0.6397943818335108,0.11282795312391243,0.0056413976561956215,0.030942108226988875,50000.0,800257401.3816833,6.24798969852357e-05,0.000624798969852357
2022-04-29,ABT,Health Care,0.05,0.22755199572866108,0.7162926626729252,0.11197693828299121,0.005598846914149561,0.030708724632041984,50000.0,649564716.8090439,7.697462424625317e-05,0.0007697462424625317
2022-04-29,EOG,Energy,0.05,0.38458402388427554,0.5958823901998422,0.09542278635376332,0.004771139317688166,0.026168889011363446,50000.0,529618363.5465749,9.440760260874712e-05,0.000944076026087471
2022-04-29,ABBV,Health Care,0.05,0.20152389831420986,0.3798323948948952,0.059339384543205656,0.002966969227160283,0.016273322415432934,50000.0,1221222561.518224,4.094257801611526e-05,0.0004094257801611526
2022-05-31,NVDA,Information Technology,0.05,0.5591092748829134,2.344924419086063,0.434863980899973,0.021743199044998652,0.1068420413875728,50000.0,12381088745.727823,4.038417059020987e-06,4.038417059020987e-05
2022-05-31,TSLA,Consumer Discretionary,0.05,0.5892267168561488,1.8611155673584154,0.3671771057260626,0.01835885528630313,0.09021200478679518,50000.0,24035760983.61892,2.080233699863985e-06,2.0802336998639848e-05
2022-05-31,META,Communication Services,0.05,0.48723155162649345,1.7643098513775508,0.3342733171770852,0.01671366585885426,0.08212784952821924,50000.0,6666140609.586105,7.500591860918525e-06,7.500591860918525e-05
2022-05-31,NFLX,Communication Services,0.05,0.5730865045978548,1.4675286936910268,0.31517156904158916,0.01575857845207946,0.07743472741531401,50000.0,2993779742.984835,1.670129545006186e-05,0.00016701295450061862
2022-05-31,QCOM,Information Technology,0.05,0.41003437143876487,1.6428330688705768,0.3009284123632935,0.015046420618164675,0.0739353161001649,50000.0,1613229837.9842885,3.0993723784872713e-05,0.00030993723784872713
2022-05-31,AVGO,Information Technology,0.05,0.3155737050158501,1.3304796807936068,0.24366282388761407,0.012183141194380704,0.05986569285535173,50000.0,1428499798.5648472,3.5001755023159864e-05,0.0003500175502315986
2022-05-31,NKE,Consumer Discretionary,0.05,0.3350888457036439,1.1488601189601702,0.2117883994915978,0.010589419974579892,0.052034442809127356,50000.0,958863321.3679886,5.214507520077641e-05,0.000521450752007764
2022-05-31,MA,Financials,0.05,0.32422849421424776,1.1861183319288908,0.20196321107470935,0.010098160553735469,0.0496204852647352,50000.0,1282681792.4171956,3.89808293027811e-05,0.000389808293027811
2022-05-31,ORCL,Information Technology,0.05,0.3071253688753618,1.0038194629220714,0.182736051882214,0.009136802594110701,0.04489655081985745,50000.0,643126804.3731817,7.774516574337482e-05,0.000777451657433748
2022-05-31,WFC,Financials,0.05,0.34516339497621057,1.1049108677692578,0.1790268931773587,0.008951344658867936,0.04398524497420642,50000.0,1312959227.772522,3.808191369721863e-05,0.0003808191369721863
2022-05-31,COST,Consumer Staples,0.05,0.2677140023971787,0.9578533670655397,0.17623359873342329,0.008811679936671165,0.043298958471541873,50000.0,1537995182.581787,3.250985475524473e-05,0.0003250985475524473
2022-05-31,TMO,Health Care,0.05,0.2685008952549519,0.8292345372183313,0.15384500811052873,0.0076922504055264365,0.03779828968543024,50000.0,851428227.1391805,5.872485596114332e-05,0.0005872485596114332
2022-05-31,CSCO,Information Technology,0.05,0.2660286126746473,0.8820492828727179,0.1529685712377792,0.007648428561888961,0.03758295728554257,50000.0,1229650315.4785855,4.066196655310073e-05,0.00040661966553100725
2022-05-31,PLD,Real Estate,0.05,0.25568978276585946,0.8490155931847505,0.14688695117092285,0.007344347558546143,0.036088759717048106,50000.0,601567547.7928162,8.311618567765615e-05,0.0008311618567765616
2022-05-31,APD,Materials,0.05,0.22204544088495,0.7892490687801916,0.13888291607484093,0.006944145803742047,0.03412224262995031,50000.0,311630166.07739764,0.00016044659806002803,0.0016044659806002802
2022-05-31,ABT,Health Care,0.05,0.22069722930115715,0.7370839450930521,0.1267821556437552,0.00633910778218776,0.031149198175628046,50000.0,635330589.6080399,7.869918561743886e-05,0.0007869918561743886
2022-05-31,EOG,Energy,0.05,0.39696322232080117,0.6951620490080971,0.12135116302231057,0.006067558151115529,0.029814853727888054,50000.0,530394430.627238,9.426946648152133e-05,0.0009426946648152132
2022-05-31,CAT,Industrials,0.05,0.280420062338644,0.6805825356573003,0.11373930852325621,0.005686965426162811,0.027944691771174483,50000.0,723458730.2978007,6.911244263984245e-05,0.0006911244263984245
2022-05-31,NEE,Utilities,0.05,0.25003573350053415,0.5902850184889153,0.10762027083929392,0.005381013541964696,0.026441301041666355,50000.0,782633311.7503738,6.388687939716504e-05,0.0006388687939716504
2022-05-31,WMT,Consumer Staples,0.05,0.21720390134691586,0.3184794517777731,0.06025621152344545,0.0030128105761722725,0.014804391552785647,50000.0,1327814704.9567223,3.7655856508705904e-05,0.00037655856508705905
2022-06-30,NVDA,Information Technology,0.05,0.5805509788189682,2.3044205447367943,0.4621598031919913,0.023107990159599565,0.10668988285249416,50000.0,10705663486.20874,4.670425150614069e-06,4.6704251506140694e-05
2022-06-30,TSLA,Consumer Discretionary,0.05,0.6145367178141016,1.910040366813956,0.40296133369831594,0.020148066684915797,0.09302387873074795,50000.0,23513662711.02219,2.1264232890676857e-06,2.1264232890676855e-05
2022-06-30,META,Communication Services,0.05,0.5124286246647413,1.745207592276889,0.3541927194151162,0.01770963597075581,0.0817656132805362,50000.0,6308397976.577327,7.92594255873627e-06,7.925942558736268e-05
2022-06-30,NFLX,Communication Services,0.05,0.5973656548222132,1.498510402519706,0.33341480026491066,0.016670740013245533,0.07696901750404649,50000.0,2904168797.2226777,1.7216630124191174e-05,0.00017216630124191172
2022-06-30,QCOM,Information Technology,0.05,0.4275211337956102,1.5499788425688459,0.31057271501619826,0.015528635750809913,0.07169590767826742,50000.0,1467528629.7563171,3.407088555969262e-05,0.00034070885559692616
2022-06-30,AVGO,Information Technology,0.05,0.32528040106835054,1.2751880237427575,0.2510310533661425,0.012551552668307125,0.05795067743017436,50000.0,1366286829.7510784,3.659553683109821e-05,0.0003659553683109821
2022-06-30,NKE,Consumer Discretionary,0.05,0.3237371508597925,1.1858770610121383,0.22928527676632565,0.011464263838316283,0.05293065114933581,50000.0,875436943.5345968,5.711433629716819e-05,0.0005711433629716819
2022-06-30,WFC,Financials,0.05,0.35554378090734573,1.0963837897917097,0.2119726048243449,0.010598630241217245,0.048934009882405316,50000.0,1102469207.733879,4.5352740601957306e-05,0.00045352740601957306
2022-06-30,ORCL,Information Technology,0.05,0.3296171647410297,0.9683593140757202,0.19159572031038244,0.009579786015519122,0.0442299932053203,50000.0,599523984.5875422,8.339949907825418e-05,0.0008339949907825419
2022-06-30,BAC,Financials,0.05,0.2955796821936507,0.9530139616916941,0.1844582908353178,0.009222914541765891,0.04258231309704778,50000.0,1801927390.7217534,2.7748065908456355e-05,0.00027748065908456354
2022-06-30,COST,Consumer Staples,0.05,0.2847962879099273,0.9344076166408039,0.18368949144459218,0.009184474572229609,0.04240483527148381,50000.0,1496735818.3581543,3.34060288975028e-05,0.00033406028897502794
2022-06-30,COP,Energy,0.05,0.3904680216804796,0.7293237643652227,0.17514541976513948,0.008757270988256974,0.040432430920719804,50000.0,838059300.7072321,5.966164919094074e-05,0.0005966164919094074
2022-06-30,PLD,Real Estate,0.05,0.2827140216415276,0.9272394532384235,0.17433954915586142,0.008716977457793072,0.040246395180907904,50000.0,646613608.8101832,7.73259320848562e-05,0.000773259320848562
2022-06-30,EOG,Energy,0.05,0.421522906015872,0.6947378682211965,0.1706780184032649,0.008533900920163246,0.039401128490994065,50000.0,537681814.6310679,9.299180042811689e-05,0.0009299180042811688
2022-06-30,TMO,Health Care,0.05,0.2741881767075525,0.8250713695050977,0.16027408017430797,0.008013704008715398,0.036999372771033955,50000.0,793780924.928945,6.2989671872596e-05,0.00062989671872596
2022-06-30,CAT,Industrials,0.05,0.2962093071621566,0.7182280917083901,0.14899017853360522,0.007449508926680261,0.034394476940953454,50000.0,678565864.476827,7.368481472104392e-05,0.0007368481472104392
2022-06-30,ABT,Health Care,0.05,0.23127893562336535,0.7688911025210149,0.13909825117803723,0.006954912558901862,0.03211091925492833,50000.0,625693871.9871393,7.991128287896626e-05,0.0007991128287896627
2022-06-30,SHW,Materials,0.05,0.2743995623861931,0.7088777721444165,0.1333762173546315,0.006668810867731576,0.03078998412798576,50000.0,473477743.28511554,0.00010560158467658183,0.001056015846765818
2022-06-30,WMT,Consumer Staples,0.05,0.22236025225756947,0.3117670793237268,0.06430148843035118,0.0032150744215175588,0.014844039270601059,50000.0,1281604469.9106026,3.901359676397486e-05,0.0003901359676397486
2022-06-30,SO,Utilities,0.05,0.17894988762317623,0.28165904051492463,0.05026831781943881,0.0025134158909719405,0.0116044729600162,50000.0,394709437.63729095,0.000126675461066493,0.00126675461066493
2022-07-29,NVDA,Information Technology,0.05,0.5916023577266121,2.314567461159232,0.4660783953077509,0.023303919765387548,0.1090130543916306,50000.0,9616976135.430592,5.1991394483959895e-06,5.199139448395989e-05
2022-07-29,META,Communication Services,0.05,0.5324565602521022,1.7499677682632018,0.37244246273241344,0.018622123136620674,0.0871121486349793,50000.0,5520104262.149175,9.057799930129074e-06,9.057799930129073e-05
2022-07-29,NFLX,Communication Services,0.05,0.6188932590476648,1.5958928428406132,0.36131424199300977,0.01806571209965049,0.08450932184669692,50000.0,2202640217.833233,2.2700030443095096e-05,0.00022700030443095095
2022-07-29,QCOM,Information Technology,0.05,0.4375015958091093,1.5061992323954074,0.30693438229541653,0.015346719114770827,0.07179018561831918,50000.0,1324218083.1700642,3.775813110806061e-05,0.00037758131108060614
2022-07-29,AVGO,Information Technology,0.05,0.3300187569143498,1.2711898721688508,0.2538232311556235,0.012691161557781175,0.059367793020221236,50000.0,1271119958.9030583,3.933539053477583e-05,0.0003933539053477583
2022-07-29,NKE,Consumer Discretionary,0.05,0.33877794725380395,1.22106996736522,0.24380462155636085,0.012190231077818043,0.05702449789183027,50000.0,838340882.4512609,5.964161004984375e-05,0.0005964161004984375
2022-07-29,WFC,Financials,0.05,0.3529891549586795,1.082029820456429,0.22657965092978202,0.011328982546489102,0.052995676391598315,50000.0,962767195.5821037,5.1933634869818384e-05,0.0005193363486981838
2022-07-29,BAC,Financials,0.05,0.3007970470563695,0.9615128483252927,0.20080748368052787,0.010040374184026394,0.04696771479025004,50000.0,1594897544.2126052,3.1349976167080255e-05,0.0003134997616708025
2022-07-29,ORCL,Information Technology,0.05,0.32570862217817736,0.967781361457819,0.19862374934555416,0.009931187467277709,0.04645695189664247,50000.0,584010241.9190344,8.561493688141838e-05,0.0008561493688141836
2022-07-29,PLD,Real Estate,0.05,0.29081742925832993,0.9345814047872701,0.1822560554505873,0.009112802772529365,0.04262864249032593,50000.0,580264051.2171682,8.616766779730616e-05,0.0008616766779730615
2022-07-29,JPM,Financials,0.05,0.2688926649393627,0.8672419460711968,0.1805711354530351,0.009028556772651755,0.04223454939957577,50000.0,1556186302.7491634,3.212982912885806e-05,0.0003212982912885806
2022-07-29,TMO,Health Care,0.05,0.2927485689408023,0.8669806295455021,0.17347553033690663,0.008673776516845332,0.04057492819796377,50000.0,740818650.9803772,6.749290117605908e-05,0.0006749290117605908
2022-07-29,LOW,Consumer Discretionary,0.05,0.2922635326521989,0.8279957109264507,0.16885885731425954,0.008442942865712977,0.039495114946817705,50000.0,723885591.2513224,6.907168840530318e-05,0.0006907168840530317
2022-07-29,EOG,Energy,0.05,0.4296005868019856,0.7116046433234364,0.1650064648964698,0.00825032324482349,0.038594062530729806,50000.0,531691369.3280665,9.403951781874567e-05,0.0009403951781874567
2022-07-29,CAT,Industrials,0.05,0.30807745100166084,0.7511882150017128,0.16151346110499243,0.008075673055249621,0.03777706904606278,50000.0,596918312.5600687,8.37635551597664e-05,0.000837635551597664
2022-07-29,ABT,Health Care,0.05,0.23680951634401534,0.7747269831658549,0.15194125355377244,0.007597062677688622,0.035538184787675085,50000.0,590045152.2218832,8.473927768361323e-05,0.0008473927768361323
2022-07-29,RTX,Industrials,0.05,0.2462248864498939,0.6949676215216108,0.13751460491281364,0.006875730245640682,0.032163874695598546,50000.0,453814286.46589917,0.00011017722775846797,0.0011017722775846796
2022-07-29,LLY,Health Care,0.05,0.278701217942835,0.6098453146656387,0.1306761411328798,0.00653380705664399,0.03056439737267976,50000.0,885899510.7559713,5.643980992531887e-05,0.0005643980992531887
2022-07-29,NEE,Utilities,0.05,0.27672045262821937,0.6561178277256482,0.12614615895331632,0.006307307947665816,0.029504860610827074,50000.0,729309098.8514837,6.855803674839657e-05,0.0006855803674839655
2022-07-29,ABBV,Health Care,0.05,0.21655864733453037,0.3103114680739467,0.06706865078314017,0.003353432539157009,0.01568697143957522,50000.0,936436983.4403483,5.3393875812450796e-05,0.0005339387581245079
2022-08-31,NVDA,Information Technology,0.05,0.6069934275837532,2.3315581234203275,0.5005996931990262,0.02502998465995131,0.10541364102518276,50000.0,8720550691.037876,5.7335828632227415e-06,5.733582863222741e-05
2022-08-31,TSLA,Consumer Discretionary,0.05,0.6337129723464856,1.9233152054046512,0.42908196500902673,0.021454098250451338,0.09035381532257312,50000.0,22030939117.80355,2.2695355714361813e-06,2.2695355714361814e-05
2022-08-31,NFLX,Communication Services,0.05,0.6281692874593586,1.624291459054287,0.37952036652014093,0.01897601832600705,0.07991739551904654,50000.0,2001196907.150523,2.4985047608930357e-05,0.00024985047608930353
2022-08-31,AMZN,Consumer Discretionary,0.05,0.4416291916422181,1.617221159148256,0.3388206883683097,0.016941034418415487,0.07134707212327912,50000.0,7712644110.623806,6.482861037387598e-06,6.482861037387598e-05
2022-08-31,QCOM,Information Technology,0.05,0.44794827659031783,1.5221709157218188,0.3274256095714459,0.016371280478572295,0.06894755657809337,50000.0,1142187050.909856,4.3775667006704765e-05,0.0004377566700670476
2022-08-31,AVGO,Information Technology,0.05,0.34524826957656957,1.3055062680092167,0.2759947863410873,0.013799739317054367,0.05811752529503546,50000.0,1017000345.9562937,4.916419173189621e-05,0.000491641917318962
2022-08-31,NKE,Consumer Discretionary,0.05,0.34607678229161654,1.2270429109224403,0.2570520184623843,0.012852600923119215,0.05412865722276704,50000.0,756619718.6606089,6.608339535283525e-05,0.0006608339535283525
2022-08-31,MA,Financials,0.05,0.3354131838561363,1.1518178129113825,0.23389689961035662,0.011694844980517831,0.049252774517036614,50000.0,910403030.5060323,5.4920731065897634e-05,0.0005492073106589763
2022-08-31,WFC,Financials,0.05,0.3463849480687723,1.0649505926302039,0.20982546722723638,0.01049127336136182,0.044183939344604004,50000.0,780865219.2364502,6.403153677262161e-05,0.0006403153677262161
2022-08-31,ORCL,Information Technology,0.05,0.32839009618382903,0.9619325214970141,0.20538750711948683,0.010269375355974343,0.04324941713047153,50000.0,526551678.23782605,9.49574411524649e-05,0.0009495744115246489
2022-08-31,COST,Consumer Staples,0.05,0.2949845493776194,0.9319488599948577,0.19702815338271643,0.009851407669135823,0.04148914854464941,50000.0,1107481174.8168945,4.514749427525642e-05,0.0004514749427525642
2022-08-31,PLD,Real Estate,0.05,0.29563199649345223,0.9417922115033951,0.19589518064123954,0.009794759032061978,0.04125057312503988,50000.0,412008226.8567149,0.00012135680003639496,0.0012135680003639495
2022-08-31,TMO,Health Care,0.05,0.29631962236412906,0.8846502586014087,0.18686350826660333,0.009343175413330167,0.03934873122922704,50000.0,654081256.8807474,7.644310163915312e-05,0.0007644310163915312
2022-08-31,ABT,Health Care,0.05,0.24069570460179335,0.7828129475044812,0.15793930196418382,0.007896965098209191,0.03325802453978172,50000.0,501006979.6160126,9.979900886474987e-05,0.0009979900886474989
2022-08-31,CAT,Industrials,0.05,0.31311633175811654,0.7579002744143855,0.1560347144153055,0.007801735720765275,0.03285696654692621,50000.0,558964221.2734731,8.945116359341631e-05,0.000894511635934163
2022-08-31,SHW,Materials,0.05,0.31286096915060624,0.6855134892846532,0.14707723799459577,0.007353861899729789,0.030970748443454797,50000.0,400339569.5981598,0.00012489397450815923,0.001248939745081592
2022-08-31,EOG,Energy,0.05,0.4349051134871384,0.6537933809172068,0.14276857145469177,0.0071384285727345885,0.03006345218637523,50000.0,478163036.30184174,0.00010456684478730255,0.0010456684478730256
2022-08-31,RTX,Industrials,0.05,0.2506561615423036,0.7044332945284727,0.1414788397573199,0.007073941987865995,0.02979186729327082,50000.0,408153335.73799133,0.0001225029801841356,0.001225029801841356
2022-08-31,NEE,Utilities,0.05,0.2769089909337667,0.6537349277851437,0.13848023430832385,0.006924011715416192,0.029160436785679686,50000.0,626653941.4021174,7.97888542568274e-05,0.000797888542568274
2022-08-31,LLY,Health Care,0.05,0.2814746902966007,0.6004241341056961,0.1277373514919286,0.00638686757459643,0.026898257227505527,50000.0,839825893.9177958,5.953614953064798e-05,0.0005953614953064797
2022-09-30,NVDA,Information Technology,0.05,0.6205812368637146,2.2701345919577958,0.48904559120789803,0.024452279560394904,0.10340766774702907,50000.0,8756292743.766102,5.710179120678288e-06,5.710179120678288e-05
2022-09-30,META,Communication Services,0.05,0.5566873622920913,1.7820722339278061,0.4056664184632359,0.020283320923161798,0.08577731600230422,50000.0,4449511353.752975,1.1237188991062379e-05,0.00011237188991062379
2022-09-30,NFLX,Communication Services,0.05,0.6459109926169307,1.6609158775128896,0.4032004860372552,0.020160024301862763,0.08525589974668965,50000.0,2352143864.0533447,2.125720316861794e-05,0.00021257203168617938
2022-09-30,AMZN,Consumer Discretionary,0.05,0.453034891030412,1.621364403121484,0.3525709336776648,0.01762854668388324,0.07455038675831943,50000.0,7277373192.875214,6.870610957392103e-06,6.870610957392104e-05
2022-09-30,QCOM,Information Technology,0.05,0.45403185274027763,1.4988290346033908,0.3271988884640304,0.01635994442320152,0.06918552084666917,50000.0,1035308361.5069453,4.8294790092511566e-05,0.0004829479009251156
2022-09-30,NKE,Consumer Discretionary,0.05,0.3756796073260154,1.3010036936970188,0.28325693339847086,0.014162846669923543,0.05989408632345599,50000.0,762237995.5743154,6.559631019485853e-05,0.0006559631019485853
2022-09-30,WFC,Financials,0.05,0.34574117403322635,1.052219005846649,0.23546143509263642,0.011773071754631822,0.04978782813921168,50000.0,692591125.3283755,7.219266630985735e-05,0.0007219266630985734
2022-09-30,GS,Financials,0.05,0.29031459936047577,0.982736717156771,0.21981439395102034,0.010990719697551018,0.04647929400520598,50000.0,689304302.0645142,7.253690402083163e-05,0.0007253690402083163
2022-09-30,BAC,Financials,0.05,0.3051107412260631,0.9522328916396973,0.21346862999651955,0.010673431499825978,0.0451374954849753,50000.0,1298699172.6458867,3.850006302701587e-05,0.0003850006302701587
2022-09-30,ORCL,Information Technology,0.05,0.3327425630797613,0.936310590927823,0.20506184000375882,0.010253092000187942,0.04335989731822097,50000.0,539755002.3265457,9.263462086406114e-05,0.0009263462086406114
2022-09-30,PLD,Real Estate,0.05,0.3070974922246892,0.9557104956691032,0.20405122647149418,0.01020256132357471,0.043146205199850254,50000.0,423606427.46701556,0.0001180340919257966,0.0011803409192579657
2022-09-30,COST,Consumer Staples,0.05,0.30396713604604536,0.9482464513848972,0.2005091554620329,0.010025457773101647,0.042397241690787464,50000.0,1117750444.5461018,4.473270419525898e-05,0.0004473270419525898
2022-09-30,UPS,Industrials,0.05,0.30510979543151395,0.8736300358807818,0.1988612553726393,0.009943062768631966,0.04204879666237319,50000.0,531550359.4345856,9.406446465991558e-05,0.0009406446465991559
2022-09-30,TMO,Health Care,0.05,0.29127726514843566,0.886575987185605,0.18983932508043777,0.00949196625402189,0.040141128365459265,50000.0,674872996.9341532,7.408801393320299e-05,0.0007408801393320298
2022-09-30,CAT,Industrials,0.05,0.31731247129415574,0.7801881317965302,0.17582866457566554,0.008791433228783277,0.03717860349571147,50000.0,481163721.5128072,0.00010391473372680102,0.0010391473372680102
2022-09-30,ABT,Health Care,0.05,0.24500440188937808,0.7833424595573122,0.16530706458609562,0.008265353229304781,0.03495383317685164,50000.0,500841271.70635223,9.983202827844317e-05,0.0009983202827844317
2022-09-30,SHW,Materials,0.05,0.3226164617700171,0.7175400802383258,0.16265195986319353,0.008132597993159676,0.03439241683458119,50000.0,363609932.95389813,0.00013750999482827514,0.0013750999482827512
2022-09-30,EOG,Energy,0.05,0.4387848860408564,0.6580615541119711,0.15572054914578956,0.007786027457289478,0.03292678453082568,50000.0,391615113.65442914,0.0001276763798348223,0.001276763798348223
2022-09-30,ABBV,Health Care,0.05,0.21714052434674755,0.34243568441375116,0.07362869084858335,0.003681434542429168,0.015568632734452643,50000.0,784931066.6009268,6.369986120758412e-05,0.0006369986120758411
2022-09-30,SO,Utilities,0.05,0.20251149913593033,0.34404895192801016,0.06815373580172887,0.003407686790086444,0.014410964937025612,50000.0,296482467.48126984,0.0001686440362722586,0.001686440362722586
2022-10-31,NVDA,Information Technology,0.05,0.6324026015565951,2.2165162350720933,0.511574427392274,0.0255787213696137,0.10251747596188784,50000.0,8354014067.540933,5.985146732547684e-06,5.985146732547684e-05
2022-10-31,TSLA,Consumer Discretionary,0.05,0.652083450098401,1.81131621577965,0.42418676402982564,0.021209338201491283,0.0850053365772196,50000.0,18695418820.71325,2.6744519863124655e-06,2.6744519863124652e-05
2022-10-31,META,Communication Services,0.05,0.6147743525147433,1.7224958940983364,0.41312452055401566,0.020656226027700786,0.08278850708205351,50000.0,4888768820.110066,1.0227523910380833e-05,0.00010227523910380833
2022-10-31,AMZN,Consumer Discretionary,0.05,0.4713202852728327,1.5588479871066359,0.3611293674785141,0.018056468373925706,0.07236888567383745,50000.0,7129680073.156662,7.012937395080412e-06,7.012937395080411e-05
2022-10-31,QCOM,Information Technology,0.05,0.4686976753985725,1.4793085101994703,0.3552229349314362,0.01776114674657181,0.07118526013619644,50000.0,924899765.3913244,5.405991208014313e-05,0.0005405991208014313
2022-10-31,NKE,Consumer Discretionary,0.05,0.38506375511674407,1.277103213934851,0.29473077016896737,0.014736538508448369,0.05906287145752299,50000.0,824271697.0377985,6.065961039264843e-05,0.0006065961039264842
2022-10-31,AVGO,Information Technology,0.05,0.36523884747298674,1.2709375592120984,0.2921883291248054,0.014609416456240271,0.058553376407197634,50000.0,1119288536.8988674,4.467123387016133e-05,0.00044671233870161324
2022-10-31,COST,Consumer Staples,0.05,0.31212064136540557,0.9349597665905309,0.22116578266808581,0.011058289133404292,0.04432074121422361,50000.0,1066822148.7228394,4.68681682882739e-05,0.000468681682882739
2022-10-31,PLD,Real Estate,0.05,0.3201375031321926,0.9610387717374727,0.21713919149542982,0.010856959574771492,0.04351382839441102,50000.0,486451655.6832123,0.00010278513684936673,0.0010278513684936674
2022-10-31,LOW,Consumer Discretionary,0.05,0.30748700883091723,0.917288989504166,0.21355475997209583,0.010677737998604792,0.042795522605742944,50000.0,747493446.0990397,6.689021858443855e-05,0.0006689021858443854
2022-10-31,BAC,Financials,0.05,0.3223731470303603,0.9806572288628361,0.21336774322446428,0.010668387161223215,0.042758045195021854,50000.0,1395561807.0824144,3.582786498330079e-05,0.00035827864983300784
2022-10-31,TMO,Health Care,0.05,0.30577875697189555,0.9079591234467098,0.20772436032087663,0.010386218016043832,0.04162713375734233,50000.0,709485654.124349,7.04735884500868e-05,0.0007047358845008679
2022-10-31,UPS,Industrials,0.05,0.30103215315394866,0.8567693139251255,0.19973858516776477,0.00998692925838824,0.04002681625032898,50000.0,545155055.936966,9.171702519398682e-05,0.0009171702519398682
2022-10-31,COP,Energy,0.05,0.41884556762102,0.7160625277407564,0.1842879857134296,0.009214399285671481,0.03693057771035601,50000.0,799102688.8973618,6.25701811477975e-05,0.0006257018114779751
2022-10-31,SHW,Materials,0.05,0.33798729446549847,0.7814838045835426,0.1803827996995673,0.009019139984978365,0.03614799400040867,50000.0,334414092.0698802,0.00014951523032573594,0.0014951523032573591
2022-10-31,EOG,Energy,0.05,0.4466684921419908,0.6795651199467643,0.1784422247940847,0.008922111239704236,0.03575911052505758,50000.0,415340438.7244161,0.00012038317326759427,0.0012038317326759425
2022-10-31,ABT,Health Care,0.05,0.26233433727657934,0.7996435465846922,0.17437186604651556,0.008718593302325777,0.03494342685770293,50000.0,586769641.6483561,8.521231578978722e-05,0.0008521231578978722
2022-10-31,UNP,Industrials,0.05,0.249652958588101,0.6671980444698492,0.15539244114493475,0.007769622057246738,0.031140025765047673,50000.0,611683710.2023569,8.174159155465987e-05,0.0008174159155465988
2022-10-31,WMT,Consumer Staples,0.05,0.2609473970351361,0.41221944385094783,0.10310996737067196,0.005155498368533598,0.020662826434145454,50000.0,917580016.4520836,5.4491160556580215e-05,0.0005449116055658022
2022-10-31,SO,Utilities,0.05,0.2204809293143591,0.4126375469571593,0.08928440074061897,0.004464220037030948,0.017892237994295415,50000.0,287218904.11801654,0.00017408324898926324,0.0017408324898926324
2022-11-30,TSLA,Consumer Discretionary,0.05,0.6517878819363662,1.8052893476983995,0.4409048577782842,0.022045242888914213,0.08671120957735647,50000.0,17972849584.917274,2.7819739860261086e-06,2.7819739860261082e-05
2022-11-30,NFLX,Communication Services,0.05,0.6901902028915429,1.623044342812968,0.429790624456709,0.02148953122283545,0.08452541235186213,50000.0,3156293703.4665112,1.5841364808694998e-05,0.00015841364808694998
2022-11-30,AMZN,Consumer Discretionary,0.05,0.49464717772041417,1.5998770631896726,0.3824966455132563,0.019124832275662817,0.07522427164641084,50000.0,8072346104.487088,6.19398615381556e-06,6.19398615381556e-05
2022-11-30,QCOM,Information Technology,0.05,0.4676549967260761,1.5064206102900124,0.34660334780882057,0.01733016739044103,0.06816526287214855,50000.0,997997328.2030869,5.010033452697308e-05,0.0005010033452697309
2022-11-30,NKE,Consumer Discretionary,0.05,0.404215862928712,1.2978287592730986,0.3109938831940155,0.015549694159700776,0.06116207455458064,50000.0,861384145.2076594,5.804611134088866e-05,0.0005804611134088866
2022-11-30,DIS,Communication Services,0.05,0.3643654415336513,1.132532003571745,0.2824389099053375,0.014121945495266875,0.055546268265243975,50000.0,1300079538.9515305,3.845918538209077e-05,0.00038459185382090763
2022-11-30,MA,Financials,0.05,0.3318013498872378,1.1172675309231397,0.26113749374657885,0.013056874687328943,0.051356993576495966,50000.0,935065847.7657572,5.3472170028955514e-05,0.0005347217002895551
2022-11-30,WFC,Financials,0.05,0.34494437975244685,0.9851578112887821,0.2399463661025322,0.011997318305126611,0.047189408942517046,50000.0,772906138.6742274,6.469090811694863e-05,0.0006469090811694863
2022-11-30,BAC,Financials,0.05,0.32203838101779964,0.9574602148695737,0.23531291223352824,0.011765645611676413,0.046278163846405505,50000.0,1383190843.848988,3.614830174906712e-05,0.0003614830174906712
2022-11-30,PLD,Real Estate,0.05,0.3381207344842524,0.9837068909744318,0.22908086077440937,0.011454043038720468,0.04505252817776819,50000.0,523551802.9550807,9.550153340659943e-05,0.0009550153340659942
2022-11-30,LOW,Consumer Discretionary,0.05,0.32931145455208427,0.9687780412927197,0.22715254874820884,0.011357627437410443,0.044673293825311836,50000.0,731227063.8256327,6.837821310717094e-05,0.0006837821310717093
2022-11-30,TMO,Health Care,0.05,0.32216052501800535,0.9673558899821018,0.22310114319934718,0.01115505715996736,0.043876518127714814,50000.0,816082780.7545471,6.126829431907654e-05,0.0006126829431907653
2022-11-30,COST,Consumer Staples,0.05,0.31555670058944946,0.9178390373695989,0.21204402045625317,0.01060220102281266,0.04170195263907347,50000.0,1067209172.2695414,4.6851171540879214e-05,0.0004685117154087921
2022-11-30,COP,Energy,0.05,0.4262118923048319,0.6832691289651944,0.206557019729496,0.0103278509864748,0.04062284348077019,50000.0,876595181.0170873,5.7038871628277135e-05,0.0005703887162827713
2022-11-30,CAT,Industrials,0.05,0.3357693225221407,0.7742473512132556,0.20316749690707622,0.010158374845353813,0.039956237933933894,50000.0,638545350.0874329,7.830297408501017e-05,0.0007830297408501017
2022-11-30,EOG,Energy,0.05,0.44388569690170804,0.6591230821929246,0.20293519900868434,0.010146759950434217,0.03991055272226864,50000.0,482364814.0586217,0.0001036559851438988,0.001036559851438988
2022-11-30,SHW,Materials,0.05,0.35160325431516193,0.828018954586493,0.19930907986860866,0.009965453993430434,0.03919741660874984,50000.0,352365051.2481944,0.00014189829502921287,0.0014189829502921285
2022-11-30,ABT,Health Care,0.05,0.2656601629873724,0.8106309220126573,0.18240943688142686,0.009120471844071344,0.03587382318719376,50000.0,618353586.2553787,8.085988520385181e-05,0.0008085988520385181
2022-11-30,RTX,Industrials,0.05,0.26586943335311664,0.6759625935202174,0.16780218128950494,0.008390109064475248,0.03300106554201016,50000.0,448013724.8654556,0.00011160372378104188,0.0011160372378104188
2022-11-30,SO,Utilities,0.05,0.22561290928174169,0.4270561954550571,0.10156637465065486,0.005078318732532744,0.01997470212218425,50000.0,297310196.9940376,0.00016817452110800868,0.001681745211080087
2022-12-30,NVDA,Information Technology,0.05,0.6309276355649024,2.201973202761909,0.5235017943925271,0.026175089719626357,0.09952500566384875,50000.0,7377815056.470172,6.777074190298544e-06,6.777074190298544e-05
2022-12-30,NFLX,Communication Services,0.05,0.6993733580064597,1.650767844838502,0.4422491225177726,0.022112456125888632,0.08407773744976062,50000.0,3172651609.885375,1.5759688156181276e-05,0.00015759688156181275
2022-12-30,TSLA,Consumer Discretionary,0.05,0.6654948353528207,1.740438313199798,0.43983623471827515,0.02199181173591376,0.08361901376536547,50000.0,18362089061.96725,2.723001714634052e-06,2.7230017146340522e-05
2022-12-30,QCOM,Information Technology,0.05,0.4668779758706658,1.5195847852346653,0.3576324495358294,0.01788162247679147,0.06799092562219805,50000.0,963586417.4167887,5.188948193566437e-05,0.0005188948193566436
2022-12-30,NKE,Consumer Discretionary,0.05,0.4219224543291421,1.3343220106339757,0.3197970124754414,0.015989850623772072,0.06079788038708307,50000.0,856880508.7767538,5.835119306352046e-05,0.0005835119306352046
2022-12-30,DIS,Communication Services,0.05,0.3699388921717595,1.15143737307677,0.28628149142157006,0.014314074571078503,0.05442611154418146,50000.0,1386991423.0674617,3.604924959767978e-05,0.0003604924959767978
2022-12-30,PLD,Real Estate,0.05,0.3430537763291778,1.007335259097101,0.2362365426091987,0.011811827130459937,0.04491186752945382,50000.0,444269320.4714076,0.00011254434572917558,0.0011254434572917557
2022-12-30,BAC,Financials,0.05,0.32411861610693576,0.9631299147384986,0.2344016005085685,0.011720080025428426,0.0445630193976724,50000.0,1408242166.0876656,3.5505256982120086e-05,0.0003550525698212009
2022-12-30,TMO,Health Care,0.05,0.3223921943999389,0.9907870493247434,0.23318987520505266,0.011659493760252633,0.04433265348682507,50000.0,810948352.6648966,6.165620761876213e-05,0.0006165620761876213
2022-12-30,GS,Financials,0.05,0.29541335465289076,0.9588727349480097,0.23287844500342217,0.011643922250171109,0.044273446254083616,50000.0,819289126.2120056,6.102851655211839e-05,0.0006102851655211839
2022-12-30,LOW,Consumer Discretionary,0.05,0.3328379518824792,0.9695025847114712,0.23043950886600714,0.011521975443300358,0.043809770416693865,50000.0,676855408.1334686,7.387102089925318e-05,0.0007387102089925318
2022-12-30,WFC,Financials,0.05,0.3395275990754194,0.960515851295297,0.23039316252039166,0.011519658126019584,0.04380095932882504,50000.0,807945784.6353849,6.188534051522322e-05,0.0006188534051522321
2022-12-30,UPS,Industrials,0.05,0.3169635469313956,0.8980713005735895,0.22137964372567656,0.011068982186283828,0.04208736346591842,50000.0,552420379.7943878,9.05107809719296e-05,0.000905107809719296
2022-12-30,COST,Consumer Staples,0.05,0.31315530801310465,0.9123313646291097,0.21462796530587466,0.010731398265293735,0.04080377506150614,50000.0,1095362755.378011,4.564697836813425e-05,0.0004564697836813425
2022-12-30,SHW,Materials,0.05,0.3546609245011925,0.8422996773791315,0.20543778427777026,0.010271889213888514,0.03905659323964581,50000.0,340002485.9029134,0.00014705774831975005,0.0014705774831975003
2022-12-30,COP,Energy,0.05,0.4275409453320375,0.6824180730841792,0.1916018680425611,0.009580093402128056,0.0364261922430807,50000.0,813077555.9427515,6.149474872913658e-05,0.0006149474872913658
2022-12-30,ABT,Health Care,0.05,0.2661553500495868,0.8316323544596196,0.1895783147623794,0.009478915738118971,0.03604148649072529,50000.0,582138912.9161707,8.589015248874131e-05,0.0008589015248874131
2022-12-30,EOG,Energy,0.05,0.4482806350819131,0.6657620206958493,0.18924500472497652,0.009462250236248826,0.03597811959549079,50000.0,503315316.3456853,9.934130430010433e-05,0.0009934130430010433
2022-12-30,NEE,Utilities,0.05,0.3105884681286085,0.7479881200801447,0.17834822059916863,0.008917411029958432,0.033906488679502765,50000.0,553095849.44369,9.040024446086617e-05,0.0009040024446086616
2022-12-30,SO,Utilities,0.05,0.22723354344536634,0.4446868019797653,0.10294661742272931,0.005147330871136466,0.01957159037813885,50000.0,314736430.9123039,0.00015886308380338616,0.0015886308380338617
2023-01-31,NVDA,Information Technology,0.05,0.6381855716373099,2.210205528793943,0.5139179899544305,0.025695899497721525,0.10373033894770789,50000.0,7639893151.809232,6.544594146340818e-06,6.544594146340818e-05
2023-01-31,META,Communication Services,0.05,0.6435598501426487,1.720706841651546,0.4295768153730696,0.02147884076865348,0.08670673051682161,50000.0,4100296122.3685966,1.2194241222538035e-05,0.00012194241222538034
2023-01-31,QCOM,Information Technology,0.05,0.47077844162224464,1.5314041894247596,0.3716275151334276,0.018581375756671382,0.07501011612865131,50000.0,996087720.2492523,5.019638228999393e-05,0.0005019638228999393
2023-01-31,NKE,Consumer Discretionary,0.05,0.42018770935831545,1.3503685239704841,0.32858984711979033,0.016429492355989516,0.06632329843042406,50000.0,888394207.8238806,5.628132146704882e-05,0.0005628132146704882
2023-01-31,AVGO,Information Technology,0.05,0.36526903524427357,1.273774623092193,0.3018600012430213,0.015093000062151066,0.06092808746872354,50000.0,1277467604.4412613,3.9139935780891285e-05,0.0003913993578089129
2023-01-31,MA,Financials,0.05,0.31041413066150886,1.07727909320101,0.2574643472331544,0.012873217361657722,0.0519671708861828,50000.0,978888931.6521708,5.107831785942241e-05,0.000510783178594224
2023-01-31,PLD,Real Estate,0.05,0.34811030471674137,1.0450728934924467,0.2543524708463088,0.01271762354231544,0.05133906290265125,50000.0,386003021.93085986,0.00012953266466643338,0.0012953266466643337
2023-01-31,LOW,Consumer Discretionary,0.05,0.3271979282962598,0.9540699259980348,0.239711943738747,0.01198559718693735,0.04838398666689785,50000.0,654757522.4123636,7.636414747215413e-05,0.0007636414747215413
2023-01-31,TMO,Health Care,0.05,0.3219513078800072,0.9797201016555157,0.23908554851707503,0.011954277425853753,0.04825755367577991,50000.0,859679352.0988973,5.8161220085053305e-05,0.000581612200850533
2023-01-31,HD,Consumer Discretionary,0.05,0.30808788979425483,0.9320768177508806,0.23325764764006768,0.011662882382003385,0.0470812373273695,50000.0,1277525913.1989033,3.9138149358396064e-05,0.0003913814935839606
2023-01-31,UPS,Industrials,0.05,0.32232174570340055,0.9283534759514378,0.22729738634814034,0.011364869317407017,0.04587820506130045,50000.0,542508716.5658569,9.216441777471484e-05,0.0009216441777471484
2023-01-31,GS,Financials,0.05,0.2910995156413463,0.9328711804509422,0.22457081789162625,0.011228540894581314,0.045327868479030954,50000.0,982167691.599884,5.090780365474395e-05,0.0005090780365474395
2023-01-31,SHW,Materials,0.05,0.3758665236700651,0.8682918519218132,0.22357477599644782,0.011178738799822391,0.04512682518922096,50000.0,360751503.7828064,0.00013859956084924025,0.0013859956084924026
2023-01-31,JPM,Financials,0.05,0.28775942416473155,0.882249727846165,0.2101752300526331,0.010508761502631657,0.042422231324700806,50000.0,1367329183.4455109,3.656763901872247e-05,0.0003656763901872247
2023-01-31,ABT,Health Care,0.05,0.2614123867117097,0.8272677412670915,0.19988153072545103,0.009994076536272552,0.04034452838161241,50000.0,525098055.0812022,9.522031078989218e-05,0.0009522031078989218
2023-01-31,COP,Energy,0.05,0.4215741330262731,0.6917802205248277,0.18848194210566135,0.009424097105283068,0.038043610308088525,50000.0,721106534.9944178,6.93378822317663e-05,0.0006933788223176629
2023-01-31,EOG,Energy,0.05,0.441979673253516,0.6724755331291086,0.18565605686957848,0.009282802843478924,0.03747322740829513,50000.0,465925289.48258716,0.00010731334213587183,0.001073133421358718
2023-01-31,PG,Consumer Staples,0.05,0.21928291601125469,0.49198343344699413,0.12036101407865626,0.0060180507039328136,0.024293932165277806,50000.0,983501097.7794901,5.0838784128343145e-05,0.0005083878412834314
2023-01-31,SO,Utilities,0.05,0.23271649835531236,0.47175654655437094,0.11464877884553899,0.00573243894227695,0.023140962025172702,50000.0,303174366.1501503,0.00016492159490567542,0.001649215949056754
2023-01-31,ABBV,Health Care,0.05,0.2270241191936967,0.3526370696682996,0.09027362211185475,0.004513681105592737,0.018221026706090427,50000.0,845687064.5134481,5.912352464415033e-05,0.0005912352464415032
2023-02-28,NVDA,Information Technology,0.05,0.6365579667100474,2.1760485604025233,0.5180180285081863,0.02590090142540932,0.09729534020716121,50000.0,9022197674.02679,5.541886999875938e-06,5.5418869998759385e-05
2023-02-28,META,Communication Services,0.05,0.6265168779883654,1.6829810459787422,0.42855939002161886,0.021427969501080946,0.08049301251388388,50000.0,4846182177.459754,1.0317400000469799e-05,0.00010317400000469798
2023-02-28,NFLX,Communication Services,0.05,0.6449245544122821,1.5809009460253451,0.4150496014226119,0.020752480071130595,0.07795557287755964,50000.0,2847478050.9957952,1.755939786173749e-05,0.0001755939786173749
2023-02-28,AMZN,Consumer Discretionary,0.05,0.4871368173758348,1.6502069104285215,0.3932033111035693,0.019660165555178466,0.07385235227155698,50000.0,6965715272.386692,7.17801374945782e-06,7.178013749457819e-05
2023-02-28,QCOM,Information Technology,0.05,0.4534142130032847,1.4841064069395533,0.3596689683112807,0.017983448415564037,0.0675538547076875,50000.0,960520249.7000885,5.2055123268470324e-05,0.0005205512326847032
2023-02-28,NKE,Consumer Discretionary,0.05,0.41826070299983603,1.3738819621400753,0.32861797431245926,0.016430898715622963,0.061721785438619364,50000.0,851801279.1623815,5.869913702074677e-05,0.0005869913702074676
2023-02-28,AVGO,Information Technology,0.05,0.35521037399600164,1.2517666815579882,0.2937598641060494,0.01468799320530247,0.05517465482758935,50000.0,1292840839.7757213,3.867452083945141e-05,0.0003867452083945141
2023-02-28,MA,Financials,0.05,0.30515350827700305,1.081694148753135,0.2478854214524056,0.012394271072620281,0.04655841126237212,50000.0,976191056.3205465,5.121948175642963e-05,0.0005121948175642962
2023-02-28,PLD,Real Estate,0.05,0.3429065760625391,1.0571547281753375,0.24601676987169044,0.012300838493584522,0.046207436815019536,50000.0,367524757.58490247,0.0001360452567292679,0.0013604525672926788
2023-02-28,TMO,Health Care,0.05,0.32016023608954974,0.9918971299111924,0.23174832551631458,0.01158741627581573,0.043527504705742945,50000.0,829808669.787496,6.0254853703570485e-05,0.0006025485370357048
2023-02-28,LOW,Consumer Discretionary,0.05,0.3302479653070978,0.9895981531183828,0.2298009337939216,0.011490046689696082,0.04316174110347512,50000.0,609760975.8614603,8.199934397139931e-05,0.0008199934397139932
2023-02-28,UPS,Industrials,0.05,0.2881825095093342,0.9184551034873445,0.21609872245225015,0.010804936122612508,0.04058816018406648,50000.0,540501656.0417175,9.250665458856772e-05,0.0009250665458856772
2023-02-28,GS,Financials,0.05,0.28766486125783036,0.9308194449664575,0.21544307540596325,0.010772153770298163,0.04046501504448898,50000.0,944520823.3256022,5.293689537087488e-05,0.0005293689537087487
2023-02-28,COST,Consumer Staples,0.05,0.31360129901641204,0.9413125432119201,0.21444826878879267,0.010722413439439634,0.04027816817250522,50000.0,1033011757.0673116,4.8402159663650345e-05,0.0004840215966365034
2023-02-28,ORCL,Information Technology,0.05,0.2963019228708629,0.8657162206268502,0.20214205664960946,0.010107102832480473,0.03796678704125101,50000.0,609343981.88296,8.205545879930226e-05,0.0008205545879930225
2023-02-28,EOG,Energy,0.05,0.4509491215421801,0.7269687902667543,0.19626674165263194,0.009813337082631598,0.036863271835223525,50000.0,454917175.1623027,0.00010991011711562945,0.0010991011711562943
2023-02-28,COP,Energy,0.05,0.43050647516010493,0.7055114945117016,0.18746818381936411,0.009373409190968206,0.03521070642126391,50000.0,714824802.4499893,6.994720920235292e-05,0.0006994720920235292
2023-02-28,ABT,Health Care,0.05,0.2570468489190167,0.8300541685694413,0.18483269707885988,0.009241634853942995,0.03471570322655411,50000.0,514032804.22836304,9.727005667480147e-05,0.0009727005667480147
2023-02-28,LLY,Health Care,0.05,0.27043151394190035,0.47086894966014087,0.10908000231272759,0.0054540001156363795,0.020487657476668388,50000.0,988432078.0583191,5.058516524293733e-05,0.0005058516524293733
2023-02-28,SO,Utilities,0.05,0.23002152516681304,0.4873865622103668,0.10607293875335981,0.0053036469376679905,0.019922863867311177,50000.0,294694039.67199963,0.0001696674966879242,0.0016966749668792418
2023-03-31,NVDA,Information Technology,0.05,0.6114241879904972,2.090368014723173,0.5016389044501702,0.025081945222508513,0.09400445825273328,50000.0,11104409568.607935,4.502715762695708e-06,4.502715762695708e-05
2023-03-31,TSLA,Consumer Discretionary,0.05,0.6662278335590661,1.740537144047703,0.4287197055685177,0.021435985278425884,0.08033978885352408,50000.0,30534233319.90654,1.6375063187652697e-06,1.6375063187652696e-05
2023-03-31,META,Communication Services,0.05,0.6231444468470333,1.6693246318875679,0.3961199144845817,0.019805995724229086,0.07423076167717976,50000.0,5647866135.962016,8.85290104197616e-06,8.852901041976159e-05
2023-03-31,AMZN,Consumer Discretionary,0.05,0.4802198079946717,1.6544300468520525,0.37829123792584946,0.018914561896292474,0.07088976267092482,50000.0,6654797094.571901,7.51337708564899e-06,7.51337708564899e-05
2023-03-31,QCOM,Information Technology,0.05,0.4326633575096416,1.4285626878080824,0.344448251427021,0.017222412571351053,0.064547767296854,50000.0,968590496.0019684,5.1621402653013836e-05,0.0005162140265301384
2023-03-31,AVGO,Information Technology,0.05,0.3461127316640318,1.2301307980369245,0.28621440284075106,0.014310720142037554,0.05363505430796783,50000.0,1399358570.8189647,3.573065620396197e-05,0.0003573065620396197
2023-03-31,PLD,Real Estate,0.05,0.3499748918455805,1.1139603366692306,0.25114130776665217,0.012557065388332608,0.04706254314019659,50000.0,375161484.2142105,0.0001332759414381965,0.001332759414381965
2023-03-31,TXN,Information Technology,0.05,0.3016530851098692,1.0621445877503197,0.24472722884376846,0.012236361442188424,0.04586057892054175,50000.0,943576283.3165741,5.298988633357243e-05,0.0005298988633357243
2023-03-31,BAC,Financials,0.05,0.31333415266353665,0.9710418334264417,0.23278146029128122,0.011639073014564062,0.043622005533934236,50000.0,1785938087.7896626,2.7996491223210147e-05,0.00027996491223210144
2023-03-31,LOW,Consumer Discretionary,0.05,0.32838312695263466,1.0162161060383474,0.23060623541240116,0.011530311770620059,0.043214379979969055,50000.0,631770140.7370249,7.914270836173083e-05,0.0007914270836173082
2023-03-31,WFC,Financials,0.05,0.32326823934654864,0.9550314593814491,0.2294912086983751,0.011474560434918755,0.0430054299139764,50000.0,996721114.4654592,5.016448359962251e-05,0.000501644835996225
2023-03-31,EOG,Energy,0.05,0.4449567826571415,0.8707761364600143,0.22690499276478016,0.011345249638239008,0.042520786825879696,50000.0,472205238.64061993,0.00010588616116148888,0.0010588616116148889
2023-03-31,TMO,Health Care,0.05,0.31686910778963284,0.9913509547895005,0.22636845490087953,0.011318422745043978,0.042420242488547366,50000.0,797796012.7671305,6.267266218412971e-05,0.000626726621841297
2023-03-31,GS,Financials,0.05,0.2919886752335376,0.9452767945613368,0.2238816021737985,0.011194080108689925,0.04195421953600181,50000.0,1058133559.2111206,4.7253014106533897e-05,0.00047253014106533897
2023-03-31,CAT,Industrials,0.05,0.33116519057631105,0.9014378376977681,0.21373199157478714,0.010686599578739358,0.040052236580987534,50000.0,816517907.8710428,6.123564409060918e-05,0.0006123564409060918
2023-03-31,COST,Consumer Staples,0.05,0.3129476610458378,0.9569371910421134,0.21283282901581085,0.010641641450790544,0.03988373830765215,50000.0,959311058.7115479,5.2120737633479467e-05,0.0005212073763347947
2023-03-31,COP,Energy,0.05,0.4279673923469189,0.8124291893039198,0.21277586081937086,0.010638793040968543,0.03987306277113281,50000.0,730302766.3493729,6.84647550356947e-05,0.000684647550356947
2023-03-31,SHW,Materials,0.05,0.3671588329991649,0.8684881876886199,0.19740145155397576,0.009870072577698789,0.03699198038073613,50000.0,372621586.1156718,0.0001341843893726507,0.001341843893726507
2023-03-31,ABT,Health Care,0.05,0.253344540413141,0.834098016176292,0.18522859572242195,0.009261429786121099,0.0347108520478209,50000.0,546156865.1996231,9.15487897084746e-05,0.0009154878970847459
2023-03-31,UNH,Health Care,0.05,0.23719576499564068,0.5310578380283104,0.11302536097668138,0.00565126804883407,0.021180350513439822,50000.0,1724370243.672994,2.8996093027850866e-05,0.00028996093027850865
2023-04-28,NVDA,Information Technology,0.05,0.5936111346332578,2.059295895899464,0.48739552152290205,0.024369776076145103,0.09085734248712364,50000.0,11690773244.538214,4.276877068277702e-06,4.2768770682777024e-05
2023-04-28,TSLA,Consumer Discretionary,0.05,0.6582626527201489,1.7296791365516635,0.4263818975602575,0.021319094878012878,0.07948354957365289,50000.0,29159501223.775227,1.7147069703384519e-06,1.7147069703384517e-05
2023-04-28,META,Communication Services,0.05,0.625222028341262,1.7135019258115183,0.4106967004194449,0.020534835020972246,0.07655960943536849,50000.0,6034176095.209274,8.286135374752586e-06,8.286135374752587e-05
2023-04-28,NFLX,Communication Services,0.05,0.5291384649566812,1.5608131326386177,0.3816968072432187,0.019084840362160935,0.07115362372140543,50000.0,2201009145.7286835,2.2716852447901395e-05,0.00022716852447901393
2023-04-28,AMZN,Consumer Discretionary,0.05,0.4798561915638913,1.6562201207041671,0.37530883089708134,0.01876544154485407,0.06996281558088917,50000.0,6450083105.131899,7.751838105809575e-06,7.751838105809575e-05
2023-04-28,QCOM,Information Technology,0.05,0.42039059736916384,1.421112236802206,0.3372431666739943,0.016862158333699716,0.0628668433394734,50000.0,845466540.1608149,5.913894592503871e-05,0.0005913894592503871
2023-04-28,AVGO,Information Technology,0.05,0.33819457389636964,1.2299589167229137,0.2806468770983974,0.014032343854919872,0.05231650334167594,50000.0,1305288510.5283737,3.8305707586256366e-05,0.0003830570758625637
2023-04-28,PLD,Real Estate,0.05,0.3483594339761841,1.1551252186046712,0.25132681439053495,0.012566340719526748,0.04685083354875596,50000.0,370083867.6000468,0.00013510451110513005,0.0013510451110513003
2023-04-28,TXN,Information Technology,0.05,0.30092593467114676,1.0708780193765086,0.24389122515676476,0.012194561257838238,0.045464735712864204,50000.0,868143967.9236094,5.7594133977095895e-05,0.0005759413397709589
2023-04-28,LOW,Consumer Discretionary,0.05,0.32286910825709697,1.0214739667672634,0.22617218652378313,0.011308609326189156,0.042161659072789376,50000.0,606455201.2615967,8.244632067790992e-05,0.0008244632067790992
2023-04-28,BAC,Financials,0.05,0.31102863270359765,0.9751972817829972,0.22558722214758647,0.011279361107379324,0.04205261353108066,50000.0,1838469673.1262872,2.7196532382813705e-05,0.00027196532382813704
2023-04-28,WFC,Financials,0.05,0.32168675097734034,0.96404783304542,0.22418115440623138,0.011209057720311569,0.041790502837208816,50000.0,1011088808.5893822,4.9451640227090796e-05,0.000494516402270908
2023-04-28,TMO,Health Care,0.05,0.30866313407024326,0.9893301942161356,0.2199179994495599,0.010995899972477996,0.040995791123888785,50000.0,699349383.103536,7.149502267108984e-05,0.0007149502267108983
2023-04-28,EOG,Energy,0.05,0.4405581534069571,0.8856220137738957,0.21819556790962594,0.010909778395481297,0.040674705792933294,50000.0,459657674.6874873,0.00010877660213982954,0.0010877660213982952
2023-04-28,GS,Financials,0.05,0.28452081286172204,0.9370394295539927,0.21568553197710416,0.010784276598855209,0.04020679998685707,50000.0,868725974.8857626,5.7555548522162005e-05,0.00057555548522162
2023-04-28,COST,Consumer Staples,0.05,0.3079543739973975,0.9575338486530096,0.2081033021286517,0.010405165106432586,0.038793366289303965,50000.0,922357530.6541443,5.42089139387625e-05,0.000542089139387625
2023-04-28,COP,Energy,0.05,0.4288928133075335,0.8261382173290228,0.20174127085170093,0.010087063542585047,0.037607394672581694,50000.0,741485277.2005209,6.743222224017056e-05,0.0006743222224017055
2023-04-28,ABT,Health Care,0.05,0.2576966182785053,0.8214494248265055,0.17749548636093057,0.008874774318046529,0.03308764131402852,50000.0,560364456.3734945,8.922764360106732e-05,0.000892276436010673
2023-04-28,UNP,Industrials,0.05,0.27323468122336664,0.7874561087165807,0.17707470499989514,0.008853735249994757,0.033009201782798654,50000.0,717796209.2723083,6.965765401671499e-05,0.0006965765401671499
2023-04-28,ABBV,Health Care,0.05,0.23049501041374792,0.35362533599732165,0.07566206308230353,0.0037831031541151767,0.014104466855320057,50000.0,945726529.6114858,5.286940614909102e-05,0.0005286940614909101
2023-05-31,NVDA,Information Technology,0.05,0.6031949557875497,2.0737354655676694,0.44618884450837554,0.02230944222541878,0.09566536329104822,50000.0,13816910913.088705,3.618753881711374e-06,3.618753881711374e-05
2023-05-31,TSLA,Consumer Discretionary,0.05,0.620870572596168,1.6854463127344987,0.37494561036576823,0.018747280518288414,0.08039041870163054,50000.0,23633803213.352535,2.1156137904944216e-06,2.1156137904944214e-05
2023-05-31,META,Communication Services,0.05,0.5795373113848232,1.6740810194234594,0.35342384524044346,0.017671192262022174,0.07577603287661658,50000.0,5468918633.591207,9.142575223717879e-06,9.142575223717877e-05
2023-05-31,QCOM,Information Technology,0.05,0.39981998428121956,1.40495244992083,0.3031896749121119,0.015159483745605596,0.06500554810714802,50000.0,908626218.0158615,5.5028128188050116e-05,0.0005502812818805012
2023-05-31,NKE,Consumer Discretionary,0.05,0.3760809265653183,1.335024058033959,0.2822306827008651,0.014111534135043256,0.060511823916637605,50000.0,768036006.2200419,6.510111452466856e-05,0.0006510111452466855
2023-05-31,DIS,Communication Services,0.05,0.35577360884716824,1.2348229903965895,0.2643063194405051,0.013215315972025255,0.05666874100641288,50000.0,1046383282.9518381,4.7783637998258566e-05,0.00047783637998258564
2023-05-31,TXN,Information Technology,0.05,0.2921987558957133,1.1276797264239518,0.23547185988796981,0.011773592994398492,0.05048647293237871,50000.0,873076771.4514669,5.7268732412702184e-05,0.0005726873241270218
2023-05-31,PLD,Real Estate,0.05,0.31810808950575287,1.1369799354079646,0.23093678434840156,0.011546839217420078,0.049514127580438834,50000.0,386609290.9641774,0.00012932953544728161,0.001293295354472816
2023-05-31,LOW,Consumer Discretionary,0.05,0.3077272111530183,1.0511962118227303,0.22309324734812241,0.011154662367406122,0.04783242973914645,50000.0,588475591.4893087,8.496529120852821e-05,0.000849652912085282
2023-05-31,WFC,Financials,0.05,0.32006656568965786,0.996438153360558,0.22159095020595732,0.011079547510297867,0.04751032889856026,50000.0,1084784106.3117664,4.609212073543233e-05,0.00046092120735432326
2023-05-31,BAC,Financials,0.05,0.30059348998216234,1.0022248833514953,0.22021142256417217,0.011010571128208609,0.047214550519863153,50000.0,1903986776.8925064,2.6260686579769694e-05,0.00026260686579769696
2023-05-31,GS,Financials,0.05,0.27503376344954183,0.9661058485576082,0.20721294012301464,0.010360647006150733,0.04442760378134535,50000.0,779165790.4055277,6.417119516242724e-05,0.0006417119516242723
2023-05-31,CAT,Industrials,0.05,0.3173643119213269,0.9557449440146765,0.2058385102904208,0.01029192551452104,0.04413291840121663,50000.0,700141147.7463531,7.14141715009071e-05,0.000714141715009071
2023-05-31,HD,Consumer Discretionary,0.05,0.27787156036584754,0.9715823287930769,0.20544017026750996,0.0102720085133755,0.04404751209069554,50000.0,1282996040.7674663,3.897128160277942e-05,0.00038971281602779423
2023-05-31,TMO,Health Care,0.05,0.2830245477184094,0.9807735529820046,0.20138591494761193,0.010069295747380597,0.043178257260983115,50000.0,769619240.4568481,6.496719075048053e-05,0.0006496719075048053
2023-05-31,EOG,Energy,0.05,0.41710152833582764,0.8650425954725315,0.1859653895514256,0.00929826947757128,0.0398720110777321,50000.0,410287194.24444836,0.00012186585567720666,0.0012186585567720665
2023-05-31,COST,Consumer Staples,0.05,0.26180423810850906,0.8622485037981272,0.17274164321675692,0.008637082160837846,0.037036766510897115,50000.0,934015831.2106323,5.3532283211080146e-05,0.0005353228321108015
2023-05-31,ABT,Health Care,0.05,0.24323424467514224,0.8055933596714826,0.16381119090789031,0.008190559545394516,0.03512202799827824,50000.0,544309724.9026489,9.185946477245582e-05,0.0009185946477245582
2023-05-31,KO,Consumer Staples,0.05,0.16021161441271314,0.48531518505271515,0.09065856714801934,0.004532928357400968,0.019437699683454004,50000.0,813634571.85208,6.145264929707298e-05,0.0006145264929707298
2023-05-31,ABBV,Health Care,0.05,0.22301080324340855,0.3729297447132227,0.07541486611965616,0.003770743305982808,0.016169365625516536,50000.0,900291823.6977133,5.553754758611277e-05,0.0005553754758611277
2023-06-30,NVDA,Information Technology,0.05,0.5857094398134186,2.074283023768286,0.4209496636693078,0.02104748318346539,0.09192953923763855,50000.0,16605661639.357916,3.0110212460003687e-06,3.0110212460003686e-05
2023-06-30,TSLA,Consumer Discretionary,0.05,0.6029177798591433,1.6363032290207904,0.34785066909344436,0.017392533454672218,0.07596573769538843,50000.0,28444308649.60126,1.7578208919027783e-06,1.7578208919027782e-05
2023-06-30,META,Communication Services,0.05,0.5574303237686822,1.667706145685625,0.3300084142305147,0.016500420711525736,0.07206923792339151,50000.0,5712789683.703969,8.752291396728224e-06,8.752291396728223e-05
2023-06-30,AMZN,Consumer Discretionary,0.05,0.4165388989753399,1.5772981251602487,0.29809145910221807,0.014904572955110905,0.06509901979033299,50000.0,7271118682.956238,6.8765209564247366e-06,6.876520956424737e-05
2023-06-30,QCOM,Information Technology,0.05,0.38802045774293087,1.4750918635825976,0.29535462400277046,0.014767731200138523,0.06450133315134504,50000.0,938032964.4691595,5.330303080371531e-05,0.0005330303080371531
2023-06-30,AVGO,Information Technology,0.05,0.3365594447673888,1.3057680359380852,0.26102489416128594,0.013051244708064298,0.057004198650818336,50000.0,2164610820.2168784,2.3098840462688975e-05,0.00023098840462688972
2023-06-30,NKE,Consumer Discretionary,0.05,0.3619534234568734,1.3102484477467402,0.25911418886788684,0.012955709443394343,0.05658692724665566,50000.0,861582522.9658508,5.803274633274075e-05,0.0005803274633274074
2023-06-30,TXN,Information Technology,0.05,0.2900950925230526,1.1935452699091058,0.2331476782309645,0.011657383911548226,0.05091620325164429,50000.0,851187996.7634583,5.8741429848774995e-05,0.0005874142984877499
2023-06-30,BAC,Financials,0.05,0.2953988983952856,1.0508950612606067,0.21100140378994342,0.010550070189497171,0.04607976559435534,50000.0,1400214046.0970209,3.5708826189374975e-05,0.0003570882618937498
2023-06-30,LOW,Consumer Discretionary,0.05,0.2960833152636315,1.0832542474794395,0.20834624641157473,0.010417312320578737,0.04549991623120535,50000.0,615834777.5241598,8.119060797607919e-05,0.0008119060797607918
2023-06-30,UPS,Industrials,0.05,0.271581142177736,1.0162410548582255,0.20218775732541833,0.010109387866270917,0.04415498805343837,50000.0,624514403.324407,8.006220470471242e-05,0.000800622047047124
2023-06-30,PLD,Real Estate,0.05,0.29612993653314457,1.0776343989069392,0.2019472425927169,0.010097362129635846,0.04410246298817433,50000.0,382605084.73372144,0.00013068305151981474,0.0013068305151981473
2023-06-30,WFC,Financials,0.05,0.3022162783284365,0.9759473391117618,0.20045598775823997,0.010022799387912,0.04377679371782884,50000.0,876743588.6159706,5.7029216579650284e-05,0.0005702921657965028
2023-06-30,CAT,Industrials,0.05,0.31377602776287133,1.0038383230181003,0.19698121164719393,0.009849060582359697,0.04301795104752477,50000.0,712289566.4823151,7.019617070474303e-05,0.0007019617070474303
2023-06-30,GS,Financials,0.05,0.26356793968639836,0.9557708592020668,0.19104687049846103,0.009552343524923053,0.04172197365505786,50000.0,730548391.3273112,6.84417358159622e-05,0.0006844173581596219
2023-06-30,TMO,Health Care,0.05,0.2753864102291592,1.0053832450528426,0.18932092924263846,0.009466046462131924,0.041345052141411875,50000.0,859350350.0721232,5.818348709092121e-05,0.000581834870909212
2023-06-30,EOG,Energy,0.05,0.3872809984652508,0.868806991356293,0.17185275316666257,0.00859263765833313,0.037530245962476595,50000.0,386011236.949234,0.00012952990797668337,0.0012952990797668337
2023-06-30,COST,Consumer Staples,0.05,0.24299289616039832,0.8572121555782403,0.15673671987805132,0.007836835993902566,0.034229114983513526,50000.0,916137161.1018881,5.457698052534216e-05,0.0005457698052534215
2023-06-30,ABT,Health Care,0.05,0.23131627238936128,0.7834329113641928,0.14276327060717367,0.0071381635303586835,0.031177508428385254,50000.0,531140471.6749191,9.413705538636144e-05,0.0009413705538636143
2023-06-30,ABBV,Health Care,0.05,0.21805639342635258,0.3350915137628688,0.06086482875225741,0.0030432414376128708,0.013292030249413311,50000.0,836396712.2825623,5.978024454872362e-05,0.0005978024454872362
2023-07-31,NVDA,Information Technology,0.05,0.5727768425699309,2.0891798474564514,0.3981867528216801,0.019909337641084004,0.09447566852265722,50000.0,19478915937.016712,2.566877959824377e-06,2.5668779598243768e-05
2023-07-31,TSLA,Consumer Discretionary,0.05,0.5998750387296222,1.646832846430326,0.33499073031696114,0.016749536515848058,0.07948148192102517,50000.0,31995833423.357903,1.5627034726183605e-06,1.5627034726183603e-05
2023-07-31,NFLX,Communication Services,0.05,0.46619796916092504,1.4669223893722494,0.2900638148442524,0.014503190742212622,0.06882190988888907,50000.0,3063964470.4888663,1.6318727087596523e-05,0.0001631872708759652
2023-07-31,QCOM,Information Technology,0.05,0.37589348319301147,1.5160855153549246,0.289984347632051,0.01449921738160255,0.06880305512301563,50000.0,1035917379.8258209,4.826639746927211e-05,0.0004826639746927211
2023-07-31,AVGO,Information Technology,0.05,0.3343195631241672,1.3176904103964284,0.25326137444479363,0.012663068722239683,0.06008998916233192,50000.0,2526614196.629969,1.978932916101344e-05,0.00019789329161013443
2023-07-31,DIS,Communication Services,0.05,0.34072630039944907,1.2826410682107197,0.24623863800102855,0.012311931900051427,0.05842374156448614,50000.0,1378952789.0864182,3.6259399448421964e-05,0.00036259399448421967
2023-07-31,NKE,Consumer Discretionary,0.05,0.350074674673222,1.2928919457920245,0.24468000421952285,0.012234000210976143,0.05805393275631695,50000.0,930513769.5348231,5.373375616461399e-05,0.0005373375616461399
2023-07-31,TXN,Information Technology,0.05,0.2854350810522669,1.1920513101324197,0.22242885279059857,0.01112144263952993,0.05277451953689243,50000.0,922360825.26268,5.4208720308302825e-05,0.0005420872030830283
2023-07-31,BAC,Financials,0.05,0.2887799975132011,1.038768328448845,0.2075511843229014,0.01037755921614507,0.04924457368966429,50000.0,1371711463.5868485,3.645081442219375e-05,0.0003645081442219375
2023-07-31,CAT,Industrials,0.05,0.305427270322184,0.9913887572730488,0.2029421550401891,0.010147107752009455,0.048151013646194556,50000.0,690308915.3823344,7.243134035478452e-05,0.000724313403547845
2023-07-31,LOW,Consumer Discretionary,0.05,0.29442606695567214,1.1121800365790815,0.1991118997446428,0.009955594987232141,0.04724222919494176,50000.0,603980318.7285868,8.278415446591516e-05,0.0008278415446591516
2023-07-31,PLD,Real Estate,0.05,0.2921885369162125,1.0812504283564897,0.195191556240059,0.00975957781200295,0.04631206998997223,50000.0,389288148.2024765,0.0001284395639345126,0.0012843956393451261
2023-07-31,WFC,Financials,0.05,0.29661057962996223,0.957559442935455,0.19486465227530897,0.00974323261376545,0.04623450721222132,50000.0,801198121.4952341,6.240653673362041e-05,0.000624065367336204
2023-07-31,GS,Financials,0.05,0.25474364930546084,0.9267384295630354,0.18279145830523966,0.009139572915261983,0.04336996422217158,50000.0,784463031.7895508,6.373786650715439e-05,0.0006373786650715439
2023-07-31,EOG,Energy,0.05,0.369504559827259,0.8369984980357453,0.1717030025987247,0.008585150129936235,0.04073906488076125,50000.0,383554043.28833264,0.0001303597260280034,0.001303597260280034
2023-07-31,ORCL,Information Technology,0.05,0.25630479460975364,0.8381280378448944,0.15218724108823087,0.007609362054411544,0.03610866318515703,50000.0,1213074846.9105911,4.121757212865961e-05,0.0004121757212865961
2023-07-31,ABT,Health Care,0.05,0.23099677015134507,0.7671931791986811,0.12908763922788039,0.0064543819613940194,0.03062794261145891,50000.0,506785876.294988,9.866099735363618e-05,0.0009866099735363616
2023-07-31,RTX,Industrials,0.05,0.23618506159718583,0.6472996934060611,0.12481214161514194,0.006240607080757098,0.029613517866366044,50000.0,535986386.5724182,9.328595138347679e-05,0.0009328595138347679
2023-07-31,SO,Utilities,0.05,0.21371742035996352,0.6320119016462268,0.10551834246977529,0.005275917123488765,0.025035780009233743,50000.0,300852376.29809064,0.00016619446592124965,0.0016619446592124963
2023-07-31,ABBV,Health Care,0.05,0.2259282131400633,0.332088217296902,0.0691058282821085,0.003455291414105425,0.016396375016242574,50000.0,832486931.6797384,6.00610028785836e-05,0.000600610028785836
2023-08-31,NVDA,Information Technology,0.05,0.5653224013125451,2.0562808272625572,0.38832454048808074,0.01941622702440404,0.09626704741682997,50000.0,22819696495.771595,2.1910896145908346e-06,2.1910896145908347e-05
2023-08-31,TSLA,Consumer Discretionary,0.05,0.6022551451387299,1.7164054686135026,0.34575370590564236,0.01728768529528212,0.08571358472253132,50000.0,32933683430.557583,1.518202484256814e-06,1.518202484256814e-05
2023-08-31,META,Communication Services,0.05,0.5344554796184323,1.6693814365050357,0.2936936748063281,0.014684683740316404,0.0728077161517214,50000.0,7121944270.518799,7.020554795264881e-06,7.020554795264881e-05
2023-08-31,NFLX,Communication Services,0.05,0.458869477191685,1.4716790680775311,0.2877474369579067,0.014387371847895337,0.07133362244601263,50000.0,2870781263.1087623,1.7416861619702476e-05,0.00017416861619702476
2023-08-31,QCOM,Information Technology,0.05,0.3751814700074209,1.5109045289837655,0.28121802312992694,0.014060901156496348,0.06971495732175292,50000.0,991182663.5350927,5.0444788674645495e-05,0.0005044478867464549
2023-08-31,AVGO,Information Technology,0.05,0.3326754685724724,1.316931153512647,0.24878510389956535,0.012439255194978268,0.06167472023168606,50000.0,2206860943.660482,2.2656615562313532e-05,0.0002265661556231353
2023-08-31,NKE,Consumer Discretionary,0.05,0.3436123586375144,1.265436165898928,0.22979752992263525,0.011489876496131764,0.056967632489896024,50000.0,845279729.0805435,5.915201593014387e-05,0.0005915201593014387
2023-08-31,TXN,Information Technology,0.05,0.2761263114963002,1.1747450015144933,0.21447406022685372,0.010723703011342687,0.05316888935112847,50000.0,897654840.0271606,5.570069671599736e-05,0.0005570069671599736
2023-08-31,BAC,Financials,0.05,0.2852049578022655,1.0373707046993592,0.1976634246283832,0.009883171231419161,0.049001472447136325,50000.0,1263533343.2017453,3.957157147377046e-05,0.00039571571473770456
2023-08-31,LOW,Consumer Discretionary,0.05,0.28381494791825673,1.0857361319308017,0.18710967343837814,0.009355483671918907,0.04638515964610482,50000.0,565671134.3993632,8.83905806031461e-05,0.000883905806031461
2023-08-31,WFC,Financials,0.05,0.2920850795336268,0.9523463911374196,0.18483671449027386,0.009241835724513694,0.04582168496444128,50000.0,661440446.0802206,7.559259536713593e-05,0.0007559259536713592
2023-08-31,CAT,Industrials,0.05,0.3029293744198969,0.9606166743438719,0.1794107480114712,0.00897053740057356,0.0444765683986932,50000.0,744896461.8179321,6.71234226002016e-05,0.0006712342260020161
2023-08-31,GS,Financials,0.05,0.25288301129024954,0.9306149229249538,0.17540678706408042,0.008770339353204022,0.04348397210824723,50000.0,762100746.2919108,6.56081236546228e-05,0.0006560812365462279
2023-08-31,TMO,Health Care,0.05,0.25906837100370456,0.9817435638685412,0.17227593354005516,0.008613796677002758,0.04270782228193529,50000.0,799572333.916626,6.253342928347702e-05,0.0006253342928347702
2023-08-31,EOG,Energy,0.05,0.3496109006749549,0.8840767976216076,0.16309500118506023,0.008154750059253013,0.040431836197619996,50000.0,368116170.8164215,0.00013582668723601077,0.0013582668723601077
2023-08-31,ORCL,Information Technology,0.05,0.2611837910070137,0.8645452399623599,0.15385427971334165,0.007692713985667083,0.03814102817666527,50000.0,1222308205.354042,4.090621316373924e-05,0.0004090621316373924
2023-08-31,ABT,Health Care,0.05,0.22879074254904375,0.7689364921901111,0.12589905947735938,0.006294952973867969,0.031210828739301016,50000.0,505621439.6868515,9.888821176365997e-05,0.0009888821176365996
2023-08-31,UNH,Health Care,0.05,0.2310675412904584,0.4433519626831416,0.07237167765442415,0.0036185838827212076,0.017941198657280916,50000.0,1783601081.6485596,2.8033174298025005e-05,0.00028033174298025006
2023-08-31,PEP,Consumer Staples,0.05,0.16043658115505624,0.44186528825626825,0.06731757421631536,0.0033658787108157683,0.01668826827406473,50000.0,879383622.1207682,5.6858006838263994e-05,0.0005685800683826399
2023-08-31,ABBV,Health Care,0.05,0.21939566992107448,0.33599150263847627,0.06479127639717416,0.0032395638198587083,0.016061989976951116,50000.0,749765201.3123575,6.668754419714612e-05,0.0006668754419714611
2023-09-29,NVDA,Information Technology,0.05,0.5495706254909201,2.113489711259167,0.3691618196212526,0.01845809098106263,0.10126999696400174,50000.0,22622271029.358227,2.210211341518812e-06,2.2102113415188116e-05
2023-09-29,TSLA,Consumer Discretionary,0.05,0.6096279705599934,1.784246541426857,0.34388297758551317,0.01719414887927566,0.09433540048043453,50000.0,29723389397.08769,1.6821769325169566e-06,1.6821769325169566e-05
2023-09-29,QCOM,Information Technology,0.05,0.37779541207376993,1.5765838247648711,0.2723377744547237,0.013616888722736184,0.07470882449465828,50000.0,976811820.7387924,5.1186931749232396e-05,0.000511869317492324
2023-09-29,NFLX,Communication Services,0.05,0.4368654793682652,1.4006244382760171,0.2517825045114652,0.012589125225573261,0.0690700178410241,50000.0,2569501113.6012397,1.945903029009525e-05,0.0001945903029009525
2023-09-29,AVGO,Information Technology,0.05,0.3349559420190939,1.3805355308714942,0.2425863687532731,0.012129318437663655,0.06654729585079192,50000.0,2066351763.6173248,2.4197235378970877e-05,0.00024197235378970879
2023-09-29,AAPL,Information Technology,0.05,0.28092223611317435,1.3506520353920262,0.21668164026939624,0.010834082013469812,0.05944100360852539,50000.0,10728700008.191679,4.660396875839899e-06,4.660396875839899e-05
2023-09-29,NKE,Consumer Discretionary,0.05,0.3381968592724864,1.2240740233426903,0.21349651070763778,0.01067482553538189,0.05856724569558585,50000.0,778383834.7385788,6.423566082508967e-05,0.0006423566082508968
2023-09-29,PLD,Real Estate,0.05,0.28043753894657036,1.109318579005941,0.18700691142523015,0.009350345571261508,0.051300509277233314,50000.0,303495569.42115784,0.00016474705082305662,0.0016474705082305662
2023-09-29,BAC,Financials,0.05,0.2766271405267793,1.0440591768135719,0.18391137010747527,0.009195568505373763,0.05045132758186567,50000.0,1206457272.9593852,4.1443655834866215e-05,0.0004144365583486621
2023-09-29,LOW,Consumer Discretionary,0.05,0.27508980334449323,1.0793570671249995,0.17743971556389643,0.008871985778194822,0.048675996545051795,50000.0,553587598.3603922,9.031994240494057e-05,0.0009031994240494058
2023-09-29,WFC,Financials,0.05,0.2852612950729045,0.9315721410722008,0.16961729950530366,0.008480864975265184,0.04653011902359632,50000.0,662192832.4607149,7.550670673102806e-05,0.0007550670673102806
2023-09-29,GS,Financials,0.05,0.24415105617529784,0.9177190190521552,0.16120069372345433,0.008060034686172717,0.044221240920087224,50000.0,674215496.009318,7.416026522076403e-05,0.0007416026522076403
2023-09-29,ORCL,Information Technology,0.05,0.28879079085519765,0.918342263183064,0.15926520706217698,0.00796326035310885,0.043690290215291916,50000.0,1178046111.7963028,4.2443160330760936e-05,0.00042443160330760934
2023-09-29,EOG,Energy,0.05,0.33002666786586715,0.8338514441453132,0.1441109489062938,0.007205547445314691,0.039533111450130054,50000.0,349855935.69051105,0.00014291596882961253,0.0014291596882961251
2023-09-29,NEE,Utilities,0.05,0.26169587632890534,0.8017238861373117,0.13408613987305712,0.006704306993652856,0.03678306438025118,50000.0,626807293.8023885,7.97693334049864e-05,0.000797693334049864
2023-09-29,ABT,Health Care,0.05,0.22488610795771485,0.7762420655192986,0.12547653254795077,0.006273826627397539,0.03442124129527099,50000.0,471342570.5905406,0.00010607995780511716,0.0010607995780511715
2023-09-29,RTX,Industrials,0.05,0.2377112761773379,0.5632913707283872,0.1042949468306467,0.005214747341532336,0.02861062110847897,50000.0,684549519.253451,7.30407349559291e-05,0.0007304073495592909
2023-09-29,PEP,Consumer Staples,0.05,0.15521795549405473,0.41465666545139046,0.06744104077366339,0.00337205203868317,0.018500705195908677,50000.0,863530634.7990927,5.790182534940744e-05,0.0005790182534940743
2023-09-29,ABBV,Health Care,0.05,0.21506586464025754,0.3218450108218525,0.06272435880975703,0.003136217940487852,0.01720680549453918,50000.0,683121417.7770742,7.319343047785497e-05,0.0007319343047785496
2023-09-29,LLY,Health Care,0.05,0.2691760699735861,0.3143085311244453,0.05881794745451156,0.0029408973727255783,0.01613518257727291,50000.0,1476229528.6136372,3.387007171368277e-05,0.0003387007171368276
2023-10-31,NVDA,Information Technology,0.05,0.5367381971808513,2.2058744093779974,0.3518977879712974,0.01759488939856487,0.11024381924031623,50000.0,22704930108.219154,2.2021648937778527e-06,2.2021648937778525e-05
2023-10-31,TSLA,Consumer Discretionary,0.05,0.5954405849388468,1.9599776610939734,0.3296404212992927,0.016482021064964637,0.10327095043571305,50000.0,28612635507.251057,1.7474797100507895e-06,1.7474797100507895e-05
2023-10-31,AMZN,Consumer Discretionary,0.05,0.3770314703195202,1.6883789373196836,0.23606054238695706,0.011803027119347853,0.07395390552100137,50000.0,6958330549.26857,7.18563161752294e-06,7.18563161752294e-05
2023-10-31,AVGO,Information Technology,0.05,0.325290140371318,1.4254994596273165,0.22807201214566683,0.011403600607283342,0.07145122970427122,50000.0,1927530104.9566905,2.5939932077545138e-05,0.00025939932077545134
2023-10-31,TXN,Information Technology,0.05,0.2545093590402912,1.2083431835267793,0.18567596883035983,0.009283798441517992,0.058169243015174586,50000.0,749699082.7346039,6.6693425604337e-05,0.0006669342560433701
2023-10-31,PLD,Real Estate,0.05,0.2700717666035984,1.1760328089442669,0.1847868965625266,0.00923934482812633,0.05789071122061105,50000.0,312812843.88707477,0.0001598399841217836,0.001598399841217836
2023-10-31,UPS,Industrials,0.05,0.25324743103560493,1.1139565553157995,0.17768434610639797,0.0088842173053199,0.05566559837422244,50000.0,557226965.709025,8.973004372891243e-05,0.0008973004372891243
2023-10-31,LOW,Consumer Discretionary,0.05,0.2634281966409309,1.1355092751976001,0.1734650424133236,0.008673252120666181,0.05434375956318328,50000.0,549761521.2073008,9.09485259903199e-05,0.0009094852599031989
2023-10-31,TMO,Health Care,0.05,0.24811606720607754,0.9832568305276064,0.15434742032461254,0.007717371016230628,0.04835452136420817,50000.0,796175987.1826681,6.280018589474039e-05,0.0006280018589474039
2023-10-31,MA,Financials,0.05,0.20867881261295282,1.02438913415878,0.14887938915987822,0.007443969457993912,0.04664147666790404,50000.0,939369370.8258566,5.3227198536441495e-05,0.0005322719853644149
2023-10-31,CAT,Industrials,0.05,0.28197112213023606,0.9273060182673185,0.14812537513282856,0.007406268756641428,0.04640525641036293,50000.0,655271791.6782125,7.630421549498615e-05,0.0007630421549498614
2023-10-31,WFC,Financials,0.05,0.2769602706817916,0.9403385283083422,0.1471989626237929,0.007359948131189645,0.04611502652918952,50000.0,619173180.6916555,8.075285164022583e-05,0.0008075285164022583
2023-10-31,ORCL,Information Technology,0.05,0.27641242883495554,0.9154373610951252,0.14571444944779266,0.007285722472389633,0.04564995284066668,50000.0,1146250757.9651768,4.362047279145093e-05,0.00043620472791450925
2023-10-31,EOG,Energy,0.05,0.3180757202295879,0.821834673637717,0.12454249226536639,0.0062271246132683195,0.039017125069741636,50000.0,330847712.3156484,0.00015112693284182973,0.0015112693284182973
2023-10-31,NEE,Utilities,0.05,0.2779324530719924,0.6740884062520889,0.11716556061791972,0.005858278030895986,0.03670605308552213,50000.0,834679212.8662109,5.99032529255217e-05,0.000599032529255217
2023-10-31,ABT,Health Care,0.05,0.21085498680218268,0.6836722556545155,0.10534944807493608,0.005267472403746805,0.03300425836034992,50000.0,521643271.8069585,9.585094393492572e-05,0.0009585094393492571
2023-10-31,WMT,Consumer Staples,0.05,0.15445962631347224,0.43809304787032183,0.0694890940005512,0.0034744547000275603,0.021769796173867848,50000.0,892745755.5569458,5.600698708313336e-05,0.0005600698708313336
2023-10-31,LLY,Health Care,0.05,0.27717504619120625,0.32566873821919773,0.05945270656543533,0.002972635328271767,0.018625560205232143,50000.0,1783949223.762614,2.8027703554556652e-05,0.00028027703554556654
2023-10-31,PEP,Consumer Staples,0.05,0.15106446498540524,0.35666650993556515,0.056036927080377545,0.0028018463540188773,0.01755545238134833,50000.0,894925183.9780426,5.587059219603633e-05,0.0005587059219603632
2023-10-31,ABBV,Health Care,0.05,0.1964786568126968,0.25761597974076456,0.04841077539546175,0.0024205387697730876,0.01516630383711348,50000.0,649889230.0968424,7.693618802168688e-05,0.0007693618802168689
2023-11-30,TSLA,Consumer Discretionary,0.05,0.582928418853409,2.132953554592521,0.3250892317855213,0.016254461589276067,0.10178338432593341,50000.0,29193996475.26027,1.7126808945932177e-06,1.7126808945932174e-05
2023-11-30,NVDA,Information Technology,0.05,0.5088038197888841,2.1023482889345018,0.29836530146436735,0.014918265073218369,0.09341629060327193,50000.0,19895808241.634174,2.5130921746305075e-06,2.5130921746305074e-05
2023-11-30,QCOM,Information Technology,0.05,0.3320286829701596,1.5702720896287632,0.23038360047593245,0.011519180023796623,0.07213164958076751,50000.0,975907297.851677,5.123437452519106e-05,0.0005123437452519106
2023-11-30,AVGO,Information Technology,0.05,0.31508325653337815,1.4144599528737416,0.20870137586025048,0.010435068793012524,0.06534308205738926,50000.0,2134110987.1810913,2.3428959552869413e-05,0.0002342895955286941
2023-11-30,NFLX,Communication Services,0.05,0.3998799035158397,1.4210319332617933,0.19920959124423568,0.009960479562211785,0.062371264269994175,50000.0,2165132088.4607315,2.3093279281425623e-05,0.00023093279281425624
2023-11-30,TXN,Information Technology,0.05,0.2423830755789656,1.2266086041923825,0.17610300677013707,0.008805150338506854,0.05513673867506928,50000.0,779564829.409434,6.413834759307694e-05,0.0006413834759307692
2023-11-30,BAC,Financials,0.05,0.26801288692443886,1.113386232061102,0.17224240864189835,0.008612120432094918,0.05392800979513595,50000.0,1274728893.7966187,3.9224026570137064e-05,0.00039224026570137065
2023-11-30,PLD,Real Estate,0.05,0.25892950343993143,1.2196760401662032,0.1690847621681682,0.00845423810840841,0.05293937063647828,50000.0,361428397.4006653,0.00013833998755933936,0.0013833998755933936
2023-11-30,WFC,Financials,0.05,0.27546237925662914,1.0245590234844173,0.16353423641455672,0.008176711820727836,0.051201536095211296,50000.0,659381615.9538778,7.582862304656274e-05,0.0007582862304656273
2023-11-30,NKE,Consumer Discretionary,0.05,0.2786693165165002,1.097371632521965,0.15753603226399854,0.007876801613199928,0.04932353627661237,50000.0,868475661.3154602,5.757213728277214e-05,0.0005757213728277215
2023-11-30,GS,Financials,0.05,0.23553146247623039,1.0058708837997818,0.1498974585035219,0.007494872925176095,0.046931947098175573,50000.0,638064070.0065613,7.83620365890307e-05,0.0007836203658903069
2023-11-30,LOW,Consumer Discretionary,0.05,0.23828677507760354,1.0507079994180057,0.14479041665978357,0.007239520832989179,0.04533296456684156,50000.0,565854263.0778757,8.836197456220056e-05,0.0008836197456220056
2023-11-30,EOG,Energy,0.05,0.30486860371738184,0.8235360062680499,0.13969767142090558,0.0069848835710452795,0.043738458212153164,50000.0,374977055.33323926,0.00013334149193626094,0.0013334149193626095
2023-11-30,ORCL,Information Technology,0.05,0.27508794325590696,1.0199678094084337,0.13689940270866202,0.006844970135433101,0.0428623379598114,50000.0,1077207460.6657155,4.641631424377617e-05,0.00046416314243776164
2023-11-30,COP,Energy,0.05,0.2977533736730836,0.6953001293140132,0.11807373830180325,0.0059036869150901625,0.03696814138802666,50000.0,612638279.0902838,8.161422768790384e-05,0.0008161422768790384
2023-11-30,CSCO,Information Technology,0.05,0.20772062129181776,0.768672718976674,0.11079879602514725,0.005539939801257363,0.03469040292949051,50000.0,955584964.4816526,5.232397103184016e-05,0.0005232397103184015
2023-11-30,NEE,Utilities,0.05,0.27722628482323086,0.6911279947879525,0.10567863127726047,0.005283931563863024,0.0330873116997875,50000.0,875952112.0602608,5.708074598096325e-05,0.0005708074598096325
2023-11-30,ABT,Health Care,0.05,0.20534256208567708,0.6473872355805667,0.08529603674968907,0.004264801837484454,0.026705650145004912,50000.0,579069515.0807953,8.634541915580498e-05,0.0008634541915580497
2023-11-30,LLY,Health Care,0.05,0.28655801183573265,0.4565933943695171,0.06296452116395229,0.0031482260581976148,0.01971379372158692,50000.0,1931458457.3662312,2.588717339961887e-05,0.0002588717339961887
2023-11-30,ABBV,Health Care,0.05,0.1962353076010379,0.22707751119477876,0.03958601116566502,0.001979300558283251,0.012394129963258366,50000.0,711902493.3836619,7.023433751769959e-05,0.0007023433751769957
2023-12-29,TSLA,Consumer Discretionary,0.05,0.5439521027513555,2.28289064744755,0.31477845411892474,0.015738922705946238,0.10096818267033217,50000.0,28264279197.27033,1.7690173399089843e-06,1.769017339908984e-05
2023-12-29,NVDA,Information Technology,0.05,0.4836528321191481,2.023900699617511,0.2638832698044225,0.013194163490221126,0.08464306829333156,50000.0,19606549962.216946,2.5501681885060424e-06,2.5501681885060422e-05
2023-12-29,QCOM,Information Technology,0.05,0.3142587643203184,1.4883951758317655,0.20878893733110812,0.010439446866555407,0.066971037210912,50000.0,1040864472.9345068,4.803699357615225e-05,0.0004803699357615225
2023-12-29,AVGO,Information Technology,0.05,0.3206812569473381,1.466733215753412,0.19443551101382622,0.009721775550691312,0.06236703921999187,50000.0,3179596799.7049966,1.5725264286540673e-05,0.00015725264286540672
2023-12-29,NFLX,Communication Services,0.05,0.37697632856184554,1.3402141408035555,0.17710640900629995,0.008855320450314999,0.05680856495304699,50000.0,2127517124.0997314,2.3501573469664894e-05,0.00023501573469664894
2023-12-29,PLD,Real Estate,0.05,0.26515591797761995,1.275786442994732,0.17700743336235586,0.008850371668117793,0.056776817574003415,50000.0,426511953.4013621,0.0001172300086814878,0.0011723000868148778
2023-12-29,BAC,Financials,0.05,0.2678170971950287,1.1851204485940052,0.17387138420622916,0.00869356921031146,0.055770899983661255,50000.0,1362679342.9203765,3.6692417963014195e-05,0.0003669241796301419
2023-12-29,TXN,Information Technology,0.05,0.24009747679418494,1.2508503587505502,0.17235345840374464,0.008617672920187232,0.05528401084719143,50000.0,862546285.4832712,5.7967903684131895e-05,0.0005796790368413189
2023-12-29,WFC,Financials,0.05,0.2758131143341297,1.1193741005179811,0.16655802631241143,0.008327901315620572,0.05342507088991544,50000.0,732784870.963281,6.823284975066773e-05,0.0006823284975066773
2023-12-29,DIS,Communication Services,0.05,0.26621751128316656,1.1104483265867984,0.15433211292148186,0.007716605646074093,0.049503492902558455,50000.0,1116763635.4533005,4.477223148451169e-05,0.00044772231484511694
2023-12-29,GS,Financials,0.05,0.2400315981232795,1.0518917998415251,0.15066403122948283,0.007533201561474141,0.048326920816758906,50000.0,714073212.263743,7.002083139555232e-05,0.0007002083139555232
2023-12-29,LOW,Consumer Discretionary,0.05,0.23525708169617213,1.0670661245689101,0.14189700735656868,0.007094850367828434,0.04551481453599952,50000.0,593901282.3771921,8.418907566568368e-05,0.0008418907566568368
2023-12-29,NKE,Consumer Discretionary,0.05,0.27036192219743077,0.97823712281298,0.13860979789666333,0.006930489894833167,0.04446041084070095,50000.0,963169014.1275406,5.1911968996730116e-05,0.0005191196899673011
2023-12-29,ORCL,Information Technology,0.05,0.3010417674704516,1.041826698009242,0.1335753952075648,0.006678769760378241,0.0428455783015054,50000.0,979304571.1398824,5.105663904111203e-05,0.0005105663904111203
2023-12-29,TMO,Health Care,0.05,0.22769592499667904,0.9045419936477429,0.1265716778850425,0.006328583894252126,0.04059906936565354,50000.0,892443762.0467123,5.6025939253954804e-05,0.000560259392539548
2023-12-29,EOG,Energy,0.05,0.2932452380040469,0.7810853202804402,0.11216197034428887,0.005608098517214444,0.03597701863707603,50000.0,398772713.1829071,0.00012538470749643858,0.0012538470749643856
2023-12-29,NEE,Utilities,0.05,0.2821252271853278,0.7139791260650713,0.10709133991899694,0.005354566995949848,0.0343505657069743,50000.0,785770271.2514623,6.363182959361286e-05,0.0006363182959361284
2023-12-29,RTX,Industrials,0.05,0.23759529700628224,0.5391378150291827,0.07993801453253951,0.003996900726626976,0.025640878363853273,50000.0,798570855.5295309,6.261185172710203e-05,0.0006261185172710202
2023-12-29,ABT,Health Care,0.05,0.1988511393180871,0.5988281070352691,0.07540965422763128,0.0037704827113815642,0.02418836373179934,50000.0,604534089.757843,8.270832174249825e-05,0.0008270832174249826
2023-12-29,LLY,Health Care,0.05,0.2872878693185823,0.4342594367685154,0.04856658859336898,0.002428329429668449,0.015578195154734183,50000.0,1920076371.2098186,2.6040630857040108e-05,0.0002604063085704011
2024-01-31,TSLA,Consumer Discretionary,0.05,0.4980381474950867,2.0448263596195737,0.2746529607672877,0.013732648038364385,0.09613831889387583,50000.0,27084205874.764355,1.8460943706895754e-06,1.8460943706895753e-05
2024-01-31,AVGO,Information Technology,0.05,0.3247167125949227,1.5315663042096093,0.18897430812894847,0.009448715406447424,0.06614773875692458,50000.0,3645397740.012614,1.3715924452135912e-05,0.0001371592445213591
2024-01-31,QCOM,Information Technology,0.05,0.30058685921561784,1.4057915348838514,0.18162281212252773,0.009081140606126387,0.06357445330812446,50000.0,1186607242.5107574,4.213694153273863e-05,0.00042136941532738636
2024-01-31,BAC,Financials,0.05,0.2687625056622244,1.2061291038083852,0.17694464541806268,0.008847232270903135,0.06193692833400395,50000.0,1366285812.7250988,3.6595564071819985e-05,0.00036595564071819985
2024-01-31,PLD,Real Estate,0.05,0.2553352091385797,1.2272770731495677,0.1694908094730609,0.008474540473653045,0.05932782026154305,50000.0,435115713.6323293,0.00011491196119441865,0.0011491196119441864
2024-01-31,WFC,Financials,0.05,0.27640598732029364,1.1579622917993633,0.16740569569114888,0.008370284784557444,0.05859795617001658,50000.0,826332603.9854368,6.050832287005003e-05,0.0006050832287005002
2024-01-31,TXN,Information Technology,0.05,0.23706224714865604,1.2638830055331163,0.16545434149484403,0.008272717074742203,0.05791491269771915,50000.0,962507634.3032074,5.194763991269194e-05,0.0005194763991269195
2024-01-31,GS,Financials,0.05,0.2289844522185349,1.1217461766741572,0.15643374613469235,0.007821687306734618,0.05475738302491261,50000.0,806997423.6723328,6.195806644892292e-05,0.0006195806644892293
2024-01-31,NFLX,Communication Services,0.05,0.37525281162831464,1.2360711186808422,0.15045907270630973,0.007522953635315487,0.05266603451827373,50000.0,2370832515.752983,2.108963820420687e-05,0.0002108963820420687
2024-01-31,LOW,Consumer Discretionary,0.05,0.23377148381921165,1.1341666941323911,0.14951833949830237,0.007475916974915119,0.05233674438831187,50000.0,628158434.0863291,7.959775318901218e-05,0.0007959775318901218
2024-01-31,UPS,Industrials,0.05,0.24237444019617002,1.0983613681910673,0.14556635542855273,0.0072783177714276365,0.05095340920161047,50000.0,593522079.0523529,8.424286435954077e-05,0.0008424286435954078
2024-01-31,DIS,Communication Services,0.05,0.2589220423158293,1.062291569186789,0.14286971035466228,0.007143485517733115,0.050009487376289456,50000.0,1186527498.9148457,4.213977345297783e-05,0.0004213977345297783
2024-01-31,NKE,Consumer Discretionary,0.05,0.272267406928132,0.9919028339297258,0.1399312094963332,0.006996560474816661,0.048980907411963745,50000.0,989759498.8058981,5.051732270346769e-05,0.0005051732270346769
2024-01-31,TMO,Health Care,0.05,0.22343992384199055,0.9887910998423123,0.13049192050165093,0.006524596025082547,0.04567682005398649,50000.0,951956116.6204325,5.25234295226827e-05,0.000525234295226827
2024-01-31,ORCL,Information Technology,0.05,0.3003991924222509,1.0790611209446752,0.12667698133286737,0.006333849066643369,0.04434145546390655,50000.0,1014503333.3847681,4.9285200308983735e-05,0.0004928520030898373
2024-01-31,NEE,Utilities,0.05,0.27109732761519917,0.724618553816607,0.11376166829816008,0.005688083414908004,0.03982063588243853,50000.0,661242700.5571429,7.561520143492175e-05,0.0007561520143492175
2024-01-31,EOG,Energy,0.05,0.29375152750613986,0.7496092655425881,0.10794395818877602,0.0053971979094388015,0.037784230128189315,50000.0,392082234.63979083,0.00012752426808099431,0.001275242680809943
2024-01-31,COST,Consumer Staples,0.05,0.17314503886844823,0.6935452893173805,0.08034778127506742,0.004017389063753371,0.028124585284127902,50000.0,1386586880.5878704,3.6059767115928236e-05,0.00036059767115928233
2024-01-31,LLY,Health Care,0.05,0.28591782727094256,0.41921150493048487,0.0503089615018604,0.0025154480750930203,0.017609928436867008,50000.0,1871885631.2498982,2.6711033604448328e-05,0.00026711033604448324
2024-01-31,PEP,Consumer Staples,0.05,0.14785734404098932,0.34263687743646726,0.037996848657587526,0.0018998424328793763,0.013300250406914854,50000.0,866644136.1838785,5.769380754154361e-05,0.0005769380754154361
2024-02-29,TSLA,Consumer Discretionary,0.05,0.4825256195372018,2.0803523763658673,0.2618299074756388,0.01309149537378194,0.08851989439121521,50000.0,23817842314.243546,2.0992665641294887e-06,2.099266564129489e-05
2024-02-29,NVDA,Information Technology,0.05,0.4645782546706942,2.0523987381211652,0.2115201792491184,0.01057600896245592,0.07151109706779761,50000.0,28149637997.21451,1.7762217761005539e-06,1.7762217761005537e-05
2024-02-29,AVGO,Information Technology,0.05,0.3291664697160977,1.6112731478706481,0.18902509588440128,0.009451254794220064,0.06390592154386854,50000.0,3709828374.2373147,1.3477712431987976e-05,0.00013477712431987976
2024-02-29,BAC,Financials,0.05,0.2715386094976646,1.2299921210462434,0.1824133275506942,0.00912066637753471,0.06167060381304977,50000.0,1380392930.1995437,3.6221570616688257e-05,0.00036221570616688255
2024-02-29,CAT,Industrials,0.05,0.28577238396970717,1.2971177885085565,0.17991333198357856,0.008995666599178928,0.060825401117478514,50000.0,838840514.9369812,5.9606086150662747e-05,0.0005960608615066275
2024-02-29,WFC,Financials,0.05,0.2859650339829785,1.1918428583056044,0.17909131848484763,0.008954565924242382,0.060547493414736094,50000.0,948327312.9950587,5.2724412040909475e-05,0.0005272441204090948
2024-02-29,PLD,Real Estate,0.05,0.2555325174306048,1.2043122747748423,0.16798730119284394,0.008399365059642198,0.05679342861945351,50000.0,453991607.5235875,0.00011013419449037328,0.0011013419449037326
2024-02-29,GS,Financials,0.05,0.22773717583423905,1.1313779225047058,0.1624337828346129,0.008121689141730646,0.05491588581576892,50000.0,869700516.1941019,5.749105475848755e-05,0.0005749105475848754
2024-02-29,TXN,Information Technology,0.05,0.23209890684855994,1.1988689123114293,0.15662433631954734,0.007831216815977367,0.05295181839145123,50000.0,936824904.5653534,5.3371766438252255e-05,0.0005337176643825226
2024-02-29,UPS,Industrials,0.05,0.24088509993517995,1.0549826884984912,0.14612460502785599,0.007306230251392799,0.04940205162096443,50000.0,609417355.3962454,8.204557936734477e-05,0.0008204557936734476
2024-02-29,LOW,Consumer Discretionary,0.05,0.2257734751219544,1.0668089884819647,0.14129018758061337,0.007064509379030669,0.0477676236597019,50000.0,638266057.8329214,7.833723787500616e-05,0.0007833723787500615
2024-02-29,NFLX,Communication Services,0.05,0.3705435590976158,1.2504217314485102,0.1351006306753693,0.006755031533768465,0.04567504787696173,50000.0,2547063784.871801,1.9630446750871848e-05,0.0001963044675087185
2024-02-29,APD,Materials,0.05,0.2839440584329707,0.8985614261810274,0.1319216677616993,0.006596083388084966,0.04460029876176434,50000.0,422195167.4969228,0.0001184286411813665,0.0011842864118136649
2024-02-29,NKE,Consumer Discretionary,0.05,0.27231922570337286,0.951714507166831,0.12865394859665863,0.006432697429832932,0.04349554278419724,50000.0,998861719.5098242,5.005697888245905e-05,0.0005005697888245905
2024-02-29,TMO,Health Care,0.05,0.22172018175861685,0.9835572832483006,0.126582622639238,0.006329131131961901,0.042795265429450384,50000.0,914056596.1491394,5.470120801123992e-05,0.0005470120801123993
2024-02-29,ORCL,Information Technology,0.05,0.3023390728673592,1.165956962942952,0.12455810113149118,0.00622790505657456,0.04211081180157303,50000.0,1050861908.2104238,4.757999087163414e-05,0.0004757999087163414
2024-02-29,EOG,Energy,0.05,0.2792195212800645,0.7469905533385864,0.11665083548953885,0.005832541774476943,0.039437510167327786,50000.0,393097399.52437085,0.00012719493962691592,0.0012719493962691593
2024-02-29,NEE,Utilities,0.05,0.27492441242359367,0.7259062037348828,0.11173777176610417,0.005586888588305208,0.03777649334106544,50000.0,655117251.5506045,7.632221542274216e-05,0.0007632221542274216
2024-02-29,ABT,Health Care,0.05,0.1951477547715366,0.5116671548681252,0.0672349772646347,0.0033617488632317356,0.022730913913701675,50000.0,581105268.6085892,8.604293008686888e-05,0.0008604293008686888
2024-02-29,ABBV,Health Care,0.05,0.189926587566899,0.23533880281415304,0.03717118464979419,0.0018585592324897094,0.01256689646847271,50000.0,881573932.8158315,5.671674052373034e-05,0.0005671674052373034
2024-03-28,TSLA,Consumer Discretionary,0.05,0.47962569378133274,2.0990564033236585,0.26129319185072225,0.013064659592536113,0.09702136235312517,50000.0,19996354607.78791,2.50045575709718e-06,2.5004557570971798e-05
2024-03-28,NVDA,Information Technology,0.05,0.4718108167624904,2.216949008395833,0.23634372123395803,0.011817186061697902,0.08775731834155887,50000.0,40270669708.148575,1.2415984229306905e-06,1.2415984229306905e-05
2024-03-28,AVGO,Information Technology,0.05,0.3505113040338011,1.8103770864273008,0.2112306977393085,0.010561534886965426,0.07843254514330072,50000.0,3885920397.081248,1.2866964551707101e-05,0.00012866964551707101
2024-03-28,META,Communication Services,0.05,0.36375127990735007,1.8428002190554018,0.17582679686685185,0.008791339843342592,0.06528664313593754,50000.0,8010657400.523885,6.241684982899166e-06,6.241684982899165e-05
2024-03-28,TXN,Information Technology,0.05,0.23423853799906225,1.3076296775602465,0.16161098571156365,0.008080549285578184,0.06000813834416793,50000.0,953642470.6296793,5.2430550798545673e-05,0.0005243055079854566
2024-03-28,CAT,Industrials,0.05,0.2701750981405906,1.255536716219591,0.1549408655892774,0.00774704327946387,0.05753144104968609,50000.0,785429625.2227783,6.365942713940546e-05,0.0006365942713940547
2024-03-28,UPS,Industrials,0.05,0.2552080991351835,1.1459159448416973,0.15098670069182316,0.007549335034591158,0.05606321119416391,50000.0,666453589.5082346,7.502397884433962e-05,0.0007502397884433963
2024-03-28,PLD,Real Estate,0.05,0.2440428179079814,1.1232201061922231,0.14698968303106066,0.007349484151553034,0.054579069582781144,50000.0,409453304.3224335,0.0001221140468819525,0.0012211404688195248
2024-03-28,ORCL,Information Technology,0.05,0.3220428571753029,1.3131670203067758,0.14091217174259926,0.007045608587129964,0.052322415206344536,50000.0,1071082766.6555023,4.6681733248427615e-05,0.0004668173324842762
2024-03-28,WFC,Financials,0.05,0.24886260148809844,0.992028448510662,0.13446182855901442,0.006723091427950721,0.04992732378094632,50000.0,1008850978.1198502,4.956133371965673e-05,0.0004956133371965672
2024-03-28,GS,Financials,0.05,0.21349250636972814,1.0269014812067785,0.13215087933819797,0.006607543966909899,0.04906924003163608,50000.0,910424633.1497192,5.4919427901482877e-05,0.0005491942790148287
2024-03-28,APD,Materials,0.05,0.28168848552219056,0.8715144343500062,0.12359398055540867,0.006179699027770434,0.045891958711966975,50000.0,443244964.0029399,0.00011280444011918513,0.0011280444011918511
2024-03-28,NKE,Consumer Discretionary,0.05,0.27470099807188464,0.8955560955040721,0.11479020087217484,0.005739510043608742,0.04262300749026009,50000.0,950862294.2542139,5.258384973527245e-05,0.0005258384973527245
2024-03-28,TMO,Health Care,0.05,0.21553815547789484,0.9425246135151077,0.11434592781845439,0.00571729639092272,0.04245804346412745,50000.0,898923374.0523275,5.562209354352536e-05,0.0005562209354352536
2024-03-28,AAPL,Information Technology,0.05,0.1941265374709743,1.0763250255683408,0.10221113707984567,0.005110556853992284,0.03795224704061207,50000.0,11151941050.021872,4.483524417473668e-06,4.483524417473668e-05
2024-03-28,NEE,Utilities,0.05,0.27863524078670054,0.6846483222346924,0.09619045785313235,0.004809522892656618,0.03571669510475985,50000.0,708172001.3159117,7.060431633429585e-05,0.0007060431633429584
2024-03-28,COST,Consumer Staples,0.05,0.18446600070349473,0.7838865451078161,0.08469071333874083,0.004234535666937041,0.03144669912209928,50000.0,1539649732.6094563,3.247491876951657e-05,0.00032474918769516566
2024-03-28,EOG,Energy,0.05,0.257363495036967,0.5978524632386544,0.08063504146611153,0.0040317520733055764,0.029940778483476035,50000.0,410149899.36011,0.00012190664944208653,0.0012190664944208653
2024-03-28,ABT,Health Care,0.05,0.19407414699200168,0.4375763855967168,0.051938633923110364,0.0025969316961555185,0.019285450900149357,50000.0,657916574.450531,7.599747740320763e-05,0.0007599747740320762
2024-03-28,UNH,Health Care,0.05,0.20856341317232302,0.16424618655773648,0.018007516751228473,0.0009003758375614237,0.006686411518900353,50000.0,2072642665.127055,2.4123791737605167e-05,0.00024123791737605166
2024-04-30,NVDA,Information Technology,0.05,0.49409182359242987,2.393146672975536,0.26326959682453055,0.013163479841226528,0.09946443239974838,50000.0,44865456259.62078,1.1144431410809109e-06,1.1144431410809109e-05
2024-04-30,TSLA,Consumer Discretionary,0.05,0.5120851747970875,1.967039453783782,0.24827325552714663,0.012413662776357332,0.09379874751547611,50000.0,18353008557.648464,2.7243489721560075e-06,2.724348972156007e-05
2024-04-30,AVGO,Information Technology,0.05,0.36641603839249337,1.974267079235629,0.23871743943467086,0.011935871971733543,0.09018851741211947,50000.0,3870612926.0991416,1.2917850726652408e-05,0.00012917850726652406
2024-04-30,QCOM,Information Technology,0.05,0.3061164933111701,1.5020761385324188,0.18548785527781742,0.009274392763890872,0.07007814219638644,50000.0,1310602962.163442,3.815037920978286e-05,0.00038150379209782857
2024-04-30,META,Communication Services,0.05,0.3587096242061444,1.677002166456947,0.17203500594910082,0.008601750297455042,0.06499559548845053,50000.0,8582756485.22583,5.825634233718376e-06,5.825634233718376e-05
2024-04-30,CAT,Industrials,0.05,0.2764009558784891,1.3260145657444022,0.16460628554921178,0.00823031427746059,0.062188991661257124,50000.0,834519147.5782776,5.991474269355817e-05,0.0005991474269355817
2024-04-30,NFLX,Communication Services,0.05,0.36743057388033945,1.2802645741893293,0.15300027396686874,0.0076500136983434375,0.05780418852262484,50000.0,2154045055.778122,2.3212142135039104e-05,0.00023212142135039103
2024-04-30,ORCL,Information Technology,0.05,0.32398596348814623,1.3411425373064754,0.15248519008428246,0.007624259504214123,0.057609587525632965,50000.0,1021541684.937973,4.8945628687718163e-05,0.0004894562868771816
2024-04-30,PLD,Real Estate,0.05,0.2544962194129152,1.1570852262701534,0.13380081086985773,0.006690040543492887,0.050550545404096016,50000.0,442875968.376147,0.00011289842658054003,0.0011289842658054002
2024-04-30,BAC,Financials,0.05,0.24318157576260604,1.0495704199464193,0.13250142960572917,0.006625071480286459,0.050059633344875,50000.0,1415741515.9021633,3.531718144758801e-05,0.00035317181447588
2024-04-30,UPS,Industrials,0.05,0.23636488784644188,1.007429977706363,0.12604312299278167,0.006302156149639084,0.04761965619115715,50000.0,624224345.2024332,8.009940718314218e-05,0.0008009940718314217
2024-04-30,LOW,Consumer Discretionary,0.05,0.2176026096251544,1.0761182892449082,0.1254152975816974,0.00627076487908487,0.04738246093992859,50000.0,576328526.599884,8.675607347597508e-05,0.0008675607347597508
2024-04-30,NKE,Consumer Discretionary,0.05,0.2745772352451421,0.82980245692944,0.10565039872497392,0.005282519936248696,0.03991519365979251,50000.0,924920277.2152838,5.40587132012482e-05,0.0005405871320124819
2024-04-30,JPM,Financials,0.05,0.16860822852203128,0.7775960668720546,0.09519458036409244,0.004759729018204623,0.035964938669911954,50000.0,1652440458.291753,3.0258276326451488e-05,0.0003025827632645149
2024-04-30,EOG,Energy,0.05,0.24973983076938916,0.5602153248035607,0.08806962736760497,0.004403481368380249,0.033273099527761224,50000.0,431488486.79597217,0.00011587794699060494,0.0011587794699060492
2024-04-30,COST,Consumer Staples,0.05,0.18073061624589043,0.7750602749231015,0.08623711122528467,0.004311855561264234,0.03258076672459007,50000.0,1473218445.7147217,3.393929810303376e-05,0.00033939298103033763
2024-04-30,COP,Energy,0.05,0.22975978645799464,0.5080480418324608,0.07747873913769232,0.0038739369568846164,0.02927181453662136,50000.0,641604363.6407852,7.792964454960204e-05,0.0007792964454960204
2024-04-30,ABT,Health Care,0.05,0.17888520162850097,0.43559931668514706,0.04521636615779188,0.002260818307889594,0.01708294557864004,50000.0,642695631.1655172,7.779732360919566e-05,0.0007779732360919566
2024-04-30,ABBV,Health Care,0.05,0.1848345041982173,0.32610446434869544,0.03744853441703409,0.0018724267208517047,0.01414822396858578,50000.0,998516012.7139791,5.0074309638860344e-05,0.0005007430963886034
2024-04-30,UNH,Health Care,0.05,0.21816003910480078,0.12111280815123751,0.015940834731355883,0.0007970417365677942,0.006022518732344459,50000.0,2147157931.2172954,2.3286596329527252e-05,0.0002328659632952725
2024-05-31,TSLA,Consumer Discretionary,0.05,0.5116822734189804,1.9142205204339657,0.24434896062742503,0.012217448031371252,0.0974102723288408,50000.0,16063812168.735098,3.11258619528151e-06,3.11258619528151e-05
2024-05-31,AVGO,Information Technology,0.05,0.34731806406246213,1.8855163467728606,0.21043179308756915,0.010521589654378459,0.083889115872121,50000.0,3786252636.04304,1.320566924774843e-05,0.0001320566924774843
2024-05-31,NVDA,Information Technology,0.05,0.4418330375759859,2.1912066680716005,0.20794739399775833,0.010397369699887917,0.08289870448960238,50000.0,44960345552.326195,1.112091096849078e-06,1.112091096849078e-05
2024-05-31,QCOM,Information Technology,0.05,0.30581128604680075,1.4853992537483212,0.17903652746947904,0.008951826373473953,0.07137332138770115,50000.0,1548766140.7213848,3.228376362664475e-05,0.00032283763626644743
2024-05-31,CAT,Industrials,0.05,0.2759740104587954,1.3096253468050196,0.16422841117825873,0.008211420558912937,0.06547003194091552,50000.0,887849376.2044271,5.6315858680614215e-05,0.0005631585868061421
2024-05-31,META,Communication Services,0.05,0.35963458610267757,1.7471976207834456,0.16079951951850033,0.008039975975925017,0.06410309643398517,50000.0,7545818597.738902,6.626186324566887e-06,6.626186324566887e-05
2024-05-31,ORCL,Information Technology,0.05,0.32242862832469854,1.3495052196546093,0.14154015495487698,0.007077007747743849,0.05642530667705008,50000.0,1007105602.1795782,4.9647226558754105e-05,0.000496472265587541
2024-05-31,PLD,Real Estate,0.05,0.2575554462115487,1.1771997970177068,0.13909781565355825,0.006954890782677913,0.05545166252546458,50000.0,462066678.6818695,0.00010820949076577915,0.0010820949076577914
2024-05-31,BAC,Financials,0.05,0.23596177513737607,1.019666063656784,0.13626590141228453,0.006813295070614227,0.05432271343255227,50000.0,1407397576.1432712,3.552656395573476e-05,0.0003552656395573475
2024-05-31,GS,Financials,0.05,0.21631321312867305,1.0155582677130093,0.13436800393368703,0.006718400196684352,0.05356611225950987,50000.0,985876398.2864889,5.0716296776049143e-05,0.0005071629677604914
2024-05-31,UPS,Industrials,0.05,0.2370426599071104,0.9550667145280959,0.12444380273544609,0.006222190136772304,0.049609806741022805,50000.0,588717976.8548584,8.493030952973077e-05,0.0008493030952973077
2024-05-31,DIS,Communication Services,0.05,0.26883306460068784,0.712828020141482,0.1071913283639249,0.0053595664181962455,0.04273206835179062,50000.0,1199825876.5956497,4.167271349561864e-05,0.0004167271349561864
2024-05-31,NKE,Consumer Discretionary,0.05,0.26967456539071694,0.7827674031134291,0.10390463433288928,0.005195231716644464,0.04142182025495946,50000.0,919346416.7692057,5.4386463130743985e-05,0.0005438646313074398
2024-05-31,JPM,Financials,0.05,0.16977037651952656,0.707941116580003,0.09324263473224188,0.004662131736612094,0.03717138971495541,50000.0,1803852683.993047,2.771844976238244e-05,0.0002771844976238244
2024-05-31,EOG,Energy,0.05,0.23982735433987784,0.49665314829097673,0.08776037366981115,0.004388018683490558,0.03498587379666409,50000.0,431803667.5998052,0.00011579336571624469,0.0011579336571624467
2024-05-31,COST,Consumer Staples,0.05,0.17868602492800098,0.7746122417145183,0.08032207526942058,0.004016103763471029,0.03202057911734674,50000.0,1493978413.0259197,3.3467685720257144e-05,0.0003346768572025714
2024-05-31,COP,Energy,0.05,0.2234729407412536,0.46535066908753975,0.0789549154337781,0.003947745771688905,0.03147555772022262,50000.0,653481946.6728464,7.65132078316336e-05,0.0007651320783163359
2024-05-31,ABT,Health Care,0.05,0.17806782132286922,0.42353111930222637,0.04790932492898596,0.002395466246449298,0.019099162019924912,50000.0,651740070.9726588,7.671770116172213e-05,0.0007671770116172211
2024-05-31,ABBV,Health Care,0.05,0.18569598517616162,0.3410142419253345,0.04502113261092535,0.0022510566305462675,0.017947777542913254,50000.0,980019342.8194681,5.101940116421827e-05,0.0005101940116421827
2024-05-31,UNH,Health Care,0.05,0.2240762503708907,0.15784684378826994,0.021636969466539657,0.001081848473326983,0.00862562739245752,50000.0,2035817518.6394756,2.456015804079272e-05,0.0002456015804079272
2024-06-28,TSLA,Consumer Discretionary,0.05,0.5014877981112793,1.8952687714134073,0.2458820839186834,0.012294104195934172,0.10489178857881977,50000.0,15357123230.79061,3.255818114407741e-06,3.255818114407741e-05
2024-06-28,AVGO,Information Technology,0.05,0.37365058629358733,1.9920815220635886,0.2004879785805172,0.01002439892902586,0.08552694172226599,50000.0,4891016706.332906,1.0222823392784535e-05,0.00010222823392784535
2024-06-28,NVDA,Information Technology,0.05,0.45078023006408907,2.2988337703376436,0.18466378448503615,0.009233189224251807,0.07877643759833668,50000.0,43495842487.189644,1.1495351541868847e-06,1.1495351541868848e-05
2024-06-28,QCOM,Information Technology,0.05,0.31208566413027033,1.5411361537799952,0.17118892113929615,0.008559446056964808,0.07302814355973045,50000.0,1907946500.5350494,2.6206185543451242e-05,0.0002620618554345124
2024-06-28,META,Communication Services,0.05,0.357652415335929,1.7711074721529854,0.15547688775678997,0.007773844387839499,0.0663254865078802,50000.0,7309593470.232341,6.840325690289137e-06,6.840325690289136e-05
2024-06-28,PLD,Real Estate,0.05,0.2538715936843708,1.2114852539044518,0.14601866217162,0.007300933108581,0.06229066549693362,50000.0,488343300.0687027,0.00010238698881087493,0.0010238698881087493
2024-06-28,CAT,Industrials,0.05,0.2571029236258157,1.2078833583066837,0.13902877966396182,0.006951438983198091,0.05930882450022829,50000.0,1027706108.716329,4.86520412556983e-05,0.000486520412556983
2024-06-28,BAC,Financials,0.05,0.2333413253285354,1.009125953666117,0.1360555722198844,0.00680277861099422,0.05804047244441816,50000.0,1413319878.4278488,3.537769528552806e-05,0.0003537769528552806
2024-06-28,UPS,Industrials,0.05,0.23801099381194057,0.9182178350545868,0.12050876836640284,0.0060254384183201426,0.0514083012960108,50000.0,519807558.6515045,9.618944389672023e-05,0.0009618944389672022
2024-06-28,APD,Materials,0.05,0.2797596528569007,0.7987606935509207,0.12039339295075134,0.006019669647537567,0.05135908285149122,50000.0,446960236.924057,0.00011186677442292366,0.0011186677442292367
2024-06-28,WFC,Financials,0.05,0.22396799986172128,0.7519282780580503,0.11377160982882721,0.005688580491441361,0.048534270794548647,50000.0,1077103698.1792576,4.642078574655374e-05,0.00046420785746553733
2024-06-28,NEE,Utilities,0.05,0.2934959978079431,0.6874309284002261,0.11114208542289679,0.005557104271144839,0.04741253181440841,50000.0,851566108.6796061,5.871534751133695e-05,0.0005871534751133694
2024-06-28,NKE,Consumer Discretionary,0.05,0.32585359216195214,0.808765871446429,0.10799072698647973,0.005399536349323986,0.04606818163817492,50000.0,1005505025.5912272,4.972625568987135e-05,0.0004972625568987135
2024-06-28,COST,Consumer Staples,0.05,0.17895006145201622,0.7933595103413079,0.08715519916399816,0.004357759958199908,0.03717987328950069,50000.0,1382995562.3620605,3.615340595497173e-05,0.0003615340595497173
2024-06-28,EOG,Energy,0.05,0.23404478384957997,0.49162884680002716,0.07360341763997078,0.003680170881998539,0.031398766427909515,50000.0,392546289.61948395,0.00012737351319373739,0.001273735131937374
2024-06-28,ABBV,Health Care,0.05,0.18315020727966236,0.35852885927120076,0.052486569446550904,0.0026243284723275456,0.022390448534818315,50000.0,940750857.7743784,5.3149034717108456e-05,0.0005314903471710845
2024-06-28,PEP,Consumer Staples,0.05,0.16674438202899997,0.3551327604859702,0.05227243883560792,0.0026136219417803963,0.022299101729824123,50000.0,877678861.5948232,5.6968445051924114e-05,0.0005696844505192412
2024-06-28,ABT,Health Care,0.05,0.1803038103763843,0.39004922390470426,0.051935428795604054,0.002596771439780203,0.02215533531422503,50000.0,606166554.3040975,8.248558031612601e-05,0.0008248558031612601
2024-06-28,WMT,Consumer Staples,0.05,0.17053035925494245,0.29834339674905885,0.04965713376903992,0.0024828566884519962,0.021183428632624048,50000.0,999235153.886706,5.0038271577532026e-05,0.0005003827157753203
2024-06-28,UNH,Health Care,0.05,0.21711203653432626,0.08825926593913257,0.02443053713705911,0.0012215268568529555,0.01042191726785138,50000.0,2142575411.8513997,2.3336401474333634e-05,0.00023336401474333634
2024-07-31,TSLA,Consumer Discretionary,0.05,0.535425771171436,2.1012878096281944,0.27922988328657694,0.013961494164328847,0.10961873305327685,50000.0,20299258428.453777,2.463144167370875e-06,2.463144167370875e-05
2024-07-31,NVDA,Information Technology,0.05,0.4881244514748915,2.473949216052381,0.25414685804482834,0.012707342902241417,0.0997717588835318,50000.0,42054183197.05074,1.188942364323616e-06,1.188942364323616e-05
2024-07-31,AVGO,Information Technology,0.05,0.4128691895817895,2.214364910978093,0.2486887790056396,0.01243443895028198,0.09762905230020216,50000.0,5770991267.518539,8.664022813796325e-06,8.664022813796326e-05
2024-07-31,QCOM,Information Technology,0.05,0.35020700911174213,1.8159842863738025,0.21124713610485266,0.010562356805242633,0.08293039107558967,50000.0,2004729836.195399,2.4941016538612812e-05,0.0002494101653861281
2024-07-31,META,Communication Services,0.05,0.36558556121925556,1.8106554146687783,0.17492274886313822,0.008746137443156912,0.06867033673789993,50000.0,6338231829.243876,7.888635402906173e-06,7.888635402906173e-05
2024-07-31,ORCL,Information Technology,0.05,0.34161739624411436,1.3846506271038401,0.1486043876584181,0.007430219382920905,0.05833840027987034,50000.0,1155425291.2070339,4.3274109006015165e-05,0.0004327410900601516
2024-07-31,PLD,Real Estate,0.05,0.25431198180731196,1.1334213815677787,0.12959136739997942,0.006479568369998971,0.050874359656011635,50000.0,454660656.2649663,0.00010997212824780046,0.0010997212824780046
2024-07-31,UPS,Industrials,0.05,0.26664810618201995,0.8725831323429797,0.11296015423955115,0.005648007711977558,0.0443453574792852,50000.0,591681745.8567683,8.45048885657253e-05,0.000845048885657253
2024-07-31,BAC,Financials,0.05,0.23302885897488043,0.8794942703575408,0.11273350136586044,0.005636675068293022,0.04425637917737701,50000.0,1468683716.5747707,3.404408957199363e-05,0.0003404408957199363
2024-07-31,NKE,Consumer Discretionary,0.05,0.3299437635292173,0.7868322521909262,0.10786180538945053,0.005393090269472527,0.04234387205432414,50000.0,1195369412.3659134,4.1828073801084134e-05,0.00041828073801084134
2024-07-31,APD,Materials,0.05,0.28867716459461007,0.6495788577234701,0.09789325632987764,0.004894662816493882,0.038430466707345845,50000.0,466761335.228831,0.000107121126422109,0.0010712112642210898
2024-07-31,NEE,Utilities,0.05,0.3047049312012217,0.5952063434452661,0.09663697463260325,0.004831848731630162,0.03793728164279491,50000.0,843260793.9469019,5.929363769655865e-05,0.0005929363769655864
2024-07-31,DIS,Communication Services,0.05,0.26772039293339767,0.6319438033432061,0.09511219935998431,0.004755609967999216,0.037338692653650404,50000.0,1109067739.0443928,4.508290904131929e-05,0.0004508290904131929
2024-07-31,COST,Consumer Staples,0.05,0.18747831193532044,0.8336912331684125,0.09295754611469019,0.00464787730573451,0.03649282918037785,50000.0,1589987744.1197712,3.144678327547761e-05,0.0003144678327547761
2024-07-31,LLY,Health Care,0.05,0.3088326226128397,0.7113640991614453,0.09208449428975868,0.004604224714487934,0.03615009066753529,50000.0,2427326360.577494,2.0598795782905895e-05,0.00020598795782905894
2024-07-31,WFC,Financials,0.05,0.22934379630374715,0.6212122516094352,0.0877385314676,0.00438692657338,0.03444397335353439,50000.0,1000910939.9221102,4.995449445671055e-05,0.0004995449445671054
2024-07-31,EOG,Energy,0.05,0.2277429908155689,0.3503004114705147,0.06586979984898815,0.0032934899924494075,0.02585885121224098,50000.0,360249424.16144055,0.00013879272705677727,0.0013879272705677726
2024-07-31,COP,Energy,0.05,0.2118544741368719,0.3259184080490988,0.05882756027049723,0.0029413780135248615,0.02309424245559317,50000.0,686111337.8535843,7.28744698439453e-05,0.0007287446984394531
2024-07-31,MRK,Health Care,0.05,0.20410068817118138,0.2850723824476432,0.04061216244545109,0.0020306081222725546,0.015943328634547428,50000.0,1148107732.089793,4.3549920101129956e-05,0.0004354992010112995
2024-07-31,WMT,Consumer Staples,0.05,0.17041105610944876,0.2615249241440911,0.03956338040868043,0.0019781690204340218,0.015531602795010964,50000.0,1031427685.9299914,4.847649591150666e-05,0.00048476495911506655
2024-08-30,TSLA,Consumer Discretionary,0.05,0.5432896754069414,2.142847485414401,0.29807737813038465,0.014903868906519234,0.10826123388074195,50000.0,21232565106.76534,2.3548732688952635e-06,2.3548732688952633e-05
2024-08-30,NVDA,Information Technology,0.05,0.5012028505181537,2.5552727621238702,0.27924548877858807,0.013962274438929403,0.10142152135267714,50000.0,41187423368.05587,1.2139628049366881e-06,1.213962804936688e-05
2024-08-30,AVGO,Information Technology,0.05,0.43237587969844543,2.2396574103843667,0.2661038930435235,0.013305194652176175,0.09664851449665984,50000.0,5930302536.41777,8.4312730578165e-06,8.4312730578165e-05
2024-08-30,QCOM,Information Technology,0.05,0.36427404891249976,1.8823156619913695,0.22847499142877584,0.011423749571438793,0.08298175674422252,50000.0,1870061714.6862285,2.6737085523612967e-05,0.00026737085523612965
2024-08-30,META,Communication Services,0.05,0.3670806989581852,1.6035627874604288,0.1677179631214108,0.00838589815607054,0.06091489983364768,50000.0,7006658781.815186,7.136068924858749e-06,7.136068924858748e-05
2024-08-30,ORCL,Information Technology,0.05,0.34077858651657317,1.3284155851674067,0.15183199523075808,0.007591599761537904,0.05514514133664553,50000.0,1120972111.7381032,4.460414266905659e-05,0.0004460414266905659
2024-08-30,PLD,Real Estate,0.05,0.26236465516645807,1.1473728968758177,0.14475512631491536,0.007237756315745768,0.05257483370160496,50000.0,420051426.99366254,0.00011903304401999893,0.0011903304401999892
2024-08-30,GS,Financials,0.05,0.2231053278330653,0.9969697389548509,0.12915220180516332,0.006457610090258166,0.04690787611438766,50000.0,1040426253.2557169,4.8057226394988854e-05,0.00048057226394988855
2024-08-30,NKE,Consumer Discretionary,0.05,0.3385113375886418,0.8931468920756004,0.12672101462797225,0.006336050731398613,0.046024872763886455,50000.0,1221852367.9135132,4.092147407741421e-05,0.0004092147407741421
2024-08-30,BAC,Financials,0.05,0.23609618601946453,0.8895731218726756,0.12399377871539127,0.006199688935769564,0.04503434497935013,50000.0,1582346362.5266583,3.159864438286509e-05,0.0003159864438286509
2024-08-30,LLY,Health Care,0.05,0.3018412819396856,0.9630182530809421,0.1196996421694491,0.005984982108472456,0.04347472135466589,50000.0,2870808016.7840576,1.741669930823556e-05,0.00017416699308235562
2024-08-30,UPS,Industrials,0.05,0.26792277188959235,0.8382981699048263,0.11606610036220977,0.005803305018110489,0.04215502469779002,50000.0,614843577.3005549,8.132149679357946e-05,0.0008132149679357946
2024-08-30,WFC,Financials,0.05,0.24256147767315991,0.7201556328984282,0.10496852084556077,0.005248426042278039,0.038124401310340145,50000.0,984780236.5014712,5.077274923553495e-05,0.0005077274923553494
2024-08-30,DIS,Communication Services,0.05,0.267165286366163,0.6487139420004989,0.100588845367343,0.00502944226836715,0.03653371008028751,50000.0,1026065042.9057947,4.872985425797281e-05,0.0004872985425797281
2024-08-30,COST,Consumer Staples,0.05,0.1938286452016543,0.829000568808624,0.09736095723855023,0.004868047861927512,0.03536134619999585,50000.0,1616469130.1598103,3.0931614509122616e-05,0.0003093161450912261
2024-08-30,NEE,Utilities,0.05,0.30598475701318245,0.538647229800951,0.09504111507757235,0.004752055753878617,0.034518783183871304,50000.0,734436564.6671041,6.807939910053818e-05,0.0006807939910053818
2024-08-30,APD,Materials,0.05,0.2965839337442418,0.4906710927592674,0.0856483644229022,0.0042824182211451105,0.031107350951788473,50000.0,425421673.03805035,0.00011753044842059075,0.0011753044842059074
2024-08-30,EOG,Energy,0.05,0.23128271549187612,0.33160013293982604,0.05338720970114238,0.002669360485057119,0.019390150409761765,50000.0,342731450.1882426,0.00014588681596783103,0.0014588681596783102
2024-08-30,MRK,Health Care,0.05,0.20006859078506264,0.23059603784785201,0.035923738804464644,0.0017961869402232324,0.013047445307572604,50000.0,1161488449.7338104,4.3048211122081316e-05,0.00043048211122081315
2024-08-30,PEP,Consumer Staples,0.05,0.16883466711192038,0.19157694441718526,0.028557588973368617,0.001427879448668431,0.01037207130010248,50000.0,917576370.0115458,5.4491377103979754e-05,0.0005449137710397975
2024-09-30,TSLA,Consumer Discretionary,0.05,0.545868164364424,2.20275726360539,0.29561001427332034,0.014780500713666017,0.10662778684460889,50000.0,21199372575.359447,2.3585603688156427e-06,2.3585603688156426e-05
2024-09-30,AVGO,Information Technology,0.05,0.45449061344771285,2.4360097332418045,0.28324446063756603,0.014162223031878302,0.10216747916345673,50000.0,4792243328.758316,1.0433526966368618e-05,0.00010433526966368618
2024-09-30,NVDA,Information Technology,0.05,0.518260758256279,2.6961820917494173,0.28003588249178174,0.014001794124589087,0.10101013140768472,50000.0,38550280226.14782,1.2970074330636405e-06,1.2970074330636403e-05
2024-09-30,QCOM,Information Technology,0.05,0.36659143644155207,1.960395567357361,0.23358492158174707,0.011679246079087354,0.0842550726495503,50000.0,1585100073.0560558,3.154374972906319e-05,0.00031543749729063186
2024-09-30,CAT,Industrials,0.05,0.26612816830793895,1.2628624033999418,0.16826971431350216,0.008413485715675108,0.060695600162022925,50000.0,919441199.0377299,5.438085660325976e-05,0.0005438085660325975
2024-09-30,META,Communication Services,0.05,0.3662222058627988,1.595899127177739,0.1659375976578495,0.008296879882892474,0.059854395785821454,50000.0,7218752839.46106,6.9264042019386995e-06,6.9264042019387e-05
2024-09-30,GS,Financials,0.05,0.23282465472945257,1.043195219680362,0.14215880751659787,0.007107940375829894,0.05127728525444492,50000.0,1058541032.9162598,4.723482457949786e-05,0.0004723482457949786
2024-09-30,PLD,Real Estate,0.05,0.2570466922025934,1.0503926157399541,0.13749531214221927,0.006874765607110964,0.04959514267902358,50000.0,434938056.5261205,0.00011495889874377369,0.0011495889874377368
2024-09-30,BAC,Financials,0.05,0.23835287556481558,0.8768198384065713,0.13182808111320465,0.006591404055660233,0.0475509483926886,50000.0,1640797158.6483066,3.047299279893326e-05,0.00030472992798933257
2024-09-30,WFC,Financials,0.05,0.25673268095295193,0.7324625976743999,0.11993940596447182,0.0059969702982235916,0.04326265280588279,50000.0,997764745.3102556,5.011201311232185e-05,0.0005011201311232185
2024-09-30,NKE,Consumer Discretionary,0.05,0.3447153511871079,0.8191071121884882,0.11707674845622493,0.005853837422811247,0.0422300800923067,50000.0,1042685281.0729345,4.795310810233118e-05,0.00047953108102331176
2024-09-30,UPS,Industrials,0.05,0.266943698924551,0.7739888472772709,0.11395328016731018,0.0056976640083655095,0.04110343182315043,50000.0,627612700.4343796,7.966696653110158e-05,0.0007966696653110158
2024-09-30,LLY,Health Care,0.05,0.3035628038847606,0.9441472132600781,0.11231352109697146,0.005615676054848574,0.0405119637666355,50000.0,2910577968.004049,1.7178718642705827e-05,0.00017178718642705827
2024-09-30,COST,Consumer Staples,0.05,0.19649970398463273,0.828894288856145,0.09494125214582427,0.004747062607291214,0.034245712620564896,50000.0,1718997393.4635417,2.9086722405818734e-05,0.0002908672240581873
2024-09-30,NEE,Utilities,0.05,0.2909680888136761,0.4819288296334767,0.09431007258989818,0.0047155036294949096,0.03401804347574447,50000.0,698761425.3409323,7.155518061919994e-05,0.0007155518061919994
2024-09-30,APD,Materials,0.05,0.29605475295683525,0.4716619537994887,0.08454445258825052,0.0042272226294125265,0.03049554289165274,50000.0,356967803.96654767,0.00014006865449603858,0.0014006865449603858
2024-09-30,EOG,Energy,0.05,0.23005981693713537,0.35296475015131396,0.0740936998460272,0.0037046849923013606,0.026725912020036928,50000.0,395909686.17925006,0.00012629142894312077,0.0012629142894312075
2024-09-30,COP,Energy,0.05,0.22127085470695754,0.3815080125580119,0.07221863225219174,0.0036109316126095876,0.026049567180346,50000.0,718699278.4739431,6.957012689113585e-05,0.0006957012689113584
2024-09-30,MRK,Health Care,0.05,0.20252522149001514,0.18684424043361433,0.03380349493393151,0.0016901747466965757,0.012193064099261039,50000.0,1100609886.4691288,4.54293574995998e-05,0.00045429357499599795
2024-09-30,PEP,Consumer Staples,0.05,0.1689866409306478,0.10695110318085625,0.01699505059828644,0.000849752529914322,0.006130186885116566,50000.0,951628871.7838287,5.254149120788546e-05,0.0005254149120788546
2024-10-31,NVDA,Information Technology,0.05,0.5174169884003862,2.749663850480506,0.32429133452995507,0.016214566726497754,0.11086316816707528,50000.0,36028301010.97445,1.3877978865772682e-06,1.3877978865772684e-05
2024-10-31,AVGO,Information Technology,0.05,0.45815420456759515,2.538468080648959,0.3189190905051702,0.015945954525258512,0.1090265973761303,50000.0,4109667428.4965515,1.2166434600838639e-05,0.00012166434600838639
2024-10-31,TSLA,Consumer Discretionary,0.05,0.5834007761804448,2.1643188252890067,0.3100550935256044,0.01550275467628022,0.10599632587904444,50000.0,18280299999.79739,2.7351848711757563e-06,2.735184871175756e-05
2024-10-31,QCOM,Information Technology,0.05,0.375361033311361,2.0740817670533143,0.2660549642680635,0.013302748213403177,0.09095431516259338,50000.0,1311310305.9212239,3.812980022670829e-05,0.0003812980022670829
2024-10-31,TXN,Information Technology,0.05,0.2662359109976927,1.3908269913510196,0.17518373559365877,0.008759186779682938,0.05988881561515259,50000.0,1077496274.3181865,4.6403872748087954e-05,0.0004640387274808795
2024-10-31,META,Communication Services,0.05,0.36029451933249373,1.5626880523423186,0.17278657218991364,0.008639328609495683,0.05906931444057278,50000.0,6488559943.455811,7.705870090701508e-06,7.705870090701508e-05
2024-10-31,ORCL,Information Technology,0.05,0.33098555662326223,1.2909099113042406,0.1577089981710686,0.00788544990855343,0.053914851628837225,50000.0,1275509392.2708638,3.920002494923388e-05,0.0003920002494923388
2024-10-31,CAT,Industrials,0.05,0.2510134649311112,1.1950567511249774,0.1500931252214814,0.0075046562610740705,0.05131126740179346,50000.0,844050741.5318807,5.923814474619645e-05,0.0005923814474619645
2024-10-31,NFLX,Communication Services,0.05,0.2946160678258964,1.1703516282072806,0.14146516315974378,0.007073258157987189,0.04836168748046748,50000.0,2208258107.8932443,2.2642280728542986e-05,0.00022642280728542985
2024-10-31,PLD,Real Estate,0.05,0.25964669811323354,1.0069142930115624,0.11473789107710725,0.005736894553855363,0.03922462538832326,50000.0,419321899.17769116,0.00011924013531859943,0.0011924013531859942
2024-10-31,LLY,Health Care,0.05,0.2989424318374732,0.888762959342383,0.1131771081068056,0.00565885540534028,0.038691051633848256,50000.0,2797425720.374349,1.7873575564790703e-05,0.00017873575564790703
2024-10-31,NKE,Consumer Discretionary,0.05,0.3414485417890615,0.7832084681138288,0.10573829274243211,0.005286914637121606,0.036147996822039265,50000.0,983600733.6996588,5.083363430599823e-05,0.0005083363430599823
2024-10-31,COST,Consumer Staples,0.05,0.19477989757235645,0.8377583245959523,0.10504571488072462,0.005252285744036231,0.035911230162632334,50000.0,1540941611.1720784,3.244769278569145e-05,0.00032447692785691443
2024-10-31,BAC,Financials,0.05,0.231365484539944,0.8611168747707615,0.10453797765058366,0.005226898882529183,0.035737653653067594,50000.0,1415798456.2710507,3.53157610665085e-05,0.0003531576106650849
2024-10-31,WFC,Financials,0.05,0.25814502468070266,0.7432383733643754,0.0995372291616575,0.004976861458082875,0.034028083394298136,50000.0,1004239915.466156,4.978889927591716e-05,0.0004978889927591716
2024-10-31,DIS,Communication Services,0.05,0.26112180118517797,0.6072737906487006,0.08593380306621538,0.004296690153310769,0.029377577030773722,50000.0,811808185.7116827,6.159090395986439e-05,0.0006159090395986438
2024-10-31,TMO,Health Care,0.05,0.20321611596788286,0.6743111866763816,0.07028808654712414,0.003514404327356207,0.024028887390131537,50000.0,725336275.4833984,6.893354391613412e-05,0.0006893354391613412
2024-10-31,EOG,Energy,0.05,0.22004134540355902,0.30396826552670825,0.04513069349103947,0.002256534674551974,0.015428508656409002,50000.0,371489288.2300822,0.00013459338286231408,0.0013459338286231407
2024-10-31,WMT,Consumer Staples,0.05,0.18795195347817936,0.2520887770287144,0.03698546029828082,0.0018492730149140412,0.012643955814385915,50000.0,1207593078.5031254,4.14046758714265e-05,0.00041404675871426497
2024-10-31,MRK,Health Care,0.05,0.20412629941169186,0.22484631881001063,0.027479108063071387,0.0013739554031535694,0.009394086902424206,50000.0,1034959386.8806711,4.831107445742207e-05,0.00048311074457422067
2024-11-29,TSLA,Consumer Discretionary,0.05,0.6134879040187988,2.304678629344762,0.31933637363749334,0.01596681868187467,0.1070707414753163,50000.0,24179744135.914284,2.067846529679972e-06,2.0678465296799717e-05
2024-11-29,NVDA,Information Technology,0.05,0.5224553675075473,2.767152891148323,0.31678788756543097,0.01583939437827155,0.10621625599886697,50000.0,33125643974.274204,1.5094046183322696e-06,1.5094046183322694e-05
2024-11-29,AVGO,Information Technology,0.05,0.45861021519410106,2.556522854208127,0.31008694336472276,0.015504347168236138,0.10396948700107965,50000.0,3949519369.1161094,1.2659768272307485e-05,0.00012659768272307485
2024-11-29,QCOM,Information Technology,0.05,0.3797423339637492,2.026321681445391,0.2557640550302803,0.012788202751514016,0.08575548943232082,50000.0,1371554754.8392742,3.645497915674483e-05,0.00036454979156744823
2024-11-29,TXN,Information Technology,0.05,0.2761272292589315,1.4125733569600494,0.179925022365495,0.008996251118274751,0.060327313594740924,50000.0,1133784622.1842957,4.4100086578765175e-05,0.00044100086578765174
2024-11-29,META,Communication Services,0.05,0.36134979656291727,1.5630992520512168,0.17102219148683642,0.008551109574341822,0.05734227091842678,50000.0,6803633486.568501,7.349014331637393e-06,7.349014331637392e-05
2024-11-29,ORCL,Information Technology,0.05,0.33870113208228886,1.3940758717200514,0.16722211761449918,0.008361105880724959,0.05606813880958656,50000.0,1511429667.8397624,3.3081261446629785e-05,0.0003308126144662979
2024-11-29,CAT,Industrials,0.05,0.2656183093882357,1.2671482134694598,0.16343763104201847,0.008171881552100925,0.05479923298841984,50000.0,896258367.4759928,5.578748474149035e-05,0.0005578748474149034
2024-11-29,GS,Financials,0.05,0.2601371035448161,1.1366034366391358,0.14875999388211042,0.007437999694105521,0.0498779473988208,50000.0,1110032479.3921406,4.504372703344703e-05,0.0004504372703344703
2024-11-29,NFLX,Communication Services,0.05,0.29842751728737366,1.159111671912983,0.13643261628715633,0.006821630814357817,0.04574468364153811,50000.0,2483360241.732788,2.013401002389892e-05,0.0002013401002389892
2024-11-29,GOOGL,Communication Services,0.05,0.2706101195798932,1.1909360014835029,0.12385651827906731,0.006192825913953366,0.04152802606741251,50000.0,4304792850.981166,1.1614960749761466e-05,0.00011614960749761465
2024-11-29,WFC,Financials,0.05,0.2898734739801592,0.8259859317748455,0.12288481609784459,0.00614424080489223,0.04120222267755249,50000.0,1206896508.1477928,4.142857292439623e-05,0.0004142857292439623
2024-11-29,BAC,Financials,0.05,0.23432243539401462,0.842506536535455,0.11040385395272259,0.00552019269763613,0.03701746334061404,50000.0,1533994473.5974758,3.259464154570359e-05,0.00032594641545703593
2024-11-29,LLY,Health Care,0.05,0.301809536389431,0.8457196349142138,0.10002990211825886,0.005001495105912943,0.03353916645168477,50000.0,3068805856.674296,1.6292982461323127e-05,0.00016292982461323127
2024-11-29,PLD,Real Estate,0.05,0.2523710599994738,0.8627507625007553,0.09810438574488904,0.004905219287244453,0.03289355736095962,50000.0,451335167.64914197,0.00011078241533987642,0.001107824153398764
2024-11-29,NKE,Consumer Discretionary,0.05,0.34185528429737827,0.6604812073266216,0.08327578444493343,0.004163789222246672,0.027921654792696492,50000.0,947169359.9827703,5.2788869776055185e-05,0.0005278886977605518
2024-11-29,TMO,Health Care,0.05,0.2024686335973826,0.6458460366151199,0.06899258495202644,0.0034496292476013223,0.02313262076276331,50000.0,870048376.8017578,5.746806882600804e-05,0.0005746806882600805
2024-11-29,EOG,Energy,0.05,0.2259719890714628,0.30532987753653784,0.04965688257381179,0.0024828441286905895,0.0166495259402122,50000.0,391080055.2759552,0.00012785106099240688,0.0012785106099240688
2024-11-29,MRK,Health Care,0.05,0.20929791515309945,0.2383881688622164,0.03088704916184331,0.0015443524580921655,0.010356162118560561,50000.0,1128326638.6095428,4.4313409157489974e-05,0.00044313409157489977
2024-11-29,ABBV,Health Care,0.05,0.23578173993570337,0.21864580551048343,0.025613657532153052,0.0012806828766076528,0.008588039228427104,50000.0,1094208420.5143738,4.5695133635048816e-05,0.00045695133635048813
2024-12-31,TSLA,Consumer Discretionary,0.05,0.6349562241659296,2.3795470381849166,0.33724329201976677,0.016862164600988338,0.12232521139761317,50000.0,30794956320.364048,1.6236425043063322e-06,1.6236425043063322e-05
2024-12-31,AVGO,Information Technology,0.05,0.5391512979914033,2.598777793140357,0.31724173882891116,0.015862086941445558,0.11507022877750339,50000.0,5567313689.58992,8.98099205250332e-06,8.980992052503319e-05
2024-12-31,NVDA,Information Technology,0.05,0.5250329048111497,2.658621868910017,0.282755979563756,0.0141377989781878,0.10256152099253121,50000.0,30422277570.653236,1.6435324371713826e-06,1.6435324371713823e-05
2024-12-31,QCOM,Information Technology,0.05,0.3833010757374497,1.9679846438876776,0.23573326920757323,0.011786663460378662,0.08550539824399736,50000.0,1324108607.3261006,3.776125290883033e-05,0.0003776125290883033
2024-12-31,GS,Financials,0.05,0.25757357366871636,1.1510053123490087,0.16767636314977363,0.008383818157488681,0.06081973179017836,50000.0,1167072909.043579,4.284222486234832e-05,0.00042842224862348316
2024-12-31,ORCL,Information Technology,0.05,0.3226206664499502,1.3962343468395566,0.1628927751373945,0.008144638756869726,0.0590846241432661,50000.0,1361376862.4280803,3.672752298053797e-05,0.00036727522980537966
2024-12-31,CAT,Industrials,0.05,0.26032925455157707,1.225612698341353,0.16194511725919467,0.008097255862959734,0.05874088876579086,50000.0,807001899.1741434,6.195772283952267e-05,0.0006195772283952266
2024-12-31,WFC,Financials,0.05,0.2875218338567345,0.8292000232641171,0.14505348165982035,0.0072526740829910175,0.052613938447016825,50000.0,1211699021.746661,4.126437267228716e-05,0.0004126437267228715
2024-12-31,NFLX,Communication Services,0.05,0.2972666011843352,1.1554073103586788,0.1327722103253108,0.00663861051626554,0.04815926389077014,50000.0,2708150520.6671395,1.8462784700638703e-05,0.000184627847006387
2024-12-31,BAC,Financials,0.05,0.22726867913543267,0.8211996705502299,0.12756010003693488,0.006378005001846744,0.04626872223155787,50000.0,1510538444.7334354,3.3100779509669146e-05,0.00033100779509669147
2024-12-31,JPM,Financials,0.05,0.23493516394808922,0.800618630100506,0.12729126904686613,0.006364563452343307,0.04617121159615445,50000.0,2024572737.7473958,2.469656884525255e-05,0.0002469656884525255
2024-12-31,LLY,Health Care,0.05,0.3027170299384832,0.8689595527699878,0.09693531304144631,0.004846765652072316,0.03516047002350375,50000.0,3066368358.488566,1.6305933976127168e-05,0.00016305933976127167
2024-12-31,PLD,Real Estate,0.05,0.2427394174805143,0.8129152908983173,0.09640572262759114,0.004820286131379557,0.034968376478985784,50000.0,454128244.45545197,0.00011010105759873032,0.0011010105759873031
2024-12-31,EOG,Energy,0.05,0.22579247696975874,0.3195339220101179,0.07697518757605201,0.0038487593788026006,0.02792051410783759,50000.0,365497724.90356445,0.00013679975713444553,0.0013679975713444552
2024-12-31,COP,Energy,0.05,0.22595012554400934,0.250708716516398,0.07053268911237294,0.0035266344556186473,0.025583684865724307,50000.0,700218308.4264883,7.14063020036689e-05,0.000714063020036689
2024-12-31,APD,Materials,0.05,0.28109429269411407,0.3833282438356192,0.06386043282466528,0.003193021641233264,0.023163517644592284,50000.0,443710144.83825684,0.0001126861771849418,0.001126861771849418
2024-12-31,UNH,Health Care,0.05,0.2730076869578574,0.12062707097612745,0.04279183717135612,0.0021395918585678064,0.015521496355727573,50000.0,2521804752.190603,1.9827070258538755e-05,0.00019827070258538756
2024-12-31,ABBV,Health Care,0.05,0.23811964590425122,0.22216088887190202,0.03820987899383868,0.0019104939496919341,0.013859524076536942,50000.0,1139508960.6943512,4.3878549203801674e-05,0.00043878549203801674
2024-12-31,WMT,Consumer Staples,0.05,0.17686952881009288,0.30328609451134747,0.037126854293676265,0.0018563427146838134,0.013466688315141162,50000.0,1382073771.7298126,3.617751890148358e-05,0.0003617751890148358
2024-12-31,NEE,Utilities,0.05,0.25344865624624197,0.2625389141191632,0.03593668194499626,0.001796834097249813,0.013034987855571036,50000.0,796224530.4769388,6.279635716579842e-05,0.0006279635716579841
2025-01-31,TSLA,Consumer Discretionary,0.05,0.6353152344847662,2.4833856428344747,0.35573605065959546,0.017786802532979772,0.1352362836850045,50000.0,34477841966.392365,1.4502067747957666e-06,1.4502067747957666e-05
2025-01-31,AVGO,Information Technology,0.05,0.5657629233486599,2.631522150208966,0.3245889862667194,0.01622944931333597,0.12339544487100204,50000.0,6794057027.343572,7.359373022447185e-06,7.359373022447184e-05
2025-01-31,NVDA,Information Technology,0.05,0.567961284142072,2.8411429355739255,0.2899373921845754,0.014496869609228772,0.11022232733416111,50000.0,32658436024.36651,1.5309979927604287e-06,1.5309979927604287e-05
2025-01-31,ORCL,Information Technology,0.05,0.37231304089530526,1.5899262256490727,0.186426670495431,0.00932133352477155,0.07087178836900071,50000.0,1868922808.7952423,2.675337887937241e-05,0.0002675337887937241
2025-01-31,TXN,Information Technology,0.05,0.28655210974779943,1.288555052629969,0.17460152639515789,0.008730076319757895,0.06637635266830234,50000.0,1205185899.613393,4.148737552940115e-05,0.00041487375529401154
2025-01-31,GS,Financials,0.05,0.26550712839641016,1.2135578845504515,0.16187541007888462,0.008093770503944232,0.06153840421420328,50000.0,1385370118.217265,3.609143819583858e-05,0.00036091438195838576
2025-01-31,CAT,Industrials,0.05,0.26817870206436567,1.1811655592270656,0.1606734486583078,0.00803367243291539,0.06108146768682527,50000.0,817412496.2997437,6.116862688830866e-05,0.0006116862688830865
2025-01-31,WFC,Financials,0.05,0.2905420320148902,0.8721096382486796,0.12698234824734952,0.006349117412367477,0.048273490524015264,50000.0,1211980781.2744648,4.1254779590995026e-05,0.0004125477959099503
2025-01-31,GOOGL,Communication Services,0.05,0.28579393151542687,1.2456487801938978,0.12583288732150916,0.006291644366075458,0.04783651253552198,50000.0,5088774945.014522,9.825547511977328e-06,9.825547511977328e-05
2025-01-31,PLD,Real Estate,0.05,0.25606721221290135,0.7614153392938207,0.11009847562345872,0.005504923781172936,0.04185493332793596,50000.0,472294980.63688916,0.00010586604145691972,0.001058660414569197
2025-01-31,UPS,Industrials,0.05,0.2925389599785026,0.5235857587600244,0.09661252886877841,0.004830626443438921,0.036728128446352565,50000.0,645277958.4876379,7.748598777058319e-05,0.0007748598777058319
2025-01-31,LLY,Health Care,0.05,0.31482702720372696,0.7844520679315842,0.09010204537312184,0.004505102268656093,0.034253109141132755,50000.0,3093258176.974182,1.616418583233485e-05,0.0001616418583233485
2025-01-31,NKE,Consumer Discretionary,0.05,0.3222274121625597,0.550279410944489,0.08532385313283784,0.004266192656641892,0.032436636056354315,50000.0,909414941.336759,5.4980403034179814e-05,0.0005498040303417981
2025-01-31,EOG,Energy,0.05,0.22312245142055556,0.30589747671918927,0.07484694539512879,0.0037423472697564394,0.02845374462791645,50000.0,404672082.39306134,0.00012355683076608825,0.0012355683076608825
2025-01-31,COP,Energy,0.05,0.22285611947487763,0.23409071897759165,0.06635336200754442,0.0033176681003772215,0.02522483192599652,50000.0,706007084.7343572,7.082081905567993e-05,0.0007082081905567992
2025-01-31,UNH,Health Care,0.05,0.27784164170871,0.20504131530232575,0.05924683090100114,0.0029623415450500575,0.02252321971953382,50000.0,2701531915.748291,1.850801750981743e-05,0.0001850801750981743
2025-01-31,NEE,Utilities,0.05,0.26593360719215875,0.2359417532640296,0.04881905247856294,0.002440952623928147,0.0185590052455539,50000.0,806255254.0469614,6.201509974543085e-05,0.0006201509974543084
2025-01-31,ABBV,Health Care,0.05,0.24532397932325595,0.1557538731074582,0.039493100362462036,0.001974655018123102,0.015013660027751837,50000.0,1164115497.049535,4.295106467247074e-05,0.0004295106467247074
2025-01-31,WMT,Consumer Staples,0.05,0.17869867340800608,0.26809290047030904,0.03905589971447097,0.0019527949857235485,0.014847454239079702,50000.0,1538972532.5932057,3.248920883321342e-05,0.0003248920883321341
2025-01-31,PEP,Consumer Staples,0.05,0.17180167714168001,0.011189269868912251,0.013871049957605361,0.0006935524978802681,0.005273205354355866,50000.0,980053083.3947754,5.101764470431189e-05,0.0005101764470431189
2025-02-28,TSLA,Consumer Discretionary,0.05,0.6499264696206516,2.613966491122385,0.3725408151774749,0.018627040758873746,0.12468156235610557,50000.0,32439713307.761536,1.5413206499589188e-06,1.541320649958919e-05
2025-02-28,AVGO,Information Technology,0.05,0.5756203308829979,2.7092275892828472,0.36577929642413504,0.018288964821206753,0.12241862447729918,50000.0,7490919447.691142,6.674748053179379e-06,6.674748053179379e-05
2025-02-28,NVDA,Information Technology,0.05,0.5532388491123481,2.826228035186028,0.3439444399264154,0.01719722199632077,0.11511095801218951,50000.0,32637633607.387684,1.5319738128527267e-06,1.5319738128527264e-05
2025-02-28,QCOM,Information Technology,0.05,0.38268541367417447,2.052428345393517,0.2704695776225603,0.013523478881128016,0.0905204695268401,50000.0,1305251287.2784932,3.830679999117428e-05,0.00038306799991174277
2025-02-28,ORCL,Information Technology,0.05,0.3791080228257542,1.6327126732866324,0.20829081825003878,0.01041454091250194,0.06971054871256077,50000.0,1878701135.9366863,2.6614131989157982e-05,0.0002661413198915798
2025-02-28,TXN,Information Technology,0.05,0.2962519239135011,1.3446500462470998,0.18255194861960392,0.009127597430980195,0.061096291299520204,50000.0,1168636551.3939412,4.278490172189152e-05,0.00042784901721891515
2025-02-28,NFLX,Communication Services,0.05,0.29268172338763637,1.2074558564171478,0.151731148166345,0.0075865574083172505,0.05078121870338756,50000.0,3447531505.8921814,1.4503130693525185e-05,0.00014503130693525185
2025-02-28,GS,Financials,0.05,0.270632127546271,1.2704530538503132,0.15148137615018467,0.007574068807509234,0.050697625271637355,50000.0,1426855100.2630615,3.5042100624500534e-05,0.00035042100624500534
2025-02-28,META,Communication Services,0.05,0.30418216450515934,1.2722587585374512,0.14750886695817808,0.007375443347908905,0.049368110135698716,50000.0,9520144318.629862,5.252021222215672e-06,5.2520212222156724e-05
2025-02-28,GOOGL,Communication Services,0.05,0.2862617592989103,1.2322161777244351,0.14427506208081534,0.007213753104040767,0.04828582377125754,50000.0,5583861821.270981,8.954376308083347e-06,8.954376308083347e-05
2025-02-28,WFC,Financials,0.05,0.28278454747299014,0.8719128527741087,0.10610707164326103,0.005305353582163052,0.03551180147391517,50000.0,1154396172.6499813,4.331268691338623e-05,0.0004331268691338623
2025-02-28,LLY,Health Care,0.05,0.3080810190673939,0.7523853844799443,0.10227969024241905,0.005113984512120953,0.034230857552207304,50000.0,2878703520.000814,1.736893002443887e-05,0.0001736893002443887
2025-02-28,PLD,Real Estate,0.05,0.2532985207231844,0.764739422478928,0.09196618798206464,0.004598309399103232,0.030779145624826622,50000.0,458869476.7112859,0.00010896344720583646,0.0010896344720583645
2025-02-28,NKE,Consumer Discretionary,0.05,0.3351883352331939,0.5205290254390132,0.07714069566056206,0.003857034783028103,0.0258173656800901,50000.0,1017612980.1453654,4.913459338230683e-05,0.0004913459338230683
2025-02-28,UPS,Industrials,0.05,0.28743251599068065,0.4932593380113206,0.06606971143559527,0.003303485571779764,0.022112140497364628,50000.0,721546283.5773596,6.929562404798849e-05,0.0006929562404798848
2025-02-28,TMO,Health Care,0.05,0.20947640890233138,0.48137894123967595,0.0589280734546924,0.00294640367273462,0.019721984721234483,50000.0,1084744027.758484,4.6093823722929405e-05,0.0004609382372292941
2025-02-28,UNH,Health Care,0.05,0.2921985109197347,0.2835277150188715,0.044168739046755924,0.002208436952337796,0.014782346436390219,50000.0,2915380980.950419,1.715041715875498e-05,0.0001715041715875498
2025-02-28,WMT,Consumer Staples,0.05,0.1978898845272194,0.3294561848206752,0.0430529851672204,0.00215264925836102,0.01440892711899515,50000.0,1716391028.2872899,2.9130891024228186e-05,0.00029130891024228183
2025-02-28,EOG,Energy,0.05,0.22039732113129998,0.28592549820545266,0.04239334626560125,0.0021196673132800625,0.014188159875530671,50000.0,392987764.22929126,0.00012723042433155038,0.0012723042433155035
2025-02-28,MRK,Health Care,0.05,0.23487175678344943,0.036460195202515665,0.01725844739877966,0.000862922369938983,0.0057760387529495584,50000.0,1327453788.6288707,3.76660946153501e-05,0.000376660946153501
2025-03-31,TSLA,Consumer Discretionary,0.05,0.6889661111849623,2.791074101143291,0.409232144155785,0.02046160720778925,0.1486488531960167,50000.0,30677109711.67351,1.6298797530125068e-06,1.629879753012507e-05
2025-03-31,AVGO,Information Technology,0.05,0.5828708495082472,2.516523144709517,0.3434291511061443,0.017171457555307214,0.12474667543851643,50000.0,6392540592.999623,7.821616346833099e-06,7.821616346833098e-05
2025-03-31,NVDA,Information Technology,0.05,0.5626675234256965,2.6821999452038043,0.32516210808620744,0.016258105404310372,0.11811138289130578,50000.0,35126110398.59984,1.4234425455200143e-06,1.4234425455200143e-05
2025-03-31,ORCL,Information Technology,0.05,0.38149563928225516,1.6355507379639054,0.22267487100739955,0.011133743550369979,0.08088407688282759,50000.0,1945840534.058787,2.5695836387839074e-05,0.00025695836387839075
2025-03-31,GS,Financials,0.05,0.28640949407929167,1.3660270495454032,0.19463097745527616,0.009731548872763809,0.0706974562196976,50000.0,1639086567.1386719,3.0504795172157518e-05,0.0003050479517215752
2025-03-31,NFLX,Communication Services,0.05,0.3176840667854841,1.283758372795632,0.17041749810610218,0.00852087490530511,0.06190218930691575,50000.0,4348407896.205394,1.1498461320436874e-05,0.00011498461320436872
2025-03-31,META,Communication Services,0.05,0.3172389696873957,1.3296987985886013,0.15811360216987047,0.007905680108493523,0.057432941113968974,50000.0,10536664318.887838,4.745334812495723e-06,4.745334812495723e-05
2025-03-31,WFC,Financials,0.05,0.3000804007419668,1.0092272045792254,0.15382593323629798,0.007691296661814899,0.055875494860145106,50000.0,1202180905.689494,4.159107815085717e-05,0.0004159107815085717
2025-03-31,BAC,Financials,0.05,0.24122195857903703,0.908888800126117,0.13589137519887778,0.00679456875994389,0.04936097364544539,50000.0,1718251993.454272,2.909934060340181e-05,0.00029099340603401806
2025-03-31,LLY,Health Care,0.05,0.3150060544821689,0.7650798745648617,0.11488920039360488,0.005744460019680244,0.041732176044840384,50000.0,3034030193.9722695,1.6479730524546318e-05,0.00016479730524546318
2025-03-31,TMO,Health Care,0.05,0.21202793173296053,0.48752045060570787,0.07078030685864178,0.0035390153429320894,0.02571012955276066,50000.0,1052029553.4441122,4.752718194684841e-05,0.00047527181946848405
2025-03-31,APD,Materials,0.05,0.24219835777822252,0.3771742538446057,0.07062390296677754,0.0035311951483388768,0.025653317644182518,50000.0,471426201.71010333,0.00010606113919554002,0.0010606113919554001
2025-03-31,WMT,Consumer Staples,0.05,0.21646467595733798,0.44263222743413294,0.0704280385328169,0.003521401926640845,0.025582172149123235,50000.0,1898166422.0026398,2.634120982250231e-05,0.0002634120982250231
2025-03-31,COP,Energy,0.05,0.2440963284259538,0.3063684368251772,0.06773989732936003,0.003386994866468002,0.024605735882252885,50000.0,833725069.3636322,5.9971808258283665e-05,0.0005997180825828367
2025-03-31,UPS,Industrials,0.05,0.2819393109351907,0.42702314692171656,0.06758428124021196,0.0033792140620105982,0.02454921013391894,50000.0,753939591.3596472,6.631831060871933e-05,0.0006631831060871932
2025-03-31,EOG,Energy,0.05,0.23101249808074123,0.34619366172135374,0.0668457817684661,0.003342289088423305,0.024280958724227388,50000.0,429529419.8208618,0.00011640646179917744,0.0011640646179917743
2025-03-31,UNH,Health Care,0.05,0.2930654659811428,0.2495886700227171,0.0592037381351384,0.00296018690675692,0.02150507457536238,50000.0,2429205753.730367,2.058285920129177e-05,0.0002058285920129177
2025-03-31,NEE,Utilities,0.05,0.26404375962178206,0.09708591022462519,0.028730877119716752,0.0014365438559858377,0.010436159515210942,50000.0,829899360.454483,6.024826910653141e-05,0.000602482691065314
2025-03-31,ABT,Health Care,0.05,0.1970068743285793,0.11068367555759454,0.026547505517629626,0.0013273752758814813,0.00964307498022033,50000.0,884671468.0995941,5.651815595161833e-05,0.0005651815595161833
2025-03-31,PEP,Consumer Staples,0.05,0.18254523311276458,-0.07224223365588418,-0.0037387361533553717,-0.0001869368076677686,-0.0013580527569388553,50000.0,1080077878.6169178,4.6292958118933947e-05,0.00046292958118933944
2025-04-30,TSLA,Consumer Discretionary,0.05,0.7360114548020409,2.3881816637890614,0.48304171639353033,0.024152085819676518,0.11199920082724772,50000.0,32607654438.180412,1.533382295092493e-06,1.5333822950924932e-05
2025-04-30,AVGO,Information Technology,0.05,0.6292172870032583,2.0138448881386375,0.39444841706916106,0.019722420853458055,0.09145774780935803,50000.0,5942198598.846232,8.414393960125845e-06,8.414393960125845e-05
2025-04-30,NVDA,Information Technology,0.05,0.5961614370349658,2.0892956486722944,0.37560083454729626,0.018780041727364815,0.08708770251444045,50000.0,33149387119.233486,1.5083235119900507e-06,1.5083235119900506e-05
2025-04-30,ORCL,Information Technology,0.05,0.4205852127024007,1.4077078664091,0.2701189132262856,0.013505945661314281,0.06263041344657218,50000.0,1581075590.2915573,3.162404144812569e-05,0.0003162404144812569
2025-04-30,GS,Financials,0.05,0.3375962640601162,1.3110481339898608,0.2632234769184394,0.01316117384592197,0.06103162118987029,50000.0,1702012425.6402588,2.937698882027323e-05,0.00029376988820273227
2025-04-30,AMZN,Consumer Discretionary,0.05,0.3358118044007609,1.3067854184727898,0.2478180128354056,0.01239090064177028,0.0574596736600487,50000.0,9927864999.981588,5.03632956331424e-06,5.0363295633142396e-05
2025-04-30,META,Communication Services,0.05,0.3583851045265555,1.329337773427621,0.24583474308555567,0.012291737154277784,0.05699982802049096,50000.0,10908251843.804474,4.583685884406707e-06,4.5836858844067065e-05
2025-04-30,AAPL,Information Technology,0.05,0.3263114913352708,1.2320377662150803,0.217916202281692,0.010895810114084602,0.05052656877149432,50000.0,12550461625.523836,3.983917204950864e-06,3.983917204950864e-05
2025-04-30,CAT,Industrials,0.05,0.3052856433850844,1.087530225659879,0.21394583613112433,0.010697291806556217,0.04960599023601052,50000.0,960309883.5946146,5.206652649751026e-05,0.0005206652649751026
2025-04-30,WFC,Financials,0.05,0.33560545518189905,0.9924583703878087,0.21161153080306905,0.010580576540153453,0.04906475265267934,50000.0,1348948948.7695568,3.706589492923915e-05,0.0003706589492923915
2025-04-30,BAC,Financials,0.05,0.285750647665441,0.9319227870439741,0.19410194996594626,0.009705097498297314,0.04500493960957525,50000.0,1963684974.701252,2.5462332626752833e-05,0.00025462332626752834
2025-04-30,JPM,Financials,0.05,0.28529999735122424,0.9146092764148607,0.18894225130491746,0.009447112565245873,0.04380859961049771,50000.0,2831154511.6049705,1.7660639783186963e-05,0.00017660639783186963
2025-04-30,COP,Energy,0.05,0.3214743088692853,0.8528960029873662,0.17178309657878316,0.008589154828939159,0.03983003719864911,50000.0,903468438.7704468,5.534227633678745e-05,0.0005534227633678745
2025-04-30,NKE,Consumer Discretionary,0.05,0.3976668486934135,0.8304652543192047,0.16845412204851762,0.00842270610242588,0.03905817324920038,50000.0,1307872734.07039,3.823001940287333e-05,0.0003823001940287333
2025-04-30,PLD,Real Estate,0.05,0.2937024637719539,0.837745850708725,0.16475083321866285,0.008237541660933143,0.03819951989629141,50000.0,530702552.7441661,9.421473430165188e-05,0.0009421473430165188
2025-04-30,LLY,Health Care,0.05,0.3619112241523935,0.7096669426636261,0.13967935317831318,0.006983967658915659,0.03238638692500201,50000.0,3122909508.01829,1.6010710483804118e-05,0.00016010710483804118
2025-04-30,APD,Materials,0.05,0.2780521452400331,0.6538743340217981,0.13187134264698272,0.006593567132349137,0.030576003039136337,50000.0,402768183.58212787,0.0001241408880793698,0.0012414088807936978
2025-04-30,WMT,Consumer Staples,0.05,0.24872730203250878,0.6290494509589152,0.12373732973283447,0.0061868664866417235,0.028690031465697884,50000.0,2161954120.7526526,2.312722528200239e-05,0.0002312722528200239
2025-04-30,NEE,Utilities,0.05,0.2834450403259919,0.32936486792164094,0.05918364086742737,0.0029591820433713684,0.01372245968461759,50000.0,844670765.0935491,5.919466147791014e-05,0.0005919466147791014
2025-04-30,UNH,Health Care,0.05,0.372744371646895,0.21838610394163638,0.04683963956145606,0.002341981978072803,0.010860350193119836,50000.0,3091411811.904297,1.6173839993578925e-05,0.00016173839993578924
2025-05-30,TSLA,Consumer Discretionary,0.05,0.7227654054889124,2.3770457994379335,0.49074238234143597,0.0245371191170718,0.11003836564462922,50000.0,34659347869.64587,1.4426122553733692e-06,1.442612255373369e-05
2025-05-30,AVGO,Information Technology,0.05,0.6300986177720902,1.9906241778762994,0.3970824494239266,0.019854122471196334,0.08903715133039915,50000.0,5538582048.959935,9.027581348079744e-06,9.027581348079743e-05
2025-05-30,NVDA,Information Technology,0.05,0.5884923355640748,2.082235010366442,0.38655552896162915,0.01932777644808146,0.08667671708908618,50000.0,31766132963.82024,1.5740033593936997e-06,1.5740033593936994e-05
2025-05-30,QCOM,Information Technology,0.05,0.43367258928923785,1.5963425996663243,0.32173274340874697,0.01608663717043735,0.0721416093921752,50000.0,1313877048.098653,3.8055311242674e-05,0.00038055311242674
2025-05-30,TXN,Information Technology,0.05,0.39078498715873794,1.4121812816260233,0.28740061734687444,0.014370030867343724,0.06444337264537355,50000.0,1429412048.6027782,3.4979416921015884e-05,0.0003497941692101588
2025-05-30,GS,Financials,0.05,0.34290764678145147,1.318859455408383,0.26614431403140887,0.013307215701570445,0.059677106350376895,50000.0,1596129728.6968994,3.132577452887908e-05,0.00031325774528879075
2025-05-30,META,Communication Services,0.05,0.3693211421679693,1.3610222455557088,0.2546009815836255,0.012730049079181275,0.05708876370390266,50000.0,10215280514.263254,4.894628192557872e-06,4.8946281925578716e-05
2025-05-30,AAPL,Information Technology,0.05,0.33040666590314494,1.2160029644131762,0.22498720397525931,0.011249360198762966,0.05044851455109786,50000.0,12875738772.060926,3.88327232208959e-06,3.88327232208959e-05
2025-05-30,WFC,Financials,0.05,0.3381106636783874,1.0043058173955763,0.21571144722793206,0.010785572361396604,0.04836862671315913,50000.0,1266424994.8332214,3.948121697217814e-05,0.0003948121697217814
2025-05-30,BAC,Financials,0.05,0.28990981531090204,0.9489090101469897,0.19891835271975025,0.009945917635987513,0.04460313846456018,50000.0,1958756362.333107,2.552640081303638e-05,0.0002552640081303638
2025-05-30,JPM,Financials,0.05,0.2831507552916554,0.9255814187924166,0.1908152259716748,0.009540761298583741,0.04278618754274409,50000.0,2753538144.795761,1.8158455547275037e-05,0.00018158455547275036
2025-05-30,COP,Energy,0.05,0.3271704411562584,0.875636872802405,0.18808149559745385,0.009404074779872693,0.04217320763043836,50000.0,873205355.0054423,5.726029932522387e-05,0.0005726029932522387
2025-05-30,NKE,Consumer Discretionary,0.05,0.4114027044322877,0.910723602399431,0.1832981833752991,0.009164909168764956,0.04110065331633456,50000.0,1251270489.6267445,3.9959385612071023e-05,0.00039959385612071025
2025-05-30,NFLX,Communication Services,0.05,0.3244623826643141,0.9286325136936396,0.18102305264968346,0.009051152632484174,0.040590504456804344,50000.0,5039246304.669698,9.922118701296006e-06,9.922118701296005e-05
2025-05-30,EOG,Energy,0.05,0.28864850585975366,0.7334495325424497,0.15604592499700293,0.007802296249850147,0.03498992377680511,50000.0,467726196.2924703,0.0001069001488399313,0.001069001488399313
2025-05-30,LLY,Health Care,0.05,0.3842083589908752,0.7519576302464652,0.15252404871213535,0.007626202435606768,0.03420021918976626,50000.0,3342667826.2013755,1.4958112082833027e-05,0.00014958112082833025
2025-05-30,UPS,Industrials,0.05,0.318918170738588,0.6819332223467943,0.1441880754647842,0.007209403773239211,0.03233105747640588,50000.0,643345872.0608648,7.771869249713577e-05,0.0007771869249713576
2025-05-30,WMT,Consumer Staples,0.05,0.2402376543346087,0.6130473853961104,0.11795934925401107,0.005897967462700554,0.026449832888866865,50000.0,2084606262.8588867,2.3985344806279444e-05,0.00023985344806279444
2025-05-30,NEE,Utilities,0.05,0.2963302922047228,0.31600645377528574,0.05867850756940599,0.0029339253784703,0.013157386245296896,50000.0,942347842.1288046,5.305896375487828e-05,0.0005305896375487828
2025-05-30,UNH,Health Care,0.05,0.4444087243789518,0.18483528339995206,0.04324903886758458,0.002162451943379229,0.009697661591777745,50000.0,5379281917.871704,9.294920913864715e-06,9.294920913864716e-05
2025-06-30,TSLA,Consumer Discretionary,0.05,0.7438335955625129,2.3867771248268097,0.49278637071058273,0.02463931853552914,0.10994796355739782,50000.0,35962081654.13518,1.390353330512797e-06,1.390353330512797e-05
2025-06-30,AVGO,Information Technology,0.05,0.6133959930967504,1.9549455727298708,0.3874633442830117,0.019373167214150586,0.08644883095209595,50000.0,5707823987.679189,8.759905720276089e-06,8.759905720276088e-05
2025-06-30,NVDA,Information Technology,0.05,0.5739962646216651,2.056971368571351,0.38281213867578967,0.019140606933789484,0.08541107785055745,50000.0,30573236745.805958,1.6354172904790334e-06,1.6354172904790332e-05
2025-06-30,QCOM,Information Technology,0.05,0.42554888002256525,1.577511713163984,0.319565513158117,0.01597827565790585,0.07129981566707164,50000.0,1386118990.0661976,3.607193924787952e-05,0.0003607193924787952
2025-06-30,TXN,Information Technology,0.05,0.39350527539993224,1.4216251338199912,0.29225181201686795,0.014612590600843398,0.06520572298069043,50000.0,1440858247.8825886,3.470153991447628e-05,0.0003470153991447627
2025-06-30,META,Communication Services,0.05,0.3721143750960161,1.3706238958269223,0.26324736327921583,0.013162368163960792,0.05873439937607981,50000.0,9752661672.466177,5.126805551059005e-06,5.1268055510590046e-05
2025-06-30,AMZN,Consumer Discretionary,0.05,0.34641645294903173,1.3437970925157527,0.25867908256352673,0.012933954128176337,0.057715148050349586,50000.0,9869988392.741062,5.065862087211043e-06,5.065862087211042e-05
2025-06-30,GS,Financials,0.05,0.34411962307834976,1.3251034774572312,0.2538015848630741,0.012690079243153705,0.05662690581944663,50000.0,1520924671.4267986,3.287473794023893e-05,0.00032874737940238923
2025-06-30,AAPL,Information Technology,0.05,0.3213465911689795,1.2087404329067373,0.2282556510234667,0.011412782551173336,0.05092722829227241,50000.0,12743795768.898085,3.9234778167135785e-06,3.923477816713579e-05
2025-06-30,NKE,Consumer Discretionary,0.05,0.4428700289446331,0.9661740413088601,0.2130589910736327,0.010652949553681635,0.047536627590493236,50000.0,1283917201.251437,3.894332122917653e-05,0.0003894332122917653
2025-06-30,DIS,Communication Services,0.05,0.304041739440513,0.9692557755538943,0.2027590018208204,0.010137950091041022,0.04523854690011859,50000.0,1197324490.7566452,4.175977388418963e-05,0.0004175977388418963
2025-06-30,BAC,Financials,0.05,0.2875456348878655,0.9473772548159111,0.1888933982272424,0.00944466991136212,0.04214492465482441,50000.0,1986270162.1193314,2.5172809295312818e-05,0.00025172809295312816
2025-06-30,COP,Energy,0.05,0.3310787595455914,0.8525344994631959,0.17938476767424955,0.008969238383712478,0.040023407852292504,50000.0,786758992.1361414,6.355186340386684e-05,0.0006355186340386683
2025-06-30,PLD,Real Estate,0.05,0.29089854379364904,0.850772034659975,0.17334115977672432,0.008667057988836217,0.038674989104602424,50000.0,551434280.1086298,9.067263643847141e-05,0.0009067263643847141
2025-06-30,LLY,Health Care,0.05,0.3888465878051171,0.7550056247927921,0.15741131196182384,0.007870565598091192,0.035120803292803225,50000.0,3226898022.5464883,1.549475677590294e-05,0.00015494756775902939
2025-06-30,UPS,Industrials,0.05,0.3163818722940655,0.7003677698721829,0.15411187017520786,0.007705593508760393,0.03438464879081992,50000.0,570336615.284907,8.766752591366226e-05,0.0008766752591366225
2025-06-30,WMT,Consumer Staples,0.05,0.23993154614621645,0.6101216772547791,0.11942438041163461,0.005971219020581731,0.02664535426665613,50000.0,1898578956.4258957,2.6335486249213347e-05,0.00026335486249213347
2025-06-30,RTX,Industrials,0.05,0.2652656322496855,0.48469887721257243,0.1012394837664911,0.005061974188324555,0.02258803354418521,50000.0,803783320.3878403,6.220581931940822e-05,0.0006220581931940821
2025-06-30,NEE,Utilities,0.05,0.28893914734614234,0.321244961710841,0.06615317453790634,0.003307658726895317,0.014759756469749509,50000.0,925836799.6123377,5.400519834698273e-05,0.0005400519834698272
2025-06-30,UNH,Health Care,0.05,0.4444234136201203,0.19295404336933758,0.04735594414686924,0.0023677972073434623,0.010565814987492978,50000.0,5970721801.092174,8.374196900423986e-06,8.374196900423985e-05
2025-07-31,TSLA,Consumer Discretionary,0.05,0.7257526843480987,2.3286570572884795,0.46470387313935696,0.02323519365696785,0.1139344472751862,50000.0,34725544075.38396,1.4398622492842009e-06,1.4398622492842009e-05
2025-07-31,AVGO,Information Technology,0.05,0.6033981943618348,1.9342435037967929,0.35168756745550644,0.017584378372775322,0.08622551032532876,50000.0,5387915657.191188,9.280026485430518e-06,9.280026485430517e-05
2025-07-31,QCOM,Information Technology,0.05,0.41263475256033194,1.5246303418471128,0.30154189547520266,0.015077094773760133,0.07393097233983326,50000.0,1270684727.6379395,3.9348863579201425e-05,0.00039348863579201425
2025-07-31,TXN,Information Technology,0.05,0.412728815251582,1.4004645249544347,0.2891068062078833,0.014455340310394166,0.0708821812615098,50000.0,1356543605.1547496,3.6858380231939676e-05,0.0003685838023193967
2025-07-31,ORCL,Information Technology,0.05,0.4375711587395111,1.3998784285446706,0.2569454943366726,0.01284727471683363,0.0629969848956245,50000.0,2670441894.4200387,1.8723492956156943e-05,0.00018723492956156945
2025-07-31,GS,Financials,0.05,0.34181647098779433,1.353979015948833,0.2552952626228389,0.012764763131141946,0.06259238693752821,50000.0,1432638655.4388428,3.490063583736271e-05,0.00034900635837362706
2025-07-31,META,Communication Services,0.05,0.37002756165883915,1.325657525236546,0.22904267090501956,0.01145213354525098,0.056155869620157145,50000.0,8595994619.942017,5.816662551649814e-06,5.8166625516498135e-05
2025-07-31,WFC,Financials,0.05,0.3333778518069122,1.067572035162327,0.20984805098736323,0.010492402549368162,0.05144980079356996,50000.0,1331040030.4845302,3.7564610270811175e-05,0.0003756461027081117
2025-07-31,NKE,Consumer Discretionary,0.05,0.39954043732307265,0.961008236413586,0.20945074376628817,0.01047253718831441,0.051352390418386684,50000.0,1135901859.8752594,4.401788725435384e-05,0.0004401788725435384
2025-07-31,COP,Energy,0.05,0.33690903151905877,0.8913215800522502,0.1954230026017,0.009771150130085001,0.047913118597152166,50000.0,709557713.3635203,7.046643149432444e-05,0.0007046643149432444
2025-07-31,PLD,Real Estate,0.05,0.29178354647734717,0.8582156591886811,0.18433485029492333,0.009216742514746168,0.045194564745123414,50000.0,470244922.2780482,0.0001063275702325092,0.001063275702325092
2025-07-31,TMO,Health Care,0.05,0.2986252239072599,0.8143898777535847,0.1720920761416866,0.00860460380708433,0.042192924804313914,50000.0,1245029862.5625103,4.015967930045502e-05,0.00040159679300455015
2025-07-31,LLY,Health Care,0.05,0.3874806265746831,0.7485953745513416,0.16739434045768323,0.008369717022884162,0.04104115063254725,50000.0,2827763772.5768027,1.7681816453302056e-05,0.00017681816453302054
2025-07-31,EOG,Energy,0.05,0.2947020574281895,0.7458975340204025,0.1652659997631246,0.00826329998815623,0.04051933161044691,50000.0,427037441.24176025,0.00011708575214062628,0.0011708575214062628
2025-07-31,UPS,Industrials,0.05,0.3160537640317591,0.7279053491922187,0.16508030924075984,0.008254015462037993,0.040473804666832376,50000.0,575310067.1721777,8.690965594564522e-05,0.0008690965594564521
2025-07-31,UNP,Industrials,0.05,0.23968086309143863,0.6927331231176839,0.15322572099656256,0.007661286049828128,0.03756733877027527,50000.0,845173338.4790548,5.915946199862184e-05,0.0005915946199862184
2025-07-31,COST,Consumer Staples,0.05,0.21847300869489178,0.5812945609972321,0.1091594644110268,0.00545797322055134,0.02676333028710531,50000.0,2053760704.9053955,2.434558217058847e-05,0.00024345582170588468
2025-07-31,NEE,Utilities,0.05,0.2851711145219042,0.3306555497734714,0.07583711472187483,0.0037918557360937417,0.018593474787309477,50000.0,885044662.7056503,5.649432407981097e-05,0.0005649432407981097
2025-07-31,UNH,Health Care,0.05,0.45360768870572604,0.22175944979001425,0.07127546219235499,0.00356377310961775,0.017475065000661455,50000.0,5974980841.144155,8.3682276695678e-06,8.368227669567798e-05
2025-07-31,PEP,Consumer Staples,0.05,0.21448314548400596,0.19024695248746434,0.05198440584010501,0.002599220292005251,0.012745352231108202,50000.0,1322485031.4836884,3.780761128457181e-05,0.0003780761128457181
2025-08-29,TSLA,Consumer Discretionary,0.05,0.7112624172943071,2.297731007810191,0.4450526963485082,0.022252634817425412,0.10865496533118812,50000.0,31545814944.45592,1.584996301031917e-06,1.5849963010319166e-05
2025-08-29,AVGO,Information Technology,0.05,0.5756906185138569,1.8726701773354424,0.3303693491052158,0.016518467455260793,0.08065622446067613,50000.0,5603647267.241719,8.922760055275835e-06,8.922760055275833e-05
2025-08-29,QCOM,Information Technology,0.05,0.3779977633416012,1.4414390346967647,0.2793474923567969,0.013967374617839846,0.06819977127745325,50000.0,1239537208.1764476,4.033763542569068e-05,0.0004033763542569068
2025-08-29,TXN,Information Technology,0.05,0.4022134228800458,1.3535280060510815,0.2739942521334412,0.01369971260667206,0.06689283361445174,50000.0,1278265698.3843486,3.9115498493933626e-05,0.0003911549849393362
2025-08-29,ORCL,Information Technology,0.05,0.4455872698281565,1.4251234676417537,0.25808856891610027,0.012904428445805013,0.06300962725994914,50000.0,3110373447.6156106,1.607524010929608e-05,0.0001607524010929608
2025-08-29,GS,Financials,0.05,0.3366227962485924,1.3880946717738185,0.25221569688707507,0.012610784844353753,0.061575826921374074,50000.0,1409118085.4798381,3.548318662234316e-05,0.0003548318662234316
2025-08-29,META,Communication Services,0.05,0.3659196409095455,1.3760663440707595,0.23543021041575865,0.011771510520787933,0.05747782579572799,50000.0,8637170162.546183,5.7889330717157386e-06,5.788933071715739e-05
2025-08-29,AMZN,Consumer Discretionary,0.05,0.337600879818392,1.3234909056031312,0.23422719918523927,0.011711359959261964,0.057184123174403446,50000.0,9282676332.14231,5.38637761470465e-06,5.38637761470465e-05
2025-08-29,NKE,Consumer Discretionary,0.05,0.3933704337500559,0.9390250164693973,0.20533709721905924,0.010266854860952962,0.050130906660259066,50000.0,1060870904.364624,4.713108804689668e-05,0.0004713108804689668
2025-08-29,WFC,Financials,0.05,0.3273545899645867,1.0671003738049916,0.2042766514621678,0.010213832573108391,0.04987200990961358,50000.0,1325104262.5351334,3.7732879905119406e-05,0.00037732879905119404
2025-08-29,DIS,Communication Services,0.05,0.2952913727550289,0.9996579322167362,0.19834121970413704,0.009917060985206852,0.04842293626690621,50000.0,1004856456.9933828,4.9758350709716605e-05,0.000497583507097166
2025-08-29,PLD,Real Estate,0.05,0.2921705543715096,0.8444935832802152,0.17830145644921963,0.008915072822460983,0.04353043746940833,50000.0,421778361.5524928,0.00011854567364707543,0.0011854567364707543
2025-08-29,TMO,Health Care,0.05,0.30331994857738986,0.8385022065605313,0.1730352578555677,0.008651762892778385,0.04224475011077623,50000.0,1163812688.8208008,4.296223995517787e-05,0.0004296223995517787
2025-08-29,UPS,Industrials,0.05,0.3164161115785426,0.7351013948046022,0.16351408417905552,0.008175704208952776,0.03992025504710956,50000.0,639690132.2755305,7.816284397281237e-05,0.0007816284397281237
2025-08-29,EOG,Energy,0.05,0.2914707980677918,0.7837333623638515,0.15885193335451064,0.007942596667725533,0.03878203963943789,50000.0,398652979.0342967,0.00012542236639274788,0.0012542236639274788
2025-08-29,APD,Materials,0.05,0.2533889359597253,0.7919108786578383,0.15814123610306124,0.007907061805153062,0.03860853033177439,50000.0,289126906.15285236,0.00017293444136799418,0.0017293444136799417
2025-08-29,LLY,Health Care,0.05,0.3994038801478658,0.6601345752769139,0.14797770520434184,0.007398885260217092,0.03612721046447927,50000.0,3252718566.1990356,1.5371757187842875e-05,0.00015371757187842877
2025-08-29,UNH,Health Care,0.05,0.4775512283749007,0.2399336118322318,0.07947845607257432,0.003973922803628716,0.019403834557109447,50000.0,4683842880.756251,1.067499514243463e-05,0.00010674995142434628
2025-08-29,NEE,Utilities,0.05,0.2855997450352638,0.316428427711944,0.07038734285217778,0.003519367142608889,0.017184334259979287,50000.0,759800115.6172053,6.580678124717539e-05,0.0006580678124717539
2025-08-29,PEP,Consumer Staples,0.05,0.2165585897953986,0.20003267868832875,0.0496501177806083,0.002482505889030415,0.012121557447922841,50000.0,1335968182.3342896,3.7426041024896856e-05,0.00037426041024896854
2025-09-30,TSLA,Consumer Discretionary,0.05,0.7071664990309527,2.2882579224785533,0.4420417216147531,0.022102086080737656,0.10776492050351243,50000.0,30988643744.535824,1.6134942984981851e-06,1.613494298498185e-05
2025-09-30,AVGO,Information Technology,0.05,0.5704913635316333,1.7683730438839051,0.3310005346130245,0.016550026730651226,0.08069429774386755,50000.0,6915022741.335246,7.230634210516757e-06,7.230634210516757e-05
2025-09-30,NVDA,Information Technology,0.05,0.49574914093530675,1.8462588142394663,0.31572044885453676,0.015786022442726838,0.07696918052860754,50000.0,30508647581.777546,1.6388795952353001e-06,1.6388795952352998e-05
2025-09-30,ORCL,Information Technology,0.05,0.5762753669181909,1.4601996536606079,0.30213574042790975,0.015106787021395488,0.07365737770078598,50000.0,5498632839.165013,9.093169422745577e-06,9.093169422745577e-05
2025-09-30,QCOM,Information Technology,0.05,0.36634757808551655,1.3973001524714956,0.26865906989271177,0.013432953494635589,0.06549613281700105,50000.0,1218061293.583196,4.104883741352126e-05,0.00041048837413521264
2025-09-30,TXN,Information Technology,0.05,0.39648647478064936,1.3081093648450939,0.2590998191840479,0.012954990959202396,0.06316569240307536,50000.0,1357865612.0576477,3.682249521308097e-05,0.00036822495213080975
2025-09-30,GS,Financials,0.05,0.3303135028543772,1.385995004153779,0.24995020393692363,0.012497510196846182,0.06093511661909225,50000.0,1351822068.1166584,3.6987116262763316e-05,0.0003698711626276331
2025-09-30,META,Communication Services,0.05,0.36345908300333507,1.36498825367285,0.22833571960451335,0.011416785980225668,0.05566574254893012,50000.0,8604827015.093689,5.810692058340653e-06,5.8106920583406525e-05
2025-09-30,AAPL,Information Technology,0.05,0.3250631630463473,1.2515919878629511,0.20899436929435175,0.010449718464717588,0.05095053360668084,50000.0,12624432116.417261,3.9605741897077664e-06,3.9605741897077664e-05
2025-09-30,WFC,Financials,0.05,0.31501578469461766,1.0703788954070768,0.20021656008674696,0.01001082800433735,0.04881060005471415,50000.0,1258939097.8097408,3.971597997630568e-05,0.00039715979976305673
2025-09-30,NKE,Consumer Discretionary,0.05,0.38817138556751707,0.9712097796656767,0.19197505879288793,0.009598752939644397,0.04680141248635981,50000.0,891479276.2619528,5.6086553362916285e-05,0.0005608655336291628
2025-09-30,BAC,Financials,0.05,0.2770314553999922,0.9965702630359679,0.18604407244829116,0.009302203622414558,0.04535550310568392,50000.0,1814255205.367667,2.7559518557295402e-05,0.00027559518557295404
2025-09-30,TMO,Health Care,0.05,0.30898444957344834,0.8627893474294553,0.1666674625714465,0.008333373128572324,0.04063169826803656,50000.0,1138890879.4408672,4.390236229176517e-05,0.0004390236229176517
2025-09-30,EOG,Energy,0.05,0.2942564881979206,0.7671945006334236,0.15608731462701161,0.007804365731350581,0.03805237431195736,50000.0,354929807.1573766,0.00014087292470713766,0.0014087292470713764
2025-09-30,UPS,Industrials,0.05,0.31568927691347815,0.7489618075418496,0.15147113353246297,0.0075735566766231485,0.03692700002179613,50000.0,722735040.6802496,6.918164636509006e-05,0.0006918164636509005
2025-09-30,LLY,Health Care,0.05,0.40236443691386375,0.6667660851626988,0.1452930024537188,0.00726465012268594,0.03542083946724696,50000.0,3323687470.5396523,1.5043532354707744e-05,0.00015043532354707743
2025-09-30,RTX,Industrials,0.05,0.2587299282372332,0.5423650659862962,0.10774193206057685,0.005387096603028843,0.026266300612958683,50000.0,680743410.7719167,7.344911343806236e-05,0.0007344911343806236
2025-09-30,UNH,Health Care,0.05,0.4874686605476037,0.2708089266585406,0.08232458156486208,0.004116229078243105,0.02006982950707564,50000.0,4894927858.1827545,1.0214655138668895e-05,0.00010214655138668895
2025-09-30,NEE,Utilities,0.05,0.28535051586632537,0.31311995246203383,0.06313808327220082,0.0031569041636100408,0.015392371787255709,50000.0,707902537.3241552,7.063119195616689e-05,0.0007063119195616688
2025-09-30,PEP,Consumer Staples,0.05,0.21808626552661028,0.21017178145760246,0.04501054092511813,0.0022505270462559067,0.010973075905361692,50000.0,1219145898.7161763,4.101231858521001e-05,0.0004101231858521001
2025-10-31,TSLA,Consumer Discretionary,0.05,0.6774689444836219,2.317424707357023,0.4457945147204458,0.02228972573602229,0.10394563446565144,50000.0,35002360680.70414,1.4284750807554433e-06,1.4284750807554433e-05
2025-10-31,AVGO,Information Technology,0.05,0.579135883193533,1.7893333155428806,0.35255200418310134,0.01762760020915507,0.08220433528647171,50000.0,7866655114.537557,6.355941537032701e-06,6.355941537032701e-05
2025-10-31,NVDA,Information Technology,0.05,0.4951551124061762,1.8341361370745248,0.3268315030036873,0.016341575150184365,0.07620710175042139,50000.0,32537423664.27963,1.536692041628705e-06,1.536692041628705e-05
2025-10-31,ORCL,Information Technology,0.05,0.5924287937575493,1.4327702358880803,0.3224075385007284,0.01612037692503642,0.07517556865180992,50000.0,6793479001.779175,7.359999197304544e-06,7.359999197304544e-05
2025-10-31,QCOM,Information Technology,0.05,0.38771931039916946,1.4401330827618595,0.2807885404346664,0.01403942702173332,0.06547129231607617,50000.0,1504529465.2914684,3.323298157561417e-05,0.00033232981575614164
2025-10-31,TXN,Information Technology,0.05,0.40056956295511525,1.3134106910132568,0.25964458197602264,0.012982229098801132,0.06054116844840735,50000.0,1350177043.5892487,3.7032180510996023e-05,0.0003703218051099602
2025-10-31,GS,Financials,0.05,0.33405762622282437,1.3709658500784347,0.250906608853485,0.01254533044267425,0.058503740597291784,50000.0,1423684210.0610352,3.5120147885784614e-05,0.0003512014788578461
2025-10-31,META,Communication Services,0.05,0.3828570172546076,1.3903184541753395,0.23779816289653638,0.01188990814482682,0.0554472522672185,50000.0,9804234198.353476,5.09983737520234e-06,5.0998373752023385e-05
2025-10-31,CAT,Industrials,0.05,0.3216247694732481,1.1072216563718125,0.21119597542189308,0.010559798771094656,0.04924443647671909,50000.0,1416060416.4672852,3.5309227924566546e-05,0.0003530922792456655
2025-10-31,WFC,Financials,0.05,0.3229424294012174,1.0595083944490837,0.19828050048196924,0.009914025024098463,0.0462329430807147,50000.0,1197373440.3823726,4.175806670977507e-05,0.00041758066709775065
2025-10-31,COP,Energy,0.05,0.336855314759741,0.9336261185047234,0.19746803306553198,0.0098734016532766,0.0460435005499173,50000.0,605577731.1800385,8.256578375590067e-05,0.0008256578375590067
2025-10-31,NKE,Consumer Discretionary,0.05,0.3946405578654119,0.9937297219413058,0.19364743237262125,0.009682371618631063,0.04515265342203473,50000.0,957185818.0865988,5.223646135914269e-05,0.0005223646135914269
2025-10-31,EOG,Energy,0.05,0.2906106924691619,0.7899191034395859,0.16751482713829446,0.008375741356914724,0.039059329835435835,50000.0,388199197.0645523,0.00012879985424515362,0.001287998542451536
2025-10-31,NFLX,Communication Services,0.05,0.3281671582965162,0.8666599159793416,0.15362743860915218,0.00768137193045761,0.03582121594200237,50000.0,4098794729.2466483,1.2198707986820778e-05,0.00012198707986820777
2025-10-31,APD,Materials,0.05,0.24078842292392508,0.8207390315950763,0.14976374971865297,0.007488187485932649,0.034920321965429595,50000.0,276613697.89042157,0.00018075749820533878,0.0018075749820533876
2025-10-31,UPS,Industrials,0.05,0.32264903609694506,0.7557440271914254,0.14647497174638308,0.007323748587319154,0.03415347961619471,50000.0,726867913.8949966,6.878828882687894e-05,0.0006878828882687894
2025-10-31,LLY,Health Care,0.05,0.41299372953267766,0.6452508180330809,0.14027046927398568,0.0070135234636992845,0.03270677956776213,50000.0,3103301390.2345786,1.6111873683084486e-05,0.00016111873683084482
2025-10-31,RTX,Industrials,0.05,0.2733134813193395,0.5597150093077653,0.11328701693390089,0.005664350846695045,0.026415064481669925,50000.0,727378829.9198405,6.873997144721708e-05,0.0006873997144721707
2025-10-31,UNH,Health Care,0.05,0.48426564731176613,0.2888873067230714,0.07673372777555675,0.0038366863887778374,0.017891956395081707,50000.0,4279193813.771337,1.1684443887325128e-05,0.00011684443887325127
2025-10-31,NEE,Utilities,0.05,0.28496389023415264,0.3215310178898801,0.06374003452622133,0.003187001726311067,0.014862224883689748,50000.0,780463519.7222137,6.406449338951325e-05,0.0006406449338951325
2025-11-28,TSLA,Consumer Discretionary,0.05,0.6522838175356162,2.2753339133955754,0.43079448392411307,0.021539724196205656,0.10300757152104552,50000.0,38396446743.82105,1.3022038297865739e-06,1.3022038297865738e-05
2025-11-28,AVGO,Information Technology,0.05,0.5902300126172536,1.8128973662524948,0.360759641895065,0.01803798209475325,0.08626149127053073,50000.0,8655932741.911417,5.776384994063496e-06,5.776384994063496e-05
2025-11-28,NVDA,Information Technology,0.05,0.49641680552311385,1.8416067187052203,0.328581245415737,0.016429062270786852,0.07856729229522347,50000.0,35565596549.14772,1.4058529829776798e-06,1.40585298297768e-05
2025-11-28,ORCL,Information Technology,0.05,0.6017391566630884,1.4137049959001216,0.3175871663061917,0.015879358315309587,0.0759384903201638,50000.0,7669486003.179703,6.5193417106792335e-06,6.519341710679234e-05
2025-11-28,QCOM,Information Technology,0.05,0.38458003213415365,1.4511496753680715,0.28229807210900537,0.01411490360545027,0.06750049022945252,50000.0,1720722520.62706,2.9057561228279368e-05,0.0002905756122827937
2025-11-28,TXN,Information Technology,0.05,0.39595292858489306,1.2901588913218038,0.2531259082279527,0.012656295411397636,0.06052511364145857,50000.0,1366636216.6010284,3.658618101337559e-05,0.0003658618101337559
2025-11-28,META,Communication Services,0.05,0.3832245922652961,1.3835050421582924,0.24604366821725832,0.012302183410862916,0.0588316742599104,50000.0,11708323439.856668,4.2704662419722234e-06,4.270466241972223e-05
2025-11-28,GS,Financials,0.05,0.31069854644003936,1.3198415330284468,0.23953741470161663,0.011976870735080832,0.05727595941360662,50000.0,1545546246.8495686,3.235102158988751e-05,0.00032351021589887506
2025-11-28,CAT,Industrials,0.05,0.31208216495584257,1.0922622280359708,0.2069964469977007,0.010349822349885036,0.04949506577821918,50000.0,1480967804.0993245,3.3761706271804025e-05,0.00033761706271804025
2025-11-28,NKE,Consumer Discretionary,0.05,0.3973043169547858,1.025321892394822,0.2054714416147451,0.010273572080737255,0.04913042067036202,50000.0,1031108696.991094,4.849149284251636e-05,0.00048491492842516354
2025-11-28,WFC,Financials,0.05,0.2915420362757445,1.0137472621134125,0.18597181073792454,0.009298590536896228,0.044467850240300734,50000.0,1263064872.239011,3.958624857594682e-05,0.00039586248575946816
2025-11-28,NFLX,Communication Services,0.05,0.3335187142344686,0.8614468901012109,0.16037886560226683,0.008018943280113341,0.03834830315956362,50000.0,4393270442.203076,1.1381043042487202e-05,0.00011381043042487202
2025-11-28,EOG,Energy,0.05,0.2807966397603503,0.7778498781473301,0.15117281624196563,0.007558640812098282,0.03614703823325935,50000.0,425820027.3309326,0.00011742049878067789,0.001174204987806779
2025-11-28,APD,Materials,0.05,0.2573534623615386,0.7907778835505859,0.14962667956399436,0.007481333978199719,0.03577734040661426,50000.0,317171739.8190053,0.00015764330084556903,0.0015764330084556903
2025-11-28,UPS,Industrials,0.05,0.3261844395613729,0.7596035421765825,0.14887623398810937,0.007443811699405469,0.03559790083806063,50000.0,692305571.3296763,7.222244348542152e-05,0.0007222244348542151
2025-11-28,LLY,Health Care,0.05,0.40540736514407966,0.6441676454142712,0.14813093871005198,0.007406546935502599,0.035419692760836695,50000.0,3345248917.2202554,1.4946570864313336e-05,0.00014946570864313334
2025-11-28,RTX,Industrials,0.05,0.26908150852036256,0.552366382925903,0.10944254763827094,0.005472127381913547,0.02616888440772259,50000.0,778442121.0969034,6.423085113835434e-05,0.0006423085113835432
2025-11-28,WMT,Consumer Staples,0.05,0.2516443131762341,0.5790857579066772,0.1014275034895379,0.005071375174476895,0.024252401573786418,50000.0,1759802944.1320164,2.8412272048255598e-05,0.000284122720482556
2025-11-28,ABBV,Health Care,0.05,0.25974556480394134,0.3984851559031355,0.08189553791125709,0.004094776895562854,0.01958209957055609,50000.0,1361922945.2569072,3.671279654559915e-05,0.00036712796545599144
2025-11-28,UNH,Health Care,0.05,0.4821561213330002,0.2682421078739888,0.07404486395740906,0.003702243197870453,0.017704919409326676,50000.0,3441567294.023285,1.4528264516818048e-05,0.00014528264516818049
2025-12-31,TSLA,Consumer Discretionary,0.05,0.6341728281847907,2.2393979765534344,0.4295535070263919,0.021477675351319597,0.10192228338289111,50000.0,35697356589.02369,1.4006639364264335e-06,1.4006639364264334e-05
2025-12-31,AVGO,Information Technology,0.05,0.5295511626309529,1.8110287655553121,0.34378852233657137,0.01718942611682857,0.08157240163149353,50000.0,10242984096.627298,4.881389986387216e-06,4.881389986387216e-05
2025-12-31,NVDA,Information Technology,0.05,0.49483790376301856,1.867150011952763,0.33066211542064716,0.01653310577103236,0.07845783419437616,50000.0,34777787812.68216,1.437699265672294e-06,1.437699265672294e-05
2025-12-31,ORCL,Information Technology,0.05,0.614665581158784,1.4486306515359124,0.31520455756195226,0.015760227878097614,0.07479014305296838,50000.0,5905331848.817393,8.466924684344885e-06,8.466924684344884e-05
2025-12-31,QCOM,Information Technology,0.05,0.3821068809640697,1.4657762141895871,0.2794922990425801,0.013974614952129006,0.06631651899097026,50000.0,1745084196.8722026,2.865191266393758e-05,0.00028651912663937574
2025-12-31,TXN,Information Technology,0.05,0.39937069851586926,1.3181750933390897,0.2540385901868894,0.01270192950934447,0.06027699170345141,50000.0,1300789201.2663524,3.843820347779924e-05,0.00038438203477799234
2025-12-31,META,Communication Services,0.05,0.3791136578816934,1.3852200263774532,0.2482284210684281,0.012411421053421405,0.058898384163976816,50000.0,11941400735.667826,4.187113480804204e-06,4.187113480804204e-05
2025-12-31,GS,Financials,0.05,0.31074125580508893,1.322748806553685,0.23722989867188174,0.011861494933594088,0.05628871040236789,50000.0,1705360477.7979534,2.9319314391853678e-05,0.0002931931439185368
2025-12-31,CAT,Industrials,0.05,0.31877262450575705,1.127825153037341,0.20940548980762716,0.010470274490381359,0.049686675408274025,50000.0,1526145602.0419312,3.276227375232199e-05,0.00032762273752321987
2025-12-31,NKE,Consumer Discretionary,0.05,0.4196760152725939,1.0172015476068794,0.2049939511491371,0.010249697557456855,0.0486399278297993,50000.0,1091133425.3292274,4.5823910109722386e-05,0.00045823910109722384
2025-12-31,GOOGL,Communication Services,0.05,0.3225721038094928,1.0334001690221906,0.18866984682438231,0.009433492341219117,0.044766626926083686,50000.0,10405036524.494934,4.80536515967944e-06,4.805365159679439e-05
2025-12-31,WFC,Financials,0.05,0.2899359640058861,1.0116274219967178,0.1851251349104497,0.009256256745522487,0.043925555612981004,50000.0,1266212538.457756,3.9487841481099126e-05,0.00039487841481099126
2025-12-31,NFLX,Communication Services,0.05,0.3383838509897214,0.8136813831111794,0.1531245101604285,0.007656225508021425,0.03633260923761634,50000.0,4657131756.872825,1.0736221908734239e-05,0.00010736221908734239
2025-12-31,APD,Materials,0.05,0.276942454184287,0.7900165228895938,0.14735011739296217,0.007367505869648109,0.034962490529742166,50000.0,377636688.94325256,0.00013240238955572852,0.0013240238955572851
2025-12-31,EOG,Energy,0.05,0.286347314237367,0.7689893262316609,0.1446542293212949,0.007232711466064745,0.0343228238444178,50000.0,418655698.2858658,0.00011942988045957298,0.0011942988045957298
2025-12-31,UPS,Industrials,0.05,0.32553509034363143,0.7610743780326555,0.1439596171871376,0.0071979808593568805,0.03415800979070686,50000.0,637399161.5418625,7.844378062727676e-05,0.0007844378062727675
2025-12-31,LLY,Health Care,0.05,0.40232383855137316,0.6262893335218945,0.1344475404907841,0.006722377024539206,0.03190103234611118,50000.0,3356991694.710795,1.4894287667967407e-05,0.00014894287667967406
2025-12-31,WMT,Consumer Staples,0.05,0.2503226668417482,0.5566047760588736,0.10169751691412962,0.005084875845706481,0.024130272407766506,50000.0,2030251868.3573406,2.4627486263787838e-05,0.0002462748626378784
2025-12-31,COST,Consumer Staples,0.05,0.21611563302661124,0.46089914162120676,0.08179149106581056,0.004089574553290528,0.019407071282988176,50000.0,2345476399.537557,2.1317630827518958e-05,0.00021317630827518956
2025-12-31,UNH,Health Care,0.05,0.4727216424431968,0.30643273663334825,0.0811026951030934,0.00405513475515467,0.019243637261017226,50000.0,2558144789.210154,1.9545414399877603e-05,0.00019545414399877603
2026-01-30,TSLA,Consumer Discretionary,0.05,0.6234458908183702,2.2067049138067696,0.4035235910469922,0.020176179552349613,0.09761842447138493,50000.0,32734741744.0152,1.5274291879556788e-06,1.527429187955679e-05
2026-01-30,AVGO,Information Technology,0.05,0.5040427978359538,1.7653225316966277,0.32223142068981436,0.016111571034490717,0.0779526260690234,50000.0,10609217947.546234,4.712882725871827e-06,4.712882725871827e-05
2026-01-30,ORCL,Information Technology,0.05,0.5992847480371638,1.3889925894646826,0.29975847635669395,0.014987923817834698,0.07251608290846039,50000.0,5291662907.6305895,9.448825609790808e-06,9.448825609790806e-05
2026-01-30,NVDA,Information Technology,0.05,0.441643886775146,1.7599745740032036,0.2996747908185787,0.014983739540928935,0.07249583811840819,50000.0,33563308875.633694,1.4897220111780762e-06,1.489722011178076e-05
2026-01-30,QCOM,Information Technology,0.05,0.3860170630342809,1.472195999047714,0.2817867541290348,0.014089337706451741,0.06816845306022891,50000.0,1522156768.3165996,3.284812776235693e-05,0.00032848127762356925
2026-01-30,TXN,Information Technology,0.05,0.4105681627369277,1.3305406439980576,0.2603748549578705,0.013018742747893525,0.06298859267931305,50000.0,1358649565.0871277,3.6801248301870685e-05,0.0003680124830187068
2026-01-30,META,Communication Services,0.05,0.39389089906090946,1.4153466678952464,0.2442222286973685,0.012211111434868426,0.059081029499341006,50000.0,11640451177.44578,4.295366153579909e-06,4.295366153579908e-05
2026-01-30,GS,Financials,0.05,0.3140718821950258,1.3192460754421267,0.2329467290957567,0.011647336454787835,0.05635331659566373,50000.0,1920251865.4815674,2.603825097051049e-05,0.0002603825097051049
2026-01-30,NKE,Consumer Discretionary,0.05,0.419717893283649,1.0671515514741323,0.22194546723824268,0.011097273361912135,0.053691945926005416,50000.0,1150671953.2266998,4.345287104616622e-05,0.0004345287104616622
2026-01-30,CAT,Industrials,0.05,0.32457942156404523,1.1431926485441573,0.20804090742076828,0.010402045371038414,0.0503282238228486,50000.0,1484606140.3482056,3.36789661857877e-05,0.000336789661857877
2026-01-30,DIS,Communication Services,0.05,0.3007655730756154,1.0849883927888055,0.20106650056780923,0.010053325028390462,0.048641009930739366,50000.0,1228174349.5622635,4.071083231612891e-05,0.0004071083231612891
2026-01-30,COP,Energy,0.05,0.3481703317903698,1.0058304321176061,0.19901057744265055,0.009950528872132528,0.04814365121178183,50000.0,731756805.8753967,6.832871194164743e-05,0.0006832871194164743
2026-01-30,EOG,Energy,0.05,0.29159790391688234,0.7873460263225294,0.1614287385662686,0.008071436928313431,0.039052039268274386,50000.0,442677194.63306427,0.00011294912095357672,0.0011294912095357673
2026-01-30,APD,Materials,0.05,0.28302684731889327,0.8329468313876611,0.15865432507697463,0.007932716253848731,0.038380866926269984,50000.0,417701622.39812213,0.00011970267128228608,0.0011970267128228608
2026-01-30,LLY,Health Care,0.05,0.4006611926404174,0.6606897008118646,0.14049495255585623,0.007024747627792812,0.03398784165034727,50000.0,3554755042.6045737,1.406566680424903e-05,0.0001406566680424903
2026-01-30,NFLX,Communication Services,0.05,0.3232565821254999,0.7651458796095394,0.13504901276582995,0.006752450638291498,0.03267038692436947,50000.0,4398159373.202705,1.1368392037960733e-05,0.00011368392037960731
2026-01-30,LOW,Consumer Discretionary,0.05,0.25007131103403074,0.6490496601583459,0.12495098812193864,0.006247549406096932,0.0302275229186933,50000.0,762909206.1530813,6.553859829811421e-05,0.0006553859829811421
2026-01-30,WMT,Consumer Staples,0.05,0.2514870554225118,0.575250910175243,0.10373108166702703,0.005186554083351352,0.025094108462839566,50000.0,3289313156.9483185,1.520074180057329e-05,0.0001520074180057329
2026-01-30,UNH,Health Care,0.05,0.5102995187952886,0.28670164847158197,0.08850067014925532,0.004425033507462766,0.0214096428965065,50000.0,2750483398.4521484,1.8178622720696227e-05,0.00018178622720696228
2026-01-30,ABT,Health Care,0.05,0.23510709565757273,0.23355284444592703,0.046290618379474624,0.0023145309189737313,0.011198396659500903,50000.0,974365352.6461664,5.1315453555702455e-05,0.0005131545355570245
2026-02-27,TSLA,Consumer Discretionary,0.05,0.606708320349831,2.17051702913329,0.4039784764516569,0.020198923822582846,0.10103373121992588,50000.0,29233072178.046673,1.7103915625244748e-06,1.7103915625244748e-05
2026-02-27,AVGO,Information Technology,0.05,0.5014514169138156,1.7649535805601269,0.30959522701143605,0.015479761350571802,0.077428780928106,50000.0,10568103194.123941,4.7312179945215635e-06,4.731217994521563e-05
2026-02-27,ORCL,Information Technology,0.05,0.6170964238522397,1.413060677222172,0.29557378044448235,0.014778689022224118,0.07392206176771113,50000.0,5128012648.152339,9.750365966436407e-06,9.750365966436406e-05
2026-02-27,QCOM,Information Technology,0.05,0.3933994271965793,1.4813101487344043,0.2840819159388371,0.014204095796941854,0.07104798302995909,50000.0,1511205602.2764587,3.3086166385752345e-05,0.0003308616638575235
2026-02-27,TXN,Information Technology,0.05,0.40894350183395894,1.2973369721428358,0.253190366553451,0.01265951832767255,0.06332210484708105,50000.0,1556024664.026413,3.213316675239491e-05,0.00032133166752394915
2026-02-27,GS,Financials,0.05,0.32884843527402835,1.3612625696079688,0.24001944855334342,0.012000972427667171,0.060028100174280626,50000.0,2165830195.5710855,2.3085835677351435e-05,0.00023085835677351434
2026-02-27,NKE,Consumer Discretionary,0.05,0.41555202978286093,1.0716106217615324,0.22531725896027974,0.011265862948013988,0.05635112934965368,50000.0,1160422380.2605438,4.3087759121617206e-05,0.0004308775912161721
2026-02-27,AMZN,Consumer Discretionary,0.05,0.3524348396906966,1.3119731232953915,0.22507221465083563,0.011253610732541781,0.05628984454776322,50000.0,10633168418.960623,4.702267285717217e-06,4.7022672857172165e-05
2026-02-27,CAT,Industrials,0.05,0.3345314025774875,1.170199146645697,0.2184506076750496,0.010922530383752481,0.0546338017176804,50000.0,1844890956.3589478,2.710187278422099e-05,0.0002710187278422099
2026-02-27,WFC,Financials,0.05,0.303383045109117,1.038893300203623,0.1886719187972801,0.009433595939864006,0.04718624640586071,50000.0,1395424094.3404388,3.583140079262642e-05,0.0003583140079262642
2026-02-27,GOOGL,Communication Services,0.05,0.309928299523779,0.9856729474260902,0.17524774247356217,0.00876238712367811,0.04382890263236956,50000.0,11010042933.120932,4.541308358533974e-06,4.541308358533974e-05
2026-02-27,TMO,Health Care,0.05,0.32149431989636734,0.9079974195159248,0.17273748546598328,0.008636874273299164,0.04320109534415872,50000.0,1255184876.029765,3.9834769327490146e-05,0.0003983476932749014
2026-02-27,LLY,Health Care,0.05,0.4249909168192766,0.6527929920100439,0.15543187022421898,0.007771593511210949,0.03887301605070384,50000.0,3389752828.7434897,1.4750338011675604e-05,0.00014750338011675602
2026-02-27,APD,Materials,0.05,0.28218410368766483,0.7968478116071723,0.15535909015151603,0.007767954507575801,0.03885481398615767,50000.0,439732782.3376973,0.0001137054184002183,0.0011370541840021828
2026-02-27,EOG,Energy,0.05,0.297231414951823,0.7509602632567659,0.14847498624998828,0.007423749312499415,0.037133121510394725,50000.0,513888751.0806656,9.729732338926301e-05,0.0009729732338926301
2026-02-27,NFLX,Communication Services,0.05,0.36296133259800506,0.7736561497024168,0.13499890868867212,0.0067499454344336065,0.03376279740256611,50000.0,4571481190.29691,1.093737410669573e-05,0.0001093737410669573
2026-02-27,LOW,Consumer Discretionary,0.05,0.25418075696185694,0.6101498271703664,0.1257174001811743,0.006285870009058715,0.03144152166505981,50000.0,752094312.9391733,6.648102390855842e-05,0.0006648102390855841
2026-02-27,WMT,Consumer Staples,0.05,0.2527437524141607,0.525021119981353,0.10209566523052001,0.005104783261526,0.025533800934699733,50000.0,3751153473.9912543,1.332923335360087e-05,0.00013329233353600868
2026-02-27,UNH,Health Care,0.05,0.5092381606859393,0.27056791719548995,0.09852233804760274,0.004926116902380137,0.024640123179065835,50000.0,2759064265.2879333,1.812208603802929e-05,0.00018122086038029292
2026-02-27,COST,Consumer Staples,0.05,0.21944191064873975,0.4574224517061289,0.0859148210617736,0.004295741053088681,0.021487023306802366,50000.0,2457620962.6838174,2.03448785468521e-05,0.000203448785468521
2026-03-31,AVGO,Information Technology,0.05,0.4826150106639174,1.7365355445105397,0.2948473952241037,0.014742369761205186,0.08351057610945996,50000.0,8801398511.400656,5.680915360807017e-06,5.680915360807016e-05
2026-03-31,ORCL,Information Technology,0.05,0.6178725925733108,1.3645538428897983,0.2804062382827647,0.014020311914138234,0.07942036077979182,50000.0,4426479875.083135,1.1295657364546572e-05,0.00011295657364546572
2026-03-31,NVDA,Information Technology,0.05,0.41441328649821835,1.6990703690592932,0.2726774461550502,0.01363387230775251,0.07723131012623212,50000.0,33304322839.36132,1.5013066093902557e-06,1.5013066093902556e-05
2026-03-31,QCOM,Information Technology,0.05,0.3860621497191737,1.4409946877430286,0.26641157305040114,0.013320578652520058,0.0754566067329724,50000.0,1657232174.2126083,3.0170787640999203e-05,0.000301707876409992
2026-03-31,TXN,Information Technology,0.05,0.4087223532087149,1.3212009579346657,0.25312244996702304,0.012656122498351153,0.07169268565834692,50000.0,1604534807.4713898,3.1161679863334184e-05,0.0003116167986333418
2026-03-31,META,Communication Services,0.05,0.3990921031869037,1.4402302593939829,0.24914929545338774,0.012457464772669388,0.07056735632602099,50000.0,10222149633.521118,4.891339081560384e-06,4.8913390815603835e-05
2026-03-31,GS,Financials,0.05,0.3211416498110738,1.3325504149014056,0.23140553290089985,0.011570276645044994,0.06554173338646113,50000.0,2220066895.376892,2.2521843870615303e-05,0.00022521843870615301
2026-03-31,NKE,Consumer Discretionary,0.05,0.4121797117768933,1.125538978249969,0.22836242135612128,0.011418121067806064,0.06467982311563561,50000.0,962502764.4696363,5.1947902744519684e-05,0.0005194790274451968
2026-03-31,AMZN,Consumer Discretionary,0.05,0.3501621882099295,1.3129425590137362,0.22104674833757498,0.01105233741687875,0.0626077815161401,50000.0,11135500841.516365,4.490143794303849e-06,4.490143794303849e-05
2026-03-31,TMO,Health Care,0.05,0.32867855174982075,0.9509874225303426,0.1797107711814084,0.008985538559070421,0.05090005975134309,50000.0,1322640475.6011455,3.7803167922314485e-05,0.0003780316792231448
2026-03-31,WFC,Financials,0.05,0.29402242194855327,0.9994982589769128,0.17877592997005673,0.008938796498502837,0.050635281668187544,50000.0,1513734200.9233475,3.30308980067313e-05,0.00033030898006731303
2026-03-31,UPS,Industrials,0.05,0.3056159700388513,0.8565580376203586,0.17128626130788152,0.008564313065394076,0.04851395872289978,50000.0,710609423.1958008,7.036214039371532e-05,0.0007036214039371532
2026-03-31,HON,Industrials,0.05,0.2539491648987936,0.842022249374763,0.1586244306769462,0.00793122153384731,0.04492770770723074,50000.0,1003786340.0739423,4.9811397110979647e-05,0.0004981139711097964
2026-03-31,UNH,Health Care,0.05,0.5109554608502279,0.34793008584659785,0.12680018738483545,0.006340009369241773,0.035914024918709625,50000.0,2893619608.3303833,1.727939631596911e-05,0.00017279396315969108
2026-03-31,NFLX,Communication Services,0.05,0.34111122544408956,0.6507524959399796,0.11852187488546784,0.005926093744273392,0.03356933184278511,50000.0,4410847398.365682,1.1335690284485046e-05,0.00011335690284485047
2026-03-31,ABBV,Health Care,0.05,0.271175352513012,0.484376853512601,0.10095328223228091,0.005047664111614046,0.028593322837228447,50000.0,1644736086.5488179,3.0400013965107306e-05,0.000304000139651073
2026-03-31,WMT,Consumer Staples,0.05,0.2434878506463539,0.47593451694669253,0.08713911336091434,0.004356955668045718,0.02468069135529063,50000.0,3860865003.6841455,1.2950465751143488e-05,0.00012950465751143485
2026-03-31,ABT,Health Care,0.05,0.23143457711456736,0.2869783755235211,0.06004269313845942,0.003002134656922971,0.01700608510156631,50000.0,1280414679.895795,3.904984907238738e-05,0.0003904984907238738
2026-03-31,PG,Consumer Staples,0.05,0.1886651357884972,0.16101159215630903,0.03879623161693322,0.0019398115808466612,0.010988381466770638,50000.0,1784190217.6663716,2.802391780031022e-05,0.00028023917800310217
2026-03-31,SO,Utilities,0.05,0.1667532144329387,0.025802205895479696,0.012579459858767841,0.0006289729929383921,0.0035629208769270776,50000.0,572173274.4979095,8.738611575990811e-05,0.000873861157599081
2026-04-30,TSLA,Consumer Discretionary,0.05,0.47225762904782054,2.0680160968866654,0.25263470725756754,0.012631735362878378,0.09268377849308157,50000.0,24496163772.94459,2.041135929015292e-06,2.041135929015292e-05
2026-04-30,ORCL,Information Technology,0.05,0.6164341874863813,1.6204764423523519,0.2319619452896901,0.011598097264484505,0.08509958821348743,50000.0,4586247398.018112,1.0902159360527924e-05,0.00010902159360527924
2026-04-30,QCOM,Information Technology,0.05,0.37160831398435124,1.5112669296930366,0.20444338712556778,0.01022216935627839,0.07500388926135505,50000.0,1954474619.3846257,2.558232248405595e-05,0.00025582322484055944
2026-04-30,CAT,Industrials,0.05,0.33002565868230804,1.5453581882943854,0.19172285866766903,0.009586142933383453,0.07033712492519113,50000.0,2045302637.9803467,2.4446259967362568e-05,0.0002444625996736257
2026-04-30,NKE,Consumer Discretionary,0.05,0.388502866813935,1.130242621365898,0.1879140707962968,0.00939570353981484,0.06893979969134076,50000.0,1058739624.655056,4.7225964567341394e-05,0.0004722596456734139
2026-04-30,GS,Financials,0.05,0.26915296291994467,1.4712340551369623,0.16605827270503526,0.008302913635251763,0.06092159043153875,50000.0,2037464876.8308513,2.454030033527344e-05,0.00024540300335273437
2026-04-30,TXN,Information Technology,0.05,0.39319090514180355,1.09499324213867,0.15624789947238166,0.007812394973619083,0.05732247109635292,50000.0,1628207736.2684376,3.0708612228186006e-05,0.00030708612228186
2026-04-30,META,Communication Services,0.05,0.3617327536232605,1.6055142279883685,0.15380504870393732,0.007690252435196866,0.056426265495895515,50000.0,9602127020.502829,5.20717960648074e-06,5.207179606480739e-05
2026-04-30,TMO,Health Care,0.05,0.31508835225574267,1.094224035073192,0.14861933524334425,0.007430966762167213,0.05452378929645478,50000.0,1096888697.071991,4.5583476366808074e-05,0.0004558347636680807
2026-04-30,UPS,Industrials,0.05,0.2772437092219443,0.8947803443059176,0.1363772503182798,0.0068188625159139905,0.05003255093967837,50000.0,657382273.2883962,7.605924593902884e-05,0.0007605924593902883
2026-04-30,WFC,Financials,0.05,0.26012895763130267,1.0333380258066094,0.13529718567265953,0.006764859283632976,0.0496363089764915,50000.0,1415762003.1271236,3.531667037931545e-05,0.00035316670379315453
2026-04-30,DIS,Communication Services,0.05,0.2560131496884399,0.9154611180047031,0.13315973593001543,0.006657986796500772,0.04885214546769323,50000.0,1052061767.0864105,4.752572668662835e-05,0.0004752572668662835
2026-04-30,LLY,Health Care,0.05,0.40152656026319905,0.6570255227780459,0.13017276380678947,0.006508638190339474,0.047756318747606684,50000.0,3123683936.5107217,1.6006741084007358e-05,0.00016006741084007356
2026-04-30,BAC,Financials,0.05,0.21399406524401365,1.003141785236464,0.1272837222530855,0.006364186112654276,0.04669641969285088,50000.0,2062398554.5692189,2.4243616680794122e-05,0.0002424361668079412
2026-04-30,LOW,Consumer Discretionary,0.05,0.2517499462764354,0.8594762920240308,0.12061791641051006,0.006030895820525503,0.04425094385583028,50000.0,677607702.4443054,7.378900773948869e-05,0.0007378900773948869
2026-04-30,MSFT,Information Technology,0.05,0.24776907112196772,0.9203951670620864,0.07843738442933583,0.003921869221466792,0.028776224941307944,50000.0,14304235885.075327,3.4954680838400265e-06,3.495468083840026e-05
2026-04-30,RTX,Industrials,0.05,0.23472592933637149,0.5145766458909865,0.06902520522074267,0.0034512602610371336,0.02532319054878069,50000.0,1158107036.2127178,4.317390227030461e-05,0.0004317390227030461
2026-04-30,NFLX,Communication Services,0.05,0.3301747741822381,0.3983242529482008,0.04209104278947623,0.0021045521394738114,0.015441888126896607,50000.0,4253281500.269572,1.1755629152886075e-05,0.00011755629152886074
2026-04-30,EOG,Energy,0.05,0.2530937654891452,-0.08911012772660054,0.031909004954609015,0.0015954502477304507,0.011706416664803031,50000.0,674264798.6307907,7.415484258044242e-05,0.0007415484258044243
2026-04-30,WMT,Consumer Staples,0.05,0.21919891022839053,0.10735606055378721,0.027991741510111745,0.0013995870755055873,0.010269295133363273,50000.0,2704283879.4006476,1.8489183173728615e-05,0.00018489183173728616
2026-05-29,ORCL,Information Technology,0.05,0.6348827630100973,1.7190827154585873,0.23643343941386147,0.011821671970693073,0.09116920695192571,50000.0,4580331815.085983,1.0916239700215123e-05,0.00010916239700215122
2026-05-29,TSLA,Consumer Discretionary,0.05,0.46232752796260423,2.064193515308753,0.2246280540802084,0.01123140270401042,0.0866170267641348,50000.0,23729763716.53844,2.1070584855909264e-06,2.107058485590926e-05
2026-05-29,QCOM,Information Technology,0.05,0.4464180930840067,1.7420012709276202,0.21962878088315174,0.010981439044157588,0.08468929702403716,50000.0,3472912131.8536506,1.4397139375165456e-05,0.00014397139375165455
2026-05-29,AVGO,Information Technology,0.05,0.42712343640920275,2.070752201292491,0.19880473658230122,0.009940236829115061,0.07665950390701072,50000.0,8771385417.323456,5.700353777779525e-06,5.700353777779525e-05
2026-05-29,CAT,Industrials,0.05,0.3363634930912739,1.5977346299410573,0.19028895508310512,0.009514447754155256,0.07337580153486618,50000.0,2013190037.9044597,2.4836204758913503e-05,0.000248362047589135
2026-05-29,GS,Financials,0.05,0.27016923098097684,1.5265855280492935,0.16328556605765823,0.008164278302882912,0.06296324073734308,50000.0,1872738744.9683635,2.6698865570191776e-05,0.00026698865570191774
2026-05-29,NKE,Consumer Discretionary,0.05,0.3794942888400973,0.9409562431164834,0.16116029756154096,0.008058014878077049,0.062143732956078016,50000.0,1055827317.8923925,4.735622876268095e-05,0.0004735622876268095
2026-05-29,TXN,Information Technology,0.05,0.38776343380261336,0.9843523926360424,0.14874480934579726,0.007437240467289863,0.057356295877141826,50000.0,1828903922.4852753,2.7338778918498685e-05,0.0002733877891849869
2026-05-29,UNH,Health Care,0.05,0.398779052508998,0.6645079095075834,0.1362030757270767,0.0068101537863538356,0.05252017831840862,50000.0,2670232346.0328674,1.8724962295616112e-05,0.00018724962295616114
2026-05-29,UPS,Industrials,0.05,0.2912195037321817,0.8308819368448319,0.13451674122607027,0.006725837061303514,0.05186992436324235,50000.0,637734014.2483648,7.840259243335193e-05,0.0007840259243335193
2026-05-29,META,Communication Services,0.05,0.34794889852744887,1.4986421739614968,0.12924192104209045,0.006462096052104523,0.04983594315407141,50000.0,9835986559.29952,5.083374168778937e-06,5.083374168778937e-05
2026-05-29,WFC,Financials,0.05,0.26368729799859836,0.974211726432882,0.12458813658719503,0.006229406829359752,0.048041434563705146,50000.0,1371612270.0646846,3.645345050583575e-05,0.00036453450505835746
2026-05-29,TMO,Health Care,0.05,0.3080072160164068,0.9564926308079521,0.11956710620457121,0.005978355310228561,0.046105315209352515,50000.0,1086619314.1308086,4.6014275054548626e-05,0.0004601427505454862
2026-05-29,LOW,Consumer Discretionary,0.05,0.255124171225819,0.8107654210923699,0.11410930625350849,0.0057054653126754245,0.044000776636153226,50000.0,638116370.1385244,7.835561402247969e-05,0.0007835561402247968
2026-05-29,BAC,Financials,0.05,0.21254856241890605,0.9258381270937562,0.1135426361550367,0.005677131807751835,0.043782267513208864,50000.0,1903640624.349448,2.6265461747585392e-05,0.0002626546174758539
2026-05-29,APD,Materials,0.05,0.24724950259250994,0.3322139251254727,0.06873383125819782,0.003436691562909891,0.026503902756362788,50000.0,354504695.32506305,0.0001410418554658423,0.0014104185546584228
2026-05-29,ABT,Health Care,0.05,0.23818915146780692,0.19844207215392676,0.03706672657229426,0.0018533363286147133,0.014293003875753024,50000.0,1232429938.4994633,4.057025753600011e-05,0.00040570257536000104
2026-05-29,NFLX,Communication Services,0.05,0.33085368337003473,0.37721411011168937,0.036289469840628495,0.0018144734920314248,0.01399329212601201,50000.0,3599721483.66923,1.3889963494907536e-05,0.00013889963494907536
2026-05-29,WMT,Consumer Staples,0.05,0.234771464271665,0.04180040170379421,0.022248935690460728,0.0011124467845230364,0.008579234085721206,50000.0,2478880499.334437,2.017039547224026e-05,0.00020170395472240258
2026-05-29,EOG,Energy,0.05,0.2609822368899596,-0.3176598807497846,0.014265023663515073,0.0007132511831757537,0.00550062164547134,50000.0,609068782.6304626,8.20925344163243e-05,0.0008209253441632431
