window_months,window_number,strategy_name,start_date,end_date,trading_days,initial_capital,final_portfolio_value,total_return,cagr,annualized_volatility,sharpe_ratio,sortino_ratio,maximum_drawdown,calmar_ratio,positive_day_ratio,beta_vs_spy,annualized_alpha_vs_spy,correlation_vs_spy,tracking_error_vs_spy,information_ratio_vs_spy,benchmark_total_return,excess_total_return,benchmark_cagr,excess_cagr,total_transaction_cost,total_traded_notional,total_two_way_turnover,mean_rebalance_two_way_turnover,window_start,window_end
12,1,alpha_risk_turnover,2020-02-03,2021-01-29,251,1000000.0,1276961.101425107,0.276961101425107,0.27820551386694703,0.3633714981824722,0.8594662281460889,1.1699344215127891,-0.3417954255229526,0.8139532980621026,0.5936254980079682,1.0579096606507532,0.08955818919960998,0.9796882489248179,0.07542640102911612,1.349014551253963,0.16527756343539535,0.11168353798971165,0.16598789958443505,0.11221761428251198,3595.900115774778,6927040.945958095,6.6659124199772775,0.5554927016647732,2020-02-03,2021-01-29
12,1,cvar,2020-02-03,2021-01-29,251,1000000.0,1312796.0809090796,0.31279608090907973,0.3142203175817577,0.3497954371439348,0.9581114970204087,1.3092046740531031,-0.32628748886586467,0.9630167514971201,0.601593625498008,1.0179602271667951,0.12080720991741488,0.9792799103399528,0.07109490399265646,1.7524295626598554,0.16527756343539535,0.14751851747368439,0.16598789958443505,0.14823241799732267,3567.7405408725062,6884722.581361303,6.525432264219294,0.5437860220182745,2020-02-03,2021-01-29
12,1,median_mad_de,2020-02-03,2021-01-29,251,1000000.0,1275085.55211128,0.27508555211127983,0.27632066273754097,0.35630787260219854,0.8646400627318812,1.1940910345495264,-0.3273252082835365,0.8441777649406879,0.5896414342629482,1.037661334813656,0.08959408998053293,0.97998717359332,0.07205019907232801,1.3535541074500008,0.16527756343539535,0.10980798867588448,0.16598789958443505,0.11033276315310592,4344.4376765897,8380797.754770483,8.058914590387877,0.6715762158656564,2020-02-03,2021-01-29
12,1,score_weighted,2020-02-03,2021-01-29,251,1000000.0,1336404.2984125954,0.33640429841259545,0.33794915101906176,0.3726691280743075,0.9697983957951074,1.3294169334270296,-0.3434979632110362,0.9838461569317504,0.5936254980079682,1.088186815100643,0.1322915982185228,0.9825851981066119,0.075337330741687,2.002456188212948,0.16527756343539535,0.1711267349772001,0.16598789958443505,0.1719612514346267,3867.659751114469,7490778.549244644,7.0318166909907145,0.5859847242492262,2020-02-03,2021-01-29
12,1,top_n_equal_weight,2020-02-03,2021-01-29,251,1000000.0,1319725.2181593955,0.3197252181593955,0.3211846813400536,0.3662418741254972,0.9456283267661404,1.301274802693373,-0.3371349201378667,0.9526888558702538,0.5976095617529881,1.0723588236968378,0.12053901662990066,0.9852859893831262,0.06716477651451482,2.021513049625933,0.16527756343539535,0.15444765472400013,0.16598789958443505,0.15519678175561857,3627.569116695581,7011484.276538938,6.647115721339827,0.5539263101116524,2020-02-03,2021-01-29
12,2,alpha_risk_turnover,2020-03-02,2021-02-26,251,1000000.0,1393621.9862496534,0.3936219862496535,0.39546604044205047,0.3561052406890525,1.11632874429038,1.5375057015388525,-0.2851532917190547,1.3868542006230131,0.601593625498008,1.0535310647923615,0.055373651445874805,0.9800896770113456,0.07289658503516953,0.998112814836689,0.3078477378076854,0.08577424844196813,0.3092469075705184,0.08621913287153204,3377.4894571432887,6491893.215290874,6.104126789281829,0.5086772324401524,2020-03-02,2021-02-26
12,2,cvar,2020-03-02,2021-02-26,251,1000000.0,1432015.140863193,0.4320151408631929,0.4340652594806933,0.3436086269863472,1.2233362268552999,1.6934772122038237,-0.2721287395861499,1.5950732000626413,0.6095617529880478,1.014622361464045,0.09082845448679253,0.9782215017628895,0.07148499849589073,1.3370271073825926,0.3078477378076854,0.12416740305550755,0.3092469075705184,0.12481835191017487,3362.7343316087317,6473736.619908433,5.97013169030874,0.49751097419239504,2020-03-02,2021-02-26
12,2,median_mad_de,2020-03-02,2021-02-26,251,1000000.0,1385722.4117569383,0.3857224117569382,0.3875245889442971,0.3479832515301231,1.117126958081755,1.5647758955733806,-0.26708352987197614,1.4509490313013804,0.5976095617529881,1.030341015550851,0.05411607360613921,0.9808881338916862,0.06844999287910127,0.93455043693039,0.3078477378076854,0.07787467394925285,0.3092469075705184,0.07827768137377866,4212.891585613555,8109270.540797703,7.625594588398054,0.6354662156998379,2020-03-02,2021-02-26
12,2,score_weighted,2020-03-02,2021-02-26,251,1000000.0,1478847.5261299303,0.4788475261299303,0.4811545765729113,0.365482579687504,1.2601100968627483,1.7499369680278654,-0.2822465215611675,1.704731643499235,0.601593625498008,1.0840826961200254,0.10846912501513913,0.9826357599250904,0.07331146119843086,1.8520540469376894,0.3078477378076854,0.17099978832224494,0.3092469075705184,0.17190766900239285,3616.0954886015597,6994379.723618086,6.4053227978880365,0.533776899824003,2020-03-02,2021-02-26
12,2,top_n_equal_weight,2020-03-02,2021-02-26,251,1000000.0,1468056.289486977,0.4680562894869771,0.4703036033184911,0.35889205193305107,1.2558355320524814,1.7528754234027648,-0.27484939447450074,1.7111320336640716,0.6055776892430279,1.0675058611356503,0.10401391068350838,0.9853789076412238,0.06510824460813855,1.9342848398773942,0.3078477378076854,0.1602085516792917,0.3092469075705184,0.16105669574797266,3366.507329116808,6493202.823871202,6.009030765423404,0.5007525637852835,2020-03-02,2021-02-26
12,3,alpha_risk_turnover,2020-04-01,2021-03-31,252,1000000.0,1655101.5242933307,0.6551015242933307,0.6551015242933307,0.22052938037080308,2.396929918943162,3.616451243707831,-0.08850582658526507,7.401789798123817,0.6111111111111112,1.0163187229645902,0.05265878689939055,0.9621215320168928,0.06021736899352989,1.0013842758770268,0.5623114084741883,0.09279011581914243,0.5623114084741883,0.09279011581914243,3564.8305847418696,6838828.724164128,6.215017234135752,0.517918102844646,2020-04-01,2021-03-31
12,3,cvar,2020-04-01,2021-03-31,252,1000000.0,1643300.6456583524,0.6433006456583523,0.6433006456583523,0.22212385120045974,2.349125127971992,3.5068189251597737,-0.09152435542749404,7.028737243257371,0.6190476190476191,1.011024214049385,0.04834141756423631,0.9502389485373478,0.06923472508361855,0.7727910660484737,0.5623114084741883,0.08098923718416406,0.5623114084741883,0.08098923718416406,3605.0369989126725,6926150.072102955,6.169334670354848,0.5141112225295706,2020-04-01,2021-03-31
12,3,median_mad_de,2020-04-01,2021-03-31,252,1000000.0,1588632.1537910204,0.5886321537910204,0.5886321537910204,0.21677682423405875,2.2451411411893476,3.4053112772912857,-0.08202121397702378,7.176584267039881,0.6111111111111112,0.9983373447838118,0.019180432544758652,0.9614593615690344,0.05960316528466507,0.30873902559370625,0.5623114084741883,0.02632074531683215,0.5623114084741883,0.02632074531683215,4489.636520798818,8627386.238900214,7.8874917138412854,0.6572909761534405,2020-04-01,2021-03-31
12,3,score_weighted,2020-04-01,2021-03-31,252,1000000.0,1736836.9707158725,0.7368369707158724,0.7368369707158724,0.23306965096611781,2.487485624746172,3.7446277119706575,-0.09213867945005494,7.997042882683002,0.6111111111111112,1.0792276126052278,0.07436294691314302,0.9667046055763638,0.06189240857950414,1.8009424019696114,0.5623114084741883,0.17452556224168414,0.5623114084741883,0.17452556224168414,3826.1068898674325,7387386.0772580085,6.517230880343007,0.5431025733619173,2020-04-01,2021-03-31
12,3,top_n_equal_weight,2020-04-01,2021-03-31,252,1000000.0,1714290.4703381252,0.7142904703381252,0.7142904703381252,0.22732230068532888,2.486953415859917,3.755733314304946,-0.0882432665814824,8.094560616458605,0.6150793650793651,1.0583487273995222,0.06972294319235928,0.9719707912525549,0.05481451982308299,1.7704657293682433,0.5623114084741883,0.15197906186393695,0.5623114084741883,0.15197906186393695,3606.4252983402753,6943740.023317965,6.190240538207737,0.5158533781839781,2020-04-01,2021-03-31
12,4,alpha_risk_turnover,2020-05-01,2021-04-30,252,1000000.0,1491557.164257211,0.49155716425721097,0.49155716425721097,0.18709329960155338,2.2324481760878574,3.143684942414878,-0.08850582658526518,5.55395258394262,0.6190476190476191,1.0083003882441095,0.020365269652683878,0.950057431608494,0.05840549508881808,0.4046871918415548,0.459625633216346,0.03193153104086499,0.459625633216346,0.03193153104086499,3677.9420202182073,7058512.948763543,6.121556336184238,0.5101296946820199,2020-05-01,2021-04-30
12,4,cvar,2020-05-01,2021-04-30,252,1000000.0,1486959.5556293272,0.48695955562932713,0.48695955562932713,0.19110377956965724,2.1733826350088052,3.059715454013209,-0.09152435542749393,5.320546136105804,0.6150793650793651,1.013763634174048,0.015878072010960885,0.9351592868010692,0.06773767964769083,0.3144704166705591,0.459625633216346,0.02733392241298116,0.459625633216346,0.02733392241298116,3571.725125507424,6854858.862761865,5.768666600980071,0.4807222167483393,2020-05-01,2021-04-30
12,4,median_mad_de,2020-05-01,2021-04-30,252,1000000.0,1450248.9379566784,0.45024893795667853,0.45024893795667853,0.18134459657395538,2.1422083718227816,3.03858559420733,-0.08202121397702344,5.489420555062822,0.6111111111111112,0.9795885131893896,0.002480718420897969,0.9522636871089164,0.05547709717907462,-0.10026167509505578,0.459625633216346,-0.009376695259667445,0.459625633216346,-0.009376695259667445,4500.057764755554,8648445.774652919,7.492883841011368,0.6244069867509473,2020-05-01,2021-04-30
12,4,score_weighted,2020-05-01,2021-04-30,252,1000000.0,1556935.6325143457,0.5569356325143457,0.5569356325143457,0.1983953033872909,2.332899257658443,3.2975951330619475,-0.0921386794500546,6.044536733525061,0.6190476190476191,1.0765019264819153,0.03865128654194458,0.9565365818513344,0.059405590027422524,1.1580747923762338,0.459625633216346,0.09730999929799977,0.459625633216346,0.09730999929799977,3853.883228461301,7442022.654273834,6.234974058663579,0.5195811715552983,2020-05-01,2021-04-30
12,4,top_n_equal_weight,2020-05-01,2021-04-30,252,1000000.0,1539049.7404020287,0.5390497404020287,0.5390497404020287,0.19288461059938167,2.333939838128054,3.302561248075757,-0.08824326658148218,6.108678444085932,0.6190476190476191,1.0547089239324596,0.034583425154683406,0.9639471006083516,0.05222369549036306,1.075008894993576,0.459625633216346,0.07942410718568271,0.459625633216346,0.07942410718568271,3623.9723251196947,6978266.884325077,5.886774323088026,0.49056452692400215,2020-05-01,2021-04-30
12,5,alpha_risk_turnover,2020-06-01,2021-05-28,252,1000000.0,1454846.9708036473,0.45484697080364733,0.45484697080364733,0.17970385469021122,2.177824886849388,3.0535347722820547,-0.08850582658526507,5.1391754458725405,0.6150793650793651,1.005970266168471,0.03641902724885199,0.9495975597771741,0.056341166707491064,0.6837906641787089,0.40239232241382394,0.05245464838982339,0.40239232241382394,0.05245464838982339,3641.385069489974,6987729.850100759,5.859202461142928,0.48826687176191075,2020-06-01,2021-05-28
12,5,cvar,2020-06-01,2021-05-28,252,1000000.0,1439648.0398236604,0.4396480398236604,0.4396480398236604,0.18566146826406638,2.057140727545593,2.8876836518919466,-0.09152435542749393,4.803617985290832,0.6071428571428571,1.0217811948167606,0.021408572283048734,0.9335723131669903,0.06664154894531368,0.4365715557153331,0.40239232241382394,0.037255717409836464,0.40239232241382394,0.037255717409836464,3558.728971985047,6833131.36171189,5.564853444950265,0.4637377870791888,2020-06-01,2021-05-28
12,5,median_mad_de,2020-06-01,2021-05-28,252,1000000.0,1424198.0173472501,0.42419801734725016,0.42419801734725016,0.17313179453211688,2.1306232040503406,2.9901451034212836,-0.08202121397702311,5.171808569744923,0.6150793650793651,0.9692375061034464,0.026894831274937445,0.9496536011284166,0.05449294371308314,0.2943620676811316,0.40239232241382394,0.021805694933426212,0.40239232241382394,0.021805694933426212,4591.904567943096,8835471.874954462,7.383230118241485,0.6152691765201238,2020-06-01,2021-05-28
12,5,score_weighted,2020-06-01,2021-05-28,252,1000000.0,1505506.9028394509,0.5055069028394508,0.5055069028394508,0.18947364056740298,2.25606883591138,3.158362132784202,-0.09213867945005494,5.486370174357316,0.6190476190476191,1.0655924096841585,0.05148412027262881,0.9540127020314818,0.05787738638937401,1.2894088203143876,0.40239232241382394,0.10311458042562682,0.40239232241382394,0.10311458042562682,3953.2974967385244,7639095.328912835,6.168449084679874,0.5140374237233228,2020-06-01,2021-05-28
12,5,top_n_equal_weight,2020-06-01,2021-05-28,252,1000000.0,1496165.7180070502,0.4961657180070502,0.4961657180070502,0.18413456436591719,2.2821980710485765,3.1994819534422585,-0.0882432665814824,5.622703433682374,0.6190476190476191,1.0444504894645685,0.05170976423959576,0.9621978399701505,0.05071301674316375,1.3289208320418369,0.40239232241382394,0.09377339559322628,0.40239232241382394,0.09377339559322628,3704.400886160366,7138293.096454304,5.800602834763508,0.48338356956362555,2020-06-01,2021-05-28
12,6,alpha_risk_turnover,2020-07-01,2021-06-30,252,1000000.0,1459444.037233568,0.45944403723356797,0.45944403723356797,0.1619743925776923,2.4167000029807144,3.532721328539665,-0.0885058265852654,5.191116279682958,0.6111111111111112,1.0151494930948923,0.031837183765545514,0.939659822434596,0.055459630075600445,0.6708255498350562,0.4088594703042774,0.050584566929290586,0.4088594703042774,0.050584566929290586,3842.5766603137963,7381486.969714433,6.024555156026237,0.5020462630021864,2020-07-01,2021-06-30
12,6,cvar,2020-07-01,2021-06-30,252,1000000.0,1437262.9582148094,0.4372629582148093,0.4372629582148093,0.16960504982728764,2.224972046897625,3.2553142687034353,-0.09152435542749382,4.777558456133699,0.5952380952380952,1.044469024841289,0.007374019196264289,0.9233020542984226,0.06548130349340309,0.3531804569914953,0.4088594703042774,0.028403487910531933,0.4088594703042774,0.028403487910531933,3784.320495746013,7270005.425435589,5.788635580177974,0.4823862983481646,2020-07-01,2021-06-30
12,6,median_mad_de,2020-07-01,2021-06-30,252,1000000.0,1432838.901086554,0.4328389010865539,0.4328389010865539,0.15417133599919872,2.4114550386326528,3.572136017983156,-0.08202121397702355,5.277157946087024,0.5992063492063492,0.9627887575418754,0.03071916909619929,0.9362986350365187,0.054432393741281775,0.3221880504678243,0.4088594703042774,0.02397943078227649,0.4088594703042774,0.02397943078227649,4871.11385059827,9383839.27502615,7.613416784348679,0.6344513986957233,2020-07-01,2021-06-30
12,6,score_weighted,2020-07-01,2021-06-30,252,1000000.0,1508062.2773673034,0.5080622773673034,0.5080622773673034,0.17014637293713797,2.501512199368109,3.6618308536779436,-0.09213867945005472,5.51410417861162,0.6150793650793651,1.0703509473995405,0.04646234539228965,0.9431711718305904,0.057516300724540864,1.2410994534603974,0.4088594703042774,0.09920280706302598,0.4088594703042774,0.09920280706302598,4218.986741206337,8157958.133924814,6.35638780102013,0.5296989834183442,2020-07-01,2021-06-30
12,6,top_n_equal_weight,2020-07-01,2021-06-30,252,1000000.0,1498927.3951663186,0.4989273951663187,0.4989273951663187,0.1644797514525043,2.544909768880858,3.7518724782363475,-0.08824326658148274,5.653999613733874,0.6150793650793651,1.0452732545431784,0.04830876042123604,0.9528058455627528,0.05039206788077182,1.2769142203217945,0.4088594703042774,0.0900679248620413,0.4088594703042774,0.0900679248620413,3980.5103679783547,7676277.636295395,6.029477067768634,0.5024564223140527,2020-07-01,2021-06-30
12,7,alpha_risk_turnover,2020-08-03,2021-07-30,251,1000000.0,1407522.1271072722,0.4075221271072722,0.40944030315757773,0.1583641540673955,2.2477098269093796,3.252319401497583,-0.08850582658526562,4.626139531764353,0.6095617529880478,0.9986898791425218,0.034222732161958425,0.9382044888097829,0.054807235130285806,0.6167191027113527,0.36298373072396983,0.04453839638330237,0.3646663766550753,0.04477392650250245,3978.964295972596,7655703.725464111,5.996855101600186,0.49973792513334886,2020-08-03,2021-07-30
12,7,cvar,2020-08-03,2021-07-30,251,1000000.0,1375376.3861258319,0.3753763861258319,0.37712399021039955,0.1657611017706187,2.014505073808309,2.9095695928849525,-0.09152435542749393,4.120476876880702,0.5936254980079682,1.0271148435703843,0.0030353746519696124,0.9218497110389945,0.0643668412123188,0.18286720117746316,0.36298373072396983,0.012392655401862074,0.3646663766550753,0.012457613555324265,3983.5010809178234,7662426.221762495,5.863483915752154,0.4886236596460128,2020-08-03,2021-07-30
12,7,median_mad_de,2020-08-03,2021-07-30,251,1000000.0,1364932.6790244265,0.3649326790244265,0.36662551089087203,0.14974942319837523,2.161845917323754,3.1483126820369014,-0.08202121397702355,4.469886424670258,0.5936254980079682,0.9420602192738328,0.020244830501429563,0.9359168146119512,0.053444621545286154,0.02954801926739095,0.36298373072396983,0.0019489483004566655,0.3646663766550753,0.0019591342357967445,5045.846399337837,9734315.447965208,7.592005227916701,0.6326671023263918,2020-08-03,2021-07-30
12,7,score_weighted,2020-08-03,2021-07-30,251,1000000.0,1455019.6427832535,0.45501964278325335,0.4571952142320539,0.16626552444976272,2.3493104108527203,3.406350220214751,-0.0921386794500545,4.96203350168357,0.6055776892430279,1.0522951872730155,0.05160612293409623,0.9415841095351921,0.056532472342408664,1.210867458356811,0.36298373072396983,0.09203591205928352,0.3646663766550753,0.0925288375769786,4428.994913325298,8577591.779478649,6.382677867682258,0.5318898223068548,2020-08-03,2021-07-30
12,7,top_n_equal_weight,2020-08-03,2021-07-30,251,1000000.0,1448189.8384673842,0.44818983846738414,0.4503280111219716,0.1605704084568561,2.397357472792472,3.498398284809204,-0.08824326658148252,5.103256356745876,0.6055776892430279,1.0283731996322933,0.05364807576736572,0.9528158673987106,0.0489234110244507,1.2834074904582455,0.36298373072396983,0.0852061077434143,0.3646663766550753,0.08566163446689634,4205.957846886217,8125192.405357319,6.091486553807921,0.5076238794839933,2020-08-03,2021-07-30
12,8,alpha_risk_turnover,2020-09-01,2021-08-31,252,1000000.0,1344122.6308608141,0.34412263086081407,0.34412263086081407,0.15655093102153483,1.9684458310705264,2.8183167615817903,-0.08850582658526529,3.888135325523355,0.6031746031746031,0.9948447217279616,0.026952516062673373,0.9425616680681289,0.052298640050600094,0.4874943277640479,0.31197414656729805,0.03214848429351602,0.31197414656729805,0.03214848429351602,3945.9334325211594,7599288.930219859,5.819369295090067,0.48494744125750566,2020-09-01,2021-08-31
12,8,cvar,2020-09-01,2021-08-31,252,1000000.0,1289609.1346917104,0.28960913469171046,0.28960913469171046,0.1637719193643903,1.6356177746198144,2.332009744445122,-0.0915243554274936,3.164284887219352,0.5753968253968254,1.0215421373571358,-0.020887720526982186,0.9251815750124984,0.062237573758065996,-0.23777396764588715,0.31197414656729805,-0.022365011875587593,0.31197414656729805,-0.022365011875587593,3840.3093855510265,7390171.897600575,5.558264570069294,0.4631887141724411,2020-09-01,2021-08-31
12,8,median_mad_de,2020-09-01,2021-08-31,252,1000000.0,1317036.2253343095,0.31703622533430953,0.31703622533430953,0.1477809501759582,1.9382900078623673,2.7887720003762366,-0.08202121397702378,3.8652954517732376,0.5833333333333334,0.9365158775041835,0.021720451699770313,0.9399544726832697,0.05130904214860583,0.07358550803622935,0.31197414656729805,0.00506207876701148,0.31197414656729805,0.00506207876701148,4835.025414914919,9330938.156360395,7.140141210817436,0.5950117675681198,2020-09-01,2021-08-31
12,8,score_weighted,2020-09-01,2021-08-31,252,1000000.0,1380487.6814771164,0.3804876814771163,0.3804876814771163,0.16449375866838625,2.0436444286262048,2.932708914692043,-0.09213867945005494,4.129510904086323,0.5992063492063492,1.047635231916911,0.040035120722218605,0.9446497187945305,0.05442775856195578,0.982954612037214,0.31197414656729805,0.06851353490981826,0.31197414656729805,0.06851353490981826,4303.8986351564445,8343055.198670731,6.063585042946496,0.5052987535788747,2020-09-01,2021-08-31
12,8,top_n_equal_weight,2020-09-01,2021-08-31,252,1000000.0,1384492.9529748398,0.38449295297483976,0.38449295297483976,0.1588975782931309,2.1281609925091973,3.074148271817126,-0.0882432665814824,4.357193107984111,0.5992063492063492,1.023115240087119,0.048958981288757,0.9550308577460056,0.047238736949183464,1.1747327377149095,0.31197414656729805,0.07251880640754171,0.31197414656729805,0.07251880640754171,4007.5442920272144,7746867.99131657,5.688914517448108,0.4740762097873423,2020-09-01,2021-08-31
12,9,alpha_risk_turnover,2020-10-01,2021-09-30,252,1000000.0,1350515.4380448174,0.35051543804481744,0.35051543804481744,0.14496962458823778,2.146292797743703,3.2072819918382387,-0.08573971687217663,4.0881338407890535,0.5873015873015873,0.9938604537224256,0.041431473099072504,0.9350051433161626,0.05141799840130177,0.7733733769108317,0.29948669791559746,0.051028740129219985,0.29948669791559746,0.051028740129219985,4244.532084395312,8188015.259661843,6.068461099910524,0.5057050916592104,2020-10-01,2021-09-30
12,9,cvar,2020-10-01,2021-09-30,252,1000000.0,1275846.0155896554,0.2758460155896554,0.2758460155896554,0.1511408841663274,1.687954908409443,2.489476585431256,-0.09152435542749371,3.013908312177983,0.5634920634920635,1.0135543703662275,-0.019941364260035514,0.914598945143286,0.06114360852791632,-0.2659796042363467,0.29948669791559746,-0.023640682325942075,0.29948669791559746,-0.023640682325942075,4029.0129503119365,7758053.370422792,5.707685512571311,0.4756404593809427,2020-10-01,2021-09-30
12,9,median_mad_de,2020-10-01,2021-09-30,252,1000000.0,1308315.3776442662,0.3083153776442662,0.3083153776442662,0.138792912697,2.006539286993311,2.9628979099939694,-0.08202121397702344,3.7589711575182783,0.5753968253968254,0.946525795617744,0.021623415859677114,0.9301024071419846,0.05149771310454916,0.13809316115830247,0.29948669791559746,0.008828679728668742,0.29948669791559746,0.008828679728668742,5052.263455871862,9760129.810033383,7.294811356446601,0.60790094637055,2020-10-01,2021-09-30
12,9,score_weighted,2020-10-01,2021-09-30,252,1000000.0,1381419.7360335488,0.38141973603354873,0.38141973603354873,0.15185136332704013,2.204920204176201,3.299634587795303,-0.09213867945005472,4.139626683496192,0.5952380952380952,1.0448796469734363,0.051258662828858895,0.9384544075036196,0.052805882676119534,1.201347003947494,0.29948669791559746,0.08193303811795127,0.29948669791559746,0.08193303811795127,4504.405249626716,8737560.990479456,6.176796782452558,0.51473306520438,2020-10-01,2021-09-30
12,9,top_n_equal_weight,2020-10-01,2021-09-30,252,1000000.0,1378078.7431801672,0.3780787431801671,0.3780787431801671,0.14678372074267695,2.2593786602368193,3.3920029577925708,-0.08824326658148218,4.284505297988445,0.5952380952380952,1.0218574554714004,0.05432633733864773,0.9494629660938618,0.046168678957783656,1.305171765549795,0.29948669791559746,0.07859204526456964,0.29948669791559746,0.07859204526456964,4195.333046563477,8116062.96528434,5.803696048606055,0.4836413373838378,2020-10-01,2021-09-30
12,10,alpha_risk_turnover,2020-11-02,2021-10-29,251,1000000.0,1567243.7147346498,0.5672437147346499,0.5700517714382121,0.1330545841705567,3.4596873780180157,5.587059297915635,-0.052625863427013475,10.832159974511654,0.6175298804780877,0.9683264487956241,0.1071620808988548,0.9235713061768439,0.051174782989690804,1.8683068211174552,0.42622458351030534,0.1410191312243445,0.42824335616291864,0.14180841527529342,4251.245708400707,8208340.994005609,5.963992043949059,0.4969993369957548,2020-11-02,2021-10-29
12,10,cvar,2020-11-02,2021-10-29,251,1000000.0,1502838.1032030308,0.5028381032030307,0.5052790842362922,0.14021546986092293,2.988976808602662,4.739432760729486,-0.06441546424180777,7.844064933531121,0.5936254980079682,0.9937229305559748,0.05667307267966028,0.8993895955463984,0.061300085300365265,0.8871719842098534,0.42622458351030534,0.07661351969272534,0.42824335616291864,0.07703572807337355,3829.707037091139,7384283.667598864,5.327538517791657,0.44396154314930486,2020-11-02,2021-10-29
12,10,median_mad_de,2020-11-02,2021-10-29,251,1000000.0,1524567.6416496632,0.5245676416496632,0.5271312556976739,0.13012968036077183,3.321166158257714,5.2880583880121526,-0.057692828400837226,9.13685929965646,0.601593625498008,0.9381285282154498,0.09003080314899495,0.914880685911478,0.05312001819935301,1.2700526764210478,0.42622458351030534,0.09834305813935784,0.42824335616291864,0.0988878995347553,5106.566199309958,9877014.116415264,7.221256881728095,0.6017714068106746,2020-11-02,2021-10-29
12,10,score_weighted,2020-11-02,2021-10-29,251,1000000.0,1616058.632585524,0.6160586325855242,0.6191519972465698,0.13952041477574026,3.5267628193091842,5.707100787222439,-0.05487925602989152,11.282077091375498,0.6254980079681275,1.01912305206809,0.12036383854560796,0.9269735577422119,0.05239406261773562,2.430396416885337,0.42622458351030534,0.18983404907521884,0.42824335616291864,0.19090864108365113,4460.223754931114,8661528.008673102,5.957299213141191,0.4964416010950994,2020-11-02,2021-10-29
12,10,top_n_equal_weight,2020-11-02,2021-10-29,251,1000000.0,1601222.0134289674,0.6012220134289674,0.6042280292975364,0.13563207563915505,3.5555418895151734,5.763917539781946,-0.05257577711952677,11.492517322642192,0.6254980079681275,1.0040616840777092,0.11604709167014109,0.9394560458890381,0.04647982413748006,2.5285908319233226,0.42622458351030534,0.17499742991866207,0.42824335616291864,0.17598467313461774,4132.279031584828,8004118.968608012,5.567903716616044,0.46399197638467027,2020-11-02,2021-10-29
12,11,alpha_risk_turnover,2020-12-01,2021-11-30,252,1000000.0,1446659.8236873443,0.44665982368734425,0.44665982368734425,0.13299236251434624,2.8448867392152333,4.324328850353286,-0.052625863427013475,8.48745834463722,0.6111111111111112,1.0176707815182693,0.12256236847823099,0.9396253456467276,0.04556233884833277,2.787473678035234,0.27596877289313815,0.1706910507942061,0.27596877289313815,0.1706910507942061,4617.892087159826,8932803.515937073,6.248045715709169,0.5206704763090974,2020-12-01,2021-11-30
12,11,cvar,2020-12-01,2021-11-30,252,1000000.0,1407469.540506139,0.40746954050613904,0.40746954050613904,0.13950461586194818,2.5212704502057117,3.827921418429504,-0.06441546424180777,6.325647813024342,0.5873015873015873,1.047839558490039,0.08836027279102969,0.9223172492845211,0.05422837836717789,1.8511428956221279,0.27596877289313815,0.1315007676130009,0.27596877289313815,0.1315007676130009,4189.452617417624,8091344.80876345,5.62768527263431,0.46897377271952584,2020-12-01,2021-11-30
12,11,median_mad_de,2020-12-01,2021-11-30,252,1000000.0,1441841.297672737,0.44184129767273683,0.44184129767273683,0.1304847086023568,2.8714396606541666,4.369043999581899,-0.05769282840083689,7.658513370204735,0.5873015873015873,0.9879559752740082,0.1263617771324283,0.9297198224970623,0.04807604799504155,2.5654059401453035,0.27596877289313815,0.16587252477959868,0.27596877289313815,0.16587252477959868,5427.101314177841,10512708.485918561,7.4241401541611545,0.6186783461800961,2020-12-01,2021-11-30
12,11,score_weighted,2020-12-01,2021-11-30,252,1000000.0,1466991.8271421278,0.46699182714212784,0.46699182714212784,0.13826430874979534,2.8426644004660337,4.307792996094799,-0.054879256029891854,8.509441652921913,0.6190476190476191,1.05295403237409,0.1283849411793044,0.9351331305989098,0.049416237977092894,2.8673700357208864,0.27596877289313815,0.1910230542489897,0.27596877289313815,0.1910230542489897,4730.435578438659,9200269.121256422,6.068361696174632,0.5056968080145529,2020-12-01,2021-11-30
12,11,top_n_equal_weight,2020-12-01,2021-11-30,252,1000000.0,1447125.9846378537,0.4471259846378537,0.4471259846378537,0.13350466871128877,2.8369068554861636,4.288535406619881,-0.05257577711952666,8.504410379353024,0.6190476190476191,1.0272327759740032,0.12055111620347014,0.9448144635954626,0.04386456782752546,2.9043013058481137,0.27596877289313815,0.17115721174471554,0.27596877289313815,0.17115721174471554,4435.092506400993,8605044.269488709,5.743398801939232,0.47861656682826936,2020-12-01,2021-11-30
12,12,alpha_risk_turnover,2021-01-04,2021-12-31,252,1000000.0,1418032.2101600938,0.41803221016009395,0.41803221016009395,0.14162689393061498,2.5384273316236294,3.877817609642653,-0.052625863427013364,7.943474613767838,0.5912698412698413,1.0331533412931486,0.08978094371948925,0.9475151741569245,0.045483951489571135,2.1642005354191993,0.28728787068458406,0.1307443394755099,0.28728787068458406,0.1307443394755099,4794.614990210028,9292534.643960936,6.294414696681753,0.5245345580568127,2021-01-04,2021-12-31
12,12,cvar,2021-01-04,2021-12-31,252,1000000.0,1398148.8363397324,0.3981488363397323,0.3981488363397323,0.14841960077135619,2.333580515760199,3.574210819196881,-0.064415464241808,6.180951127591488,0.5714285714285714,1.0664011389315196,0.06794034532376678,0.933246695833831,0.054010744078499144,1.5788692359668526,0.28728787068458406,0.11086096565514825,0.28728787068458406,0.11086096565514825,4145.509648102265,8020459.054466708,5.455350778067885,0.4546125648389903,2021-01-04,2021-12-31
12,12,median_mad_de,2021-01-04,2021-12-31,252,1000000.0,1424640.7764250296,0.4246407764250295,0.4246407764250295,0.14133965291317008,2.576238035353307,3.950646988359557,-0.05769282840083756,7.360373692804854,0.5793650793650794,1.0176248701173243,0.09845002245952443,0.9351705282223913,0.05011450860968811,2.0563187451647233,0.28728787068458406,0.13735290574044545,0.28728787068458406,0.13735290574044545,5748.389475411015,11148208.926029323,7.645689530178439,0.6371407941815367,2021-01-04,2021-12-31
12,12,score_weighted,2021-01-04,2021-12-31,252,1000000.0,1442825.6210092648,0.4428256210092649,0.4428256210092649,0.1473653472976612,2.5629748315140892,3.9143266921100377,-0.05487925602989163,8.069089361708306,0.5992063492063492,1.069676054861206,0.09842994023149954,0.9428096562340773,0.04994824951220831,2.3348263656969825,0.28728787068458406,0.15553775032468087,0.28728787068458406,0.15553775032468087,4932.049473093877,9603452.060989,6.14964184430773,0.512470153692311,2021-01-04,2021-12-31
12,12,top_n_equal_weight,2021-01-04,2021-12-31,252,1000000.0,1433378.088221935,0.43337808822193513,0.43337808822193513,0.14252549846779175,2.5989450770991467,3.973502159558727,-0.052575777119526435,8.242923109565988,0.6031746031746031,1.0430399856894192,0.09810617012287592,0.9505511879952199,0.04461547237990713,2.4507810965930625,0.28728787068458406,0.14609021753735107,0.28728787068458406,0.14609021753735107,4550.417612940722,8839901.942971967,5.752979104695599,0.4794149253912998,2021-01-04,2021-12-31
12,13,alpha_risk_turnover,2021-02-01,2022-01-31,253,1000000.0,1354480.5872845696,0.35448058728456955,0.3528571583474869,0.14480004583180558,2.1605266174881277,3.29970813368955,-0.09620021155882152,3.6679457625904774,0.5810276679841897,1.0344438830172178,0.0887269386945227,0.9493585103131343,0.04572510815454454,2.103644610619628,0.23194858079783565,0.1225320064867339,0.23093326449325158,0.1219238938542353,4745.834557047674,9215561.298620742,6.09414001319212,0.5078450010993434,2021-02-01,2022-01-31
12,13,cvar,2021-02-01,2022-01-31,253,1000000.0,1333862.9527255436,0.33386295272554367,0.3323450100464309,0.1515579007270268,1.9698068575553471,3.0301414779456604,-0.09624729469866466,3.4530322237830324,0.5652173913043478,1.070011965489466,0.06671637557958184,0.9382143355444517,0.053266163325181484,1.5372764089481437,0.23194858079783565,0.10191437192770803,0.23093326449325158,0.10141174555317933,4010.2181241601347,7769006.990435141,5.164625306033328,0.43038544216944397,2021-02-01,2022-01-31
12,13,median_mad_de,2021-02-01,2022-01-31,253,1000000.0,1347604.7633879143,0.34760476338791424,0.34601665140562354,0.14668521384758523,2.1000375516040357,3.1920656681280306,-0.10688409550046563,3.2373071951019705,0.5770750988142292,1.0378397140951627,0.08319131910607158,0.9402340145750474,0.050203040690286645,1.8203973343963182,0.23194858079783565,0.1156561825900786,0.23093326449325158,0.11508338691237197,5696.085704208008,11056453.653820332,7.408675540059381,0.6173896283382817,2021-02-01,2022-01-31
12,13,score_weighted,2021-02-01,2022-01-31,253,1000000.0,1370091.263214526,0.3700912632145259,0.3683871432128447,0.15024080528036476,2.1636761002859517,3.295888198718518,-0.10086171559731838,3.6523981476142873,0.5889328063241107,1.072869370082611,0.09262995216038582,0.9489666612465397,0.04836180802214381,2.2417992257317807,0.23194858079783565,0.13814268241669025,0.23093326449325158,0.13745387871959314,4916.823137095405,9586747.128413958,5.965552751201178,0.4971293959334315,2021-02-01,2022-01-31
12,13,top_n_equal_weight,2021-02-01,2022-01-31,253,1000000.0,1359929.2322933,0.3599292322933001,0.358277719447867,0.14533925541903506,2.1805911769877953,3.33192159717241,-0.10051705683421286,3.5643474921752833,0.5889328063241107,1.0452230541047856,0.0904727224459971,0.955692242215161,0.04320320518950097,2.32090470378529,0.23194858079783565,0.12798065149546445,0.23093326449325158,0.12734445495461544,4547.386874114114,8845108.342563687,5.5982311392011255,0.4665192616000937,2021-02-01,2022-01-31
12,14,alpha_risk_turnover,2021-03-01,2022-02-28,253,1000000.0,1296263.4106028953,0.2962634106028954,0.29493459815781775,0.15329352429316154,1.763301384876615,2.6310822558924656,-0.11109808642675667,2.6547225757327375,0.5731225296442688,1.038858834474294,0.10350519956369093,0.9552581920094995,0.04566977699743511,2.4029964237630215,0.16324073451616594,0.13302267608672946,0.1625457111938844,0.13238888696393336,5038.676716230697,9794730.144799154,6.311589194321266,0.5259657661934389,2021-03-01,2022-02-28
12,14,cvar,2021-03-01,2022-02-28,253,1000000.0,1274359.1813919563,0.27435918139195636,0.2731385804086921,0.15910609634538694,1.5977524096950126,2.3836754321550018,-0.11210774302262083,2.4363935357576403,0.5612648221343873,1.0656889913516603,0.0831068583856098,0.9441297906135506,0.05324844483251429,1.7588077219480593,0.16324073451616594,0.11111844687579042,0.1625457111938844,0.11059286921480771,4093.9152081951916,7942322.574160833,5.153630989891465,0.429469249157622,2021-03-01,2022-02-28
12,14,median_mad_de,2021-03-01,2022-02-28,253,1000000.0,1298888.679095821,0.29888867909582095,0.29754679909557935,0.1565495475318482,1.7427516122124638,2.5779892771401545,-0.12030676336853996,2.4732341787310306,0.5691699604743083,1.0518822722496792,0.10393847025868443,0.9471164101902219,0.05076474478991802,2.2115466932220147,0.16324073451616594,0.135647944579655,0.1625457111938844,0.13500108790169496,5755.833612122626,11183855.919329777,7.336242116487403,0.6113535097072836,2021-03-01,2022-02-28
12,14,score_weighted,2021-03-01,2022-02-28,253,1000000.0,1281483.748019145,0.281483748019145,0.2802281114598044,0.1572128244567156,1.6504783982545714,2.4470415483051595,-0.11606129998332793,2.4144836521739705,0.5691699604743083,1.0658783110822647,0.08834068337909813,0.9556694371089172,0.04721224383270649,2.0951767970412316,0.16324073451616594,0.11824301350297906,0.1625457111938844,0.11768240026592003,5150.47754395153,10049354.786955196,6.115526914430706,0.5096272428692254,2021-03-01,2022-02-28
12,14,top_n_equal_weight,2021-03-01,2022-02-28,253,1000000.0,1268369.1083301452,0.26836910833014516,0.26717784277370416,0.1523492402737121,1.6309220031608815,2.419999078553158,-0.11443965317953941,2.334661416305941,0.5652173913043478,1.0387098504848933,0.08169616463910653,0.9610411853474623,0.042462162916495114,2.0703456726937706,0.16324073451616594,0.10512837381397921,0.1625457111938844,0.10463213157981976,4737.934176735948,9223639.582819922,5.711957510249574,0.4759964591874644,2021-03-01,2022-02-28
12,15,alpha_risk_turnover,2021-04-01,2022-03-31,253,1000000.0,1301240.8301410098,0.30124083014100966,0.2998872243310322,0.15997025247543195,1.720092027126381,2.5745559339595605,-0.11690161016882705,2.565295926189048,0.5731225296442688,1.0262688466122534,0.1168198154601187,0.957701354270623,0.04620040609885129,2.6162725491242598,0.1545515101856756,0.14668931995533407,0.15389587480527922,0.145991349525753,5123.016405452343,9977540.566653905,6.279932984659493,0.5233277487216245,2021-04-01,2022-03-31
12,15,cvar,2021-04-01,2022-03-31,253,1000000.0,1307156.5918608396,0.30715659186083966,0.3057734212852865,0.16220919463096342,1.7264366117947656,2.595773022984092,-0.1261999937334266,2.4229273888172647,0.5533596837944664,1.0373543542169017,0.11998976123417544,0.9546844576949878,0.04859766813026862,2.5876383701782375,0.1545515101856756,0.15260508167516407,0.15389587480527922,0.15187754648000729,3869.6921818881724,7523965.965533558,4.771181110427933,0.3975984258689944,2021-04-01,2022-03-31
12,15,median_mad_de,2021-04-01,2022-03-31,253,1000000.0,1320587.5165957215,0.3205875165957215,0.31913683313609686,0.1634370309289881,1.7770829970638748,2.6530168408404267,-0.1258998279647604,2.5348472535278117,0.5612648221343873,1.042952798855504,0.12952324965674275,0.952625880214344,0.05012034298524209,2.716471177562168,0.1545515101856756,0.1660360064100459,0.15389587480527922,0.16524095833081764,5626.392348987366,10954033.877633557,7.033811584851584,0.5861509654042986,2021-04-01,2022-03-31
12,15,score_weighted,2021-04-01,2022-03-31,253,1000000.0,1296596.5195327888,0.29659651953278887,0.29526605015974594,0.16435117010642766,1.6568607148679644,2.4700767635683856,-0.12550647559245343,2.352596141083098,0.5612648221343873,1.0578180168525346,0.10909551317957866,0.9608295371828935,0.0463588649033614,2.545711501184705,0.1545515101856756,0.14204500934711328,0.15389587480527922,0.14137017535446672,5102.7789453101395,9974152.616792131,5.943474100110321,0.49528950834252666,2021-04-01,2022-03-31
12,15,top_n_equal_weight,2021-04-01,2022-03-31,253,1000000.0,1277373.6080069793,0.2773736080069793,0.27613820242998366,0.1604875645644729,1.600055699990154,2.381119200468869,-0.1273899446314105,2.1676609031345504,0.5612648221343873,1.037202595574634,0.09675832625985321,0.9647846707456176,0.042578549124503665,2.407276502861593,0.1545515101856756,0.12282209782130371,0.15389587480527922,0.12224232762470444,4658.005675265107,9084897.903882826,5.507388433105592,0.4589490360921326,2021-04-01,2022-03-31
12,16,alpha_risk_turnover,2021-05-03,2022-04-29,252,1000000.0,1127345.1959355294,0.1273451959355294,0.1273451959355294,0.17308499317110673,0.779010676550759,1.1073054412285093,-0.12785929592368672,0.995979173947085,0.5476190476190477,1.0209627221604856,0.12099438499716864,0.9614714598523785,0.04770441840923425,2.5422920980826595,0.0002916345168708645,0.12705356141865853,0.0002916345168708645,0.12705356141865853,5591.32504641042,10894391.040467482,6.680815948041252,0.5567346623367712,2021-05-03,2022-04-29
12,16,cvar,2021-05-03,2022-04-29,252,1000000.0,1136146.498579873,0.13614649857987304,0.13614649857987304,0.17476134634898088,0.8177263368222921,1.1644799916844433,-0.13105779809378082,1.0388279107394351,0.5357142857142857,1.0305719277416916,0.1289360158188708,0.9612112691584512,0.04845838245243456,2.6693103928813295,0.0002916345168708645,0.13585486406300218,0.0002916345168708645,0.13585486406300218,4084.369801074531,7950491.915374737,4.911157404482278,0.40926311704018986,2021-05-03,2022-04-29
12,16,median_mad_de,2021-05-03,2022-04-29,252,1000000.0,1159041.264661366,0.15904126466136592,0.15904126466136592,0.17757090545943133,0.9200184955372191,1.3030036413760515,-0.1260357821452307,1.2618739056032762,0.5515873015873016,1.044967157272839,0.14920242873359146,0.9592167615279482,0.050726574089974344,2.9533243337242174,0.0002916345168708645,0.15874963014449506,0.0002916345168708645,0.15874963014449506,5859.092216219069,11413815.643592559,7.140104661531611,0.595008721794301,2021-05-03,2022-04-29
12,16,score_weighted,2021-05-03,2022-04-29,252,1000000.0,1115523.191192473,0.11552319119247301,0.11552319119247301,0.17891216078903624,0.7003812476928231,0.995293205952525,-0.1422085637289674,0.8123504531882234,0.5396825396825397,1.0564474784992757,0.11098500096344348,0.9624850163930556,0.04940934662245677,2.2617224953238106,0.0002916345168708645,0.11523155667560214,0.0002916345168708645,0.11523155667560214,5461.534188346257,10678838.108722746,6.224282121183057,0.5186901767652546,2021-05-03,2022-04-29
12,16,top_n_equal_weight,2021-05-03,2022-04-29,252,1000000.0,1110212.913643586,0.11021291364358587,0.11021291364358587,0.17414361776131498,0.6873249575785546,0.976773268627731,-0.13817455092945896,0.79763540320715,0.5436507936507936,1.0330864032410434,0.10568822747500839,0.9669744755067211,0.04471099520321334,2.3738403169599263,0.0002916345168708645,0.10992127912671501,0.0002916345168708645,0.10992127912671501,4967.478806850568,9692255.452515667,5.747013694826112,0.4789178079021759,2021-05-03,2022-04-29
12,17,alpha_risk_turnover,2021-06-01,2022-05-31,253,1000000.0,1124048.500087524,0.124048500087524,0.12352908358425241,0.19291951625613407,0.7002510761561845,0.9795517457859558,-0.18328145405282115,0.6739857244293342,0.549407114624506,1.0333068071422264,0.12230308765014752,0.9690896435694905,0.04797493945472378,2.557904607607785,-0.00399019262547029,0.12803869271299428,-0.003974452496367076,0.12750353608061948,5649.783248112665,11012386.592952542,6.717078665864082,0.5597565554886735,2021-06-01,2022-05-31
12,17,cvar,2021-06-01,2022-05-31,253,1000000.0,1119637.941381679,0.11963794138167883,0.11913795385960091,0.19413152644899054,0.6769110687437052,0.9466945320321338,-0.1904895274759253,0.6254304655916476,0.5335968379446641,1.039813975499347,0.11854023003328362,0.9691040467115577,0.04842180482145281,2.4582520064132494,-0.00399019262547029,0.12362813400714912,-0.003974452496367076,0.12311240635596798,4091.485814522398,7966687.03085689,4.881661943674245,0.4068051619728537,2021-06-01,2022-05-31
12,17,median_mad_de,2021-06-01,2022-05-31,253,1000000.0,1145739.0092702287,0.14573900927022865,0.1451230578135001,0.19554657064523492,0.7908688234076994,1.1042315071161544,-0.17939349526307902,0.808964993968585,0.5454545454545454,1.0439031983871938,0.1417315258226316,0.9658748336212434,0.051267492155175766,2.7751485410682033,-0.00399019262547029,0.14972920189569894,-0.003974452496367076,0.14909751030986718,5840.680776950787,11381607.289102748,7.036333630873093,0.5863611359060911,2021-06-01,2022-05-31
12,17,score_weighted,2021-06-01,2022-05-31,253,1000000.0,1102430.9395026967,0.10243093950269677,0.10200609444961684,0.20124602501721273,0.5832889229769255,0.8118570397842377,-0.1967584446865538,0.5184331204290507,0.5375494071146245,1.0787549478211305,0.10403306431875746,0.9698538986027602,0.05106920902748988,2.0561860854396077,-0.00399019262547029,0.10642113212816706,-0.003974452496367076,0.10598054694598391,5486.243018712021,10729683.752666797,6.20941230249413,0.517451025207844,2021-06-01,2022-05-31
12,17,top_n_equal_weight,2021-06-01,2022-05-31,253,1000000.0,1093997.0727052896,0.09399707270528967,0.0936086731308381,0.19610067962699929,0.5543511832482989,0.7719152603245241,-0.1934119828900731,0.4839859026937393,0.541501976284585,1.0552689999616676,0.09564781133428828,0.9736321535451994,0.045839241209983624,2.1015152313886025,-0.00399019262547029,0.09798726533075997,-0.003974452496367076,0.09758312562720517,4969.138471770377,9696941.98515809,5.708356463152269,0.4756963719293557,2021-06-01,2022-05-31
12,18,alpha_risk_turnover,2021-07-01,2022-06-30,252,1000000.0,1010278.1451196492,0.010278145119649196,0.010278145119649196,0.20849844713418986,0.15320200754359556,0.2104752733510754,-0.2097215610265819,0.04900852859066053,0.5277777777777778,1.0193350042373879,0.12617182980782238,0.9721683474199699,0.048998798704193054,2.5385206386142922,-0.10616807630345682,0.11644622142310601,-0.10616807630345682,0.11644622142310601,5744.117961712755,11199458.580702597,6.7772845996612,0.5647737166384333,2021-07-01,2022-06-30
12,18,cvar,2021-07-01,2022-06-30,252,1000000.0,998790.2385254764,-0.001209761474523563,-0.001209761474523563,0.21212399447893215,0.10030901665048925,0.13694714268449995,-0.2269587440037889,-0.005330314457958786,0.5158730158730159,1.037934294294488,0.11722675551129294,0.9729878752372311,0.04954771257701942,2.295162066757464,-0.10616807630345682,0.10495831482893325,-0.10616807630345682,0.10495831482893325,4072.13700892376,7933082.349381724,4.810018333814249,0.4008348611511873,2021-07-01,2022-06-30
12,18,median_mad_de,2021-07-01,2022-06-30,252,1000000.0,1036889.0813311408,0.03688908133114088,0.03688908133114088,0.2096068562098462,0.2775736153691516,0.38006534058497793,-0.2081396944447902,0.177232321924667,0.5357142857142857,1.0217812885509685,0.15263692163439851,0.9693482364088023,0.051680303580044606,2.914522623851431,-0.10616807630345682,0.1430571576345977,-0.10616807630345682,0.1430571576345977,5825.544907935597,11356641.142967394,6.926063001819884,0.5771719168183236,2021-07-01,2022-06-30
12,18,score_weighted,2021-07-01,2022-06-30,252,1000000.0,969560.0195047787,-0.03043998049522134,-0.03043998049522134,0.22031066281363304,-0.03018582229219609,-0.04097844027148696,-0.23146670566916572,-0.13150911016433206,0.5198412698412699,1.0793004510831035,0.0931225213213164,0.974168774670799,0.05219006810448409,1.6438342716606233,-0.10616807630345682,0.07572809580823547,-0.10616807630345682,0.07572809580823547,5406.536934791891,10580245.960346796,6.06238598685857,0.5051988322382142,2021-07-01,2022-06-30
12,18,top_n_equal_weight,2021-07-01,2022-06-30,252,1000000.0,970499.9712284695,-0.029500028771530462,-0.029500028771530462,0.21453869033621795,-0.03234431091537159,-0.043943410268264885,-0.22702982056315457,-0.1299390040407675,0.5238095238095238,1.0547410905950134,0.09056335534029189,0.9776144312077917,0.04643382077273481,1.841394345343554,-0.10616807630345682,0.07666804753192635,-0.10616807630345682,0.07666804753192635,4878.084509296515,9525614.889263567,5.5536069899938925,0.462800582499491,2021-07-01,2022-06-30
12,19,alpha_risk_turnover,2021-08-02,2022-07-29,251,1000000.0,1089056.9731058113,0.08905697310581129,0.08942719459377702,0.21422649208731365,0.506836444348831,0.7126773368453654,-0.20972156102658157,0.42640915963067044,0.5219123505976095,1.0179293749994343,0.13660607801486377,0.9722801322354216,0.05022440455356383,2.7100848869134917,-0.047119469174483175,0.13617644228029446,-0.047302684578573895,0.1367298791723509,5747.1267740089415,11203049.56208907,6.774788582928083,0.564565715244007,2021-08-02,2022-07-29
12,19,cvar,2021-08-02,2022-07-29,251,1000000.0,1083708.7421280355,0.08370874212803558,0.08405588319707924,0.21740552067700772,0.4798936924895107,0.669677447990352,-0.22695874400378924,0.3703575447865356,0.5139442231075697,1.034133004015031,0.13280598310925576,0.973313553691732,0.05037655998825246,2.617609148302897,-0.047119469174483175,0.13082821130251876,-0.047302684578573895,0.13135856777565313,3900.2505437719856,7597121.334943431,4.585998393243456,0.38216653277028806,2021-08-02,2022-07-29
12,19,median_mad_de,2021-08-02,2022-07-29,251,1000000.0,1118895.9348193186,0.1188959348193186,0.11939684166757236,0.21528614308836447,0.6315430843326462,0.8836998275142326,-0.20813969444478952,0.5736380174193212,0.5298804780876494,1.0201683303993896,0.16405240805534888,0.9696225354404675,0.052821757839356054,3.095260129686053,-0.047119469174483175,0.16601540399380177,-0.047302684578573895,0.16669952624614626,5761.328627424012,11227200.205615884,6.811956509170635,0.5676630424308863,2021-08-02,2022-07-29
12,19,score_weighted,2021-08-02,2022-07-29,251,1000000.0,1061942.659113611,0.06194265911361119,0.0621969631731325,0.2282052984303682,0.37841561018324305,0.5270534624981825,-0.23146670566916672,0.2687080329472095,0.5258964143426295,1.0870749710993821,0.1162886284916589,0.9747218768614601,0.05400951741532645,2.1087219235223733,-0.047119469174483175,0.10906212828809436,-0.047302684578573895,0.1094996477517064,5202.199883000554,10181577.556518624,5.82702455652241,0.4855853797102008,2021-08-02,2022-07-29
12,19,top_n_equal_weight,2021-08-02,2022-07-29,251,1000000.0,1063180.393700844,0.06318039370084394,0.06343992944058385,0.22220359803994197,0.38781628200896834,0.540540352397863,-0.2270298205631549,0.2794343460397362,0.5338645418326693,1.0620064877365818,0.11541610366252204,0.9779643494049896,0.04809365477767317,2.3643197832750027,-0.047119469174483175,0.11029986287532711,-0.047302684578573895,0.11074261401915775,4648.849764002371,9078618.95717666,5.282424298711651,0.44020202489263766,2021-08-02,2022-07-29
12,20,alpha_risk_turnover,2021-09-01,2022-08-31,252,1000000.0,1020264.5380481406,0.020264538048140546,0.020264538048140546,0.21895479013600244,0.20093981652415202,0.28010273235252015,-0.20972156102658202,0.09662591651972319,0.49603174603174605,1.009631049206093,0.14197366000106082,0.9715012842382085,0.05193944442969037,2.715451471056035,-0.11241337066714163,0.13267790871528218,-0.11241337066714163,0.13267790871528218,5996.437680963799,11682415.664472584,7.0482598046749985,0.5873549837229167,2021-09-01,2022-08-31
12,20,cvar,2021-09-01,2022-08-31,252,1000000.0,1006815.2425690158,0.006815242569015778,0.006815242569015778,0.22320308186656768,0.14192419846879123,0.19615680026537285,-0.2269587440037889,0.030028552541258347,0.49206349206349204,1.0312039134768758,0.1317483236171914,0.9733734532606492,0.0515843799441935,2.4953333558405815,-0.11241337066714163,0.11922861323615741,-0.11241337066714163,0.11922861323615741,4235.43786299797,8245340.330975358,4.976435672935794,0.41470297274464946,2021-09-01,2022-08-31
12,20,median_mad_de,2021-09-01,2022-08-31,252,1000000.0,1039071.5557321184,0.0390715557321184,0.0390715557321184,0.21971018321552513,0.2841848494444593,0.3939083211356885,-0.20813969444478875,0.1877179450865512,0.5079365079365079,1.0109649905254305,0.16054467872349762,0.9694402830922666,0.053950413532443696,2.956059098009257,-0.11241337066714163,0.15148492639926003,-0.11241337066714163,0.15148492639926003,6246.956795810617,12168185.129192743,7.364188091270082,0.6136823409391735,2021-09-01,2022-08-31
12,20,score_weighted,2021-09-01,2022-08-31,252,1000000.0,990535.8019387694,-0.009464198061230555,-0.009464198061230555,0.234399056851341,0.0765002700672734,0.10567787257109668,-0.23146670566916538,-0.04088794556378965,0.5,1.0848085987363576,0.1232039185193409,0.975062358036202,0.05500354044957483,2.09029992684687,-0.11241337066714163,0.10294917260591108,-0.11241337066714163,0.10294917260591108,5542.890624266969,10843475.410236677,6.207996498481894,0.5173330415401578,2021-09-01,2022-08-31
12,20,top_n_equal_weight,2021-09-01,2022-08-31,252,1000000.0,993978.9173152281,-0.006021082684771861,-0.006021082684771861,0.22812456238617124,0.08745028076765517,0.12094224473184757,-0.2270298205631549,-0.02652110929672749,0.5119047619047619,1.0588852361969594,0.12270622153216602,0.977939473364326,0.049241088936846256,2.3758991724602074,-0.11241337066714163,0.10639228798236977,-0.11241337066714163,0.10639228798236977,5067.097453649876,9891220.456222314,5.763114471060571,0.4802595392550475,2021-09-01,2022-08-31
12,21,alpha_risk_turnover,2021-10-01,2022-09-30,252,1000000.0,966791.5826167385,-0.033208417383261524,-0.033208417383261524,0.22726512749616698,-0.03507898887843855,-0.04815478735008254,-0.20972156102658157,-0.15834527084724712,0.5,1.009959747177568,0.13797442505555263,0.9728455872968783,0.05264684028209062,2.5934161892120033,-0.15508960640621916,0.12188118902295764,-0.15508960640621916,0.12188118902295764,5844.923425006171,11382532.040751778,6.848970541834963,0.5707475451529136,2021-10-01,2022-09-30
12,21,cvar,2021-10-01,2022-09-30,252,1000000.0,936776.4277300672,-0.0632235722699328,-0.0632235722699328,0.23045642277522047,-0.16818848187086882,-0.22851635339594661,-0.22819415460527492,-0.27706043732494157,0.4880952380952381,1.0260061512849297,0.10950536416879282,0.9746165850315829,0.05190786219565054,2.0372112898001937,-0.15508960640621916,0.09186603413628636,-0.15508960640621916,0.09186603413628636,4252.930238024844,8277778.838190908,4.9984066331306085,0.41653388609421743,2021-10-01,2022-09-30
12,21,median_mad_de,2021-10-01,2022-09-30,252,1000000.0,975683.0260289356,-0.02431697397106447,-0.02431697397106447,0.22658468280023986,0.004558553499214308,0.006226818572158226,-0.20813969444478964,-0.11683006471172995,0.503968253968254,1.0046975200038404,0.14621912357343894,0.9706830173459483,0.05447233272483382,2.6718205352462037,-0.15508960640621916,0.1307726324351547,-0.15508960640621916,0.1307726324351547,6384.650893453088,12429248.488146488,7.505604440188089,0.6254670366823407,2021-10-01,2022-09-30
12,21,score_weighted,2021-10-01,2022-09-30,252,1000000.0,931052.5368259643,-0.06894746317403566,-0.06894746317403566,0.24304642582232153,-0.17243740828444518,-0.23468409076870883,-0.23146670566916572,-0.29787205453462473,0.49206349206349204,1.0845432046648917,0.11481422160723591,0.9768553694457662,0.055183958128862884,1.859183474609576,-0.15508960640621916,0.0861421432321835,-0.15508960640621916,0.0861421432321835,5660.33157017529,11069886.384212893,6.356724615700309,0.5297270513083591,2021-10-01,2022-09-30
12,21,top_n_equal_weight,2021-10-01,2022-09-30,252,1000000.0,937960.7445307119,-0.062039255469288124,-0.062039255469288124,0.2363699497656374,-0.1528267704083978,-0.2083617340812743,-0.22702982056315413,-0.27326478660555664,0.503968253968254,1.0573400401641913,0.11666980278402193,0.9792533481122097,0.049515448086719295,2.1888874466859525,-0.15508960640621916,0.09305035093693104,-0.15508960640621916,0.09305035093693104,5213.977902828064,10173591.076042062,5.944425519390208,0.49536879328251743,2021-10-01,2022-09-30
12,22,alpha_risk_turnover,2021-11-01,2022-10-31,252,1000000.0,969148.479854219,-0.030851520145780964,-0.030851520145780964,0.23754340898733325,-0.013437089974146372,-0.01891960494911271,-0.2097215610265819,-0.1471070499130539,0.4722222222222222,1.0001998135084058,0.1283712479913531,0.9719733543507485,0.055844346791464085,2.298262447758224,-0.14631643194258415,0.11546491179680318,-0.14631643194258415,0.11546491179680318,6013.98791315659,11708319.552100137,7.0773402553115865,0.589778354609299,2021-11-01,2022-10-31
12,22,cvar,2021-11-01,2022-10-31,252,1000000.0,934749.4969427831,-0.06525050305721691,-0.06525050305721691,0.24114304643201334,-0.15945027000598921,-0.22204723875151486,-0.2281941546052757,-0.28594292071190663,0.46825396825396826,1.0183535927192477,0.09550070735271905,0.9748424479700981,0.05391630950584208,1.726500465244194,-0.14631643194258415,0.08106592888536723,-0.14631643194258415,0.08106592888536723,4465.868484426977,8687601.15504032,5.296774628037799,0.44139788566981647,2021-11-01,2022-10-31
12,22,median_mad_de,2021-11-01,2022-10-31,252,1000000.0,977100.6233003072,-0.022899376699692775,-0.022899376699692775,0.23618520966640097,0.01974476328514323,0.02766800651246766,-0.2081396944447893,-0.11001926740008267,0.4801587301587302,0.9926574993177213,0.13523446890151108,0.9701911416074764,0.05726244449195142,2.3785271406846142,-0.14631643194258415,0.12341705524289137,-0.14631643194258415,0.12341705524289137,6447.637999855042,12547399.880675629,7.594066499945775,0.6328388749954812,2021-11-01,2022-10-31
12,22,score_weighted,2021-11-01,2022-10-31,252,1000000.0,911242.7159274314,-0.08875728407256867,-0.08875728407256867,0.2534331826914818,-0.24019181789632257,-0.3330171787729183,-0.23146670566916605,-0.3834559437650999,0.4642857142857143,1.0730229199518213,0.08026948584586288,0.9773634545463867,0.056205430509998384,1.2572500522213652,-0.14631643194258415,0.05755914787001548,-0.14631643194258415,0.05755914787001548,5758.540334406112,11257827.490738807,6.5079852478165625,0.5423321039847134,2021-11-01,2022-10-31
12,22,top_n_equal_weight,2021-11-01,2022-10-31,252,1000000.0,917565.0017475638,-0.08243499825243616,-0.08243499825243616,0.24687204270432278,-0.22523616504314514,-0.3129937342033307,-0.22702982056315435,-0.3631020720007339,0.47619047619047616,1.0472243256154712,0.08214408453467924,0.979215740661261,0.05124389159779436,1.4817833460157561,-0.14631643194258415,0.06388143369014798,-0.14631643194258415,0.06388143369014798,5319.409927259447,10375926.354338191,6.100556280879653,0.5083796900733044,2021-11-01,2022-10-31
12,23,alpha_risk_turnover,2021-12-01,2022-11-30,252,1000000.0,1034659.8651519591,0.03465986515195918,0.03465986515195918,0.2467933253622386,0.2609035410529617,0.3806122607457261,-0.20972156102658168,0.1652661032194307,0.4642857142857143,0.9955919531953282,0.13100648989210745,0.9748224894803934,0.055040855647527386,2.38552690379456,-0.09155957689358574,0.12621944204554492,-0.09155957689358574,0.12621944204554492,5912.856188239482,11502368.992608987,6.9702999232127105,0.5808583269343927,2021-12-01,2022-11-30
12,23,cvar,2021-12-01,2022-11-30,252,1000000.0,1002033.9395059445,0.0020339395059445486,0.0020339395059445486,0.24998576039768156,0.13261113251264467,0.19108367745603536,-0.2281941546052757,0.008913197226558253,0.46825396825396826,1.011641460550201,0.10084203987210069,0.9778875583837704,0.052355490085832984,1.9112242879234003,-0.09155957689358574,0.09359351639953029,-0.09155957689358574,0.09359351639953029,4201.947688827562,8168749.411793491,5.015458998132871,0.4179549165110725,2021-12-01,2022-11-30
12,23,median_mad_de,2021-12-01,2022-11-30,252,1000000.0,1019607.5127930278,0.019607512793027748,0.019607512793027748,0.2431727056456014,0.2009569466792327,0.28936872759000437,-0.20813969444478908,0.09420362053154074,0.4801587301587302,0.980048489081505,0.11444443462348575,0.9738909014883034,0.05541435307488712,2.089340170507969,-0.09155957689358574,0.11116708968661349,-0.09155957689358574,0.11116708968661349,6312.5152816637265,12272864.40116221,7.442482831811191,0.6202069026509326,2021-12-01,2022-11-30
12,23,score_weighted,2021-12-01,2022-11-30,252,1000000.0,977245.6229985874,-0.022754377001412585,-0.022754377001412585,0.26542517416217576,0.04539503093891876,0.06546323299335269,-0.2314667056691656,-0.0983051836143351,0.45634920634920634,1.0762405946720763,0.08406259856809169,0.9798166838386656,0.05616550176393819,1.405866073888857,-0.09155957689358574,0.06880519989217315,-0.09155957689358574,0.06880519989217315,5596.717506746625,10933610.67280249,6.36732197822489,0.5306101648520741,2021-12-01,2022-11-30
12,23,top_n_equal_weight,2021-12-01,2022-11-30,252,1000000.0,984098.9259136503,-0.015901074086349665,-0.015901074086349665,0.2575686921817041,0.06599750505471816,0.09509608999588547,-0.2270298205631549,-0.07003958355297348,0.4722222222222222,1.0461332073723777,0.0869979544360938,0.9814574754919743,0.05061370702449958,1.6578726486757347,-0.09155957689358574,0.07565850280723607,-0.09155957689358574,0.07565850280723607,5107.2782828203035,9954139.877924815,5.894536692649488,0.49121139105412404,2021-12-01,2022-11-30
12,24,alpha_risk_turnover,2022-01-03,2022-12-30,251,1000000.0,945883.0698404305,-0.05411693015956953,-0.0543265700934491,0.2471264763204662,-0.10300293465749871,-0.14797836317922172,-0.20972156102658157,-0.2590414158063766,0.4581673306772908,0.9940285628073601,0.14554347636177412,0.9751359933883285,0.05478416082114643,2.6754213889954626,-0.1817539295653512,0.12763699940578166,-0.18240758767354603,0.12808101758009693,5888.569052704408,11445446.98824048,6.9250947612820095,0.5770912301068342,2022-01-03,2022-12-30
12,24,cvar,2022-01-03,2022-12-30,251,1000000.0,926356.5818926599,-0.0736434181073401,-0.07392569624987044,0.24939421252038194,-0.18370758950802285,-0.26105283611985075,-0.22819415460527503,-0.32395964032358937,0.46613545816733065,1.0063682707061279,0.1273053630604033,0.9782642093204263,0.05173800491915499,2.4394032686316356,-0.1817539295653512,0.1081105114580111,-0.18240758767354603,0.10848189142367559,4418.001502835424,8581820.630474333,5.252284968564041,0.43769041404700343,2022-01-03,2022-12-30
12,24,median_mad_de,2022-01-03,2022-12-30,251,1000000.0,942383.9889951162,-0.05761601100488378,-0.05783878698077882,0.24142416846859835,-0.1265023589935979,-0.17932379564690945,-0.20813969444478952,-0.27788446185175386,0.47410358565737054,0.9710422774612189,0.1365032753323234,0.9750861650935502,0.05401242974146899,2.619484844127728,-0.1817539295653512,0.12413791856046741,-0.18240758767354603,0.12456880069276721,6256.660337476547,12156048.760756988,7.370394816077442,0.6141995680064535,2022-01-03,2022-12-30
12,24,score_weighted,2022-01-03,2022-12-30,251,1000000.0,880864.8660037057,-0.11913513399629438,-0.1195801953675133,0.2658115157873121,-0.34669554967946176,-0.49190038806198766,-0.23146670566916627,-0.5166194205849562,0.44223107569721115,1.0747488975535795,0.09272851243365268,0.9802092947355017,0.055653965925653595,1.4351142281813256,-0.1817539295653512,0.0626187955690568,-0.18240758767354603,0.06282739230603274,5669.580885765636,11066976.08180255,6.45785922449649,0.5381549353747074,2022-01-03,2022-12-30
12,24,top_n_equal_weight,2022-01-03,2022-12-30,251,1000000.0,888724.5354518453,-0.11127546454815473,-0.11169305968177712,0.2577696079305196,-0.3310298091635076,-0.4690311600643903,-0.22702982056315413,-0.49197528062489415,0.4541832669322709,1.0439370370200451,0.0942543331631481,0.9818116813748125,0.050085209340417006,1.730970978298068,-0.1817539295653512,0.07047846501719646,-0.18240758767354603,0.07071452799176892,5227.867082420501,10181985.769364338,6.032801233623401,0.5027334361352834,2022-01-03,2022-12-30
12,25,alpha_risk_turnover,2022-02-01,2023-01-31,251,1000000.0,1034457.9124417999,0.034457912441799854,0.03459754291036243,0.24490581040131523,0.26080899547376235,0.37847626750850316,-0.2013480081646365,0.17182957619363692,0.4701195219123506,0.9880903294447033,0.11985243230050846,0.9747737499682063,0.05473750560028438,2.2019117554155714,-0.08187301573570183,0.11633092817750168,-0.08218541680994607,0.1167829597203085,5975.332940001403,11609305.107638627,7.040546833329609,0.5867122361108008,2022-02-01,2023-01-31
12,25,cvar,2022-02-01,2023-01-31,251,1000000.0,1008540.3788255836,0.008540378825583561,0.008574549701192424,0.24725066125927497,0.157690978210438,0.22602177877932095,-0.21471266900885155,0.039934996573671847,0.47410358565737054,1.0000466996816093,0.09564536298537268,0.9772126598464445,0.052482072962834074,1.8223883296648855,-0.08187301573570183,0.09041339456128539,-0.08218541680994607,0.09075996651113849,4629.338494772004,8988701.658208027,5.5129608683219455,0.45941340569349554,2022-02-01,2023-01-31
12,25,median_mad_de,2022-02-01,2023-01-31,251,1000000.0,1040780.0623409515,0.04078006234095155,0.040945814546553105,0.23815314501027837,0.2871461784995143,0.4128014954060185,-0.1946941789015414,0.2103083655483083,0.47808764940239046,0.9610590341038053,0.12283214139674942,0.9749896598836256,0.053759263319838595,2.325892812004676,-0.08187301573570183,0.12265307807665338,-0.08218541680994607,0.12313123135649917,6388.13715727718,12407337.797906598,7.5412201104307774,0.6284350092025649,2022-02-01,2023-01-31
12,25,score_weighted,2022-02-01,2023-01-31,251,1000000.0,1010440.7011036094,0.010440701103609396,0.010482514783566765,0.26608156076903433,0.17165324938115206,0.24760871351328387,-0.21828188007289095,0.0480228353359717,0.4581673306772908,1.07821215600508,0.10675827699200127,0.979029346420643,0.057405228343607284,1.7825429164893414,-0.08187301573570183,0.09231371683931122,-0.08218541680994607,0.09266793159351283,5705.531919787404,11134923.860189535,6.550798676942735,0.545899889745228,2022-02-01,2023-01-31
12,25,top_n_equal_weight,2022-02-01,2023-01-31,251,1000000.0,1016924.4641038899,0.016924464103889925,0.01699246192157977,0.25827183867983194,0.19384818632410733,0.27915372832342067,-0.2103603611726692,0.08077787006475008,0.47410358565737054,1.0482813993101796,0.10945435730973442,0.9806343253195844,0.05190959638279072,2.0558635317957297,-0.08187301573570183,0.09879747983959175,-0.08218541680994607,0.09917787873152584,5276.227215670289,10275462.778105706,6.134410582336286,0.5112008818613571,2022-02-01,2023-01-31
12,26,alpha_risk_turnover,2022-03-01,2023-02-28,251,1000000.0,1016016.6017004313,0.016016601700431288,0.016080923210879394,0.23957331676263946,0.18583576512055008,0.26989721828690255,-0.20134800816463672,0.07986631383872676,0.46215139442231074,0.9807352637952435,0.09658308112344134,0.9729184004746906,0.05556604629534248,1.7565716030894403,-0.07773466609301005,0.09375126779344134,-0.07803195620238412,0.09411287941326352,5820.67212235619,11299604.941652238,6.8525357687622375,0.5710446473968532,2022-03-01,2023-02-28
12,26,cvar,2022-03-01,2023-02-28,251,1000000.0,1000936.5208076646,0.0009365208076645981,0.0009402537198304195,0.2421199925344908,0.12445548231720244,0.17912091995076404,-0.2147126690088511,0.004379125480442234,0.46613545816733065,0.9933665875302761,0.08286547780288249,0.9750838594807467,0.05373420239498667,1.5486897569094722,-0.07773466609301005,0.07867118690067465,-0.07803195620238412,0.07897220992221454,4608.959151665847,8942664.266202457,5.486074763508013,0.45717289695900104,2022-03-01,2023-02-28
12,26,median_mad_de,2022-03-01,2023-02-28,251,1000000.0,1029662.8004386757,0.02966280043867564,0.029782721583814675,0.2321937994200891,0.2420330857220644,0.34921731661095584,-0.1946941789015415,0.1529718132912235,0.47410358565737054,0.9510946626330619,0.10668691729676312,0.9735005423850157,0.05435638602361321,2.0104910967958554,-0.07773466609301005,0.10739746653168569,-0.07803195620238412,0.1078146777861988,6468.538851337672,12554306.873119855,7.609298983125863,0.634108248593822,2022-03-01,2023-02-28
12,26,score_weighted,2022-03-01,2023-02-28,251,1000000.0,1017749.811481153,0.017749811481152955,0.01782115428250375,0.26220244537404813,0.1978792677540171,0.28682551102035486,-0.2182818800728913,0.08164284766354722,0.4541832669322709,1.0802391434349623,0.10922832695818431,0.9791432715557202,0.056582341828667164,1.8551525599112992,-0.07773466609301005,0.09548447757416301,-0.07803195620238412,0.09585311048488787,5783.102214033062,11279402.448583629,6.628831916379184,0.5524026596982654,2022-03-01,2023-02-28
12,26,top_n_equal_weight,2022-03-01,2023-02-28,251,1000000.0,1024755.9006131652,0.024755900613165238,0.02485574543762481,0.25440739500037285,0.22317340905027655,0.322835521099604,-0.2103603611726691,0.11815793288747296,0.47410358565737054,1.0498805377997324,0.11250929485989192,0.9807836679464277,0.0510305609753799,2.1528553071978926,-0.07773466609301005,0.10249056670617529,-0.07803195620238412,0.10288770164000893,5364.498749705019,10442254.543443505,6.2226402092684205,0.5185533507723684,2022-03-01,2023-02-28
12,27,alpha_risk_turnover,2022-04-01,2023-03-31,251,1000000.0,991548.5991620554,-0.0084514008379446,-0.00848492850500937,0.23449980700111037,0.08040922815095917,0.1156421086300421,-0.18905541044924756,-0.04488064364223616,0.46613545816733065,0.9770204817882133,0.07212782783138079,0.9733580422871774,0.05403591435366837,1.3580001952306042,-0.07819044645635764,0.06973904561841304,-0.0784894044682517,0.07000447596324233,5771.9163132570375,11194425.508639079,6.78087085801516,0.5650725715012633,2022-04-01,2023-03-31
12,27,cvar,2022-04-01,2023-03-31,251,1000000.0,962989.9490709871,-0.037010050929012994,-0.03715472759005889,0.2376939902118187,-0.04088086321989325,-0.05811948148604512,-0.20193564155723287,-0.1839929162753988,0.47808764940239046,0.9913810017800918,0.044337748812086,0.9743922786153361,0.0534845547888988,0.8377689303772218,-0.07819044645635764,0.04118039552734465,-0.0784894044682517,0.04133467687819281,4927.473379753819,9551722.832736248,5.848789624720957,0.4873991353934131,2022-04-01,2023-03-31
12,27,median_mad_de,2022-04-01,2023-03-31,251,1000000.0,982630.0363472097,-0.01736996365279031,-0.017438559763170325,0.22716008654976505,0.0357247976661921,0.050687616920303886,-0.17895329394570103,-0.09744754834443911,0.4820717131474104,0.94510000216658,0.05964666863381297,0.9719796709104274,0.054916114435241185,1.140650290597851,-0.07819044645635764,0.06082048280356733,-0.0784894044682517,0.061050844705081375,6781.163646367115,13143923.308132006,7.941119700278318,0.6617599750231932,2022-04-01,2023-03-31
12,27,score_weighted,2022-04-01,2023-03-31,251,1000000.0,1005693.2020129897,0.005693202012989618,0.005715948794610126,0.25789565712318163,0.15049131151362397,0.21665046540338723,-0.20612653784519575,0.02773029059898582,0.46215139442231074,1.0811326575334872,0.09775963409783169,0.9793691064557902,0.05545524307717628,1.6830850295521902,-0.07819044645635764,0.08388364846934726,-0.0784894044682517,0.08420535326286183,5957.158345185142,11608493.83556367,6.803982874650103,0.5669985728875085,2022-04-01,2023-03-31
12,27,top_n_equal_weight,2022-04-01,2023-03-31,251,1000000.0,1008312.0700672475,0.008312070067247435,0.008345323683321082,0.24986324543337346,0.15768758557355989,0.226366611760792,-0.19823840716549168,0.04209741090360109,0.47808764940239046,1.04911319025584,0.09660305418928562,0.980915085721259,0.049919082671965126,1.881548310340829,-0.07819044645635764,0.08650251652360508,-0.0784894044682517,0.08683472815157278,5542.361617837385,10779057.49759392,6.402451413146981,0.5335376177622484,2022-04-01,2023-03-31
12,28,alpha_risk_turnover,2022-05-02,2023-04-28,250,1000000.0,1102527.0188509775,0.10252701885097748,0.10338825079029612,0.2260561655781872,0.547812556932882,0.8053162805990162,-0.13941585742906748,0.7415817160031338,0.484,0.9737693958781236,0.07343078491729355,0.9700751903791539,0.055204451819549284,1.3055649882506177,0.02664291473523317,0.07588410411574431,0.026858895262252158,0.07652935552804396,5543.450891047027,10735911.974960081,6.52914374958687,0.5440953124655724,2022-05-02,2023-04-28
12,28,cvar,2022-05-02,2023-04-28,250,1000000.0,1066707.9289731046,0.06670792897310451,0.0672591514690839,0.22969885763793377,0.39779621594785547,0.5775313350491575,-0.15884230704686297,0.42343348393473373,0.496,0.9892987074115352,0.040163865150495304,0.9699162587890123,0.055969521735071553,0.707705346826948,0.02664291473523317,0.040065014237871344,0.026858895262252158,0.04040025620683174,5041.482273369794,9762321.061835488,5.995458278349313,0.4996215231957761,2022-05-02,2023-04-28
12,28,median_mad_de,2022-05-02,2023-04-28,250,1000000.0,1087504.90491761,0.0875049049176102,0.088234961297748,0.21763607379715857,0.49695542079485305,0.7223878714204575,-0.14546377227786433,0.6065768810752543,0.492,0.9340262888349652,0.05980704408428311,0.9664821792564204,0.05781606647763687,0.9753693650390579,0.02664291473523317,0.060861990182377035,0.026858895262252158,0.061376066035495835,6696.097881410673,12965597.121503595,7.852454530666548,0.6543712108888791,2022-05-02,2023-04-28
12,28,score_weighted,2022-05-02,2023-04-28,250,1000000.0,1125876.0307315004,0.12587603073150033,0.1269444210781001,0.24944862353720473,0.6033757161744042,0.8854097883734073,-0.15229833197877463,0.833524697406351,0.484,1.0852179217406028,0.09433666535946386,0.9797188828764831,0.05354127108439684,1.8443311727726173,0.02664291473523317,0.09923311599626716,0.026858895262252158,0.10008552581584795,5919.1449838683475,11521885.934697747,6.756467675054779,0.5630389729212316,2022-05-02,2023-04-28
12,28,top_n_equal_weight,2022-05-02,2023-04-28,250,1000000.0,1119353.7248936775,0.11935372489367757,0.12036385077737832,0.24180227459992257,0.5905260349370882,0.8633567633955548,-0.15010552255759146,0.8018615752874645,0.496,1.0529139828615377,0.08828812386472787,0.98061412473799,0.04885633521778043,1.863159229357741,0.02664291473523317,0.0927108101584444,0.026858895262252158,0.09350495551512616,5493.463344453341,10673432.300547572,6.341884346079114,0.5284903621732596,2022-05-02,2023-04-28
12,29,alpha_risk_turnover,2022-06-01,2023-05-31,251,1000000.0,1096445.7854758922,0.09644578547589222,0.09684806634158494,0.21020494260865766,0.5442468739437609,0.8238091297251978,-0.13941585742906737,0.6946703777284426,0.4701195219123506,0.9634975583741376,0.06557395574636891,0.9621637309172011,0.05778521889509504,1.102773980214974,0.02905929633682347,0.06738648913906875,0.02917674322281205,0.06767132311877289,5546.023511153277,10732685.16216186,6.491728756116268,0.5409773963430224,2022-06-01,2023-05-31
12,29,cvar,2022-06-01,2023-05-31,251,1000000.0,1070800.7122848432,0.0708007122848433,0.07109258448938416,0.2139916733619697,0.4273387118765212,0.6373233226376644,-0.15884230704686286,0.4475670607605182,0.4820717131474104,0.9809191418337337,0.04173458441633574,0.9622271833530974,0.058396278474563856,0.6981194700756621,0.02905929633682347,0.04174141594801983,0.02917674322281205,0.04191584126657211,5000.325571313224,9674033.008025814,5.924265778721934,0.4936888148934946,2022-06-01,2023-05-31
12,29,median_mad_de,2022-06-01,2023-05-31,251,1000000.0,1062844.5529249762,0.06284455292497615,0.06310266855630697,0.20260917309027854,0.40275365791222995,0.598528118323471,-0.145463772277864,0.4338033282662892,0.47808764940239046,0.924784750750933,0.034734098246109804,0.9581264795286889,0.060126220525448616,0.5142887454873666,0.02905929633682347,0.03378525658815268,0.02917674322281205,0.03392592533349492,6648.215083468042,12857365.69356674,7.747892860771964,0.6456577383976637,2022-06-01,2023-05-31
12,29,score_weighted,2022-06-01,2023-05-31,251,1000000.0,1159044.9854747036,0.15904498547470358,0.15972674304015344,0.23298193031604023,0.7519459772843958,1.1426312696398682,-0.15229833197877463,1.048775393432504,0.47808764940239046,1.0820887871827214,0.12035027208167212,0.974949104462225,0.05461151912097511,2.2799306853474057,0.02905929633682347,0.1299856891378801,0.02917674322281205,0.1305499998173414,5925.778965903515,11526829.399116822,6.709601673411616,0.5591334727843014,2022-06-01,2023-05-31
12,29,top_n_equal_weight,2022-06-01,2023-05-31,251,1000000.0,1149509.017686364,0.14950901768636404,0.15014730931839804,0.2253211914205931,0.7329808243373076,1.1082242231830908,-0.15010552255759102,1.0002783825677766,0.4900398406374502,1.0475093751183457,0.11206902145397382,0.9758816833328814,0.05018846941941707,2.280937571690308,0.02905929633682347,0.12044972134954057,0.02917674322281205,0.12097056609558599,5506.800044318396,10689568.418229975,6.308217503269441,0.5256847919391202,2022-06-01,2023-05-31
12,30,alpha_risk_turnover,2022-07-01,2023-06-30,251,1000000.0,1245998.8135068102,0.2459988135068103,0.24709109208560598,0.19644427957332758,1.2220030395096457,1.9326899367785786,-0.13941585742906748,1.7723313304680703,0.4940239043824701,0.9644518847306957,0.05010967747105281,0.9522113509046426,0.06039674153868638,0.7137568106996076,0.19421762664062792,0.05178118686618238,0.1950624001810224,0.05202869190458359,5694.841050652298,11016293.140644923,6.606039501252705,0.5505032917710587,2022-07-01,2023-06-30
12,30,cvar,2022-07-01,2023-06-30,251,1000000.0,1234759.6956986354,0.23475969569863553,0.23579750866939708,0.19765867697643635,1.1696507799675147,1.838223539379127,-0.15884230704686286,1.4844754716376054,0.5059760956175299,0.9721407989075246,0.03973148845715125,0.9539057370441839,0.05956421719306865,0.5749207526097259,0.19421762664062792,0.04054206905800761,0.1950624001810224,0.040735108488374694,5079.518543784644,9827483.601688486,5.988642825436026,0.4990535687863355,2022-07-01,2023-06-30
12,30,median_mad_de,2022-07-01,2023-06-30,251,1000000.0,1208653.9462595899,0.20865394625958977,0.20956683563741496,0.190229010015427,1.0949882415391856,1.70518468139533,-0.145463772277864,1.4406806062825162,0.4940239043824701,0.9279903976846017,0.025533677517720475,0.9461476378988338,0.06314770301073194,0.1797628022830171,0.19421762664062792,0.014436319618961857,0.1950624001810224,0.014504435456392573,6618.336173417152,12791467.363876667,7.675481057500073,0.6396234214583395,2022-07-01,2023-06-30
12,30,score_weighted,2022-07-01,2023-06-30,251,1000000.0,1357793.2175549888,0.3577932175549887,0.35944879040238953,0.21629927382298167,1.527833249105012,2.449059801493194,-0.15229833197877396,2.3601623585246254,0.50199203187251,1.0809563070598742,0.11757820576810274,0.9692710762823946,0.05547692918677475,2.4068077153099474,0.19421762664062792,0.1635755909143608,0.1950624001810224,0.16438639022136714,6155.722573516132,11966841.52504189,6.871548315660688,0.5726290263050572,2022-07-01,2023-06-30
12,30,top_n_equal_weight,2022-07-01,2023-06-30,251,1000000.0,1340144.6313288412,0.3401446313288412,0.34170874756621017,0.20922877285010116,1.5095241119927545,2.4065092385493396,-0.15010552255759124,2.276456866769217,0.5139442231075697,1.0463417824656056,0.1097620850486857,0.9699388051108488,0.05170283843242533,2.299466722309274,0.19421762664062792,0.1459270046882133,0.1950624001810224,0.14664634738518778,5748.723713706648,11153759.574640162,6.496754814763831,0.5413962345636527,2022-07-01,2023-06-30
12,31,alpha_risk_turnover,2022-08-01,2023-07-31,251,1000000.0,1203707.890722021,0.2037078907220209,0.20459736465420186,0.19013742200739367,1.0737479803785865,1.6588483194081594,-0.13941585742906726,1.4675329508933228,0.5099601593625498,0.9635345122671907,0.06971483144768446,0.9485024661338375,0.060615272476098554,1.0661783846287618,0.12931286831891886,0.07439502240310203,0.12986015237228354,0.07473721228191832,5640.039641973358,10912156.474501055,6.4224939463459165,0.5352078288621597,2022-08-01,2023-07-31
12,31,cvar,2022-08-01,2023-07-31,251,1000000.0,1187489.436200354,0.18748943620035408,0.18830270181516662,0.1921467082115528,0.9935863726219635,1.5266557839580925,-0.15884230704686286,1.185469446497098,0.5179282868525896,0.978112880945952,0.05443534617682332,0.952784800067534,0.05848829723512652,0.8784897777786269,0.12931286831891886,0.058176567881435215,0.12986015237228354,0.058442549442883074,5034.238015632507,9743370.359677374,5.851480218728627,0.4876233515607189,2022-08-01,2023-07-31
12,31,median_mad_de,2022-08-01,2023-07-31,251,1000000.0,1158835.440283983,0.1588354402839831,0.15951623933699066,0.18408183492379185,0.8956704799835129,1.3618017325299627,-0.14546377227786378,1.0966045829767426,0.5059760956175299,0.926910129954901,0.035542133204692766,0.9424655499498332,0.0630414103537763,0.40201647960893544,0.12931286831891886,0.029522571965064248,0.12986015237228354,0.029656086964707118,6548.209318185049,12647758.29796886,7.471099710440757,0.6225916425367296,2022-08-01,2023-07-31
12,31,score_weighted,2022-08-01,2023-07-31,251,1000000.0,1292787.0210745148,0.29278702107451493,0.29411036000871005,0.20860289325644474,1.340089337097558,2.102932228887969,-0.15229833197877407,1.931146298107194,0.5139442231075697,1.0800090179762287,0.12884963668654317,0.9690492388334406,0.053630510255009214,2.6107067169877065,0.12931286831891886,0.16347415275559607,0.12986015237228354,0.1642502076364265,6190.223047299829,12033901.27259028,6.7711421228281505,0.5642618435690124,2022-08-01,2023-07-31
12,31,top_n_equal_weight,2022-08-01,2023-07-31,251,1000000.0,1272545.7136579764,0.2725457136579763,0.27376824552629087,0.20174502809036038,1.3001534530005017,2.02779881261489,-0.15010552255759135,1.8238385960866532,0.5179282868525896,1.044935871312533,0.11649647930056382,0.9694503868080401,0.05019519334690509,2.4457822976490977,0.12931286831891886,0.14323284533905745,0.12986015237228354,0.14390809315400732,5759.889080712141,11172118.088861993,6.386096970982208,0.5321747475818507,2022-08-01,2023-07-31
12,32,alpha_risk_turnover,2022-09-01,2023-08-31,251,1000000.0,1206360.2944193205,0.20636029441932058,0.20726231517525084,0.18600590824505858,1.105289434347307,1.7255203002728152,-0.12293825279234505,1.6859058142410526,0.5139442231075697,0.9708429069094606,0.046472576559428755,0.9481190047779146,0.059370905728065484,0.7022602993431925,0.15821700468844813,0.04814328973087245,0.15889497574573452,0.04836733942951632,5685.823474868206,11003034.159075854,6.36781529580114,0.530651274650095,2022-09-01,2023-08-31
12,32,cvar,2022-09-01,2023-08-31,251,1000000.0,1203542.3919273855,0.20354239192738555,0.20443108376562646,0.1863889768564356,1.0907912770938046,1.6990634097119712,-0.13029534994852054,1.5689821919692208,0.5219123505976095,0.9765268006911291,0.043262111054848396,0.9517098668177614,0.05737986125350574,0.686912344502413,0.15821700468844813,0.04532538723893742,0.15889497574573452,0.04553610801989194,4933.08737408759,9551066.44557857,5.66421070812587,0.47201755901048914,2022-09-01,2023-08-31
12,32,median_mad_de,2022-09-01,2023-08-31,251,1000000.0,1177267.033840633,0.17726703384063303,0.17803272055305075,0.17916168239515146,1.0037514383665325,1.5442265633768317,-0.12386219510893959,1.4373451108021051,0.5099601593625498,0.9274182229318049,0.02783316309519854,0.9403101465188899,0.06238131499991351,0.2554813300064781,0.15821700468844813,0.0190500291521849,0.15889497574573452,0.019137744807316226,6408.732472051626,12381968.425649615,7.222197527098681,0.60184979392489,2022-09-01,2023-08-31
12,32,score_weighted,2022-09-01,2023-08-31,251,1000000.0,1300444.9741269443,0.3004449741269444,0.3018067836340639,0.20345456757502176,1.3979397345532127,2.2195431962066148,-0.12669404208639634,2.3821702951765724,0.5179282868525896,1.0851627677046511,0.10656280656423062,0.9688757131886777,0.05268704356238583,2.2874824807011223,0.15821700468844813,0.14222796943849625,0.15889497574573452,0.14291180788832936,6118.073948211004,11895059.167894427,6.5665044384685185,0.5472087032057099,2022-09-01,2023-08-31
12,32,top_n_equal_weight,2022-09-01,2023-08-31,251,1000000.0,1281342.1842801622,0.2813421842801622,0.28260836771415665,0.1965673204310722,1.3643569619101947,2.1515257780933106,-0.12595252819769875,2.2437689164171943,0.5179282868525896,1.048719446670208,0.0963065085333055,0.9691447179546465,0.04925396582308405,2.117422532191642,0.15821700468844813,0.1231251795917141,0.15889497574573452,0.12371339196842213,5632.34646620729,10924789.838362083,6.137908491347713,0.5114923742789761,2022-09-01,2023-08-31
12,33,alpha_risk_turnover,2022-10-03,2023-09-29,250,1000000.0,1250457.5160184838,0.25045751601848387,0.25269542924669586,0.17480986484062222,1.3759410259635727,2.2607340747837963,-0.0860680198166176,2.9359967823717334,0.5,0.9662764110310159,0.036329656834644244,0.942308691431287,0.05879848535123346,0.49666275648915603,0.21566024768915804,0.03479726832932584,0.21756095651750518,0.03513447272919068,5678.40004711765,10992746.387805028,6.2637669682760535,0.521980580689671,2022-10-03,2023-09-29
12,33,cvar,2022-10-03,2023-09-29,250,1000000.0,1272518.4872575977,0.27251848725759764,0.27497424909068613,0.17613613943514278,1.4670646167608816,2.4137416124543454,-0.09356463297049444,2.938869531796262,0.52,0.9780159534599792,0.05172383060029066,0.9465754186318875,0.05692432849080838,0.8270286568304853,0.21566024768915804,0.056858239568439606,0.21756095651750518,0.05741329257318095,4997.3289162321,9683449.35935618,5.633169885252617,0.46943082377105133,2022-10-03,2023-09-29
12,33,median_mad_de,2022-10-03,2023-09-29,250,1000000.0,1221485.0404004354,0.22148504040043537,0.22344164013449141,0.1688093761320589,1.278773126763775,2.0627947112242917,-0.09379135543565376,2.3823265917911294,0.504,0.9249559372021221,0.02040253687324488,0.9340760481147155,0.061620081976112025,0.07373970680156301,0.21566024768915804,0.005824792711277338,0.21756095651750518,0.0058806836169862375,6459.7579472785865,12487451.613127664,7.147933130001771,0.5956610941668142,2022-10-03,2023-09-29
12,33,score_weighted,2022-10-03,2023-09-29,250,1000000.0,1352764.2476221318,0.35276424762213177,0.3560381055253572,0.19263927855739532,1.6772989743303404,2.8010335103475716,-0.08507563570148347,4.184959684281841,0.508,1.0903304292217009,0.09269953517694432,0.9648749820422985,0.05289909936952382,2.113242355861944,0.21566024768915804,0.13710399993297373,0.21756095651750518,0.13847714900785202,6153.428866161228,11967074.492619306,6.428625886273954,0.5357188238561628,2022-10-03,2023-09-29
12,33,top_n_equal_weight,2022-10-03,2023-09-29,250,1000000.0,1328296.6740102686,0.32829667401026863,0.3313169024976901,0.18627162158418764,1.6293984768958685,2.696355599477855,-0.08740722603533213,3.7904978515593633,0.508,1.0548945596689725,0.08058505413257845,0.9654284961962035,0.04944863195976781,1.8642709793826906,0.21566024768915804,0.1126364263211106,0.21756095651750518,0.1137559459801849,5701.729624830412,11063606.450784214,6.0453853228517005,0.5037821102376417,2022-10-03,2023-09-29
12,34,alpha_risk_turnover,2022-11-01,2023-10-31,251,1000000.0,1101868.1760043267,0.10186817600432674,0.10229411095853358,0.1616623124745035,0.6827180764979661,1.0523184358770212,-0.10773997187394269,0.9494536631048981,0.4940239043824701,0.9688408260611806,0.006128986795469562,0.9322235375426072,0.05870327142408745,0.04729664821424039,0.09987654322012607,0.00199163278420067,0.10029377764211245,0.0020003333164211323,5732.001029401734,11103434.414487772,6.216053509011525,0.5180044590842937,2022-11-01,2023-10-31
12,34,cvar,2022-11-01,2023-10-31,251,1000000.0,1102973.3248545865,0.10297332485458655,0.10340409391434946,0.1623266863108539,0.6867850395429892,1.0555583274711093,-0.10944527001877669,0.9448018529865129,0.5059760956175299,0.9828293510825572,0.00573767167801433,0.9418128556108628,0.05462944945691565,0.07121112656854085,0.09987654322012607,0.003096781634460477,0.10029377764211245,0.0031103162722370126,5077.501530149712,9841995.76159354,5.610806409582986,0.46756720079858227,2022-11-01,2023-10-31
12,34,median_mad_de,2022-11-01,2023-10-31,251,1000000.0,1071612.912616428,0.07161291261642799,0.07190824417750408,0.15526272414577788,0.5243736400517411,0.7874083395494622,-0.10295928236256013,0.6984143879741398,0.50199203187251,0.9210772639103522,-0.017686076404871034,0.9227951007421966,0.061068059673317965,-0.4286632873649785,0.09987654322012607,-0.028263630603698076,0.10029377764211245,-0.02838553346460837,6545.947429997774,12653462.937319493,7.129366861676056,0.5941139051396713,2022-11-01,2023-10-31
12,34,score_weighted,2022-11-01,2023-10-31,251,1000000.0,1211648.9579339663,0.2116489579339662,0.21257606559861641,0.17911991782427922,1.1651638318726474,1.8716919928696345,-0.11342946236866591,1.8740815759816125,0.50199203187251,1.1070525549601327,0.08959259550824823,0.9613926043207084,0.05202721512567612,1.9434200838037037,0.09987654322012607,0.11177241471384014,0.10029377764211245,0.11228228795650397,6266.0640349658715,12189736.984407045,6.39762161442291,0.5331351345352424,2022-11-01,2023-10-31
12,34,top_n_equal_weight,2022-11-01,2023-10-31,251,1000000.0,1190380.886815257,0.190380886815257,0.1912076743647988,0.17257545479376538,1.0997159260283362,1.7459341785534004,-0.11402963802090849,1.676824356223414,0.50199203187251,1.067535618782436,0.07492427993315762,0.9622319374142442,0.048140607755501004,1.7073041839954555,0.09987654322012607,0.09050434359513093,0.10029377764211245,0.09091389672268635,5815.250660796772,11285490.978659848,6.032061333496608,0.502671777791384,2022-11-01,2023-10-31
12,35,alpha_risk_turnover,2022-12-01,2023-11-30,251,1000000.0,1090350.3046957527,0.09035030469575278,0.09072612338649488,0.14641726380029968,0.6661082086564042,0.9771461777584106,-0.10773997187394191,0.8420841569612288,0.50199203187251,0.9681155152263494,-0.03663955622524806,0.9151179467204494,0.059198132091453484,-0.6935753746340939,0.13712874078686843,-0.04677843609111565,0.13771107455713327,-0.04698495117063839,5830.915494501125,11300334.073780663,6.275057004737768,0.5229214170614807,2022-12-01,2023-11-30
12,35,cvar,2022-12-01,2023-11-30,251,1000000.0,1088084.0039310916,0.08808400393109173,0.08845001871186753,0.14677527098982723,0.65062096476433,0.9486846873330469,-0.1094452700187768,0.8081666635451011,0.5179282868525896,0.9880586341501741,-0.04143810823495243,0.9316912259627055,0.053341907723594435,-0.8078646110242088,0.13712874078686843,-0.049044736855776705,0.13771107455713327,-0.049261055845265744,5367.7609994058075,10407662.816263948,5.899582995435866,0.4916319162863221,2022-12-01,2023-11-30
12,35,median_mad_de,2022-12-01,2023-11-30,251,1000000.0,1076716.8989819882,0.07671689898198819,0.07703402594472375,0.14256709033911125,0.5916180982396242,0.8530979098331022,-0.10295928236256147,0.7481989401738024,0.5219123505976095,0.9333750471394735,-0.04500941093222099,0.906106151941282,0.06101387572565542,-0.8890246103243076,0.13712874078686843,-0.06041184180488024,0.13771107455713327,-0.06067704861240952,6741.866777808542,13036551.630103027,7.3118725696581555,0.6093227141381796,2022-12-01,2023-11-30
12,35,score_weighted,2022-12-01,2023-11-30,251,1000000.0,1206685.8455910713,0.2066858455910714,0.20758940793065106,0.1606601675860136,1.2544299753008914,1.916534286623045,-0.1134294623686658,1.8301189443704564,0.5219123505976095,1.105157888663766,0.0483751892815413,0.9520467861372295,0.05126376120912977,1.2279399837753435,0.13712874078686843,0.06955710480420296,0.13771107455713327,0.06987833337351779,6588.182217794935,12817035.726241343,6.6334783154807475,0.5527898596233957,2022-12-01,2023-11-30
12,35,top_n_equal_weight,2022-12-01,2023-11-30,251,1000000.0,1190059.0140541499,0.19005901405414982,0.19088429496659365,0.15612475550582952,1.1970197412428976,1.817846447677938,-0.11402963802090871,1.6739884321266785,0.5219123505976095,1.0767884537393502,0.037654339971747094,0.9545546501375914,0.04772904364798915,1.0118850661252503,0.13712874078686843,0.05293027326728139,0.13771107455713327,0.053173220409460376,6078.612176449294,11798123.407667262,6.2336846479545995,0.5194737206628831,2022-12-01,2023-11-30
12,36,alpha_risk_turnover,2023-01-03,2023-12-29,250,1000000.0,1206653.6559034095,0.20665365590340956,0.2084683874882507,0.14015556115412786,1.4212487767932445,2.1800575247423764,-0.10773997187394124,1.9349214953588858,0.516,0.962328422186656,-0.03463339913865172,0.8977852242224259,0.06192542483769662,-0.7070915901471583,0.2617581776714877,-0.05510452176807812,0.2641072937909277,-0.05563890630267698,6076.614295294623,11781414.527835231,6.482974236731976,0.540247853060998,2023-01-03,2023-12-29
12,36,cvar,2023-01-03,2023-12-29,250,1000000.0,1202042.5932114809,0.20204259321148088,0.2038135173100455,0.14152930396776198,1.3815631167359792,2.0893351078577957,-0.10944527001877669,1.8622414406312742,0.532,0.9942724155118562,-0.04605949577118255,0.9185831934024237,0.05594131130149385,-0.8482318266582725,0.2617581776714877,-0.0597155844600068,0.2641072937909277,-0.06029377648088219,5324.068498057066,10327583.674133481,5.818246144492102,0.4848538453743418,2023-01-03,2023-12-29
12,36,median_mad_de,2023-01-03,2023-12-29,250,1000000.0,1180805.6660100284,0.18080566601002834,0.18237668079219982,0.13801800841389297,1.2829141925875949,1.9145630183123992,-0.10295928236256102,1.7713476299298416,0.532,0.9425258646084149,-0.05195237494916782,0.8929291396097653,0.06258813562242271,-1.053196496232224,0.2617581776714877,-0.08095251166145934,0.2641072937909277,-0.08173061299872786,6964.353647228028,13479449.300907724,7.503985651923354,0.6253321376602795,2023-01-03,2023-12-29
12,36,score_weighted,2023-01-03,2023-12-29,250,1000000.0,1365551.1781115637,0.3655511781115637,0.36895901198869807,0.15403357492737701,2.116681507563725,3.402578428199326,-0.11342946236866536,3.252761710088315,0.548,1.1071661244922022,0.0570176204514201,0.9398463728453301,0.05445135160770726,1.5253460230150435,0.2617581776714877,0.103793000440076,0.2641072937909277,0.1048517181977704,6742.439264942606,13120019.655632205,6.674584544176286,0.5562153786813572,2023-01-03,2023-12-29
12,36,top_n_equal_weight,2023-01-03,2023-12-29,250,1000000.0,1341776.850584668,0.3417768505846681,0.3449363673815944,0.1501727007917855,2.0491975529383373,3.2664569899935185,-0.11402963802090849,3.024971168621502,0.548,1.0833198410831606,0.04450537014868816,0.9432464539574774,0.05104748338944433,1.268439885989696,0.2617581776714877,0.08001867291318043,0.2641072937909277,0.08082907359066671,6223.064198367299,12082284.072301779,6.286285193162812,0.5238570994302344,2023-01-03,2023-12-29
12,37,alpha_risk_turnover,2023-02-01,2024-01-31,251,1000000.0,1154485.8967756596,0.15448589677565971,0.15514683420612374,0.1354318551188539,1.1326377383789652,1.7000831448151756,-0.10773997187394191,1.4400118313345105,0.5219123505976095,0.9596982132584448,-0.034721914407989336,0.8916707284086415,0.06151729340850141,-0.6928417446699114,0.20601036736470002,-0.051524470589040305,0.20691073150193295,-0.051763897295809214,6015.132238169286,11666656.477312196,6.353571777938592,0.5294643148282161,2023-02-01,2024-01-31
12,37,cvar,2023-02-01,2024-01-31,251,1000000.0,1143664.4935217355,0.1436644935217355,0.14427630152345983,0.13685767994117973,1.0531645370801892,1.5574139765508777,-0.10944527001877591,1.3182506790719093,0.5298804780876494,0.9975886168794895,-0.05141065180323912,0.9172188312990479,0.054522720633752936,-0.9515908823809328,0.20601036736470002,-0.06234587384296453,0.20691073150193295,-0.06263442997847313,5254.268945933716,10197398.5584546,5.672572413415825,0.4727143677846521,2023-02-01,2024-01-31
12,37,median_mad_de,2023-02-01,2024-01-31,251,1000000.0,1133067.4523787294,0.1330674523787294,0.13363154666782218,0.1333486006783842,1.007227600969554,1.475879688818618,-0.10295928236256069,1.2979067413975576,0.5298804780876494,0.9391038299590209,-0.049767904542055125,0.8861674628629641,0.062262414160837415,-0.9910407210595934,0.20601036736470002,-0.07294291498597061,0.20691073150193295,-0.07327918483411078,6989.768185735185,13532903.129859585,7.4497129345758495,0.620809411214654,2023-02-01,2024-01-31
12,37,score_weighted,2023-02-01,2024-01-31,251,1000000.0,1251215.8170968902,0.2512158170968901,0.25233351581151786,0.14562317470798328,1.6182600635043076,2.515163562692577,-0.1134294623686648,2.2245853109255824,0.5418326693227091,1.084662242204479,0.023043952021342906,0.9372483372543877,0.05187892870123949,0.7640710778765475,0.20601036736470002,0.045205449732190095,0.20691073150193295,0.04542278430958491,6747.141632709877,13131726.903574433,6.555420485432062,0.5462850404526719,2023-02-01,2024-01-31
12,37,top_n_equal_weight,2023-02-01,2024-01-31,251,1000000.0,1233147.1456269957,0.2331471456269958,0.23417717756786116,0.14182293663691567,1.5547447221980624,2.398377900251469,-0.11402963802090804,2.053651854309345,0.5418326693227091,1.059502638629696,0.012817955778611077,0.9400397534663166,0.04894687713647863,0.5001643552419041,0.20601036736470002,0.02713677826229577,0.20691073150193295,0.027266446065928207,6239.629767850487,12115852.734124297,6.186111998408817,0.5155093332007348,2023-02-01,2024-01-31
12,38,alpha_risk_turnover,2023-03-01,2024-02-29,252,1000000.0,1275013.5768981506,0.27501357689815054,0.27501357689815054,0.13341140162374415,1.8883496855578494,2.942023063596095,-0.10773997187394224,2.5525677435661622,0.5476190476190477,0.9570361451615889,-0.007724225873456593,0.8817427569605437,0.06315541074405798,-0.3068726027747391,0.30167570722680126,-0.026662130328650724,0.30167570722680126,-0.026662130328650724,5983.738722317603,11615410.706648983,6.265356763561461,0.5221130636301218,2023-03-01,2024-02-29
12,38,cvar,2023-03-01,2024-02-29,252,1000000.0,1280472.2451622207,0.2804722451622206,0.2804722451622206,0.13567780926881481,1.8905910913998194,2.915482826096206,-0.1094452700187768,2.562671233887968,0.5595238095238095,1.0132839084662189,-0.018400817293171397,0.9179707233933374,0.053841115363800346,-0.2748231714020065,0.30167570722680126,-0.02120346206458068,0.30167570722680126,-0.02120346206458068,5245.729751549567,10186778.199267812,5.6145777286430025,0.46788147738691693,2023-03-01,2024-02-29
12,38,median_mad_de,2023-03-01,2024-02-29,252,1000000.0,1259070.9625794464,0.2590709625794463,0.2590709625794463,0.132026853938419,1.811421044594564,2.762349910040217,-0.1029592823625608,2.51624677867464,0.5515873015873016,0.9466217380963825,-0.017669870097910274,0.8812937821510118,0.06273579586811814,-0.5124956408027403,0.30167570722680126,-0.042604744647354975,0.30167570722680126,-0.042604744647354975,6997.236954579845,13554530.69575767,7.393180908406783,0.6160984090338986,2023-03-01,2024-02-29
12,38,score_weighted,2023-03-01,2024-02-29,252,1000000.0,1365108.3635221925,0.36510836352219256,0.36510836352219256,0.14160042196925443,2.269739688487285,3.633802045118284,-0.11342946236866602,3.218814194283361,0.5674603174603174,1.0678376406183312,0.03168315651253029,0.9269305269439327,0.053783443429339044,0.9312913208244763,0.30167570722680126,0.0634326562953913,0.30167570722680126,0.0634326562953913,6663.4595493051675,12974945.433971519,6.366057522051781,0.5305047935043151,2023-03-01,2024-02-29
12,38,top_n_equal_weight,2023-03-01,2024-02-29,252,1000000.0,1350045.5851936832,0.35004558519368323,0.35004558519368323,0.13838597923266527,2.2389645101302444,3.567851457772475,-0.11402963802090837,3.06977721993206,0.5634920634920635,1.048125619214532,0.025476385026004248,0.9309529932642779,0.05087519291153042,0.7574074989396126,0.30167570722680126,0.04836987796688197,0.30167570722680126,0.04836987796688197,6149.2318298082755,11942132.504372273,6.001481143005515,0.500123428583793,2023-03-01,2024-02-29
12,39,alpha_risk_turnover,2023-04-03,2024-03-28,249,1000000.0,1292119.043810714,0.29211904381071396,0.29611495492679785,0.1270813892958969,2.105212066244228,3.3662657483205902,-0.10773997187394191,2.7484224264812203,0.5461847389558233,0.9598045678359843,0.009153543957413758,0.8642708249604619,0.06409060946267758,-0.026011308922708996,0.2961838941700967,-0.0040648503593827545,0.30024157961563813,-0.004126624688840286,5799.566800970612,11262791.05655908,5.982164652514523,0.49851372104287694,2023-04-03,2024-03-28
12,39,cvar,2023-04-03,2024-03-28,249,1000000.0,1306008.3666303004,0.3060083666303004,0.31021599941074895,0.1289679034458736,2.1602828280134925,3.4520986418790196,-0.10944527001877569,2.8344395272406966,0.5582329317269076,1.019626923676339,0.00412321757948113,0.9047084554205751,0.05499023952039596,0.17106294641530337,0.2961838941700967,0.009824472460203681,0.30024157961563813,0.009974419795110823,4930.871195065185,9582133.411986679,5.191984857328741,0.43266540477739507,2023-04-03,2024-03-28
12,39,median_mad_de,2023-04-03,2024-03-28,249,1000000.0,1297485.53722429,0.29748553722428994,0.3015630369766382,0.12534981811195103,2.1660756303040842,3.4530337308462813,-0.10295928236256047,2.9289543405587772,0.5502008032128514,0.9509345784572143,0.015525260379640755,0.8681123328191359,0.06247243087366132,0.03708566259333318,0.2961838941700967,0.0013016430541932245,0.30024157961563813,0.001321457361000089,6682.966094517211,12959895.935108345,6.953919051670431,0.5794932543058692,2023-04-03,2024-03-28
12,39,score_weighted,2023-04-03,2024-03-28,249,1000000.0,1368853.4398211464,0.3688534398211465,0.37404136277905486,0.13394655697548194,2.4403246118502695,4.000416053541043,-0.11342946236866613,3.297567977209953,0.5662650602409639,1.0697697791755751,0.038890675570125245,0.9139191228728935,0.054951503930068174,1.049520408953452,0.2961838941700967,0.07266954565104977,0.30024157961563813,0.07379978316341673,6503.6073706653515,12671061.447112212,6.070809267239348,0.5059007722699457,2023-04-03,2024-03-28
12,39,top_n_equal_weight,2023-04-03,2024-03-28,249,1000000.0,1364159.2909342896,0.36415929093428967,0.36927275144380545,0.1303793076124991,2.476805029626743,4.066932281689573,-0.11402963802090837,3.2383927358963986,0.5662650602409639,1.04691298601215,0.04109477759292833,0.9188633106867057,0.05172388779026721,1.0386645777508332,0.2961838941700967,0.06797539676419295,0.30024157961563813,0.06903117182816731,5943.370337080024,11548928.554784402,5.678260924076788,0.47318841033973236,2023-04-03,2024-03-28
12,40,alpha_risk_turnover,2023-05-01,2024-04-30,252,1000000.0,1248477.1408746187,0.2484771408746187,0.2484771408746187,0.12926326427250517,1.7818687457808446,2.805491637895754,-0.10773997187394269,2.3062669922110293,0.5357142857142857,0.972635649055499,0.02682418473567276,0.8749437532023185,0.06267327329344934,0.33664591420070816,0.22436289692979194,0.024114243944826752,0.22436289692979194,0.024114243944826752,5822.938019125929,11323083.176029617,5.860539639363064,0.48837830328025533,2023-05-01,2024-04-30
12,40,cvar,2023-05-01,2024-04-30,252,1000000.0,1255466.6023093406,0.2554666023093406,0.2554666023093406,0.1303888721249056,1.810465392249283,2.843209583213779,-0.1094452700187778,2.3341950023560596,0.5515873015873016,1.0258994314831344,0.02141409521491032,0.9148909484770948,0.05272420753341159,0.5089326624509615,0.22436289692979194,0.031103705379548652,0.22436289692979194,0.031103705379548652,4601.404605144129,8954690.85334732,4.741876633430052,0.3951563861191711,2023-05-01,2024-04-30
12,40,median_mad_de,2023-05-01,2024-04-30,252,1000000.0,1241530.5118222525,0.2415305118222526,0.2415305118222526,0.12647767943585211,1.7741681613739857,2.786356385665835,-0.10295928236256091,2.345883792893261,0.5436507936507936,0.9567828444045098,0.02420359173852248,0.8796391724165962,0.06036757361933906,0.25114812256980434,0.22436289692979194,0.01716761489246066,0.22436289692979194,0.01716761489246066,6571.755359167078,12752907.111876914,6.712338685064985,0.5593615570887488,2023-05-01,2024-04-30
12,40,score_weighted,2023-05-01,2024-04-30,252,1000000.0,1319236.0654427756,0.3192360654427757,0.3192360654427757,0.13447803722133014,2.128184535111925,3.4320694082197214,-0.11342946236866602,2.814401644655614,0.5515873015873016,1.059677226311313,0.06447625618672366,0.9162781064162899,0.054309342290410664,1.4171154847380143,0.22436289692979194,0.09487316851298377,0.22436289692979194,0.09487316851298377,6380.024440776202,12443639.126982858,5.803087961101509,0.4835906634251259,2023-05-01,2024-04-30
12,40,top_n_equal_weight,2023-05-01,2024-04-30,252,1000000.0,1313456.8437923898,0.3134568437923899,0.3134568437923899,0.13084470461455552,2.1500291469787274,3.474801100435158,-0.11402963802090782,2.748906768737758,0.5515873015873016,1.0366672157340033,0.06441652402861958,0.9212728733150731,0.05106601119695135,1.4116720252561545,0.22436289692979194,0.08909394686259797,0.22436289692979194,0.08909394686259797,5729.819377350255,11142898.431388307,5.350441089829253,0.44587009081910445,2023-05-01,2024-04-30
12,41,alpha_risk_turnover,2023-06-01,2024-05-31,252,1000000.0,1308722.069822578,0.3087220698225779,0.3087220698225779,0.1241007429891653,2.2309009301874307,3.5138380090338113,-0.10773997187394224,2.8654367033229637,0.5555555555555556,0.9536248060934306,0.03490439423377631,0.8740208634597297,0.06052938163712816,0.3822632587437214,0.2803800171996318,0.02834205262294609,0.2803800171996318,0.02834205262294609,6239.832035261398,12137058.542356893,6.165592700146105,0.5137993916788421,2023-06-01,2024-05-31
12,41,cvar,2023-06-01,2024-05-31,252,1000000.0,1294462.1124024598,0.2944621124024598,0.2944621124024598,0.12506296042745862,2.127007069260016,3.319602988785941,-0.10944527001877646,2.690496467795655,0.5753968253968254,1.008024564041066,0.01025551785343786,0.9167713910520557,0.04996002758286116,0.24602661826546915,0.2803800171996318,0.014082095202827993,0.2803800171996318,0.014082095202827993,4780.049904851457,9304350.644779049,4.857273663805347,0.4047728053171123,2023-06-01,2024-05-31
12,41,median_mad_de,2023-06-01,2024-05-31,252,1000000.0,1317939.732884574,0.3179397328845739,0.3179397328845739,0.12163077974797569,2.3314798119134257,3.7049012535848176,-0.10295928236256069,3.0880142672807422,0.5714285714285714,0.9418301553669521,0.04462015753408881,0.8807400434025957,0.057983063126565156,0.5150021675706083,0.2803800171996318,0.0375597156849421,0.2803800171996318,0.0375597156849421,6967.025489920288,13531899.166338783,6.992001742488316,0.5826668118740262,2023-06-01,2024-05-31
12,41,score_weighted,2023-06-01,2024-05-31,252,1000000.0,1335857.842252618,0.33585784225261794,0.33585784225261794,0.12800928574559878,2.327107641360005,3.691167053919369,-0.11342946236866536,2.960940087690991,0.5634920634920635,1.0310809765979536,0.03628727004815853,0.9161570787310459,0.05143025193572489,0.8588929873743485,0.2803800171996318,0.05547782505298615,0.2803800171996318,0.05547782505298615,6773.709974137204,13214256.22955505,6.020792233040769,0.5017326860867308,2023-06-01,2024-05-31
12,41,top_n_equal_weight,2023-06-01,2024-05-31,252,1000000.0,1327904.7443664884,0.3279047443664884,0.3279047443664884,0.12495101250517054,2.333142538028314,3.7046445214859665,-0.11402963802090826,2.8756097980979685,0.5674603174603174,1.011560561632195,0.03487709205434906,0.9208115346696419,0.0487496115782926,0.775600398121496,0.2803800171996318,0.04752472716685663,0.2803800171996318,0.04752472716685663,6027.851079391165,11730372.354150828,5.508291628963877,0.4590243024136565,2023-06-01,2024-05-31
12,42,alpha_risk_turnover,2023-07-03,2024-06-28,250,1000000.0,1270854.648429822,0.270854648429822,0.2732938717080877,0.12189794728472537,2.0436451777688354,3.1879702565148227,-0.10773997187394224,2.536606117067179,0.544,0.9619130161121131,0.030711679951323824,0.8777984303686162,0.05854629445594369,0.37686324042100744,0.2448841264767585,0.025970521953063486,0.2470674987197894,0.02622637298829833,5935.259072588359,11549550.95301891,5.74654676685069,0.47887889723755744,2023-07-03,2024-06-28
12,42,cvar,2023-07-03,2024-06-28,250,1000000.0,1253038.8506113437,0.2530388506113437,0.2553020927347003,0.12276021885975373,1.9141245911221236,2.9510820704587215,-0.10944527001877624,2.332691880525317,0.568,1.0094458800500294,0.005781439923875637,0.9147044178383825,0.04962141921929124,0.1597323887678691,0.2448841264767585,0.008154724134585178,0.2470674987197894,0.00823459401491089,4636.430536567141,9028550.989624076,4.623671524709994,0.3853059603924996,2023-07-03,2024-06-28
12,42,median_mad_de,2023-07-03,2024-06-28,250,1000000.0,1283816.1685849242,0.2838161685849241,0.2863846930686722,0.11992713813635045,2.1606155380880416,3.4017326947533637,-0.10295928236256158,2.7815335004006245,0.568,0.9469030448061148,0.04412001299440313,0.8783011144053499,0.05764152016386122,0.5562697184189347,0.2448841264767585,0.03893204210816559,0.2470674987197894,0.03931719434888281,7141.750209308152,13871664.157284997,7.004140457966115,0.5836783714971763,2023-07-03,2024-06-28
12,42,score_weighted,2023-07-03,2024-06-28,250,1000000.0,1277354.6574643073,0.2773546574643073,0.27985859053319806,0.1254829820505273,2.029788104283598,3.180605184450746,-0.11342946236866591,2.4672477916152675,0.552,1.0302756160167632,0.020777512949413327,0.9133221307074947,0.05121227972069148,0.5399419534135903,0.2448841264767585,0.03247053098754882,0.2470674987197894,0.03279109181340867,6624.421320372674,12930204.80904252,5.746755122059538,0.47889626017162806,2023-07-03,2024-06-28
12,42,top_n_equal_weight,2023-07-03,2024-06-28,250,1000000.0,1261412.1963248185,0.2614121963248186,0.2637578956824731,0.12243941028110972,1.9736843844464462,3.086377357344954,-0.11402963802090837,2.313064395013783,0.556,1.0089671912869511,0.012568525645143947,0.916666174848838,0.04894353592265301,0.29839581330410336,0.2448841264767585,0.0165280698480601,0.2470674987197894,0.016690396962683707,5890.800643590922,11466973.38886815,5.2448915942627385,0.4370742995218948,2023-07-03,2024-06-28
12,43,alpha_risk_turnover,2023-08-01,2024-07-31,252,1000000.0,1220945.151469682,0.22094515146968208,0.22094515146968208,0.12591127141049419,1.6487219590869124,2.5383073770887994,-0.10773997187394202,2.05072590633486,0.5317460317460317,0.963767365508231,0.009368625645955236,0.889572028855968,0.05766956958712379,0.03323127716607205,0.2200230974528452,0.0009220540168368707,0.2200230974528452,0.0009220540168368707,5925.750224011525,11530682.680398189,5.6395226424444935,0.46996022020370787,2023-08-01,2024-07-31
12,43,cvar,2023-08-01,2024-07-31,252,1000000.0,1201837.6094154813,0.20183760941548123,0.20183760941548123,0.12481330720273394,1.5356730935296012,2.3298656491404346,-0.10944527001877691,1.844187596054659,0.5555555555555556,0.9816990031536941,-0.010239726730201867,0.9140942366948532,0.05065669383574956,-0.27644534165138157,0.2200230974528452,-0.018185488037363973,0.2200230974528452,-0.018185488037363973,4735.560300324267,9220337.62613552,4.639112854057068,0.3865927378380891,2023-08-01,2024-07-31
12,43,median_mad_de,2023-08-01,2024-07-31,252,1000000.0,1248921.4324194493,0.2489214324194493,0.2489214324194493,0.12287239620120974,1.8709517380374725,2.928773562634084,-0.10295928236256091,2.417668681322944,0.5634920634920635,0.9338482491206546,0.03781792230535016,0.8832740935827729,0.05812030320168887,0.41658555230562916,0.2200230974528452,0.0288983349666041,0.2200230974528452,0.0288983349666041,7100.230484616242,13801629.352327373,6.855237569177483,0.571269797431457,2023-08-01,2024-07-31
12,43,score_weighted,2023-08-01,2024-07-31,252,1000000.0,1232324.032713396,0.23232403271339597,0.23232403271339597,0.12781935454781662,1.6986178746978957,2.635627051754129,-0.11342946236866591,2.0481806742440654,0.5396825396825397,1.0069906310254033,0.010002189010403712,0.9155927001233635,0.051403472848873005,0.22255297382079106,0.2200230974528452,0.01230093526055076,0.2200230974528452,0.01230093526055076,6751.561173000876,13179978.840165365,5.753561324983546,0.4794634437486289,2023-08-01,2024-07-31
12,43,top_n_equal_weight,2023-08-01,2024-07-31,252,1000000.0,1217762.9884904295,0.21776298849042952,0.21776298849042952,0.12347784587014697,1.6576039276154622,2.574012010124386,-0.11402963802090815,1.9097051632357291,0.5436507936507936,0.9712733605960804,0.004909504980968336,0.9141678520201041,0.05016122010585098,-0.019913437712957498,0.2200230974528452,-0.0022601089624156856,0.2200230974528452,-0.0022601089624156856,6004.577409389776,11692516.228644732,5.25832246528328,0.4381935387736066,2023-08-01,2024-07-31
12,44,alpha_risk_turnover,2023-09-01,2024-08-30,251,1000000.0,1296785.4432418498,0.29678544324184974,0.29812884609927726,0.1343483145479996,2.009980182250255,3.15324510804258,-0.08548511915531665,3.4874940696709023,0.5378486055776892,0.9814804658086087,0.027601204706061627,0.9018419327041904,0.05809235741780438,0.3963805453802232,0.26915609125451745,0.027629351987332296,0.2703618673652348,0.027766978734042436,5834.803853725234,11357252.799639136,5.4711031511896175,0.45592526259913485,2023-09-01,2024-08-30
12,44,cvar,2023-09-01,2024-08-30,251,1000000.0,1270146.2234267134,0.27014622342671335,0.27135689026709886,0.1326950780595505,1.8761749595578285,2.912616716900952,-0.09429151090131982,2.877850695924108,0.5617529880478087,0.9913426136818475,0.004086880923214601,0.9222527260051311,0.05130939248420333,0.03797381284507061,0.26915609125451745,0.000990132172195901,0.2703618673652348,0.00099502290186404,4621.131181711734,8999716.220142199,4.482888398598876,0.3735740332165729,2023-09-01,2024-08-30
12,44,median_mad_de,2023-09-01,2024-08-30,251,1000000.0,1302361.7280571805,0.3023617280571804,0.3037331948847479,0.13115757919925622,2.0885404869886477,3.296516914293058,-0.09358013933637299,3.245701460146171,0.5697211155378487,0.953346219774402,0.03844113103957608,0.8973011893373132,0.05818117709958601,0.46264352545640663,0.26915609125451745,0.033205636802662974,0.2703618673652348,0.033371327519513105,6999.441934058916,13611921.78988492,6.669913391965846,0.5558261159971537,2023-09-01,2024-08-30
12,44,score_weighted,2023-09-01,2024-08-30,251,1000000.0,1305784.481011034,0.30578448101103395,0.3071732210272333,0.1346719382708941,2.057069532999953,3.2547240637490833,-0.09160481306078438,3.3532432496031457,0.549800796812749,1.0075906373852885,0.028143802541481577,0.9236086664339518,0.05163320085473842,0.5813850628212811,0.26915609125451745,0.0366283897565165,0.2703618673652348,0.0368113536619985,6918.631577290509,13508229.683610007,5.794693780881196,0.48289114840676634,2023-09-01,2024-08-30
12,44,top_n_equal_weight,2023-09-01,2024-08-30,251,1000000.0,1286359.2275004005,0.28635922750040055,0.2876504158711317,0.129177161801528,2.0223841929785014,3.1987630382323102,-0.09593352302066993,2.9984348204240794,0.549800796812749,0.9647868917743899,0.022933097634066615,0.9219909172311453,0.050207416759536244,0.28352545491243697,0.26915609125451745,0.0172031362458831,0.2703618673652348,0.017288548505896895,6107.316655280969,11896377.489410654,5.269375142586554,0.4391145952155462,2023-09-01,2024-08-30
12,45,alpha_risk_turnover,2023-10-02,2024-09-30,251,1000000.0,1393738.7374343767,0.3937387374343768,0.3955834118923114,0.1356600203631528,2.5261219438916247,3.944162750733557,-0.08093146091118608,4.887881763637299,0.5776892430278885,0.9846552719106626,0.030681511491516694,0.9034953781456467,0.05817495644739941,0.443819102459714,0.36034121152954324,0.03339752590483358,0.36201006449185447,0.03357334740045692,5830.969855039575,11349081.334467892,5.369825868247974,0.4474854890206645,2023-10-02,2024-09-30
12,45,cvar,2023-10-02,2024-09-30,251,1000000.0,1362014.5783052437,0.36201457830524375,0.3636921632359551,0.13501122980184257,2.3661744025128626,3.67082824022425,-0.07585471767900243,4.794588581490823,0.5896414342629482,1.003218422916115,0.001565682151093279,0.9249520267051978,0.051317154549752685,0.050383125088663785,0.36034121152954324,0.0016733667757005133,0.36201006449185447,0.0016820987441006352,4528.118251125892,8818821.639190562,4.300813829057679,0.35840115242147325,2023-10-02,2024-09-30
12,45,median_mad_de,2023-10-02,2024-09-30,251,1000000.0,1407777.1079603431,0.40777710796034317,0.4096966488363334,0.132045009036968,2.6679134550839927,4.234570865165231,-0.0854996193564802,4.791795003532744,0.5976095617529881,0.9523100101491863,0.05052180522799364,0.8977387293137895,0.05847168894521041,0.605593228674604,0.36034121152954324,0.04743589643079993,0.36201006449185447,0.04768658434447892,6877.621147806598,13380201.182697404,6.411446932054394,0.5342872443378661,2023-10-02,2024-09-30
12,45,score_weighted,2023-10-02,2024-09-30,251,1000000.0,1418338.6980801742,0.4183386980801742,0.4203149336756751,0.13627388377520908,2.644416811739443,4.183569007634101,-0.07742191947545596,5.4288880529359895,0.5856573705179283,1.0131954914269907,0.03930903583084496,0.9254953006062325,0.0516411012599687,0.8421654612907257,0.36034121152954324,0.05799748655063097,0.36201006449185447,0.05830486918382061,6769.798759349125,13221930.031418014,5.562161640414109,0.46351347003450916,2023-10-02,2024-09-30
12,45,top_n_equal_weight,2023-10-02,2024-09-30,251,1000000.0,1396856.9642170458,0.39685696421704586,0.398718219402846,0.13012358352725753,2.645220834550884,4.2059870073421965,-0.06945087415930484,5.741010811300592,0.5816733067729084,0.9653327862714558,0.03831617621363241,0.9234526765226557,0.050116157276725554,0.5453534010954469,0.36034121152954324,0.03651575268750262,0.36201006449185447,0.03670815491099155,5951.70300537624,11597399.25297488,5.02950857976715,0.4191257149805958,2023-10-02,2024-09-30
12,46,alpha_risk_turnover,2023-11-01,2024-10-31,252,1000000.0,1397281.200843421,0.397281200843421,0.397281200843421,0.13203696785430913,2.600995881010586,4.088280418031837,-0.08093146091118597,4.908859871927885,0.5753968253968254,0.9739173034597276,0.023672624765453537,0.8983461267414529,0.058089222878859384,0.2601032419954229,0.37811938265058664,0.019161818192834357,0.37811938265058664,0.019161818192834357,5666.77898776349,11028108.657195445,5.0920700789176525,0.4243391732431378,2023-11-01,2024-10-31
12,46,cvar,2023-11-01,2024-10-31,252,1000000.0,1388811.2046688949,0.38881120466889496,0.38881120466889496,0.13120242449733832,2.570292603303988,4.054735622689521,-0.07585471767900287,5.125735307779291,0.5952380952380952,0.9821174474255078,0.014781378192168246,0.9116722298887626,0.053957433923424725,0.1651339998730226,0.37811938265058664,0.010691822018308317,0.37811938265058664,0.010691822018308317,4230.4691988093655,8245171.045956798,3.9258925437614822,0.3271577119801235,2023-11-01,2024-10-31
12,46,median_mad_de,2023-11-01,2024-10-31,252,1000000.0,1407978.3967218623,0.4079783967218622,0.4079783967218622,0.12945115285261652,2.709330087401153,4.314329190807404,-0.08549961935648032,4.7716983981045065,0.5912698412698413,0.9533635840891863,0.03771908306003831,0.8969532271037982,0.05751479829254789,0.38959519294469497,0.37811938265058664,0.029859014071275558,0.37811938265058664,0.029859014071275558,6713.843784001483,13068520.754268529,6.100903100136341,0.5084085916780283,2023-11-01,2024-10-31
12,46,score_weighted,2023-11-01,2024-10-31,252,1000000.0,1435040.1015447613,0.43504010154476136,0.43504010154476136,0.13336256332482838,2.7766578592962277,4.430385646065937,-0.07742191947545563,5.619081837446283,0.5912698412698413,1.0050335056520159,0.04033120266316326,0.9178332068939961,0.05294398607366138,0.7929851598057617,0.37811938265058664,0.056920718894174716,0.37811938265058664,0.056920718894174716,6599.539545722941,12892719.45198277,5.290823417242292,0.4409019514368577,2023-11-01,2024-10-31
12,46,top_n_equal_weight,2023-11-01,2024-10-31,252,1000000.0,1416477.8781122332,0.41647787811223314,0.41647787811223314,0.12653943728368686,2.8163638212638102,4.532962223896128,-0.06945087415930484,5.996726220564562,0.5833333333333334,0.9503880692727363,0.0443511892229007,0.9147285559701656,0.0514864345282358,0.5450499544509638,0.37811938265058664,0.03835849546164649,0.37811938265058664,0.03835849546164649,5731.951374695069,11172605.234204438,4.728878582801503,0.39407321523345856,2023-11-01,2024-10-31
12,47,alpha_risk_turnover,2023-12-01,2024-11-29,251,1000000.0,1391471.863023156,0.3914718630231562,0.39330450123527005,0.13076195161233753,2.6032553289878946,4.093123589591632,-0.08093146091118608,4.859723237504401,0.5776892430278885,0.9611527062919776,0.052100776836511355,0.8952498130053517,0.0584546921106729,0.6919581225701747,0.33807652805394617,0.05339533496921001,0.3396299878782236,0.05367451335704643,5664.265915794831,11021829.508820072,4.908270132531113,0.4090225110442594,2023-12-01,2024-11-29
12,47,cvar,2023-12-01,2024-11-29,251,1000000.0,1375143.6787744549,0.37514367877445487,0.37689005895235184,0.13184147202357827,2.4929570156331,3.960331383046359,-0.07585471767900265,4.9685777033308876,0.5896414342629482,0.9814226866127704,0.03428899823319431,0.9066450384297183,0.05566916245500024,0.5158434761872205,0.33807652805394617,0.0370671507205087,0.3396299878782236,0.03726007107412821,4081.3284283076127,7954203.932846782,3.6263940464204847,0.3021995038683737,2023-12-01,2024-11-29
12,47,median_mad_de,2023-12-01,2024-11-29,251,1000000.0,1415406.194646994,0.4154061946469938,0.4173666568444019,0.1308646143647112,2.732252270772303,4.442776956127517,-0.08549961935648043,4.881503098911371,0.5776892430278885,0.9601370323418489,0.06955382931824333,0.8936022026384915,0.058940172354124146,0.9772043261142189,0.33807652805394617,0.07732966659304763,0.3396299878782236,0.07773666896617826,6594.211836257564,12836523.007205637,5.792274418165954,0.48268953484716276,2023-12-01,2024-11-29
12,47,score_weighted,2023-12-01,2024-11-29,251,1000000.0,1419856.2031643565,0.41985620316435646,0.42184061067992906,0.13371070012445033,2.7005297468145923,4.3349148841019955,-0.07742191947545607,5.448594061448696,0.5776892430278885,1.0050122336112175,0.05962771248008895,0.9154580017770121,0.05381045743084709,1.1360463693639578,0.33807652805394617,0.08177967511041029,0.3396299878782236,0.08221062280170544,6556.351179251114,12812941.195652023,5.0499950999707295,0.4208329249975608,2023-12-01,2024-11-29
12,47,top_n_equal_weight,2023-12-01,2024-11-29,251,1000000.0,1402697.4312921136,0.40269743129211366,0.4045898172972715,0.12704324244026965,2.7392200363059445,4.443558558859076,-0.06945087415930473,5.825553993305156,0.5737051792828686,0.9503718446102688,0.06292723626256208,0.9111192695419882,0.05270769523431917,0.9114579303976812,0.33807652805394617,0.06462090323816749,0.3396299878782236,0.06495982941904788,5647.303734131914,11009433.931309443,4.490171225206101,0.37418093543384173,2023-12-01,2024-11-29
12,48,alpha_risk_turnover,2024-01-02,2024-12-31,252,1000000.0,1306956.523682766,0.3069565236827658,0.3069565236827658,0.13486237557427402,2.0532728158361855,3.0693726575699833,-0.08093146091118608,3.792796030453706,0.5753968253968254,0.9707579673280677,0.053425228811760435,0.9047333144117324,0.05756591703600668,0.811126570772018,0.24886468043810983,0.058091843244655994,0.24886468043810983,0.058091843244655994,5597.790033727546,10892269.757048445,4.654279851635076,0.387856654302923,2024-01-02,2024-12-31
12,48,cvar,2024-01-02,2024-12-31,252,1000000.0,1273477.4649698103,0.2734774649698104,0.2734774649698104,0.13489482297104438,1.8601686740132752,2.8238760738124213,-0.07585471767900254,3.6052795836258467,0.5753968253968254,0.9799687795999784,0.02532262674141875,0.9130979789963656,0.055059638063133465,0.3761579250951617,0.24886468043810983,0.02461278453170057,0.24886468043810983,0.02461278453170057,4280.415048375925,8338804.49691307,3.651051140886442,0.3042542617405368,2024-01-02,2024-12-31
12,48,median_mad_de,2024-01-02,2024-12-31,252,1000000.0,1330054.2430279679,0.3300542430279678,0.3300542430279678,0.1357167878726276,2.170321813073569,3.365735160358006,-0.0854996193564801,3.860300730133633,0.5714285714285714,0.9729486241075859,0.07056076003465929,0.9010663265668967,0.058955959652282085,1.091206058432255,0.24886468043810983,0.08118956258985799,0.24886468043810983,0.08118956258985799,6506.472537184787,12662309.051279688,5.493941504593058,0.4578284587160882,2024-01-02,2024-12-31
12,48,score_weighted,2024-01-02,2024-12-31,252,1000000.0,1326875.7476679578,0.3268757476679578,0.3268757476679578,0.13753596010145877,2.126035423763893,3.2490295892063443,-0.07742191947545607,4.222005213543981,0.5714285714285714,1.00988174833643,0.05991538182796887,0.9229000805576407,0.052971344939966455,1.174036991520155,0.24886468043810983,0.07801106722984796,0.24886468043810983,0.07801106722984796,6475.064498195481,12658746.537393382,4.809260363660342,0.4007716969716952,2024-01-02,2024-12-31
12,48,top_n_equal_weight,2024-01-02,2024-12-31,252,1000000.0,1297598.6225800235,0.29759862258002356,0.29759862258002356,0.12963404325559982,2.0752030469616294,3.184945618065856,-0.06945087415930484,4.285023423857828,0.5674603174603174,0.9506985314900125,0.050150943896506775,0.9217734192738563,0.05064341737720642,0.7661599235689742,0.24886468043810983,0.04873394214191373,0.24886468043810983,0.04873394214191373,5596.826011600713,10913512.695450183,4.287329491670102,0.3572774576391751,2024-01-02,2024-12-31
12,49,alpha_risk_turnover,2024-02-01,2025-01-31,251,1000000.0,1368567.9241973814,0.3685679241973814,0.3702797849887176,0.13884379591784385,2.3394600794112166,3.5430922957635778,-0.08093146091118575,4.575226751375006,0.5816733067729084,0.9834864121275667,0.08669040718939587,0.9055627786302218,0.0589370655858866,1.4030561675612034,0.2623007280109062,0.10626719618647518,0.26347272721489556,0.10680705777382205,5927.419391139354,11524177.825104076,4.813078036276055,0.40108983635633794,2024-02-01,2025-01-31
12,49,cvar,2024-02-01,2025-01-31,251,1000000.0,1337631.0335055513,0.33763103350555124,0.3391821994840789,0.136336805993124,2.2112946685930743,3.422251939024532,-0.0758547176790022,4.471471384540792,0.5816733067729084,0.9650567204632222,0.0678140768418572,0.9049329500671828,0.05819042474302945,1.019984783273763,0.2623007280109062,0.07533030549464503,0.26347272721489556,0.07570947226918334,4453.82029840177,8667650.005546946,3.6985288892439314,0.3082107407703276,2024-02-01,2025-01-31
12,49,median_mad_de,2024-02-01,2025-01-31,251,1000000.0,1384119.4877244441,0.38411948772444404,0.38591318951443365,0.1407224993753126,2.390717261744109,3.7250093053982587,-0.08549961935648054,4.513624650250363,0.5776892430278885,0.9968791456683419,0.09505584858795148,0.9056401097237664,0.05967430962684427,1.580247924216243,0.2623007280109062,0.12181875971353784,0.26347272721489556,0.12244046229953809,6569.860739586022,12786072.429551385,5.412350600322849,0.4510292166935707,2024-02-01,2025-01-31
12,49,score_weighted,2024-02-01,2025-01-31,251,1000000.0,1386921.0537568275,0.3869210537568275,0.3887295735696863,0.1403293329300614,2.411533043743294,3.7353299300224405,-0.07742191947545607,5.020923999345166,0.5816733067729084,1.0137229395143152,0.09295861781342607,0.923522522622586,0.05385108617797874,1.787917862856272,0.2623007280109062,0.1246203257459213,0.26347272721489556,0.12525684635479073,6767.966953615793,13224262.83066767,4.902935277783973,0.4085779398153311,2024-02-01,2025-01-31
12,49,top_n_equal_weight,2024-02-01,2025-01-31,251,1000000.0,1359810.2439741278,0.35981024397412775,0.36147632796206475,0.13188818550639908,2.4067182808868868,3.749642437780763,-0.06945087415930529,5.2047772232919085,0.5816733067729084,0.9503174630606682,0.08731971131991272,0.9211693821916178,0.051717363051484055,1.4558012666041145,0.2623007280109062,0.09750951596322155,0.26347272721489556,0.09800360074716918,5752.491295496252,11210964.758006446,4.302386345417989,0.3585321954514991,2024-02-01,2025-01-31
12,50,alpha_risk_turnover,2024-03-01,2025-02-28,250,1000000.0,1281115.9001008861,0.28111590010088605,0.2836573997656069,0.1400010816970029,1.8543165937598705,2.75558207518501,-0.08093146091118619,3.504908926293709,0.564,1.0014325446940098,0.0804067861807218,0.9191639475244644,0.05514325498212732,1.4627923276669959,0.1844625459247169,0.09665335417616916,0.18606776567845507,0.09758963408715182,6213.294608848612,12068281.648487821,4.912053138608298,0.4093377615506915,2024-03-01,2025-02-28
12,50,cvar,2024-03-01,2025-02-28,250,1000000.0,1237425.7497392253,0.23742574973922514,0.23953645009644364,0.13665944434504546,1.640041205574727,2.475196698867248,-0.0758547176790022,3.157831937495315,0.56,0.9661358597974662,0.051243678798692356,0.9084504057312464,0.05728815187734866,0.7887131937667382,0.1844625459247169,0.05296320381450825,0.18606776567845507,0.05346868441798858,4592.984308566674,8936101.770190857,3.7167618839884455,0.3097301569990371,2024-03-01,2025-02-28
12,50,median_mad_de,2024-03-01,2025-02-28,250,1000000.0,1274419.3722558175,0.2744193722558175,0.27689405039263626,0.14214455749321617,1.791192200950702,2.716774560581869,-0.08549961935648032,3.238541323069054,0.564,1.01130032332349,0.07364290816379639,0.91422392404536,0.05761660478934002,1.3132503111115916,0.1844625459247169,0.08995682633110058,0.18606776567845507,0.0908262847141812,6546.661513687999,12742157.122618284,5.263113467890042,0.4385927889908369,2024-03-01,2025-02-28
12,50,score_weighted,2024-03-01,2025-02-28,250,1000000.0,1291237.0234257937,0.2912370234257937,0.29388005335749345,0.14147526239951325,1.8925212956831505,2.8667887006994164,-0.0774219194754564,3.7958249465857876,0.564,1.0273463932720726,0.08390829719584537,0.9331233653010562,0.05098956235376869,1.7415671792333793,0.1844625459247169,0.10677447750107683,0.18606776567845507,0.10781228767903839,7067.33976133969,13800927.011938393,4.976395605129647,0.41469963376080393,2024-03-01,2025-02-28
12,50,top_n_equal_weight,2024-03-01,2025-02-28,250,1000000.0,1269908.1850209062,0.2699081850209062,0.2723380083064981,0.13246815256806715,1.8850424898423817,2.869794080284975,-0.06945087415930495,3.921304254310967,0.564,0.9576724787528276,0.0783391195589083,0.928983925222451,0.049329893595439545,1.4345236196420421,0.1844625459247169,0.0854456390961893,0.18606776567845507,0.08627024262804306,6023.186972075613,11732936.865231615,4.380647729406874,0.36505397745057283,2024-03-01,2025-02-28
12,51,alpha_risk_turnover,2024-04-01,2025-03-31,251,1000000.0,1147918.2039404216,0.14791820394042166,0.14854927522094274,0.1491906008941988,1.00301378451679,1.4230470906036705,-0.10659023590177485,1.3936480575747485,0.545816733067729,0.9966705695698055,0.06016838257887449,0.9291980815169028,0.05514011957649073,1.085770173000994,0.08304725436389404,0.06487094957652761,0.08339154809494098,0.06515772712600176,6610.648317912543,12841946.663697315,5.129675757265155,0.42747297977209625,2024-04-01,2025-03-31
12,51,cvar,2024-04-01,2025-03-31,251,1000000.0,1104859.6922350216,0.10485969223502156,0.10529872281455299,0.1469970741643917,0.7544748652772278,1.0758985223104733,-0.11147256037979925,0.944615629674143,0.5418326693227091,0.9752230049260572,0.0233591146666358,0.9227698159589678,0.056750295936892035,0.37241859856495174,0.08304725436389404,0.02181243787112752,0.08339154809494098,0.02190717471961201,5129.352237150279,9976224.508080073,4.063930596335121,0.33866088302792674,2024-04-01,2025-03-31
12,51,median_mad_de,2024-04-01,2025-03-31,251,1000000.0,1144063.6853293732,0.1440636853293733,0.1446772984155762,0.15417116746640075,0.95353620557814,1.3659733848201612,-0.11551032856339782,1.252505297274521,0.545816733067729,1.0276390155171211,0.05475588333411617,0.927119160521376,0.05790596803623309,0.9884483401484063,0.08304725436389404,0.06101643096547926,0.08339154809494098,0.06128575032063521,6848.989588591054,13327024.08783812,5.399782167580281,0.44998184729835683,2024-04-01,2025-03-31
12,51,score_weighted,2024-04-01,2025-03-31,251,1000000.0,1151925.1658010737,0.15192516580107363,0.15257444064416692,0.15258168542814787,1.0069756042406883,1.440972265288089,-0.1086349807804875,1.4044687958519124,0.549800796812749,1.034273731804975,0.060798524840650334,0.9428252832134002,0.0510765067035451,1.250580882624769,0.08304725436389404,0.06887791143717958,0.08339154809494098,0.06918289254922594,7571.663347437219,14782282.029692205,5.207034957953457,0.4339195798294548,2024-04-01,2025-03-31
12,51,top_n_equal_weight,2024-04-01,2025-03-31,251,1000000.0,1132586.235872396,0.13258623587239593,0.13314817284656533,0.14306815072517579,0.9452347831225825,1.3553939273940534,-0.10465208525754366,1.272293547891513,0.545816733067729,0.9663815371371026,0.04848021439854013,0.9395151634607808,0.04922448683062811,0.9235700218373997,0.08304725436389404,0.04953898150850189,0.08339154809494098,0.049756624751624345,6520.39281781515,12697361.386776801,4.635430510674523,0.38628587588954355,2024-04-01,2025-03-31
12,52,alpha_risk_turnover,2024-05-01,2025-04-30,250,1000000.0,1153978.293930975,0.15397829393097506,0.1553011909433868,0.20021462356556144,0.8204233567198556,1.1979228570233085,-0.20378018092018213,0.7621015460979305,0.552,0.9610243112401047,0.03649125845371326,0.9617724555562622,0.05538213501358835,0.5653337015451838,0.11876538734641007,0.035212906584564996,0.1197702726036034,0.03553091833978339,6619.177900045517,12847001.039500292,5.063186853396525,0.42193223778304373,2024-05-01,2025-04-30
12,52,cvar,2024-05-01,2025-04-30,250,1000000.0,1098517.9284345652,0.0985179284345652,0.09934398981765669,0.20078915508087558,0.5712141941639177,0.8317871503331595,-0.21341238726299672,0.46550245321622813,0.548,0.9610838465486119,-0.013083794960570501,0.9590798825074521,0.05738283454606724,-0.31817443093229403,0.11876538734641007,-0.020247458911844873,0.1197702726036034,-0.020426282785946714,5329.467255311679,10358349.382081382,4.19475514709994,0.3495629289249949,2024-05-01,2025-04-30
12,52,median_mad_de,2024-05-01,2025-04-30,250,1000000.0,1157252.1607056167,0.15725216070561676,0.15860506922780804,0.20509306407205286,0.8195912829961823,1.203646879412982,-0.20533515879898712,0.7724204181860277,0.548,0.9812273123808136,0.037636975838232056,0.9586330782587391,0.05849971545156851,0.6007058513331046,0.11876538734641007,0.038486773359206694,0.1197702726036034,0.03883479662420464,7159.994668902741,13924057.262627456,5.58195789949197,0.46516315829099747,2024-05-01,2025-04-30
12,52,score_weighted,2024-05-01,2025-04-30,250,1000000.0,1170179.634666655,0.1701796346666551,0.17165177780776597,0.20614364592990456,0.8708375590294121,1.2741221784507277,-0.20727210098291193,0.8281470443623158,0.56,0.9960455693699776,0.04709201024224889,0.9681508048605848,0.05161780622510996,0.9021356522706248,0.11876538734641007,0.05141424732024502,0.1197702726036034,0.05188150520416257,7844.971433878017,15303851.21058419,5.33341986593983,0.44445165549498583,2024-05-01,2025-04-30
12,52,top_n_equal_weight,2024-05-01,2025-04-30,250,1000000.0,1141611.6569425105,0.14161165694251054,0.1428218674543309,0.19597082857077155,0.7785419005997036,1.1338823910310998,-0.20387767208643637,0.7005272622191795,0.556,0.9460292865643657,0.02679561527723299,0.9672681955612427,0.050891074962092095,0.3855319465908057,0.11876538734641007,0.022846269596100477,0.1197702726036034,0.023051594850727497,6807.4225676357055,13246246.656538993,4.797286225340018,0.3997738521116682,2024-05-01,2025-04-30
12,53,alpha_risk_turnover,2024-06-03,2025-05-30,249,1000000.0,1149822.678902718,0.14982267890271794,0.15175833217710877,0.20706864538578898,0.7850465618976815,1.1636066320073275,-0.20378018092018213,0.7447158575079997,0.5341365461847389,0.9723113450575399,0.020570297527225827,0.9614601546359653,0.057213938287230336,0.28886103697826815,0.13182685189983467,0.01799582700288327,0.13351675712061994,0.018241575056488823,6733.120347260411,13065505.154662408,5.059654127220087,0.42163784393500725,2024-06-03,2025-05-30
12,53,cvar,2024-06-03,2025-05-30,249,1000000.0,1123193.1745429602,0.1231931745429602,0.12476641662610977,0.20860903181939194,0.6669825614253281,0.9908921491861893,-0.21341238726299694,0.5846259358523315,0.5261044176706827,0.9766484698544806,-0.0034830017232701806,0.9586177062572865,0.05958242026018274,-0.11568956387148505,0.13182685189983467,-0.00863367735687448,0.13351675712061994,-0.008750340494510178,5390.117412546149,10477009.106692325,4.210803952504553,0.3509003293753794,2024-06-03,2025-05-30
12,53,median_mad_de,2024-06-03,2025-05-30,249,1000000.0,1166431.7619223234,0.16643176192232345,0.16859728007249175,0.21150855324483958,0.8415508086817363,1.2561218197804682,-0.20533515879898734,0.8210833500634925,0.5381526104417671,0.9905685898347681,0.033340827826489595,0.958952063505367,0.06000818741315084,0.5326530397022141,0.13182685189983467,0.03460491002248878,0.13351675712061994,0.035080522951871806,6943.503989287819,13506752.747639421,5.316542755453998,0.4430452296211665,2024-06-03,2025-05-30
12,53,score_weighted,2024-06-03,2025-05-30,249,1000000.0,1190736.8639832293,0.1907368639832292,0.19324395392336213,0.21429712702699255,0.9308125961593722,1.3912140592317443,-0.20727210098291227,0.9323201386340624,0.5461847389558233,1.0115376520584825,0.05175395218975024,0.9665091817972676,0.05504622537138473,0.9707988913551467,0.13182685189983467,0.058910012083394525,0.13351675712061994,0.05972719680274219,7866.618294428934,15344117.927773954,5.254902439506517,0.4379085366255431,2024-06-03,2025-05-30
12,53,top_n_equal_weight,2024-06-03,2025-05-30,249,1000000.0,1166472.859560138,0.16647285956013813,0.16863895008976848,0.20453036446684322,0.863455424016142,1.2888487603493823,-0.20387767208643692,0.8271575222728241,0.5341365461847389,0.9637131194956317,0.03587023503617825,0.964784369723171,0.054310721467815036,0.5628944185421481,0.13182685189983467,0.03464600766030346,0.13351675712061994,0.035122192969148536,6829.897094195082,13287790.001642263,4.745105469018828,0.395425455751569,2024-06-03,2025-05-30
12,54,alpha_risk_turnover,2024-07-01,2025-06-30,250,1000000.0,1194577.406983038,0.19457740698303794,0.19627771102083513,0.20717947410259427,0.96792639957018,1.436697794929117,-0.20378018092018235,0.9631835153670522,0.556,0.9703391341817458,0.04404910686409246,0.9628300603315719,0.05629203116255041,0.6975363192823435,0.14943484137970975,0.04514256560332819,0.1507162128862496,0.04556149813458554,7080.133407673091,13736309.897709493,5.281331178537703,0.44011093154480857,2024-07-01,2025-06-30
12,54,cvar,2024-07-01,2025-06-30,250,1000000.0,1165614.4582598754,0.16561445825987553,0.16704436282206792,0.20946614477322018,0.8413758132135721,1.2518893713543777,-0.21341238726299716,0.7827303980073661,0.54,0.9781103590943365,0.01850111663222845,0.9599460791300994,0.05886149622235459,0.2543428667156304,0.14943484137970975,0.01617961688016578,0.1507162128862496,0.016328149935818326,5524.312521469516,10734460.532320142,4.289574871952507,0.35746457266270887,2024-07-01,2025-06-30
12,54,median_mad_de,2024-07-01,2025-06-30,250,1000000.0,1209400.0616316465,0.20940006163164648,0.21124095315083702,0.21093764746612184,1.01331055084285,1.513283270633077,-0.20533515879898723,1.0287617297806815,0.56,0.98830699244837,0.054362314203761974,0.9631869507267234,0.0567578149219953,0.9245704333155994,0.14943484137970975,0.059965220251936735,0.1507162128862496,0.06052474026458743,6904.055936894879,13427460.307668194,5.207541039819225,0.43396175331826875,2024-07-01,2025-06-30
12,54,score_weighted,2024-07-01,2025-06-30,250,1000000.0,1246068.1952703453,0.2460681952703454,0.24826313793457122,0.2151956024899662,1.1374773185493097,1.7038203849581584,-0.2072721009829125,1.1977643723263944,0.564,1.0132635958393486,0.08137236720171478,0.9679699332719915,0.05409709067532019,1.5437312733542954,0.14943484137970975,0.09663335389063565,0.1507162128862496,0.09754692504832163,8017.29438883948,15629048.62882689,5.289970834806945,0.4408309029005788,2024-07-01,2025-06-30
12,54,top_n_equal_weight,2024-07-01,2025-06-30,250,1000000.0,1227227.5641980835,0.22722756419808343,0.2292394850602535,0.20538537226092007,1.1070593007906082,1.6573540365369677,-0.20387767208643692,1.124397206983333,0.552,0.9659036234228343,0.07160372029781265,0.9668010333259426,0.05294820799792477,1.2484849421054778,0.14943484137970975,0.07779272281837368,0.1507162128862496,0.0785232721740039,6928.70316050737,13472028.579062514,4.756866894721551,0.39640557456012915,2024-07-01,2025-06-30
12,55,alpha_risk_turnover,2024-08-01,2025-07-31,250,1000000.0,1177647.0445134363,0.17764704451343616,0.17918858842732144,0.20462797876772076,0.9070708104808513,1.3454058334070838,-0.20378018092018257,0.8793229430761313,0.552,0.970408991841573,0.019275005143447817,0.9589538336476736,0.05833247857771471,0.24348070688767615,0.16183927645126062,0.015807768062175542,0.1632343607602158,0.015954227667105636,7288.303217133129,14129498.024186993,5.363797406808992,0.44698311723408257,2024-08-01,2025-07-31
12,55,cvar,2024-08-01,2025-07-31,250,1000000.0,1158344.8203330953,0.15834482033309527,0.1597077619100793,0.20811896492209303,0.8151498644186332,1.2135551930454127,-0.21341238726299716,0.7483528203696285,0.532,0.9852867223278534,0.0007609042569225537,0.9573238421289872,0.06022354010920135,-0.029242508608742616,0.16183927645126062,-0.0034944561181653455,0.1632343607602158,-0.0035265988501365086,5658.04981799636,10995420.5092539,4.339873342638773,0.36165611188656444,2024-08-01,2025-07-31
12,55,median_mad_de,2024-08-01,2025-07-31,250,1000000.0,1215102.1342378834,0.21510213423788338,0.21699749959113368,0.20869309506160919,1.044701305194719,1.5606556879181732,-0.20533515879898745,1.0567966093111363,0.556,0.994820963900018,0.047500449974506455,0.9639283439433132,0.05555601874665235,0.8390218813063295,0.16183927645126062,0.053262857786622764,0.1632343607602158,0.05376313883091788,7269.759289228583,14125811.520713687,5.389910372855601,0.44915919773796675,2024-08-01,2025-07-31
12,55,score_weighted,2024-08-01,2025-07-31,250,1000000.0,1223007.0014633306,0.22300700146333052,0.22497824195271776,0.21330193183492124,1.057327613390699,1.5783337768017993,-0.20727210098291227,1.0854246224447988,0.564,1.0180009535910683,0.05103525943331904,0.9650755169884732,0.055997531750726054,0.9664852609982839,0.16183927645126062,0.06116772501206991,0.1632343607602158,0.06174388119250196,8054.103122329407,15693096.75780196,5.2309852498695,0.435915437489125,2024-08-01,2025-07-31
12,55,top_n_equal_weight,2024-08-01,2025-07-31,250,1000000.0,1211588.7338862284,0.21158873388622834,0.2134505089137,0.20433406452918143,1.0483895136527852,1.5644269777545585,-0.20387767208643648,1.046953826425902,0.56,0.9748879816856709,0.04711688891428391,0.9647656777050025,0.05400173702579049,0.7927977776847442,0.16183927645126062,0.049749457434967725,0.1632343607602158,0.050216148153484186,7034.636203290159,13669366.893815327,4.752858922373807,0.39607157686448385,2024-08-01,2025-07-31
12,56,alpha_risk_turnover,2024-09-03,2025-08-29,249,1000000.0,1180243.9223866179,0.1802439223866179,0.18260279889836362,0.19868791862661941,0.9427499358498564,1.3991133089047436,-0.20378018092018213,0.8960773225041281,0.5542168674698795,0.9561521063306602,0.026386631157626093,0.951772469612743,0.06157217454244056,0.30869067097592495,0.15860788994783603,0.02163603243878187,0.16066476555737585,0.02193803334098776,7917.386715775381,15347423.700881558,5.745376242551568,0.47878135354596396,2024-09-03,2025-08-29
12,56,cvar,2024-09-03,2025-08-29,249,1000000.0,1166554.0088973644,0.16655400889736427,0.16872122967075742,0.2030361978490026,0.8685909553161302,1.294324689011394,-0.21341238726299705,0.7905877996802274,0.5381526104417671,0.9783764328792103,0.011688520241096956,0.9530377941166017,0.0616383374008483,0.1305865590539922,0.15860788994783603,0.007946118949528236,0.16066476555737585,0.008056464113381567,6318.277325166588,12269270.912852412,4.792018302508094,0.3993348585423411,2024-09-03,2025-08-29
12,56,median_mad_de,2024-09-03,2025-08-29,249,1000000.0,1216610.5255904058,0.21661052559040583,0.21948789011688485,0.20440126466726588,1.0723300325893756,1.601793493132344,-0.20533515879898712,1.0689250267741657,0.5662650602409639,0.9922920128740143,0.05217665067221223,0.9601377158339305,0.05715608776639006,0.8901824831587515,0.15860788994783603,0.0580026356425698,0.16066476555737585,0.058823124559509,8094.90105863015,15714480.86765331,5.886118552908874,0.4905098794090728,2024-09-03,2025-08-29
12,56,score_weighted,2024-09-03,2025-08-29,249,1000000.0,1229581.5860086996,0.2295815860086996,0.232647117564998,0.2084487932550018,1.1070173044609979,1.6557549860503844,-0.20727210098291227,1.1224236955275408,0.5662650602409639,1.0119628499041935,0.06043673195479996,0.9601582036257038,0.05830050656688498,1.0711768771549186,0.15860788994783603,0.07097369606086357,0.16066476555737585,0.07198235200762215,8516.287529135247,16585186.188595718,5.426509223476283,0.452209101956357,2024-09-03,2025-08-29
12,56,top_n_equal_weight,2024-09-03,2025-08-29,249,1000000.0,1213523.8788881504,0.2135238788881504,0.21635671471939388,0.2004663402716249,1.0766609716790254,1.6107352194422762,-0.20387767208643637,1.0612084810722524,0.5622489959839357,0.9730135490772879,0.05207000684473025,0.9599642031153932,0.05640824823799234,0.8425721330473851,0.15860788994783603,0.05491598894031435,0.16066476555737585,0.05569194916201803,7522.062787803576,14610020.983987922,4.994660013138111,0.4162216677615092,2024-09-03,2025-08-29
12,57,alpha_risk_turnover,2024-10-01,2025-09-30,250,1000000.0,1174558.6987990167,0.17455869879901664,0.17607149367779718,0.19696446060433592,0.9210942923020881,1.3836260773854747,-0.20378018092018213,0.8640265843456186,0.544,0.9490772104665054,0.009187412716206376,0.9389737097965785,0.06847641231747242,-0.0007869653000422124,0.17519358923473694,-0.0006348904357202922,0.1767122888830246,-0.000640795205227418,8118.357312514653,15728598.2849233,5.822650977429942,0.48522091478582846,2024-10-01,2025-09-30
12,57,cvar,2024-10-01,2025-09-30,250,1000000.0,1179449.7682627535,0.1794497682627536,0.18100812375177466,0.20152904339792083,0.9254677239871628,1.3961398366888904,-0.21341238726299716,0.8481612809509068,0.536,0.9714617988707367,0.01021091549415587,0.9393508713529773,0.06933929367183696,0.07256918602632367,0.17519358923473694,0.004256179028016671,0.1767122888830246,0.00429583486875007,6522.285164948168,12656132.381351966,4.881651595413725,0.40680429961781045,2024-10-01,2025-09-30
12,57,median_mad_de,2024-10-01,2025-09-30,250,1000000.0,1227550.1638991756,0.22755016389917548,0.22956519900337202,0.20300152337407779,1.118871670796359,1.6875821844020424,-0.20533515879898723,1.118002393482476,0.568,0.9927470741336363,0.0469721618843572,0.9529696673040463,0.06153902939766728,0.7419019290563048,0.17519358923473694,0.05235657466443855,0.1767122888830246,0.05285291012034743,8629.308916797498,16730853.479806257,6.142067580276882,0.5118389650230735,2024-10-01,2025-09-30
12,57,score_weighted,2024-10-01,2025-09-30,250,1000000.0,1237659.9919498044,0.23765999194980436,0.239772969171538,0.20603310058158156,1.1455455874415803,1.7307803281656005,-0.20727210098291204,1.1568029080349091,0.564,1.0057836275369574,0.05349398642154391,0.9512777132788298,0.0635372929271365,0.8584498601680932,0.17519358923473694,0.062466402715067426,0.1767122888830246,0.06306068028851342,8769.353135382495,17071172.71302208,5.505157288901513,0.4587631074084595,2024-10-01,2025-09-30
12,57,top_n_equal_weight,2024-10-01,2025-09-30,250,1000000.0,1221846.0693630748,0.22184606936307483,0.2238061406897338,0.1980347444465783,1.1182778176060917,1.6875329980128677,-0.2038776720864358,1.097747185355585,0.564,0.9683371886759644,0.04572719625084819,0.9528509635272993,0.06040733801241437,0.6618588756932899,0.17519358923473694,0.04665248012833789,0.1767122888830246,0.04709385180670922,7760.123409167546,15065391.348737352,5.072098377124506,0.4226748647603756,2024-10-01,2025-09-30
12,58,alpha_risk_turnover,2024-11-01,2025-10-31,250,1000000.0,1211783.4506124547,0.21178345061245474,0.21364708510317332,0.1992239176614678,1.0708947099550665,1.6017246848305804,-0.2037801809201819,1.048419351373803,0.564,0.956784048573437,0.008065999083730898,0.9424588925051625,0.06714270127086411,-0.017964066691328672,0.2140406804250008,-0.0022572298125460577,0.21592588894918174,-0.002278803846008426,8425.682149521032,16313757.97212629,5.979770319703593,0.49831419330863275,2024-11-01,2025-10-31
12,58,cvar,2024-11-01,2025-10-31,250,1000000.0,1209760.4230266635,0.20976042302666342,0.21160475078382568,0.20470250756843608,1.039328221565252,1.5595097568332472,-0.21341238726299738,0.9915298427502052,0.548,0.9830806149688655,0.0018292193169510496,0.9424448296692076,0.06852516408601733,-0.02628089062792479,0.2140406804250008,-0.004280257398337373,0.21592588894918174,-0.004321138165356064,6586.64902079147,12777607.06157761,4.899799062992593,0.408316588582716,2024-11-01,2025-10-31
12,58,median_mad_de,2024-11-01,2025-10-31,250,1000000.0,1272564.0689182829,0.2725640689182829,0.275020284080459,0.2047456247124836,1.2885558170948852,1.9401071920680988,-0.20533515879898734,1.33937259302821,0.584,0.9976455183818963,0.04977733370279861,0.9562062818175651,0.059929516250190294,0.8221686632450526,0.2140406804250008,0.05852338849328209,0.21592588894918174,0.05909439513127723,9150.196545656778,17731415.933055844,6.403024649837356,0.5335853874864463,2024-11-01,2025-10-31
12,58,score_weighted,2024-11-01,2025-10-31,250,1000000.0,1281892.3858108546,0.28189238581085463,0.2844416519911097,0.20855072684655726,1.3041241952870186,1.9634389669013583,-0.20727210098291238,1.3723103622834374,0.58,1.0136608619514147,0.05449106082820727,0.9538299105875588,0.0626949899702855,0.915895406775714,0.2140406804250008,0.06785170538585383,0.21592588894918174,0.06851576304192797,8911.21239571059,17339934.774513494,5.530563431541781,0.4608802859618151,2024-11-01,2025-10-31
12,58,top_n_equal_weight,2024-11-01,2025-10-31,250,1000000.0,1266040.896042733,0.26604089604273295,0.26843236983122387,0.2004020692949714,1.2863227666128558,1.9335232881538233,-0.2038776720864367,1.3166344655800186,0.584,0.976392313093756,0.048292872276655296,0.9561193696484898,0.058895768138253556,0.7339703699138352,0.2140406804250008,0.05200021561773216,0.21592588894918174,0.05250648088204213,7986.028883341339,15498198.902703699,5.160888623577879,0.43007405196482335,2024-11-01,2025-10-31
12,59,alpha_risk_turnover,2024-12-02,2025-11-28,249,1000000.0,1144035.403060905,0.144035403060905,0.14589164841157976,0.19920651677860984,0.7824160245266121,1.1551809165616758,-0.20378018092018213,0.7159265820296994,0.5542168674698795,0.9471051548319465,0.0052742562402317995,0.9413500717287293,0.0680295382141349,-0.0460966602085567,0.14795165781995023,-0.0039162547590452235,0.14986159958105105,-0.0039699511694712974,8704.015353156268,16847695.30695858,6.075551027393454,0.5062959189494544,2024-12-02,2025-11-28
12,59,cvar,2024-12-02,2025-11-28,249,1000000.0,1134301.7864353992,0.13430178643539925,0.13602528295489713,0.20456213622643704,0.7248682607157958,1.0687530412930746,-0.2134123872629966,0.6373823220826809,0.5341365461847389,0.975210924615236,-0.006776284550922684,0.9439083082581489,0.06772606810071127,-0.15825081583376432,0.14795165781995023,-0.013649871384550982,0.14986159958105105,-0.013836316626153922,6568.441285470208,12738095.57710881,4.826062086812637,0.4021718405677197,2024-12-02,2025-11-28
12,59,median_mad_de,2024-12-02,2025-11-28,249,1000000.0,1179147.5586079126,0.17914755860791254,0.18149101450983562,0.20367041323067664,0.9199726431907772,1.3554521663453967,-0.20533515879898723,0.8838769530331928,0.5783132530120482,0.9838775443317389,0.03093634610520949,0.95646615147307,0.05952549722470352,0.47665125530262165,0.14795165781995023,0.031195900787962305,0.14986159958105105,0.03162941492878457,9303.599284455539,18025521.776519615,6.405092291636387,0.5337576909696989,2024-12-02,2025-11-28
12,59,score_weighted,2024-12-02,2025-11-28,249,1000000.0,1191651.2814002805,0.19165128140028065,0.19417134120411972,0.20840326977437357,0.9549798011477351,1.4093551785331393,-0.20727210098291182,0.9367943890341895,0.5742971887550201,1.0044473016754978,0.03931549427263574,0.9542872671691055,0.06229607890980769,0.6424578946726014,0.14795165781995023,0.043699623580330416,0.14986159958105105,0.044309741623068666,9071.805205967323,17636019.004138235,5.510870596804647,0.45923921640038734,2024-12-02,2025-11-28
12,59,top_n_equal_weight,2024-12-02,2025-11-28,249,1000000.0,1180296.3331212616,0.18029633312126148,0.18265594711382138,0.2000406405310786,0.9380272181331436,1.3810062402630914,-0.20387767208643615,0.8959095189020131,0.570281124497992,0.9665211089121195,0.03396834707650236,0.9566423619977844,0.05864072299735698,0.4884874991618905,0.14795165781995023,0.03234467530131124,0.14986159958105105,0.03279434753277033,8173.857419015249,15851102.815741513,5.185471129159988,0.43212259409666576,2024-12-02,2025-11-28
12,60,alpha_risk_turnover,2025-01-02,2025-12-31,250,1000000.0,1157696.6081067545,0.15769660810675457,0.15905359664384444,0.19464723629274433,0.854807667691213,1.278354094832325,-0.20378018092018213,0.7805155335795071,0.56,0.9386806308807436,-0.0055706060131197836,0.9397420444846797,0.06761112115274474,-0.24853423783009104,0.17719055511914594,-0.019493947012391377,0.1787278455058472,-0.019674248862002752,8699.641307672773,16831241.734145388,6.014832955188597,0.5012360795990497,2025-01-02,2025-12-31
12,60,cvar,2025-01-02,2025-12-31,250,1000000.0,1161447.8031862173,0.16144780318621743,0.16283928241760326,0.20087726079303214,0.8506331401934998,1.2659076931905355,-0.21341238726299694,0.7630263852347505,0.548,0.9730239361472564,-0.007375038283908803,0.9439126129463171,0.0665367212173245,-0.18511241875597675,0.17719055511914594,-0.01574275193292851,0.1787278455058472,-0.015888563088243934,6352.862099580453,12314039.242579058,4.632032275563046,0.3860026896302538,2025-01-02,2025-12-31
12,60,median_mad_de,2025-01-02,2025-12-31,250,1000000.0,1193068.5485159603,0.19306854851596045,0.19475462456677683,0.19909952447615495,0.9925573850979961,1.4767228021371026,-0.20533515879898745,0.9484718822918757,0.584,0.9777686259162223,0.01850063200622633,0.9569845315438782,0.0579287421601953,0.24906590938796933,0.17719055511914594,0.015877993396814505,0.1787278455058472,0.01602677906092964,9516.705900409903,18429303.60261596,6.4616671302905235,0.5384722608575437,2025-01-02,2025-12-31
12,60,score_weighted,2025-01-02,2025-12-31,250,1000000.0,1208576.1975472276,0.20857619754722756,0.21040923634129682,0.20430064546732463,1.0361486103394588,1.5433238429737368,-0.20727210098291193,1.0151353479002152,0.58,1.0003473804823824,0.028432564848415744,0.9541576651279445,0.06114812852861871,0.4660191903765202,0.17719055511914594,0.03138564242808162,0.1787278455058472,0.03168139083544963,9147.541988118195,17772698.545631617,5.4879019471405694,0.4573251622617142,2025-01-02,2025-12-31
12,60,top_n_equal_weight,2025-01-02,2025-12-31,250,1000000.0,1204676.7452336566,0.20467674523365664,0.20647267768380329,0.19658340125921117,1.0525125269416673,1.5656474217619234,-0.20387767208643648,1.0127282481245254,0.572,0.963816785103677,0.030345253567973546,0.9554031822537155,0.05847859801054747,0.4055648507059939,0.17719055511914594,0.0274861901145107,0.1787278455058472,0.02774483217795609,8270.54617616095,16027303.148710497,5.180732370256212,0.4317276975213511,2025-01-02,2025-12-31
12,61,alpha_risk_turnover,2025-02-03,2026-01-30,250,1000000.0,1117140.8065865596,0.11714080658655956,0.11813123383568702,0.19286916654124733,0.6744452151607001,1.0016896473709516,-0.20378018092018213,0.5796993274922912,0.548,0.931962257988511,-0.029168599168226637,0.9330406554995659,0.0706214594319429,-0.5776500911151043,0.16329774696456978,-0.046156940378010214,0.16470627170122976,-0.046575037865542734,8506.7504822883,16461676.49567667,5.831327769655313,0.4859439808046093,2025-02-03,2026-01-30
12,61,cvar,2025-02-03,2026-01-30,250,1000000.0,1117389.6078775907,0.11738960787759067,0.11838224810588072,0.20033754551214603,0.6577164236860878,0.9684259690303463,-0.21341238726299716,0.5547112312650964,0.548,0.9770533922426052,-0.03518790227561222,0.9417182672283552,0.06753956455614976,-0.5790514832903426,0.16329774696456978,-0.045908139086979105,0.16470627170122976,-0.04632402359534904,6187.591626686218,11998253.6216615,4.470471932892973,0.37253932774108117,2025-02-03,2026-01-30
12,61,median_mad_de,2025-02-03,2026-01-30,250,1000000.0,1167130.0070620389,0.16713000706203895,0.16857391802227295,0.1969517429434211,0.8886630231292026,1.3155972948660446,-0.20533515879898723,0.8209695748563856,0.58,0.9694723695035176,0.009365936091288381,0.9504749031381353,0.06149602649944497,0.06747675467103084,0.16329774696456978,0.0038322600974691756,0.16470627170122976,0.0038676463210431944,9861.413395389722,19089221.149094135,6.599995615757684,0.5499996346464737,2025-02-03,2026-01-30
12,61,score_weighted,2025-02-03,2026-01-30,250,1000000.0,1164240.3924955125,0.16424039249551248,0.16565761196832574,0.2031444116320581,0.8553249451357926,1.2620483486816116,-0.20727210098291227,0.7992277358252992,0.576,0.9978963620235675,0.0032397611446519574,0.9485180640151006,0.0643417972168348,0.04476567110499403,0.16329774696456978,0.0009426455309426984,0.16470627170122976,0.0009513402670959792,9256.417083544151,17981854.575925667,5.466257718997958,0.4555214765831632,2025-02-03,2026-01-30
12,61,top_n_equal_weight,2025-02-03,2026-01-30,250,1000000.0,1166920.7959245024,0.16692079592450249,0.16836277245158549,0.19566472953151584,0.8923900068752437,1.3170091879902408,-0.20387767208643637,0.8258028980250769,0.564,0.9632399050557285,0.010016421374165148,0.9505762642841953,0.06116542442087295,0.06106506030026961,0.16329774696456978,0.0036230489599327065,0.16470627170122976,0.003656500750355729,8357.721167008185,16185900.446753927,5.161170325158274,0.4300975270965229,2025-02-03,2026-01-30
12,62,alpha_risk_turnover,2025-03-03,2026-02-27,250,1000000.0,1147740.949319634,0.147740949319634,0.14900687634042264,0.1928293529593585,0.8158701386854889,1.219406660792466,-0.177486759606589,0.8395379839640215,0.552,0.9251136713064332,-0.0045930012013026995,0.9268500078954129,0.07382571841149806,-0.23975215368120678,0.16807319719069413,-0.02033224787106014,0.16952583294761037,-0.02051895660718772,8554.803553160411,16547407.575436823,5.801250386349458,0.48343753219578817,2025-03-03,2026-02-27
12,62,cvar,2025-03-03,2026-02-27,250,1000000.0,1132192.004458521,0.13219200445852097,0.13331710676265662,0.2010883452012137,0.7219980794162152,1.0676485317259816,-0.19140969193254742,0.6965013391779421,0.548,0.9772501401275329,-0.025856424845308396,0.9388719066542478,0.06936739039877247,-0.43014717330451374,0.16807319719069413,-0.03588119273217316,0.16952583294761037,-0.03620872618495374,6281.040768575496,12165292.072057405,4.483019252504392,0.37358493770869927,2025-03-03,2026-02-27
12,62,median_mad_de,2025-03-03,2026-02-27,250,1000000.0,1184355.3306405097,0.18435533064050968,0.18595954624732536,0.19701518771709894,0.9634251899098052,1.4379300156243306,-0.17379711801394804,1.0699806094160964,0.58,0.9670932051799069,0.020545273944461317,0.9483226600106264,0.06283683908122559,0.23530478187397938,0.16807319719069413,0.01628213344981555,0.16952583294761037,0.01643371329971499,9844.609461591666,19046457.322115608,6.5309040798218225,0.5442420066518185,2025-03-03,2026-02-27
12,62,score_weighted,2025-03-03,2026-02-27,250,1000000.0,1176157.6088555679,0.17615760885556786,0.17768527961902425,0.2036677073673917,0.9040672108875447,1.3405120581460441,-0.1823257186495555,0.9745486316198181,0.568,0.996630018719745,0.009695536427874397,0.9453645055408122,0.06640197292203437,0.13713011555222956,0.16807319719069413,0.008084411664873725,0.16952583294761037,0.008159446671413884,9247.512343615608,17955598.425363224,5.384938246892128,0.4487448539076775,2025-03-03,2026-02-27
12,62,top_n_equal_weight,2025-03-03,2026-02-27,250,1000000.0,1171346.8911239016,0.17134689112390156,0.17282985722901434,0.19622649624689706,0.9098382515183504,1.3478776287388816,-0.182554062126154,0.9467324649811422,0.564,0.9628927057734573,0.010005438018652696,0.9479987188839767,0.06286391136010683,0.05584740502279729,0.16807319719069413,0.003273693933207422,0.16952583294761037,0.003304024281403972,8379.222564256124,16215998.31560263,5.0990684108252635,0.42492236756877194,2025-03-03,2026-02-27
12,63,alpha_risk_turnover,2025-04-01,2026-03-31,251,1000000.0,1208699.880554355,0.20869988055435496,0.20961298777296422,0.1879393783108127,1.105793831757196,1.6955897699221756,-0.12206204777893104,1.7172658626258541,0.5617529880478087,0.9088681106478705,0.043624726175988456,0.922875568769065,0.0744353054240727,0.36489004645053874,0.1759153244651852,0.03278455608916975,0.1766747463430185,0.032938241429945725,8397.706687695176,16243553.605025198,5.647421450548807,0.4706184542124005,2025-04-01,2026-03-31
12,63,cvar,2025-04-01,2026-03-31,251,1000000.0,1198125.4604186565,0.19812546041865642,0.1989886039456057,0.19638890047385543,1.0214701354026612,1.5522879492012605,-0.12869760065088343,1.5461718240218005,0.549800796812749,0.9623850109123636,0.02673947400440556,0.9351730461696127,0.0699286188252161,0.2852035957099185,0.1759153244651852,0.02221013595347121,0.1766747463430185,0.022313857602587195,5937.832411910538,11494801.426396083,4.198361009083111,0.34986341742359256,2025-04-01,2026-03-31
12,63,median_mad_de,2025-04-01,2026-03-31,251,1000000.0,1236085.7239918003,0.2360857239918004,0.2371299417576016,0.1913709817777407,1.2069403433737054,1.8579022126946894,-0.12079484290880349,1.963080012750442,0.5776892430278885,0.9506192769319954,0.059233050891844136,0.9479612855263645,0.06165420629796511,0.816032810297018,0.1759153244651852,0.06017039952661518,0.1766747463430185,0.06045519541458311,9834.985582196441,19017973.38987501,6.452619647562689,0.5377183039635574,2025-04-01,2026-03-31
12,63,score_weighted,2025-04-01,2026-03-31,251,1000000.0,1229163.3403934126,0.22916334039341257,0.23017418551051194,0.19879281340660881,1.1407555557344384,1.7341887235251567,-0.1261305672158627,1.82488821378712,0.5737051792828686,0.982884405258357,0.04920463218168267,0.9435432970262208,0.06593092114511563,0.6994063226501095,0.1759153244651852,0.053248015928227366,0.1766747463430185,0.053499439167493446,8977.514698229621,17425351.547805086,5.1632044514627164,0.4302670376218931,2025-04-01,2026-03-31
12,63,top_n_equal_weight,2025-04-01,2026-03-31,251,1000000.0,1221850.7505803448,0.22185075058034487,0.22282651140375376,0.1921304235029615,1.1424803706674458,1.7321043662758895,-0.125164117728228,1.7802746941226604,0.5697211155378487,0.9531676703616665,0.047304533305594205,0.946745463455094,0.06250497267832424,0.621450303377195,0.1759153244651852,0.04593542611515966,0.1766747463430185,0.04615176506073526,8098.957695090963,15667604.938642973,4.871175089766941,0.4059312574805783,2025-04-01,2026-03-31
12,64,alpha_risk_turnover,2025-05-01,2026-04-30,251,1000000.0,1352840.8692129282,0.3528408692129281,0.3544706852893653,0.13077155372057414,2.3864675994327897,3.9535202669332508,-0.05337006376125264,6.641751204852703,0.5776892430278885,0.8588609853200492,0.0719145535033405,0.8204908488911508,0.07680809640251887,0.42244448220134806,0.3108133598109195,0.04202750940200861,0.31222754359468263,0.042243141694682684,8840.18671391513,17094595.445753787,5.838800410891441,0.48656670090762005,2025-05-01,2026-04-30
12,64,cvar,2025-05-01,2026-04-30,251,1000000.0,1376508.1616580766,0.37650816165807655,0.3782617204781973,0.13995845724985903,2.363196755884113,3.890977792015113,-0.07134079204458943,5.30217999600812,0.5617529880478087,0.9609971070372406,0.06202102359217079,0.8578020584545417,0.0721007083566931,0.7089313534971092,0.3108133598109195,0.06569480184715704,0.31222754359468263,0.06603417688351465,6130.037744171365,11863180.99150207,4.257527772793703,0.35479398106614196,2025-05-01,2026-04-30
12,64,median_mad_de,2025-05-01,2026-04-30,251,1000000.0,1430079.9054661503,0.43007990546615016,0.43211953763996824,0.13582958837372633,2.71344894915555,4.533613405443823,-0.07788033009889173,5.548506755059549,0.6095617529880478,0.9679406066519235,0.09789666034279368,0.8902633101480456,0.0619925853930477,1.4345543729958827,0.3108133598109195,0.11926654565523065,0.31222754359468263,0.11989199404528561,9919.09292978682,19170459.443410575,6.381816627083411,0.5318180522569509,2025-05-01,2026-04-30
12,64,score_weighted,2025-05-01,2026-04-30,251,1000000.0,1381174.048274098,0.38117404827409795,0.3829521955586752,0.14198740670047263,2.3553856482878652,3.829978716179236,-0.07530925574239145,5.085061481269056,0.5856573705179283,1.0008668844584252,0.05455776944627106,0.8806242555349038,0.06727589018131025,0.8145589818910802,0.3108133598109195,0.07036068846317844,0.31222754359468263,0.07072465196399258,9259.564173990002,17971733.803875342,5.216273983308299,0.43468949860902484,2025-05-01,2026-04-30
12,64,top_n_equal_weight,2025-05-01,2026-04-30,251,1000000.0,1375340.4665200016,0.37534046652000175,0.3770878816778336,0.13739448294201959,2.398499502173284,3.9412669876522126,-0.07691896050874947,4.902404806093813,0.5776892430278885,0.9782506036911739,0.05598757025290959,0.8894980103627637,0.06283967447454308,0.7941746991386083,0.3108133598109195,0.06452710670908224,0.31222754359468263,0.06486033808315095,8384.815649506903,16224130.561214603,4.949661577600416,0.41247179813336793,2025-05-01,2026-04-30
12,65,alpha_risk_turnover,2025-06-02,2026-05-29,250,1000000.0,1347369.4897546133,0.34736948975461335,0.35058711623070793,0.12117709338193444,2.54189806588231,4.109883193433502,-0.05337006376125275,6.568984399176191,0.588,0.798994372688008,0.09212103748191124,0.7817307277964312,0.07923659132475776,0.4771365634045921,0.29820997209897415,0.049159517655639196,0.3009233245813845,0.04966379164932344,9205.45722410205,17808989.73570885,5.876514628210006,0.4897095523508339,2025-06-02,2026-05-29
12,65,cvar,2025-06-02,2026-05-29,250,1000000.0,1377965.5039409427,0.37796550394094264,0.38150433595928757,0.13053768853644812,2.5421935738060517,4.069439729566109,-0.0713407920445891,5.347632469805514,0.584,0.9209087179408874,0.08301043254176468,0.8364012241924756,0.07216184769739414,0.8541761399894134,0.29820997209897415,0.07975553184196849,0.3009233245813845,0.08058101137790308,6485.29217395085,12553739.724415302,4.367114120972111,0.36392617674767586,2025-06-02,2026-05-29
12,65,median_mad_de,2025-06-02,2026-05-29,250,1000000.0,1406171.6780676506,0.40617167806765075,0.41001149514476465,0.1286736287595978,2.7360929337191573,4.421987582989682,-0.07788033009889173,5.264634788066972,0.612,0.9464546951675064,0.09631850717645904,0.872055800153312,0.06329287514508042,1.2931923506608074,0.29820997209897415,0.1079617059686766,0.3009233245813845,0.10908817056338016,10262.052751314945,19831290.009443134,6.433131852467765,0.5360943210389805,2025-06-02,2026-05-29
12,65,score_weighted,2025-06-02,2026-05-29,250,1000000.0,1359228.573958928,0.35922857395892804,0.3625700407581751,0.1311966745779528,2.4248035878145817,3.7866206556027726,-0.07530925574239211,4.814415401984671,0.596,0.953695996403914,0.06042497322052885,0.8618290442832911,0.06676887254910874,0.7175952053785496,0.29820997209897415,0.06101860185995389,0.3009233245813845,0.06164671617679063,9789.328447427913,18998592.867804084,5.322919422302635,0.4435766185252196,2025-06-02,2026-05-29
12,65,top_n_equal_weight,2025-06-02,2026-05-29,250,1000000.0,1349054.6508379835,0.3490546508379835,0.3522898236118275,0.12620140007275726,2.455625583470118,3.8537185725794174,-0.07691896050875002,4.5800127989476955,0.596,0.9299554517456804,0.05861719990523142,0.8736389043738519,0.06196541035680885,0.6405225438462527,0.29820997209897415,0.05084467873900933,0.3009233245813845,0.05136649903044299,8798.255571965045,17026455.551986028,5.030516950471698,0.41920974587264154,2025-06-02,2026-05-29
12,66,alpha_risk_turnover,2025-07-01,2026-06-30,251,1000000.0,1219486.05883829,0.21948605883828987,0.22045051179640973,0.1257155068535302,1.6478787489039946,2.5202937367008924,-0.053370063761253084,4.130602368821935,0.5537848605577689,0.7819399161373141,0.0435190310328033,0.781660493916499,0.0830601026466279,-0.02548421471269638,0.222051314832717,-0.0025652559944271403,0.22302803559001272,-0.002577523793602987,9244.264573174238,17878517.042571485,5.7724712883924365,0.48103927403270297,2025-07-01,2026-06-30
12,66,cvar,2025-07-01,2026-06-30,251,1000000.0,1236628.522671807,0.236628522671807,0.23767536383032972,0.13775726779588676,1.6171672999736209,2.4107505088505508,-0.07134079204458854,3.3315492724244047,0.5617529880478087,0.9285333466886556,0.02845250166092289,0.8470647606293547,0.07376536272265301,0.18295734845672365,0.222051314832717,0.01457720783909,0.22302803559001272,0.014647328240317004,6739.716383565466,13040014.782533221,4.423750319856745,0.368645859988062,2025-07-01,2026-06-30
12,66,median_mad_de,2025-07-01,2026-06-30,251,1000000.0,1274160.8531353327,0.2741608531353328,0.27539138176721956,0.13650007754669438,1.8508943342808304,2.7964054070603273,-0.0778803300988915,3.536083904851596,0.5856573705179283,0.9539745849239555,0.05299881454926757,0.8782891883142266,0.06552055608577177,0.6618775710903311,0.222051314832717,0.05210953830261578,0.22302803559001272,0.05236334617720684,10757.156167741097,20788332.67337998,6.559982931399089,0.5466652442832575,2025-07-01,2026-06-30
12,66,score_weighted,2025-07-01,2026-06-30,251,1000000.0,1223649.9229302562,0.2236499229302562,0.2246342996009434,0.13610405752289412,1.5572652858920024,2.2999803543657764,-0.07530925574239133,2.982824586254641,0.5776892430278885,0.9388897410431976,0.015458684124396788,0.866916264914294,0.06827488068210248,0.039099158889029574,0.222051314832717,0.0015986080975392003,0.22302803559001272,0.0016062640109306692,10052.335722231379,19511114.997166317,5.339271781665741,0.44493931513881174,2025-07-01,2026-06-30
12,66,top_n_equal_weight,2025-07-01,2026-06-30,251,1000000.0,1213082.367597771,0.2130823675977711,0.21401629061081873,0.13090857429863517,1.5472088832031945,2.295141190385567,-0.07691896050874969,2.7823606714819547,0.5776892430278885,0.9158884579811831,0.010865192211045897,0.8792413877435372,0.06325126560367555,-0.106523158626362,0.222051314832717,-0.008968947234945901,0.22302803559001272,-0.009011744979193992,9013.670886419291,17447189.126965895,5.03873967865013,0.4198949732208442,2025-07-01,2026-06-30
24,1,alpha_risk_turnover,2020-02-03,2022-01-31,504,1000000.0,1729619.022597829,0.7296190225978292,0.31514980994479447,0.2759167225069843,1.1328635986526765,1.562877915125843,-0.3417954255229526,0.9220422112513943,0.5873015873015873,1.054721325765614,0.08726992022233716,0.9755308764016924,0.0622503588552569,1.589698616558004,0.4355620405097935,0.29405698208803566,0.1981494232815011,0.11700038666329338,8341.734672822451,16142602.244578836,12.760052433169397,0.5316688513820582,2020-02-03,2022-01-31
24,1,cvar,2020-02-03,2022-01-31,504,1000000.0,1751090.056807906,0.751090056807906,0.3232875941411626,0.26892862601333734,1.177891659489506,1.6356113585780452,-0.32628748886586467,0.9908059768545544,0.5833333333333334,1.0250273765457778,0.09780581811051108,0.9727018610950467,0.06273312390325297,1.6443001292728667,0.4355620405097935,0.31552801629811245,0.1981494232815011,0.1251381708596615,7577.958665032641,14653729.571796441,11.690057570252621,0.48708573209385925,2020-02-03,2022-01-31
24,1,median_mad_de,2020-02-03,2022-01-31,504,1000000.0,1718311.3637522713,0.7183113637522713,0.31084376023699756,0.27180640152400176,1.1333846109951116,1.5839638905907583,-0.3273252082835365,0.9496480942211382,0.5833333333333334,1.0376849747304455,0.08639435081132546,0.9742875715752249,0.06199072632683976,1.5235261210530096,0.4355620405097935,0.2827493232424778,0.1981494232815011,0.11269433695549647,10040.523380797707,19437251.408590812,15.46759013044726,0.6444829221019691,2020-02-03,2022-01-31
24,1,score_weighted,2020-02-03,2022-01-31,504,1000000.0,1830995.853377433,0.8309958533774331,0.35314295378479255,0.2834376084941662,1.2107464384389868,1.6807131160724817,-0.3434979632110362,1.0280787416716957,0.5912698412698413,1.0861019654043367,0.1111615552974935,0.9778999855527973,0.063201889524696,2.0498496823908967,0.4355620405097935,0.39543381286763957,0.1981494232815011,0.15499353050329145,8784.482888209874,17077525.677658603,12.997369442191893,0.5415570600913289,2020-02-03,2022-01-31
24,1,top_n_equal_weight,2020-02-03,2022-01-31,504,1000000.0,1794732.9027696159,0.794732902769616,0.3396764171879776,0.2779391342024614,1.1929545496083442,1.6616306774951255,-0.3371349201378667,1.0075385161794321,0.5932539682539683,1.0686691307039422,0.1032831796068861,0.9812391767384232,0.05637790207841553,2.0921681807474677,0.4355620405097935,0.3591708622598224,0.1981494232815011,0.1415269939064765,8174.955990809696,15856592.619102625,12.245346860540952,0.510222785855873,2020-02-03,2022-01-31
24,2,alpha_risk_turnover,2020-03-02,2022-02-28,504,1000000.0,1806501.1889871592,0.8065011889871592,0.3440614528313648,0.2735255171857441,1.2198648491139619,1.6985050752600148,-0.2851532917190547,1.2065841876037293,0.5873015873015873,1.0511518723553888,0.07892894718331421,0.9762020730592411,0.060724020658396716,1.5039360992904465,0.5213417631627157,0.2851594258244434,0.2334268373773598,0.11063461545400499,8416.166173373986,16286623.360090028,12.415715983603096,0.5173214993167956,2020-03-02,2022-02-28
24,2,cvar,2020-03-02,2022-02-28,504,1000000.0,1824901.642651302,0.8249016426513021,0.3508892044321408,0.26719156275676115,1.2610835282085797,1.7662765179365245,-0.2721287395861499,1.2894235462442107,0.5853174603174603,1.0224988930827945,0.08915939979757562,0.9721028394601658,0.06293118643303733,1.50341614457164,0.5213417631627157,0.3035598794885863,0.2334268373773598,0.11746236705478097,7456.649539803924,14416059.194069266,11.123762680200205,0.46349011167500853,2020-03-02,2022-02-28
24,2,median_mad_de,2020-03-02,2022-02-28,504,1000000.0,1799899.1530004453,0.7998991530004453,0.3416032025157234,0.269214893971362,1.2278452720255024,1.7335493995117983,-0.26708352987197614,1.2790126095737446,0.5833333333333334,1.0335292729109526,0.08008966334269654,0.975204741098599,0.06018420512502384,1.4657519784459294,0.5213417631627157,0.2785573898377296,0.2334268373773598,0.1081763651383636,9968.725197736181,19293126.46012748,14.961836704885457,0.6234098627035607,2020-03-02,2022-02-28
24,2,score_weighted,2020-03-02,2022-02-28,504,1000000.0,1895119.0705338286,0.8951190705338286,0.3766332374796959,0.280736724055255,1.2809630759373236,1.7949594334889951,-0.2822465215611675,1.3344123264884002,0.5853174603174603,1.0813327274175355,0.09756415924138012,0.9784355526233848,0.061557467116169017,1.9051183565543215,0.5213417631627157,0.3737773073711128,0.2334268373773598,0.1432064001023361,8766.57303255309,17043734.510573283,12.520849712318743,0.5217020713466143,2020-03-02,2022-02-28
24,2,top_n_equal_weight,2020-03-02,2022-02-28,504,1000000.0,1862037.2468750558,0.8620372468750559,0.36456485623624935,0.2751118322719414,1.2692594407952873,1.7861940098537472,-0.27484939447450074,1.326416807041836,0.5853174603174603,1.063131826490347,0.09154986231173216,0.9816348210662061,0.0548784807333008,1.9470140566852403,0.5213417631627157,0.34069548371234015,0.2334268373773598,0.13113801885888954,8104.441505852757,15716842.406691123,11.72098827567298,0.4883745114863742,2020-03-02,2022-02-28
24,3,alpha_risk_turnover,2020-04-01,2022-03-31,505,1000000.0,2153685.681439105,1.153685681439105,0.4664297977056975,0.19255958386953312,2.085731512609682,3.1377620686565137,-0.11690161016882672,3.9899347582303606,0.592079207920792,1.0190614988853173,0.08471900201082731,0.9605928977652252,0.053635407074927,1.6900545308984685,0.8037689960341805,0.3499166854049245,0.3422605137887942,0.1241692839169033,8687.846990194212,16816369.290818036,12.494950218795246,0.5206229257831353,2020-04-01,2022-03-31
24,3,cvar,2020-04-01,2022-03-31,505,1000000.0,2148051.271381488,1.148051271381488,0.46451412435043915,0.1943852221593691,2.0612726764518747,3.0840683853588446,-0.12619999373342639,3.680777713282913,0.5861386138613861,1.0192118934664356,0.08372558719069846,0.9517115804933949,0.059776820088711706,1.5005836312786067,0.8037689960341805,0.3442822753473076,0.3422605137887942,0.12225361056164497,7474.729180800845,14450116.037636513,10.940515780782782,0.4558548241992826,2020-04-01,2022-03-31
24,3,median_mad_de,2020-04-01,2022-03-31,505,1000000.0,2097927.790758996,1.097927790758996,0.4473603247381266,0.19182537425455748,2.0246203551734436,3.0515867490062565,-0.12589982796476018,3.5533037016011204,0.5861386138613861,1.012315871562164,0.07356272801337344,0.9578866222742629,0.055127364383417705,1.4038894990178887,0.8037689960341805,0.29415879472481543,0.3422605137887942,0.1050998109493324,10116.028869786183,19581420.11653377,14.92130329869287,0.6217209707788696,2020-04-01,2022-03-31
24,3,score_weighted,2020-04-01,2022-03-31,505,1000000.0,2251976.7712260745,1.2519767712260745,0.4994530781569504,0.201624813014882,2.111485134472298,3.1687732902172843,-0.12550647559245354,3.9795004664044726,0.5861386138613861,1.0716890579825273,0.09245304332409197,0.9647814289110451,0.05461089111896327,2.101173661194971,0.8037689960341805,0.44820777519189403,0.3422605137887942,0.1571925643681562,8928.885835177573,17361538.69405014,12.460704980453329,0.519196040852222,2020-04-01,2022-03-31
24,3,top_n_equal_weight,2020-04-01,2022-03-31,505,1000000.0,2189789.40326779,1.18978940326779,0.4786457620305702,0.19674335538945334,2.087791023699834,3.138085337355726,-0.1273899446314113,3.757327655769682,0.5881188118811881,1.0509718134446027,0.08392692514613946,0.9696055907498139,0.04901887576286425,2.0355053112447945,0.8037689960341805,0.38602040723360953,0.3422605137887942,0.136385248241776,8264.430973605384,16028637.92720079,11.697628971313328,0.48740120713805535,2020-04-01,2022-03-31
24,4,alpha_risk_turnover,2020-05-01,2022-04-29,504,1000000.0,1681499.8035885873,0.6814998035885873,0.29672657240784095,0.18026676305176917,1.532482038649808,2.1677977036747174,-0.12785929592368706,2.3207274079230227,0.5833333333333334,1.0127886431175208,0.06985095695356594,0.9552624538866491,0.05335991863535244,1.3578967647171858,0.4600513104327022,0.2214484931558851,0.2083258295810373,0.08840074282680366,9269.267066628629,17952903.989231024,12.80237228422549,0.5334321785093954,2020-05-01,2022-04-29
24,4,cvar,2020-05-01,2022-04-29,504,1000000.0,1689403.8926581435,0.6894038926581436,0.29977070772430614,0.1831343964127202,1.5241500299900859,2.1571091763964096,-0.13105779809378137,2.2873168333699487,0.5753968253968254,1.019989907096727,0.07125207072625395,0.9469902312057695,0.05893228105222353,1.2781785937668526,0.4600513104327022,0.22935258222544141,0.2083258295810373,0.09144487814326885,7656.094926581955,14805350.778136604,10.679824005462349,0.44499266689426453,2020-05-01,2022-04-29
24,4,median_mad_de,2020-05-01,2022-04-29,504,1000000.0,1680898.3631231124,0.6808983631231122,0.29649464446372176,0.1794296059837135,1.5377797527672499,2.1791550336240975,-0.12603578214523037,2.3524640337620353,0.5813492063492064,1.0076403482492107,0.07056780936264104,0.9548408526147851,0.053327542601417144,1.3524887131210792,0.4600513104327022,0.22084705269041005,0.2083258295810373,0.08816881488268447,10359.149980974624,20062261.41824548,14.632988502542979,0.6097078542726241,2020-05-01,2022-04-29
24,4,score_weighted,2020-05-01,2022-04-29,504,1000000.0,1736797.805263675,0.736797805263675,0.3178762480838917,0.1890170123503136,1.55579376449445,2.2056974549106196,-0.14220856372896695,2.2352820375130644,0.5793650793650794,1.0663620955653763,0.07674869023611347,0.9592313213605638,0.054599021806738375,1.6533844480889104,0.4600513104327022,0.2767464948309728,0.2083258295810373,0.10955041850285441,9315.417416807559,18120860.76299658,12.459256179846637,0.5191356741602765,2020-05-01,2022-04-29
24,4,top_n_equal_weight,2020-05-01,2022-04-29,504,1000000.0,1708672.896534142,0.708672896534142,0.3071621538792124,0.18386592771934562,1.5497007482537657,2.1984337883899876,-0.1381745509294583,2.223000920307146,0.5813492063492064,1.043866323158307,0.07219896732924114,0.9653019319911852,0.048589918786177154,1.669870049798587,0.4600513104327022,0.2486215861014398,0.2083258295810373,0.09883632429817513,8591.451131970261,16670522.336840745,11.633788017914139,0.48474116741308904,2020-05-01,2022-04-29
24,5,alpha_risk_turnover,2020-06-01,2022-05-31,505,1000000.0,1635318.5553887177,0.6353185553887177,0.2781731632720208,0.18643206818408645,1.4105624714282967,1.9751903449229857,-0.1832814540528216,1.5177376495051784,0.5821782178217821,1.0195440861045868,0.07714149136087586,0.9599700883641241,0.05233266913173005,1.5421303513496245,0.3967965069109116,0.23852204847780611,0.18147047744481037,0.09670268582721042,9291.168317602638,18000116.4430533,12.576281127007011,0.5240117136252921,2020-06-01,2022-05-31
24,5,cvar,2020-06-01,2022-05-31,505,1000000.0,1611884.5676223333,0.6118845676223332,0.2690001912127693,0.1899279032128247,1.3501056325210823,1.891278368773967,-0.19048952747592562,1.4121521260362515,0.5702970297029702,1.03029071493401,0.06863135334918291,0.9522332037134126,0.058241846348430784,1.2731816577531336,0.3967965069109116,0.2150880607114216,0.18147047744481037,0.08752971376795893,7650.214786507445,14799818.392568778,10.44651538862451,0.4352714745260213,2020-06-01,2022-05-31
24,5,median_mad_de,2020-06-01,2022-05-31,505,1000000.0,1631759.2254000613,0.6317592254000612,0.2767841649455147,0.18464204677951304,1.4165410923809314,1.9816157400055665,-0.17939349526307935,1.542888523018143,0.5801980198019802,1.0076275119903078,0.07789249647146956,0.9579475253119386,0.05299873986460498,1.4959367983274636,0.3967965069109116,0.23496271848914962,0.18147047744481037,0.09531368750070435,10432.585344893883,20217079.16405721,14.419563749114578,0.6008151562131074,2020-06-01,2022-05-31
24,5,score_weighted,2020-06-01,2022-05-31,505,1000000.0,1659717.389325091,0.6597173893250909,0.2876541045016028,0.1955107589521154,1.3918316670503705,1.942987941655714,-0.19675844468655357,1.461965736514388,0.5782178217821782,1.0720052373124485,0.07672336927418097,0.9624951598287521,0.05452704846461858,1.647765405839839,0.3967965069109116,0.2629208824141793,0.18147047744481037,0.1061836270567924,9439.540515450546,18368779.081579633,12.377861387174004,0.5157442244655835,2020-06-01,2022-05-31
24,5,top_n_equal_weight,2020-06-01,2022-05-31,505,1000000.0,1636800.9157817205,0.6368009157817205,0.2787511950512205,0.1902884684762563,1.3882168441145972,1.9398161258342606,-0.19341198289007366,1.441230222067728,0.5801980198019802,1.0497130934728847,0.07283015622608804,0.9683457533650517,0.04829340199325637,1.695705259589883,0.3967965069109116,0.24000440887080887,0.18147047744481037,0.0972807176064101,8673.539357930742,16835235.081612393,11.508959297915776,0.4795399707464907,2020-06-01,2022-05-31
24,6,alpha_risk_turnover,2020-07-01,2022-06-30,504,1000000.0,1474444.4148422626,0.47444441484226263,0.21426702781647777,0.18684975740233495,1.1329581091837633,1.5932125154646186,-0.2097215610265809,1.021673817263456,0.5694444444444444,1.016461725879885,0.0786392783458578,0.9600771070030975,0.052349188917236236,1.5433686935673903,0.2592835705601664,0.21516084428209625,0.12217804761996942,0.09208898019650835,9586.69462202655,18580945.55041703,12.801839755687437,0.5334099898203098,2020-07-01,2022-06-30
24,6,cvar,2020-07-01,2022-06-30,504,1000000.0,1435524.2128592012,0.4355242128592012,0.19813363731229972,0.19218207837629067,1.037153015360796,1.4541109213952979,-0.22695874400378868,0.8729940685122588,0.5555555555555556,1.0387546596283284,0.06335043322589988,0.9539107022255976,0.05807619221452662,1.1781656292829927,0.2592835705601664,0.1762406422990348,0.12217804761996942,0.0759555896923303,7856.457504669773,15203087.774817312,10.598653913992223,0.44161057974967594,2020-07-01,2022-06-30
24,6,median_mad_de,2020-07-01,2022-06-30,504,1000000.0,1485695.0118431589,0.4856950118431589,0.21889089415056295,0.18407165271466008,1.1679108965214422,1.6423974558536543,-0.2081396944447894,1.0516537690441616,0.5674603174603174,0.9985001376725725,0.08427677065830336,0.9573458070823595,0.05318717633764976,1.5808404618606737,0.2592835705601664,0.2264114412829925,0.12217804761996942,0.09671284653059353,10696.658758533868,20740480.417993546,14.539479786168563,0.6058116577570235,2020-07-01,2022-06-30
24,6,score_weighted,2020-07-01,2022-06-30,504,1000000.0,1462156.891058662,0.462156891058662,0.20919679583542639,0.1971091313160371,1.0627944181641011,1.4841351063330477,-0.23146670566916594,0.9037878481513889,0.5674603174603174,1.0753670653275136,0.06872217392320042,0.9628477273303637,0.05486505663525237,1.4323804769733424,0.2592835705601664,0.2028733204984956,0.12217804761996942,0.08701874821545696,9625.523675998229,18738204.094271615,12.418773787878699,0.5174489078282791,2020-07-01,2022-06-30
24,6,top_n_equal_weight,2020-07-01,2022-06-30,504,1000000.0,1454708.9938824768,0.4547089938824769,0.20611317623284298,0.19143554096980478,1.0751582962744928,1.5054760460410763,-0.22702982056315457,0.9078682955462538,0.5694444444444444,1.050681222175661,0.06829054791062639,0.9686257783296879,0.048409788123964445,1.5477171960375535,0.2592835705601664,0.1954254233223105,0.12217804761996942,0.08393512861287356,8858.594877274869,17201892.525558963,11.583084057762527,0.48262850240677196,2020-07-01,2022-06-30
24,7,alpha_risk_turnover,2020-08-03,2022-07-29,502,1000000.0,1532871.7873268987,0.5328717873268987,0.23914591369070104,0.18835099911799186,1.2331616530776324,1.7510345393970377,-0.20972156102658113,1.1403019914599555,0.5657370517928287,1.010123867695533,0.08346518031562912,0.9602430905314491,0.05261227960828954,1.6147662662739968,0.2987606608387996,0.23411112648809906,0.14022541345348682,0.09892050023721422,9726.091069981538,18858753.287553184,12.771643684528268,0.5321518201886778,2020-08-03,2022-07-29
24,7,cvar,2020-08-03,2022-07-29,502,1000000.0,1490507.4133610316,0.49050741336103165,0.22183442555831734,0.1932582697436944,1.1338664038115767,1.6015001072101127,-0.2269587440037889,0.9774218064698753,0.5537848605577689,1.0302835949204043,0.06735726677450789,0.9545379157068703,0.057862885380998465,1.241181868486453,0.2987606608387996,0.19174675252223206,0.14022541345348682,0.08160901210483051,7883.751624689809,15259547.556705926,10.44948230899561,0.43539509620815037,2020-08-03,2022-07-29
24,7,median_mad_de,2020-08-03,2022-07-29,502,1000000.0,1527217.625862472,0.5272176258624719,0.23684933627082239,0.185345405693516,1.240110733425051,1.756535441033885,-0.20813969444478975,1.1379344862719016,0.5617529880478087,0.9914272593065468,0.08380098825432854,0.9577529902163312,0.05332596822725274,1.5478037175411776,0.2987606608387996,0.2284569650236723,0.14022541345348682,0.09662392281733556,10807.175026761848,20961515.65358109,14.403961737087336,0.600165072378639,2020-08-03,2022-07-29
24,7,score_weighted,2020-08-03,2022-07-29,502,1000000.0,1545147.4285197863,0.5451474285197864,0.24411749095803303,0.19968324192717649,1.1943059673035532,1.6864244115040938,-0.23146670566916616,1.054654881151454,0.5657370517928287,1.0742701904545238,0.0802313988930814,0.9632663561811936,0.05524876236273694,1.6502123916845,0.2987606608387996,0.24638676768098677,0.14022541345348682,0.10389207750454621,9631.194796325852,18759169.335997272,12.209702424204668,0.5087376010085278,2020-08-03,2022-07-29
24,7,top_n_equal_weight,2020-08-03,2022-07-29,502,1000000.0,1539687.0426153166,0.5396870426153166,0.24190849816451987,0.1938875250490777,1.2149281954705373,1.719754013790844,-0.22702982056315368,1.0655362258775487,0.5697211155378487,1.0496322912004468,0.08093735848666984,0.9693080114295682,0.04848845425343292,1.819994618573583,0.2987606608387996,0.24092638177651704,0.14022541345348682,0.10168308471103304,8854.807610888589,17203811.36253398,11.373910852519572,0.4739129521883155,2020-08-03,2022-07-29
24,8,alpha_risk_turnover,2020-09-01,2022-08-31,504,1000000.0,1371360.6550552608,0.37136065505526084,0.17105108985699724,0.1903209049794835,0.9251709971495902,1.301120320383291,-0.20972156102658135,0.8156104170677865,0.5496031746031746,1.0033999817960915,0.08295160573406017,0.9616650133754535,0.052194799571658186,1.5953153621007998,0.1644907105235196,0.20686994453174123,0.07911570766230613,0.0919353821946911,9942.371113484958,19281704.594692443,12.867629099765066,0.536151212490211,2020-09-01,2022-08-31
24,8,cvar,2020-09-01,2022-08-31,504,1000000.0,1298398.1337638516,0.2983981337638515,0.13947274375644958,0.19570308650674584,0.7653077581261117,1.0687981076752564,-0.22695874400378901,0.6145290606389728,0.5337301587301587,1.026253428186784,0.054524235689062873,0.9565180442308948,0.05728185749561486,0.9943964288755144,0.1644907105235196,0.1339074232403319,0.07911570766230613,0.060357036094143446,8075.747248548997,15635512.228575934,10.534700243005087,0.4389458434585453,2020-09-01,2022-08-31
24,8,median_mad_de,2020-09-01,2022-08-31,504,1000000.0,1368494.8796136763,0.36849487961367644,0.16982685881872128,0.18717925057414914,0.9319426254428217,1.3061060240831714,-0.20813969444478952,0.8159272995558712,0.5456349206349206,0.9845865910816112,0.08305865898431923,0.9594722846515724,0.052822549281692534,1.5453269003232435,0.1644907105235196,0.20400416909015684,0.07911570766230613,0.09071115115641515,11081.982210725535,21499123.28555314,14.504329302087518,0.6043470542536467,2020-09-01,2022-08-31
24,8,score_weighted,2020-09-01,2022-08-31,504,1000000.0,1367422.4726385293,0.36742247263852934,0.16936840757672655,0.20253324370458345,0.8741733903091073,1.2227583107919195,-0.23146670566916605,0.7317182274102254,0.5496031746031746,1.0714803924481147,0.07760270282605307,0.9649929293996108,0.05469634012417848,1.5400839662845534,0.1644907105235196,0.20293176211500974,0.07911570766230613,0.09025269991442042,9846.789259423414,19186530.60890741,12.27158154142839,0.5113158975595162,2020-09-01,2022-08-31
24,8,top_n_equal_weight,2020-09-01,2022-08-31,504,1000000.0,1376156.8064284942,0.37615680642849414,0.17309710017052482,0.19664295974145496,0.9105568422818859,1.2771852237755699,-0.22702982056315402,0.7624421309110515,0.5555555555555556,1.0461314596755005,0.08196081362596844,0.9703850156665431,0.0482412967032191,1.7877292384958994,0.1644907105235196,0.21166609590497454,0.07911570766230613,0.09398139250821869,9074.64174567709,17638088.447538882,11.45202898850868,0.4771678745211949,2020-09-01,2022-08-31
24,9,alpha_risk_turnover,2020-10-01,2022-09-30,504,1000000.0,1305666.9576956886,0.3056669576956885,0.14265784804362514,0.19068773623048813,0.7949515691428485,1.1172191057319885,-0.20972156102658124,0.6802249961583298,0.5436507936507936,1.0042311658061456,0.08788182584643627,0.9619987586950814,0.052073750857485494,1.6927960445804926,0.09794981740575004,0.20771714028993848,0.047831006129208875,0.09482684191441626,10089.455509401483,19570547.30041362,12.917431641745488,0.5382263184060619,2020-10-01,2022-09-30
24,9,cvar,2020-10-01,2022-09-30,504,1000000.0,1195182.472817718,0.19518247281771806,0.09324401339212374,0.194903088588424,0.5550422083428962,0.7720050295896553,-0.22819415460527448,0.4086170110422649,0.5257936507936508,1.0208968009618082,0.04341652892535165,0.9568121926372356,0.05678808521767106,0.787879444724519,0.09794981740575004,0.09723265541196802,0.047831006129208875,0.04541300726291486,8281.94318833678,16035832.2086137,10.70609214570192,0.44608717273758,2020-10-01,2022-09-30
24,9,median_mad_de,2020-10-01,2022-09-30,504,1000000.0,1276501.1066601474,0.2765011066601475,0.12982348473562344,0.18790526270101707,0.7437959066803126,1.0366966941503548,-0.20813969444478975,0.6237324652653407,0.5396825396825397,0.9867766461914063,0.07716474312663808,0.9592758215280206,0.05313273243541173,1.4365135404768539,0.09794981740575004,0.17855128925439745,0.047831006129208875,0.08199247860641456,11436.91434932495,22189378.298179872,14.800415796634688,0.6166839915264455,2020-10-01,2022-09-30
24,9,score_weighted,2020-10-01,2022-09-30,504,1000000.0,1286174.3496554883,0.28617434965548827,0.13409627001215751,0.20279210934051725,0.7221924073437568,1.0083808221686459,-0.2314667056691665,0.5793328661436961,0.5436507936507936,1.0725892261734007,0.07841278322992029,0.9661531119045524,0.05396842204501851,1.5382633553931506,0.09794981740575004,0.18822453224973823,0.047831006129208875,0.08626526388294864,10164.736819802007,19807447.37469235,12.533521398152867,0.5222300582563695,2020-10-01,2022-09-30
24,9,top_n_equal_weight,2020-10-01,2022-09-30,504,1000000.0,1292583.7639752165,0.29258376397521646,0.13691853884753602,0.19688980643339588,0.7504612748244408,1.0498552656839053,-0.22702982056315468,0.6030861430798176,0.5496031746031746,1.0465781563653327,0.08136610813640555,0.9709838654299977,0.04784777461375109,1.7622742157167703,0.09794981740575004,0.19463394656946642,0.047831006129208875,0.08908753271832714,9409.310949391542,18289654.0413264,11.748121567996263,0.4895050653331776,2020-10-01,2022-09-30
24,10,alpha_risk_turnover,2020-11-02,2022-10-31,503,1000000.0,1518891.863696165,0.518891863696165,0.2329454778109019,0.1929857491581276,1.181988478458912,1.7171311400754596,-0.20972156102658113,1.1107369059749526,0.5447316103379721,0.9924128507311905,0.11289096401252226,0.9608013545950894,0.0535217064930838,2.0927979974990505,0.21754449130227926,0.30134737239388576,0.10363990471242635,0.12930557309847557,10265.233621557298,19916660.546105746,13.041332299260645,0.5433888458025268,2020-11-02,2022-10-31
24,10,cvar,2020-11-02,2022-10-31,503,1000000.0,1404777.160955482,0.404777160955482,0.1856334568817566,0.19767173219532247,0.9605339498566126,1.3802093471473533,-0.22819415460527437,0.8134890974874514,0.5308151093439364,1.012019020152958,0.07237822793915914,0.9565563836580528,0.05767441338459222,1.2791391109331944,0.21754449130227926,0.18723266965320273,0.10363990471242635,0.08199355216933024,8295.575521518116,16071884.822639182,10.624313145829456,0.44267971440956067,2020-11-02,2022-10-31
24,10,median_mad_de,2020-11-02,2022-10-31,503,1000000.0,1489655.9929193647,0.4896559929193647,0.22099826753794605,0.19106685542181667,1.1409508273489841,1.644822054608492,-0.2081396944447892,1.0617785719704114,0.5407554671968191,0.979209524242156,0.1043147828844065,0.9575395928601577,0.055221710248106744,1.8453082035026844,0.21754449130227926,0.2721115016170854,0.10363990471242635,0.1173583628255197,11554.204199165,22424413.997090895,14.81532338167387,0.617305140903078,2020-11-02,2022-10-31
24,10,score_weighted,2020-11-02,2022-10-31,503,1000000.0,1472621.6574552022,0.47262165745520224,0.21398321000788778,0.2052127950534483,1.0478965845520567,1.5037924636084434,-0.2314667056691666,0.9244664773245279,0.5447316103379721,1.0609280719188234,0.09187142030133234,0.9659351558830612,0.05431223157558215,1.8217806989754184,0.21754449130227926,0.255077166152923,0.10363990471242635,0.11034330529546144,10218.764089337226,19919355.499411907,12.465284460957754,0.5193868525399065,2020-11-02,2022-10-31
24,10,top_n_equal_weight,2020-11-02,2022-10-31,503,1000000.0,1469225.2795501894,0.46922527955018944,0.2125796848981476,0.19980451568475324,1.064970249827077,1.5314731358081757,-0.22702982056315457,0.9363513760916388,0.5506958250497018,1.0375642303568826,0.0923279657614936,0.9702332624597622,0.04889347218223171,1.9775452392660413,0.21754449130227926,0.2516807882479102,0.10363990471242635,0.10893978018572126,9451.688958844275,18380045.322946206,11.668459997495695,0.4861858332289873,2020-11-02,2022-10-31
24,11,alpha_risk_turnover,2020-12-01,2022-11-30,504,1000000.0,1496800.8580971041,0.49680085809710417,0.2234381300650654,0.1982846795251241,1.1164187321217482,1.6437312108353592,-0.20972156102658124,1.0654037141977293,0.5376984126984127,1.00008581907386,0.12914471720200305,0.9670583810001142,0.05047429685088621,2.5587801942798523,0.15914161191761367,0.3376592461794905,0.07663439101563796,0.14680373904942745,10530.748275399308,20435172.50854606,13.218345638921878,0.5507644016217449,2020-12-01,2022-11-30
24,11,cvar,2020-12-01,2022-11-30,504,1000000.0,1410332.2484079895,0.41033224840798943,0.1875741022807753,0.20247624577608925,0.9504318863755109,1.3862677128164511,-0.22819415460527503,0.8219934581814186,0.5277777777777778,1.0190208481918743,0.09846975237907418,0.9649694701232222,0.05324715351177552,1.8822373440991373,0.15914161191761367,0.25119063649037576,0.07663439101563796,0.11093971126513735,8391.400306245187,16260094.22055694,10.64314427076718,0.4434643446152992,2020-12-01,2022-11-30
24,11,median_mad_de,2020-12-01,2022-11-30,504,1000000.0,1470112.2193623702,0.47011221936237013,0.21248184290007832,0.19521635981366625,1.0848122878539774,1.581249463561023,-0.20813969444478875,1.0208617028427578,0.5337301587301587,0.9817865358372128,0.12123658112551088,0.9642850759471416,0.05182407974456247,2.3069778970108223,0.15914161191761367,0.31097060744475646,0.07663439101563796,0.13584745188444036,11739.616595841568,22785572.887080774,14.866622985972345,0.6194426244155143,2020-12-01,2022-11-30
24,11,score_weighted,2020-12-01,2022-11-30,504,1000000.0,1433611.3420493416,0.4336113420493417,0.19733510014921962,0.21175227371200295,0.9565139614087306,1.3943432356688747,-0.23146670566916716,0.8525420516904428,0.5376984126984127,1.0718056808563226,0.10370626694899847,0.970493332280905,0.05288301190902932,2.0862636746750716,0.15914161191761367,0.27446973013172804,0.07663439101563796,0.12070070913358166,10327.153085185284,20133879.79405891,12.435683674399522,0.5181534864333134,2020-12-01,2022-11-30
24,11,top_n_equal_weight,2020-12-01,2022-11-30,504,1000000.0,1424115.1271438445,0.4241151271438446,0.1933629486220212,0.20525344607781162,0.9640257168219204,1.4034932305957288,-0.22702982056315524,0.851707269742705,0.5456349206349206,1.0425127974660675,0.10173313671554679,0.9738577419998511,0.047332276356860596,2.23216606521104,0.15914161191761367,0.2649735152262309,0.07663439101563796,0.11672855760638323,9542.370789221297,18559184.147413526,11.63793549458872,0.4849139789411967,2020-12-01,2022-11-30
24,12,alpha_risk_turnover,2021-01-04,2022-12-30,503,1000000.0,1341292.6600788387,0.34129266007883863,0.1584799905244041,0.20147082538269018,0.8309395719194138,1.2122413107872214,-0.2097215610265818,0.7556685623960098,0.5248508946322068,1.0022211289906997,0.12235585719787195,0.9683186211357788,0.05031273656582172,2.4338908002479953,0.053318241705847536,0.2879744183729911,0.02636593121405073,0.13211405931035336,10683.184042914436,20737981.63220142,13.219509457963763,0.5508128940818233,2021-01-04,2022-12-30
24,12,cvar,2021-01-04,2022-12-30,503,1000000.0,1295184.3770088728,0.2951843770088729,0.13835432050817298,0.20528492909102672,0.7338900418045655,1.0633261080773189,-0.22819415460527603,0.6063008964778018,0.5188866799204771,1.01923655161643,0.10483742330759968,0.96646207763773,0.05285190721817733,1.9999692730334928,0.053318241705847536,0.24186613530302536,0.02636593121405073,0.11198838929412225,8563.511150937687,16602279.68494104,10.707635746631926,0.44615148944299693,2021-01-04,2022-12-30
24,12,median_mad_de,2021-01-04,2022-12-30,503,1000000.0,1342558.657772519,0.34255865777251904,0.15902767221248015,0.19791409296469503,0.8447313700510599,1.2215944631114766,-0.2081396944447893,0.7640429790996138,0.5268389662027833,0.9811184614223091,0.12307867592838327,0.9649651352589684,0.05205823798479105,2.347944780676216,0.053318241705847536,0.2892404160666715,0.02636593121405073,0.13266174099842942,12005.049812887562,23304257.68678631,15.01608434625588,0.6256701810939952,2021-01-04,2022-12-30
24,12,score_weighted,2021-01-04,2022-12-30,503,1000000.0,1270934.397317041,0.27093439731704105,0.12762596905550905,0.21509264743842546,0.6659272274589252,0.9617960648910532,-0.23146670566916594,0.5513793816978764,0.5208747514910537,1.0736692970066208,0.09496991843649012,0.9716544944559112,0.05283245486079325,1.86025192052009,0.053318241705847536,0.21761615561119352,0.02636593121405073,0.10126003784145832,10601.630358859513,20670428.142791554,12.60750106880422,0.5253125445335092,2021-01-04,2022-12-30
24,12,top_n_equal_weight,2021-01-04,2022-12-30,503,1000000.0,1273878.2755818933,0.27387827558189337,0.12893377577824827,0.20845490733997443,0.6859818666277625,0.989846651436363,-0.22702982056315424,0.5679155956623857,0.5288270377733598,1.0437784362294165,0.09607387948233914,0.9746823275203019,0.04738192726937604,2.069183702733645,0.053318241705847536,0.22056003387604584,0.02636593121405073,0.10256784456419754,9778.284695361224,19021887.712336306,11.785780338318999,0.4910741807632916,2021-01-04,2022-12-30
24,13,alpha_risk_turnover,2021-02-01,2023-01-31,504,1000000.0,1401153.160765339,0.4011531607653389,0.1837031556793869,0.20093916736306267,0.9398515371924755,1.3811547399615054,-0.20972156102658113,0.8759383383385339,0.5257936507936508,0.9987504304597201,0.10841062203461256,0.9680715172063228,0.050370846180403786,2.1502513092194526,0.13108523525659832,0.2700679255087406,0.06352491050120612,0.12017824517818076,10721.167497049075,20824866.40625937,13.134686846521728,0.547278618605072,2021-02-01,2023-01-31
24,13,cvar,2021-02-01,2023-01-31,504,1000000.0,1345254.6476432346,0.34525464764323455,0.15985113167304132,0.20483855841068124,0.8264043549845476,1.2063079599821904,-0.2281941546052737,0.7005049360249785,0.5198412698412699,1.0162661535795843,0.08742634442905349,0.9662974028541996,0.05282632637108609,1.6797774036671773,0.13108523525659832,0.21416941238663623,0.06352491050120612,0.0963262211718352,8639.55661893214,16757708.64864317,10.677586174355273,0.4448994239314697,2021-02-01,2023-01-31
24,13,median_mad_de,2021-02-01,2023-01-31,504,1000000.0,1402560.1696498396,0.40256016964983954,0.18429733160631567,0.19755020070955442,0.9551502656036841,1.3932357317276958,-0.20813969444478886,0.8854501881437248,0.5277777777777778,0.9788019141887963,0.10985447687733187,0.965011293675341,0.051963584979372424,2.081209742135318,0.13108523525659832,0.2714749343932412,0.06352491050120612,0.12077242110510955,12084.222861485188,23463791.451726932,14.94989565049016,0.6229123187704233,2021-02-01,2023-01-31
24,13,score_weighted,2021-02-01,2023-01-31,504,1000000.0,1384395.976578414,0.38439597657841396,0.17660357664695803,0.21581184248517693,0.8615257735595504,1.258441928028633,-0.23146670566916638,0.7629761530341914,0.5238095238095238,1.0768565788739677,0.09919419715827278,0.97184645394206,0.053006103645249776,1.9881570217499371,0.13108523525659832,0.25331074132181564,0.06352491050120612,0.1130786661457519,10622.355056882809,20721670.988603495,12.516351428143913,0.5215146428393297,2021-02-01,2023-01-31
24,13,top_n_equal_weight,2021-02-01,2023-01-31,504,1000000.0,1382945.3057690777,0.3829453057690777,0.17598694965933936,0.20930071023696253,0.8792373261985894,1.2833905971238604,-0.22702982056315435,0.7751710732220041,0.5317460317460317,1.0474274112752329,0.09966204312129563,0.9746940039546851,0.047690907750893574,2.169847342774222,0.13108523525659832,0.2518600705124794,0.06352491050120612,0.11246203915813324,9823.614089784403,19120571.120669395,11.73264172153741,0.48886007173072543,2021-02-01,2023-01-31
24,14,alpha_risk_turnover,2021-03-01,2023-02-28,504,1000000.0,1317025.1453493657,0.31702514534936577,0.14761715974856604,0.200873122474139,0.7858690309635616,1.1498009896256585,-0.20972156102658168,0.7038721199002326,0.5178571428571429,0.9960223459945756,0.10391454252514515,0.9675136295345566,0.05079044454552072,2.04170509441988,0.07281660443276361,0.24420854091660216,0.03576860564160933,0.11184855410695671,10859.348838586888,21094335.086451393,13.164124963083506,0.5485052067951459,2021-03-01,2023-02-28
24,14,cvar,2021-03-01,2023-02-28,504,1000000.0,1275552.6452817682,0.27555264528176826,0.12940366799553482,0.20461837130196875,0.6969914524352318,1.0134457048252246,-0.22819415460527548,0.5670770498892667,0.5138888888888888,1.0123414094113186,0.08778797777279476,0.9653664880672466,0.05343872200356481,1.655286574290709,0.07281660443276361,0.20273604084900465,0.03576860564160933,0.09363506235392549,8702.874359861038,16884986.84036329,10.639705753399479,0.44332107305831153,2021-03-01,2023-02-28
24,14,median_mad_de,2021-03-01,2023-02-28,504,1000000.0,1337417.3547758935,0.3374173547758934,0.15646761942386145,0.19779052624643884,0.8339256709062283,1.2120416812936938,-0.20813969444478986,0.7517432935665489,0.5218253968253969,0.9775205336754554,0.11199924772496765,0.9643401373188456,0.05253187197208422,2.1088481413510487,0.07281660443276361,0.2646007503431298,0.03576860564160933,0.12069901378225212,12224.372463460299,23738162.792449635,14.945541099613267,0.6227308791505528,2021-03-01,2023-02-28
24,14,score_weighted,2021-03-01,2023-02-28,504,1000000.0,1304229.8429626464,0.30422984296264644,0.14202882755324797,0.21585963540806838,0.7231193908693433,1.0538064050961493,-0.23146670566916516,0.6136037022804025,0.5119047619047619,1.076355132723623,0.09779597193666147,0.9729577621022497,0.05203828766775311,1.958777582987017,0.07281660443276361,0.23141323852988283,0.03576860564160933,0.10626022191163864,10933.579757984593,21328757.235538825,12.74435883080989,0.5310149512837454,2021-03-01,2023-02-28
24,14,top_n_equal_weight,2021-03-01,2023-02-28,504,1000000.0,1299768.727916777,0.2997687279167769,0.14007400107044665,0.20936402212287805,0.7308022080865005,1.0635639119108886,-0.22702982056315413,0.6169850318473097,0.5198412698412699,1.0467780856014124,0.0963092917400218,0.975578923629426,0.04688370892051035,2.1082554091426147,0.07281660443276361,0.22695212348401328,0.03576860564160933,0.10430539542883732,10102.432926440968,19665894.126263425,11.934597719517994,0.4972749049799164,2021-03-01,2023-02-28
24,15,alpha_risk_turnover,2021-04-01,2023-03-31,504,1000000.0,1290243.5222987894,0.29024352229878936,0.1358888688154265,0.2005419472987532,0.7355982177220988,1.0709225266850788,-0.20972156102658135,0.647948966955301,0.5198412698412699,0.9916469145995946,0.09764118576845036,0.9681611726425405,0.050227832349132036,1.9356011197949963,0.06427661214739588,0.22596691015139347,0.03163782993228592,0.10425103888314058,10894.93271870938,21171966.075292982,13.060803842674652,0.5442001601114438,2021-04-01,2023-03-31
24,15,cvar,2021-04-01,2023-03-31,504,1000000.0,1258778.6598238754,0.2587786598238755,0.12195305598045203,0.20333779230279872,0.6675507763531532,0.9655326189349642,-0.22819415460527537,0.534426730568114,0.5158730158730159,1.0052185063579135,0.08517857412067113,0.9679171742734604,0.051102793507564345,1.6719448150989185,0.06427661214739588,0.1945020476764796,0.03163782993228592,0.09031522604816611,8797.165561641992,17075688.79826981,10.61997073514889,0.44249878063120374,2021-04-01,2023-03-31
24,15,median_mad_de,2021-04-01,2023-03-31,504,1000000.0,1297648.9594321258,0.2976489594321259,0.13914395904649646,0.1977589082894903,0.7576820696251746,1.0933348567977368,-0.2081396944447892,0.6685123633800931,0.5218253968253969,0.9740591633696505,0.10084588120540976,0.9643731376290332,0.05256224266009883,1.8937762814206065,0.06427661214739588,0.23337234728473,0.03163782993228592,0.10750612911421054,12407.55599535448,24097957.185765564,14.974931285129902,0.6239554702137459,2021-04-01,2023-03-31
24,15,score_weighted,2021-04-01,2023-03-31,504,1000000.0,1303978.305447829,0.3039783054478289,0.14191869476238494,0.21597093000716172,0.7224227447004308,1.0499250759437515,-0.2314667056691665,0.6131278982525815,0.5119047619047619,1.0743843054283775,0.10198373551836269,0.9740027464122948,0.05104689167146251,2.0711361279369886,0.06427661214739588,0.239701693300433,0.03163782993228592,0.11028086483009902,11059.937290495282,21582646.452355802,12.747456974760425,0.5311440406150177,2021-04-01,2023-03-31
24,15,top_n_equal_weight,2021-04-01,2023-03-31,504,1000000.0,1287991.2269387867,0.28799122693878676,0.1348970116000776,0.20971492541150533,0.7082281515856608,1.026743487230265,-0.22702982056315424,0.5941819064361745,0.5198412698412699,1.045635189044077,0.09593343897881859,0.9762176924137745,0.04633430535381786,2.120000780466965,0.06427661214739588,0.22371461479139088,0.03163782993228592,0.10325918166779169,10200.367293102492,19863955.40147675,11.909839846252572,0.4962433269271906,2021-04-01,2023-03-31
24,16,alpha_risk_turnover,2021-05-03,2023-04-28,502,1000000.0,1242928.5380907683,0.2429285380907682,0.11535012325176996,0.2010147335902259,0.6435231846316807,0.9330871827785023,-0.20972156102658157,0.5500155667692636,0.5159362549800797,0.9900308857119403,0.09709863380726064,0.9666097172513304,0.05154779403394817,1.8773606824239089,0.026942319245671698,0.2159862188450965,0.013435295469307107,0.10191482778246286,11134.775937457447,21630303.015427563,13.209959697628122,0.5504149874011718,2021-05-03,2023-04-28
24,16,cvar,2021-05-03,2023-04-28,502,1000000.0,1211936.478510181,0.21193647851018094,0.10130148128837835,0.20378100586552617,0.5753372454217053,0.8284888515241886,-0.22819415460527515,0.4439267143525532,0.5159362549800797,1.0034737806485317,0.08454577373916636,0.9664349602573573,0.052358102411048504,1.616921908025846,0.026942319245671698,0.18499415926450924,0.013435295469307107,0.08786618581907124,9125.852074444325,17712812.977210224,10.90661568283159,0.45444232011798286,2021-05-03,2023-04-28
24,16,median_mad_de,2021-05-03,2023-04-28,502,1000000.0,1260463.0603211464,0.2604630603211464,0.1232212740570513,0.1983459844674682,0.6850250009555539,0.9843088215709057,-0.20813969444479008,0.5920123712381843,0.5219123505976095,0.9722754868655779,0.10419148955914997,0.9620468631759891,0.0543983141342578,1.8987374904962373,0.026942319245671698,0.2335207410754747,0.013435295469307107,0.10978597858774419,12555.190097629742,24379412.765096154,14.99255919219816,0.62468996634159,2021-05-03,2023-04-28
24,16,score_weighted,2021-05-03,2023-04-28,502,1000000.0,1255940.822688719,0.255940822688719,0.12119651239937035,0.21671032377435315,0.6361430850686243,0.922184626061269,-0.23146670566916583,0.5236023558938792,0.5119521912350598,1.0752594322547135,0.1028226929202135,0.9737869809927205,0.05145869457518065,2.0458143190045517,0.026942319245671698,0.22899850344304729,0.013435295469307107,0.10776121693006324,11380.679172214604,22200724.043420494,12.980749796237836,0.5408645748432432,2021-05-03,2023-04-28
24,16,top_n_equal_weight,2021-05-03,2023-04-28,502,1000000.0,1242720.960312011,0.24272096031201085,0.1152566126600072,0.21036375795587214,0.6236620191791942,0.9019019239274074,-0.2270298205631548,0.5076716898868592,0.5199203187250996,1.0460450977349132,0.09711172023095363,0.9759100536964835,0.0467769471055582,2.108133437898389,0.026942319245671698,0.21577864106633915,0.013435295469307107,0.10182131719070009,10460.942151303909,20365687.75306324,12.088898040905226,0.5037040850377178,2021-05-03,2023-04-28
24,17,alpha_risk_turnover,2021-06-01,2023-05-31,504,1000000.0,1232458.2405914657,0.2324582405914657,0.11016135790769876,0.201513479710448,0.6192577792067041,0.9017142116777063,-0.20972156102658068,0.5252743560007005,0.5099206349206349,0.9933313773685857,0.09354646541812146,0.964723641972539,0.053067433985779844,1.7588324221756555,0.024953151521408756,0.20750508907005694,0.012399699487020133,0.09776165842067863,11195.806759265943,21745071.755114403,13.20880742198035,0.5503669759158479,2021-06-01,2023-05-31
24,17,cvar,2021-06-01,2023-05-31,504,1000000.0,1198909.1051326364,0.19890910513263638,0.09494707869039787,0.20406429062748022,0.5464338889388245,0.789951493313564,-0.22819415460527515,0.41608024033146285,0.5079365079365079,1.006059781794739,0.07986498479146419,0.9648718677546275,0.05362507281611985,1.4928758740482342,0.024953151521408756,0.17395595361122762,0.012399699487020133,0.08254737920337774,9091.811385835623,17640720.038882703,10.80592772239618,0.4502469884331742,2021-06-01,2023-05-31
24,17,median_mad_de,2021-06-01,2023-05-31,504,1000000.0,1217742.4650765203,0.2177424650765203,0.10351369047987813,0.19891044978046646,0.5945970999743314,0.8557056647305055,-0.20813969444478897,0.4973279640675946,0.5119047619047619,0.9756813095621677,0.0875843831923143,0.9599823672540139,0.05590989376019761,1.55284698798714,0.024953151521408756,0.19278931355511153,0.012399699487020133,0.091113990992858,12488.89586041883,24238972.982669488,14.784226491645057,0.6160094371518774,2021-06-01,2023-05-31
24,17,score_weighted,2021-06-01,2023-05-31,504,1000000.0,1277767.0522627663,0.2777670522627662,0.13038358633818015,0.21742120545258706,0.6723010663865266,0.9810153458383198,-0.23146670566916638,0.5632930488263673,0.5079365079365079,1.080677557702018,0.11218296590349784,0.9727631340218261,0.052813992124628374,2.1721600128286873,0.024953151521408756,0.25281390074135746,0.012399699487020133,0.11798388685116001,11412.021984615536,22256513.15178362,12.919013975905745,0.5382922489960728,2021-06-01,2023-05-31
24,17,top_n_equal_weight,2021-06-01,2023-05-31,504,1000000.0,1257559.500397215,0.25755950039721487,0.12140960420232494,0.21095627697387773,0.6485722123281759,0.9437813046691832,-0.2270298205631548,0.5347738191448352,0.5158730158730159,1.050848134905808,0.10376903387268645,0.9749006846816656,0.048010036901127304,2.194714263782159,0.024953151521408756,0.2326063488758061,0.012399699487020133,0.1090099047153048,10475.938516088772,20386510.403388064,12.01657396642171,0.5006905819342379,2021-06-01,2023-05-31
24,18,alpha_risk_turnover,2021-07-01,2023-06-30,503,1000000.0,1258805.370130942,0.25880537013094207,0.122221683593986,0.20247755000700568,0.67065248370692,0.9790420482165135,-0.2097215610265819,0.5827807260050605,0.510934393638171,0.9920426758393878,0.0842408152432037,0.96244872757776,0.05498749161754722,1.524479701857053,0.06742983853251316,0.1913755315984289,0.03323197987231419,0.08898970372167181,11438.959012365052,22215751.72134752,13.383324100913907,0.5576385042047459,2021-07-01,2023-06-30
24,18,cvar,2021-07-01,2023-06-30,503,1000000.0,1233265.9309884834,0.23326593098848347,0.11075654458286777,0.20493595379039178,0.6149537133744395,0.8914144621822495,-0.22819415460527603,0.4853610066149652,0.510934393638171,1.0053184816438012,0.0737849952011058,0.9636284955107383,0.054778161974903046,1.3520236192145467,0.06742983853251316,0.1658360924559703,0.03323197987231419,0.07752456471055358,9151.655552708404,17760565.95107021,10.798661159250274,0.44994421496876136,2021-07-01,2023-06-30
24,18,median_mad_de,2021-07-01,2023-06-30,503,1000000.0,1253240.079984365,0.25324007998436504,0.1197332830295017,0.20002842340417024,0.6653589869646714,0.9608342389622415,-0.2081396944447902,0.5752544383659667,0.5149105367793241,0.9751623444038319,0.0824166349172446,0.9576555625940345,0.057797755546642314,1.4036176909113054,0.06742983853251316,0.18581024145185188,0.03323197987231419,0.08650130315718751,12443.881081352749,24148108.50684406,14.601544059319956,0.6083976691383316,2021-07-01,2023-06-30
24,18,score_weighted,2021-07-01,2023-06-30,503,1000000.0,1316462.0184960696,0.3164620184960696,0.1476854161354082,0.2183594645465523,0.7399467359992832,1.0824530050532788,-0.23146670566916572,0.6380417248711971,0.510934393638171,1.0802890812603594,0.10543741348981721,0.9718340038621077,0.053822673617852805,2.0364951927863824,0.06742983853251316,0.24903217996355642,0.03323197987231419,0.11445343626309401,11562.259508308023,22547087.48538869,12.933934302519258,0.5389139292716357,2021-07-01,2023-06-30
24,18,top_n_equal_weight,2021-07-01,2023-06-30,503,1000000.0,1300610.3261466287,0.30061032614662864,0.14074103737656718,0.21193895888987518,0.727226068492126,1.061366324580038,-0.22702982056315457,0.6199231318046882,0.5188866799204771,1.0507941754060197,0.09952327187271472,0.9739372688908363,0.049096074343321985,2.080874697624159,0.06742983853251316,0.23318048761411547,0.03323197987231419,0.10750905750425299,10626.808223003161,20679374.46390373,12.050361804757724,0.5020984085315718,2021-07-01,2023-06-30
24,19,alpha_risk_turnover,2021-08-02,2023-07-31,502,1000000.0,1310906.4719733056,0.3109064719733057,0.14556585475924733,0.20236060533795916,0.7727231935469586,1.1291100191892327,-0.20972156102658157,0.6940910321604811,0.5159362549800797,0.9928454240819938,0.10077019694614969,0.96146389758344,0.055652910703266965,1.8034914121343304,0.07610024543181759,0.23480622654148808,0.03750408865060262,0.10806176610864471,11387.166415982301,22115206.036590125,13.197282529273998,0.5498867720530832,2021-08-02,2023-07-31
24,19,cvar,2021-08-02,2023-07-31,502,1000000.0,1286892.6831950156,0.2868926831950156,0.13498305490510099,0.2049785193550991,0.720187388018414,1.0450258817611613,-0.22819415460527637,0.5915272244312777,0.5159362549800797,1.0082585712825052,0.09116128448795617,0.963919760951919,0.05458783549867186,1.6784647518262048,0.07610024543181759,0.210792437763198,0.03750408865060262,0.09747896625449837,8934.488559404494,17340491.694620807,10.437478611972082,0.43489494216550345,2021-08-02,2023-07-31
24,19,median_mad_de,2021-08-02,2023-07-31,502,1000000.0,1296616.2632583017,0.2966162632583016,0.1392799551366144,0.20009467666822955,0.751741988522151,1.0865478495226235,-0.20813969444478952,0.6691657519155211,0.5179282868525896,0.9771029250622538,0.09570260101417075,0.9569342333906421,0.058261484535017095,1.6206312659832618,0.07610024543181759,0.220516017826484,0.03750408865060262,0.10177586648601178,12309.53794560906,23874958.503584743,14.283056219611392,0.595127342483808,2021-08-02,2023-07-31
24,19,score_weighted,2021-08-02,2023-07-31,502,1000000.0,1372865.686827431,0.37286568682743093,0.17243340723988987,0.21849052777770978,0.837342844824616,1.2262767567932045,-0.23146670566916672,0.7449598711891955,0.5199203187250996,1.0839084362353089,0.12225348921968687,0.972158987351207,0.05377291533904414,2.3608966076127422,0.07610024543181759,0.29676544139561334,0.03750408865060262,0.13492931858928725,11392.422930300383,22215478.8291089,12.598166679350559,0.5249236116396067,2021-08-02,2023-07-31
24,19,top_n_equal_weight,2021-08-02,2023-07-31,502,1000000.0,1352945.6528492048,0.35294565284920476,0.16386254048583027,0.21208179395945084,0.8215548860475443,1.2002446697841174,-0.2270298205631549,0.721766594711496,0.5258964143426295,1.0542299032759677,0.11520081690009477,0.9741128114781401,0.049107404484116615,2.4077356280586084,0.07610024543181759,0.27684540741738717,0.03750408865060262,0.12635845183522765,10408.738844714511,20250737.04603865,11.668521269693858,0.4861883862372441,2021-08-02,2023-07-31
24,20,alpha_risk_turnover,2021-09-01,2023-08-31,503,1000000.0,1230806.628505346,0.23080662850534583,0.10964628918680175,0.2030436777160165,0.6138232019067954,0.8937887212701584,-0.20972156102658202,0.522818391442853,0.5049701789264414,0.992475661873009,0.09171475333283571,0.9615182513064865,0.05580406842308258,1.6390415732198578,0.028017927227419026,0.2027887012779268,0.013940039429512607,0.09570624975728914,11682.261155832006,22685449.823548436,13.416075100476139,0.5590031291865057,2021-09-01,2023-08-31
24,20,cvar,2021-09-01,2023-08-31,503,1000000.0,1211744.8252704642,0.21174482527046412,0.10100299552452086,0.2055244771895794,0.5708521243193714,0.8252641771432925,-0.2281941546052757,0.4426186801289157,0.5069582504970179,1.0073303416427843,0.0839132213118148,0.9641297883858903,0.05457167370498621,1.5421251797390154,0.028017927227419026,0.1837268980430451,0.013940039429512607,0.08706295609500825,9168.52523708556,17796406.77655393,10.640646381061664,0.4433602658775692,2021-09-01,2023-08-31
24,20,median_mad_de,2021-09-01,2023-08-31,503,1000000.0,1223264.688364922,0.22326468836492208,0.10623454953028566,0.200338448579509,0.60407453691661,0.8698752397068852,-0.20813969444478875,0.510400237752177,0.5089463220675944,0.9745028409158286,0.08869730621638415,0.95685458278202,0.0584274571032345,1.5036016904637248,0.028017927227419026,0.19524676113750306,0.013940039429512607,0.09229451010077305,12655.689267862243,24550153.55484236,14.586385618368762,0.6077660674320319,2021-09-01,2023-08-31
24,20,score_weighted,2021-09-01,2023-08-31,503,1000000.0,1288137.3053240774,0.28813730532407744,0.13524705841600726,0.21944583116326646,0.6876845671462019,1.0034259153159388,-0.23146670566916538,0.5843045894009286,0.5089463220675944,1.084847847021663,0.11492756845846322,0.972453031420171,0.05380667118374281,2.1882375650249326,0.028017927227419026,0.2601193780966584,0.013940039429512607,0.12130701898649465,11660.964572477973,22738534.578131102,12.774500936950412,0.5322708723729338,2021-09-01,2023-08-31
24,20,top_n_equal_weight,2021-09-01,2023-08-31,503,1000000.0,1273627.1170411238,0.27362711704112375,0.128822258436746,0.21289445497669574,0.6755554845259057,0.9834949322368755,-0.2270298205631549,0.5674243943689783,0.5149105367793241,1.0543798812626795,0.10885062705905556,0.9742264098470697,0.04920006866628977,2.249067682259925,0.028017927227419026,0.24560918981370472,0.013940039429512607,0.11488221900723339,10699.443919857167,20816010.294584397,11.901022962408284,0.49587595676701185,2021-09-01,2023-08-31
24,21,alpha_risk_turnover,2021-10-01,2023-09-29,502,1000000.0,1208931.8009065052,0.2089318009065051,0.0999300014550526,0.20279398654516725,0.5709385096271925,0.8313589545438431,-0.20972156102658157,0.476488926393156,0.5,0.9925884764876008,0.08332525869734193,0.9613668998359072,0.055842119409426134,1.4878178478497115,0.02712397835135838,0.18180782255514671,0.013525283519497444,0.08640471793555515,11523.32347212382,22375278.428556807,13.112737510111018,0.5463640629212924,2021-10-01,2023-09-29
24,21,cvar,2021-10-01,2023-09-29,502,1000000.0,1192065.3227136421,0.19206532271364218,0.09219961569730972,0.20521926789718584,0.5322576848321762,0.7694945132342045,-0.22819415460527492,0.40404021679168134,0.5039840637450199,1.0074162355462806,0.0762870270318295,0.9641970993833456,0.054440899167873084,1.40573611133,0.02712397835135838,0.1649413443622838,0.013525283519497444,0.07867433217781228,9250.259154256943,17961228.197547086,10.631576518383225,0.4429823549326343,2021-10-01,2023-09-29
24,21,median_mad_de,2021-10-01,2023-09-29,502,1000000.0,1191782.2204669707,0.1917822204669708,0.09206939866631791,0.19982594877469753,0.5405851271235409,0.7782398389332654,-0.20813969444478964,0.4423442578404472,0.5039840637450199,0.9735348323847262,0.07618835223659605,0.9569177713635725,0.05825366071365838,1.2930164469979102,0.02712397835135838,0.16465824211561242,0.013525283519497444,0.07854411514682047,12844.408840731674,24916700.10127415,14.65353757018986,0.6105640654245775,2021-10-01,2023-09-29
24,21,score_weighted,2021-10-01,2023-09-29,502,1000000.0,1259494.5844760512,0.2594945844760512,0.1227879588517351,0.21947897695042615,0.6373027014704458,0.9296884199858346,-0.23146670566916572,0.5304778434408418,0.5,1.0865183543048338,0.1043454006944423,0.9723422318583096,0.05400497159439793,1.9845311874441949,0.02712397835135838,0.23237060612469285,0.013525283519497444,0.10926267533223766,11813.760436336519,23036960.8768322,12.785350501974264,0.532722937582261,2021-10-01,2023-09-29
24,21,top_n_equal_weight,2021-10-01,2023-09-29,502,1000000.0,1245890.1373123394,0.24589013731233944,0.11668343199358566,0.21295650572653824,0.6246203060004493,0.9093181963700951,-0.22702982056315413,0.5139564119997496,0.5059760956175299,1.0560888926821088,0.09848285676798323,0.9740574487733342,0.04943541481740702,2.029252988406558,0.02712397835135838,0.21876615896098106,0.013525283519497444,0.10315814847408822,10915.707527658476,21237197.526826274,11.989810842241909,0.4995754517600795,2021-10-01,2023-09-29
24,22,alpha_risk_turnover,2021-11-01,2023-10-31,503,1000000.0,1067873.8677743333,0.06787386777433335,0.033447286580376545,0.20308014523852955,0.2633249104483741,0.3805305949633013,-0.2097215610265819,0.1594842533912722,0.4831013916500994,0.9896776724368245,0.0655595059424836,0.9593219036544491,0.05736846947473408,1.1449762691091718,-0.06105346816118695,0.1289273359355203,-0.031068142938216137,0.06451542951859268,11745.988942558324,22811753.96658791,13.293393764323111,0.5538914068467963,2021-11-01,2023-10-31
24,22,cvar,2021-11-01,2023-10-31,503,1000000.0,1031003.7605491335,0.031003760549133563,0.01541437153474945,0.20547461426198174,0.17699299940994498,0.2534541541230613,-0.2281941546052757,0.06754937067258725,0.4870775347912525,1.0067326849337779,0.04865924591468892,0.9644818257023431,0.054292137055645194,0.894734412755714,-0.06105346816118695,0.09205722871032052,-0.031068142938216137,0.046482514472965586,9543.370014576689,18529596.91663386,10.907581037620785,0.4544825432341994,2021-11-01,2023-10-31
24,22,median_mad_de,2021-11-01,2023-10-31,503,1000000.0,1047073.6448541671,0.047073644854167096,0.023312955037465333,0.1997568977995455,0.21507770906508972,0.307135104169136,-0.2081396944447893,0.11200629029293246,0.49105367793240556,0.9694131804143333,0.05479928202192363,0.9553119024960685,0.05935425984155125,0.929549642786673,-0.06105346816118695,0.10812711301535405,-0.031068142938216137,0.05438109797568147,12993.585429852816,25200862.817995124,14.723433361621831,0.6134763900675764,2021-11-01,2023-10-31
24,22,score_weighted,2021-11-01,2023-10-31,503,1000000.0,1104106.287178389,0.1041062871783891,0.050868068441587866,0.21946409139806164,0.3355800358614704,0.48621241923985614,-0.23146670566916605,0.21976408354078053,0.4831013916500994,1.0836846320505686,0.0868789881765833,0.9720251382030304,0.054115340988081885,1.5865601357936778,-0.06105346816118695,0.16515975533957605,-0.031068142938216137,0.081936211379804,12024.604369371984,23447564.475145854,12.905606862239473,0.537733619259978,2021-11-01,2023-10-31
24,22,top_n_equal_weight,2021-11-01,2023-10-31,503,1000000.0,1092251.8404909074,0.0922518404909074,0.04520020639064981,0.21298961392268836,0.3138453833117939,0.4536957164148591,-0.22702982056315435,0.1990936973765355,0.48906560636182905,1.053509566442872,0.07970860582619131,0.973684172939309,0.04967041004005934,1.5915971308500296,-0.06105346816118695,0.15330530865209435,-0.031068142938216137,0.07626834932886595,11134.660588056218,21661417.33299804,12.132617614376262,0.5055257339323442,2021-11-01,2023-10-31
24,23,alpha_risk_turnover,2021-12-01,2023-11-30,503,1000000.0,1128141.6992249056,0.1281416992249056,0.06226745840245895,0.20280746244447895,0.39903144141528424,0.5823807792093691,-0.20972156102658168,0.296905373475485,0.4831013916500994,0.9879294618730101,0.0457229872222446,0.9592501007167534,0.05735422497112631,0.7897041498953913,0.033013714406887384,0.09512798481801821,0.01640563844518894,0.04586181995727001,11743.771682740608,22802703.06638965,13.245356927950478,0.5518898719979366,2021-12-01,2023-11-30
24,23,cvar,2021-12-01,2023-11-30,503,1000000.0,1090297.1009724755,0.09029710097247556,0.04426266121748346,0.2048874803374636,0.3136404877508276,0.45286459282866337,-0.2281941546052757,0.193969303438328,0.49304174950298213,1.0050732773243314,0.028446545107776416,0.9659889357189668,0.052989920097145676,0.5402409480771793,0.033013714406887384,0.05728338656558818,0.01640563844518894,0.027857022772294515,9569.70868823337,18576412.22805744,10.915041993568737,0.4547934163986973,2021-12-01,2023-11-30
24,23,median_mad_de,2021-12-01,2023-11-30,503,1000000.0,1097828.6393532476,0.09782863935324748,0.04787039564290252,0.199223322925118,0.33415259942882375,0.4808650665616122,-0.20813969444478908,0.22999166867519627,0.5009940357852882,0.9676926115849406,0.03208853791589085,0.9565046663816992,0.058464016432172375,0.5291683417423804,0.033013714406887384,0.0648149249463601,0.01640563844518894,0.03146475719771358,13054.382059472267,25309416.031265236,14.754355401469347,0.6147648083945562,2021-12-01,2023-11-30
24,23,score_weighted,2021-12-01,2023-11-30,503,1000000.0,1179228.4609382246,0.17922846093822464,0.08610083390080736,0.2193521827754098,0.4859974397190849,0.7108518977380568,-0.2314667056691656,0.37197934645456493,0.48906560636182905,1.0831874597209552,0.0680066389283999,0.9724146889947465,0.053724186924030984,1.3210235220634337,0.033013714406887384,0.14621474653133726,0.01640563844518894,0.06969519545561842,12184.89972454156,23750646.399043832,13.000800293705638,0.5417000122377349,2021-12-01,2023-11-30
24,23,top_n_equal_weight,2021-12-01,2023-11-30,503,1000000.0,1171135.7975045482,0.17113579750454821,0.08236022955371314,0.21292820042996266,0.4779675977890929,0.6976241060552612,-0.2270298205631549,0.3627727377373417,0.4970178926441352,1.0534369442088871,0.06423494065012529,0.9742383225189787,0.04915920411148196,1.3454061566133373,0.033013714406887384,0.13812208309766083,0.01640563844518894,0.0659545911085242,11185.890459269598,21752263.28559208,12.128221340604089,0.5053425558585037,2021-12-01,2023-11-30
24,24,alpha_risk_turnover,2022-01-03,2023-12-29,501,1000000.0,1141353.2642800964,0.1413532642800963,0.06876435029270622,0.20091893506627662,0.43125045174592336,0.6287564119332982,-0.20972156102658157,0.3278840285000098,0.4870259481037924,0.98490334234665,0.05211121901470117,0.9564735854297467,0.058705893640856634,0.8786487824020336,0.032428670718478436,0.10892459356161788,0.016182064540832153,0.05258228575187407,11965.183347999031,23226861.51607571,13.408068998013984,0.558669541583916,2022-01-03,2023-12-29
24,24,cvar,2022-01-03,2023-12-29,501,1000000.0,1113520.0679367757,0.11352006793677583,0.0555743747207047,0.20280988396024932,0.3679167964501085,0.5302567369480959,-0.22819415460527503,0.24353986988332793,0.499001996007984,1.0017527661152572,0.03949118334908852,0.9637661548709323,0.054100327189820906,0.7310980414594505,0.032428670718478436,0.08109139721829739,0.016182064540832153,0.03939231017987255,9742.07000089249,18909404.304607816,11.070531113056143,0.46127212971067255,2022-01-03,2023-12-29
24,24,median_mad_de,2022-01-03,2023-12-29,501,1000000.0,1112772.353762566,0.112772353762566,0.05521779084070344,0.19665209246051982,0.3714940175781618,0.5328112500234564,-0.20813969444478952,0.26529197608364097,0.5029940119760479,0.9625477383282636,0.03930380191039707,0.9550452373406684,0.05875571130565064,0.6465849107230085,0.032428670718478436,0.08034368304408757,0.016182064540832153,0.03903572629987129,13221.013984704576,25635498.06166471,14.874380468000794,0.6197658528333665,2022-01-03,2023-12-29
24,24,score_weighted,2022-01-03,2023-12-29,501,1000000.0,1202866.0555284433,0.2028660555284434,0.09735919281040051,0.21752573485595014,0.5356828888213084,0.7826621947825164,-0.23146670566916627,0.42061856165851913,0.49500998003992014,1.0816970535073367,0.07859562656691564,0.9702758887409093,0.05500215456608568,1.4810382454828797,0.032428670718478436,0.17043738480996495,0.016182064540832153,0.08117712826956835,12412.020150708242,24186995.737434756,13.132443768672776,0.5471851570280323,2022-01-03,2023-12-29
24,24,top_n_equal_weight,2022-01-03,2023-12-29,501,1000000.0,1192470.0082158975,0.19247000821589744,0.09257841689197477,0.21120364575146208,0.5246584387171516,0.7644659613287529,-0.22702982056315413,0.40778086624185006,0.500998003992016,1.0523091944514917,0.07391105871586294,0.9721699471124077,0.05052181625333863,1.4992583621149473,0.032428670718478436,0.160041337497419,0.016182064540832153,0.07639635235114262,11450.931280787798,22264269.841666117,12.319086426786214,0.5132952677827589,2022-01-03,2023-12-29
24,25,alpha_risk_turnover,2022-02-01,2024-01-31,502,1000000.0,1194267.0707220484,0.1942670707220484,0.09321181679047874,0.19771222456004625,0.5494573463178939,0.8027987001545133,-0.2013480081646365,0.46293885715652133,0.4960159362549801,0.9809582528832906,0.0402795659599119,0.9555680587703599,0.05839501638150422,0.6670552812410059,0.10727066158003029,0.08699640914201812,0.05248290721562299,0.040728909574855754,11990.465178170689,23275961.584950823,13.394118611268201,0.5580882754695083,2022-02-01,2024-01-31
24,25,cvar,2022-02-01,2024-01-31,502,1000000.0,1153431.8215457788,0.15343182154577883,0.07428485772758053,0.19965656269262322,0.45859462696499653,0.6614612705347195,-0.21471266900885155,0.3459733329686202,0.50199203187251,0.9985240902953529,0.021982540664992393,0.9632068862188706,0.05366065746492905,0.4077418681927963,0.10727066158003029,0.046161159965748544,0.05248290721562299,0.021801950511957546,9883.60744070572,19186100.216662627,11.18553328173777,0.4660638867390738,2022-02-01,2024-01-31
24,25,median_mad_de,2022-02-01,2024-01-31,502,1000000.0,1179274.013723236,0.17927401372323604,0.08630060928906969,0.19281948911823885,0.5256137685257067,0.758307488025154,-0.1946941789015414,0.44326240145429663,0.5039840637450199,0.955184552907169,0.03478966604629423,0.9540716352321593,0.058405867256266474,0.5421860789389843,0.10727066158003029,0.07200335214320575,0.05248290721562299,0.0338177020734467,13377.905343012368,25940240.92776618,14.990933045006628,0.6246222102086095,2022-02-01,2024-01-31
24,25,score_weighted,2022-02-01,2024-01-31,502,1000000.0,1264279.387459305,0.264279387459305,0.12492716226650247,0.2143520689517929,0.6562333030718807,0.961522300815571,-0.21828188007289095,0.5723203512118619,0.5,1.0790277789907168,0.06547644369134933,0.969503915729928,0.05469299130882625,1.297848853462479,0.10727066158003029,0.15700872587927472,0.05248290721562299,0.07244425505087948,12452.673552497281,24266650.763763968,13.106219162374797,0.5460924650989499,2022-02-01,2024-01-31
24,25,top_n_equal_weight,2022-02-01,2024-01-31,502,1000000.0,1254017.5002279729,0.25401750022797276,0.12033427434054889,0.20820968655749753,0.6497391985046668,0.9492848011697469,-0.2103603611726692,0.5720387323435683,0.5079681274900398,1.0500321460877957,0.062113938195530904,0.9712841154844805,0.05046626576677962,1.2998834707129423,0.10727066158003029,0.14674683864794247,0.05248290721562299,0.0678513671249259,11515.856983520778,22391315.51223,12.320522580745102,0.513355107531046,2022-02-01,2024-01-31
24,26,alpha_risk_turnover,2022-03-01,2024-02-29,503,1000000.0,1295434.9615219703,0.29543496152197024,0.13846465509743533,0.19371477847666538,0.766232213695892,1.1300695187360275,-0.20134800816463672,0.6876882287517669,0.5049701789264414,0.9747351451653367,0.041761088774803334,0.9519058866465298,0.0595445155196857,0.6549091525794012,0.20049038076414538,0.09494458075782486,0.09586795500780498,0.042596700089630346,11804.410844673792,22915015.64830122,13.117892532323697,0.5465788555134875,2022-03-01,2024-02-29
24,26,cvar,2022-03-01,2024-02-29,503,1000000.0,1281671.434063453,0.28167143406345296,0.1323885941314764,0.196085296944024,0.7320652753854732,1.0699274529877374,-0.2147126690088511,0.6165849213397787,0.5129224652087475,0.9967069564199015,0.03447335334031672,0.961595894934561,0.053822977506461867,0.633799599144016,0.20049038076414538,0.08118105329930758,0.09586795500780498,0.03652063912367143,9854.688903215414,19129442.46547027,11.100652492151017,0.46252718717295904,2022-03-01,2024-02-29
24,26,median_mad_de,2022-03-01,2024-02-29,503,1000000.0,1296418.5332805722,0.2964185332805722,0.13889762758023938,0.18867538486038277,0.7836701553204849,1.1449136750134485,-0.1946941789015415,0.7134143833364484,0.5129224652087475,0.9490191183619066,0.04400406763919349,0.9515461545049553,0.0588149403812645,0.6533206115922965,0.20049038076414538,0.09592815251642683,0.09586795500780498,0.043029672572434396,13465.775805917518,26108837.56887753,15.002479891532646,0.6251033288138603,2022-03-01,2024-02-29
24,26,score_weighted,2022-03-01,2024-02-29,503,1000000.0,1389338.779626058,0.3893387796260579,0.17908750049878752,0.21056032821078613,0.8876703821872294,1.3135356163761882,-0.2182818800728913,0.8204414422259168,0.510934393638171,1.0768924501662915,0.06905924365323553,0.967533307958481,0.055169977574798974,1.4042766570506986,0.20049038076414538,0.18884839886191251,0.09586795500780498,0.08321954549098254,12446.56176333823,24254347.88255515,12.994889438430965,0.5414537266012902,2022-03-01,2024-02-29
24,26,top_n_equal_weight,2022-03-01,2024-02-29,503,1000000.0,1383467.1795239798,0.3834671795239797,0.1765883893637501,0.2046255849452395,0.8970563772139618,1.3242996732748558,-0.2103603611726691,0.8394565800293615,0.5188866799204771,1.0487216428532198,0.06879461387374024,0.9695505082507626,0.050951659243805604,1.4548384032702513,0.20049038076414538,0.1829767987598343,0.09586795500780498,0.08072043435594511,11513.730579513294,22384387.047815777,12.224121352273936,0.5093383896780806,2022-03-01,2024-02-29
24,27,alpha_risk_turnover,2022-04-01,2024-03-28,500,1000000.0,1281198.8278411275,0.2811988278411275,0.13302301687963758,0.18878015070665277,0.7558912106287976,1.1111652903924518,-0.18905541044924756,0.7036192011830731,0.506,0.9730801807335818,0.03887903039205197,0.9498432500213779,0.05924457728878662,0.6077678021101502,0.19483469679539556,0.08636413104573193,0.09386353285914373,0.03915948402049385,11571.483114227649,22457216.56519816,12.763035510529683,0.5317931462720702,2022-04-01,2024-03-28
24,27,cvar,2022-04-01,2024-03-28,500,1000000.0,1257672.930467595,0.2576729304675951,0.12248908743872966,0.19145449883524118,0.6992176109078092,1.0184799582116488,-0.20193564155723287,0.6065748794722483,0.518,0.996485551214931,0.02755300476937256,0.9591026083969042,0.054196717080217484,0.5014703584040846,0.19483469679539556,0.06283823367219954,0.09386353285914373,0.028625554579585932,9858.344574819004,19133856.244722925,11.040774482049699,0.4600322700854041,2022-04-01,2024-03-28
24,27,median_mad_de,2022-04-01,2024-03-28,500,1000000.0,1274948.2606026835,0.2749482606026836,0.13023369528104634,0.18365887020455252,0.7584137546482745,1.1030124277935958,-0.17895329394570103,0.7277524342220968,0.516,0.9458150103374331,0.03838011654344562,0.9489731741679348,0.05877243621518072,0.5546665289210299,0.19483469679539556,0.08011356380728807,0.09386353285914373,0.03637016242190261,13464.129740884326,26103819.24324035,14.895038751948748,0.6206266146645313,2022-04-01,2024-03-28
24,27,score_weighted,2022-04-01,2024-03-28,500,1000000.0,1376646.5989802266,0.37664659898022657,0.1748069929188245,0.20572097707294304,0.8859861848430084,1.3074182678893644,-0.20612653784519575,0.848056707041319,0.514,1.0783679820861054,0.06721452917105651,0.9659353242337388,0.05516107730279328,1.3700898745974615,0.19483469679539556,0.181811902184831,0.09386353285914373,0.08094346005968078,12460.765715850494,24279555.28267588,12.87479214188945,0.5364496725787272,2022-04-01,2024-03-28
24,27,top_n_equal_weight,2022-04-01,2024-03-28,500,1000000.0,1375498.278543421,0.3754982785434211,0.1743129922273512,0.19951583194855724,0.9051671690674387,1.3332508936348912,-0.19823840716549168,0.8793098911546072,0.522,1.0481598498989115,0.06876668133267246,0.9680767692422579,0.05079073682322121,1.4550856175142883,0.19483469679539556,0.18066358174802555,0.09386353285914373,0.08044945936820747,11485.73195491741,22327986.052378323,12.080712337223769,0.5033630140509904,2022-04-01,2024-03-28
24,28,alpha_risk_turnover,2022-05-02,2024-04-30,502,1000000.0,1376479.7802320835,0.3764797802320836,0.17398176718393032,0.18379374690738576,0.964643412992572,1.4399673158320063,-0.13941585742906748,1.2479338462086311,0.5099601593625498,0.9733003182765819,0.049976923261981526,0.9473673493302431,0.05903485375115499,0.787404474768937,0.2569834931976751,0.11949628703440851,0.12166367355625063,0.052318093627679696,11366.388910172955,22058995.150989696,12.389683388949935,0.5162368078729139,2022-05-02,2024-04-30
24,28,cvar,2022-05-02,2024-04-30,502,1000000.0,1339216.1792442994,0.33921617924429937,0.15791861105209648,0.18644361256774938,0.879660963858231,1.2995818296484667,-0.15884230704686297,0.9941848238549319,0.5239043824701195,0.9969914180375837,0.03358960461809936,0.9566348315677047,0.05431180602968573,0.6112123877075337,0.2569834931976751,0.08223268604662426,0.12166367355625063,0.03625493749584585,9642.886878513924,18717011.915182807,10.737334911779364,0.4473889546574736,2022-05-02,2024-04-30
24,28,median_mad_de,2022-05-02,2024-04-30,502,1000000.0,1350170.521211572,0.350170521211572,0.16266352790968353,0.1776755873261296,0.9371326703350343,1.3866341334041106,-0.14546377227786433,1.1182408194321007,0.5179282868525896,0.9386921276331759,0.04371422971757963,0.9451433760716573,0.05906597552866253,0.6043153946473947,0.2569834931976751,0.09318702801389689,0.12166367355625063,0.040999854353432896,13267.853240577751,25718504.233380508,14.564793215731534,0.6068663839888139,2022-05-02,2024-04-30
24,28,score_weighted,2022-05-02,2024-04-30,502,1000000.0,1485296.2649585546,0.4852962649585546,0.2196881421735779,0.20001131474868708,1.093052887093491,1.6349111874114606,-0.15229833197877463,1.4424855434673782,0.5179282868525896,1.07963976352829,0.07739405913765177,0.9656652109920568,0.053878740949904545,1.6298047095536026,0.2569834931976751,0.2283127717608795,0.12166367355625063,0.09802446861732728,12299.16942464455,23965525.061680604,12.55955563615629,0.5233148181731787,2022-05-02,2024-04-30
24,28,top_n_equal_weight,2022-05-02,2024-04-30,502,1000000.0,1470222.8105861032,0.47022281058610327,0.2134587311154299,0.19405011054500343,1.0942080265653096,1.6327011776503757,-0.15010552255759146,1.4220578129197845,0.5239043824701195,1.049341791355739,0.0750656142666455,0.9673983762304793,0.04993147331631399,1.6326389711226315,0.2569834931976751,0.21323931738842816,0.12166367355625063,0.09179505755917927,11223.282721803596,21816330.73193588,11.692325435908367,0.487180226496182,2022-05-02,2024-04-30
24,29,alpha_risk_turnover,2022-06-01,2024-05-31,503,1000000.0,1434942.7978162526,0.43494279781625256,0.19832106460598742,0.1724290277193104,1.1354898284911992,1.735076313907705,-0.13941585742906737,1.4225143987432713,0.5129224652087475,0.9610178104347431,0.04933166461338851,0.9401352780482896,0.059130825419018054,0.7338093648226005,0.3175869595431824,0.11735583827307017,0.14817664545997555,0.050144419146011865,11785.855546414674,22869743.704518754,12.657321456262373,0.5273883940109323,2022-06-01,2024-05-31
24,29,cvar,2022-06-01,2024-05-31,503,1000000.0,1386110.9519862956,0.38611095198629575,0.17771430385087061,0.17508757988950133,1.0217851280291963,1.5402744432200641,-0.15884230704686286,1.118809636770385,0.5288270377733598,0.9869066804111597,0.02849666202802403,0.9508019011290229,0.054286994947904295,0.48816906497420787,0.3175869595431824,0.06852399244311336,0.14817664545997555,0.02953765839089506,9780.375476164681,18978383.652804866,10.781539442527283,0.44923081010530347,2022-06-01,2024-05-31
24,29,median_mad_de,2022-06-01,2024-05-31,503,1000000.0,1400765.0661797686,0.4007650661797686,0.18393577406421047,0.16697616534472878,1.0947156418571637,1.654199313808438,-0.145463772277864,1.264478235260237,0.5248508946322068,0.9287605893313845,0.041247699103408336,0.9382500318123715,0.059003377886797395,0.5150682459023193,0.3175869595431824,0.0831781066365862,0.14817664545997555,0.03575912860423491,13615.240573388332,26389264.859905526,14.739894603260279,0.614162275135845,2022-06-01,2024-05-31
24,29,score_weighted,2022-06-01,2024-05-31,503,1000000.0,1548319.333369954,0.5483193333699541,0.2448556550366301,0.1877240415564889,1.2606940162452618,1.9327678459435993,-0.15229833197877463,1.6077369453445813,0.5208747514910537,1.0698047884081128,0.07362362684323,0.9612889149239948,0.05304921252172639,1.5883727245035835,0.3175869595431824,0.2307323738267717,0.14817664545997555,0.09667900957665454,12699.48894004072,24741085.628671873,12.730393906452385,0.5304330794355161,2022-06-01,2024-05-31
24,29,top_n_equal_weight,2022-06-01,2024-05-31,503,1000000.0,1526438.478277784,0.526438478277784,0.23601071698308607,0.18195037074026932,1.2556607348747375,1.9182752136696641,-0.15010552255759102,1.572298693357773,0.5288270377733598,1.038724671651653,0.07016561729186135,0.9629789518731171,0.04948260861124237,1.537252879336618,0.3175869595431824,0.20885151873460162,0.14817664545997555,0.08783407152311051,11534.651123709562,22419940.772380803,11.816509132233318,0.4923545471763883,2022-06-01,2024-05-31
24,30,alpha_risk_turnover,2022-07-01,2024-06-28,501,1000000.0,1583483.3840831718,0.5834833840831719,0.2600982270672423,0.16338633863288565,1.4969231144218604,2.3560339414915563,-0.13941585742906748,1.8656287158695417,0.5189620758483033,0.9638014305684044,0.04028026189055159,0.9321710823983906,0.05942476245840758,0.5487151688192867,0.4866625669636664,0.09682081711950552,0.22073615995014473,0.039362067117097554,11630.100123240656,22565844.093663834,12.352586268103394,0.514691094504308,2022-07-01,2024-06-28
24,30,cvar,2022-07-01,2024-06-28,501,1000000.0,1547201.8698794292,0.5472018698794292,0.24549215601256025,0.1644365715724922,1.417453601186638,2.2134644372089944,-0.15884230704686286,1.5455086278754016,0.5369261477045908,0.9813160422658012,0.025072121747453616,0.9430490579158627,0.054780056386982634,0.3853901149199507,0.4866625669636664,0.060539302915762816,0.22073615995014473,0.02475599606241552,9715.949080351786,18856034.59131256,10.61231435014602,0.4421797645894175,2022-07-01,2024-06-28
24,30,median_mad_de,2022-07-01,2024-06-28,501,1000000.0,1551689.4784320337,0.5516894784320336,0.2473079187870686,0.1589295422426077,1.4701909025731927,2.294369455332665,-0.145463772277864,1.7001340946573456,0.530938123752495,0.9326848932714077,0.03595599958793494,0.9273722800444247,0.06040587710583071,0.35902547696302867,0.4866625669636664,0.06502691146836725,0.22073615995014473,0.026571758836923864,13760.086382725305,26663131.52116166,14.679621515466188,0.6116508964777578,2022-07-01,2024-06-28
24,30,score_weighted,2022-07-01,2024-06-28,501,1000000.0,1734383.4903173153,0.7343834903173154,0.3191329508422689,0.17674810199974922,1.6558149937604998,2.6364653516427112,-0.15229833197877396,2.0954461332297907,0.5269461077844312,1.0683200324699251,0.06621087472000457,0.9551474345460539,0.05344239954112703,1.5098992520327321,0.4866625669636664,0.24772092335364904,0.22073615995014473,0.09839679089212416,12780.143893888806,24897046.33408441,12.618303437720225,0.5257626432383428,2022-07-01,2024-06-28
24,30,top_n_equal_weight,2022-07-01,2024-06-28,501,1000000.0,1690474.7827974265,0.6904747827974265,0.30222793992738683,0.17134623205200572,1.6272335991896543,2.5789490784886633,-0.15010552255759124,2.0134365130465506,0.5349301397205589,1.0369922051308826,0.05900960767062151,0.956367333507475,0.05040184646872971,1.3263567162193883,0.4866625669636664,0.20381221583376008,0.22073615995014473,0.08149177997724211,11639.524357297569,22620732.96350831,11.741646409026568,0.4892352670427737,2022-07-01,2024-06-28
24,31,alpha_risk_turnover,2022-08-01,2024-07-31,503,1000000.0,1469661.3129628503,0.4696613129628504,0.21275996262228292,0.16103086368861663,1.278510114688665,1.9711195803349306,-0.13941585742906726,1.5260815128618497,0.5208747514910537,0.9634356868483287,0.03952280027630708,0.9308091734511249,0.05913193073868417,0.5616124268979061,0.37778778359980714,0.09187352936304327,0.17416604482550624,0.03859391779677668,11565.789865984883,22442839.154899243,12.06201658879041,0.5025840245329337,2022-08-01,2024-07-31
24,31,cvar,2022-08-01,2024-07-31,503,1000000.0,1427169.4652091695,0.42716946520916954,0.19506444824955427,0.16178941129795865,1.1823650647785573,1.808011274790118,-0.15884230704686286,1.2280383726232638,0.536779324055666,0.9789397724519502,0.022260263986961456,0.9413539008981897,0.05468935903175203,0.34053766995780693,0.37778778359980714,0.049381681609362404,0.17416604482550624,0.02089840342404803,9769.798315956774,18963707.985812895,10.490593072785696,0.437108044699404,2022-08-01,2024-07-31
24,31,median_mad_de,2022-08-01,2024-07-31,503,1000000.0,1447294.418017894,0.44729441801789394,0.20347768746472816,0.15629642645118932,1.2632861974737692,1.935997984973809,-0.14546377227786378,1.3988203679748292,0.5347912524850894,0.9288560069500938,0.03706121633054367,0.9245840423063735,0.06056549374826012,0.40909032261190204,0.37778778359980714,0.0695066344180868,0.17416604482550624,0.029311642639221924,13648.439802801291,26449387.650296234,14.32633727961824,0.5969307199840933,2022-08-01,2024-07-31
24,31,score_weighted,2022-08-01,2024-07-31,503,1000000.0,1593132.515250088,0.5931325152500879,0.2627779689827987,0.17275319947663395,1.4371329705098876,2.2461024167033403,-0.15229833197877407,1.725415935740007,0.5268389662027833,1.0592723771088095,0.065364375110089,0.9539565531476084,0.05263057419131133,1.4364076207966938,0.37778778359980714,0.21534473165028079,0.17416604482550624,0.08861192415729247,12941.784220300706,25213880.11275565,12.524703447811698,0.5218626436588206,2022-08-01,2024-07-31
24,31,top_n_equal_weight,2022-08-01,2024-07-31,503,1000000.0,1549659.0712548208,0.5496590712548208,0.2453951869321842,0.16702137616355414,1.397612422389485,2.1751432111428635,-0.15010552255759135,1.6348178451464557,0.5308151093439364,1.02403887463551,0.056609988098823935,0.9538749282945058,0.050279818960218485,1.208452824884028,0.37778778359980714,0.1718712876550137,0.17416604482550624,0.07122914210667797,11764.466490101917,22864634.317506723,11.644419436265487,0.4851841431777286,2022-08-01,2024-07-31
24,32,alpha_risk_turnover,2022-09-01,2024-08-30,502,1000000.0,1564390.4691079266,0.5643904691079267,0.2518714135795217,0.1620969458907613,1.4671091187312406,2.2920910331717392,-0.12293825279234505,2.0487635691793797,0.5258964143426295,0.9741468819265624,0.0376718727028424,0.9325057807445916,0.05867941505207325,0.5514754218930578,0.46995816649490574,0.09443230261302094,0.21334907815868864,0.038522335420833054,11520.62732859344,22360286.958714988,11.838918446990757,0.4932882686246149,2022-09-01,2024-08-30
24,32,cvar,2022-09-01,2024-08-30,502,1000000.0,1528674.8238405217,0.5286748238405217,0.23744161769244632,0.16162996063237484,1.3990928756148822,2.1747350431542976,-0.13029534994852054,1.8223337808007658,0.5418326693227091,0.9810842850094672,0.024567976874091364,0.9418600416028117,0.054387803970172184,0.3802630853687625,0.46995816649490574,0.05871665734561593,0.21334907815868864,0.024092539533757673,9554.218555799323,18550782.66572077,10.147099106724745,0.4227957961135311,2022-09-01,2024-08-30
24,32,median_mad_de,2022-09-01,2024-08-30,502,1000000.0,1533227.5285774374,0.5332275285774375,0.23929026561391176,0.15687640888289664,1.4462394759306572,2.2427821356349713,-0.12386219510893959,1.9319071925332065,0.5398406374501992,0.9356655721609279,0.034644946271901705,0.9254755101421038,0.0602585827973359,0.35558757128770074,0.46995816649490574,0.06326936208253175,0.21334907815868864,0.025941187455223114,13408.174406110542,25993890.215534534,13.892110919064526,0.578837954961022,2022-09-01,2024-08-30
24,32,score_weighted,2022-09-01,2024-08-30,502,1000000.0,1698100.8656237605,0.6981008656237606,0.30448724275787487,0.17235367357871653,1.6287635583820321,2.580706388649252,-0.12669404208639634,2.40332724209901,0.5338645418326693,1.0603279239663865,0.06287513810343424,0.9546003177195468,0.05218876082160229,1.4422593913091932,0.46995816649490574,0.22814269912885488,0.21334907815868864,0.09113816459918622,13036.705525501513,25403288.851504434,12.361198219349715,0.5150499258062381,2022-09-01,2024-08-30
24,32,top_n_equal_weight,2022-09-01,2024-08-30,502,1000000.0,1648266.3423343056,0.6482663423343056,0.28512691905777454,0.16615522315594847,1.5931904883257588,2.512140918292669,-0.12595252819769875,2.263764952857723,0.5338645418326693,1.0218876800495575,0.054766365049424975,0.9543135395003871,0.049764383885070596,1.190877174165912,0.46995816649490574,0.17830817583939984,0.21334907815868864,0.0717778408990859,11739.663121488258,22821167.327772737,11.407283633934266,0.4753034847472612,2022-09-01,2024-08-30
24,33,alpha_risk_turnover,2022-10-03,2024-09-30,501,1000000.0,1742811.0795909327,0.7428110795909326,0.3223531753662703,0.15630202706437143,1.8663409349685,3.003891722478675,-0.10773997187394146,2.9919552581973177,0.5389221556886228,0.9726821942264273,0.03472521555135966,0.9278680933516282,0.058428508257356175,0.4707926164436785,0.6537127341497746,0.08909834544115802,0.2879058247960855,0.034447350570184776,11509.369902157225,22341827.722272918,11.633592836524027,0.4847330348551678,2022-10-03,2024-09-30
24,33,cvar,2022-10-03,2024-09-30,501,1000000.0,1733188.7308077833,0.7331887308077834,0.3186757983277162,0.15674068957706067,1.8437620944576991,2.9629227572648835,-0.10944527001877691,2.911736599243099,0.5548902195608783,0.9865998718609306,0.02832776406302877,0.9385106106396546,0.0541516555481318,0.4577400413530212,0.6537127341497746,0.07947599665800875,0.2879058247960855,0.03076997353163069,9525.447167357994,18502270.998546742,9.933983714310296,0.41391598809626223,2022-10-03,2024-09-30
24,33,median_mad_de,2022-10-03,2024-09-30,501,1000000.0,1719578.6775917518,0.7195786775917519,0.31345706863324563,0.15141912081061193,1.8769949063830382,3.0072230772980593,-0.10295928236256091,3.0444760437377334,0.5508982035928144,0.9346717725172988,0.03726781230237765,0.9203611800111361,0.06001116091799418,0.33340060637134317,0.6537127341497746,0.06586594344197727,0.2879058247960855,0.02555124383716012,13337.379095085184,25867652.795825068,13.559380062056166,0.5649741692523402,2022-10-03,2024-09-30
24,33,score_weighted,2022-10-03,2024-09-30,501,1000000.0,1918677.8817817802,0.9186778817817802,0.3878685872453078,0.16663550381212927,2.0510424003909016,3.358275565742077,-0.11342946236866536,3.4194695024178805,0.5469061876247505,1.0630818980383028,0.06090475964712952,0.9512158311564356,0.05226470382679307,1.4842009424724147,0.6537127341497746,0.2649651476320056,0.2879058247960855,0.09996276244922231,12923.227625510353,25189004.52403732,11.990787526688063,0.49961614694533596,2022-10-03,2024-09-30
24,33,top_n_equal_weight,2022-10-03,2024-09-30,501,1000000.0,1855440.4596375814,0.8554404596375813,0.3646687445745329,0.16045835589630653,2.018584618024563,3.292439781337773,-0.11402963802090849,3.198017207663741,0.5449101796407185,1.0233492343266424,0.05352461977868858,0.9509143831407663,0.049776389456362716,1.1992353934533073,0.6537127341497746,0.2017277254878067,0.2879058247960855,0.0767629197784474,11653.432630206651,22661005.703759097,11.07489390261885,0.4614539126091188,2022-10-03,2024-09-30
24,34,alpha_risk_turnover,2022-11-01,2024-10-31,503,1000000.0,1539619.6881384782,0.5396196881384783,0.24134649898430416,0.14760136487847716,1.5388093753678629,2.390912668167072,-0.10773997187394269,2.2400831816318183,0.5347912524850894,0.9709860940029226,0.015285207630240204,0.9189836388357407,0.058339544435247505,0.15349949756297218,0.5157611827343827,0.02385850540409562,0.23167164655798822,0.009674852426315939,11398.780017165223,22131543.071683217,11.308123587929177,0.47117181616371573,2022-11-01,2024-10-31
24,34,cvar,2022-11-01,2024-10-31,503,1000000.0,1531821.7120089557,0.5318217120089557,0.23819262825810483,0.14758110175550274,1.5217428008529172,2.363131401027579,-0.10944527001877669,2.176362927490973,0.5506958250497018,0.982657847107721,0.010188834752607472,0.9301579902951684,0.05423993720593641,0.11809021424248249,0.5157611827343827,0.01606052927457302,0.23167164655798822,0.006520981700116613,9307.970728959079,18087166.80755034,9.53669895334447,0.3973624563893529,2022-11-01,2024-10-31
24,34,median_mad_de,2022-11-01,2024-10-31,503,1000000.0,1508807.8306121228,0.5088078306121229,0.22883771814486575,0.14302493391952442,1.5125928718812973,2.326662701822426,-0.10295928236256013,2.2226040517555097,0.5467196819085487,0.934089590971635,0.012543243720004456,0.912350930861267,0.05927518454546756,-0.030987297624609854,0.5157611827343827,-0.006953352122259782,0.23167164655798822,-0.0028339284131224662,13259.791213999257,25721983.69158802,13.230269961812397,0.5512612484088498,2022-11-01,2024-10-31
24,34,score_weighted,2022-11-01,2024-10-31,503,1000000.0,1738764.8436301628,0.7387648436301628,0.31934760572285703,0.15778721464035272,1.8357872956830004,2.9404326577348425,-0.11342946236866591,2.8153849895269762,0.5467196819085487,1.0673503834251101,0.05679430241186463,0.9449750528384682,0.05246933807292834,1.3624812766910155,0.5157611827343827,0.22300366089578016,0.23167164655798822,0.08767595916486881,12865.603580688812,25082456.436389815,11.688445031665202,0.48701854298605013,2022-11-01,2024-10-31
24,34,top_n_equal_weight,2022-11-01,2024-10-31,503,1000000.0,1686148.1927014326,0.6861481927014326,0.2991922258883002,0.1512134920949945,1.80703543257891,2.8814335272556,-0.11402963802090849,2.6238110642203414,0.5427435387673957,1.0222382188475185,0.05022103529091407,0.9443798537156745,0.04982450523663782,1.1053369121248897,0.5157611827343827,0.17038700996704992,0.23167164655798822,0.06752057933031197,11547.20203549184,22458096.212864287,10.760939916298112,0.44837249651242134,2022-11-01,2024-10-31
24,35,alpha_risk_turnover,2022-12-01,2024-11-29,502,1000000.0,1517191.7698228625,0.5171917698228625,0.23276665161306886,0.13888315110401664,1.5766364932995793,2.3835630625049964,-0.10773997187394191,2.1604484163538755,0.5398406374501992,0.9658995813032866,0.007172228481692404,0.9064342700595798,0.05882500430967811,-0.005186294857178754,0.52156527742245,-0.004373507599587434,0.2345492590487812,-0.0017826074357123467,11495.181410295954,22322163.582600735,11.183327137268881,0.46597196405287006,2022-12-01,2024-11-29
24,35,cvar,2022-12-01,2024-11-29,502,1000000.0,1496271.8399814412,0.4962718399814412,0.22420423558770342,0.139562812291278,1.519639021612172,2.2990218721510023,-0.1094452700187768,2.048551166708604,0.5537848605577689,0.9858631764760696,-0.004088404285001468,0.9206633048645979,0.054510556228968415,-0.1318686347356733,0.52156527742245,-0.02529343744100876,0.2345492590487812,-0.010345023461077796,9449.08942771342,18361866.74911073,9.52597704185635,0.3969157100773479,2022-12-01,2024-11-29
24,35,median_mad_de,2022-12-01,2024-11-29,502,1000000.0,1523991.7687002064,0.5239917687002065,0.23553717736899316,0.13697548733116038,1.613063838025777,2.451056291200882,-0.10295928236256147,2.2876730680733677,0.549800796812749,0.9461948702631038,0.013474907026574199,0.9003090910575348,0.06002974060582156,0.027934106337501142,0.52156527742245,0.002426491277756515,0.2345492590487812,0.0009879183202119446,13336.078614066106,25873074.637308665,13.104146987824109,0.5460061244926712,2022-12-01,2024-11-29
24,35,score_weighted,2022-12-01,2024-11-29,502,1000000.0,1713320.3831331083,0.7133203831331083,0.31034333715356066,0.1477390361962858,1.904123201611858,2.965587572859006,-0.1134294623686658,2.736002892660198,0.549800796812749,1.0613396409446425,0.0485898512351624,0.9362956905311188,0.052500095635718426,1.1817121035976907,0.52156527742245,0.19175510571065835,0.2345492590487812,0.07579407810477945,13144.533397046049,25629976.921893366,11.683473415451477,0.4868113923104782,2022-12-01,2024-11-29
24,35,top_n_equal_weight,2022-12-01,2024-11-29,502,1000000.0,1669292.7220997806,0.6692927220997806,0.2933305665178245,0.1422773057490782,1.8797228651145033,2.9265558092782293,-0.11402963802090871,2.5724063638967163,0.547808764940239,1.0215799998471717,0.04343665826305563,0.935816395824791,0.050229825467549054,0.9589636476477834,0.52156527742245,0.14772744467733068,0.2345492590487812,0.05878130746904331,11725.915910581207,22807557.338976704,10.723855873160701,0.44682732804836256,2022-12-01,2024-11-29
24,36,alpha_risk_turnover,2023-01-03,2024-12-31,502,1000000.0,1577043.8674086214,0.5770438674086213,0.2569441992885697,0.1374083788104647,1.7335725393198473,2.6236053414834886,-0.10773997187394124,2.384854894794307,0.545816733067729,0.9663239589965127,0.009600264160915827,0.9009338543731713,0.059785116914060236,0.027320985396868083,0.5757652233478756,0.0012786440607457372,0.25643250988980104,0.0005116893987686666,11674.40432902217,22673684.284883678,11.137254088367051,0.46405225368196046,2023-01-03,2024-12-31
24,36,cvar,2023-01-03,2024-12-31,502,1000000.0,1530774.154388692,0.5307741543886919,0.23829440125406331,0.1381116125014537,1.617096061731778,2.447731939076058,-0.10944527001877669,2.1772928260232804,0.5537848605577689,0.9873218716228497,-0.010234943624808281,0.9158238237114358,0.05548667716267137,-0.23851237618350019,0.5757652233478756,-0.0449910689591837,0.25643250988980104,-0.018138108635737726,9604.483546432992,18666388.17104655,9.469297285378545,0.3945540535574394,2023-01-03,2024-12-31
24,36,median_mad_de,2023-01-03,2024-12-31,502,1000000.0,1570535.5862681034,0.5705355862681034,0.2543375516346371,0.13678113187765945,1.7256854932668377,2.6220068956556584,-0.10295928236256102,2.470273158460957,0.5517928286852589,0.9570970199469758,0.009616940930963113,0.8964233192452571,0.06086989713665246,-0.008752911755879687,0.5757652233478756,-0.005229637079772198,0.25643250988980104,-0.0020949582551639256,13470.826184412816,26141758.35218741,12.997927156516411,0.5415802981881838,2023-01-03,2024-12-31
24,36,score_weighted,2023-01-03,2024-12-31,502,1000000.0,1811916.740435639,0.8119167404356389,0.3476693096810435,0.14584309090091105,2.11978620378919,3.326271027714339,-0.11342946236866536,3.065070594719546,0.5597609561752988,1.0602660426948185,0.05832478911976086,0.9313488172217874,0.05366388571898844,1.352532847093475,0.5757652233478756,0.23615151708776327,0.25643250988980104,0.09123679979124244,13217.503763138087,25778766.19302559,11.483844907836627,0.4784935378265262,2023-01-03,2024-12-31
24,36,top_n_equal_weight,2023-01-03,2024-12-31,502,1000000.0,1741087.7931284297,0.7410877931284297,0.3209611888012316,0.14010408131352242,2.0577424934672783,3.222970154167316,-0.11402963802090849,2.8147172469527626,0.5577689243027888,1.0193827728924316,0.04713865756560164,0.9321158180931671,0.05080086329393899,1.018173991564419,0.5757652233478756,0.16532256978055404,0.25643250988980104,0.06452867891143055,11819.890209968013,22995796.767751962,10.573614684832915,0.4405672785347048,2023-01-03,2024-12-31
24,37,alpha_risk_turnover,2023-02-01,2025-01-31,502,1000000.0,1579992.3672654182,0.5799923672654181,0.25812334673765847,0.13711805306425318,1.7438066586531455,2.6288435994337758,-0.10773997187394191,2.395799277167701,0.5517928286852589,0.9721422782690652,0.026137985786588384,0.8984437089062247,0.06031039777114467,0.33220030008566703,0.5223477647131605,0.05764460255225767,0.2348679255028332,0.02325542123482527,11942.55162930864,23190834.302416272,11.166649814214647,0.465277075592277,2023-02-01,2025-01-31
24,37,cvar,2023-02-01,2025-01-31,502,1000000.0,1529801.1184530836,0.5298011184530835,0.23789921006990533,0.1365512432145494,1.6316750286431845,2.4661014052928008,-0.10944527001877591,2.1736819693449747,0.5557768924302788,0.9813847738403972,0.007813091291078248,0.9107503280182327,0.05643917109602829,0.06617765452060942,0.5223477647131605,0.007453353739923063,0.2348679255028332,0.0030312845670721345,9708.089244335486,18865048.564001545,9.371101302659756,0.3904625542774898,2023-02-01,2025-01-31
24,37,median_mad_de,2023-02-01,2025-01-31,502,1000000.0,1568300.7417436931,0.5683007417436932,0.2534412282099976,0.13709643757647266,1.7168210489192712,2.596152307940633,-0.10295928236256069,2.46156754781497,0.5537848605577689,0.9688989137001197,0.023111192741548325,0.8955874070421875,0.061119436106962584,0.2666550787129846,0.5223477647131605,0.04595297703053269,0.2348679255028332,0.018573302707164396,13559.628925321207,26318975.55941097,12.862063534898699,0.5359193139541124,2023-02-01,2025-01-31
24,37,score_weighted,2023-02-01,2025-01-31,502,1000000.0,1735337.5595252307,0.7353375595252307,0.3187693465424335,0.14289469468708388,2.008699457229836,3.1145531266925137,-0.1134294623686648,2.8102870267195623,0.5617529880478087,1.0487855144575609,0.05727270192628687,0.9300927405644366,0.05285158825917659,1.2858696622050663,0.5223477647131605,0.21298979481207025,0.2348679255028332,0.0839014210396003,13515.10858632567,26355989.734242104,11.458355763216035,0.4774314901340015,2023-02-01,2025-01-31
24,37,top_n_equal_weight,2023-02-01,2025-01-31,502,1000000.0,1676846.1209510462,0.6768461209510461,0.2962650237392346,0.13684306133028085,1.965449194445548,3.0435547833001912,-0.11402963802090804,2.598140526280655,0.5617529880478087,1.0041890109252103,0.04896814692595999,0.9299259399888248,0.05032640459066978,0.9912459144592253,0.5223477647131605,0.15449835623788566,0.2348679255028332,0.06139709823640138,11992.12106334674,23326817.492130745,10.488498343826807,0.43702076432611686,2023-02-01,2025-01-31
24,38,alpha_risk_turnover,2023-03-01,2025-02-28,502,1000000.0,1633440.1662087236,0.6334401662087235,0.27931096944658895,0.13659645174119986,1.8723147903630126,2.841492136246643,-0.10773997187394224,2.5924544492492347,0.5557768924302788,0.9795600992454131,0.035047248254525265,0.9009585058735673,0.059325523535971834,0.5131339813654039,0.5417861221502147,0.09165404405850874,0.24275813925358758,0.03655283019300137,12197.033331166214,23683692.355136804,11.17740990216976,0.4657254125904067,2023-03-01,2025-02-28
24,38,cvar,2023-03-01,2025-02-28,502,1000000.0,1584489.3279901308,0.5844893279901306,0.2599196377151656,0.1360354161312775,1.7670670311540357,2.6927733342245506,-0.1094452700187768,2.3748823285882787,0.5597609561752988,0.9884144294366186,0.017684424538421648,0.9128516581855021,0.055561156924694405,0.2713061594051298,0.5417861221502147,0.042703205839915936,0.24275813925358758,0.017161498461577995,9838.714060116241,19122879.96945867,9.331339612631448,0.3888058171929771,2023-03-01,2025-02-28
24,38,median_mad_de,2023-03-01,2025-02-28,502,1000000.0,1604584.4257560247,0.6045844257560247,0.2679156869921375,0.1370227064821156,1.8015367503053796,2.736604725867831,-0.1029592823625608,2.6021518492009226,0.5577689243027888,0.9796512896111704,0.02612658663602384,0.8982393867063196,0.06027661609581218,0.35738281163695507,0.5417861221502147,0.06279830360580996,0.24275813925358758,0.025157547738549946,13543.898468267844,26296687.818375953,12.656294376296824,0.5273455990123678,2023-03-01,2025-02-28
24,38,score_weighted,2023-03-01,2025-02-28,502,1000000.0,1762678.4599680528,0.7626784599680527,0.32915899099987334,0.1414068976477534,2.0838969101290377,3.24018427266073,-0.11342946236866602,2.9018826689846047,0.5657370517928287,1.046523594075046,0.058885569200553704,0.9298043017538741,0.05237260328228141,1.3245051403621746,0.5417861221502147,0.220892337817838,0.24275813925358758,0.08640085174628576,13730.799310644858,26775872.44590991,11.342453127181429,0.47260221363255955,2023-03-01,2025-02-28
24,38,top_n_equal_weight,2023-03-01,2025-02-28,502,1000000.0,1714433.938788794,0.7144339387887939,0.3107707868437448,0.13534922921747797,2.0679429431624423,3.2198704877112925,-0.11402963802090837,2.7253509897730464,0.5637450199203188,1.00088342895855,0.05438582356683404,0.9290537345887864,0.050071867129973774,1.0901304811245651,0.5417861221502147,0.1726478166385792,0.24275813925358758,0.06801264759015724,12172.418801883889,23675069.369603887,10.38212887241239,0.4325887030171829,2023-03-01,2025-02-28
24,39,alpha_risk_turnover,2023-04-03,2025-03-31,500,1000000.0,1483246.9720484104,0.4832469720484105,0.21980831396649747,0.13853277458148996,1.5039831997778013,2.2342230090392667,-0.10773997187394191,2.040174228221239,0.546,0.9812204844677906,0.03258819376824447,0.9024166756239473,0.05973677829702731,0.48921756836898733,0.40382840773162454,0.07941856431678596,0.1864413363122832,0.03336697765421426,12410.215118883154,24104737.7202564,11.111840409779678,0.46299335040748657,2023-04-03,2025-03-31
24,39,cvar,2023-04-03,2025-03-31,500,1000000.0,1442956.0020115152,0.4429560020115153,0.20299426472008197,0.1382752303294654,1.4060433592518806,2.0991898967637055,-0.11147256037979925,1.8210245106818954,0.55,0.9929456255067952,0.01655791189712255,0.914901025881695,0.05582593558541439,0.2739637952304712,0.40382840773162454,0.039127594279890765,0.1864413363122832,0.01655292840779876,10060.223432215464,19558357.92006675,9.255915453663862,0.38566314390266093,2023-04-03,2025-03-31
24,39,median_mad_de,2023-04-03,2025-03-31,500,1000000.0,1484406.0853783826,0.4844060853783825,0.22028865580033963,0.14047297677269682,1.4879265333796965,2.2163573916616914,-0.11551032856339771,1.9070905480061418,0.548,0.9962283527533754,0.030562387859569388,0.9035644804199836,0.06018786473570067,0.4965583232711162,0.40382840773162454,0.08057767764675794,0.1864413363122832,0.033847319488056415,13531.955683108265,26286920.02294647,12.353701219250713,0.5147375508021129,2023-04-03,2025-03-31
24,39,score_weighted,2023-04-03,2025-03-31,500,1000000.0,1576816.7256233436,0.5768167256233436,0.2580031652812602,0.1435640936355786,1.6711219156887895,2.5243874348279864,-0.11342946236866613,2.2745692335444874,0.558,1.0483692572423586,0.05212219434639896,0.9303823906187042,0.05298880809251845,1.1471558089357778,0.40382840773162454,0.1729883178917191,0.1864413363122832,0.071561828968977,14075.27071810257,27453343.476804413,11.277844225192805,0.4699101760497002,2023-04-03,2025-03-31
24,39,top_n_equal_weight,2023-04-03,2025-03-31,500,1000000.0,1545028.0364496217,0.5450280364496216,0.2451564648569975,0.13688702889495877,1.6707439574045357,2.535348468084555,-0.11402963802090837,2.1499363596335,0.556,0.998825657153315,0.04978684834501895,0.9296520486134771,0.05043469957560597,0.9829837913576905,0.40382840773162454,0.14119962871799707,0.1864413363122832,0.05871512854471428,12463.763154895176,24246289.941561203,10.313691434751311,0.429737143114638,2023-04-03,2025-03-31
24,40,alpha_risk_turnover,2023-05-01,2025-04-30,502,1000000.0,1440715.5210383134,0.44071552103831335,0.20117147549750425,0.16822140344662168,1.1736144770938153,1.7486298063866115,-0.20378018092018213,0.9871984340631257,0.5438247011952191,0.9639459572636532,0.032357720156080114,0.9369177329820714,0.059096536194264734,0.4430666509325588,0.3697748306362314,0.07094069040208195,0.17110760291826388,0.03006387257924037,12442.115919171445,24170084.21552991,10.923726492759588,0.4551552705316495,2023-05-01,2025-04-30
24,40,cvar,2023-05-01,2025-04-30,502,1000000.0,1379152.5711876396,0.37915257118763956,0.1751255498257922,0.16902566135535832,1.039018876242934,1.544507495569611,-0.21341238726299694,0.8205969300646908,0.549800796812749,0.9776436496271725,0.008205859429255426,0.9457099628431802,0.05505681212878247,0.0795084655235182,0.3697748306362314,0.009377740551408165,0.17110760291826388,0.004017946907528325,9930.871860455809,19313040.235428702,8.936631780529993,0.37235965752208305,2023-05-01,2025-04-30
24,40,median_mad_de,2023-05-01,2025-04-30,502,1000000.0,1436763.867388252,0.4367638673882519,0.19951647018848928,0.17006781588044464,1.1545672559698565,1.724251401993482,-0.20533515879898734,0.9716624827207782,0.545816733067729,0.9749807696823097,0.02939573875731071,0.9373546542315924,0.05938870222181089,0.4228306142706459,0.3697748306362314,0.0669890367520205,0.17110760291826388,0.028408867270225402,13731.750028069819,26676964.374504372,12.294296584556955,0.5122623576898732,2023-05-01,2025-04-30
24,40,score_weighted,2023-05-01,2025-04-30,502,1000000.0,1543743.1770989033,0.5437431770989034,0.24354977450387238,0.17375816996365115,1.3413375452528478,2.0151473732710854,-0.20727210098291204,1.1750243923274128,0.5557768924302788,1.012256137518357,0.05972620480531521,0.9525224257429973,0.05294181795066818,1.167791161905192,0.3697748306362314,0.173968346462672,0.17110760291826388,0.0724421715856085,14224.995874654218,27747490.337567046,11.136507827041338,0.4640211594600558,2023-05-01,2025-04-30
24,40,top_n_equal_weight,2023-05-01,2025-04-30,502,1000000.0,1499457.6437643156,0.4994576437643157,0.2255119989201777,0.16637617253031656,1.3054885363738846,1.9578884965808836,-0.20387767208643692,1.1061142527886456,0.5537848605577689,0.9691563442432434,0.05124058745243032,0.9524292804759158,0.05095492445023768,0.9019504275840509,0.3697748306362314,0.12968281312808427,0.17110760291826388,0.054404396001913824,12537.24194498596,24389145.0879273,10.147727315169272,0.4228219714653863,2023-05-01,2025-04-30
24,41,alpha_risk_turnover,2023-06-01,2025-05-30,501,1000000.0,1504798.3162625066,0.5047983162625067,0.22820403674927237,0.17032758801689424,1.291920513299984,1.9432774117373242,-0.2037801809201819,1.1198539314216085,0.5449101796407185,0.9679037756836067,0.026277892783373207,0.938939001934669,0.058846390784030984,0.3373581981696705,0.44916848410251675,0.055629832159989956,0.20515201757866586,0.023052019170606508,12972.95238252181,25202563.6970193,11.225246827366192,0.46771861780692464,2023-06-01,2025-05-30
24,41,cvar,2023-06-01,2025-05-30,501,1000000.0,1453931.0093549066,0.4539310093549067,0.20714254798419396,0.17161715126784088,1.1825976954634951,1.7780168666523959,-0.21341238726299672,0.9706210152127853,0.5508982035928144,0.9841973392705466,0.005920306488917021,0.9475708447239778,0.05490165911031314,0.05021077795799455,0.44916848410251675,0.00476252525238996,0.20515201757866586,0.0019905304055281015,10170.167317397605,19781359.751471374,9.0680776163099,0.3778365673462458,2023-06-01,2025-05-30
24,41,median_mad_de,2023-06-01,2025-05-30,501,1000000.0,1537286.7647359911,0.5372867647359911,0.24147103226074296,0.17212403462082398,1.342657186516074,2.0326669681875837,-0.20533515879898678,1.175984832179332,0.5548902195608783,0.9789703593616239,0.035116258702163956,0.9397627292363967,0.05893923664759086,0.5243735962231688,0.44916848410251675,0.08811828063347438,0.20515201757866586,0.0363190146820771,13910.529479208108,27038651.913978204,12.308544497942314,0.5128560207475964,2023-06-01,2025-05-30
24,41,score_weighted,2023-06-01,2025-05-30,501,1000000.0,1590655.1778112876,0.5906551778112876,0.2629656616821301,0.17610657664672466,1.4137779760989182,2.1433780666112225,-0.2072721009829125,1.2686978152636614,0.5548902195608783,1.0161454465302384,0.04554593063573727,0.9533897803371334,0.05320558245630296,0.9167873873597951,0.44916848410251675,0.14148669370877087,0.20515201757866586,0.057813644103464235,14640.328268566138,28558374.157329004,11.275694672547285,0.46982061135613695,2023-06-01,2025-05-30
24,41,top_n_equal_weight,2023-06-01,2025-05-30,501,1000000.0,1548964.8443846533,0.5489648443846533,0.24620579725386404,0.169114565927705,1.3861004524138023,2.1011388462746092,-0.20387767208643648,1.2076153054635725,0.5508982035928144,0.975138842999317,0.03918952257387587,0.9527427062899501,0.05153732694513429,0.6638369856149571,0.44916848410251675,0.09979636028213656,0.20515201757866586,0.04105377967519819,12857.748173586246,25018162.35579309,10.253397097982706,0.42722487908261275,2023-06-01,2025-05-30
24,42,alpha_risk_turnover,2023-07-03,2025-06-30,500,1000000.0,1518134.2505736353,0.5181342505736353,0.23418518801021349,0.1698106884729005,1.3239762426764858,1.9876257386418879,-0.20378018092018202,1.149204927352286,0.55,0.9683944910561885,0.03680138189526601,0.9416917560334684,0.05737521367429964,0.534461473324617,0.4309131884529316,0.08722106212070369,0.19792353234268,0.03626165566753348,13015.39248026145,25285860.8507284,11.027877945388392,0.45949491439118306,2023-07-03,2025-06-30
24,42,cvar,2023-07-03,2025-06-30,500,1000000.0,1460560.2010339198,0.4605602010339198,0.2103690474251141,0.17151511305170888,1.1987809537993694,1.7978291923499379,-0.21341238726299694,0.9857396289085487,0.554,0.9851927530860225,0.014323556867082997,0.9485064656666098,0.054383738263584655,0.21051467079494685,0.4309131884529316,0.02964701258098823,0.19792353234268,0.012445515082434078,10160.743058036656,19763011.521944217,8.913246396662501,0.37138526652760423,2023-07-03,2025-06-30
24,42,median_mad_de,2023-07-03,2025-06-30,500,1000000.0,1552647.3534103096,0.5526473534103096,0.24824750019823516,0.17141078111155778,1.379323338872927,2.083572140529345,-0.20533515879898678,1.2089868176996297,0.564,0.9788840837170992,0.046370291221521545,0.9430063433693421,0.057147653305366426,0.7396701774920252,0.4309131884529316,0.12173416495737799,0.19792353234268,0.05032396785555515,14045.806146203031,27299124.46495319,12.211681497785342,0.5088200624077226,2023-07-03,2025-06-30
24,42,score_weighted,2023-07-03,2025-06-30,500,1000000.0,1591671.0127467206,0.5916710127467206,0.26396214355157355,0.17597011526827291,1.4192295674143327,2.1473454752304613,-0.20727210098291204,1.2735054177568024,0.558,1.0169798628139275,0.05228469626471277,0.9543219567474737,0.05265109533552407,1.0556573259846853,0.4309131884529316,0.16075782429378904,0.19792353234268,0.06603861120889354,14641.715709212154,28559253.43786941,11.036725956866482,0.45986358153610346,2023-07-03,2025-06-30
24,42,top_n_equal_weight,2023-07-03,2025-06-30,500,1000000.0,1548039.8171454605,0.5480398171454606,0.24637919788864893,0.16890883285185515,1.3884132960998652,2.099589913003199,-0.20387767208643615,1.208465818582595,0.554,0.9755371116539635,0.04510451934926785,0.9537024880228585,0.050959968034751994,0.7918920450406962,0.4309131884529316,0.11712662869252899,0.19792353234268,0.04845566554596892,12819.50380409829,24939001.967930663,10.00175848898429,0.41673993704101203,2023-07-03,2025-06-30
24,43,alpha_risk_turnover,2023-08-01,2025-07-31,502,1000000.0,1437842.4491412821,0.43784244914128223,0.19996841931514986,0.1695702336868719,1.159673806614681,1.7356715613762783,-0.20378018092018224,0.9812947383409901,0.5418326693227091,0.9687358396734799,0.013931922928511772,0.9402948685540095,0.057944026378089236,0.13867103974857883,0.41747075279843937,0.02037169634284286,0.19140350735715916,0.008564911957990695,13214.053441144653,25660180.70458518,11.003320049253485,0.4584716687188952,2023-08-01,2025-07-31
24,43,cvar,2023-08-01,2025-07-31,502,1000000.0,1392142.3697479353,0.39214236974793537,0.18066869466323143,0.171266695241153,1.055103939786572,1.5770293363384844,-0.2134123872629965,0.846570796476712,0.5438247011952191,0.984375804313367,-0.004959939927259913,0.9460113130925377,0.055572824006172264,-0.1422788069773481,0.41747075279843937,-0.025328383050504,0.19140350735715916,-0.010734812693927731,10393.610118320626,20215758.13538942,8.97898619669584,0.3741244248623268,2023-08-01,2025-07-31
24,43,median_mad_de,2023-08-01,2025-07-31,502,1000000.0,1517567.0980283096,0.5175670980283096,0.2329197327487289,0.17090941071063942,1.3105116522110567,1.9787938790328143,-0.20533515879898678,1.1343392632371647,0.5597609561752988,0.9795629508797684,0.039222426477371,0.9433539917450067,0.056805365228998615,0.6226132701218189,0.41747075279843937,0.10009634522987021,0.19140350735715916,0.04151622539156974,14369.989773844825,27927440.87304106,12.245147942033084,0.5102144975847118,2023-08-01,2025-07-31
24,43,score_weighted,2023-08-01,2025-07-31,502,1000000.0,1507140.9200800098,0.5071409200800099,0.22866028061004795,0.17549332068711246,1.2610529566268212,1.8994459472361283,-0.20727210098291193,1.1031888977132496,0.5517928286852589,1.0151962994573853,0.02982918168061063,0.9521332937618889,0.05370362847698121,0.6088112078242374,0.41747075279843937,0.08967016728157051,0.19140350735715916,0.037256773252888786,14805.664295330283,28873075.597967327,10.984546574853045,0.4576894406188769,2023-08-01,2025-07-31
24,43,top_n_equal_weight,2023-08-01,2025-07-31,502,1000000.0,1475427.9173986265,0.47542791739862644,0.2156134269571781,0.1684930083250604,1.2429626361768198,1.8723024550310206,-0.20387767208643637,1.0575627274465162,0.5517928286852589,0.9739310990298189,0.02573639528292123,0.9513814224052147,0.05207548173256973,0.39979493437756664,0.41747075279843937,0.05795716460018707,0.19140350735715916,0.024209919600018948,13039.213612679934,25361883.12246006,10.011181387657087,0.4171325578190453,2023-08-01,2025-07-31
24,44,alpha_risk_turnover,2023-09-01,2025-08-29,500,1000000.0,1530523.1380256268,0.5305231380256268,0.2392510894139701,0.16932040475979718,1.351524556823949,2.0380561687732657,-0.20378018092018224,1.1740645647364565,0.546,0.9633143130670039,0.028648627983059206,0.9362565724338279,0.0597907074057304,0.35163922381010154,0.47045426090283926,0.06006887712278752,0.21449453849580413,0.024756550918165976,13752.190569500613,26704676.50052069,11.216479393741185,0.4673533080725494,2023-09-01,2025-08-29
24,44,cvar,2023-09-01,2025-08-29,500,1000000.0,1481694.1688242794,0.4816941688242795,0.21916453337539687,0.17121566779190636,1.2428915191138632,1.8726793825511616,-0.21341238726299738,1.0269531969824734,0.55,0.9820191779344213,0.008723275583826039,0.9438709709847467,0.05663235319580831,0.08805168945932981,0.47045426090283926,0.01123990792144025,0.21449453849580413,0.004669994879592743,10939.40850687832,21268987.132994615,9.27490670110697,0.38645444587945704,2023-09-01,2025-08-29
24,44,median_mad_de,2023-09-01,2025-08-29,500,1000000.0,1584466.986480474,0.5844669864804739,0.2610756214057901,0.17142263154852444,1.4389363116080236,2.1809993263788146,-0.20533515879898767,1.2714608785598642,0.568,0.9812448621043383,0.04274793847449075,0.9419880691808263,0.057620103861573846,0.6742494286174865,0.47045426090283926,0.11401272557763464,0.21449453849580413,0.04658108290998597,15094.342992689068,29326402.657538228,12.55603194487472,0.5231679977031133,2023-09-01,2025-08-29
24,44,score_weighted,2023-09-01,2025-08-29,500,1000000.0,1605568.5531470934,0.6055685531470933,0.2695123851187149,0.17516678499368277,1.449963972600414,2.2015474777676505,-0.20727210098291216,1.3002829799121587,0.558,1.0106338163278383,0.043959723977687847,0.9494634064176046,0.05500879764114212,0.8393130254772765,0.47045426090283926,0.1351142922442541,0.21449453849580413,0.05501784662291076,15434.919106425756,30093415.872205727,11.221203004357477,0.46755012518156164,2023-09-01,2025-08-29
24,44,top_n_equal_weight,2023-09-01,2025-08-29,500,1000000.0,1561027.639399851,0.561027639399851,0.25163857286999214,0.16832918517632933,1.4176441850791934,2.152524757632695,-0.20387767208643648,1.2342625374067782,0.556,0.9706042292550112,0.036923872832356756,0.9488966697928147,0.05334229492206958,0.5776834972760843,0.47045426090283926,0.09057337849701175,0.21449453849580413,0.037144034374188006,13629.379443084545,26506398.473398574,10.264035155724665,0.4276681314885278,2023-09-01,2025-08-29
24,45,alpha_risk_turnover,2023-10-02,2025-09-30,501,1000000.0,1637027.957906708,0.637027957906708,0.2813534270962381,0.16896030104398732,1.5519577367832698,2.358473198737279,-0.2037801809201819,1.3806712008290967,0.5608782435129741,0.9595751985493246,0.0229867948187484,0.9275940413762818,0.06346620903992987,0.20339099807372998,0.5986642709613352,0.03836368694537273,0.26616028220264254,0.015193144893595578,13949.327167554227,27077679.61939119,11.192476845677916,0.46635320190324653,2023-10-02,2025-09-30
24,45,cvar,2023-10-02,2025-09-30,501,1000000.0,1606427.7787526103,0.6064277787526102,0.26924936161880875,0.17133982799142744,1.4772809080394764,2.2460900845768754,-0.21341238726299694,1.261638863010335,0.562874251497006,0.9806917837143241,0.008620012536031285,0.9348411489235293,0.060918667687482414,0.06248110815835399,0.5986642709613352,0.007763507791274993,0.26616028220264254,0.003089079416166207,11050.40341607406,21474954.02054253,9.182465424471404,0.38260272601964185,2023-10-02,2025-09-30
24,45,median_mad_de,2023-10-02,2025-09-30,501,1000000.0,1728117.019610226,0.728117019610226,0.316733456488959,0.17104356738665605,1.6945013576696302,2.5916620659424314,-0.20533515879898712,1.5425193539262572,0.5828343313373253,0.9809565090743576,0.0452705141260148,0.9367131512908435,0.059962701088751076,0.6757995488480152,0.5986642709613352,0.12945274864889078,0.26616028220264254,0.05057317428631647,15506.930064604096,30111054.66250366,12.553514512331276,0.5230631046804698,2023-10-02,2025-09-30
24,45,score_weighted,2023-10-02,2025-09-30,501,1000000.0,1755421.061648002,0.7554210616480019,0.32715709430105444,0.1744722762651604,1.7098230852500047,2.616749205178042,-0.20727210098291227,1.5783942592834799,0.5748502994011976,1.0078764800335993,0.047042243414422286,0.9435056249960305,0.05782683578485527,0.8474600800008338,0.5986642709613352,0.1567567906866667,0.26616028220264254,0.0609968120984119,15539.151894731618,30293102.744440094,11.067318929315622,0.46113828872148427,2023-10-02,2025-09-30
24,45,top_n_equal_weight,2023-10-02,2025-09-30,501,1000000.0,1706744.191191032,0.7067441911910322,0.30851688702008606,0.16736635039768116,1.6906280151050066,2.588510067114004,-0.2038776720864367,1.51324509379961,0.5728542914171657,0.9674224488237974,0.04176538500085959,0.9440861472385965,0.05543643957058389,0.6068833102368595,0.5986642709613352,0.10807992022969692,0.26616028220264254,0.04235660481744352,13711.826414543786,26662790.60171223,10.101606956891656,0.42090028987048567,2023-10-02,2025-09-30
24,46,alpha_risk_turnover,2023-11-01,2025-10-31,502,1000000.0,1693202.2350339566,0.6932022350339566,0.3025968146471507,0.1687523360983508,1.6512177195023685,2.5045529175952477,-0.20378018092018224,1.484917783862767,0.5697211155378487,0.9616638179058257,0.017398535929636,0.9291495698618614,0.06270075650023679,0.11138653990010751,0.6730929930200029,0.0201092420139537,0.2948077772101647,0.007789037436986002,14092.461137284521,27341866.629321735,11.071840398621244,0.4613266832758853,2023-11-01,2025-10-31
24,46,cvar,2023-11-01,2025-10-31,502,1000000.0,1680128.8304644136,0.6801288304644135,0.2975382873300749,0.17165581640986602,1.6034342567405002,2.4384283493909793,-0.21341238726299694,1.3941940819180574,0.5717131474103586,0.9828651210219813,0.008230898810882594,0.9335714188322667,0.06158337481904467,0.058067443583748955,0.6730929930200029,0.007035837444410609,0.2948077772101647,0.002730510119910212,10817.118219600836,21022778.10753441,8.825691606754075,0.3677371502814198,2023-11-01,2025-10-31
24,46,median_mad_de,2023-11-01,2025-10-31,502,1000000.0,1791742.7174814134,0.7917427174814133,0.34011589127096764,0.170990950740552,1.79804334805728,2.746983786463619,-0.205335158798987,1.6563938356213235,0.5876494023904383,0.9851537492263385,0.039819488759048324,0.9393837321362936,0.05867721096050807,0.6098843778343445,0.6730929930200029,0.11864972446141042,0.2948077772101647,0.04530811406080293,15864.04032965826,30799936.687324375,12.503927749973696,0.5209969895822374,2023-11-01,2025-10-31
24,46,score_weighted,2023-11-01,2025-10-31,502,1000000.0,1839566.9795034656,0.8395669795034655,0.3579542060404013,0.17474733209218354,1.8388549582271656,2.8115299022434876,-0.20727210098291204,1.7269772648751787,0.5856573705179283,1.0111768765453901,0.04663582891511844,0.943471364279063,0.05794937146427536,0.8571649621422934,0.6730929930200029,0.16647398648346257,0.2948077772101647,0.06314642883023658,15510.751941433531,30232654.226496264,10.821386848784073,0.45089111869933635,2023-11-01,2025-10-31
24,46,top_n_equal_weight,2023-11-01,2025-10-31,502,1000000.0,1793318.9220299236,0.7933189220299237,0.3407075632586851,0.16730813142235576,1.836598311767699,2.8103400380866956,-0.20387767208643615,1.6711372058154483,0.5836653386454184,0.9690699671674529,0.044017544624423366,0.9443875066076662,0.05524736216712175,0.6446462430230964,0.6730929930200029,0.1202259290099208,0.2948077772101647,0.04589978604852041,13717.980258036408,26670804.136908136,9.889767206379382,0.4120736335991409,2023-11-01,2025-10-31
24,47,alpha_risk_turnover,2023-12-01,2025-11-28,500,1000000.0,1591893.0736616063,0.5918930736616064,0.2640510162558378,0.16829337577345121,1.4766097997113707,2.219312968370732,-0.20378018092018213,1.295763970095124,0.566,0.951246705172203,0.02994487447294848,0.927653240861505,0.06335522644094987,0.29584458253115253,0.5360471686694923,0.05584590499211406,0.24150334574470467,0.022547670511133155,14368.2812689511,27869524.81577865,10.983821159924567,0.45765921499685697,2023-12-01,2025-11-28
24,47,cvar,2023-12-01,2025-11-28,500,1000000.0,1559827.9314392088,0.5598279314392087,0.2511536672447541,0.17186592792487249,1.3896800441652903,2.091239506071584,-0.21341238726299672,1.1768467166587067,0.562,0.9771482077302669,0.014328738663206648,0.9331042665164078,0.06191769529922465,0.14661887670845383,0.5360471686694923,0.023780762769716413,0.24150334574470467,0.009650321500049408,10649.76971377782,20692299.509955592,8.452456133233122,0.35218567221804675,2023-12-01,2025-11-28
24,47,median_mad_de,2023-12-01,2025-11-28,500,1000000.0,1668972.7588565191,0.6689727588565191,0.2945368606833283,0.17095276439618254,1.5957831562826121,2.4143092383168954,-0.20533515879898712,1.4344200107087612,0.578,0.9774908535230306,0.04821490388106682,0.9384174976785253,0.05918017444844823,0.7273245638178373,0.5360471686694923,0.13292559018702677,0.24150334574470467,0.05303351493862363,15897.811120713102,30862044.78372525,12.197366709802342,0.5082236129084309,2023-12-01,2025-11-28
24,47,score_weighted,2023-12-01,2025-11-28,500,1000000.0,1691973.4639049408,0.6919734639049409,0.30349793631947475,0.1748390809482234,1.603642928343116,2.420845990040106,-0.2072721009829125,1.464248853947281,0.576,1.0047097269619334,0.049536999881811324,0.9431084033145091,0.05813658000394964,0.870692916253283,0.5360471686694923,0.15592629523544854,0.24150334574470467,0.06199459057477008,15628.156385218437,30448960.19979026,10.560865696775377,0.44003607069897405,2023-12-01,2025-11-28
24,47,top_n_equal_weight,2023-12-01,2025-11-28,500,1000000.0,1655598.63463269,0.6555986346326901,0.28929812186257764,0.16733070626937344,1.6024685366944849,2.4204203823959363,-0.20387767208643648,1.4189789342892147,0.572,0.9621906135287085,0.047068942413258,0.9437239882611732,0.055688764593039494,0.6892206161157696,0.5360471686694923,0.11955146596319777,0.24150334574470467,0.04779477611787297,13821.161153147164,26860536.747050956,9.67564235436609,0.40315176476525366,2023-12-01,2025-11-28
24,48,alpha_risk_turnover,2024-01-02,2025-12-31,502,1000000.0,1513059.1344105355,0.5130591344105355,0.23107986875314213,0.16719617731236744,1.326990660693931,1.9826736766023743,-0.20378018092018213,1.1339663538901896,0.5677290836653387,0.9482733130803939,0.025768168639380997,0.9283091589093597,0.06273896585441809,0.24022186048127955,0.47015170643363446,0.04290742797690106,0.2134292706996228,0.017650598053519317,14297.431341400319,27723511.49119383,10.669112806823673,0.44454636695098637,2024-01-02,2025-12-31
24,48,cvar,2024-01-02,2025-12-31,502,1000000.0,1479077.6040963393,0.47907760409633937,0.21712198715471454,0.17081528296475326,1.2356005654258462,1.8484658603008448,-0.21341238726299727,1.017382308212249,0.5617529880478087,0.9751355486003602,0.009404846911566917,0.9343803888927411,0.06099347875593078,0.06989215251462015,0.47015170643363446,0.008925897662704907,0.2134292706996228,0.003692716455091727,10633.277147956378,20652843.73949213,8.283083416449488,0.3451284756853954,2024-01-02,2025-12-31
24,48,median_mad_de,2024-01-02,2025-12-31,502,1000000.0,1586845.8851768763,0.5868458851768763,0.26085994021057957,0.17011428791244584,1.447711992438429,2.1799439281697155,-0.20533515879898678,1.2704104924668496,0.5776892430278885,0.9764335187966698,0.044353465706097966,0.9394795656227323,0.058409498846638624,0.6759174582992548,0.47015170643363446,0.11669417874324184,0.2134292706996228,0.04743066951095676,16023.17843759469,31091612.653895646,11.955608634883582,0.49815035978681593,2024-01-02,2025-12-31
24,48,score_weighted,2024-01-02,2025-12-31,502,1000000.0,1603630.4457341777,0.6036304457341777,0.2675372198211772,0.1738615425262634,1.4506191000354212,2.175877230755685,-0.2072721009829117,1.290753644858523,0.5756972111553785,1.0032229565572963,0.044743883536596835,0.9444508973155462,0.05714247534578087,0.7946869536262207,0.47015170643363446,0.13347873930054321,0.2134292706996228,0.054107949121554366,15622.606486313674,30431445.083025,10.29716231080091,0.4290484296167047,2024-01-02,2025-12-31
24,48,top_n_equal_weight,2024-01-02,2025-12-31,502,1000000.0,1563186.885269376,0.563186885269376,0.2513878306566335,0.16622247691304623,1.4323300761709734,2.1485846621296756,-0.20387767208643615,1.2330326714249265,0.5697211155378487,0.9599704473705629,0.03956692949115046,0.9452649712402673,0.05463330596058183,0.5727084929795064,0.47015170643363446,0.09303517883574153,0.2134292706996228,0.037958559957010696,13867.372187761663,26940815.84416068,9.468061861926314,0.394502577580263,2024-01-02,2025-12-31
24,49,alpha_risk_turnover,2024-02-01,2026-01-30,501,1000000.0,1528883.0747063565,0.5288830747063564,0.23805276727734825,0.16793260022630893,1.355567370462959,2.025946478206989,-0.20378018092018213,1.1681841001534405,0.564870259481038,0.948045451246325,0.03180435306667271,0.9232367596242141,0.06508200538084702,0.32377613979209724,0.4684315928868217,0.06045148181953475,0.21318329563170413,0.024869471645644126,14434.169873427652,27985854.320780747,10.644405805931367,0.4435169085804736,2024-02-01,2026-01-30
24,49,cvar,2024-02-01,2026-01-30,501,1000000.0,1494655.0160136665,0.49465501601366646,0.22403281155024302,0.1712010220438099,1.2663034794507586,1.8922540704782271,-0.21341238726299705,1.0497647977394957,0.564870259481038,0.9736528732061743,0.015663074501260234,0.9300723607993857,0.06304262872238124,0.16212041399739813,0.4684315928868217,0.02622342312684478,0.21318329563170413,0.010849515918538888,10641.411925087988,20665903.627208445,8.169000822136905,0.34037503425570437,2024-02-01,2026-01-30
24,49,median_mad_de,2024-02-01,2026-01-30,501,1000000.0,1615447.3874825337,0.6154473874825337,0.27282893751126225,0.17101088133526368,1.4963188286556437,2.2513486889156566,-0.20533515879898745,1.3287005455229794,0.5788423153692615,0.9780910810968654,0.053840616977555905,0.9353507424231362,0.060596266071010645,0.8138265278179831,0.4684315928868217,0.147015794595712,0.21318329563170413,0.05964564187955812,16431.27413497574,31875293.57864552,12.012346216080534,0.5005144256700222,2024-02-01,2026-01-30
24,49,score_weighted,2024-02-01,2026-01-30,501,1000000.0,1614709.5119861367,0.6147095119861368,0.2725364735020599,0.1744259186423355,1.4690820076187094,2.199671624751152,-0.20727210098291227,1.3148729240918346,0.5788423153692615,1.0029799623010793,0.04905844927627548,0.9403730614297884,0.059332075895660405,0.8372204268653839,0.4684315928868217,0.1462779190993151,0.21318329563170413,0.05935317787035577,16024.384037159945,31206117.40659334,10.36919299678193,0.4320497081992471,2024-02-01,2026-01-30
24,49,top_n_equal_weight,2024-02-01,2026-01-30,501,1000000.0,1586790.8522045792,0.5867908522045793,0.26142142290220804,0.1666832125233416,1.4767894012603626,2.2139945846710387,-0.2038776720864367,1.2822464580200568,0.5728542914171657,0.9594878625117634,0.047952720145182745,0.9413834630655747,0.056617617524752424,0.6991472004901657,0.4684315928868217,0.11835925931775759,0.21318329563170413,0.04823812727050392,14110.212462504438,27396865.204760373,9.463556670576263,0.394314861274011,2024-02-01,2026-01-30
24,50,alpha_risk_turnover,2024-03-01,2026-02-27,500,1000000.0,1470389.179370267,0.47038917937026703,0.21446744674196494,0.16836042695981462,1.2382067668912013,1.8454371442578636,-0.20378018092018224,1.0524450698469483,0.558,0.9485363766585541,0.04058983429990581,0.9234134381596601,0.06516607500449824,0.48309841677495174,0.38353895297091123,0.0868502263993558,0.17776775791639166,0.036699688825573284,14768.098162009024,28615689.223924644,10.713303524957755,0.4463876468732398,2024-03-01,2026-02-27
24,50,cvar,2024-03-01,2026-02-27,500,1000000.0,1401003.5399658405,0.4010035399658405,0.1852374712901017,0.17176474344403747,1.0750533301538894,1.5984293220840937,-0.21341238726299716,0.8679790037765038,0.554,0.9738520809335206,0.012300614583667161,0.9292684437305272,0.06359534926518644,0.12065138811208306,0.38353895297091123,0.017464586994929254,0.17776775791639166,0.007469713373710052,10874.02507714217,21101393.84224826,8.199781136492838,0.3416575473538683,2024-03-01,2026-02-27
24,50,median_mad_de,2024-03-01,2026-02-27,500,1000000.0,1509365.3770027088,0.5093653770027089,0.23058713166096445,0.17162478050511218,1.2947361567569833,1.941174095200543,-0.205335158798987,1.1229792939975656,0.572,0.9806611865739461,0.04864806524196629,0.9365289567047752,0.06025340050242423,0.7505869554599937,0.38353895297091123,0.12582642403179767,0.17776775791639166,0.052819373744572795,16391.270975279665,31788614.44473389,11.794017547711864,0.4914173978213277,2024-03-01,2026-02-27
24,50,score_weighted,2024-03-01,2026-02-27,500,1000000.0,1518698.249938261,0.5186982499382611,0.2344162557386371,0.17519481559974984,1.2896336044649033,1.9236610448670515,-0.20727210098291227,1.1309590370677174,0.566,1.0060628543768193,0.0478807047147598,0.9412090233024358,0.059193489608533184,0.82701205103794,0.38353895297091123,0.13515929696734985,0.17776775791639166,0.05664849782224546,16314.852104955298,31756525.437301617,10.361333852021774,0.4317222438342407,2024-03-01,2026-02-27
24,50,top_n_equal_weight,2024-03-01,2026-02-27,500,1000000.0,1487503.0045370325,0.48750300453703255,0.2215711213961944,0.16725787043956336,1.2801862993446371,1.9107401141669433,-0.2038776720864367,1.0867846347698944,0.564,0.9613013421686816,0.043986861657589534,0.9420093288774222,0.056486750490715165,0.6574611142513914,0.38353895297091123,0.10396405156612132,0.17776775791639166,0.04380336347980274,14402.409536331741,27948935.180834245,9.479716140232139,0.3949881725096724,2024-03-01,2026-02-27
24,51,alpha_risk_turnover,2024-04-01,2026-03-31,502,1000000.0,1387488.5959889549,0.3874885959889549,0.17868575982085866,0.1695152604331189,1.0543665319106699,1.5651693088981877,-0.20378018092018202,0.8768554381196054,0.5537848605577689,0.9392408726628706,0.05173071292228363,0.9244055815288963,0.06544481120300136,0.6649129062016492,0.2735718635264457,0.11391673246250922,0.12907018162946104,0.049615578191397613,15008.355005607718,29085500.26872251,10.777097207813961,0.44904571699224843,2024-04-01,2026-03-31
24,51,cvar,2024-04-01,2026-03-31,502,1000000.0,1323760.5274570992,0.32376052745709916,0.15119093664356154,0.17330987139579,0.8987110542986131,1.3324902180242102,-0.21341238726299716,0.7084449903896277,0.545816733067729,0.9668447735510897,0.025022500606235693,0.9307388256264324,0.0636176933002756,0.32285640269171456,0.2735718635264457,0.050188663930653465,0.12907018162946104,0.02212075501410049,11067.184649060815,21471025.934476156,8.262291605418232,0.3442621502257597,2024-04-01,2026-03-31
24,51,median_mad_de,2024-04-01,2026-03-31,502,1000000.0,1414160.788773084,0.41416078877308404,0.19000611742970008,0.17361606474063085,1.0885546480353885,1.6254386747749292,-0.205335158798987,0.9253462414379152,0.5617529880478087,0.9773237007846293,0.05684065775328555,0.9391671633034886,0.059750136023568795,0.8999888567587405,0.2735718635264457,0.14058892524663835,0.12907018162946104,0.06093593580023904,16683.975170787497,32344997.47771313,11.852401815142972,0.4938500756309572,2024-04-01,2026-03-31
24,51,score_weighted,2024-04-01,2026-03-31,502,1000000.0,1415904.1846792817,0.4159041846792817,0.19074234146588998,0.17703818271210553,1.0744011133247133,1.5942672748871833,-0.2072721009829125,0.920250919257169,0.5617529880478087,1.0006548768916985,0.05490535306004955,0.9430001249858853,0.05891705844228606,0.9334122311069792,0.2735718635264457,0.142332321152836,0.12907018162946104,0.06167215983642893,16549.17804566684,32207633.57749729,10.370239409416172,0.4320933087256739,2024-04-01,2026-03-31
24,51,top_n_equal_weight,2024-04-01,2026-03-31,502,1000000.0,1383851.3423976551,0.38385134239765506,0.17713364878653604,0.16923678425471694,1.0480529733674908,1.5551905984245518,-0.20387767208643648,0.8688231868344957,0.5577689243027888,0.9577428968685252,0.04786683873329484,0.9441664237800322,0.05620219847533403,0.7500239928125411,0.2735718635264457,0.11027947887120937,0.12907018162946104,0.04806346715707499,14619.350512906112,28364966.325419776,9.506605600441462,0.39610856668506095,2024-04-01,2026-03-31
24,52,alpha_risk_turnover,2024-05-01,2026-04-30,501,1000000.0,1561148.9982144332,0.5611489982144331,0.25112687198614214,0.16892334526492123,1.410811161724897,2.1312342141725584,-0.20378018092018213,1.2323419816989223,0.564870259481038,0.9324017629386726,0.04583435597451306,0.9206266038824659,0.0669118763813394,0.47643870075643946,0.4664926162277123,0.09465638198672077,0.21237726661701362,0.038749605369128526,15459.364613960648,29941596.48525408,10.901987264287966,0.4542494693453319,2024-05-01,2026-04-30
24,52,cvar,2024-05-01,2026-04-30,501,1000000.0,1512118.8942178995,0.5121188942178996,0.23120579929489704,0.17296848486008207,1.288888657733994,1.9472409576789602,-0.21341238726299672,1.0833757227502112,0.5548902195608783,0.9614530413864554,0.02445520090931381,0.9271098699846217,0.06514483234568284,0.2532447188856504,0.4664926162277123,0.04562627799018726,0.21237726661701362,0.018828532677883425,11459.504999483044,22221530.373583455,8.452282919893644,0.3521784549955685,2024-05-01,2026-04-30
24,52,median_mad_de,2024-05-01,2026-04-30,501,1000000.0,1654963.060582386,0.6549630605823862,0.2883955232009192,0.17381669994828267,1.544901294149857,2.3512644750212255,-0.20533515879898712,1.4045111654903877,0.5788423153692615,0.9777965455979375,0.06667378193705846,0.9382684359472508,0.06023852951557572,1.0307374975271633,0.4664926162277123,0.18847044435467386,0.21237726661701362,0.0760182565839056,17079.087598689563,33094516.70603803,11.963774526575381,0.49849060527397415,2024-05-01,2026-04-30
24,52,score_weighted,2024-05-01,2026-04-30,501,1000000.0,1616221.743220447,0.6162217432204471,0.2731357894238142,0.17682386512519796,1.4541644182330584,2.194741268423683,-0.20727210098291193,1.3177643692931558,0.5728542914171657,0.9974442242589501,0.05121905258392865,0.9408444960684811,0.05991627706492999,0.8460378700968442,0.4664926162277123,0.14972912699273477,0.21237726661701362,0.06075852280680061,17104.53560786802,33275585.01445953,10.54969384924813,0.43957057705200536,2024-05-01,2026-04-30
24,52,top_n_equal_weight,2024-05-01,2026-04-30,501,1000000.0,1570104.708843983,0.570104708843983,0.2547318454821872,0.16910123354355247,1.426557695343049,2.154445491079496,-0.20387767208643637,1.2494347364050271,0.5668662674650699,0.9552681234623456,0.044027560202435104,0.9422119725232125,0.05714101020604766,0.6088994988141796,0.4664926162277123,0.10361209261627069,0.21237726661701362,0.042354578865173576,15192.238217142609,29470377.217753597,9.746947802940435,0.406122825122518,2024-05-01,2026-04-30
24,53,alpha_risk_turnover,2024-06-03,2026-05-29,499,1000000.0,1549235.9961814384,0.5492359961814384,0.24741592024674963,0.1694567490878506,1.3893511340262379,2.1013522238260545,-0.20378018092018213,1.2141314191082155,0.561122244488978,0.9287960743364007,0.04201609030473153,0.9158736559297019,0.06906383310817346,0.39366622775718296,0.46934890582575295,0.07988709035568542,0.21450628394299054,0.03290963630375909,15938.577571362464,30874494.890371256,10.936168755430092,0.4556736981429205,2024-06-03,2026-05-29
24,53,cvar,2024-06-03,2026-05-29,499,1000000.0,1547721.4487821192,0.5477214487821191,0.24679991886610964,0.17386328168815984,1.3555963459079516,2.0537061976786557,-0.21341238726299694,1.1564460809014232,0.5551102204408818,0.9629343577051818,0.03516040391504503,0.9254711322171365,0.06615314494371899,0.4148193031173682,0.46934890582575295,0.0783725429563662,0.21450628394299054,0.0322936349231191,11875.409586497,23030748.831107628,8.577918073476663,0.35741325306152766,2024-06-03,2026-05-29
24,53,median_mad_de,2024-06-03,2026-05-29,499,1000000.0,1640203.3080137249,0.6402033080137248,0.2838831036565641,0.17489046207701847,1.516397828170857,2.308704784073952,-0.20533515879898734,1.3825352916519826,0.5751503006012024,0.9796906765445305,0.06118604118750306,0.9360454064969417,0.0616338239363426,0.9241141529812678,0.46934890582575295,0.17085440218797188,0.21450628394299054,0.06937681971357357,17205.556740602762,33338042.757082555,11.749674607921763,0.48956977533007356,2024-06-03,2026-05-29
24,53,score_weighted,2024-06-03,2026-05-29,499,1000000.0,1618483.569592252,0.6184835695922519,0.27526894562600224,0.17745335467200107,1.45907193560441,2.2045042076455252,-0.20727210098291227,1.3280559434706347,0.5711422845691383,0.9969479210635767,0.051305967578200676,0.9387767490186703,0.06113943469970105,0.8287675878946523,0.46934890582575295,0.14913466376649898,0.21450628394299054,0.0607626616830117,17655.946741856846,34342710.79557804,10.577821861809152,0.4407425775753813,2024-06-03,2026-05-29
24,53,top_n_equal_weight,2024-06-03,2026-05-29,499,1000000.0,1573635.6362658897,0.5736356362658896,0.25729904270419524,0.1697450843891243,1.4338364387811318,2.1675006718326357,-0.20387767208643692,1.2620265871738496,0.5651302605210421,0.9552764211635721,0.044453402864854566,0.9403854877781337,0.05821376928897191,0.6036348422520545,0.46934890582575295,0.1042867304401367,0.21450628394299054,0.0427927587612047,15628.152666160127,30314245.55362829,9.775622419490526,0.40731760081210516,2024-06-03,2026-05-29
24,54,alpha_risk_turnover,2024-07-01,2026-06-30,501,1000000.0,1456770.494019009,0.45677049401900893,0.20832778848546907,0.17110832415465957,1.191384548336539,1.780628354772555,-0.20378018092018235,1.022316240690099,0.5548902195608783,0.9188758335906393,0.033567349435140705,0.9136360582696331,0.07091721535718586,0.26133580421526914,0.40466835922261146,0.05210213479639747,0.1863934427237346,0.021934345761734475,16324.39798084733,31614826.94028097,11.05380246693014,0.46057510278875585,2024-07-01,2026-06-30
24,54,cvar,2024-07-01,2026-06-30,501,1000000.0,1441432.0855228072,0.4414320855228071,0.2019115930606954,0.17703379892299137,1.1272118289465245,1.6765222728431721,-0.21341238726299716,0.9461099969416075,0.5508982035928144,0.9645844958613571,0.020795279806916204,0.9269826969727901,0.06667889507943495,0.2134406437124988,0.40466835922261146,0.03676372630019564,0.1863934427237346,0.015518150336960801,12264.028905034982,23774475.314853363,8.71332519180925,0.36305521632538545,2024-07-01,2026-06-30
24,54,median_mad_de,2024-07-01,2026-06-30,501,1000000.0,1540970.2143105045,0.5409702143105044,0.2429663754793958,0.17741475728947786,1.3146319378671003,1.9680523680731314,-0.20533515879898723,1.1832672831117423,0.5728542914171657,0.9789266320718363,0.05181787166139909,0.938745659330651,0.06124406919135076,0.7823206529671674,0.40466835922261146,0.13630185508789294,0.1863934427237346,0.05657293275566122,17661.212104635975,34215792.981048174,11.767523971218314,0.4903134988007631,2024-07-01,2026-06-30
24,54,score_weighted,2024-07-01,2026-06-30,501,1000000.0,1524751.2511084022,0.5247512511084023,0.23636869227597535,0.17979205765711687,1.2699802148002484,1.8926859991091334,-0.2072721009829125,1.1403787154908107,0.5708582834331337,0.9928392302304051,0.044336802535755504,0.9394982292761271,0.061600493243806474,0.6982046369497973,0.40466835922261146,0.1200828918857908,0.1863934427237346,0.04997524955224075,18069.63011107086,35140163.62599321,10.629242616472686,0.44288510901969524,2024-07-01,2026-06-30
24,54,top_n_equal_weight,2024-07-01,2026-06-30,501,1000000.0,1488728.1191586584,0.4887281191586583,0.22158898219884948,0.1719777589675945,1.2497753651425199,1.8641620669969015,-0.20387767208643692,1.08687224025642,0.564870259481038,0.9521415194140423,0.03848021886908088,0.9419259409843183,0.058324824076259774,0.5076905245330487,0.40466835922261146,0.08405975993604686,0.1863934427237346,0.03519553947511489,15942.374046926661,30919217.70602841,9.795606573371682,0.4081502738904867,2024-07-01,2026-06-30
36,1,alpha_risk_turnover,2020-02-03,2023-01-31,755,1000000.0,1789218.083436174,0.7892180834361742,0.2143185911165646,0.2659482035069771,0.864434585268592,1.2087877833950813,-0.3417954255229526,0.6270376228372677,0.5483443708609271,1.0340698437896714,0.10191288378651044,0.974900136814652,0.05982442074503364,1.7740171344288285,0.31802824697755794,0.47118983645861623,0.0965485194134752,0.1177700717030894,14317.067612823856,27751907.35221746,19.800599266499006,0.550016646291639,2020-02-03,2023-01-31
36,1,cvar,2020-02-03,2023-01-31,755,1000000.0,1766045.0292507624,0.7660450292507623,0.20904642096697823,0.26188664066010076,0.8569389769351207,1.2007609735886202,-0.32628748886586467,0.6406816935997086,0.5470198675496689,1.0173394152124953,0.09850957484153128,0.9740019924142869,0.05948673304145241,1.692067915506308,0.31802824697755794,0.4480167822732044,0.0965485194134752,0.11249790155350303,12207.297159804642,23642431.23000447,17.203018438574567,0.4778616232937379,2020-02-03,2023-01-31
36,1,median_mad_de,2020-02-03,2023-01-31,755,1000000.0,1788384.2082872568,0.7883842082872567,0.21412966525058774,0.26103858397679225,0.8748924454090318,1.2318142570184325,-0.3273252082835365,0.6541801848182245,0.5483443708609271,1.0139395924386951,0.10289017001205032,0.9739007404705898,0.05935205575375894,1.762624835997013,0.31802824697755794,0.4703559613096988,0.0965485194134752,0.11758114583711254,16428.660538074888,31844589.206497412,23.008810240878038,0.6391336178021676,2020-02-03,2023-01-31
36,1,score_weighted,2020-02-03,2023-01-31,755,1000000.0,1850112.733804496,0.850112733804496,0.22795946904525022,0.27775183481364096,0.8794469198877143,1.2346532776474153,-0.3434979632110362,0.6636413995421506,0.5470198675496689,1.0836879331811127,0.11014505780038644,0.9782607301092798,0.06130278613206781,1.96569724935341,0.31802824697755794,0.5320844868269381,0.0965485194134752,0.13141094963177502,14490.014807997279,28212449.537848137,19.54816811913463,0.543004669975962,2020-02-03,2023-01-31
36,1,top_n_equal_weight,2020-02-03,2023-01-31,755,1000000.0,1825107.7953586113,0.8251077953586112,0.22239490906716042,0.27151604713408933,0.8764966788981278,1.232660857873038,-0.3371349201378667,0.659661446450623,0.5536423841059602,1.0623645969872177,0.10649906438311518,0.9810370433098105,0.05489929013861104,2.08049385975093,0.31802824697755794,0.5070795483810533,0.0965485194134752,0.12584638965368522,13451.183206479984,26132055.397208333,18.37975744287724,0.5105488178577011,2020-02-03,2023-01-31
36,2,alpha_risk_turnover,2020-03-02,2023-02-28,755,1000000.0,1835435.199002521,0.8354351990025211,0.22469927229823106,0.2627062396013355,0.9041982413404022,1.2732018670834264,-0.2851532917190547,0.787994664005543,0.5456953642384106,1.0297403167381025,0.08912672830508435,0.9748411961842469,0.0590226338608924,1.582665138303253,0.4030807691899094,0.43235442981261163,0.11967632290698482,0.10502294939124623,14236.838295730176,27586228.301742263,19.26825175236533,0.5352292153434814,2020-03-02,2023-02-28
36,2,cvar,2020-03-02,2023-02-28,755,1000000.0,1826610.7010115858,0.8266107010115857,0.22273079299906384,0.2591251198714892,0.9067018541779738,1.2798008587734,-0.2721287395861499,0.8184758189737332,0.5456953642384106,1.0136979142380667,0.08884955367724744,0.9729165296693283,0.059995308882042186,1.5138478906064619,0.4030807691899094,0.4235299318216763,0.11967632290698482,0.10305447009207902,12065.60869146977,23358723.460271724,16.609837443708216,0.4613843734363394,2020-03-02,2023-02-28
36,2,median_mad_de,2020-03-02,2023-02-28,755,1000000.0,1853289.2023856374,0.8532892023856375,0.22866276120513218,0.2574726619404473,0.9295923118367718,1.3199275647803177,-0.26708352987197614,0.8561469938439836,0.5470198675496689,1.0084384304506402,0.09400295956682762,0.9740804114067905,0.05827863403024675,1.6338603980382032,0.4030807691899094,0.4502084331957281,0.11967632290698482,0.10898643829814736,16437.264049073856,31847433.333247334,22.571135688011324,0.6269759913336477,2020-03-02,2023-02-28
36,2,score_weighted,2020-03-02,2023-02-28,755,1000000.0,1928757.0767701408,0.9287570767701407,0.2451407918127957,0.27469174476519015,0.9367183079202702,1.3256837576209433,-0.2822465215611675,0.8685343240259195,0.5417218543046357,1.0809522282289377,0.10151605478695222,0.9786726199586272,0.05991284426712676,1.8891330045569426,0.4030807691899094,0.5256763075802313,0.11967632290698482,0.12546446890581087,14549.675246586152,28323136.959156908,19.149681628697927,0.5319356007971645,2020-03-02,2023-02-28
36,2,top_n_equal_weight,2020-03-02,2023-02-28,755,1000000.0,1908133.6558967093,0.9081336558967092,0.24068106166848846,0.26837746159642895,0.9388867721856061,1.33183152624885,-0.27484939447450074,0.8756834342992076,0.5483443708609271,1.0590282253396595,0.09934312396511637,0.9813818899135125,0.05359607177774981,2.012285419697588,0.4030807691899094,0.5050528867067998,0.11967632290698482,0.12100473876150364,13468.940255557774,26159096.950134628,17.9436284849414,0.49843412458170555,2020-03-02,2023-02-28
36,3,alpha_risk_turnover,2020-04-01,2023-03-31,756,1000000.0,2135484.020466321,1.135484020466321,0.2877516311828099,0.20758126097619456,1.3225825619108469,1.9525207995055502,-0.20972156102658113,1.3720650836960862,0.5502645502645502,1.0002362372901152,0.08486947704784603,0.9659137538521847,0.05373535630432548,1.5802309754357546,0.6627314929301311,0.4727525275361899,0.18469723324946563,0.10305439793334426,14459.76330345125,28010794.79945711,19.275821076810406,0.5354394743558445,2020-04-01,2023-03-31
36,3,cvar,2020-04-01,2023-03-31,756,1000000.0,2068551.7844295292,1.0685517844295291,0.2741546177452827,0.20995306546251624,1.2594454874262948,1.844309646288008,-0.22819415460527503,1.2014094673875806,0.5502645502645502,1.0069985958147187,0.07346822213397232,0.9614585291127091,0.057743638273581366,1.2953004290326502,0.6627314929301311,0.405820291499398,0.18469723324946563,0.08945738449581708,12402.202560554664,24001838.87037276,16.78930540550374,0.4663695945973261,2020-04-01,2023-03-31
36,3,median_mad_de,2020-04-01,2023-03-31,756,1000000.0,2061486.8612873352,1.0614868612873352,0.27270238237863564,0.20439640357538255,1.2824285075926516,1.885334176587155,-0.2081396944447892,1.3101892126154353,0.5515873015873016,0.9821679168052626,0.07587617491242704,0.9632442051977416,0.05502268006785918,1.317542025700464,0.6627314929301311,0.39875536835720404,0.18469723324946563,0.08800514912917001,16897.192516153296,32725343.424665775,22.862422998971184,0.6350673055269773,2020-04-01,2023-03-31
36,3,score_weighted,2020-04-01,2023-03-31,756,1000000.0,2264797.7299132287,1.2647977299132287,0.3132370907830859,0.22201974614737768,1.3389229950345656,1.9725074086487684,-0.23146670566916605,1.3532706134885497,0.544973544973545,1.0758978783069142,0.09324581708358928,0.9714117690102967,0.05485960554848317,1.9620677355203764,0.6627314929301311,0.6020662369830976,0.18469723324946563,0.1285398575336203,14886.044180362715,28970032.529613808,19.264687855103432,0.5351302181973173,2020-04-01,2023-03-31
36,3,top_n_equal_weight,2020-04-01,2023-03-31,756,1000000.0,2207991.086220269,1.207991086220269,0.3021642620050684,0.21594845819150152,1.3311694950745778,1.9603370959287651,-0.22702982056315513,1.330945253163394,0.5515873015873016,1.0500334830201221,0.08834711518823733,0.9747134338585304,0.04928680744449402,1.9850122920760753,0.6627314929301311,0.5452595932901378,0.18469723324946563,0.11746702875560278,13806.792591442767,26807695.42479471,18.100080384460306,0.502780010679453,2020-04-01,2023-03-31
36,4,alpha_risk_turnover,2020-05-01,2023-04-28,754,1000000.0,1853898.9656490297,0.8538989656490297,0.2291334992437204,0.1965343588862041,1.1484949379197595,1.650811022885771,-0.20972156102658135,1.0925605270250618,0.5503978779840849,0.9946575287294602,0.07314932885212093,0.9616109608422321,0.05394180306431172,1.340886828937114,0.4989513330056281,0.35494763264340157,0.1448570711206596,0.0842764281230608,14812.717957675655,28688815.964191105,19.33151603381236,0.5369865564947878,2020-05-01,2023-04-28
36,4,cvar,2020-05-01,2023-04-28,754,1000000.0,1802100.5275364702,0.8021005275364703,0.217547250368596,0.19970337745774122,1.0859738787555546,1.5533898288268106,-0.2281941546052756,0.9533427827934667,0.5490716180371353,1.0058543339750017,0.06258579873597156,0.9570045414874204,0.057939223576166404,1.095696221832471,0.4989513330056281,0.3031491945308422,0.1448570711206596,0.07269017924793642,12697.57719995175,24567671.839972094,16.67528228381166,0.46320228566143506,2020-05-01,2023-04-28
36,4,median_mad_de,2020-05-01,2023-04-28,754,1000000.0,1827985.2145643649,0.8279852145643649,0.22336444825289514,0.19285628580839248,1.1422873236312603,1.6352458478883152,-0.20813969444478964,1.0731468057965463,0.5517241379310345,0.9734989818670773,0.07097338855255653,0.9591047022957696,0.05482000861923637,1.220511072448106,0.4989513330056281,0.3290338815587368,0.1448570711206596,0.07850737713223555,17055.247862385295,33027858.53974907,22.485443033209528,0.6245956398113757,2020-05-01,2023-04-28
36,4,score_weighted,2020-05-01,2023-04-28,754,1000000.0,1955419.0191734484,0.9554190191734484,0.25123087244241504,0.21085575940315443,1.1689125229310464,1.6823843880017177,-0.23146670566916572,1.0853866508192247,0.5477453580901857,1.0750522082490281,0.08157090175571308,0.9687426147921455,0.0542156144503198,1.716905278897534,0.4989513330056281,0.4564676861678203,0.1448570711206596,0.10637380132175545,15234.562400675906,29642746.697694328,19.21572385490142,0.5337701070805948,2020-05-01,2023-04-28
36,4,top_n_equal_weight,2020-05-01,2023-04-28,754,1000000.0,1912609.3713603583,0.9126093713603582,0.24200811347985218,0.20477946342956163,1.161280126359459,1.6691428868033686,-0.22702982056315446,1.0659750022245695,0.553050397877984,1.0480077607596658,0.07705360227674385,0.9723943239156454,0.04864684667013314,1.7353120273071339,0.4989513330056281,0.41365803835473014,0.1448570711206596,0.09715104235919259,14084.914476423604,27343954.63738831,17.975672363993255,0.49932423233314593,2020-05-01,2023-04-28
36,5,alpha_risk_turnover,2020-06-01,2023-05-31,756,1000000.0,1793038.1379664855,0.7930381379664855,0.21487009691611836,0.1945574068740336,1.0981182317969191,1.5817636368256471,-0.20972156102658168,1.0245493875991325,0.544973544973545,0.9963437690618481,0.07557301994314723,0.9604671912826898,0.054167799973805116,1.3858110711784115,0.4373864305274775,0.355651707439008,0.12855963674125004,0.08631046017486832,14837.191828755917,28732801.605215162,19.06800988312328,0.529666941197869,2020-06-01,2023-05-31
36,5,cvar,2020-06-01,2023-05-31,756,1000000.0,1726007.1431309427,0.7260071431309427,0.19953851308717852,0.19815978649798638,1.0176081744185514,1.458518018725307,-0.22819415460527503,0.8744242964169509,0.541005291005291,1.0099085559358327,0.06169518526211639,0.9558453247895804,0.058262908032851245,1.0824780635974156,0.4373864305274775,0.2886207126034652,0.12855963674125004,0.07097887634592848,12650.540357820668,24473851.400594592,16.370781167346443,0.4547439213151791,2020-06-01,2023-05-31
36,5,median_mad_de,2020-06-01,2023-05-31,756,1000000.0,1734306.4044015321,0.7343064044015322,0.20145804354037367,0.1907353426777007,1.0580485739693937,1.5122442908082072,-0.20813969444478886,0.9678982381412712,0.5462962962962963,0.9734208756766133,0.0669099122312268,0.9571733012484586,0.05544540101207732,1.1403390985936217,0.4373864305274775,0.29691997387405467,0.12855963674125004,0.07289840679912363,17080.800428361923,33074444.85762395,22.167456609886543,0.6157626836079594,2020-06-01,2023-05-31
36,5,score_weighted,2020-06-01,2023-05-31,756,1000000.0,1923687.1174024136,0.9236871174024137,0.24368809995969798,0.2085634311581526,1.1504263367669028,1.6594033184350454,-0.23146670566916616,1.0527997936256102,0.544973544973545,1.076042333132855,0.09081816571895233,0.9676366046422146,0.05452863898289472,1.8587693965399295,0.4373864305274775,0.4863006868749362,0.12855963674125004,0.11512846321844794,15365.319481354061,29895608.480696455,19.08746306058562,0.5302073072384894,2020-06-01,2023-05-31
36,5,top_n_equal_weight,2020-06-01,2023-05-31,756,1000000.0,1881517.4128483853,0.8815174128483854,0.23453312470004306,0.20246370278233083,1.1423814023563132,1.6453192905044711,-0.2270298205631548,1.0330498615480384,0.5502645502645502,1.0486700116352166,0.0859653457774524,0.9714328108661323,0.0489070266228672,1.8956390604402893,0.4373864305274775,0.44413098232090786,0.12855963674125004,0.10597348795879302,14180.339402249137,27524803.499842368,17.81717680118522,0.49492157781070056,2020-06-01,2023-05-31
36,6,alpha_risk_turnover,2020-07-01,2023-06-30,755,1000000.0,1837155.9914752017,0.8371559914752016,0.2250823941358111,0.18996466944180862,1.1640169226761876,1.7002127821504407,-0.2097215610265809,1.0732439384583987,0.5443708609271524,0.9968870546820049,0.06874137189152071,0.956973212080493,0.05512616335903635,1.2383509688241134,0.5038586369018971,0.33329735457330445,0.14590137852849838,0.07918101560731272,15281.535672678849,29597238.69106195,19.40787925694014,0.539107757137226,2020-07-01,2023-06-30
36,6,cvar,2020-07-01,2023-06-30,755,1000000.0,1772527.4402380497,0.7725274402380498,0.21052587368991715,0.19389108942330252,1.0826553014500209,1.5733249809602239,-0.22819415460527537,0.9225734728134454,0.5390728476821192,1.0137061813747967,0.05496558410249982,0.9534126387674043,0.05854435961735112,0.9746568944194739,0.5038586369018971,0.2686688033361526,0.14590137852849838,0.06462449516141877,12935.976048454417,25030571.3765058,16.587296739428247,0.46075824276189575,2020-07-01,2023-06-30
36,6,median_mad_de,2020-07-01,2023-06-30,755,1000000.0,1795691.1390024223,0.7956911390024224,0.21578315944795312,0.18601514629022467,1.1437685177168442,1.661460815723596,-0.2081396944447894,1.0367227646007293,0.543046357615894,0.9719276132537138,0.06419276425592944,0.9528230916891562,0.0566920759230222,1.0566153211421265,0.5038586369018971,0.29183250210052525,0.14590137852849838,0.06988178091945474,17314.99493195102,33531947.781870212,22.21496084366864,0.6170822456574621,2020-07-01,2023-06-30
36,6,score_weighted,2020-07-01,2023-06-30,755,1000000.0,1985306.709680739,0.9853067096807391,0.2572086525966797,0.20357754161827907,1.2265952019056234,1.7949607394893952,-0.23146670566916594,1.1112123095764217,0.5456953642384106,1.077550856979434,0.08499652701389403,0.9652383574861992,0.05505659868043202,1.759111277273861,0.5038586369018971,0.48144807277884194,0.14590137852849838,0.1113072740681813,15781.24624951436,30705045.6193135,19.29032210353939,0.5358422806538718,2020-07-01,2023-06-30
36,6,top_n_equal_weight,2020-07-01,2023-06-30,755,1000000.0,1949520.4482973819,0.9495204482973818,0.24959880643249877,0.1974168153278333,1.227844536264195,1.796581843328608,-0.22702982056315457,1.0994097859627476,0.5509933774834437,1.0491248134504136,0.0820315563208887,0.9691024199833399,0.04951174539447229,1.8084720143863102,0.5038586369018971,0.44566181139548466,0.14590137852849838,0.10369742790400038,14607.318590981517,28355652.100199126,18.07983887252636,0.5022177464590656,2020-07-01,2023-06-30
36,7,alpha_risk_turnover,2020-08-03,2023-07-31,753,1000000.0,1845129.8658705552,0.8451298658705553,0.22752101410668768,0.18882373135417685,1.1804556679070046,1.720775498591758,-0.20972156102658113,1.0848718319326764,0.547144754316069,0.9936879340262927,0.07909339097469134,0.9560570553386207,0.05537134420306278,1.4119202226020025,0.46670712715163987,0.3784227387189154,0.13675980369765028,0.0907612104090374,15366.130711954898,29770909.76205424,19.194137630874184,0.5331704897465053,2020-08-03,2023-07-31
36,7,cvar,2020-08-03,2023-07-31,753,1000000.0,1769961.8079445402,0.7699618079445403,0.21055334777995705,0.19276248389113063,1.087992602372385,1.5766512096014613,-0.22819415460527537,0.922693870682915,0.5418326693227091,1.0118781375572405,0.06328705143371023,0.9536654932804944,0.05803637932308658,1.1200911215905207,0.46670712715163987,0.3032546807929004,0.13675980369765028,0.07379354408230676,12917.989640322317,25002917.9163833,16.300962527724234,0.4528045146590065,2020-08-03,2023-07-31
36,7,median_mad_de,2020-08-03,2023-07-31,753,1000000.0,1769793.9098757943,0.7697939098757942,0.2105149164858744,0.18481282293277668,1.1264988895507517,1.6306175380636723,-0.20813969444478975,1.0114116725664488,0.5431606905710491,0.9686727909585572,0.0680069314291454,0.9522157709902843,0.05673285787758415,1.1188104901403984,0.46670712715163987,0.30308678272415435,0.13675980369765028,0.07375511278822411,17355.3843449469,33609273.95154995,21.87506144752809,0.6076405957646691,2020-08-03,2023-07-31
36,7,score_weighted,2020-08-03,2023-07-31,753,1000000.0,1997546.5412370386,0.9975465412370386,0.26056342465157156,0.2025649469193775,1.2448884489543524,1.818839005269636,-0.23146670566916616,1.1257058499981123,0.548472775564409,1.0762849872183504,0.09641281911892262,0.9652801107719226,0.05469824391788425,1.964462322864892,0.46670712715163987,0.5308394140853987,0.13675980369765028,0.12380362095392128,15821.41784362568,30793070.60858755,18.98084454703282,0.5272456818620228,2020-08-03,2023-07-31
36,7,top_n_equal_weight,2020-08-03,2023-07-31,753,1000000.0,1959322.1464548437,0.9593221464548436,0.2524388725717921,0.196408976275376,1.2447128616859855,1.8179059502581332,-0.22702982056315368,1.1119194471704668,0.5524568393094289,1.0479677863422756,0.09281284762378827,0.9693418671038391,0.0490412976397817,2.0340949453219848,0.46670712715163987,0.4926150193032037,0.13675980369765028,0.11567906887414181,14614.69669160073,28375929.45139597,17.76000782350178,0.49333355065282725,2020-08-03,2023-07-31
36,8,alpha_risk_turnover,2020-09-01,2023-08-31,755,1000000.0,1654355.043587537,0.6543550435875369,0.1829673677774042,0.18877596124796484,0.9847139249230559,1.428028465453906,-0.20972156102658135,0.8724299346322996,0.5377483443708609,0.9925728371343895,0.07031094660550093,0.9571906086715039,0.054659504624196185,1.2705218769625806,0.3487329427300738,0.3056221008574631,0.10500951471418651,0.07795785306321767,15628.194588353164,30284738.753768295,19.235444395566205,0.534317899876839,2020-09-01,2023-08-31
36,8,cvar,2020-09-01,2023-08-31,755,1000000.0,1562677.1955841985,0.5626771955841985,0.16066980135338493,0.19253945355152507,0.8703252209556065,1.253578413391695,-0.22819415460527548,0.7040925374767268,0.5298013245033113,1.0098004799405251,0.049986511877012765,0.9547695748601384,0.057278764198000036,0.8926121547514191,0.3487329427300738,0.21394425285412466,0.10500951471418651,0.05566028663919842,13008.834622636587,25186578.674154505,16.198910951130955,0.44996974864252653,2020-09-01,2023-08-31
36,8,median_mad_de,2020-09-01,2023-08-31,755,1000000.0,1611083.9077488855,0.6110839077488854,0.1725485379068017,0.18443364663954745,0.9555381444863678,1.3754742080158215,-0.20813969444478952,0.8290035130832354,0.5337748344370861,0.9655914427745704,0.06379584082113025,0.9530945547336866,0.05617337544370845,1.0643683541519589,0.3487329427300738,0.2623509650188116,0.10500951471418651,0.06753902319261518,17490.71468277716,33881091.711202756,21.7265268291862,0.6035146341440611,2020-09-01,2023-08-31
36,8,score_weighted,2020-09-01,2023-08-31,755,1000000.0,1778257.6820510174,0.7782576820510174,0.2118306634736229,0.20273011198183669,1.0493937709743808,1.525268602971479,-0.23146670566916605,0.9151668826893452,0.5390728476821192,1.0760563674092232,0.08744317090045589,0.9662722217829773,0.0540124306361487,1.7829135672261436,0.3487329427300738,0.4295247393209436,0.10500951471418651,0.10682114875943638,15964.863207634418,31081589.776801832,18.83808597989691,0.5232801661082473,2020-09-01,2023-08-31
36,8,top_n_equal_weight,2020-09-01,2023-08-31,755,1000000.0,1763327.7682610974,0.7633277682610973,0.2084251960466421,0.19650525101576688,1.061992082264676,1.5432539404632437,-0.22702982056315402,0.9180520670352353,0.543046357615894,1.0470137671405964,0.08676831787341949,0.969975947957358,0.04855058224617954,1.8999318877747993,0.3487329427300738,0.41459482553102345,0.10500951471418651,0.1034156813324556,14706.988211884378,28562878.285900965,17.589937479856395,0.48860937444045544,2020-09-01,2023-08-31
36,9,alpha_risk_turnover,2020-10-01,2023-09-29,754,1000000.0,1632681.06066756,0.6326810606675599,0.17802731339957778,0.1854763121821784,0.9762814731738212,1.4289087667827927,-0.20972156102658124,0.8488746341965938,0.5291777188328912,0.9925608541829786,0.06944209795515519,0.956073139266794,0.054384583324005656,1.2614862616372153,0.33473394697773773,0.2979471136898222,0.10130879138114257,0.07671852201843521,15767.855556519131,30563293.688218646,19.181198610021543,0.5328110725005983,2020-10-01,2023-09-29
36,9,cvar,2020-10-01,2023-09-29,754,1000000.0,1520891.7923067985,0.5208917923067986,0.15043065381703258,0.18882278251933446,0.8367017131121846,1.2143875599051115,-0.22819415460527448,0.6592222052192547,0.5238726790450928,1.0079833612480598,0.04461876094829262,0.953721111654964,0.05679552574648046,0.801412830013112,0.33473394697773773,0.18615784532906088,0.10130879138114257,0.04912186243589001,13279.27210456888,25719281.56796988,16.339262030954536,0.4538683897487371,2020-10-01,2023-09-29
36,9,median_mad_de,2020-10-01,2023-09-29,754,1000000.0,1559227.0058399695,0.5592270058399695,0.16004191439478155,0.18169781658619297,0.9080855411604934,1.3134740423422284,-0.20813969444478975,0.7689158707650241,0.5278514588859416,0.9678790495372733,0.0561381748592536,0.9516862770606103,0.0560886625640667,0.9364722764496178,0.33473394697773773,0.2244930588622318,0.10130879138114257,0.05873312301363898,17896.672296603538,34676829.911307536,21.948348926636463,0.609676359073235,2020-10-01,2023-09-29
36,9,score_weighted,2020-10-01,2023-09-29,754,1000000.0,1739890.6764225895,0.7398906764225894,0.20333528080957586,0.19942397763386294,1.0281049337679908,1.5069114101249326,-0.2314667056691665,0.8784644868113402,0.5318302387267905,1.078004254779126,0.08378382294501606,0.9657518014116002,0.05358790104052169,1.727201307232685,0.33473394697773773,0.4051567294448517,0.10130879138114257,0.10202648942843329,16318.165685963235,31774521.867311656,18.96214728442682,0.5267263134563006,2020-10-01,2023-09-29
36,9,top_n_equal_weight,2020-10-01,2023-09-29,754,1000000.0,1716934.714567952,0.7169347145679521,0.19800553226941875,0.19336526146943567,1.0312103440940696,1.509847290830672,-0.22702982056315468,0.8721564937075655,0.5358090185676393,1.0490860034655711,0.08140778982647781,0.9692929731716525,0.04835213693750917,1.7978228209461933,0.33473394697773773,0.3822007675902144,0.10130879138114257,0.09669674088827618,15111.040574221954,29353260.492110617,17.793506890847965,0.49426408030133234,2020-10-01,2023-09-29
36,10,alpha_risk_turnover,2020-11-02,2023-10-31,754,1000000.0,1673618.6073987063,0.6736186073987063,0.18781803863405377,0.18307946915567203,1.0318648320987291,1.520610985950567,-0.20972156102658113,0.8955590341531399,0.5278514588859416,0.9863902501918371,0.07718871641698576,0.9532832543628343,0.05535665534981164,1.366541981893911,0.33914862631025855,0.3344699810884477,0.10252487991085779,0.08529315872319598,15997.234650959032,31020094.960593514,19.257385808272172,0.5349273835631158,2020-11-02,2023-10-31
36,10,cvar,2020-11-02,2023-10-31,754,1000000.0,1549431.7358988537,0.5494317358988536,0.15760118074301865,0.1865560386659003,0.8778922836585584,1.2813007634660551,-0.22819415460527437,0.6906451263645819,0.5225464190981433,1.004545408705795,0.04999519403581351,0.9527371488808721,0.05668065834312039,0.8911335207266524,0.33914862631025855,0.21028310958859509,0.10252487991085779,0.05507630083216086,13373.077051667828,25913880.584232725,16.235119555412442,0.45097554320590116,2020-11-02,2023-10-31
36,10,median_mad_de,2020-11-02,2023-10-31,754,1000000.0,1596334.5973688355,0.5963345973688354,0.16919667642662928,0.17988231512726502,0.959131894120147,1.3958703600289066,-0.2081396944447892,0.8128996099372584,0.5278514588859416,0.9643229936670141,0.06330578781321286,0.9485208716305802,0.05732001015745651,1.033928522965016,0.33914862631025855,0.2571859710585769,0.10252487991085779,0.06667179651577149,18100.15162916277,35077876.934410386,21.94469024334993,0.6095747289819424,2020-11-02,2023-10-31
36,10,score_weighted,2020-11-02,2023-10-31,754,1000000.0,1784300.4966865855,0.7843004966865854,0.2135146027281254,0.19679160662902279,1.082017741732043,1.5968616036553906,-0.2314667056691666,0.9224419646482549,0.5305039787798409,1.0727633946023187,0.09142431370257219,0.9645177231214729,0.053527862963961274,1.861945014979689,0.33914862631025855,0.44515187037632686,0.10252487991085779,0.1109897228172676,16484.828124303098,32109092.483818956,18.862906075380664,0.5239696132050183,2020-11-02,2023-10-31
36,10,top_n_equal_weight,2020-11-02,2023-10-31,754,1000000.0,1748937.6912023483,0.7489376912023484,0.2054228888224896,0.19105734101748265,1.0736501220972494,1.5820459731084517,-0.22702982056315457,0.9048277812708996,0.5344827586206896,1.045258562426758,0.08673640572373638,0.9679943943322455,0.04861407437351501,1.8896310689142886,0.33914862631025855,0.4097890648920899,0.10252487991085779,0.10289800891163181,15266.939619641045,29665536.30160605,17.700521330992302,0.4916811480831196,2020-11-02,2023-10-31
36,11,alpha_risk_turnover,2020-12-01,2023-11-30,755,1000000.0,1632037.27169504,0.63203727169504,0.17761667007031634,0.1826203984025202,0.9867376214395559,1.4511647416690152,-0.20972156102658124,0.8469165936057679,0.5258278145695364,0.9932845420674918,0.07328872999268159,0.9557583259518474,0.0537313085655697,1.3505334315846829,0.31809324155353735,0.31394403014150263,0.09656656731468916,0.08105010275562718,16361.663769900433,31735506.582326725,19.49340264365965,0.5414834067683236,2020-12-01,2023-11-30
36,11,cvar,2020-12-01,2023-11-30,755,1000000.0,1534559.9597209038,0.5345599597209039,0.15365707241136173,0.18574282339997947,0.8625396260341487,1.2574656938754876,-0.22819415460527503,0.6733611238953696,0.5245033112582781,1.0124613753196208,0.05123680758641077,0.9578337164088117,0.05341311028282489,0.9843661256588394,0.31809324155353735,0.2164667181673665,0.09656656731468916,0.05709050509667257,13759.161305650994,26667757.03682089,16.542727266203045,0.45952020183897346,2020-12-01,2023-11-30
36,11,median_mad_de,2020-12-01,2023-11-30,755,1000000.0,1582894.6699873784,0.5828946699873785,0.1656604565186146,0.179378466508219,0.9444259573294131,1.3730399660960888,-0.20813969444478875,0.7959099630683747,0.5298013245033113,0.9715999013490528,0.06483396425665611,0.9517893788727707,0.055250602574675,1.1181270080694254,0.31809324155353735,0.26480142843384114,0.09656656731468916,0.06909388920392545,18481.483373650106,35822124.5171838,22.1784955556305,0.6160693209897361,2020-12-01,2023-11-30
36,11,score_weighted,2020-12-01,2023-11-30,755,1000000.0,1729918.5145297588,0.7299185145297589,0.20073444939444873,0.19613964340081716,1.0309450954109733,1.5172390656608974,-0.23146670566916716,0.8672281778674307,0.5324503311258278,1.0785986222215844,0.0861169490321688,0.9663137935401312,0.05233515449520193,1.8071354768418226,0.31809324155353735,0.4118252729762215,0.09656656731468916,0.10416788207975958,16915.33530298022,32950915.520300254,19.06916198988027,0.5296989441633408,2020-12-01,2023-11-30
36,11,top_n_equal_weight,2020-12-01,2023-11-30,755,1000000.0,1694781.044108405,0.694781044108405,0.19253834746559395,0.1902277378396178,1.0209739859804101,1.4992187535457806,-0.22702982056315524,0.8480751426750723,0.5377483443708609,1.049484264321472,0.0812589682051748,0.9694508303564869,0.047463458645425026,1.8242472253767035,0.31809324155353735,0.37668780255486767,0.09656656731468916,0.0959717801509048,15620.98296567059,30357307.555080786,17.87162014254332,0.4964338928484256,2020-12-01,2023-11-30
36,12,alpha_risk_turnover,2021-01-04,2023-12-29,753,1000000.0,1618475.6919205415,0.6184756919205414,0.17484279497939825,0.18330719558745923,0.9708464964672681,1.428903580082253,-0.2097215610265818,0.8336901276318331,0.5219123505976095,0.9939950519217977,0.06792701558541242,0.9545835505410073,0.05462539100966054,1.231336952815012,0.32903290516290706,0.28944278675763435,0.0998732405228202,0.07496955445657805,16759.798338209057,32519396.160036646,19.702483694695736,0.5472912137415483,2021-01-04,2023-12-29
36,12,cvar,2021-01-04,2023-12-29,753,1000000.0,1556866.7872267428,0.5568667872267428,0.1596825758911382,0.18645693844813743,0.887901187899693,1.2960378774221297,-0.22819415460527603,0.6997662852817275,0.5232403718459495,1.013792303278106,0.05332763084481777,0.9571492816631352,0.054051553262279506,1.0148542960995879,0.32903290516290706,0.2278338820638357,0.0998732405228202,0.059809335368318006,13887.579648994753,26929863.359074526,16.52588189112403,0.4590522747534452,2021-01-04,2023-12-29
36,12,median_mad_de,2021-01-04,2023-12-29,753,1000000.0,1585300.8700486096,0.5853008700486095,0.1667280843556036,0.1801543091017839,0.9462154667523158,1.3758258092314157,-0.2081396944447893,0.8010393442747632,0.5285524568393094,0.9730300648170357,0.06274950329586935,0.9508036536464316,0.05601232985391177,1.066977712387562,0.32903290516290706,0.25626796488570247,0.0998732405228202,0.0668548438327834,18969.403460115594,36783706.98769403,22.520069998179235,0.6255574999494232,2021-01-04,2023-12-29
36,12,score_weighted,2021-01-04,2023-12-29,753,1000000.0,1735525.963558793,0.735525963558793,0.20261977646047868,0.19690071278806606,1.0356891873314533,1.525775461057889,-0.23146670566916594,0.8753733107088066,0.5298804780876494,1.0796204854755564,0.08441299481734618,0.9652350088236248,0.053341068817948874,1.7477537510445365,0.32903290516290706,0.4064930583958859,0.0998732405228202,0.10274653593765848,17344.06962380212,33790447.79842375,19.282085612980506,0.5356134892494586,2021-01-04,2023-12-29
36,12,top_n_equal_weight,2021-01-04,2023-12-29,753,1000000.0,1709260.3806385004,0.7092603806385005,0.19649783278557376,0.19104633389511574,1.0347747726867114,1.521254411110855,-0.22702982056315424,0.8655155181735819,0.5351925630810093,1.0507654197991028,0.08136926367272877,0.9682250192517965,0.04860560478536094,1.7896915594801175,0.32903290516290706,0.38022747547559343,0.0998732405228202,0.09662459226275355,16001.348893728522,31104171.784638084,18.07206553148181,0.5020018203189393,2021-01-04,2023-12-29
36,13,alpha_risk_turnover,2021-02-01,2024-01-31,755,1000000.0,1617611.5633262203,0.6176115633262202,0.1741321115107688,0.1817089772895226,0.9744430104574552,1.4367811796268577,-0.20972156102658113,0.8303014275613676,0.5245033112582781,0.9915410813944099,0.05913871459712877,0.9540401944448245,0.05447438475038004,1.0671561624323442,0.3641005200925973,0.25351104323362295,0.10919608064840536,0.06493603086236344,16736.299735218363,32491522.883571565,19.48825862446032,0.5413405173461201,2021-02-01,2024-01-31
36,13,cvar,2021-02-01,2024-01-31,755,1000000.0,1538519.97525466,0.5385199752546601,0.1546498921368269,0.18493751391330487,0.8701303300639137,1.2724659186139438,-0.2281941546052737,0.6777118914563679,0.5231788079470199,1.0125836771421999,0.04049076603243807,0.95727838069728,0.05352323802051628,0.7844699629424511,0.3641005200925973,0.1744194551620628,0.10919608064840536,0.045453811488421536,13893.825564865854,26955107.20709777,16.350158587771098,0.4541710718825305,2021-02-01,2024-01-31
36,13,median_mad_de,2021-02-01,2024-01-31,755,1000000.0,1589195.2782330208,0.5891952782330208,0.1672070677423252,0.1786983125968807,0.9547500925870048,1.3931550740118814,-0.20813969444478886,0.8033406034747425,0.528476821192053,0.9714262871599577,0.05507820233659178,0.9504335177704878,0.05578641890094641,0.9263878922342413,0.3641005200925973,0.22509475814042346,0.10919608064840536,0.05801098709391983,19073.991047220374,36996694.58158651,22.39960858506601,0.6222113495851669,2021-02-01,2024-01-31
36,13,score_weighted,2021-02-01,2024-01-31,755,1000000.0,1732178.1430202038,0.7321781430202039,0.2012577160775768,0.19520196793551592,1.0371810827360268,1.530891802973749,-0.23146670566916638,0.869488834239655,0.5298013245033113,1.0779485889687381,0.07425681075202138,0.965486488486171,0.0526358575258878,1.5868919954122767,0.3641005200925973,0.3680776229276066,0.10919608064840536,0.09206163542917145,17369.496689592685,33853397.892177925,19.071771913575976,0.5297714420437771,2021-02-01,2024-01-31
36,13,top_n_equal_weight,2021-02-01,2024-01-31,755,1000000.0,1705375.0563673915,0.7053750563673915,0.19502131296884917,0.18945732524917158,1.0353287328743324,1.5254040875900243,-0.22702982056315435,0.8590118799596145,0.5350993377483444,1.049219863892917,0.07136441006828137,0.9682498674066818,0.048136817370474254,1.6041410551433626,0.3641005200925973,0.3412745362747942,0.10919608064840536,0.08582523232044381,16063.243857634892,31236423.85479369,17.918753719946224,0.49774315888739523,2021-02-01,2024-01-31
36,14,alpha_risk_turnover,2021-03-01,2024-02-29,756,1000000.0,1679224.9414367008,0.6792249414367006,0.18860154943180785,0.18112746213329733,1.044655337979676,1.5443997189777787,-0.20972156102658168,0.8992949914572831,0.5277777777777778,0.9888171823689565,0.06408762793960641,0.9523149191719354,0.0552994593711704,1.1333296661278853,0.39645931229967357,0.2827656291370271,0.11774506779034422,0.07085648164146363,16843.08756090449,32709745.793100376,19.429481726644966,0.539707825740138,2021-03-01,2024-02-29
36,14,cvar,2021-03-01,2024-02-29,756,1000000.0,1633309.7595265573,0.6333097595265573,0.17766794022541088,0.1844595410202944,0.9789784905768636,1.4374210233746147,-0.22819415460527548,0.778582345953324,0.5291005291005291,1.0118294805411303,0.052541729753229974,0.9568747419134443,0.0536253667300832,1.0077072473269295,0.39645931229967357,0.23685044722688375,0.11774506779034422,0.059922872435066665,13948.604111410605,27071765.039631106,16.25428348204248,0.45150787450118,2021-03-01,2024-02-29
36,14,median_mad_de,2021-03-01,2024-02-29,756,1000000.0,1683903.3562481417,0.6839033562481418,0.18970436274534097,0.17850291636297394,1.0626183367530562,1.5568041106785497,-0.20813969444478986,0.9114280831985224,0.5317460317460317,0.9715504919653463,0.06673731301946466,0.9494431069665065,0.056258372530531446,1.1222724175117056,0.39645931229967357,0.28744404394846823,0.11774506779034422,0.07195929495499676,19221.60941804014,37292693.4882073,22.33872200802005,0.6205200557783346,2021-03-01,2024-02-29
36,14,score_weighted,2021-03-01,2024-02-29,756,1000000.0,1780415.0665835445,0.7804150665835445,0.21201246655612316,0.1942498381035522,1.0872264295900065,1.608727843744069,-0.23146670566916516,0.9159523221415355,0.5304232804232805,1.074518088632421,0.07522054428952225,0.9649436469634851,0.05261335691787978,1.6089128415775966,0.39645931229967357,0.38395575428387096,0.11774506779034422,0.09426739876577894,17597.039307289757,34303702.66951035,19.110416352861673,0.5308448986906021,2021-03-01,2024-02-29
36,14,top_n_equal_weight,2021-03-01,2024-02-29,756,1000000.0,1754747.0328968524,0.7547470328968524,0.2061597697293842,0.18865633614714417,1.0881314459603102,1.6073624595428602,-0.22702982056315413,0.9080735262794943,0.5343915343915344,1.0465564861260097,0.07284823032309633,0.9676987131963878,0.04825044702227605,1.631894507815328,0.39645931229967357,0.35828772059717884,0.11774506779034422,0.08841470193904,16251.664756249244,31608026.630635697,17.93607886252351,0.49822441284787533,2021-03-01,2024-02-29
36,15,alpha_risk_turnover,2021-04-01,2024-03-28,753,1000000.0,1667148.226315679,0.6671482263156789,0.18655040357492347,0.1795526130867899,1.0426165491481056,1.5393912860232057,-0.20972156102658135,0.8895146624970952,0.5285524568393094,0.9864407202492523,0.0661844902710725,0.9516004075189296,0.05523330250724438,1.1681537579199635,0.37949820360736664,0.2876500227083123,0.11367703888292646,0.07287336469199701,16694.499519679994,32434757.131852064,19.04296849518918,0.5289713470885882,2021-04-01,2024-03-28
36,15,cvar,2021-04-01,2024-03-28,753,1000000.0,1643975.4614656593,0.6439754614656594,0.1810052381613818,0.18209617773798384,1.0048633988287765,1.475359284850608,-0.22819415460527537,0.793207163761404,0.5298804780876494,1.0067972261485207,0.059464340375986705,0.9576714447825022,0.052432066294368654,1.1500261648297727,0.37949820360736664,0.2644772578582928,0.11367703888292646,0.06732819927845535,13728.036756707177,26657822.210256487,15.81195559247763,0.43922098867993414,2021-04-01,2024-03-28
36,15,median_mad_de,2021-04-01,2024-03-28,753,1000000.0,1683680.7572573333,0.6836807572573333,0.19047531314599375,0.17707031288956965,1.0734424883903118,1.572224733076624,-0.2081396944447892,0.9151320878705284,0.5312084993359893,0.9701431837301947,0.07105420111983933,0.9489983112815376,0.056065952885005134,1.2019997495725847,0.37949820360736664,0.3041825536499667,0.11367703888292646,0.07679827426306729,19090.52208987169,37057853.12087391,21.92885033680033,0.6091347315777869,2021-04-01,2024-03-28
36,15,score_weighted,2021-04-01,2024-03-28,753,1000000.0,1784955.1888644132,0.7849551888644133,0.2139755472957623,0.19272159542217307,1.1027242719868737,1.6305023401614922,-0.2314667056691665,0.9244333722950022,0.5298804780876494,1.073307265139826,0.08084165054818089,0.964648391511508,0.05235306980331128,1.7159499029315075,0.37949820360736664,0.40545698525704665,0.11367703888292646,0.10029850841283583,17563.54466116063,34253707.89946801,18.818266241999773,0.5227296178333272,2021-04-01,2024-03-28
36,15,top_n_equal_weight,2021-04-01,2024-03-28,753,1000000.0,1757025.1988704028,0.7570251988704029,0.2075850665545289,0.18721760421115077,1.1013681629052783,1.6255068483821984,-0.22702982056315424,0.9143515421877529,0.5351925630810093,1.0454694341488526,0.07793362189313358,0.9672528418955395,0.04816684616306154,1.7338061240285338,0.37949820360736664,0.37752699526303624,0.11367703888292646,0.09390802767160245,16143.737630182515,31412883.95626115,17.588100770329362,0.48855835473137116,2021-04-01,2024-03-28
36,16,alpha_risk_turnover,2021-05-03,2024-04-30,754,1000000.0,1551767.8675470324,0.5517678675470323,0.1581842164754521,0.18017482030137338,0.9052565066975051,1.3295860573026543,-0.20972156102658157,0.754258244603676,0.5225464190981433,0.9870488156815058,0.07266847920674106,0.9514240479867857,0.05551844501572501,1.2875335106127808,0.2573500729714324,0.2944177945755999,0.07954315232934128,0.07864106414611083,16957.713956583375,32953386.19145718,19.070499336991187,0.5297360926941996,2021-05-03,2024-04-30
36,16,cvar,2021-05-03,2024-04-30,754,1000000.0,1521545.7728899263,0.5215457728899264,0.1505959618744772,0.18250722318627563,0.8599939488925274,1.25515663971559,-0.22819415460527515,0.6599466236765554,0.5278514588859416,1.0065221666449722,0.06473495989334221,0.9577956858659936,0.05247390343566585,1.2450481722493008,0.2573500729714324,0.264195699918494,0.07954315232934128,0.07105280954513593,13727.256679588454,26667503.830557548,15.648492316261642,0.4346803421183789,2021-05-03,2024-04-30
36,16,median_mad_de,2021-05-03,2024-04-30,754,1000000.0,1564903.3484135566,0.5649033484135566,0.16145164638174547,0.17752268386639608,0.9320337369883455,1.357588353510647,-0.20813969444479008,0.7756888795883727,0.5291777188328912,0.969529478559627,0.07662634792197513,0.9484987292999711,0.05648423958475265,1.3071710087802217,0.2573500729714324,0.3075532754421242,0.07954315232934128,0.08190849405240419,19126.94545679682,37132319.87697306,21.704897877263143,0.6029138299239762,2021-05-03,2024-04-30
36,16,score_weighted,2021-05-03,2024-04-30,754,1000000.0,1656882.4293528306,0.6568824293528306,0.1838348554105842,0.19311683050731474,0.9705784280281625,1.429065402517717,-0.23146670566916583,0.7942172714607967,0.5251989389920424,1.072715575081101,0.08915007190516197,0.9647039382570601,0.05239934984420606,1.8285047440173898,0.2573500729714324,0.39953235638139817,0.07954315232934128,0.10429170308124291,17760.70361299081,34644363.170403354,18.78383775733935,0.5217732710372042,2021-05-03,2024-04-30
36,16,top_n_equal_weight,2021-05-03,2024-04-30,754,1000000.0,1632260.3502460604,0.6322603502460604,0.17792585132745486,0.18753633610351517,0.9671190822029934,1.4215242609103158,-0.2270298205631548,0.7837113683396483,0.5305039787798409,1.044464321295058,0.08567346385550442,0.9672478485476047,0.04822534481929428,1.8610006746955194,0.2573500729714324,0.374910277274628,0.07954315232934128,0.09838269899811358,16190.761528654164,31508586.184451543,17.439339130734478,0.4844260869648466,2021-05-03,2024-04-30
36,17,alpha_risk_turnover,2021-06-01,2024-05-31,756,1000000.0,1612945.2995967567,0.6129452995967566,0.17275298335214884,0.17942782600298232,0.977986626619338,1.4406070742407062,-0.20972156102658068,0.823725431503219,0.5251322751322751,0.9871610383854059,0.0712922363013552,0.9507401915644036,0.05566485895671551,1.2563977197248166,0.3123295337737986,0.300615765822958,0.0948323822784154,0.07792060107373344,17435.638794527338,33882130.29747129,19.374400122126456,0.5381777811701792,2021-06-01,2024-05-31
36,17,cvar,2021-06-01,2024-05-31,756,1000000.0,1551942.4128085342,0.5519424128085342,0.1577777542194969,0.18155977894625372,0.8978219948864828,1.312533243068155,-0.22819415460527515,0.6914189125151656,0.5304232804232805,1.0058885506372135,0.0568460680942147,0.9574009679476613,0.052437406012201204,1.095926646314759,0.3123295337737986,0.2396128790347356,0.0948323822784154,0.06294537194108152,13871.86129068708,26945070.68366175,15.663201386201528,0.43508892739448685,2021-06-01,2024-05-31
36,17,median_mad_de,2021-06-01,2024-05-31,756,1000000.0,1604911.1791451513,0.6049111791451514,0.1708025708639609,0.1769233124596514,0.9799403169785249,1.4305257731431336,-0.20813969444478897,0.8206150745035704,0.5317460317460317,0.9704670959086308,0.07095040117102105,0.9478931739404761,0.05659627692444971,1.1985501196637875,0.3123295337737986,0.2925816453713528,0.0948323822784154,0.0759701885855455,19455.92135033912,37770872.149008274,21.776228234133374,0.6048952287259269,2021-06-01,2024-05-31
36,17,score_weighted,2021-06-01,2024-05-31,756,1000000.0,1706915.1373372236,0.7069151373372236,0.19509925760323243,0.19225442808367885,1.0233598769237107,1.5102152466965366,-0.23146670566916638,0.8428825953141025,0.5264550264550265,1.0729529288021527,0.08350514407584048,0.9644238920415708,0.05236471137426332,1.741719815805206,0.3123295337737986,0.394585603563425,0.0948323822784154,0.10026687532481704,18185.731958752738,35470769.38133867,18.939806208946514,0.5261057280262921,2021-06-01,2024-05-31
36,17,top_n_equal_weight,2021-06-01,2024-05-31,756,1000000.0,1669919.2269006108,0.6699192269006109,0.18640186763582944,0.18670918383590238,1.0090010381513455,1.485867334175766,-0.2270298205631548,0.8210457426846112,0.533068783068783,1.0446714768538343,0.07813428395172871,0.9668914040668894,0.04826729008000792,1.7164615575725943,0.3123295337737986,0.3575896931268123,0.0948323822784154,0.09156948535741405,16503.78959547994,32116882.757538896,17.524865595385588,0.486801822094044,2021-06-01,2024-05-31
36,18,alpha_risk_turnover,2021-07-01,2024-06-28,753,1000000.0,1599758.6560993323,0.5997586560993322,0.17027828050734817,0.17971979615906694,0.9649258021305954,1.4217417055040196,-0.2097215610265819,0.8119254866969335,0.5219123505976095,0.9875999846375211,0.06468672458554167,0.949951379421707,0.0561849722268776,1.1270193052556166,0.32882646211677624,0.27093219398255597,0.09981606170541824,0.07046221880192993,17374.21808495341,33765302.67436643,19.129870867764595,0.5313853018823499,2021-07-01,2024-06-28
36,18,cvar,2021-07-01,2024-06-28,753,1000000.0,1545330.1246639357,0.5453301246639357,0.1567995593998348,0.18176032115270127,0.8923776278534143,1.3046411272774359,-0.22819415460527603,0.6871322347019028,0.5298804780876494,1.00553810118634,0.05149440842551933,0.9563473755863025,0.05312485753161376,0.9807861431820861,0.32882646211677624,0.21650366254715947,0.09981606170541824,0.056983497694416574,13788.086089275545,26789116.940694287,15.422332683960269,0.4283981301100075,2021-07-01,2024-06-28
36,18,median_mad_de,2021-07-01,2024-06-28,753,1000000.0,1608929.8778025943,0.6089298778025942,0.17251927612357276,0.1774429790623258,0.9858486458619566,1.4407129694614278,-0.2081396944447902,0.8288629258525895,0.5325365205843293,0.9710569336399478,0.06802367931353308,0.9460238686016669,0.05772596946560382,1.1231894608949924,0.32882646211677624,0.280103415685818,0.09981606170541824,0.07270321441815453,19585.631290660902,38019772.664129056,21.605684517286072,0.6001579032579464,2021-07-01,2024-06-28
36,18,score_weighted,2021-07-01,2024-06-28,753,1000000.0,1681588.8907008187,0.6815888907008187,0.18998011412613636,0.19248613487176525,1.0000401274668667,1.4758213124526438,-0.23146670566916572,0.8207664837882734,0.5245683930942895,1.0729361360292435,0.07436925526866733,0.9635863539282238,0.05299208265420456,1.5549330130665047,0.32882646211677624,0.3527624285840425,0.09981606170541824,0.09016405242071812,18186.6808286807,35477292.29443121,18.680689424578794,0.5189080395716332,2021-07-01,2024-06-28
36,18,top_n_equal_weight,2021-07-01,2024-06-28,753,1000000.0,1640605.7280673566,0.6406057280673567,0.18019454972860927,0.18696496505115942,0.9797969397683148,1.4427417854255384,-0.22702982056315457,0.7937043216685413,0.5312084993359893,1.044561403012043,0.06818700530643315,0.965806140562803,0.04908180270612479,1.4892073328289097,0.32882646211677624,0.3117792659505805,0.09981606170541824,0.08037848802319103,16517.608866594084,32146347.85277188,17.29525339902046,0.4804237055283461,2021-07-01,2024-06-28
36,19,alpha_risk_turnover,2021-08-02,2024-07-31,754,1000000.0,1600544.9009860337,0.6005449009860337,0.17022641110392223,0.18036730183077573,0.9618632123277613,1.4163151546967976,-0.20972156102658157,0.8116781616094615,0.5212201591511937,0.9880635262010555,0.06873034380894229,0.9499726419748287,0.05637269872570361,1.196763576532133,0.3128671546014936,0.28767774638454013,0.09524544433977766,0.07498096676414456,17312.916639993826,33645888.71698832,18.836805171718495,0.5232445881032913,2021-08-02,2024-07-31
36,19,cvar,2021-08-02,2024-07-31,754,1000000.0,1546636.0259453733,0.5466360259453733,0.15690267679664993,0.18207004155349138,0.8916626526352551,1.3019843019783686,-0.22819415460527637,0.6875841191815611,0.5291777188328912,1.003811997310535,0.055917013680277884,0.9560881372640814,0.053365054132973766,1.05539434635554,0.3128671546014936,0.2337688713438797,0.09524544433977766,0.06165723245687227,13670.048859728759,26560829.320756324,15.07659146602915,0.41879420738969864,2021-08-02,2024-07-31
36,19,median_mad_de,2021-08-02,2024-07-31,754,1000000.0,1619371.8408069073,0.6193718408069073,0.1748090760193448,0.1779799829180576,0.9943782202088186,1.4538313630336308,-0.20813969444478952,0.8398641906612105,0.53315649867374,0.9703332792945519,0.07410091968465489,0.9454396347114965,0.058213177527575086,1.2188913553317657,0.3128671546014936,0.3065046862054137,0.09524544433977766,0.07956363167956715,19409.768430225304,37676587.85591212,21.138293788788875,0.5871748274663575,2021-08-02,2024-07-31
36,19,score_weighted,2021-08-02,2024-07-31,754,1000000.0,1691815.3795650306,0.6918153795650306,0.192118862713186,0.1928962702948666,1.007639706002675,1.4869363890034515,-0.23146670566916672,0.8300064674864288,0.5265251989389921,1.0718292814662451,0.08073044219310249,0.9635756706875183,0.05306989937034793,1.6647113023582383,0.3128671546014936,0.378948224963537,0.09524544433977766,0.09687341837340835,18143.98410330126,35395457.66927427,18.351728004334106,0.509770222342614,2021-08-02,2024-07-31
36,19,top_n_equal_weight,2021-08-02,2024-07-31,754,1000000.0,1647567.1414787823,0.6475671414787822,0.18160621755846895,0.18710728919938005,0.9855874258026094,1.451389694114794,-0.2270298205631549,0.79992230583625,0.5318302387267905,1.04124983435994,0.07401324423919971,0.9650465835989981,0.049555781495102307,1.5817874192251231,0.3128671546014936,0.33469998687728864,0.09524544433977766,0.08636077321869129,16413.316254104288,31943253.27468338,16.92684373497714,0.470190103749365,2021-08-02,2024-07-31
36,20,alpha_risk_turnover,2021-09-01,2024-08-30,754,1000000.0,1596092.119291312,0.596092119291312,0.16913731733007076,0.1830182131874804,0.9454622708144912,1.3937847522888316,-0.20972156102658202,0.8064851153221807,0.5159151193633952,0.9902669704538458,0.06969829050766226,0.9510699667683408,0.05657403493886545,1.21403057068217,0.30471521425952486,0.29137690503178715,0.09296782718177288,0.07616949014829788,17517.065009557242,34042702.62318757,18.88717825166576,0.5246438403240488,2021-09-01,2024-08-30
36,20,cvar,2021-09-01,2024-08-30,754,1000000.0,1539093.113574142,0.5390931135741421,0.15501388807552519,0.18444902186099088,0.8736519975048292,1.2773502210780245,-0.2281941546052757,0.6793070065430211,0.5251989389920424,1.0042005945286359,0.05635169915550423,0.9569706151853237,0.053529402467451664,1.0609131851074842,0.30471521425952486,0.23437789931461728,0.09296782718177288,0.06204606089375231,13789.656418797294,26796122.99669613,15.123534779660538,0.42009818832390383,2021-09-01,2024-08-30
36,20,median_mad_de,2021-09-01,2024-08-30,754,1000000.0,1593133.1134102703,0.5931331134102702,0.16841246287790423,0.18024673739562694,0.9538107529577973,1.3939810463214197,-0.20813969444478875,0.8091318829267208,0.5291777188328912,0.970699455849302,0.07062470386018019,0.9466116795428231,0.05833503206084888,1.158258878215898,0.30471521425952486,0.28841789915074534,0.09296782718177288,0.07544463569613136,19655.13120192116,38162075.34472728,21.256299010334608,0.5904527502870726,2021-09-01,2024-08-30
36,20,score_weighted,2021-09-01,2024-08-30,754,1000000.0,1682029.7027035535,0.6820297027035536,0.18980985825568375,0.1952940752255093,0.9877092539990012,1.4581117383165476,-0.23146670566916538,0.8200309314765052,0.5225464190981433,1.0715499118769962,0.08107302348148233,0.9644457902473368,0.05312266684997957,1.666700169316229,0.30471521425952486,0.3773144884440287,0.09296782718177288,0.09684203107391087,18579.596149768484,36246764.26174111,18.569194717831607,0.5158109643842114,2021-09-01,2024-08-30
36,20,top_n_equal_weight,2021-09-01,2024-08-30,754,1000000.0,1638341.9944005848,0.6383419944005848,0.17939086216204636,0.18912505328613596,0.9671451762188409,1.4245478097345567,-0.2270298205631549,0.7901643128513314,0.5265251989389921,1.039048564994979,0.0744822934150286,0.9656978585221185,0.04958711492475457,1.5842255712799855,0.30471521425952486,0.33362678014105995,0.09296782718177288,0.08642303498027348,16806.760575138134,32712387.783995047,17.170398104994838,0.4769555029165233,2021-09-01,2024-08-30
36,21,alpha_risk_turnover,2021-10-01,2024-09-30,753,1000000.0,1684935.0818397042,0.6849350818397042,0.19077204798676828,0.18320043976640715,1.044865663640098,1.540153574169523,-0.20972156102658157,0.9096444211694024,0.5258964143426295,0.9908194630533756,0.06516481558627236,0.9510880663365388,0.056617279636790606,1.130308403052517,0.3972390771015313,0.2876960047381729,0.11844980211019096,0.07232224587657732,17354.293327163396,33724359.763024695,18.48256337835899,0.5134045382877497,2021-10-01,2024-09-30
36,21,cvar,2021-10-01,2024-09-30,753,1000000.0,1623610.3478281286,0.6236103478281285,0.17608883702062594,0.18481569537433393,0.9701902928161248,1.419419101633472,-0.22819415460527492,0.7716623474655625,0.5325365205843293,1.0060998996400854,0.051104252597262936,0.9573152346042065,0.053430990873175446,0.9710007360923039,0.3972390771015313,0.22637127072659724,0.11844980211019096,0.05763903491043498,13778.377405382837,26780049.836737655,14.932390347440904,0.4147886207622473,2021-10-01,2024-09-30
36,21,median_mad_de,2021-10-01,2024-09-30,753,1000000.0,1677763.72764755,0.6777637276475499,0.18907353789710313,0.1801437237693116,1.0516242554123265,1.5390523176888462,-0.20813969444478964,0.9083973069214631,0.5351925630810093,0.9697365201516343,0.06587496697954309,0.9466454042314677,0.058299602149991206,1.063791946166296,0.3972390771015313,0.2805246505460186,0.11844980211019096,0.07062373578691217,19722.02998853827,38296901.28397155,21.064984502244254,0.5851384583956737,2021-10-01,2024-09-30
36,21,score_weighted,2021-10-01,2024-09-30,753,1000000.0,1786389.909184793,0.786389909184793,0.21430201433722695,0.19572766100981953,1.090144056639033,1.6099932490877171,-0.23146670566916572,0.9258437999438581,0.5285524568393094,1.073588522085711,0.07656947694329735,0.9645802575526651,0.05322796849334644,1.6146865390177592,0.3972390771015313,0.38915083208326173,0.11844980211019096,0.095852212227036,18583.559195685644,36258890.90825021,18.34751214238837,0.5096531150663437,2021-10-01,2024-09-30
36,21,top_n_equal_weight,2021-10-01,2024-09-30,753,1000000.0,1740330.3149540713,0.7403303149540712,0.20373288634607545,0.18942536164512758,1.073843411562016,1.5836622345818758,-0.22702982056315413,0.8973838143408212,0.5312084993359893,1.0402498467718864,0.07085948326489158,0.9657222792451831,0.0496773966488455,1.5296356002361526,0.3972390771015313,0.3430912378525399,0.11844980211019096,0.08528308423588449,16867.410533034716,32834596.779801156,17.01931942200906,0.472758872833585,2021-10-01,2024-09-30
36,22,alpha_risk_turnover,2021-11-01,2024-10-31,755,1000000.0,1492120.08031303,0.4921200803130299,0.14290814094901605,0.18258074984945843,0.8229487022508509,1.2063916030843609,-0.2097215610265819,0.681418449536062,0.5139072847682119,0.9866950742641984,0.05015421322627719,0.9490357010276972,0.057591133183396065,0.8474295194357573,0.2939804147996148,0.1981396655134151,0.08982972873865025,0.0530784122103658,17412.767930321817,33839862.62378335,18.385463843240764,0.5107073289789101,2021-11-01,2024-10-31
36,22,cvar,2021-11-01,2024-10-31,755,1000000.0,1431869.5747064033,0.4318695747064034,0.12729258899389184,0.18417277331233917,0.7427124756521081,1.0805392090894785,-0.2281941546052757,0.5578258094037476,0.5231788079470199,1.002382079688047,0.03509558921030491,0.9557899119136262,0.05415769532652888,0.6524880974759483,0.2939804147996148,0.13788915990678863,0.08982972873865025,0.03746286025524159,13773.839213386056,26774767.962590657,14.833473581382268,0.41204093281617404,2021-11-01,2024-10-31
36,22,median_mad_de,2021-11-01,2024-10-31,755,1000000.0,1474257.0717314864,0.47425707173148646,0.13832296739718486,0.17952366979194048,0.8115179618035967,1.1800401397174007,-0.2081396944447893,0.6645679372507973,0.5245033112582781,0.966625372553712,0.04762237923329783,0.9455642619381701,0.05871661394725849,0.7533901361812068,0.2939804147996148,0.18027665693187167,0.08982972873865025,0.04849323865853461,19707.4292138543,38269383.57226365,20.824336461758172,0.5784537906043937,2021-11-01,2024-10-31
36,22,score_weighted,2021-11-01,2024-10-31,755,1000000.0,1584436.798468683,0.5844367984686829,0.16603938155822706,0.1951038013994339,0.8849830380722445,1.3008519488455008,-0.23146670566916605,0.7173359169657261,0.519205298013245,1.0703854562997137,0.06407277393163582,0.9634496973287481,0.05370792276272939,1.3259382677912896,0.2939804147996148,0.2904563836690681,0.08982972873865025,0.07620965281957681,18624.143915094923,36340283.92712862,18.196430279481767,0.5054563966522713,2021-11-01,2024-10-31
36,22,top_n_equal_weight,2021-11-01,2024-10-31,755,1000000.0,1547150.569382741,0.5471505693827412,0.15680779395900135,0.1886990804957652,0.8663815360263172,1.271750509467332,-0.22702982056315435,0.690692498324823,0.5205298013245033,1.0363231519996245,0.05835024462203511,0.9644506121063879,0.05027254041535534,1.2339785072905034,0.2939804147996148,0.2531701545831264,0.08982972873865025,0.0669780652203511,16866.611962751285,32834022.56720248,16.861496197177765,0.468374894366049,2021-11-01,2024-10-31
36,23,alpha_risk_turnover,2021-12-01,2024-11-29,754,1000000.0,1569777.4319745859,0.5697774319745859,0.16265942137668343,0.1820902149176992,0.9188041168515096,1.357744342749707,-0.20972156102658168,0.7755970372357983,0.5145888594164456,0.9836405539101568,0.04570255953635793,0.9486271311163712,0.057684238333758756,0.7572280114022568,0.38225140440567795,0.1875260275689079,0.11426028106634023,0.0483991403103432,17408.03759853544,33824532.57520972,18.15362706048159,0.5042674183467108,2021-12-01,2024-11-29
36,23,cvar,2021-12-01,2024-11-29,754,1000000.0,1499315.1663884146,0.49931516638841456,0.14494993790106814,0.1838983086361672,0.828078051590668,1.2143666622087799,-0.2281941546052757,0.6352044299811218,0.5251989389920424,1.0012866787208017,0.028497969275508933,0.9561508768485133,0.05385960792677856,0.5320691365444645,0.38225140440567795,0.1170637619827366,0.11426028106634023,0.030689656834727908,13651.037116540982,26530616.16090422,14.541436039989222,0.40392877888858947,2021-12-01,2024-11-29
36,23,median_mad_de,2021-12-01,2024-11-29,754,1000000.0,1553873.4568014652,0.5538734568014652,0.15870921450201303,0.17950053923789347,0.9105101738906344,1.3370577761327456,-0.20813969444478908,0.7625129599876109,0.5265251989389921,0.9667521697508757,0.043922216111449315,0.9457908805652773,0.05858915539482822,0.679510549429069,0.38225140440567795,0.1716220523957872,0.11426028106634023,0.0444489334356728,19648.59389572983,38145939.03847088,20.5466298196353,0.5707397172120918,2021-12-01,2024-11-29
36,23,score_weighted,2021-12-01,2024-11-29,754,1000000.0,1674334.8452110942,0.6743348452110942,0.18798790914762487,0.19511494532455298,0.9805526125861923,1.4540277874701404,-0.2314667056691656,0.8121596088912899,0.5185676392572944,1.0704617084535968,0.058984514346960386,0.9634436628738564,0.053717973534793746,1.2601992762575687,0.38225140440567795,0.29208344080541626,0.11426028106634023,0.07372762808128464,18741.250903792672,36563587.59469586,18.050795393676367,0.5014109831576768,2021-12-01,2024-11-29
36,23,top_n_equal_weight,2021-12-01,2024-11-29,754,1000000.0,1642749.1748538697,0.6427491748538696,0.18045024937104603,0.18877942727599986,0.9733023764800617,1.441841621070223,-0.2270298205631549,0.7948306038538606,0.5225464190981433,1.0367331561425754,0.0555732064127958,0.9644018797410947,0.05033605335710629,1.1942602402648768,0.38225140440567795,0.26049777044819167,0.11426028106634023,0.0661899683047058,16833.194193401512,32761697.21690152,16.61839256581019,0.4616220157169497,2021-12-01,2024-11-29
36,24,alpha_risk_turnover,2022-01-03,2024-12-31,753,1000000.0,1491699.0945774931,0.49169909457749306,0.14320573482079824,0.18150320689276103,0.8281947920446954,1.2129312244934225,-0.20972156102658157,0.6828374446566672,0.5166002656042497,0.98245646884215,0.05170674830363796,0.947181231527307,0.05828875537733477,0.856869055225724,0.2893637019319757,0.20233539264551736,0.08877563673601219,0.05443009808478605,17562.973381726577,34119131.27312416,18.062348849649062,0.5017319124902517,2022-01-03,2024-12-31
36,24,cvar,2022-01-03,2024-12-31,753,1000000.0,1418042.713309136,0.418042713309136,0.12399544386999506,0.1828917997468549,0.7306029762707188,1.062449688280066,-0.22819415460527503,0.5433769505817514,0.5245683930942895,0.9978932574089014,0.0334585758529461,0.9547593600337551,0.054389520535033375,0.6112779257101555,0.2893637019319757,0.1286790113771603,0.08877563673601219,0.03521980713398287,14022.485049268413,27248208.801520884,14.721582253942586,0.40893284038729405,2022-01-03,2024-12-31
36,24,median_mad_de,2022-01-03,2024-12-31,753,1000000.0,1480047.5906461193,0.48004759064611924,0.14020959103493635,0.17861704495858033,0.8240006869460755,1.1988771544275445,-0.20813969444478952,0.6736321556008045,0.5258964143426295,0.9645285889520151,0.05036680160378158,0.9449226838544472,0.05878881247965807,0.7961784876129053,0.2893637019319757,0.19068388871414355,0.08877563673601219,0.05143395429892417,19727.486521889365,38297807.112944394,20.368321972593854,0.5657867214609404,2022-01-03,2024-12-31
36,24,score_weighted,2022-01-03,2024-12-31,753,1000000.0,1596053.7967737073,0.5960537967737072,0.16937057105947861,0.19442788300814767,0.9020597016947851,1.3273626218096175,-0.23146670566916627,0.7317275742523366,0.5205843293492696,1.0691314567261483,0.06807236493316857,0.9622249871298255,0.05429874972285942,1.3814568216174528,0.2893637019319757,0.3066900948417315,0.08877563673601219,0.08059493432346643,18887.08464890372,36845742.274828136,17.94170413233312,0.4983806703425866,2022-01-03,2024-12-31
36,24,top_n_equal_weight,2022-01-03,2024-12-31,753,1000000.0,1547347.440128939,0.5473474401289391,0.15730471796194867,0.18785673287872084,0.8717047500409556,1.2800125455977436,-0.22702982056315413,0.6928813033096256,0.5232403718459495,1.0345453313480852,0.05991396713528605,0.963666651898848,0.050540808685392485,1.2540643509398242,0.2893637019319757,0.2579837381969634,0.08877563673601219,0.06852908122593648,17047.75729238851,33177782.5371163,16.606415918456317,0.46128933106823106,2022-01-03,2024-12-31
36,25,alpha_risk_turnover,2022-02-01,2025-01-31,753,1000000.0,1634435.6059153583,0.6344356059153582,0.17870726930147085,0.18025759344867764,1.002432825778657,1.474927835651396,-0.2013480081646365,0.8875541950002656,0.5245683930942895,0.9816508487775449,0.055865818973998504,0.9459407190438076,0.05855148363016059,0.9142803994146587,0.39770856221759243,0.23672704369776576,0.11857555692668909,0.060131712374781765,17917.884569310045,34800139.41005491,18.207196647544258,0.5057554624317848,2022-02-01,2025-01-31
36,25,cvar,2022-02-01,2025-01-31,753,1000000.0,1542866.1995324716,0.5428661995324715,0.15618196917060412,0.1810409700366079,0.8922542153596258,1.3033420047291069,-0.21471266900885155,0.7273998776670486,0.5285524568393094,0.9926875656264094,0.035300789620220034,0.9524367771433156,0.05518436696716956,0.6228378728942021,0.39770856221759243,0.14515763731487907,0.11857555692668909,0.03760641224391503,14337.42773910749,27853750.222209573,14.884062170981704,0.4134461714161584,2022-02-01,2025-01-31
36,25,median_mad_de,2022-02-01,2025-01-31,753,1000000.0,1632256.143761357,0.632256143761357,0.17818102694861437,0.17720592125727286,1.0141212385164315,1.485883330510261,-0.1946941789015414,0.9151841516469895,0.5285524568393094,0.9630481740663172,0.05724356265078818,0.943996155040913,0.05882147791978542,0.893289921759727,0.39770856221759243,0.23454758154376454,0.11857555692668909,0.05960547002192529,19947.766082598384,38726313.35731757,20.403283645329473,0.56675787903693,2022-02-01,2025-01-31
36,25,score_weighted,2022-02-01,2025-01-31,753,1000000.0,1753455.7002980958,0.7534557002980957,0.20676349335224442,0.19285231967515717,1.0711801943722978,1.5842120482678865,-0.21828188007289095,0.9472315946848168,0.5272244355909694,1.0673263320510251,0.07085446788908968,0.9613306737030352,0.05438318062676979,1.4603031567921423,0.39770856221759243,0.3557471380805033,0.11857555692668909,0.08818793642555534,19220.64050611307,37490913.59443164,18.00915444015877,0.5002542900044102,2022-02-01,2025-01-31
36,25,top_n_equal_weight,2022-02-01,2025-01-31,753,1000000.0,1705225.8429328254,0.7052258429328255,0.19555193465112874,0.1862623667257299,1.0522463683115753,1.5529668098046228,-0.2103603611726692,0.9296044823321761,0.5325365205843293,1.0320805076148152,0.06475076941087278,0.9624737677510127,0.05085312853420561,1.353510511449778,0.39770856221759243,0.3075172807152331,0.11857555692668909,0.07697637772443966,17268.34827901703,33602280.27023645,16.622908926163092,0.461747470171197,2022-02-01,2025-01-31
36,26,alpha_risk_turnover,2022-03-01,2025-02-28,753,1000000.0,1659602.326752374,0.6596023267523738,0.1847503573855489,0.1776262844028643,1.0434349216288228,1.5407217600788248,-0.20134800816463672,0.9175673455606456,0.5245683930942895,0.9797969863547543,0.0555070079351333,0.9452001562038688,0.05809669749805996,0.909343846959314,0.421935892758033,0.23766643399434084,0.12502722835581803,0.05972312902973087,18017.705453522405,34983297.29678904,18.029945670931998,0.5008318241925555,2022-03-01,2025-02-28
36,26,cvar,2022-03-01,2025-02-28,753,1000000.0,1585973.2352153175,0.5859732352153175,0.16689366419553098,0.17848430558231856,0.9541465594831365,1.4024052216005043,-0.2147126690088511,0.7772883871545144,0.5285524568393094,0.9910379640970076,0.03897616600722162,0.9514482558033818,0.05496048698079774,0.6875592707121482,0.421935892758033,0.16403734245728452,0.12502722835581803,0.041866435839712945,14447.673211782087,28065544.235661127,14.81741437613946,0.41159484378165173,2022-03-01,2025-02-28
36,26,median_mad_de,2022-03-01,2025-02-28,753,1000000.0,1652180.8933642316,0.6521808933642315,0.1829746828377692,0.17453971600419824,1.0501935740012784,1.5460289475302245,-0.1946941789015415,0.9398056165320743,0.5298804780876494,0.9607014225360057,0.0559964115407411,0.9431680607863504,0.058391956160080395,0.8697926520868055,0.421935892758033,0.23024500060619846,0.12502722835581803,0.057947454481951155,20012.437319605517,38850994.691495806,20.265593359422688,0.5629331488728526,2022-03-01,2025-02-28
36,26,score_weighted,2022-03-01,2025-02-28,753,1000000.0,1793965.6703343769,0.7939656703343769,0.2160229736615611,0.19034062710707167,1.1229678634528333,1.6679986418721737,-0.2182818800728913,0.9896514249805074,0.5285524568393094,1.0676790877133455,0.07226654982788483,0.9611787423833732,0.0537851769372798,1.5103569092805316,0.421935892758033,0.3720297775763439,0.12502722835581803,0.09099574530574306,19513.90152467792,38055274.89449354,17.971285043560613,0.499202362321128,2022-03-01,2025-02-28
36,26,top_n_equal_weight,2022-03-01,2025-02-28,753,1000000.0,1756876.294985287,0.756876294985287,0.2075508163174553,0.18375466022960713,1.1184585862202243,1.658967697266182,-0.2103603611726691,0.9866441337162963,0.5338645418326693,1.0317535339951294,0.06880267234839828,0.962127260006628,0.05038629477819452,1.4490127536977824,0.421935892758033,0.33494040222725396,0.12502722835581803,0.08252358796163728,17536.917551588907,34117323.91304739,16.60476908168081,0.46124358560224465,2022-03-01,2025-02-28
36,27,alpha_risk_turnover,2022-04-01,2025-03-31,751,1000000.0,1470711.4573459602,0.4707114573459601,0.1381887258945793,0.17643818755336035,0.8219181242468828,1.1970759762276095,-0.18905541044924756,0.7309429842087299,0.5193075898801598,0.9783064860554422,0.0461741265217402,0.9449081718815779,0.05787268613304315,0.7599839566041686,0.2940624377829697,0.1766490195629904,0.09035236161209981,0.047836364282479504,18182.131432140195,35299163.22889547,17.89271126779484,0.4970197574387456,2022-04-01,2025-03-31
36,27,cvar,2022-04-01,2025-03-31,751,1000000.0,1389552.126888746,0.38955212688874585,0.11671416410825075,0.17773816830613196,0.7099978644461614,1.0285317802499785,-0.20193564155723287,0.5779770386654179,0.525965379494008,0.9917672408568019,0.025990089125023593,0.9509032215139984,0.05502578822111198,0.4572090572179608,0.2940624377829697,0.09548968910577615,0.09035236161209981,0.026361802496150943,14987.696811969283,29110080.752802998,15.104705078384818,0.419575141066245,2022-04-01,2025-03-31
36,27,median_mad_de,2022-04-01,2025-03-31,751,1000000.0,1458622.0056293819,0.45862200562938193,0.13504065977290236,0.17425569888939635,0.8141429985397702,1.1786400949234483,-0.17895329394570103,0.7546139933801784,0.525965379494008,0.9639722176178711,0.04447370856095388,0.9427244852607721,0.05845024387614329,0.698604887266288,0.2940624377829697,0.16455956784641224,0.09035236161209981,0.04468829816080255,20313.119329475376,39430843.33107847,20.29482091952903,0.5637450255424732,2022-04-01,2025-03-31
36,27,score_weighted,2022-04-01,2025-03-31,751,1000000.0,1585793.8617797801,0.5857938617797802,0.1673290972382111,0.18952246987448593,0.9112405938440921,1.3348323413992387,-0.20612653784519575,0.8117785268575066,0.525965379494008,1.0685819789500717,0.06473592700865338,0.9608473533161561,0.05379743050078092,1.3321293629722517,0.2940624377829697,0.2917314239968105,0.09035236161209981,0.07697673562611129,20032.429063287713,39061837.31236809,18.081827099842904,0.5022729749956363,2022-04-01,2025-03-31
36,27,top_n_equal_weight,2022-04-01,2025-03-31,751,1000000.0,1557870.4177444524,0.5578704177444525,0.16039109658943307,0.18250832136450704,0.9064473435645611,1.3269675069210858,-0.19823840716549168,0.8090818468670239,0.5299600532623169,1.0300148012534995,0.06136619352039882,0.9617629767903652,0.05024697359303807,1.2816443917237446,0.2940624377829697,0.26380797996148275,0.09035236161209981,0.07003873497733326,18006.12477273256,35025347.439155124,16.71614284789829,0.46433730133050805,2022-04-01,2025-03-31
36,28,alpha_risk_turnover,2022-05-02,2025-04-30,752,1000000.0,1588427.788422702,0.588427788422702,0.16773819082924457,0.18927766307597885,0.913800861637164,1.3518177456796114,-0.20378018092018202,0.823132995916543,0.523936170212766,0.9685850137467338,0.045571235929962615,0.9527159660057098,0.05781096236320435,0.7168096220176369,0.40626962465534033,0.1821581637673617,0.12103386346867073,0.04670432736057384,17985.56681021847,34905996.19048999,17.45287024234646,0.48480195117629055,2022-05-02,2025-04-30
36,28,cvar,2022-05-02,2025-04-30,752,1000000.0,1471152.9829494993,0.47115298294949937,0.1381073058922011,0.19120382860384053,0.7720192417838239,1.1337219673447299,-0.21341238726299683,0.6471381894154336,0.5319148936170213,0.9831986623709688,0.018300153496406665,0.9573478322840718,0.05533452149401616,0.2907840679382623,0.40626962465534033,0.06488335829415903,0.12103386346867073,0.01707344242353037,14972.354133825602,29075361.297264192,14.932090058879304,0.414780279413314,2022-05-02,2025-04-30
36,28,median_mad_de,2022-05-02,2025-04-30,752,1000000.0,1562487.7529931192,0.5624877529931191,0.16131273123896528,0.18709925844518185,0.8927515559339996,1.3160343170131377,-0.20533515879898734,0.7856069665930043,0.5279255319148937,0.9550273295485624,0.04142544079800573,0.9503176534908621,0.058839370193915046,0.6035162586980246,0.40626962465534033,0.15621812833777882,0.12103386346867073,0.040278867770294546,20427.847909480493,39642561.496007964,20.146751115223502,0.5596319754228751,2022-05-02,2025-04-30
36,28,score_weighted,2022-05-02,2025-04-30,752,1000000.0,1738063.4407009494,0.7380634407009494,0.20350395858687675,0.201936648000089,1.0182525544752983,1.5102825379524,-0.20727210098291204,0.9818203107018926,0.5319148936170213,1.047533969429622,0.06784807710928256,0.965779617672831,0.05311751148688352,1.3950177270468243,0.40626962465534033,0.3317938160456091,0.12103386346867073,0.08247009511820602,20144.140858522565,39269376.27226479,17.89297550209612,0.4970270972804478,2022-05-02,2025-04-30
36,28,top_n_equal_weight,2022-05-02,2025-04-30,752,1000000.0,1678423.4988678796,0.6784234988678797,0.18950410564191333,0.19456831952370895,0.9891860694788358,1.4628865171520464,-0.20387767208643637,0.9294990653099611,0.5345744680851063,1.0096622503203871,0.05967082906071813,0.9661155103263377,0.05025225501935763,1.2127144082157242,0.40626962465534033,0.27215387421253934,0.12103386346867073,0.0684702421732426,18030.705289439302,35062577.38847487,16.489611661248386,0.4580447683680106,2022-05-02,2025-04-30
36,29,alpha_risk_turnover,2022-06-01,2025-05-30,752,1000000.0,1649929.7718572454,0.6499297718572454,0.1826985474915115,0.18448358629623676,1.0016470241452173,1.5098106489979208,-0.20378018092018202,0.8965471846502682,0.5199468085106383,0.9657800908162525,0.039638637538327484,0.949041216552389,0.058470393173492737,0.5899681018429404,0.49128030052403493,0.1586494713332105,0.1433016305592818,0.039396916932229686,18518.975893675088,35935248.859181166,17.716975583482462,0.4921382106522907,2022-06-01,2025-05-30
36,29,cvar,2022-06-01,2025-05-30,752,1000000.0,1556870.3604302523,0.5568703604302523,0.15991195155076032,0.18671803907744372,0.8876248967684817,1.3289783049605035,-0.21341238726299694,0.7493096047592317,0.5279255319148937,0.9825908872531834,0.018060258158238564,0.9540057947427948,0.05606475927291114,0.275463803261246,0.49128030052403493,0.06559005990621736,0.1433016305592818,0.016610320991478522,15170.492888710829,29455392.759497188,14.992343395031837,0.4164539831953287,2022-06-01,2025-05-30
36,29,median_mad_de,2022-06-01,2025-05-30,752,1000000.0,1633896.8641833095,0.6338968641833096,0.1788347717497516,0.18278359745558992,0.991354314490708,1.4886720747612578,-0.205335158798987,0.8709408208305038,0.5292553191489362,0.9547984139841117,0.03770496590726674,0.9469761180888244,0.0592980174179038,0.5212912835718472,0.49128030052403493,0.14261656365927466,0.1433016305592818,0.0355331411904698,20558.744562676147,39896017.60754495,20.056437358714277,0.5571232599642856,2022-06-01,2025-05-30
36,29,score_weighted,2022-06-01,2025-05-30,752,1000000.0,1843640.907461548,0.8436409074615481,0.2275235589137634,0.19678007517084983,1.1400932476433463,1.7290411604391125,-0.20727210098291204,1.0977046975199085,0.5292553191489362,1.0452636229119694,0.06725311670131252,0.9629622729249445,0.05368978542006891,1.3793287876070994,0.49128030052403493,0.35236060693751314,0.1433016305592818,0.08422192835448161,20566.107234469655,40085203.55644582,17.9852963459589,0.499591565165525,2022-06-01,2025-05-30
36,29,top_n_equal_weight,2022-06-01,2025-05-30,752,1000000.0,1780549.0566993158,0.7805490566993158,0.2132833165043826,0.18959435499779131,1.1144557770578292,1.686046586223952,-0.2038776720864366,1.0461337640443449,0.5305851063829787,1.0071320792311065,0.05993086308255125,0.9629984436138166,0.051113352483027376,1.1934798427164588,0.49128030052403493,0.2892687561752809,0.1433016305592818,0.06998168594510079,18364.548217904645,35707730.77402307,16.561614601252145,0.4600448500347818,2022-06-01,2025-05-30
36,30,alpha_risk_turnover,2022-07-01,2025-06-30,751,1000000.0,1891593.4749587988,0.8915934749587988,0.23848368408037657,0.1790223146409186,1.2842844060278686,1.9661316723831324,-0.20378018092018257,1.1702987160158955,0.5312916111850865,0.9667841894368442,0.041303933501192866,0.945924233895206,0.05836334396047816,0.5966725009580008,0.7088217518430335,0.18277172311576528,0.19696652047778707,0.0415171636025895,18710.23353091375,36302153.99137332,17.6339174466411,0.489831040184475,2022-07-01,2025-06-30
36,30,cvar,2022-07-01,2025-06-30,751,1000000.0,1803440.869378179,0.8034408693781792,0.2188090210372875,0.18054351909944566,1.1861920418381156,1.8103226123410787,-0.21341238726299705,1.0252873502025914,0.5379494007989347,0.9798603700235128,0.022996596892924544,0.9506404075444357,0.05613265838870233,0.3396867614927012,0.7088217518430335,0.09461911753514562,0.19696652047778707,0.021842500559500433,15240.2616018213,29590495.123632703,14.901889222098527,0.4139413672805146,2022-07-01,2025-06-30
36,30,median_mad_de,2022-07-01,2025-06-30,751,1000000.0,1876613.350848879,0.8766133508488789,0.23518390661243993,0.1777966635381447,1.2768994605369706,1.9496186056376694,-0.20533515879898734,1.1453659859716134,0.5406125166444741,0.9580818112962035,0.040114592541817616,0.9438717087702962,0.05918562127807482,0.5396023298953733,0.7088217518430335,0.1677915990058454,0.19696652047778707,0.038217386134652864,20664.142319620183,40090591.828829855,19.887162555285414,0.5524211820912615,2022-07-01,2025-06-30
36,30,score_weighted,2022-07-01,2025-06-30,751,1000000.0,2161160.1056863805,1.1611601056863807,0.2951052754305612,0.19027152810113904,1.4543570053087913,2.252605864535621,-0.20727210098291227,1.4237578238032624,0.5392809587217043,1.0431327183795112,0.0732161270440435,0.9602841083985494,0.0536252130042407,1.5222497144965912,0.7088217518430335,0.4523383538433472,0.19696652047778707,0.09813875495277413,20797.43828272829,40526094.96291129,17.90827427252717,0.4974520631257547,2022-07-01,2025-06-30
36,30,top_n_equal_weight,2022-07-01,2025-06-30,751,1000000.0,2074597.2500307707,1.0745972500307706,0.27746190747460164,0.18324890873060273,1.4280812327868744,2.2067591151761037,-0.20387767208643637,1.3609234627564728,0.5406125166444741,1.0044806592709505,0.0657284231438457,0.9601391144205167,0.05122822271167142,1.3001146505224843,0.7088217518430335,0.365775498187737,0.19696652047778707,0.08049538699681458,18568.22751780494,36092761.54257082,16.49851330374812,0.45829203621522563,2022-07-01,2025-06-30
36,31,alpha_risk_turnover,2022-08-01,2025-07-31,753,1000000.0,1730742.3016464387,0.7307423016464387,0.2015094212897215,0.17656550317832878,1.1279137749571295,1.7072978251045976,-0.20378018092018202,0.9888568180663754,0.5312084993359893,0.9666156348856879,0.032649515658587994,0.9434190185409633,0.05883162071744758,0.45722016538295746,0.600767961600988,0.12997434004545072,0.17052532305185997,0.030984098237861524,18854.093083118012,36572337.17908624,17.425813995599402,0.4840503887666501,2022-08-01,2025-07-31
36,31,cvar,2022-08-01,2025-07-31,753,1000000.0,1653154.3577625959,0.6531543577625958,0.18320789886151245,0.17837039860566486,1.0321643145332222,1.5578855166373087,-0.21341238726299694,0.8584689071292649,0.5351925630810093,0.9818342065896549,0.014984988414597005,0.9485758063942016,0.056549874972055984,0.20965387373176714,0.600767961600988,0.052386396161607784,0.17052532305185997,0.012682575809652485,15427.848133953135,29959128.49506679,14.830466415424468,0.41195740042845747,2022-08-01,2025-07-31
36,31,median_mad_de,2022-08-01,2025-07-31,753,1000000.0,1758610.5362041213,0.7586105362041213,0.20794959941385094,0.17529638015699758,1.1653296611358297,1.7628905222560858,-0.20533515879898723,1.0127325521364956,0.5418326693227091,0.9589296129810062,0.03910085375902973,0.9426933647144319,0.0589161095145917,0.5435934532619571,0.600767961600988,0.15784257460313333,0.17052532305185997,0.03742427636199097,20918.199092029874,40575199.17100991,19.71624765247384,0.5476735459020513,2022-08-01,2025-07-31
36,31,score_weighted,2022-08-01,2025-07-31,753,1000000.0,1948412.2204097433,0.9484122204097432,0.2501006584163732,0.18705015107179412,1.2869262612979921,1.969400570557443,-0.20727210098291193,1.206629629508084,0.5391766268260292,1.040456912974915,0.06149932131829577,0.9585675097921099,0.05373830278011293,1.2741022360031018,0.600767961600988,0.34764425880875516,0.17052532305185997,0.07957533536451322,20995.887342630114,40906976.870557606,17.755688697681194,0.4932135749355887,2022-08-01,2025-07-31
36,31,top_n_equal_weight,2022-08-01,2025-07-31,753,1000000.0,1877549.4720969342,0.8775494720969341,0.23469720464835753,0.18013166334104058,1.2604863758607023,1.9245517104977299,-0.2038776720864367,1.1511667866643802,0.5405046480743692,1.001630910984853,0.054520920515383785,0.9582400695725579,0.05151211399929087,1.06386330097747,0.600767961600988,0.2767815104959461,0.17052532305185997,0.06417188159649756,18799.102693392077,36534001.211322054,16.397278358639298,0.45547995440664707,2022-08-01,2025-07-31
36,32,alpha_risk_turnover,2022-09-01,2025-08-29,751,1000000.0,1846362.34340418,0.8463623434041798,0.22846655906208357,0.1749511866661054,1.2636092566938346,1.9286647103568466,-0.20378018092018202,1.121142193663921,0.5352862849533955,0.9661423907724256,0.034471958572790055,0.9407324236699683,0.05961430284976872,0.46855864025251337,0.7031051295942532,0.14325721380992662,0.19562137689015135,0.03284518217193222,19438.01404436882,37707710.65959655,17.584294689542325,0.4884526302650646,2022-09-01,2025-08-29
36,32,cvar,2022-09-01,2025-08-29,751,1000000.0,1783281.7440516355,0.7832817440516355,0.21422036072057637,0.17630791266939144,1.1890016500861431,1.8120932007119737,-0.21341238726299705,1.0037859726323366,0.5406125166444741,0.9798923747495302,0.02037678610764746,0.9467786195299569,0.056854230384020814,0.2900972666022223,0.7031051295942532,0.08017661445738233,0.19562137689015135,0.01859898383042502,15872.495880965913,30820053.578573182,14.939117409232837,0.414975483589801,2022-09-01,2025-08-29
36,32,median_mad_de,2022-09-01,2025-08-29,751,1000000.0,1865340.7493922738,0.8653407493922738,0.23268925271590435,0.17393930990161208,1.2896994791922467,1.963822261082429,-0.20533515879898767,1.1332168055237677,0.5486018641810919,0.9608745890975202,0.03874886518456918,0.9410459573054551,0.05921625200202164,0.5267522694974075,0.7031051295942532,0.1622356197980206,0.19562137689015135,0.037067875825752994,21503.075464740694,41708371.08318785,19.778229471973397,0.5493952631103722,2022-09-01,2025-08-29
36,32,score_weighted,2022-09-01,2025-08-29,751,1000000.0,2087953.5555564086,1.0879535555564086,0.2802157210017313,0.1849687262576857,1.4281140713727005,2.2051936962249363,-0.20727210098291216,1.3519220371333658,0.5446071904127829,1.0387825791675054,0.06352894196470793,0.9566833584776487,0.054253785836312365,1.309020142645601,0.7031051295942532,0.3848484259621554,0.19562137689015135,0.08459434411157996,21552.99305463676,41988475.04010016,17.787707442825997,0.4941029845229444,2022-09-01,2025-08-29
36,32,top_n_equal_weight,2022-09-01,2025-08-29,751,1000000.0,2000210.565190311,1.000210565190311,0.2619052249477971,0.17813582747655665,1.3950562290012523,2.1487577324732765,-0.20387767208643637,1.2846194596373421,0.5432756324900133,1.0001158258958915,0.05534998318895822,0.9564029164814651,0.05202465109750698,1.064348386838939,0.7031051295942532,0.29710543559605784,0.19562137689015135,0.06628384805764576,19261.725909291832,37431188.31176066,16.40194364707238,0.4556095457520104,2022-09-01,2025-08-29
36,33,alpha_risk_turnover,2022-10-03,2025-09-30,751,1000000.0,2047033.9138968373,1.0470339138968372,0.2717414141770136,0.17081438962135248,1.4928395715895588,2.326392152541321,-0.20378018092018257,1.3335026642431451,0.5406125166444741,0.961913947575191,0.027346407591983656,0.9327291732889659,0.06191406704521116,0.2960998175074597,0.9434326036086638,0.10360131028817343,0.24977041516877208,0.02197099900824151,19627.72721467188,38070426.00719622,17.45624381395397,0.48489566149872143,2022-10-03,2025-09-30
36,33,cvar,2022-10-03,2025-09-30,751,1000000.0,2044209.0469068547,1.0442090469068548,0.2711522564222233,0.17283382302024755,1.4746923937751144,2.2993449167776174,-0.21341238726299716,1.2705553782502363,0.5486018641810919,0.9796987335650407,0.023015602092645214,0.9388746263638262,0.0595945821518283,0.3055812670721865,0.9434326036086638,0.10077644329819102,0.24977041516877208,0.021381841253451217,16047.732332306161,31158403.379898712,14.815635309724021,0.4115454252701116,2022-10-03,2025-09-30
36,33,median_mad_de,2022-10-03,2025-09-30,751,1000000.0,2110869.087515281,1.110869087515281,0.2849133212925654,0.17020468610176617,1.5581915212682735,2.4221588778715017,-0.20533515879898745,1.3875525407291835,0.5565912117177098,0.9613062399816915,0.03770324969726457,0.9354789949982711,0.06048780661072978,0.4719258986718856,0.9434326036086638,0.16743648390661714,0.24977041516877208,0.03514290612379334,21966.68801188268,42598506.27563132,19.701447642333044,0.5472624345092512,2022-10-03,2025-09-30
36,33,score_weighted,2022-10-03,2025-09-30,751,1000000.0,2374670.8517203038,1.3746708517203037,0.33670232467646444,0.1805955243244965,1.6975579371058358,2.6785375503430306,-0.2072721009829125,1.6244459484888523,0.5525965379494008,1.0367980345413494,0.06119679551436533,0.9508915195242884,0.05623000965478502,1.243208562146319,0.9434326036086638,0.4312382481116399,0.24977041516877208,0.08693190950769236,21692.580760892848,42260177.2370594,17.495944815589578,0.4859984670997106,2022-10-03,2025-09-30
36,33,top_n_equal_weight,2022-10-03,2025-09-30,751,1000000.0,2267062.632545394,1.267062632545394,0.3160630823500217,0.17376462785345792,1.6677575420322774,2.624863294990844,-0.20387767208643592,1.550258442307619,0.5512649800266312,0.9981159236355758,0.0535774286905724,0.9514005576990419,0.053512792466532524,0.9928753466533307,0.9434326036086638,0.3236300289367302,0.24977041516877208,0.0662926671812496,19413.556039374198,37726397.05249645,16.14699227974336,0.4485275633262043,2022-10-03,2025-09-30
36,34,alpha_risk_turnover,2022-11-01,2025-10-31,753,1000000.0,1865685.6583233166,0.8656856583233166,0.23208074448797267,0.16639014585456763,1.3375461123449097,2.0385501023168837,-0.20378018092018213,1.1388778999017353,0.5444887118193891,0.9639623300774365,0.013400703859992693,0.9301744120320474,0.061358231472198245,0.0909658367870781,0.8401957376486577,0.025489920674658828,0.22642149002722056,0.005659254460752106,19824.462166686255,38445301.0438095,17.28789390763277,0.4802192752120214,2022-11-01,2025-10-31
36,34,cvar,2022-11-01,2025-10-31,753,1000000.0,1853137.2823213846,0.8531372823213847,0.22930123559964866,0.1685656790743315,1.3090074169955146,1.9967113679354023,-0.21341238726299705,1.0744513874776684,0.549800796812749,0.9828679926479801,0.00739791716586072,0.9361769974450809,0.059319532228515895,0.06204928073894149,0.8401957376486577,0.012941544672727012,0.22642149002722056,0.002879745572428094,15894.619749750547,30864773.86912795,14.436498016337064,0.40101383378714056,2022-11-01,2025-10-31
36,34,median_mad_de,2022-11-01,2025-10-31,753,1000000.0,1920054.632139532,0.920054632139532,0.24398203486590764,0.16594644935776573,1.398672012635352,2.1263835904742763,-0.20533515879898734,1.1882136322535666,0.5590969455511288,0.965521201991994,0.02261263235253419,0.9341697037360741,0.05947271708292842,0.2544303540257201,0.8401957376486577,0.07985889449087424,0.22642149002722056,0.017560544838687075,22409.987759656033,43453399.62464386,19.633294611649752,0.5453692947680487,2022-11-01,2025-10-31
36,34,score_weighted,2022-11-01,2025-10-31,753,1000000.0,2228909.4137651064,1.2289094137651064,0.3076547035741004,0.1761295668987171,1.6112646708843859,2.503215904475108,-0.2072721009829125,1.4843034934038877,0.5577689243027888,1.040794599054565,0.05796703266480823,0.9487781856220057,0.05603104768847473,1.1925238157768605,0.8401957376486577,0.3887136761164487,0.22642149002722056,0.08123321354687985,21776.815976399404,42422391.21090332,17.219008463206983,0.4783057906446383,2022-11-01,2025-10-31
36,34,top_n_equal_weight,2022-11-01,2025-10-31,753,1000000.0,2134732.568748559,1.134732568748559,0.28889795254158845,0.16900339923876984,1.5864368076457465,2.4569111698304473,-0.2038776720864368,1.4170161429894397,0.5564409030544488,0.9995620203910173,0.0512352530642525,0.9496120883006691,0.052970382238557594,0.9654493918636008,0.8401957376486577,0.29453683109990125,0.22642149002722056,0.06247646251436789,19533.23091883318,37956295.11556798,15.921828539875992,0.44227301499655525,2022-11-01,2025-10-31
36,35,alpha_risk_turnover,2022-12-01,2025-11-28,751,1000000.0,1735721.097909986,0.735721097909986,0.20325622314532676,0.16127668254722696,1.2279827988911443,1.8327198395616922,-0.2037801809201819,0.9974288089622397,0.5446071904127829,0.9558897348528331,0.0075470011426102945,0.9241819060864143,0.06198284409255127,-0.02006482293510869,0.7466833826983752,-0.010962284788389232,0.20580088945738972,-0.00254466631206296,20199.196763452223,39169858.88955931,17.258878164662335,0.47941328235173153,2022-12-01,2025-11-28
36,35,cvar,2022-12-01,2025-11-28,751,1000000.0,1697223.8210839285,0.6972238210839286,0.1942343473844217,0.1638649096716688,1.165168368702046,1.7378313088787882,-0.21341238726299716,0.9101362384605091,0.5472703062583223,0.9801933436995839,-0.004411215203996742,0.9327108550892051,0.059174447562031655,-0.14125112572526,0.7466833826983752,-0.049459561614446645,0.20580088945738972,-0.011566542072968033,16017.530713183627,31099962.32621954,14.352039128668986,0.39866775357413853,2022-12-01,2025-11-28
36,35,median_mad_de,2022-12-01,2025-11-28,751,1000000.0,1797011.173401406,0.797011173401406,0.21734919901214456,0.16202096617189668,1.2949979734288823,1.9341809828888217,-0.20533515879898678,1.0585094159394248,0.559254327563249,0.9662347179630809,0.017257194065646766,0.929892330201935,0.059828575071002685,0.175972033616836,0.7466833826983752,0.05032779070303084,0.20580088945738972,0.011548309554754832,22639.677898521644,43898596.413828276,19.5092392794605,0.5419233133183472,2022-12-01,2025-11-28
36,35,score_weighted,2022-12-01,2025-11-28,751,1000000.0,2041680.430009786,1.041680430009786,0.27062442594240177,0.17014044365856149,1.4930525598171294,2.260684891921868,-0.2072721009829125,1.3056481053603641,0.5579227696404794,1.031046682708636,0.04855270610463521,0.9449134122829316,0.05590044984880814,0.9792400286390645,0.7466833826983752,0.29499704731141074,0.20580088945738972,0.06482353648501205,22216.338603013373,43265995.926031604,17.194344012256124,0.4776206670071146,2022-12-01,2025-11-28
36,35,top_n_equal_weight,2022-12-01,2025-11-28,751,1000000.0,1970260.0788003772,0.9702600788003772,0.2555330361823569,0.16358441842612834,1.4731484545958202,2.2275724159063937,-0.20387767208643648,1.2533644982664922,0.5552596537949401,0.9922643575151857,0.043237092256263064,0.9458160999704722,0.053130011586865845,0.784781804729751,0.7466833826983752,0.22357669610200204,0.20580088945738972,0.049732146724967174,19899.773329596457,38658660.15471822,15.909327002320687,0.44192575006446355,2022-12-01,2025-11-28
36,36,alpha_risk_turnover,2023-01-03,2025-12-31,752,1000000.0,1825738.33613452,0.8257383361345199,0.22351619367254094,0.1586260396948258,1.3511689718896924,2.031147600230786,-0.20378018092018213,1.0968495202194817,0.550531914893617,0.951580428706151,0.006099531490035686,0.9204263569929653,0.06245290254187991,-0.07198953959010801,0.8549759380103341,-0.029237601875814256,0.23004746584734193,-0.006531272174800984,20374.045636694944,39504926.019029066,17.15208704355565,0.47644686232099015,2023-01-03,2025-12-31
36,36,cvar,2023-01-03,2025-12-31,752,1000000.0,1777914.2787889868,0.7779142787889868,0.21268138265547942,0.16157461457551506,1.27431710250494,1.910495751220009,-0.21341238726299716,0.9965746852050491,0.5518617021276596,0.9796746776186477,-0.008481524041172354,0.930308054186318,0.05934419319130514,-0.2178687296926413,0.8549759380103341,-0.07706165922134733,0.23004746584734193,-0.017366083191862502,15957.345646013442,30980427.413625613,14.10132956094159,0.39170359891504414,2023-01-03,2025-12-31
36,36,median_mad_de,2023-01-03,2025-12-31,752,1000000.0,1873756.6123015548,0.8737566123015548,0.23420677709241255,0.1600796255307819,1.394727408158608,2.094446201769376,-0.2053351587989869,1.140607280615248,0.5625,0.9681271133417403,0.011415536010931395,0.927928150933747,0.05987119570977598,0.07417427518281025,0.8549759380103341,0.018780674291220656,0.23004746584734193,0.004159311245070629,22987.53208482272,44571061.95480337,19.459594286806936,0.5405442857446372,2023-01-03,2025-12-31
36,36,score_weighted,2023-01-03,2025-12-31,752,1000000.0,2189839.444427874,1.1898394444278741,0.3003921104264833,0.16744184436049286,1.6528273975085626,2.5241668825109906,-0.20727210098291204,1.4492645609417942,0.5664893617021277,1.0283025259418668,0.05173258539147914,0.942269058635378,0.05623693907550322,1.030033464324387,0.8549759380103341,0.33486350641754004,0.23004746584734193,0.07034464457914136,22365.04575125628,43551464.73865721,16.971746854977198,0.4714374126382555,2023-01-03,2025-12-31
36,36,top_n_equal_weight,2023-01-03,2025-12-31,752,1000000.0,2097447.9757920033,1.0974479757920035,0.281742466861286,0.1609774012418595,1.6228348342089265,2.474289916745836,-0.20387767208643626,1.381919187020333,0.5625,0.9897193321402857,0.04466287854922124,0.9433333060200811,0.05344311310872771,0.793613865644052,0.8549759380103341,0.24247203778166937,0.23004746584734193,0.051695001013944086,20090.43638612896,39023099.91646245,15.754347055089127,0.4376207515302534,2023-01-03,2025-12-31
36,37,alpha_risk_turnover,2023-02-01,2026-01-30,752,1000000.0,1765073.9475674983,0.7650739475674984,0.209739397419495,0.15775465193242047,1.285930175401495,1.9229772824715874,-0.20378018092018235,1.0292433566031958,0.550531914893617,0.9507329385942966,0.009816142706846255,0.9155166515795988,0.06390134843742576,-0.0029339343471645658,0.7709437247873652,-0.005869777219866812,0.21108604427341326,-0.0013466468539182763,20449.30211159694,39652510.79809295,16.99797758386996,0.47216604399638773,2023-02-01,2026-01-30
36,37,cvar,2023-02-01,2026-01-30,752,1000000.0,1709383.8718789949,0.7093838718789949,0.1968122805435375,0.16047907783104193,1.1997865848713238,1.7874212294413299,-0.21341238726299672,0.9222158238687325,0.5531914893617021,0.9791450773762516,-0.0062737347241137685,0.926869319577293,0.060324550924157706,-0.17419615555656895,0.7709437247873652,-0.061559852908370294,0.21108604427341326,-0.014273763729875766,15895.680871021705,30863302.18566305,13.84157323555273,0.3844881454320203,2023-02-01,2026-01-30
36,37,median_mad_de,2023-02-01,2026-01-30,752,1000000.0,1830410.855786714,0.830410855786714,0.22456461509648773,0.15938309426750974,1.3508842313071885,2.019125964032182,-0.20533515879898734,1.0936491169363014,0.5625,0.9692312406702887,0.018506723454168303,0.9237937763599686,0.06120499502810955,0.20029671085547676,0.7709437247873652,0.05946713099934886,0.21108604427341326,0.013478570823074465,23421.042320710927,45408196.70850511,19.46205915065638,0.5406127541848995,2023-02-01,2026-01-30
36,37,score_weighted,2023-02-01,2026-01-30,752,1000000.0,2020350.0814138576,1.0203500814138575,0.2657572192565727,0.16527429131362595,1.508846777109253,2.2792024090426013,-0.2072721009829125,1.2821658968877907,0.5664893617021277,1.0216404744966685,0.04193055658151384,0.9390369216836122,0.05691901232441668,0.8138692205809488,0.7709437247873652,0.24940635662649235,0.21108604427341326,0.05467117498315943,22771.52566986982,44337844.310167775,16.924613482213992,0.470128152283722,2023-02-01,2026-01-30
36,37,top_n_equal_weight,2023-02-01,2026-01-30,752,1000000.0,1956746.610103109,0.956746610103109,0.2522617114510253,0.15872544883205889,1.4968747432423044,2.259541897069326,-0.20387767208643626,1.237318971074361,0.5625,0.9823378035580387,0.038129456310645606,0.9401652081444204,0.054147279756291376,0.6379483148758586,0.7709437247873652,0.18580288531574385,0.21108604427341326,0.04117566717761201,20349.842230354923,39512717.93888467,15.649668668985079,0.4347130185829189,2023-02-01,2026-01-30
36,38,alpha_risk_turnover,2023-03-01,2026-02-27,752,1000000.0,1874766.167021222,0.8747661670212219,0.23442957419487365,0.15743016349974245,1.4166886998565713,2.1321723123851544,-0.20378018092018224,1.1504041911057892,0.5545212765957447,0.9502423013930372,0.024816415719195507,0.913542566108574,0.06447495816086617,0.22392179937755322,0.8009190450842443,0.07384712193697762,0.21791711682961967,0.016512457365253974,20751.836884326625,40231099.93057363,16.978660288519215,0.4716294524588671,2023-03-01,2026-02-27
36,38,cvar,2023-03-01,2026-02-27,752,1000000.0,1793946.1483002757,0.7939461483002757,0.21633485139407704,0.160500294756701,1.300529249858176,1.949223688311247,-0.21341238726299705,1.0136939761021393,0.5558510638297872,0.9824713413208325,0.0037994841554797685,0.9264594834306317,0.06046965369227029,0.0023671863939053904,0.8009190450842443,-0.0069728967839686185,0.21791711682961967,-0.001582265435542629,16119.754828691737,31288172.041516073,13.81435886513584,0.38373219069821785,2023-03-01,2026-02-27
36,38,median_mad_de,2023-03-01,2026-02-27,752,1000000.0,1900398.1181068881,0.9003981181068881,0.24005972482686366,0.15936572086917428,1.4299687142912676,2.150999289269108,-0.20533515879898723,1.1691116427940624,0.5651595744680851,0.972882236112633,0.024952363594503268,0.9239484405030627,0.06109811084031088,0.3158168019849693,0.8009190450842443,0.0994790730226438,0.21791711682961967,0.02214260799724399,23388.50792985951,45343145.14049156,19.187198456118647,0.5329777348921847,2023-03-01,2026-02-27
36,38,score_weighted,2023-03-01,2026-02-27,752,1000000.0,2073187.6826572376,1.0731876826572377,0.2767551626529108,0.16463128243130648,1.5666890880540247,2.3750478140712934,-0.20727210098291216,1.3352263104416882,0.5664893617021277,1.0196822768367069,0.04522827960583099,0.9374214446078936,0.057401440429342754,0.8594531490496421,0.8009190450842443,0.27226863757299347,0.21791711682961967,0.05883804582329111,22978.311654260462,44731470.87127313,16.727391374073555,0.4646497603909321,2023-03-01,2026-02-27
36,38,top_n_equal_weight,2023-03-01,2026-02-27,752,1000000.0,2008196.8642375574,1.0081968642375574,0.2632005868880323,0.158103502661681,1.557192812349467,2.360648448309396,-0.20387767208643626,1.2909730829987376,0.5638297872340425,0.9804589122744888,0.041681571137510996,0.9385778086627611,0.05463651382531533,0.6882842684984112,0.8009190450842443,0.20727781915331311,0.21791711682961967,0.0452834700584126,20551.64136614001,39891067.68520652,15.481197283237652,0.43003325786771257,2023-03-01,2026-02-27
36,39,alpha_risk_turnover,2023-04-03,2026-03-31,751,1000000.0,1792800.4379475177,0.7928004379475178,0.21639129642092958,0.15666004022450733,1.3288279670505199,2.00216631133076,-0.20378018092018202,1.0618858784195857,0.5512649800266312,0.942931900450729,0.03878628338111909,0.9116202402686102,0.06497003776349425,0.43919613969234345,0.6507833375711753,0.1420171003763424,0.18316815049919088,0.033223145921738695,20807.921806578328,40348291.32528159,16.759261860328486,0.4655350516757913,2023-04-03,2026-03-31
36,39,cvar,2023-04-03,2026-03-31,751,1000000.0,1728842.3242739101,0.7288423242739102,0.201654001918129,0.15992946379550235,1.228591220411386,1.8489912770188142,-0.21341238726299727,0.9449029857372904,0.5499334221038615,0.9767733982350992,0.021020700797204216,0.9250329576400714,0.06085686239994206,0.2768509819868487,0.6507833375711753,0.07805898670273481,0.18316815049919088,0.018485851418938104,15998.055844126002,31053159.346462835,13.454276462746973,0.3737299017429715,2023-04-03,2026-03-31
36,39,median_mad_de,2023-04-03,2026-03-31,751,1000000.0,1834853.170742771,0.8348531707427709,0.2258917046480502,0.15917549602096784,1.3592100022471594,2.054776551777748,-0.20533515879898723,1.1001121579436222,0.5579227696404794,0.9720934985634024,0.041726387550344995,0.9249615733676146,0.060643811335982505,0.6053919189339702,0.6507833375711753,0.18406983317159553,0.18316815049919088,0.04272355414885931,23366.941265304704,45304893.41282147,18.8063208668134,0.5223978018559279,2023-04-03,2026-03-31
36,39,score_weighted,2023-04-03,2026-03-31,751,1000000.0,1938165.3136553895,0.9381653136553896,0.24863278775674957,0.16396940360313933,1.4363761495154896,2.1747399623262815,-0.20727210098291216,1.1995477759799775,0.563249001331558,1.0137141745170393,0.05341847804637581,0.9363636939197896,0.057595873205068183,0.9702446458042214,0.6507833375711753,0.28738197608421423,0.18316815049919088,0.06546463725755869,23052.78541633219,44878695.02460949,16.441048676655523,0.4566957965737645,2023-04-03,2026-03-31
36,39,top_n_equal_weight,2023-04-03,2026-03-31,751,1000000.0,1887793.6660036463,0.8877936660036463,0.23764832170991435,0.15739069135028244,1.4335602044881268,2.1726211588644553,-0.2038776720864366,1.1656417266190888,0.5605858854860186,0.9746630760778633,0.050540894909607136,0.9379233214430038,0.05472452335393244,0.8403797030996251,0.6507833375711753,0.23701032843247094,0.18316815049919088,0.05448017121072346,20562.720849986137,39913894.88020418,15.184866524518252,0.4218018479032848,2023-04-03,2026-03-31
36,40,alpha_risk_turnover,2023-05-01,2026-04-30,753,1000000.0,1949058.837770027,0.9490588377700271,0.2502394838769375,0.15668417385883754,1.5039515635287422,2.291467644070861,-0.20378018092018213,1.2279873476751542,0.5551128818061088,0.9402919210039598,0.040653418150381045,0.9103165336505202,0.06548296091531569,0.4317385982282882,0.7955191479307091,0.15353968983931798,0.21637527406792367,0.033864209809013834,21282.302633086576,41264679.661283694,16.76252690365103,0.4656257473236397,2023-05-01,2026-04-30
36,40,cvar,2023-05-01,2026-04-30,753,1000000.0,1898414.7704115051,0.8984147704115051,0.239272304299458,0.1598972358905006,1.4217278861817921,2.1647520092877275,-0.21341238726299694,1.121173458430006,0.5537848605577689,0.9740943903171752,0.02532861964924684,0.9240914332159692,0.06123437730344379,0.32590308852538397,0.7955191479307091,0.10289562248079598,0.21637527406792367,0.022897030231534332,16060.909604627173,31176221.226930775,13.194159553323694,0.36650443203676936,2023-05-01,2026-04-30
36,40,median_mad_de,2023-05-01,2026-04-30,753,1000000.0,2054687.1356517693,1.0546871356517693,0.27251790033916223,0.15946455523321257,1.5913173008746189,2.4363253269183547,-0.20533515879898734,1.3271857675671772,0.5670650730411687,0.9736699804930098,0.051844977593928164,0.9261950861079675,0.06025776567158759,0.7697732997585525,0.7955191479307091,0.2591679877210602,0.21637527406792367,0.05614262627123856,23650.84295785664,45847423.81791495,18.676113211640363,0.5187809225455658,2023-05-01,2026-04-30
36,40,score_weighted,2023-05-01,2026-04-30,753,1000000.0,2132178.0134092104,1.1321780134092103,0.28838157314257695,0.16378611991118597,1.629303335242658,2.492850640188109,-0.20727210098291204,1.3913188112391053,0.5657370517928287,1.0096531491015348,0.05748157388979083,0.935082582617098,0.05806916499232022,1.0243540602628638,0.7955191479307091,0.3366588654785012,0.21637527406792367,0.07200629907465328,23484.56004864422,45719224.14144239,16.35278181034964,0.4542439391763788,2023-05-01,2026-04-30
36,40,top_n_equal_weight,2023-05-01,2026-04-30,753,1000000.0,2062264.7753017955,1.0622647753017955,0.2740865488742916,0.1572532147235699,1.6193521008116039,2.480976716700687,-0.20387767208643692,1.3443676596331187,0.5617529880478087,0.9712373959818743,0.05323905010135012,0.9368729965769286,0.05515952545908574,0.8570493804422755,0.7955191479307091,0.2667456273710864,0.21637527406792367,0.05771127480636795,20922.057594492864,40613275.64914191,15.097388892769686,0.4193719136880468,2023-05-01,2026-04-30
36,41,alpha_risk_turnover,2023-06-01,2026-05-29,751,1000000.0,2027519.339566215,1.027519339566215,0.2676603441141161,0.1556369850840927,1.6020230055851945,2.4421257079671537,-0.2037801809201819,1.313475839041262,0.559254327563249,0.9334947243149764,0.04069338575935041,0.9070861769221659,0.06628215557116196,0.38968453206643844,0.881324977313442,0.14619436225277305,0.23622365050969552,0.031436693604420585,22178.409606623864,43011553.43272815,17.1017614555762,0.47504892932156106,2023-06-01,2026-05-29
36,41,cvar,2023-06-01,2026-05-29,751,1000000.0,2003466.7760010976,1.0034667760010976,0.26259417764497894,0.15908153516734083,1.5455146573250633,2.3543190388445323,-0.21341238726299672,1.2304542440705353,0.5619174434087882,0.9714462209895963,0.028739853982324932,0.9235246250176158,0.06116661853131641,0.3655252652705937,0.881324977313442,0.12214179868765562,0.23622365050969552,0.026370527135283428,16655.459491348458,32335099.47588668,13.435191737282011,0.3731997704800558,2023-06-01,2026-05-29
36,41,median_mad_de,2023-06-01,2026-05-29,751,1000000.0,2161689.109640003,1.1616891096400033,0.2952116413107151,0.15893685782273642,1.7074056896472274,2.6193307851760967,-0.20533515879898678,1.4377062507824734,0.5739014647137151,0.972477580437726,0.054016191122459735,0.9253466676046278,0.06040005976880397,0.7924627173859373,0.881324977313442,0.2803641323265613,0.23622365050969552,0.058987990801019574,24172.58223052305,46869941.92342134,18.74167635041008,0.5206021208447245,2023-06-01,2026-05-29
36,41,score_weighted,2023-06-01,2026-05-29,751,1000000.0,2162063.9689968247,1.1620639689968248,0.2952870031424035,0.16246376879846994,1.674189255227082,2.552950494950404,-0.2072721009829125,1.4246345829569556,0.5685752330226365,1.0033981112518564,0.04773070172454852,0.9340416572677509,0.058028498753441626,0.8356272742052656,0.881324977313442,0.2807389916833829,0.23622365050969552,0.05906335263270801,24429.656715994046,47556967.02513309,16.59861409484992,0.46107261374583114,2023-06-01,2026-05-29
36,41,top_n_equal_weight,2023-06-01,2026-05-29,751,1000000.0,2089638.227301654,1.0896382273016538,0.28056223584222706,0.1560743909561317,1.662930116183285,2.538202577939496,-0.20387767208643648,1.376130269543588,0.5659121171770972,0.9659392978434593,0.043648639063582614,0.9359823870169461,0.05518642588517245,0.6529849444202646,0.881324977313442,0.20831324998821188,0.23622365050969552,0.044338585332531544,21656.003745551294,42044617.90777911,15.283914048454402,0.42455316801262233,2023-06-01,2026-05-29
36,42,alpha_risk_turnover,2023-07-03,2026-06-30,751,1000000.0,1851343.5540194646,0.8513435540194647,0.2295776588560905,0.15637690922859857,1.3999669465372102,2.108882980293279,-0.20378018092018202,1.126594636531474,0.5512649800266312,0.9264403704114522,0.03436265772400442,0.9063847267545158,0.06701366474901133,0.29409753019663437,0.7486493433603827,0.10269421065908202,0.20625612327173393,0.023321535584356567,22259.657053435694,43164377.893299885,16.80034923378083,0.4666763676050229,2023-07-03,2026-06-30
36,42,cvar,2023-07-03,2026-06-30,751,1000000.0,1806170.403677813,0.806170403677813,0.21942769902814852,0.1609296377009708,1.3132869299015555,1.9655210572582278,-0.21341238726299694,1.02818632902381,0.5565912117177098,0.9724507311541983,0.017621037686137802,0.924483801345135,0.06149442106707969,0.19729983283629315,0.7486493433603827,0.05752106031743032,0.20625612327173393,0.013171575756414589,16900.45944160212,32803026.30447744,13.336996716519245,0.37047213101442344,2023-07-03,2026-06-30
36,42,median_mad_de,2023-07-03,2026-06-30,751,1000000.0,1978322.4764395992,0.9783224764395992,0.25725466660638974,0.16049792713930247,1.506877587972226,2.2750507664331336,-0.20533515879898678,1.2528524978921396,0.5712383488681758,0.973282473899891,0.047959282423431164,0.9277633397583186,0.0600321902442831,0.7102319325538253,0.7486493433603827,0.22967313307921655,0.20625612327173393,0.05099854333465581,24802.96231394413,48087457.13833317,18.77166442918443,0.521435123032901,2023-07-03,2026-06-30
36,42,score_weighted,2023-07-03,2026-06-30,751,1000000.0,1947648.112077849,0.947648112077849,0.25067940416139955,0.16364107463094246,1.448970890866349,2.178745572786229,-0.20727210098291204,1.209421832328829,0.5645805592543276,0.9993861735120814,0.03801948566052743,0.9343481846581393,0.058315443215667645,0.649865640574664,0.7486493433603827,0.19899876871746636,0.20625612327173393,0.04442328088966563,24694.051431443535,48070368.435035735,16.37599773853222,0.45488882607033954,2023-07-03,2026-06-30
36,42,top_n_equal_weight,2023-07-03,2026-06-30,751,1000000.0,1877899.8065184362,0.8778998065184362,0.23546796876220655,0.15714752431955628,1.424326821927157,2.1430059055089172,-0.20387767208643615,1.1549473091019862,0.5619174434087882,0.9620947917086803,0.03216672935894799,0.9366515417358899,0.05534755092667926,0.4447438530898152,0.7486493433603827,0.12925046315805355,0.20625612327173393,0.02921184549047262,21833.174690517582,42386191.094896555,15.040498167634418,0.41779161576762275,2023-07-03,2026-06-30
