as_of_date,method,positions,weight_sum,maximum_weight,minimum_positive_weight,maximum_sector_weight,concentration_hhi,effective_positions,one_way_turnover,two_way_turnover
2020-01-31,exclude_information_technology,25,1.0,0.05000000000000002,0.023672014260249542,0.2134402852049911,0.042152217360773514,23.723544397230008,,
2020-02-28,exclude_information_technology,25,1.0,0.05000000000000002,0.024524076147816345,0.17032474804031356,0.041855459351196445,23.89174591561172,0.20943829308166315,0.4188765861633263
2020-03-31,exclude_information_technology,25,1.0,0.05000000000000002,0.023941798941798927,0.173015873015873,0.04192901234567901,23.849834376150167,0.2909451176264957,0.5818902352529914
2020-04-30,exclude_information_technology,25,1.0,0.05000000000000001,0.026294536817102133,0.25000000000000006,0.041509774826366364,24.090711264586663,0.25882102326282846,0.5176420465256569
2020-05-29,exclude_information_technology,25,1.0,0.050000000000000024,0.024245541838134415,0.23031550068587103,0.04193896170976647,23.844176375189722,0.2718787002010368,0.5437574004020737
2020-06-30,exclude_information_technology,25,1.0,0.05000000000000002,0.023181257706535126,0.2494451294697904,0.042183691869348866,23.70584355435734,0.33433981316567973,0.6686796263313595
2020-07-31,exclude_information_technology,25,0.9999999999999999,0.05000000000000002,0.02336839266450916,0.1955906148867314,0.042180659633853854,23.707547693194634,0.23458609837496033,0.46917219674992067
2020-08-31,exclude_information_technology,25,1.0,0.05000000000000002,0.0241338476113141,0.15650629313844905,0.04188092065451343,23.877221044142253,0.19753640283969742,0.39507280567939485
2020-09-30,exclude_information_technology,25,1.0,0.05000000000000002,0.022953216374268993,0.183688387635756,0.04212877902776993,23.73674298371743,0.32892159855586994,0.6578431971117399
2020-10-30,exclude_information_technology,25,0.9999999999999999,0.05000000000000001,0.02520431513566524,0.24066688460281133,0.041805516356378386,23.92028820970243,0.23594039446442192,0.47188078892884383
2020-11-30,exclude_information_technology,25,1.0000000000000002,0.05000000000000002,0.025526315789473675,0.21032894736842106,0.041709703947368434,23.975236104812783,0.2288558352402746,0.4577116704805492
2020-12-31,exclude_information_technology,25,1.0,0.05000000000000002,0.024431998981734857,0.16199007191497486,0.0419207083745458,23.854558731817583,0.27844682746770194,0.5568936549354039
2021-01-29,exclude_information_technology,25,1.0,0.05000000000000002,0.024197782963827304,0.16213535589264877,0.04180520447982094,23.92046666062099,0.20306297708435614,0.4061259541687123
2021-02-26,exclude_information_technology,25,0.9999999999999999,0.05000000000000002,0.025279106858054214,0.19776714513556615,0.041814900452523215,23.91492002080463,0.2016569381712476,0.4033138763424952
2021-03-31,exclude_information_technology,25,1.0,0.05000000000000002,0.024499584319242814,0.18059090618405066,0.04188277740483886,23.876162517447245,0.16424118398282242,0.32848236796564484
2021-04-30,exclude_information_technology,25,1.0,0.05000000000000002,0.023222964763061966,0.17308626974483596,0.04194452123709454,23.841015954084334,0.18591401803414984,0.37182803606829967
2021-05-28,exclude_information_technology,25,1.0,0.05000000000000001,0.025044910179640712,0.16844311377245508,0.04163299598407974,24.01940999831949,0.25149253134072075,0.5029850626814415
2021-06-30,exclude_information_technology,25,0.9999999999999999,0.05000000000000002,0.02440429431788425,0.2056035611416601,0.0417826421701391,23.93338353108441,0.2563416176288429,0.5126832352576858
2021-07-30,exclude_information_technology,25,1.0,0.05000000000000002,0.02312583668005354,0.20793172690763054,0.04206543039628394,23.772489442740614,0.11627794235333587,0.23255588470667174
2021-08-31,exclude_information_technology,25,1.0,0.05000000000000003,0.02336285560923241,0.2014224369296833,0.04219518606683419,23.699385954029704,0.21890589734137855,0.4378117946827571
2021-09-30,exclude_information_technology,25,1.0000000000000002,0.05000000000000002,0.023853301700276778,0.18210755239224993,0.042083882127463786,23.762066364771126,0.2032261515215768,0.4064523030431536
2021-10-29,exclude_information_technology,25,1.0,0.05000000000000002,0.021972122182206205,0.20631585967720423,0.04216133332084335,23.718414984414853,0.26624011407647286,0.5324802281529457
2021-11-30,exclude_information_technology,25,0.9999999999999999,0.05000000000000002,0.022121820615796504,0.2207496653279786,0.04242421493201722,23.57144384645543,0.23142510016054624,0.4628502003210925
2021-12-31,exclude_information_technology,25,1.0,0.05,0.02587381516587678,0.25,0.04169499435659576,23.98369433624373,0.15239278995920497,0.30478557991840993
2022-01-31,exclude_information_technology,25,1.0,0.05000000000000002,0.02577153385536617,0.2500000000000001,0.04174859746191634,23.952900475572005,0.19680339967167382,0.39360679934334764
2022-02-28,exclude_information_technology,25,1.0000000000000002,0.05000000000000003,0.022408859027000124,0.2175998506905562,0.04208490077363825,23.761491214597193,0.21769376943703553,0.43538753887407106
2022-03-31,exclude_information_technology,25,1.0,0.05000000000000002,0.024959693671906483,0.2026098347440548,0.04193593499227748,23.84589732371892,0.27698565461824926,0.5539713092364985
2022-04-29,exclude_information_technology,25,1.0,0.05000000000000002,0.025253130828670388,0.22328803623767657,0.041887956461369676,23.87321045184503,0.19380539905036878,0.38761079810073756
2022-05-31,exclude_information_technology,25,1.0,0.05000000000000002,0.025266134397870916,0.16610113107119095,0.04183986816785591,23.900648921457755,0.194431480763493,0.388862961526986
2022-06-30,exclude_information_technology,25,0.9999999999999999,0.05000000000000001,0.025432462274567524,0.15893141945773526,0.041861460218103566,23.88832101866184,0.2369321349939062,0.4738642699878124
2022-07-29,exclude_information_technology,25,1.0,0.05000000000000001,0.025014863258026147,0.20832342449464922,0.041717917807773716,23.970515609330338,0.27508294686309576,0.5501658937261915
2022-08-31,exclude_information_technology,25,0.9999999999999999,0.05000000000000002,0.024557378116253328,0.19509535897936597,0.04186987035399264,23.883522722793476,0.35678665765293227,0.7135733153058645
2022-09-30,exclude_information_technology,25,1.0,0.05000000000000001,0.024699999999999993,0.19565714285714286,0.04184909795918367,23.895377648887955,0.21375099822393323,0.42750199644786646
2022-10-31,exclude_information_technology,25,0.9999999999999999,0.05000000000000002,0.026267169077427963,0.1870487419472468,0.04161622394127823,24.02909022719194,0.19365370643699323,0.38730741287398646
2022-11-30,exclude_information_technology,25,1.0000000000000002,0.05000000000000001,0.023985890652557317,0.18051948051948055,0.04166420588044232,24.00141749658097,0.2121693988940049,0.4243387977880098
2022-12-30,exclude_information_technology,25,0.9999999999999999,0.05000000000000001,0.025741496598639446,0.16836734693877553,0.04157495043731778,24.052945090281998,0.16681247852676426,0.3336249570535285
2023-01-31,exclude_information_technology,25,1.0,0.05000000000000001,0.025285435811751595,0.17788916736285157,0.04155816767389559,24.062658581267083,0.30920969089390143,0.6184193817878029
2023-02-28,exclude_information_technology,25,1.0,0.05000000000000003,0.025897736143637762,0.2045667447306791,0.041728562561815924,23.96440084698864,0.272745958703681,0.545491917407362
2023-03-31,exclude_information_technology,25,1.0,0.05000000000000002,0.023466467587408224,0.18523702874206793,0.04199680349541762,23.81133602487419,0.2884854488855555,0.576970897771111
2023-04-28,exclude_information_technology,25,1.0,0.05000000000000001,0.023840480060007496,0.1749656207025878,0.041978458411814544,23.821741860786318,0.14956473578109797,0.29912947156219594
2023-05-31,exclude_information_technology,25,1.0,0.05000000000000001,0.023995925494761348,0.21389697322467988,0.041805136092405146,23.920505791193268,0.2548356542967173,0.5096713085934346
2023-06-30,exclude_information_technology,25,1.0000000000000002,0.05000000000000002,0.02397342995169082,0.21956521739130436,0.04175279761488017,23.950490916173067,0.1759213330858824,0.3518426661717648
2023-07-31,exclude_information_technology,25,1.0,0.05000000000000002,0.02551390568319225,0.21596130592503018,0.04179604169438641,23.92571065250682,0.16369487817558373,0.32738975635116746
2023-08-31,exclude_information_technology,25,1.0,0.05000000000000002,0.024277978339350175,0.207280385078219,0.042137217059752874,23.7319896703654,0.19660069961308843,0.39320139922617686
2023-09-29,exclude_information_technology,25,1.0,0.050000000000000024,0.025295055821371606,0.20618819776714517,0.04179551495819439,23.92601218097783,0.2549554926041721,0.5099109852083442
2023-10-31,exclude_information_technology,25,1.0,0.05000000000000002,0.024931404340234466,0.1781117485657271,0.041852100546282724,23.893663327462768,0.2641551962629539,0.5283103925259078
2023-11-30,exclude_information_technology,25,1.0000000000000002,0.05000000000000003,0.02289890377588306,0.2140682095006091,0.04221271406338785,23.68954525165974,0.22539535740078137,0.45079071480156274
2023-12-29,exclude_information_technology,25,0.9999999999999999,0.05000000000000002,0.023188116173727673,0.1899480415667466,0.04213835566239255,23.731348418336015,0.1595769182461583,0.3191538364923166
2024-01-31,exclude_information_technology,25,1.0,0.05000000000000002,0.02320831661986896,0.18463364086107767,0.04215909942946549,23.719671756107015,0.16174744921271167,0.32349489842542334
2024-02-29,exclude_information_technology,25,1.0,0.05000000000000002,0.023484848484848476,0.1937960687960688,0.042209191825285194,23.69152207744843,0.1423902405851865,0.284780481170373
2024-03-28,exclude_information_technology,25,1.0,0.05000000000000001,0.023919203901410304,0.18362000790826416,0.04212554982995982,23.738562559693808,0.16578734185495764,0.3315746837099153
2024-04-30,exclude_information_technology,25,0.9999999999999999,0.05000000000000002,0.023873987854251003,0.19357287449392713,0.04181971518802554,23.91216667793891,0.21444345457737488,0.42888690915474975
2024-05-31,exclude_information_technology,25,0.9999999999999999,0.05000000000000002,0.023511555033294152,0.16988836662749704,0.0421398692029791,23.73049605785925,0.16822950612996387,0.33645901225992775
2024-06-28,exclude_information_technology,25,1.0,0.05000000000000003,0.0243451688009313,0.19045401629802097,0.04162814278318591,24.02221029192567,0.12803265190077465,0.2560653038015493
2024-07-31,exclude_information_technology,25,1.0,0.05000000000000001,0.02586104513064132,0.19738717339667458,0.0416873952697175,23.98806626151619,0.1756825176488156,0.3513650352976312
2024-08-30,exclude_information_technology,25,0.9999999999999999,0.05000000000000001,0.02572485207100591,0.15321005917159763,0.04170192307692308,23.979709476596724,0.16486840995656998,0.32973681991313997
2024-09-30,exclude_information_technology,25,1.0,0.05000000000000002,0.025426972909305054,0.16852179034157835,0.041656838191123494,24.005662537611567,0.13341630599173412,0.26683261198346825
2024-10-31,exclude_information_technology,25,1.0,0.05000000000000002,0.025106709350406813,0.1993297318927571,0.04190969204808775,23.860829109710146,0.20964130646369278,0.41928261292738556
2024-11-29,exclude_information_technology,25,0.9999999999999999,0.05000000000000002,0.02557305672941477,0.21321552055320783,0.04175691439691989,23.948129655714283,0.21400270314298095,0.4280054062859619
2024-12-31,exclude_information_technology,25,1.0,0.05000000000000002,0.024748565434688705,0.18701178503115942,0.04172143750428134,23.968493412945868,0.1726962546747321,0.3453925093494642
2025-01-31,exclude_information_technology,25,1.0,0.05000000000000001,0.02573877068557919,0.15738770685579198,0.04169937866416289,23.98117267055147,0.20679844800447403,0.41359689600894806
2025-02-28,exclude_information_technology,25,1.0,0.050000000000000024,0.024068529607451754,0.18166999334664008,0.04193166063083415,23.848328088028477,0.20601456661145803,0.41202913322291607
2025-03-31,exclude_information_technology,25,1.0,0.05000000000000001,0.024031791907514442,0.23898843930635838,0.041745719035049624,23.954552062222284,0.19762823101388755,0.3952564620277751
2025-04-30,exclude_information_technology,25,1.0,0.05000000000000002,0.024541003671970613,0.18653610771113827,0.0419828641370869,23.81924198250729,0.2237938920766091,0.4475877841532182
2025-05-30,exclude_information_technology,25,1.0,0.05000000000000002,0.025465735196274108,0.17310379241516965,0.04184680041115375,23.896689595734593,0.10280935477067087,0.20561870954134173
2025-06-30,exclude_information_technology,25,1.0000000000000002,0.05000000000000002,0.024632093053145683,0.1973684210526316,0.041746595520453254,23.95404912743272,0.14104160100850935,0.2820832020170187
2025-07-31,exclude_information_technology,25,0.9999999999999999,0.05000000000000002,0.024725973771775295,0.17415345468780583,0.041909491838921495,23.860943097174385,0.32865868674426335,0.6573173734885267
2025-08-29,exclude_information_technology,25,0.9999999999999999,0.05000000000000002,0.024220504690183636,0.16947417096049677,0.041998688365098964,23.810267389945516,0.20439082189792454,0.4087816437958491
2025-09-30,exclude_information_technology,25,0.9999999999999999,0.05000000000000002,0.024082186065915723,0.1610450563204005,0.041940700933530285,23.843187589660218,0.10371106057892751,0.20742212115785502
2025-10-31,exclude_information_technology,25,1.0,0.05000000000000002,0.02442054040210013,0.16215904725316937,0.04180941480274648,23.918057803916202,0.16767532279993355,0.3353506455998671
2025-11-28,exclude_information_technology,25,0.9999999999999999,0.05000000000000001,0.025812693498452007,0.18846749226006193,0.0416455146300006,24.012189761238293,0.1750951955888003,0.3501903911776006
2025-12-31,exclude_information_technology,25,1.0,0.05000000000000002,0.02551390568319225,0.19105199516324065,0.041787268853930755,23.93073362835806,0.239154758829644,0.478309517659288
2026-01-30,exclude_information_technology,25,0.9999999999999999,0.05000000000000002,0.023199275830854772,0.17119487908961592,0.0419572885724444,23.83376128496429,0.18587286134221798,0.37174572268443595
2026-02-27,exclude_information_technology,25,1.0,0.05000000000000001,0.023699781999377133,0.1793522267206478,0.04205804197479448,23.77666560415017,0.17757482150194706,0.3551496430038941
2026-03-31,exclude_information_technology,25,1.0,0.05000000000000002,0.02332721338229294,0.22286821705426357,0.0420275870963167,23.793895131506133,0.3076411270366642,0.6152822540733284
2026-04-30,exclude_information_technology,25,1.0,0.05000000000000002,0.024253930189181976,0.15993205435651478,0.04201567203471435,23.800642750014234,0.26925611693427803,0.5385122338685561
2026-05-29,exclude_information_technology,25,1.0,0.05000000000000002,0.02426586178708419,0.17297679683078665,0.04201809904745849,23.799267998072036,0.1326554263097728,0.2653108526195456
2020-01-31,exclude_top5_adv,25,1.0000000000000002,0.05000000000000002,0.02475337487019729,0.20930685358255455,0.04207167838530295,23.76895903324203,,
2020-02-28,exclude_top5_adv,25,0.9999999999999999,0.05000000000000002,0.024127391649856337,0.23858426554190357,0.041948144986414374,23.838956414493826,0.2657409660843851,0.5314819321687702
2020-03-31,exclude_top5_adv,25,1.0,0.05000000000000002,0.024910665616861477,0.16730967233965233,0.041825572016396084,23.908818260943065,0.28288097942799695,0.5657619588559939
2020-04-30,exclude_top5_adv,25,1.0,0.05000000000000002,0.025226860254083477,0.1876890502117362,0.04169023927237833,23.986429856317596,0.2569834669607235,0.513966933921447
2020-05-29,exclude_top5_adv,25,1.0,0.05000000000000002,0.024442499675871896,0.22338908336574617,0.04183817751659938,23.901614729830143,0.24921018042228663,0.49842036084457325
2020-06-30,exclude_top5_adv,25,1.0,0.05000000000000003,0.025210139217231402,0.22409377462568955,0.04189313374454549,23.870260126582213,0.3431387752524905,0.686277550504981
2020-07-31,exclude_top5_adv,25,1.0,0.05000000000000002,0.024582043343653243,0.20362229102167184,0.041878237115279555,23.87875108608961,0.27217566874122223,0.5443513374824445
2020-08-31,exclude_top5_adv,25,1.0,0.05000000000000002,0.025173611111111105,0.2230902777777778,0.04178046499914267,23.93463069452482,0.2213808264533884,0.4427616529067768
2020-09-30,exclude_top5_adv,25,1.0,0.05000000000000002,0.025587144622991338,0.19283065512978986,0.04171507652628571,23.97214828000795,0.3702023388499748,0.7404046776999496
2020-10-30,exclude_top5_adv,25,1.0,0.05000000000000002,0.025984848484848475,0.22863636363636358,0.04160204315886134,24.037280961932694,0.28346434056261005,0.5669286811252201
2020-11-30,exclude_top5_adv,25,1.0,0.05000000000000002,0.025998789346246966,0.20242130750605328,0.04159967886896212,24.038647104704182,0.2050779587643995,0.410155917528799
2020-12-31,exclude_top5_adv,25,1.0,0.05000000000000001,0.024545720984759666,0.183426143024619,0.04173954091414482,23.958097719783904,0.32589493285342436,0.6517898657068487
2021-01-29,exclude_top5_adv,25,1.0,0.050000000000000024,0.02482798165137614,0.1497133027522936,0.04169939136015488,23.981165369131322,0.2062964496595933,0.4125928993191866
2021-02-26,exclude_top5_adv,25,1.0,0.05000000000000001,0.025890804597701145,0.18919540229885057,0.04163675848857181,24.017239485020756,0.23581422018348627,0.47162844036697255
2021-03-31,exclude_top5_adv,25,1.0,0.05000000000000002,0.02362385321100917,0.18394495412844042,0.04175837471593301,23.947292173190053,0.15805098597490252,0.31610197194980505
2021-04-30,exclude_top5_adv,25,1.0,0.05000000000000001,0.025842857142857136,0.21082857142857145,0.04164534285714286,24.012288803344155,0.20094246395806037,0.40188492791612074
2021-05-28,exclude_top5_adv,25,1.0,0.05000000000000002,0.02467725918570009,0.15059582919563055,0.04180199101572016,23.922305509896347,0.2607432118030927,0.5214864236061854
2021-06-30,exclude_top5_adv,25,1.0,0.050000000000000024,0.026163484486873497,0.19054295942720767,0.041571964303005804,24.054672824966715,0.3693984293714879,0.7387968587429758
2021-07-30,exclude_top5_adv,25,1.0000000000000002,0.05000000000000002,0.025246806039488957,0.17103658536585367,0.041775581192223084,23.93742879120397,0.12789951186249,0.25579902372498
2021-08-31,exclude_top5_adv,25,1.0,0.05000000000000002,0.024407449209932267,0.18826185101580134,0.04176487841976265,23.943563056724038,0.1849305757649644,0.3698611515299288
2021-09-30,exclude_top5_adv,25,1.0,0.05000000000000002,0.023669103873345816,0.17833705964106594,0.04177114596675954,23.93997044744177,0.21435551642451242,0.42871103284902484
2021-10-29,exclude_top5_adv,25,0.9999999999999999,0.05000000000000002,0.02485313511569355,0.23349118810694158,0.04195792035336603,23.833402408367366,0.31178625882328326,0.6235725176465665
2021-11-30,exclude_top5_adv,25,1.0,0.05000000000000001,0.02491339491916858,0.19056004618937644,0.04170479668140531,23.978057191820923,0.2290811852633684,0.4581623705267368
2021-12-31,exclude_top5_adv,25,1.0,0.05000000000000002,0.025894919168591216,0.2476039260969977,0.0416503268191734,24.009415444482368,0.18617205542725176,0.37234411085450353
2022-01-31,exclude_top5_adv,25,1.0000000000000002,0.050000000000000024,0.024797921478060037,0.24347575057736723,0.04169972971747678,23.980970782668884,0.20418591224018479,0.40837182448036957
2022-02-28,exclude_top5_adv,25,1.0,0.05000000000000002,0.02476076555023923,0.193122009569378,0.0416706992170509,23.99767747575539,0.2005421450434821,0.4010842900869642
2022-03-31,exclude_top5_adv,25,1.0,0.05000000000000002,0.024999999999999988,0.16599999999999998,0.041969591836734696,23.82677448687339,0.2882535885167465,0.576507177033493
2022-04-29,exclude_top5_adv,25,1.0,0.05000000000000001,0.025384473990564295,0.2203909074198885,0.041863530769010754,23.887139513331363,0.17668774672420284,0.3533754934484057
2022-05-31,exclude_top5_adv,25,0.9999999999999999,0.05000000000000001,0.025654897494305235,0.1736617312072893,0.04158338024916849,24.048069060475097,0.2229160231957961,0.4458320463915922
2022-06-30,exclude_top5_adv,25,1.0,0.05000000000000002,0.025438844847112115,0.15540770101925255,0.04169023241959295,23.986433799060208,0.2232638073764889,0.4465276147529778
2022-07-29,exclude_top5_adv,25,1.0,0.05000000000000002,0.027008763594129435,0.17011931158272622,0.041422596836041214,24.141412571456993,0.23472053869396634,0.46944107738793267
2022-08-31,exclude_top5_adv,25,0.9999999999999998,0.05,0.02642773892773892,0.19300699300699298,0.04152765212642834,24.080340418850614,0.3278249189834556,0.6556498379669112
2022-09-30,exclude_top5_adv,25,0.9999999999999998,0.05000000000000002,0.025581725312145285,0.16987797956867196,0.041620927391353084,24.026374775295228,0.2643055015359216,0.5286110030718432
2022-10-31,exclude_top5_adv,25,1.0000000000000002,0.05,0.025886727688787185,0.18449656750572083,0.04168282875754704,23.990694245263796,0.23386351062475813,0.46772702124951626
2022-11-30,exclude_top5_adv,25,1.0,0.05000000000000002,0.025592520113068052,0.15031528593172427,0.04150691385163144,24.092371781109783,0.2371845336987496,0.4743690673974992
2022-12-30,exclude_top5_adv,25,1.0,0.05000000000000002,0.02550904977375565,0.16199095022624432,0.04172397422247702,23.967036185668345,0.18246442763968956,0.3649288552793791
2023-01-31,exclude_top5_adv,25,1.0000000000000002,0.05000000000000002,0.02702104097452934,0.14130675526024364,0.0414205018585765,24.142633602420748,0.2771596563491229,0.5543193126982457
2023-02-28,exclude_top5_adv,25,1.0,0.05000000000000001,0.026551918735891644,0.16887697516930023,0.04155774360633685,24.062904123782047,0.2871844603766227,0.5743689207532454
2023-03-31,exclude_top5_adv,25,1.0,0.05000000000000002,0.025364644107351217,0.15993290548424738,0.04171261806469885,23.973561152381713,0.28737169136917856,0.5747433827383571
2023-04-28,exclude_top5_adv,25,1.0,0.05000000000000001,0.025014518002322877,0.1703397212543554,0.04166874488244634,23.99880300741352,0.18533253170921443,0.37066506341842886
2023-05-31,exclude_top5_adv,25,1.0,0.05000000000000002,0.02539414414414414,0.16914414414414414,0.041606238840191545,24.034856980006612,0.2761557506984337,0.5523115013968674
2023-06-30,exclude_top5_adv,25,1.0,0.05000000000000002,0.026120689655172405,0.17752873563218394,0.041636758488571804,24.01723948502076,0.15899231127679414,0.3179846225535883
2023-07-31,exclude_top5_adv,25,1.0,0.05000000000000002,0.025755416191562134,0.20014253135689847,0.04157698594774089,24.051767515252884,0.1573587465104392,0.3147174930208784
2023-08-31,exclude_top5_adv,25,1.0,0.05000000000000002,0.025579096045197737,0.19456214689265533,0.04173189776245652,23.96248561932487,0.191415489373764,0.382830978747528
2023-09-29,exclude_top5_adv,25,1.0000000000000002,0.050000000000000024,0.024446651532349595,0.16647275822928492,0.04183480054395931,23.903544106759075,0.24547633018462592,0.49095266036925184
2023-10-31,exclude_top5_adv,25,1.0,0.05000000000000002,0.02518786127167629,0.17411849710982663,0.04177779494804372,23.936160375233634,0.3337821740927612,0.6675643481855223
2023-11-30,exclude_top5_adv,25,1.0,0.05000000000000002,0.02462299576801573,0.21530965011623054,0.04183239963896536,23.90491601319797,0.29288854459776864,0.5857770891955373
2023-12-29,exclude_top5_adv,25,1.0,0.05000000000000002,0.023357490792443855,0.1697338719258643,0.04164673584659232,24.01148564640327,0.1407623384212316,0.2815246768424632
2024-01-31,exclude_top5_adv,25,0.9999999999999999,0.05000000000000001,0.024958379578246388,0.2137208657047725,0.041541727128939235,24.072181613830146,0.17565152582829768,0.35130305165659537
2024-02-29,exclude_top5_adv,25,0.9999999999999999,0.05000000000000002,0.025622171945701343,0.21080316742081448,0.04172678948014987,23.965419157774328,0.1511504311448818,0.3023008622897636
2024-03-28,exclude_top5_adv,25,0.9999999999999999,0.05000000000000002,0.025820633059788968,0.16658851113716291,0.041732398513487326,23.96219809117403,0.22112559876507196,0.4422511975301439
2024-04-30,exclude_top5_adv,25,0.9999999999999999,0.05000000000000002,0.025311226483559417,0.18875956009601966,0.04158916396031385,24.04472474979883,0.23520487913805618,0.47040975827611237
2024-05-31,exclude_top5_adv,25,0.9999999999999999,0.05000000000000001,0.025193632981642976,0.16729584680124412,0.04167961192629774,23.992545846355405,0.178884895883695,0.35776979176739
2024-06-28,exclude_top5_adv,25,1.0,0.05000000000000002,0.026672335600907024,0.15949546485260774,0.04150548446891986,24.093201483982682,0.14469498803566885,0.2893899760713377
2024-07-31,exclude_top5_adv,25,1.0,0.05,0.026718673817649925,0.1898667316756054,0.04147277232985861,24.112205281247693,0.2344376146362982,0.4688752292725964
2024-08-30,exclude_top5_adv,25,1.0,0.05000000000000001,0.02578571428571428,0.14907142857142858,0.04159642857142858,24.040525457199273,0.13412424833414596,0.2682484966682919
2024-09-30,exclude_top5_adv,25,1.0,0.05000000000000001,0.0258379433778067,0.1650992515457208,0.0415837624634279,24.04784802432152,0.13805401887406443,0.27610803774812887
2024-10-31,exclude_top5_adv,25,1.0,0.05000000000000002,0.025768792710706152,0.17659453302961278,0.04170972870107566,23.9752218760946,0.2450211519687602,0.4900423039375204
2024-11-29,exclude_top5_adv,25,1.0,0.05000000000000002,0.026564261555806087,0.2024802705749718,0.041555641649582024,24.06412126739615,0.2479230815654108,0.4958461631308216
2024-12-31,exclude_top5_adv,25,1.0,0.05000000000000001,0.02562499999999999,0.18306818181818182,0.04150949121900826,24.090875860749513,0.21017647586348268,0.42035295172696535
2025-01-31,exclude_top5_adv,25,1.0,0.05000000000000002,0.025661074007710272,0.15320899169245808,0.04152908215471194,24.079511227207288,0.2249775127476097,0.4499550254952194
2025-02-28,exclude_top5_adv,25,1.0,0.05000000000000002,0.025611490329920356,0.18307736063708763,0.04176776876324191,23.941906154203256,0.2063742997130749,0.4127485994261498
2025-03-31,exclude_top5_adv,25,1.0,0.05000000000000002,0.025367051861776364,0.24129961480489032,0.04161220092764371,24.031413328480845,0.19539513031224684,0.3907902606244937
2025-04-30,exclude_top5_adv,25,1.0,0.05000000000000002,0.025222961939454832,0.18998869488757694,0.041848484812146564,23.8957277542758,0.24838286445450217,0.49676572890900433
2025-05-30,exclude_top5_adv,25,1.0,0.050000000000000024,0.02530728017648912,0.1726284273558147,0.041796926160285804,23.92520435988832,0.14705675948692995,0.2941135189738599
2025-06-30,exclude_top5_adv,25,0.9999999999999999,0.05000000000000002,0.025758513931888535,0.19068111455108358,0.041706610817701696,23.977014204557857,0.17724773363489743,0.35449546726979486
2025-07-31,exclude_top5_adv,25,0.9999999999999999,0.05,0.025985107454222642,0.17469989665315205,0.041489382723520866,24.102551890536734,0.30588292640665793,0.6117658528133159
2025-08-29,exclude_top5_adv,25,1.0,0.05000000000000002,0.024380630630630618,0.18282657657657658,0.04180255001623246,23.921985611205233,0.19735085073148514,0.3947017014629703
2025-09-30,exclude_top5_adv,25,1.0,0.05000000000000002,0.025852272727272717,0.19744318181818188,0.04174812758264464,23.95317006781679,0.10390305077805083,0.20780610155610166
2025-10-31,exclude_top5_adv,25,0.9999999999999999,0.05000000000000002,0.02660835214446952,0.18594808126410836,0.04154035498270055,24.07297675757584,0.16937205007182435,0.3387441001436487
2025-11-28,exclude_top5_adv,25,1.0000000000000002,0.05000000000000002,0.026369463869463868,0.19618298368298373,0.041555431262599106,24.064243099313572,0.21092361363241727,0.42184722726483453
2025-12-31,exclude_top5_adv,25,0.9999999999999999,0.05000000000000002,0.025568148104195096,0.19059514626476,0.041864757534997736,23.886439546772216,0.20931107352664352,0.41862214705328704
2026-01-30,exclude_top5_adv,25,1.0,0.05000000000000002,0.02375922702994658,0.19884474584408574,0.04173435658695541,23.96107384371567,0.17991480899191287,0.35982961798382573
2026-02-27,exclude_top5_adv,25,1.0,0.05000000000000002,0.024174132138857777,0.1762737961926092,0.041755856017124615,23.948736665580203,0.18224862129242905,0.3644972425848581
2026-03-31,exclude_top5_adv,25,1.0,0.05000000000000002,0.023687845303867396,0.21726519337016578,0.04179346250114466,23.927187176047248,0.26569357742540206,0.5313871548508041
2026-04-30,exclude_top5_adv,25,1.0,0.05000000000000001,0.02525167785234899,0.17049776286353469,0.041854862018227405,23.892086887408905,0.26281239571359716,0.5256247914271943
2026-05-29,exclude_top5_adv,25,1.0,0.05000000000000002,0.02466960352422907,0.18017621145374452,0.04175852432610763,23.94720637613133,0.18291966019178274,0.3658393203835655
2020-01-31,full_universe,25,1.0,0.05000000000000002,0.02624201195629767,0.24186765615337044,0.04140260721893375,24.15306830103907,,
2020-02-28,full_universe,25,0.9999999999999999,0.05000000000000002,0.02851351351351351,0.25000000000000006,0.0411445215485756,24.30457233095762,0.2449550385264671,0.4899100770529342
2020-03-31,full_universe,25,1.0000000000000002,0.05000000000000001,0.02728501228501229,0.2077886977886978,0.041375825087987254,24.16870232493158,0.3321007371007371,0.6642014742014742
2020-04-30,full_universe,25,1.0000000000000002,0.05000000000000001,0.02728501228501229,0.24480343980343983,0.041375825087987254,24.16870232493158,0.2513022113022113,0.5026044226044226
2020-05-29,full_universe,25,1.0,0.05000000000000002,0.028018018018018013,0.2500000000000001,0.04123782566350135,24.249581152991706,0.20219901719901723,0.40439803439803446
2020-06-30,full_universe,25,1.0,0.05000000000000002,0.026583242655059836,0.25000000000000006,0.041476420590105395,24.110084374989672,0.34517552372829857,0.6903510474565971
2020-07-31,full_universe,25,1.0,0.05000000000000001,0.02728501228501229,0.2404791154791155,0.04137582508798726,24.168702324931576,0.2728343399290081,0.5456686798580161
2020-08-31,full_universe,25,1.0,0.050000000000000024,0.027441441441441426,0.2500000000000001,0.041351271000730466,24.183053526512765,0.19464209664209672,0.38928419328419345
2020-09-30,full_universe,25,1.0,0.05,0.026679306608884068,0.25,0.041359387049859794,24.178308029431737,0.2990317023415615,0.598063404683123
2020-10-30,full_universe,25,1.0,0.05000000000000002,0.028314785373608906,0.25000000000000006,0.04122559976510693,24.256772629088424,0.24277772993183103,0.48555545986366205
2020-11-30,full_universe,25,0.9999999999999999,0.05000000000000001,0.028648648648648647,0.25,0.04112699050401754,24.31493254781951,0.1964546899841018,0.3929093799682036
2020-12-31,full_universe,25,1.0,0.05000000000000001,0.02728501228501229,0.2185995085995086,0.04137582508798726,24.168702324931576,0.28431203931203936,0.5686240786240787
2021-01-29,full_universe,25,1.0000000000000002,0.05000000000000001,0.02728501228501229,0.16644963144963146,0.04137582508798726,24.168702324931576,0.17726044226044227,0.35452088452088454
2021-02-26,full_universe,25,1.0,0.05000000000000001,0.02728501228501229,0.21535626535626537,0.04137582508798726,24.168702324931576,0.2774938574938576,0.5549877149877152
2021-03-31,full_universe,25,0.9999999999999999,0.04998755568716764,0.02728725906619007,0.22399607480633357,0.04137469755571143,24.16936096399231,0.2056405354064165,0.411281070812833
2021-04-30,full_universe,25,1.0,0.05000000000000001,0.02728501228501229,0.2229115479115479,0.04137582508798726,24.168702324931576,0.22185680186978993,0.44371360373957985
2021-05-28,full_universe,25,1.0,0.05000000000000001,0.02728501228501229,0.19131449631449632,0.041375825087987254,24.16870232493158,0.3088452088452089,0.6176904176904178
2021-06-30,full_universe,25,1.0,0.05,0.028378378378378376,0.25,0.04118718042366691,24.27939931099002,0.3613104013104014,0.7226208026208027
2021-07-30,full_universe,25,1.0,0.05000000000000001,0.02728501228501229,0.23831695331695332,0.041375825087987254,24.16870232493158,0.10945945945945948,0.21891891891891896
2021-08-31,full_universe,25,1.0,0.05000000000000001,0.02728501228501229,0.24154791154791155,0.04137582508798726,24.168702324931576,0.2718304668304669,0.5436609336609338
2021-09-30,full_universe,25,1.0,0.05000000000000001,0.02728501228501229,0.2023832923832924,0.041375825087987254,24.16870232493158,0.18915233415233418,0.37830466830466836
2021-10-29,full_universe,25,1.0000000000000002,0.05000000000000001,0.02728501228501229,0.2077886977886978,0.041375825087987254,24.16870232493158,0.28830466830466833,0.5766093366093367
2021-11-30,full_universe,25,1.0,0.05000000000000001,0.02728501228501229,0.233980343980344,0.041375825087987254,24.16870232493158,0.227002457002457,0.454004914004914
2021-12-31,full_universe,25,1.0,0.05000000000000001,0.02728501228501229,0.20669533169533172,0.04137582508798726,24.168702324931576,0.1805036855036855,0.361007371007371
2022-01-31,full_universe,25,1.0,0.05000000000000001,0.02728501228501229,0.22641277641277643,0.04137582508798726,24.168702324931576,0.22400491400491399,0.44800982800982797
2022-02-28,full_universe,25,1.0,0.05000000000000001,0.02728501228501229,0.19481572481572482,0.041375825087987254,24.16870232493158,0.22294840294840299,0.44589680589680597
2022-03-31,full_universe,25,1.0,0.05000000000000001,0.02728501228501229,0.24695331695331696,0.041375825087987254,24.16870232493158,0.33938574938574945,0.6787714987714989
2022-04-29,full_universe,25,1.0000000000000002,0.05000000000000001,0.02728501228501229,0.21535626535626537,0.04137582508798726,24.168702324931576,0.187014742014742,0.374029484029484
2022-05-31,full_universe,25,1.0,0.05000000000000001,0.02728501228501229,0.2142751842751843,0.04137582508798726,24.168702324931576,0.22616707616707615,0.4523341523341523
2022-06-30,full_universe,25,1.0,0.05000000000000001,0.02728501228501229,0.16753071253071256,0.04137582508798727,24.168702324931573,0.22076167076167078,0.44152334152334155
2022-07-29,full_universe,25,1.0,0.05000000000000001,0.02728501228501229,0.18482800982800984,0.041375825087987254,24.16870232493158,0.2915479115479116,0.5830958230958232
2022-08-31,full_universe,25,1.0,0.05000000000000001,0.02728501228501229,0.17750614250614252,0.04137524071983532,24.169043674484275,0.34316953316953325,0.6863390663390665
2022-09-30,full_universe,25,1.0,0.05000000000000001,0.02728501228501229,0.16211302211302211,0.041375825087987254,24.16870232493158,0.2696683046683046,0.5393366093366092
2022-10-31,full_universe,25,1.0,0.05000000000000001,0.02728501228501229,0.16753071253071256,0.04137524071983533,24.169043674484268,0.20374692874692876,0.4074938574938575
2022-11-30,full_universe,25,1.0,0.05000000000000001,0.02728501228501229,0.1772727272727273,0.04137582508798725,24.168702324931584,0.2767199017199018,0.5534398034398036
2022-12-30,full_universe,25,1.0,0.05000000000000001,0.02728501228501229,0.15886977886977888,0.041375825087987254,24.16870232493158,0.22619164619164622,0.45238329238329245
2023-01-31,full_universe,25,1.0,0.05000000000000001,0.02728501228501229,0.1478132678132678,0.041375825087987254,24.16870232493158,0.2750737100737101,0.5501474201474202
2023-02-28,full_universe,25,1.0,0.05000000000000001,0.02728501228501229,0.1750859950859951,0.041375825087987254,24.16870232493158,0.29696560196560196,0.5939312039312039
2023-03-31,full_universe,25,1.0,0.05000000000000001,0.02728501228501229,0.20130221130221132,0.041375825087987254,24.16870232493158,0.32183046683046684,0.6436609336609337
2023-04-28,full_universe,25,1.0,0.05000000000000001,0.02728501228501229,0.20562653562653566,0.041375825087987254,24.16870232493158,0.18267813267813268,0.36535626535626536
2023-05-31,full_universe,25,1.0000000000000002,0.05000000000000001,0.02728501228501229,0.1772604422604423,0.04137582508798726,24.168702324931576,0.2991277641277642,0.5982555282555284
2023-06-30,full_universe,25,1.0,0.04998696113978159,0.027287514644797124,0.19697817969459874,0.041374579124645136,24.16943014664628,0.19348550587890986,0.3869710117578197
2023-07-31,full_universe,25,0.9999999999999998,0.04998824107234189,0.027287038985631572,0.22507782296551126,0.04137481472578427,24.169292518349636,0.19238011417076314,0.3847602283415263
2023-08-31,full_universe,25,1.0,0.05000000000000001,0.02728501228501229,0.23939803439803442,0.04137582508798726,24.168702324931576,0.27209925329433593,0.5441985065886719
2023-09-29,full_universe,25,1.0000000000000002,0.04999221845588253,0.027286675474977568,0.22508174822992288,0.041374997644209405,24.169185666164115,0.25130529367653803,0.5026105873530761
2023-10-31,full_universe,25,1.0,0.05000000000000001,0.02728501228501229,0.2077764127764128,0.04137582508798726,24.168702324931576,0.33371635347584544,0.6674327069516909
2023-11-30,full_universe,25,1.0000000000000002,0.05000000000000002,0.026280761492029098,0.2443584584429655,0.04142675035126168,24.138992113088698,0.31318528255147976,0.6263705651029595
2023-12-29,full_universe,25,1.0,0.05000000000000001,0.02728501228501229,0.2077886977886978,0.04137582508798725,24.168702324931584,0.17063614345304487,0.34127228690608974
2024-01-31,full_universe,25,1.0000000000000002,0.05000000000000001,0.02728501228501229,0.23614250614250615,0.041375825087987254,24.16870232493158,0.18592137592137592,0.37184275184275184
2024-02-29,full_universe,25,1.0,0.05000000000000002,0.026280761492029098,0.247376567094877,0.04142675035126167,24.1389921130887,0.16305149741769465,0.3261029948353893
2024-03-28,full_universe,25,1.0,0.05000000000000001,0.02728501228501229,0.20130221130221132,0.04137582508798726,24.168702324931576,0.18336050131824785,0.3667210026364957
2024-04-30,full_universe,25,1.0000000000000002,0.05000000000000001,0.02728501228501229,0.18915233415233418,0.04137582508798726,24.168702324931576,0.29130221130221134,0.5826044226044227
2024-05-31,full_universe,25,1.0,0.05000000000000001,0.02728501228501229,0.19373464373464375,0.041375825087987254,24.16870232493158,0.1794226044226044,0.3588452088452088
2024-06-28,full_universe,25,1.0000000000000002,0.05000000000000001,0.02728501228501229,0.15130221130221133,0.041375825087987254,24.16870232493158,0.18915233415233418,0.37830466830466836
2024-07-31,full_universe,25,1.0,0.05000000000000001,0.02728501228501229,0.18482800982800984,0.04137582508798726,24.168702324931576,0.20212530712530713,0.40425061425061426
2024-08-30,full_universe,25,1.0000000000000002,0.05000000000000001,0.02728501228501229,0.1815970515970516,0.041375825087987254,24.16870232493158,0.15996314496314495,0.3199262899262899
2024-09-30,full_universe,25,1.0000000000000002,0.05000000000000001,0.02728501228501229,0.17726044226044227,0.04137582508798726,24.168702324931576,0.10864864864864865,0.2172972972972973
2024-10-31,full_universe,25,1.0,0.05000000000000001,0.02728501228501229,0.21428746928746933,0.04137582508798726,24.168702324931576,0.20970515970515974,0.4194103194103195
2024-11-29,full_universe,25,1.0,0.05000000000000001,0.02728501228501229,0.22617936117936122,0.041375825087987254,24.16870232493158,0.18482800982800981,0.36965601965601963
2024-12-31,full_universe,25,1.0,0.05000000000000001,0.02728501228501229,0.17726044226044227,0.04137582508798725,24.168702324931584,0.20754299754299757,0.41508599508599514
2025-01-31,full_universe,25,1.0,0.05000000000000001,0.02728501228501229,0.1815847665847666,0.04137582508798726,24.168702324931576,0.21643734643734647,0.43287469287469293
2025-02-28,full_universe,25,1.0000000000000002,0.04998643931413414,0.027287276588736913,0.21534518116475063,0.04137469867540207,24.169360309916076,0.25778927605202756,0.5155785521040551
2025-03-31,full_universe,25,1.0000000000000002,0.05000000000000001,0.02728501228501229,0.1948034398034398,0.041375825087987254,24.16870232493158,0.25211493153301756,0.5042298630660351
2025-04-30,full_universe,25,1.0,0.05000000000000001,0.02728501228501229,0.1904791154791155,0.04137582508798726,24.168702324931576,0.25320638820638824,0.5064127764127765
2025-05-30,full_universe,25,1.0,0.05000000000000001,0.02728501228501229,0.21535626535626537,0.04137582508798726,24.168702324931576,0.17943488943488947,0.35886977886977894
2025-06-30,full_universe,25,1.0000000000000002,0.04998971773619434,0.027286811199698217,0.23156664003604907,0.04137492162784497,24.169230071169693,0.16213563039854775,0.3242712607970955
2025-07-31,full_universe,25,1.0000000000000002,0.05000000000000001,0.02782555282555282,0.19859950859950862,0.041375240719835324,24.16904367448427,0.3088637987760825,0.617727597552165
2025-08-29,full_universe,25,1.0,0.05000000000000001,0.02728501228501229,0.23181818181818184,0.04137582508798726,24.168702324931576,0.19753071253071253,0.39506142506142505
2025-09-30,full_universe,25,0.9999999999999999,0.05000000000000002,0.028441971383147854,0.25000000000000006,0.04119868445552071,24.272619701719574,0.1335780700486583,0.2671561400973166
2025-10-31,full_universe,25,1.0000000000000002,0.05000000000000001,0.02728501228501229,0.22509828009828012,0.04137582508798726,24.168702324931576,0.19739268680445152,0.39478537360890303
2025-11-28,full_universe,25,1.0,0.05000000000000001,0.02728501228501229,0.23482800982800986,0.041375825087987254,24.16870232493158,0.1664619164619165,0.332923832923833
2025-12-31,full_universe,25,1.0,0.05000000000000001,0.02728501228501229,0.22293611793611795,0.04137582508798726,24.168702324931576,0.19782555282555286,0.39565110565110573
2026-01-30,full_universe,25,1.0,0.04999721097635246,0.027286195955909438,0.22941437106716459,0.04137523580269917,24.169046546793666,0.18375082702662504,0.3675016540532501
2026-02-27,full_universe,25,1.0,0.05000000000000001,0.02728501228501229,0.19805896805896808,0.04137582508798726,24.168702324931576,0.16511576781758117,0.33023153563516233
2026-03-31,full_universe,25,1.0000000000000002,0.05,0.02702702702702703,0.25,0.04137084174794827,24.17161357490614,0.27454256395432874,0.5490851279086575
2026-04-30,full_universe,25,1.0000000000000002,0.05000000000000001,0.02728501228501229,0.23615479115479118,0.04137582508798726,24.168702324931576,0.3053533747651396,0.6107067495302791
2026-05-29,full_universe,25,1.0000000000000002,0.05000000000000001,0.02728501228501229,0.23614250614250615,0.04137582508798726,24.168702324931576,0.19025798525798526,0.3805159705159705
2020-01-31,leave_out_sector_communication_services,25,1.0,0.05000000000000001,0.025376344086021494,0.25000000000000006,0.04181024584651759,23.917582395256137,,
2020-02-28,leave_out_sector_communication_services,25,1.0,0.05000000000000002,0.025132275132275117,0.25000000000000006,0.04154062710070317,24.07281906399224,0.2707050363681188,0.5414100727362376
2020-03-31,leave_out_sector_communication_services,25,1.0000000000000002,0.05000000000000002,0.025209497206703905,0.23973463687150837,0.04172858603039855,23.964387369165046,0.3109446755396476,0.6218893510792952
2020-04-30,leave_out_sector_communication_services,25,1.0,0.05000000000000002,0.026339285714285718,0.25000000000000006,0.04154980468750001,24.067501821515023,0.27869288707102957,0.5573857741420591
2020-05-29,leave_out_sector_communication_services,25,1.0,0.05000000000000002,0.027407407407407394,0.2500000000000001,0.04141460905349795,24.146068811327783,0.22403935185185184,0.4480787037037037
2020-06-30,leave_out_sector_communication_services,25,1.0,0.05000000000000001,0.025533290239172574,0.25000000000000006,0.04170966942293799,23.97525594988427,0.3357327204386028,0.6714654408772056
2020-07-31,leave_out_sector_communication_services,25,1.0,0.05000000000000001,0.023054311310190367,0.24925811870100786,0.041876239891203086,23.87988994709311,0.28257254404906074,0.5651450880981215
2020-08-31,leave_out_sector_communication_services,25,1.0,0.05000000000000002,0.02612655800575263,0.25000000000000006,0.04146792478483619,24.115023965840596,0.22038121327880605,0.4407624265576121
2020-09-30,leave_out_sector_communication_services,25,1.0000000000000002,0.05000000000000002,0.026123595505617988,0.25000000000000006,0.041605636914531,24.03520470205191,0.35386103540277436,0.7077220708055487
2020-10-30,leave_out_sector_communication_services,25,1.0,0.05000000000000002,0.02606119073869901,0.25000000000000006,0.041504919372255575,24.093529517092886,0.2389961246071958,0.4779922492143916
2020-11-30,leave_out_sector_communication_services,25,1.0,0.050000000000000024,0.027114190157668396,0.2500000000000001,0.04140540881761618,24.15143404101698,0.22412243792990164,0.44824487585980327
2020-12-31,leave_out_sector_communication_services,25,1.0000000000000002,0.050000000000000024,0.025921787709497216,0.2500000000000001,0.04159664180269032,24.04040222149192,0.2496986630081117,0.4993973260162234
2021-01-29,leave_out_sector_communication_services,25,1.0,0.05000000000000002,0.02536516853932584,0.19744382022471912,0.041702136725160974,23.9795866238348,0.1643779946854142,0.3287559893708284
2021-02-26,leave_out_sector_communication_services,25,1.0000000000000002,0.050000000000000024,0.025209497206703905,0.2214385474860336,0.041855922880059945,23.89148132907129,0.22385663172431117,0.44771326344862233
2021-03-31,leave_out_sector_communication_services,25,1.0,0.05,0.02591059602649007,0.25,0.04145395669780566,24.12314962573728,0.19683819539506958,0.39367639079013916
2021-04-30,leave_out_sector_communication_services,25,1.0,0.05000000000000002,0.025842696629213496,0.2500000000000001,0.04172034780962,23.969119446540592,0.18489021380559073,0.36978042761118146
2021-05-28,leave_out_sector_communication_services,25,1.0,0.050000000000000024,0.024853135115693547,0.22353434839947253,0.04200202556245067,23.808375586866664,0.27902373917119844,0.5580474783423969
2021-06-30,leave_out_sector_communication_services,25,1.0,0.05000000000000001,0.02635359116022099,0.25000000000000006,0.0414876606330698,24.103552351247792,0.33850632004191505,0.6770126400838301
2021-07-30,leave_out_sector_communication_services,25,1.0,0.05000000000000002,0.023808203991130806,0.24442904656319286,0.041822818594795495,23.910392307333435,0.1278802170743958,0.2557604341487916
2021-08-31,leave_out_sector_communication_services,25,1.0000000000000002,0.050000000000000024,0.023054311310190364,0.2493281075027996,0.04193643182824232,23.845614812811625,0.182154500512734,0.364309001025468
2021-09-30,leave_out_sector_communication_services,25,1.0000000000000002,0.050000000000000024,0.025661611656259287,0.2370651204281891,0.04184892591528617,23.895475884477353,0.1907670140009238,0.3815340280018476
2021-10-29,leave_out_sector_communication_services,25,1.0,0.05000000000000001,0.02594026548672566,0.2394358407079646,0.04158796450387658,24.045418234085155,0.25342581555132776,0.5068516311026555
2021-11-30,leave_out_sector_communication_services,25,1.0,0.05000000000000002,0.023313356672402526,0.24398623390494273,0.041829168944191544,23.906762320193344,0.15703707658991947,0.31407415317983894
2021-12-31,leave_out_sector_communication_services,25,1.0,0.05000000000000002,0.02504171301446051,0.24035038932146827,0.041735119883543816,23.960635617924765,0.17284758238268794,0.3456951647653759
2022-01-31,leave_out_sector_communication_services,25,0.9999999999999999,0.05,0.02592592592592592,0.23333333333333328,0.04145267489711933,24.123895562394527,0.19388569604086847,0.38777139208173694
2022-02-28,leave_out_sector_communication_services,25,1.0000000000000002,0.05000000000000001,0.02674450029728123,0.2302605264580293,0.041468252690086825,24.114833279171528,0.24133770546937408,0.48267541093874816
2022-03-31,leave_out_sector_communication_services,25,1.0,0.05000000000000002,0.02681224337439342,0.25000000000000006,0.04149779097681064,24.097668248384824,0.3190725772941786,0.6381451545883572
2022-04-29,leave_out_sector_communication_services,25,1.0,0.05000000000000002,0.026044486914052128,0.22049689440993792,0.0415217145695552,24.083783879513152,0.21570466020122772,0.43140932040245544
2022-05-31,leave_out_sector_communication_services,25,1.0,0.05000000000000001,0.02642013498312711,0.2220050618672666,0.04158733049608956,24.045784811651465,0.22685299789031388,0.45370599578062776
2022-06-30,leave_out_sector_communication_services,25,1.0,0.05000000000000002,0.02669554382009138,0.17405506438022905,0.041513955711336675,24.08828508064624,0.22253037530843867,0.44506075061687733
2022-07-29,leave_out_sector_communication_services,25,1.0,0.05000000000000001,0.026283586060122367,0.21658685820696993,0.04157870644902885,24.050772267913036,0.2920806129688755,0.584161225937751
2022-08-31,leave_out_sector_communication_services,25,1.0,0.05000000000000002,0.02700876359412944,0.18271565832541442,0.0414219822864569,24.141770741062636,0.33228340674177986,0.6645668134835597
2022-09-30,leave_out_sector_communication_services,25,1.0,0.05000000000000002,0.024916851441241675,0.1668791574279379,0.0416876176862454,23.987938277651796,0.24043131665082884,0.4808626333016577
2022-10-31,leave_out_sector_communication_services,25,1.0,0.05000000000000001,0.02698412698412698,0.17095238095238097,0.04142619047619048,24.139318351629402,0.18962992292260586,0.3792598458452117
2022-11-30,leave_out_sector_communication_services,25,1.0,0.05000000000000002,0.026552335895919568,0.18119455943228863,0.04157286759380462,24.054150167620975,0.1962501290679884,0.3925002581359768
2022-12-30,leave_out_sector_communication_services,25,1.0,0.05000000000000002,0.026370246085011192,0.16588366890380313,0.04164716366630133,24.01123898886653,0.23006193467984873,0.46012386935969746
2023-01-31,leave_out_sector_communication_services,25,1.0,0.05000000000000001,0.02594026548672566,0.16731194690265486,0.0415096498355392,24.090783804777672,0.28293106947001645,0.5658621389400329
2023-02-28,leave_out_sector_communication_services,25,1.0,0.05000000000000002,0.026283482142857133,0.18130580357142856,0.04163264060507015,24.01961502961253,0.2849542707016435,0.569908541403287
2023-03-31,leave_out_sector_communication_services,25,1.0,0.05000000000000002,0.02504171301446051,0.20515850945494996,0.041655931661801954,24.006184956294938,0.3093155341252185,0.618631068250437
2023-04-28,leave_out_sector_communication_services,25,1.0,0.05000000000000002,0.024875415282392028,0.23528516057585827,0.041734627193224516,23.960918480717776,0.14507381463592503,0.29014762927185006
2023-05-31,leave_out_sector_communication_services,25,1.0000000000000002,0.05000000000000002,0.02611111111111111,0.2077777777777778,0.04167901234567902,23.99289099526066,0.28992063492063497,0.5798412698412699
2023-06-30,leave_out_sector_communication_services,25,1.0,0.05000000000000002,0.02466960352422907,0.223568281938326,0.04173426614139611,23.961125771613908,0.16682574645129714,0.33365149290259427
2023-07-31,leave_out_sector_communication_services,25,1.0,0.05000000000000002,0.02536516853932584,0.23115168539325848,0.04161123911122334,24.031968798792178,0.14735806563381673,0.29471613126763346
2023-08-31,leave_out_sector_communication_services,25,1.0,0.05000000000000002,0.025083518930957678,0.2466870824053452,0.04170950602923597,23.97534987105955,0.20969676684767652,0.41939353369535304
2023-09-29,leave_out_sector_communication_services,25,1.0,0.05000000000000002,0.027002762430939218,0.22720994475138126,0.041436941027441165,24.133055558752776,0.2466920043312949,0.4933840086625898
2023-10-31,leave_out_sector_communication_services,25,1.0,0.05000000000000002,0.02624201195629767,0.20799835085549373,0.041402607218933754,24.153068301039063,0.2951560935775617,0.5903121871551233
2023-11-30,leave_out_sector_communication_services,25,1.0,0.05,0.02608574610244989,0.25,0.041494290702923105,24.09970102054435,0.2748928675877451,0.5497857351754902
2023-12-29,leave_out_sector_communication_services,25,1.0,0.05000000000000002,0.026150482589452358,0.2401029168666347,0.04157051333152879,24.055512425956955,0.1421447814081002,0.2842895628162004
2024-01-31,leave_out_sector_communication_services,25,1.0000000000000002,0.05000000000000002,0.023969933184855227,0.24265033407572387,0.04178391042207133,23.932657089743675,0.15867657759762155,0.3173531551952431
2024-02-29,leave_out_sector_communication_services,25,0.9999999999999999,0.05000000000000002,0.025798458149779723,0.2500000000000001,0.04160563711696326,24.035204585108602,0.13366910559932507,0.26733821119865014
2024-03-28,leave_out_sector_communication_services,25,0.9999999999999999,0.05000000000000002,0.02594026548672566,0.23279867256637166,0.041619779837888636,24.02703723794445,0.1690031577716269,0.3380063155432538
2024-04-30,leave_out_sector_communication_services,25,1.0,0.05000000000000002,0.026326815642458097,0.21920391061452515,0.04161123638463219,24.03197037349553,0.23670434320462755,0.4734086864092551
2024-05-31,leave_out_sector_communication_services,25,1.0,0.05000000000000002,0.026326815642458094,0.2263268156424581,0.04164619159826472,24.011799437662557,0.1410614525139665,0.282122905027933
2024-06-28,leave_out_sector_communication_services,25,1.0,0.05000000000000001,0.02479281767955801,0.18031767955801103,0.04175194972680932,23.950977296705513,0.15703455353560297,0.31406910707120594
2024-07-31,leave_out_sector_communication_services,25,1.0000000000000002,0.05000000000000001,0.0262402452619844,0.18815496098104795,0.04167619380966408,23.99451362010211,0.20004604051565375,0.4000920810313075
2024-08-30,leave_out_sector_communication_services,25,1.0,0.05000000000000002,0.02619710467706013,0.18468819599109135,0.041687184711385356,23.988187423145558,0.1611537654592269,0.3223075309184538
2024-09-30,leave_out_sector_communication_services,25,1.0,0.05000000000000002,0.02561612364243943,0.17864452798663327,0.0416411551539668,24.01470363400182,0.12835357231236963,0.25670714462473926
2024-10-31,leave_out_sector_communication_services,25,1.0,0.05000000000000002,0.02566161165625928,0.2210526315789474,0.04174678412972008,23.95394090459023,0.2244541438341617,0.4489082876683234
2024-11-29,leave_out_sector_communication_services,25,0.9999999999999999,0.05000000000000002,0.025428740390301588,0.23246599645180366,0.041863234971660945,23.88730829514116,0.17332254173808168,0.34664508347616335
2024-12-31,leave_out_sector_communication_services,25,1.0,0.05000000000000001,0.024958379578246388,0.18099334073251944,0.04172650147634704,23.965584571398995,0.20398361502529228,0.40796723005058455
2025-01-31,leave_out_sector_communication_services,25,1.0,0.05000000000000001,0.02479281767955801,0.1849447513812155,0.041725088519886454,23.966396129354965,0.21149620434017455,0.4229924086803491
2025-02-28,leave_out_sector_communication_services,25,0.9999999999999999,0.05000000000000001,0.02583902161547212,0.22302332195676905,0.04172997630853138,23.963588970347857,0.1989345470430361,0.3978690940860722
2025-03-31,leave_out_sector_communication_services,25,1.0,0.05000000000000001,0.02664770033191085,0.2319582740635372,0.04153635320953956,24.075296041404336,0.20961958905195843,0.41923917810391687
2025-04-30,leave_out_sector_communication_services,25,1.0000000000000002,0.05000000000000001,0.026045135035146137,0.19681834998150205,0.041494385118191944,24.099646184697423,0.21866051313302914,0.4373210262660583
2025-05-30,leave_out_sector_communication_services,25,1.0,0.05000000000000002,0.025251677852348987,0.2225950782997763,0.04161463259913218,24.03000909879122,0.14650742277409892,0.29301484554819784
2025-06-30,leave_out_sector_communication_services,25,0.9999999999999999,0.05000000000000001,0.026111111111111113,0.23611111111111113,0.04161234567901235,24.03132973357859,0.12885533184190906,0.2577106636838181
2025-07-31,leave_out_sector_communication_services,25,0.9999999999999998,0.05,0.025940265486725657,0.20298672566371678,0.04164608867178322,24.011858781771682,0.34229596853490657,0.6845919370698131
2025-08-29,leave_out_sector_communication_services,25,0.9999999999999999,0.05000000000000002,0.02512541806020066,0.2402870680044593,0.04164636565710799,24.011699081581806,0.2243329535028266,0.4486659070056532
2025-09-30,leave_out_sector_communication_services,25,1.0,0.05000000000000001,0.024581005586592174,0.25000000000000006,0.041472735453533506,24.112226721104776,0.10424148153684229,0.20848296307368458
2025-10-31,leave_out_sector_communication_services,25,0.9999999999999999,0.05000000000000002,0.025678733031674197,0.2324660633484163,0.04159364058884953,24.042136870992753,0.14360406818507382,0.28720813637014764
2025-11-28,leave_out_sector_communication_services,25,1.0,0.05000000000000002,0.02468678815489749,0.24265375854214127,0.04188037694387224,23.877531029393367,0.1390009946505324,0.2780019893010648
2025-12-31,leave_out_sector_communication_services,25,1.0,0.05000000000000002,0.025742009132420092,0.23087899543378998,0.04176160057129751,23.945442375771723,0.18001633018171231,0.36003266036342463
2026-01-30,leave_out_sector_communication_services,25,0.9999999999999999,0.05000000000000002,0.02239167616875714,0.2500000000000001,0.041959329481790444,23.832602006521128,0.17258186116014018,0.34516372232028036
2026-02-27,leave_out_sector_communication_services,25,1.0,0.05000000000000002,0.024305144884683615,0.23332347723240685,0.04192888324839368,23.84990780879695,0.15034602500190497,0.30069205000380994
2026-03-31,leave_out_sector_communication_services,25,1.0,0.05000000000000002,0.025970191226096728,0.2500000000000001,0.04173056343561668,23.96325181525128,0.23762238915877684,0.4752447783175537
2026-04-30,leave_out_sector_communication_services,25,0.9999999999999999,0.05000000000000002,0.025681818181818174,0.2477272727272727,0.04173398760330578,23.96128569130042,0.2746362102464466,0.5492724204928932
2026-05-29,leave_out_sector_communication_services,25,1.0,0.05000000000000002,0.024449152542372874,0.2490819209039548,0.04182637891410515,23.90835702162037,0.1534617360041089,0.3069234720082178
2020-01-31,leave_out_sector_consumer_discretionary,25,1.0,0.050000000000000024,0.024272253070839623,0.2500000000000001,0.04196938780111095,23.826890321557883,,
2020-02-28,leave_out_sector_consumer_discretionary,25,0.9999999999999999,0.05000000000000002,0.02710982658959536,0.25000000000000006,0.041219862006749305,24.26014914451341,0.2781175867270866,0.5562351734541732
2020-03-31,leave_out_sector_consumer_discretionary,25,1.0,0.05000000000000002,0.025894919168591216,0.2439953810623557,0.041650326819173404,24.009415444482364,0.3210922252332831,0.6421844504665662
2020-04-30,leave_out_sector_consumer_discretionary,25,1.0,0.050000000000000024,0.02462479550465892,0.2294615548758803,0.04203104845850442,23.791935644604727,0.21666225533864464,0.4333245106772893
2020-05-29,leave_out_sector_consumer_discretionary,25,0.9999999999999999,0.05,0.026770233985423844,0.25,0.0413217189226315,24.200348535169717,0.18614702934340527,0.37229405868681054
2020-06-30,leave_out_sector_consumer_discretionary,25,1.0,0.05000000000000002,0.023568880584338356,0.2500000000000001,0.04196101867574557,23.83164259494069,0.33491289963015913,0.6698257992603183
2020-07-31,leave_out_sector_consumer_discretionary,25,1.0,0.05000000000000002,0.025045871559633007,0.2500000000000001,0.041797057802373534,23.925129006166863,0.2449517609681624,0.4899035219363248
2020-08-31,leave_out_sector_consumer_discretionary,25,1.0,0.05000000000000002,0.02538337368845842,0.25000000000000006,0.04151822858480429,24.085806020298296,0.21558798157733014,0.4311759631546603
2020-09-30,leave_out_sector_consumer_discretionary,25,1.0,0.05000000000000002,0.02445352003111629,0.2500000000000001,0.041795313221203924,23.92612766669427,0.2743975078708975,0.548795015741795
2020-10-30,leave_out_sector_consumer_discretionary,25,1.0,0.05,0.027333906071019473,0.25,0.041331538033587495,24.19459927156265,0.21703445180916953,0.43406890361833905
2020-11-30,leave_out_sector_consumer_discretionary,25,1.0000000000000002,0.05000000000000002,0.02778571428571428,0.25000000000000006,0.04110281632653062,24.32923311278138,0.23353240058910163,0.46706480117820326
2020-12-31,leave_out_sector_consumer_discretionary,25,1.0,0.05000000000000002,0.025391937290033587,0.25000000000000006,0.04166074821085737,24.003409514843664,0.24876347784354508,0.49752695568709016
2021-01-29,leave_out_sector_consumer_discretionary,25,1.0,0.05000000000000002,0.024587599544937416,0.19879124004550625,0.041865614981602066,23.885950330347523,0.2007603793631927,0.4015207587263854
2021-02-26,leave_out_sector_consumer_discretionary,25,1.0,0.05000000000000002,0.026351351351351346,0.22184684684684686,0.041596156967778596,24.040682430702063,0.22746633151923257,0.45493266303846513
2021-03-31,leave_out_sector_consumer_discretionary,25,0.9999999999999999,0.05000000000000002,0.024661399548532716,0.25000000000000006,0.04176481472517057,23.943599572520696,0.15046697374575482,0.30093394749150965
2021-04-30,leave_out_sector_consumer_discretionary,25,1.0,0.05000000000000001,0.025600000000000005,0.25000000000000006,0.041663281632653065,24.00194993800639,0.19697703966462435,0.3939540793292487
2021-05-28,leave_out_sector_consumer_discretionary,25,1.0,0.05000000000000002,0.02630510440835266,0.22465197215777266,0.041592035599506895,24.043064629706553,0.24612194232681475,0.4922438846536295
2021-06-30,leave_out_sector_consumer_discretionary,25,1.0,0.05000000000000002,0.027439446366781993,0.25000000000000006,0.041151830854693004,24.300255401296656,0.3095684151464143,0.6191368302928286
2021-07-30,leave_out_sector_consumer_discretionary,25,1.0,0.05000000000000002,0.025878928987194398,0.25000000000000006,0.04178868831830607,23.92992075709486,0.12650949039480208,0.25301898078960416
2021-08-31,leave_out_sector_consumer_discretionary,25,1.0,0.05000000000000001,0.025028506271379692,0.25000000000000006,0.0416387278661967,24.016103547001578,0.1859067748688181,0.3718135497376362
2021-09-30,leave_out_sector_consumer_discretionary,25,1.0,0.05000000000000001,0.02641280620907106,0.2419718651467378,0.041571168146320905,24.05513351177025,0.21595773881313798,0.43191547762627597
2021-10-29,leave_out_sector_consumer_discretionary,25,1.0,0.05000000000000002,0.02321635490812777,0.2500000000000001,0.042093978900073145,23.756366732969077,0.29204980454725193,0.5840996090945039
2021-11-30,leave_out_sector_consumer_discretionary,25,1.0,0.05000000000000002,0.022334663625997706,0.2452109464082098,0.04160819007604707,24.03372985396157,0.20191744006227313,0.40383488012454627
2021-12-31,leave_out_sector_consumer_discretionary,25,0.9999999999999999,0.05000000000000002,0.025452488687782788,0.2440045248868778,0.04172877295714665,23.96428001913571,0.15293130891511067,0.30586261783022134
2022-01-31,leave_out_sector_consumer_discretionary,25,1.0,0.05000000000000002,0.023573059360730588,0.24189497716894973,0.04170035289089051,23.98061240912067,0.1654344614558152,0.3308689229116304
2022-02-28,leave_out_sector_consumer_discretionary,25,0.9999999999999999,0.05000000000000002,0.024206349206349193,0.23484383000512032,0.041872113916673157,23.882243012378883,0.2425728945282635,0.485145789056527
2022-03-31,leave_out_sector_consumer_discretionary,25,1.0000000000000002,0.05000000000000001,0.02695958108329243,0.25,0.04153489802594974,24.076139524291847,0.28425235297533274,0.5685047059506655
2022-04-29,leave_out_sector_consumer_discretionary,25,1.0,0.05000000000000002,0.025092362667312698,0.2259099993943432,0.04179211801401152,23.927956933523518,0.1791868588205395,0.358373717641079
2022-05-31,leave_out_sector_consumer_discretionary,25,1.0,0.05000000000000002,0.02489947788513472,0.22486947128368243,0.041726555554878864,23.965553511475388,0.22821936821497738,0.45643873642995475
2022-06-30,leave_out_sector_consumer_discretionary,25,1.0,0.05000000000000002,0.024657534246575335,0.17534246575342466,0.041862659243969064,23.88763681189376,0.24909874692980405,0.4981974938596081
2022-07-29,leave_out_sector_consumer_discretionary,25,1.0,0.05,0.02628400406178184,0.21686441130885573,0.04159126703708322,24.043508919994895,0.23528753505922453,0.47057507011844907
2022-08-31,leave_out_sector_consumer_discretionary,25,0.9999999999999999,0.05000000000000001,0.026146594960420554,0.2068251858118315,0.04164838489934113,24.01053492030659,0.31941193490464675,0.6388238698092935
2022-09-30,leave_out_sector_consumer_discretionary,25,0.9999999999999999,0.05000000000000002,0.025568181818181813,0.16988636363636364,0.041623192148760334,24.02506747742996,0.25974204016721697,0.5194840803344339
2022-10-31,leave_out_sector_consumer_discretionary,25,1.0,0.05000000000000002,0.02545899632802936,0.1893818849449204,0.041823354017819024,23.910086206236485,0.2267984310670969,0.4535968621341938
2022-11-30,leave_out_sector_consumer_discretionary,25,0.9999999999999999,0.05000000000000002,0.025621474180150004,0.15666728659103588,0.04173944023823204,23.9581555069354,0.22230044562470364,0.44460089124940727
2022-12-30,leave_out_sector_consumer_discretionary,25,0.9999999999999999,0.05000000000000001,0.025213494034280165,0.19166010538428924,0.04185122008489092,23.89416599973913,0.1646493157754202,0.3292986315508404
2023-01-31,leave_out_sector_consumer_discretionary,25,1.0,0.05000000000000002,0.025944554218310274,0.17594455421831032,0.041740279529289125,23.957673769249695,0.2720283695449285,0.544056739089857
2023-02-28,leave_out_sector_consumer_discretionary,25,1.0,0.05000000000000002,0.02497099767981438,0.1985498839907192,0.041757099848730356,23.94802329717842,0.285773756757136,0.571547513514272
2023-03-31,leave_out_sector_consumer_discretionary,25,1.0,0.05000000000000002,0.025856164383561645,0.20839041095890415,0.04172120316507162,23.96862803892447,0.2779837957812881,0.5559675915625762
2023-04-28,leave_out_sector_consumer_discretionary,25,1.0000000000000002,0.05000000000000002,0.025917431192660545,0.24151376146788994,0.04174259321605927,23.9563458557548,0.157840580620837,0.315681161241674
2023-05-31,leave_out_sector_consumer_discretionary,25,1.0,0.05000000000000001,0.024725035729820412,0.19896849561921331,0.04184282569195829,23.898959581790113,0.27815320297103363,0.5563064059420673
2023-06-30,leave_out_sector_consumer_discretionary,25,1.0,0.05000000000000002,0.023965651834504303,0.2500000000000001,0.04202066159707635,23.79781664526616,0.199507944600697,0.399015889201394
2023-07-31,leave_out_sector_consumer_discretionary,25,1.0,0.05000000000000002,0.025065258301462987,0.23473259272749353,0.04182069523293193,23.91160630951311,0.15407927915113667,0.30815855830227334
2023-08-31,leave_out_sector_consumer_discretionary,25,1.0,0.05000000000000002,0.026611498257839716,0.2500000000000001,0.0415675741345517,24.057213364510066,0.2239566418578305,0.447913283715661
2023-09-29,leave_out_sector_consumer_discretionary,25,1.0,0.05000000000000002,0.024261577731858504,0.23201045338519513,0.04193326008459164,23.84741844499349,0.25021486184621694,0.5004297236924339
2023-10-31,leave_out_sector_consumer_discretionary,25,1.0,0.05000000000000002,0.026036866359447002,0.21728110599078343,0.04164560725434816,24.01213635552382,0.2650694100967983,0.5301388201935966
2023-11-30,leave_out_sector_consumer_discretionary,25,1.0,0.05000000000000002,0.024753451676528582,0.2500000000000001,0.04170547249746158,23.97766863955001,0.2585916977976532,0.5171833955953063
2023-12-29,leave_out_sector_consumer_discretionary,25,1.0,0.05000000000000002,0.02375957074817627,0.24669017905588714,0.04171665475060135,23.97124136579012,0.16616199397617648,0.33232398795235296
2024-01-31,leave_out_sector_consumer_discretionary,25,1.0,0.050000000000000024,0.02493233082706766,0.24772932330827072,0.04181691084854996,23.913770283552065,0.17949425109164674,0.3589885021832935
2024-02-29,leave_out_sector_consumer_discretionary,25,1.0000000000000002,0.05000000000000001,0.025736992256486887,0.25000000000000006,0.04175697699755249,23.948093753496885,0.15716269906528316,0.3143253981305663
2024-03-28,leave_out_sector_consumer_discretionary,25,1.0000000000000002,0.05,0.024591329068941004,0.23954677163632387,0.041622726879851135,24.025336035445655,0.17812893709465397,0.35625787418930793
2024-04-30,leave_out_sector_consumer_discretionary,25,1.0,0.05000000000000002,0.02475714285714285,0.24712857142857148,0.04193184081632653,23.84822560927593,0.230618779727735,0.46123755945547
2024-05-31,leave_out_sector_consumer_discretionary,25,0.9999999999999999,0.05,0.02535310734463276,0.22761299435028248,0.04172781209103386,23.96483184448753,0.15010976594027442,0.30021953188054884
2024-06-28,leave_out_sector_consumer_discretionary,25,1.0,0.05000000000000002,0.026666666666666672,0.17571428571428574,0.04148190476190477,24.1068968683993,0.1306259079903148,0.2612518159806296
2024-07-31,leave_out_sector_consumer_discretionary,25,1.0,0.05000000000000001,0.026692729543356677,0.18987348645273391,0.04147732292601359,24.109559861994462,0.23530727045664335,0.4706145409132867
2024-08-30,leave_out_sector_consumer_discretionary,25,1.0,0.05000000000000002,0.02569840364880274,0.1867445838084379,0.04164244960858322,24.013957137475483,0.13285890753108545,0.2657178150621709
2024-09-30,leave_out_sector_consumer_discretionary,25,1.0,0.05000000000000002,0.02550675675675675,0.18001126126126132,0.04170109721207694,23.980184380146063,0.1341523750089885,0.268304750017977
2024-10-31,leave_out_sector_consumer_discretionary,25,0.9999999999999999,0.05000000000000001,0.025552095130237817,0.22082389580973955,0.04159583580761047,24.04086804807124,0.2119550467795089,0.4239100935590178
2024-11-29,leave_out_sector_consumer_discretionary,25,1.0,0.05000000000000001,0.026652542372881352,0.23306497175141244,0.041522315586198094,24.083435277689507,0.21536163310747258,0.43072326621494517
2024-12-31,leave_out_sector_consumer_discretionary,25,1.0,0.05000000000000002,0.024853011282377244,0.18085174002860321,0.04148312999223849,24.10618485603908,0.1740341456429483,0.3480682912858966
2025-01-31,leave_out_sector_consumer_discretionary,25,1.0000000000000002,0.05000000000000001,0.025069399957292335,0.1860132393764681,0.04160097729694948,24.03789682299911,0.1911281830928474,0.3822563661856948
2025-02-28,leave_out_sector_consumer_discretionary,25,1.0,0.05000000000000001,0.025186137447104826,0.2205527880443516,0.04167726965191539,23.993894234240997,0.21227292936877445,0.4245458587375489
2025-03-31,leave_out_sector_consumer_discretionary,25,1.0,0.05000000000000002,0.025951850673454232,0.2269805917912822,0.041480413575046046,24.10776349157676,0.223719752180198,0.447439504360396
2025-04-30,leave_out_sector_consumer_discretionary,25,1.0,0.05000000000000002,0.026152073732718894,0.20529953917050692,0.04163445815370894,24.018566455413726,0.21257026195778986,0.4251405239155797
2025-05-30,leave_out_sector_consumer_discretionary,25,0.9999999999999998,0.05,0.025862822193097414,0.2268457841852337,0.04162385621700915,24.024684180783822,0.15256873687622435,0.3051374737524487
2025-06-30,leave_out_sector_consumer_discretionary,25,0.9999999999999999,0.05000000000000002,0.025979262672811053,0.24112903225806456,0.04164700089192805,24.01133283510502,0.14035199904170018,0.28070399808340035
2025-07-31,leave_out_sector_consumer_discretionary,25,1.0,0.05000000000000002,0.026666666666666672,0.20752380952380955,0.04148125170068029,24.10727639599169,0.34881029185867896,0.6976205837173579
2025-08-29,leave_out_sector_consumer_discretionary,25,0.9999999999999999,0.05000000000000001,0.025948275862068958,0.24640804597701146,0.04164092020081912,24.01483913365413,0.22774137931034488,0.45548275862068976
2025-09-30,leave_out_sector_consumer_discretionary,25,1.0,0.05000000000000002,0.028219910011248593,0.2500000000000001,0.04128846432862935,24.21984000278261,0.12900365902538047,0.25800731805076094
2025-10-31,leave_out_sector_consumer_discretionary,25,1.0,0.05000000000000002,0.025848778087584057,0.23380350992291293,0.04162649301278772,24.023162357030618,0.17438248426466782,0.34876496852933564
2025-11-28,leave_out_sector_consumer_discretionary,25,1.0,0.05000000000000002,0.024661424202708605,0.24290083005679342,0.04163913671688691,24.015867735184006,0.14592583006933277,0.29185166013866554
2025-12-31,leave_out_sector_consumer_discretionary,25,1.0,0.05000000000000001,0.026413773796192603,0.22851343784994402,0.041620424158786334,24.02666527820317,0.1631130395283544,0.3262260790567088
2026-01-30,leave_out_sector_consumer_discretionary,25,1.0,0.05000000000000001,0.022357142857142867,0.25000000000000006,0.04168439495798319,23.98979284713079,0.15315690195451082,0.30631380390902163
2026-02-27,leave_out_sector_consumer_discretionary,25,1.0,0.05000000000000002,0.025406976744186033,0.24098837209302326,0.041813209843158464,23.915886958953987,0.13144723470783667,0.26289446941567335
2026-03-31,leave_out_sector_consumer_discretionary,25,0.9999999999999999,0.05000000000000002,0.0234479865771812,0.2500000000000001,0.04173441887002087,23.96103808500209,0.26445391759013576,0.5289078351802715
2026-04-30,leave_out_sector_consumer_discretionary,25,0.9999999999999999,0.05000000000000001,0.02599208727970266,0.24943651840306916,0.04173998873200664,23.957840679367266,0.23506830595047196,0.4701366119009439
2026-05-29,leave_out_sector_consumer_discretionary,25,0.9999999999999999,0.05000000000000002,0.02588458618071373,0.25000000000000006,0.04170824144748107,23.97607679669731,0.18778843464013112,0.37557686928026224
2020-01-31,leave_out_sector_consumer_staples,25,0.9999999999999999,0.05000000000000002,0.02451963241436925,0.2458020050125313,0.04168684228846971,23.988384466256228,,
2020-02-28,leave_out_sector_consumer_staples,25,1.0,0.05000000000000001,0.02788985823336968,0.25000000000000006,0.04125360332933361,24.24030676828039,0.24147415293960095,0.4829483058792019
2020-03-31,leave_out_sector_consumer_staples,25,1.0,0.05000000000000002,0.024792817679558012,0.2369475138121547,0.04167136610604072,23.99729342818543,0.2747389698572694,0.5494779397145388
2020-04-30,leave_out_sector_consumer_staples,25,1.0,0.05000000000000002,0.025500910746812384,0.24744990892531876,0.04159087063413858,24.043738078884576,0.2765827370709175,0.553165474141835
2020-05-29,leave_out_sector_consumer_staples,25,1.0,0.05,0.02463879721305464,0.24999999999999997,0.041511508292376736,24.089705268156738,0.22914092228895028,0.45828184457790055
2020-06-30,leave_out_sector_consumer_staples,25,1.0,0.05000000000000002,0.02543237250554323,0.25,0.04167116803752194,23.99740749046369,0.31764397577969183,0.6352879515593837
2020-07-31,leave_out_sector_consumer_staples,25,1.0,0.05000000000000001,0.02409217877094971,0.24867318435754188,0.04186591008395493,23.8857819642442,0.264466858254159,0.528933716508318
2020-08-31,leave_out_sector_consumer_staples,25,1.0,0.050000000000000024,0.026422904449810266,0.2500000000000001,0.041551743140127204,24.066379035595343,0.23799032029923636,0.4759806405984727
2020-09-30,leave_out_sector_consumer_staples,25,1.0000000000000002,0.05000000000000001,0.025985016648168702,0.25000000000000006,0.0417132693233933,23.973186859251715,0.3497936717561276,0.6995873435122552
2020-10-30,leave_out_sector_consumer_staples,25,1.0,0.05,0.028320468458876764,0.25,0.041232629207781465,24.252637273280623,0.20244719291285201,0.40489438582570403
2020-11-30,leave_out_sector_consumer_staples,25,1.0,0.05000000000000002,0.02791077257889009,0.25000000000000006,0.04122154734826733,24.25915726916625,0.1816053003804095,0.363210600760819
2020-12-31,leave_out_sector_consumer_staples,25,1.0,0.050000000000000024,0.026358513003464132,0.21949485548834086,0.04146793468006427,24.115018211426637,0.2256034866253275,0.451206973250655
2021-01-29,leave_out_sector_consumer_staples,25,1.0,0.05000000000000001,0.026672925468106193,0.1683539352214051,0.041535662286134055,24.075696521007018,0.1696776162279871,0.3393552324559742
2021-02-26,leave_out_sector_consumer_staples,25,0.9999999999999999,0.05000000000000002,0.024710584343991177,0.21933572216097025,0.04171999920379166,23.969319728776902,0.2148930096594514,0.4297860193189028
2021-03-31,leave_out_sector_consumer_staples,25,1.0,0.05000000000000001,0.026012035010940925,0.25000000000000006,0.041537600660257495,24.07457301588399,0.19998605332617708,0.39997210665235416
2021-04-30,leave_out_sector_consumer_staples,25,1.0,0.05000000000000002,0.02624201195629767,0.24939187796330653,0.041402607218933754,24.153068301039063,0.24388222831072623,0.48776445662145246
2021-05-28,leave_out_sector_consumer_staples,25,1.0,0.05000000000000002,0.025982834994462897,0.19404761904761908,0.04167821378596509,23.9933507020098,0.27411706049579804,0.5482341209915961
2021-06-30,leave_out_sector_consumer_staples,25,1.0000000000000002,0.05000000000000002,0.027080131723380904,0.25000000000000006,0.04133312357441252,24.193671165444055,0.34110813996034683,0.6822162799206937
2021-07-30,leave_out_sector_consumer_staples,25,1.0,0.05000000000000002,0.026197104677060126,0.24557349665924275,0.0416673435399626,23.99961012731501,0.12809221125613943,0.25618442251227885
2021-08-31,leave_out_sector_consumer_staples,25,1.0,0.05000000000000002,0.02624201195629767,0.24181612038754896,0.04140260721893375,24.15306830103907,0.17996334188666357,0.35992668377332715
2021-09-30,leave_out_sector_consumer_staples,25,1.0,0.05000000000000002,0.02534846365096637,0.20362454013161305,0.041513754032032765,24.08840210471888,0.18718800673565172,0.37437601347130345
2021-10-29,leave_out_sector_consumer_staples,25,0.9999999999999998,0.05,0.02643660293279444,0.23550183947354783,0.04149954546687286,24.096649463263475,0.25726462511010934,0.5145292502202187
2021-11-30,leave_out_sector_consumer_staples,25,1.0,0.05000000000000002,0.026593806921675768,0.2365209471766849,0.04153353837578509,24.07692768557905,0.22621175479235742,0.45242350958471483
2021-12-31,leave_out_sector_consumer_staples,25,0.9999999999999999,0.05000000000000001,0.026872246696035232,0.21145374449339208,0.04149653593122319,24.0983970724065,0.1521629233769048,0.3043258467538096
2022-01-31,leave_out_sector_consumer_staples,25,1.0000000000000002,0.05000000000000002,0.02702104097452934,0.23300110741971208,0.04142050185857651,24.142633602420744,0.19783882408613485,0.3956776481722697
2022-02-28,leave_out_sector_consumer_staples,25,1.0,0.05000000000000002,0.02651503349431375,0.19640909799034117,0.04152145611880488,24.083933789285016,0.21786641160991296,0.4357328232198259
2022-03-31,leave_out_sector_consumer_staples,25,0.9999999999999999,0.05000000000000001,0.025310559006211174,0.24860248447204966,0.04150384823116392,24.094151328578054,0.3106482453585484,0.6212964907170968
2022-04-29,leave_out_sector_consumer_staples,25,1.0,0.05000000000000002,0.02679225536368393,0.21870748299319728,0.04151988775222684,24.084843532515738,0.17757377198370988,0.35514754396741977
2022-05-31,leave_out_sector_consumer_staples,25,1.0,0.05000000000000002,0.026283482142857136,0.22098214285714285,0.041650079221141584,24.009558173718908,0.22300517562794353,0.44601035125588706
2022-06-30,leave_out_sector_consumer_staples,25,1.0,0.05000000000000002,0.025732097019225728,0.17010058148672008,0.041678940537984856,23.992932332064246,0.21567568773246376,0.4313513754649275
2022-07-29,leave_out_sector_consumer_staples,25,1.0,0.05000000000000002,0.024334008412525313,0.21167627356286026,0.041583295434100956,24.048118109945086,0.2345943037986615,0.469188607597323
2022-08-31,leave_out_sector_consumer_staples,25,0.9999999999999999,0.05000000000000002,0.02589779005524862,0.18252762430939226,0.0415681946521779,24.056854245595837,0.3342128621091218,0.6684257242182436
2022-09-30,leave_out_sector_consumer_staples,25,1.0000000000000002,0.050000000000000024,0.026025498891352545,0.16687915742793794,0.04158683155441714,24.046073303071463,0.24617378814420995,0.4923475762884199
2022-10-31,leave_out_sector_consumer_staples,25,1.0,0.05000000000000002,0.02602549889135255,0.17131374722838139,0.04164521376492741,24.01236323685714,0.20512749445676282,0.41025498891352563
2022-11-30,leave_out_sector_consumer_staples,25,1.0,0.05000000000000002,0.025732097019225728,0.178966944313479,0.04158212117508048,24.048797217186806,0.22107424737828027,0.44214849475656054
2022-12-30,leave_out_sector_consumer_staples,25,1.0,0.05000000000000002,0.025693354264782836,0.16211407639979067,0.04166479778724677,24.00107652283125,0.1971218105588686,0.3942436211177372
2023-01-31,leave_out_sector_consumer_staples,25,1.0,0.05000000000000002,0.024519632414369254,0.1731620718462824,0.041660391842178554,24.003614843285323,0.29302755515161527,0.5860551103032305
2023-02-28,leave_out_sector_consumer_staples,25,0.9999999999999999,0.05,0.02663332291341043,0.17764926539543607,0.04153585331302246,24.075585794850557,0.25976355915317106,0.5195271183063421
2023-03-31,leave_out_sector_consumer_staples,25,1.0,0.05,0.02663332291341043,0.2028758987183495,0.04153585331302245,24.07558579485056,0.29773366677086593,0.5954673335417319
2023-04-28,leave_out_sector_consumer_staples,25,1.0000000000000002,0.05000000000000002,0.02651503349431375,0.2073142233992834,0.04152145611880489,24.083933789285012,0.18203790511143242,0.36407581022286484
2023-05-31,leave_out_sector_consumer_staples,25,1.0,0.05000000000000002,0.025041713014460513,0.20800889877641826,0.04184647832036832,23.896873527664592,0.267595613931874,0.535191227863748
2023-06-30,leave_out_sector_consumer_staples,25,0.9999999999999999,0.05,0.02643660293279444,0.22174724078967822,0.041499545466872866,24.09664946326347,0.16348032752652325,0.3269606550530465
2023-07-31,leave_out_sector_consumer_staples,25,1.0,0.050000000000000024,0.026358513003464132,0.22576392120366068,0.04146793468006426,24.11501821142664,0.19201544537786666,0.3840308907557333
2023-08-31,leave_out_sector_consumer_staples,25,1.0,0.05000000000000002,0.025462674152630482,0.24172385111249742,0.04156687197676119,24.05761974485524,0.18785348409119804,0.3757069681823961
2023-09-29,leave_out_sector_consumer_staples,25,0.9999999999999999,0.05000000000000001,0.024557001724949033,0.2265563744707543,0.04164336984225865,24.01342647792218,0.24890788607803835,0.4978157721560767
2023-10-31,leave_out_sector_consumer_staples,25,1.0,0.05000000000000001,0.025209497206703912,0.2136173184357542,0.041795999656689876,23.92573471657448,0.2813026672320131,0.5626053344640262
2023-11-30,leave_out_sector_consumer_staples,25,1.0,0.050000000000000024,0.02527273667338813,0.2450131844268652,0.041482081602931695,24.106794099005057,0.2568737057843659,0.5137474115687318
2023-12-29,leave_out_sector_consumer_staples,25,1.0,0.050000000000000024,0.025424520953419533,0.23491976943449136,0.041569024822878796,24.056373808644633,0.1415888278876213,0.2831776557752426
2024-01-31,leave_out_sector_consumer_staples,25,0.9999999999999999,0.05000000000000002,0.02466960352422907,0.2405286343612335,0.04173184032292496,23.962518601190474,0.15140311698543632,0.30280623397087264
2024-02-29,leave_out_sector_consumer_staples,25,1.0,0.05,0.02437097109586192,0.24879392805156997,0.04160739370594254,24.034189862201725,0.18294566080669236,0.3658913216133847
2024-03-28,leave_out_sector_consumer_staples,25,1.0000000000000002,0.050000000000000024,0.026025498891352545,0.23334257206208425,0.041549958579358025,24.067412680810683,0.14373745596186757,0.28747491192373514
2024-04-30,leave_out_sector_consumer_staples,25,1.0000000000000002,0.05000000000000002,0.02683220703022683,0.1910681544344911,0.04150950665290219,24.090866903379197,0.23769168293135945,0.4753833658627189
2024-05-31,leave_out_sector_consumer_staples,25,1.0,0.05000000000000002,0.025897790055248615,0.2236878453038674,0.04148577958548274,24.10464525415194,0.17892188784782193,0.35784377569564385
2024-06-28,leave_out_sector_consumer_staples,25,1.0,0.05,0.025708502024291497,0.18563943796141938,0.04182155522915928,23.911114603953543,0.1488398316357881,0.2976796632715762
2024-07-31,leave_out_sector_consumer_staples,25,0.9999999999999999,0.05000000000000002,0.023808203991130806,0.1875277161862528,0.04184740057816825,23.8963468742118,0.1733412994541516,0.3466825989083032
2024-08-30,leave_out_sector_consumer_staples,25,1.0,0.05000000000000001,0.025940265486725657,0.18396017699115047,0.04170543650638264,23.977689331868255,0.12244385632713932,0.24488771265427864
2024-09-30,leave_out_sector_consumer_staples,25,1.0,0.05000000000000002,0.024875415282392024,0.17930509413067558,0.04176160751843554,23.945438392393132,0.1320108610433266,0.2640217220866532
2024-10-31,leave_out_sector_consumer_staples,25,1.0,0.05000000000000002,0.0259828349944629,0.21781561461794025,0.041692930326989286,23.984881661164152,0.2029069767441861,0.4058139534883722
2024-11-29,leave_out_sector_consumer_staples,25,1.0,0.05000000000000001,0.024223602484472043,0.22701863354037266,0.04151330002700512,24.088665544523867,0.1513168664837017,0.3026337329674034
2024-12-31,leave_out_sector_consumer_staples,25,1.0,0.05000000000000002,0.024916851441241675,0.1808758314855876,0.041771196429712734,23.939941526038716,0.1747311013482806,0.3494622026965612
2025-01-31,leave_out_sector_consumer_staples,25,1.0000000000000002,0.05000000000000001,0.025125418060200667,0.18592530657748052,0.04179053506112908,23.928863282971864,0.1826438584391925,0.365287716878385
2025-02-28,leave_out_sector_consumer_staples,25,1.0,0.05000000000000002,0.025982834994462897,0.2189230343300111,0.04163406416289248,24.018793747531326,0.20186414108304906,0.40372828216609813
2025-03-31,leave_out_sector_consumer_staples,25,1.0,0.05000000000000001,0.02528293828742259,0.23017296604740553,0.041676625404932846,23.994265137446565,0.22493525567490533,0.44987051134981065
2025-04-30,leave_out_sector_consumer_staples,25,1.0,0.05000000000000002,0.025732097019225728,0.19466708575619468,0.04158212117508048,24.048797217186806,0.24720374023308805,0.4944074804661761
2025-05-30,leave_out_sector_consumer_staples,25,1.0000000000000002,0.05000000000000002,0.02683220703022683,0.21893498873696896,0.041509506652902185,24.0908669033792,0.1521347372832522,0.3042694745665044
2025-06-30,leave_out_sector_consumer_staples,25,1.0,0.05000000000000002,0.02679225536368393,0.23422291993720568,0.04151988775222684,24.084843532515738,0.16392954575415677,0.32785909150831355
2025-07-31,leave_out_sector_consumer_staples,25,1.0,0.05000000000000002,0.02413310961968679,0.20525727069351232,0.04186674836969307,23.88530370617199,0.2666221083167392,0.5332442166334784
2025-08-29,leave_out_sector_consumer_staples,25,1.0,0.05000000000000001,0.02483407079646018,0.23832964601769913,0.04166138450544288,24.00304291062037,0.19010091861178757,0.38020183722357515
2025-09-30,leave_out_sector_consumer_staples,25,1.0,0.050000000000000024,0.02629977876106194,0.2500000000000001,0.041480950772704736,24.10745128479599,0.13226401179941008,0.26452802359882016
2025-10-31,leave_out_sector_consumer_staples,25,1.0,0.05000000000000002,0.02631959508315256,0.2255965292841649,0.04144853136082239,24.12630718552337,0.16369043905451156,0.3273808781090231
2025-11-28,leave_out_sector_consumer_staples,25,1.0,0.05000000000000002,0.025424520953419533,0.23625175260944076,0.04155475421165661,24.064635177639627,0.16407492804543455,0.3281498560908691
2025-12-31,leave_out_sector_consumer_staples,25,1.0,0.05000000000000001,0.024792817679558012,0.2263121546961326,0.04173974008729892,23.957983396841808,0.19151016190711453,0.38302032381422907
2026-01-30,leave_out_sector_consumer_staples,25,1.0,0.05000000000000001,0.02284292035398231,0.25000000000000006,0.04172584726681808,23.965960322038484,0.18352197721605634,0.3670439544321127
2026-02-27,leave_out_sector_consumer_staples,25,0.9999999999999998,0.05,0.02606825749167591,0.23028579356270806,0.04167476465907284,23.995336462740987,0.13736464154872172,0.27472928309744343
2026-03-31,leave_out_sector_consumer_staples,25,1.0,0.05000000000000002,0.026606145251396658,0.2500000000000001,0.04166679020629818,23.99992884138323,0.2134417686121566,0.4268835372243132
2026-04-30,leave_out_sector_consumer_staples,25,1.0,0.05000000000000002,0.024482344964272672,0.2392244301882856,0.04164363175236901,24.013275449807818,0.26596899096057747,0.5319379819211549
2026-05-29,leave_out_sector_consumer_staples,25,1.0,0.05,0.02663332291341043,0.23966864645201624,0.04153585331302246,24.075585794850557,0.1859859170119907,0.3719718340239814
2020-01-31,leave_out_sector_energy,25,0.9999999999999999,0.05,0.025978835978835976,0.24878306878306877,0.041475955320399764,24.110354837520873,,
2020-02-28,leave_out_sector_energy,25,1.0,0.05000000000000002,0.02855160932297447,0.25000000000000006,0.0411191428071658,24.319573116824092,0.2526823517667025,0.505364703533405
2020-03-31,leave_out_sector_energy,25,0.9999999999999999,0.05,0.02606825749167591,0.21309655937846833,0.04167476465907284,23.995336462740987,0.30516093229744723,0.6103218645948945
2020-04-30,leave_out_sector_energy,25,1.0,0.05000000000000002,0.026712614870509604,0.2482560568086884,0.04153294878277566,24.077269476582774,0.2770307427837073,0.5540614855674146
2020-05-29,leave_out_sector_energy,25,1.0,0.05000000000000002,0.028018018018018013,0.2500000000000001,0.04123782566350135,24.249581152991706,0.19301248617038091,0.38602497234076183
2020-06-30,leave_out_sector_energy,25,1.0,0.05000000000000002,0.025692013999363657,0.25000000000000006,0.04164351420450721,24.013343232492296,0.2838437769618171,0.5676875539236342
2020-07-31,leave_out_sector_energy,25,1.0000000000000002,0.05000000000000001,0.025939432376724275,0.24628983668939275,0.04145050854299797,24.12515636479266,0.2715822228374478,0.5431644456748956
2020-08-31,leave_out_sector_energy,25,1.0,0.05000000000000002,0.027649667405764952,0.25000000000000006,0.04130489648526802,24.21020472371028,0.1961793779972769,0.3923587559945538
2020-09-30,leave_out_sector_energy,25,1.0,0.05000000000000001,0.026330376940133036,0.25,0.04142815430949643,24.138174067068526,0.33229098734837625,0.6645819746967525
2020-10-30,leave_out_sector_energy,25,1.0,0.05000000000000001,0.02728625541125541,0.25000000000000006,0.0412499502211353,24.242453497256065,0.23513546771258392,0.47027093542516785
2020-11-30,leave_out_sector_energy,25,1.0,0.05000000000000001,0.02839736553238199,0.25,0.041199134917660835,24.272354310316597,0.19258164105378706,0.3851632821075741
2020-12-31,leave_out_sector_energy,25,1.0,0.05000000000000002,0.0258902575587906,0.2500000000000001,0.04156991168087239,24.05586058678424,0.25253770944398624,0.5050754188879725
2021-01-29,leave_out_sector_energy,25,1.0,0.05000000000000001,0.02611093435146887,0.17064906140629973,0.041534976796458636,24.076093864226312,0.20751757907302024,0.4150351581460405
2021-02-26,leave_out_sector_energy,25,0.9999999999999999,0.05000000000000001,0.026084183673469385,0.22066326530612246,0.04153970879646502,24.073351233629708,0.2590599811750981,0.5181199623501962
2021-03-31,leave_out_sector_energy,25,1.0,0.05000000000000002,0.025728699551569516,0.2500000000000001,0.041578213291037426,24.05105753343084,0.20729371625331755,0.4145874325066351
2021-04-30,leave_out_sector_energy,25,1.0,0.05000000000000002,0.025842696629213485,0.25000000000000006,0.04157592995536809,24.052378409178186,0.23091818773914563,0.46183637547829126
2021-05-28,leave_out_sector_energy,25,0.9999999999999999,0.05000000000000002,0.027008763594129435,0.19392883539225006,0.04142259683604122,24.14141257145699,0.28649172417166874,0.5729834483433375
2021-06-30,leave_out_sector_energy,25,1.0,0.05000000000000001,0.02847222222222222,0.25,0.04114146090534981,24.30638042486152,0.37160299276152936,0.7432059855230587
2021-07-30,leave_out_sector_energy,25,1.0,0.05000000000000002,0.027008763594129435,0.24380213282652305,0.041422596836041214,24.141412571456993,0.13701668250448745,0.2740333650089749
2021-08-31,leave_out_sector_energy,25,1.0,0.05000000000000001,0.02698412698412698,0.24682539682539684,0.0414268077601411,24.138958661501125,0.2511983951008342,0.5023967902016684
2021-09-30,leave_out_sector_energy,25,1.0000000000000002,0.05000000000000002,0.026996458960942875,0.2068204640346705,0.041424698792883866,24.140187596772215,0.19206349206349213,0.38412698412698426
2021-10-29,leave_out_sector_energy,25,1.0,0.05000000000000001,0.02698412698412698,0.23936507936507936,0.0414268077601411,24.138958661501125,0.2679106107851946,0.5358212215703893
2021-11-30,leave_out_sector_energy,25,1.0,0.05000000000000001,0.02698412698412698,0.23936507936507936,0.0414268077601411,24.138958661501125,0.23031746031746037,0.46063492063492073
2021-12-31,leave_out_sector_energy,25,0.9999999999999999,0.05000000000000002,0.027008763594129435,0.21264913947840774,0.041422596836041214,24.141412571456993,0.1569619540351248,0.3139239080702496
2022-01-31,leave_out_sector_energy,25,0.9999999999999999,0.05000000000000001,0.027033291192583218,0.2329962073324905,0.04141841382962458,24.143850706439864,0.20052921213616232,0.40105842427232463
2022-02-28,leave_out_sector_energy,25,1.0,0.05000000000000002,0.027008763594129435,0.1990550100306198,0.041422596836041214,24.141412571456993,0.2250769232206746,0.4501538464413492
2022-03-31,leave_out_sector_energy,25,1.0,0.05000000000000001,0.027269700332963363,0.25000000000000006,0.04137979289259314,24.166384848653923,0.34586188916431737,0.6917237783286347
2022-04-29,leave_out_sector_energy,25,0.9999999999999999,0.05000000000000002,0.027002762430939218,0.21968232044198896,0.04143694102744117,24.133055558752773,0.1900373280762321,0.3800746561524642
2022-05-31,leave_out_sector_energy,25,1.0,0.05000000000000001,0.025966355534461843,0.219203185150029,0.04144619740639653,24.1276658071813,0.22969240696407053,0.45938481392814107
2022-06-30,leave_out_sector_energy,25,1.0,0.05000000000000002,0.026370246085011182,0.17273489932885905,0.04158710631152752,24.04591443581181,0.22009212482662285,0.4401842496532457
2022-07-29,leave_out_sector_energy,25,1.0,0.05000000000000002,0.02611057845957175,0.21596356663470762,0.041557580346373656,24.06299865548502,0.2948106423777565,0.589621284755513
2022-08-31,leave_out_sector_energy,25,1.0,0.05000000000000001,0.02612426505641188,0.18401398379151437,0.04153200397284481,24.07781720944257,0.34427146600515973,0.6885429320103195
2022-09-30,leave_out_sector_energy,25,1.0,0.05000000000000001,0.026031746031746024,0.16698412698412696,0.04149664902998236,24.09833139243304,0.21749262849374085,0.4349852569874817
2022-10-31,leave_out_sector_energy,25,1.0,0.05000000000000002,0.026283482142857136,0.17237723214285713,0.041582193180006374,24.048755573595425,0.20461061507936507,0.40922123015873013
2022-11-30,leave_out_sector_energy,25,0.9999999999999999,0.05,0.026721218961625274,0.18165914221218962,0.04149755221682658,24.09780689653585,0.24946652793453727,0.49893305586907455
2022-12-30,leave_out_sector_energy,25,1.0000000000000002,0.05000000000000002,0.02671679909194097,0.1676078320090806,0.04148178100291049,24.106968790222314,0.23210420387257452,0.46420840774514904
2023-01-31,leave_out_sector_energy,25,1.0,0.05000000000000001,0.02659604519774011,0.17139830508474574,0.04154242475023141,24.071777370059014,0.33882635295022995,0.6776527059004599
2023-02-28,leave_out_sector_energy,25,0.9999999999999999,0.05000000000000002,0.02659996447812444,0.18266828488544196,0.04155598434719963,24.063922819034076,0.3296590284599796,0.6593180569199592
2023-03-31,leave_out_sector_energy,25,1.0,0.05000000000000002,0.026326815642458094,0.2057960893854749,0.04164619159826473,24.011799437662553,0.3256514121599252,0.6513028243198504
2023-04-28,leave_out_sector_energy,25,1.0,0.05000000000000002,0.026599964478124443,0.2135456752116512,0.041561045581811895,24.060992354764622,0.15656771448482204,0.3131354289696441
2023-05-31,leave_out_sector_energy,25,0.9999999999999999,0.05000000000000001,0.027033291192583218,0.18087863463969658,0.04141841382962458,24.143850706439864,0.2969990564174355,0.593998112834871
2023-06-30,leave_out_sector_energy,25,1.0,0.05000000000000002,0.02679225536368393,0.2232339089481947,0.04151988775222684,24.084843532515738,0.22124113770763584,0.4424822754152717
2023-07-31,leave_out_sector_energy,25,1.0,0.05000000000000001,0.026752391406617528,0.22745805237572528,0.041527696181753615,24.08031487283368,0.19367265947162451,0.38734531894324903
2023-08-31,leave_out_sector_energy,25,1.0000000000000002,0.05000000000000002,0.02702104097452934,0.24490586932447403,0.0414205018585765,24.142633602420748,0.24513561940743925,0.4902712388148785
2023-09-29,leave_out_sector_energy,25,1.0,0.05000000000000001,0.02698412698412698,0.22730158730158734,0.04142680776014109,24.13895866150113,0.2554226651901071,0.5108453303802142
2023-10-31,leave_out_sector_energy,25,1.0,0.05000000000000001,0.025654696565783286,0.2107966128273483,0.04156143433273426,24.060767296772255,0.3062127785618455,0.612425557123691
2023-11-30,leave_out_sector_energy,25,1.0,0.05000000000000002,0.025580524344569276,0.2500000000000001,0.04165458906703699,24.006958714456303,0.30666326023002843,0.6133265204600569
2023-12-29,leave_out_sector_energy,25,1.0,0.05000000000000001,0.025982834994462897,0.2386074197120709,0.041531048375723106,24.07837122128966,0.16593583187129046,0.3318716637425809
2024-01-31,leave_out_sector_energy,25,1.0000000000000002,0.05000000000000002,0.02581312017640573,0.24073869900771777,0.04152307439138686,24.08299516972737,0.18328789799040565,0.3665757959808113
2024-02-29,leave_out_sector_energy,25,1.0,0.05000000000000002,0.02506878029608279,0.2500000000000001,0.04153103688065273,24.078377885765015,0.18589154964711782,0.37178309929423564
2024-03-28,leave_out_sector_energy,25,1.0,0.05000000000000002,0.026712614870509604,0.2307121971595656,0.04153294878277566,24.077269476582774,0.15281887576270697,0.30563775152541395
2024-04-30,leave_out_sector_energy,25,1.0,0.05000000000000002,0.02637024608501119,0.21937919463087252,0.041627144548043386,24.02278635388656,0.2309687810129351,0.4619375620258702
2024-05-31,leave_out_sector_energy,25,1.0,0.05000000000000001,0.02594026548672566,0.2239491150442478,0.0416687265055995,23.99881359142614,0.1758722110035438,0.3517444220070876
2024-06-28,leave_out_sector_energy,25,1.0000000000000002,0.05000000000000002,0.025897790055248622,0.1718922651933702,0.04163229525960746,24.019814275534824,0.16310962939422094,0.3262192587884419
2024-07-31,leave_out_sector_energy,25,1.0,0.05000000000000002,0.026025498891352538,0.1875277161862528,0.04168515948790813,23.989352860460475,0.22954132008673178,0.45908264017346356
2024-08-30,leave_out_sector_energy,25,0.9999999999999998,0.05,0.024594453165881727,0.18325484039769752,0.04170827079775274,23.976059924639227,0.13010076450843006,0.2602015290168601
2024-09-30,leave_out_sector_energy,25,1.0,0.05000000000000001,0.026283482142857133,0.17963169642857146,0.041670009068080355,23.99807493121018,0.10007420035321822,0.20014840070643644
2024-10-31,leave_out_sector_energy,25,1.0,0.050000000000000024,0.026025498891352545,0.2179878048780488,0.04161878813280172,24.027609761463793,0.2341399073487489,0.4682798146974978
2024-11-29,leave_out_sector_energy,25,1.0,0.05000000000000001,0.02594026548672566,0.22981194690265488,0.04146315050121388,24.11780069560136,0.2102701960245669,0.4205403920491338
2024-12-31,leave_out_sector_energy,25,1.0000000000000002,0.05000000000000001,0.025855408388520972,0.18040838852097132,0.041681179309874326,23.991643628065454,0.2282118716911837,0.4564237433823674
2025-01-31,leave_out_sector_energy,25,1.0,0.05000000000000002,0.02495837957824639,0.18543285238623752,0.04181519316310278,23.91475261394674,0.1921264207294814,0.3842528414589628
2025-02-28,leave_out_sector_energy,25,0.9999999999999999,0.05000000000000002,0.027002762430939218,0.21857734806629836,0.041436941027441165,24.133055558752776,0.17418537413923144,0.34837074827846287
2025-03-31,leave_out_sector_energy,25,1.0,0.05,0.02589779005524862,0.22610497237569058,0.04167624996184487,23.994481291275306,0.2468922651933702,0.4937845303867404
2025-04-30,leave_out_sector_energy,25,1.0000000000000002,0.05000000000000002,0.02683220703022683,0.19466708575619468,0.04150950665290219,24.090866903379197,0.21684368351331323,0.43368736702662647
2025-05-30,leave_out_sector_energy,25,1.0,0.05000000000000001,0.026240245261984395,0.221850613154961,0.04165133701586734,24.008833128671085,0.12100392791309712,0.24200785582619425
2025-06-30,leave_out_sector_energy,25,1.0,0.05000000000000002,0.025770925110132153,0.23458149779735687,0.04167119486114616,23.997392043403842,0.1324196784190081,0.2648393568380162
2025-07-31,leave_out_sector_energy,25,1.0,0.05000000000000001,0.02572197055492638,0.20781426953567383,0.041525743758088166,24.081447061504473,0.30519504492593835,0.6103900898518767
2025-08-29,leave_out_sector_energy,25,1.0,0.05000000000000002,0.025770925110132153,0.23722466960352423,0.04167119486114616,23.997392043403842,0.18874257262735666,0.37748514525471333
2025-09-30,leave_out_sector_energy,25,1.0,0.05000000000000001,0.02783200616491138,0.25000000000000006,0.04133060412242928,24.19514597555375,0.10506694684876244,0.2101338936975249
2025-10-31,leave_out_sector_energy,25,1.0,0.05000000000000002,0.026025498891352538,0.22907427937915747,0.041667952099547205,23.999259613502023,0.1637913004162151,0.3275826008324302
2025-11-28,leave_out_sector_energy,25,1.0,0.05000000000000002,0.025693354264782836,0.23751962323390896,0.041556115260981824,24.063847010717275,0.18281528285883689,0.36563056571767377
2025-12-31,leave_out_sector_energy,25,1.0000000000000002,0.05000000000000001,0.025982834994462897,0.22667497231450723,0.041531048375723106,24.07837122128966,0.19397886166989164,0.3879577233397833
2026-01-30,leave_out_sector_energy,25,1.0,0.05000000000000001,0.02636378179491281,0.23296272596384582,0.04158627788646762,24.046393445694857,0.157123666414924,0.314247332829848
2026-02-27,leave_out_sector_energy,25,1.0,0.050000000000000024,0.026025498891352545,0.23001662971175169,0.04161878813280172,24.027609761463793,0.16278817562139067,0.32557635124278134
2026-03-31,leave_out_sector_energy,25,1.0000000000000002,0.05000000000000002,0.02648336207447148,0.2500000000000001,0.04146402940285354,24.117289477206004,0.2397830575132905,0.479566115026581
2026-04-30,leave_out_sector_energy,25,1.0,0.05000000000000002,0.02702104097452934,0.24158361018826138,0.04142050185857651,24.142633602420744,0.2972973590617976,0.5945947181235952
2026-05-29,leave_out_sector_energy,25,1.0000000000000002,0.05000000000000002,0.026996458960942875,0.2429998414460124,0.04142469879288387,24.14018759677221,0.19117505712245414,0.3823501142449083
2020-01-31,leave_out_sector_financials,25,1.0,0.05000000000000001,0.023094705443698724,0.25000000000000006,0.04185646959513002,23.891169266610806,,
2020-02-28,leave_out_sector_financials,25,0.9999999999999999,0.05000000000000002,0.02589285714285713,0.25000000000000006,0.0414408389905549,24.130785581535104,0.29111503336335554,0.5822300667267111
2020-03-31,leave_out_sector_financials,25,1.0,0.05000000000000002,0.025132786093674545,0.24525591501690008,0.04185887795197109,23.889794684592378,0.2756973621501628,0.5513947243003255
2020-04-30,leave_out_sector_financials,25,1.0,0.05000000000000001,0.02466816647919009,0.25000000000000006,0.04169426600077689,23.984113306644296,0.2548931546521437,0.5097863093042874
2020-05-29,leave_out_sector_financials,25,1.0000000000000002,0.05000000000000001,0.024914675767918084,0.25000000000000006,0.04156200777592699,24.06043532331966,0.25952229947365796,0.5190445989473159
2020-06-30,leave_out_sector_financials,25,1.0,0.05,0.02442797415431394,0.25,0.04177723795358126,23.936479503769522,0.3550783322501599,0.7101566645003198
2020-07-31,leave_out_sector_financials,25,1.0,0.05000000000000002,0.024379232505643333,0.2500000000000001,0.041805260791137805,23.920434439963774,0.2770094240145925,0.554018848029185
2020-08-31,leave_out_sector_financials,25,1.0,0.05000000000000001,0.02596367997258864,0.25,0.0415214157782337,24.083957188285922,0.21373030534950427,0.42746061069900854
2020-09-30,leave_out_sector_financials,25,1.0,0.05000000000000002,0.02357183257918551,0.2500000000000001,0.04165572661800537,24.00630312298424,0.2930763058178557,0.5861526116357114
2020-10-30,leave_out_sector_financials,25,1.0,0.05,0.02820759911894272,0.25,0.041277149962480664,24.226478836570873,0.21420185746274117,0.42840371492548235
2020-11-30,leave_out_sector_financials,25,0.9999999999999999,0.05000000000000002,0.027971014492753608,0.25000000000000006,0.04117956496053776,24.283889374700696,0.19767924407840134,0.3953584881568027
2020-12-31,leave_out_sector_financials,25,1.0,0.05000000000000001,0.02561643835616439,0.25000000000000006,0.04169475893608001,23.98382975503099,0.23174740255443055,0.4634948051088611
2021-01-29,leave_out_sector_financials,25,1.0,0.05000000000000002,0.025930698739977085,0.1995561282932417,0.041734785876144334,23.960827377135328,0.210117489682876,0.420234979365752
2021-02-26,leave_out_sector_financials,25,1.0,0.05000000000000002,0.023925639787542242,0.22567600193143408,0.04194636837232379,23.83996609965882,0.17052411444134155,0.3410482288826831
2021-03-31,leave_out_sector_financials,25,1.0,0.05000000000000002,0.02537528868360278,0.2500000000000001,0.04177563550394956,23.93739767059816,0.11716523388901098,0.23433046777802197
2021-04-30,leave_out_sector_financials,25,1.0,0.05,0.025127986348122862,0.25,0.04168677367626103,23.98842394870823,0.16316113471375993,0.32632226942751985
2021-05-28,leave_out_sector_financials,25,1.0,0.05000000000000002,0.025493235625704623,0.2215755355129651,0.04170352495459278,23.978788389921718,0.25496734207802507,0.5099346841560501
2021-06-30,leave_out_sector_financials,25,1.0,0.05000000000000002,0.027606615858602232,0.25000000000000006,0.041326591252146334,24.197495358344227,0.2756743328173797,0.5513486656347594
2021-07-30,leave_out_sector_financials,25,1.0,0.05000000000000002,0.025857142857142846,0.2500000000000001,0.04164532653061225,24.01229821706235,0.12872344738122266,0.2574468947624453
2021-08-31,leave_out_sector_financials,25,1.0,0.05000000000000002,0.02324074074074073,0.2500000000000001,0.04204599354852538,23.783478890703286,0.16406812169312168,0.32813624338624336
2021-09-30,leave_out_sector_financials,25,1.0,0.05000000000000002,0.02552325581395348,0.2438953488372093,0.041777244456462956,23.936475777911188,0.17883021102497854,0.35766042204995707
2021-10-29,leave_out_sector_financials,25,0.9999999999999999,0.05000000000000002,0.024031663544625045,0.2493776058976373,0.0417524144108381,23.95071073399817,0.24454176251779422,0.48908352503558844
2021-11-30,leave_out_sector_financials,25,1.0,0.050000000000000024,0.02308056872037913,0.2500000000000001,0.041808719480694506,23.918455585843944,0.21645156320208353,0.43290312640416706
2021-12-31,leave_out_sector_financials,25,1.0000000000000002,0.05000000000000002,0.024220504690183636,0.2127097370854803,0.042038276590995044,23.787844818886047,0.200240776953137,0.400481553906274
2022-01-31,leave_out_sector_financials,25,1.0,0.05000000000000002,0.024238631622861894,0.23181754971492144,0.04217111420796879,23.71291389334543,0.21466364267264326,0.4293272853452865
2022-02-28,leave_out_sector_financials,25,0.9999999999999998,0.05000000000000002,0.023103293605023695,0.23508906830706136,0.04221690068779922,23.68719597383903,0.23929332962499428,0.47858665924998856
2022-03-31,leave_out_sector_financials,25,1.0,0.05000000000000002,0.022525252525252514,0.2500000000000001,0.04165204934156799,24.008422534014866,0.2603819432308475,0.520763886461695
2022-04-29,leave_out_sector_financials,25,0.9999999999999999,0.05000000000000002,0.022271781147784702,0.22331251858459708,0.04195106770085224,23.837295563747592,0.18411701012503873,0.36823402025007745
2022-05-31,leave_out_sector_financials,25,1.0,0.05000000000000002,0.02388888888888888,0.22000000000000003,0.0417283950617284,23.964497041420113,0.18788730300327092,0.37577460600654183
2022-06-30,leave_out_sector_financials,25,1.0000000000000002,0.05000000000000002,0.02417413213885778,0.17291433370660694,0.04186119190694327,23.888474131911565,0.2163263655592883,0.4326527311185766
2022-07-29,leave_out_sector_financials,25,1.0,0.05000000000000002,0.025869441277080962,0.21979760547320415,0.04169790194492732,23.982021956902155,0.23770300742759157,0.47540601485518313
2022-08-31,leave_out_sector_financials,25,1.0,0.05000000000000002,0.024174132138857777,0.2021276595744681,0.04185805691022248,23.890263280610675,0.3039839828592078,0.6079679657184156
2022-09-30,leave_out_sector_financials,25,1.0,0.050000000000000024,0.024978923280741888,0.19667590027700832,0.04191324384145017,23.858807106002338,0.2059860445212062,0.4119720890424124
2022-10-31,leave_out_sector_financials,25,0.9999999999999999,0.05000000000000001,0.0212611607142857,0.19363839285714285,0.04206549196827168,23.772454646536882,0.2127148400535091,0.4254296801070182
2022-11-30,leave_out_sector_financials,25,1.0,0.05000000000000002,0.02453166815343442,0.1818316978887898,0.0420021385936353,23.80831151658389,0.21207051328002216,0.4241410265600443
2022-12-30,leave_out_sector_financials,25,1.0,0.050000000000000024,0.023956344660812007,0.1699789996181749,0.04173623694647203,23.959994315791572,0.15229868261816917,0.30459736523633835
2023-01-31,leave_out_sector_financials,25,0.9999999999999999,0.05000000000000002,0.0222717811477847,0.17566161165625932,0.042109387468479684,23.747673858911725,0.2409884133162166,0.4819768266324332
2023-02-28,leave_out_sector_financials,25,1.0,0.05000000000000002,0.022228822620886293,0.18327788998455508,0.04215119701582121,23.724118667962284,0.28329712063761203,0.5665942412752241
2023-03-31,leave_out_sector_financials,25,1.0,0.05000000000000001,0.026311995386389845,0.2100778546712803,0.04159907305414872,24.038997183863184,0.2756228572399545,0.551245714479909
2023-04-28,leave_out_sector_financials,25,0.9999999999999998,0.05000000000000001,0.02624709976798143,0.24327146171693734,0.041610405978649984,24.032449972083743,0.16387675719939948,0.32775351439879896
2023-05-31,leave_out_sector_financials,25,0.9999999999999999,0.05000000000000002,0.024984875983061094,0.21288566243194193,0.041738218912322426,23.958856560234505,0.30793307324235064,0.6158661464847013
2023-06-30,leave_out_sector_financials,25,0.9999999999999999,0.05000000000000002,0.02590830449826989,0.22719146482122266,0.04164796295409405,24.01077817664786,0.17283833838862767,0.34567667677725533
2023-07-31,leave_out_sector_financials,25,1.0,0.05000000000000002,0.026036866359447002,0.2343317972350231,0.04164560725434816,24.01213635552382,0.17086907818155728,0.34173815636311455
2023-08-31,leave_out_sector_financials,25,1.0,0.05000000000000002,0.025619930475086896,0.25000000000000006,0.041566045478530926,24.05809810597703,0.20107006690838414,0.4021401338167683
2023-09-29,leave_out_sector_financials,25,1.0,0.05000000000000002,0.025849811816715456,0.2300764681283231,0.04172240546403185,23.967937343931006,0.27913582704596235,0.5582716540919247
2023-10-31,leave_out_sector_financials,25,1.0000000000000002,0.05000000000000002,0.024305144884683612,0.21448846836191604,0.041757187755400375,23.94797288212188,0.29285662024566195,0.5857132404913239
2023-11-30,leave_out_sector_financials,25,1.0,0.05000000000000002,0.025210717771271384,0.2500000000000001,0.04160971297765638,24.032850227469265,0.26804437643201384,0.5360887528640277
2023-12-29,leave_out_sector_financials,25,1.0,0.05000000000000002,0.025125963698172753,0.24829417835245554,0.041673517904346084,23.99605433588104,0.17421897837486983,0.34843795674973965
2024-01-31,leave_out_sector_financials,25,1.0,0.050000000000000024,0.02546674445740955,0.2500000000000001,0.04160319930315108,24.036612970874543,0.18467987040920755,0.3693597408184151
2024-02-29,leave_out_sector_financials,25,1.0,0.050000000000000024,0.025353075170842808,0.25000000000000017,0.041821242236185996,23.91129355633406,0.15438757731451835,0.3087751546290367
2024-03-28,leave_out_sector_financials,25,1.0,0.05000000000000002,0.02525167785234899,0.23554250559284118,0.04172724013933307,23.965160328381668,0.172993494977909,0.345986989955818
2024-04-30,leave_out_sector_financials,25,0.9999999999999999,0.05000000000000002,0.023269321953532464,0.24570886676149836,0.042129852113849266,23.73613838704342,0.16707391778921282,0.33414783557842564
2024-05-31,leave_out_sector_financials,25,1.0,0.05000000000000002,0.024899477885134722,0.2315099321850807,0.04195018514107312,23.83779705946774,0.14132383448683042,0.28264766897366084
2024-06-28,leave_out_sector_financials,25,1.0,0.05000000000000002,0.02372787610619469,0.19579646017699118,0.04185227650951524,23.893562869218044,0.1274368546921031,0.2548737093842062
2024-07-31,leave_out_sector_financials,25,1.0,0.05000000000000002,0.023181549379065636,0.18905972797161447,0.041810211363530664,23.917602121290855,0.19287681923562014,0.3857536384712403
2024-08-30,leave_out_sector_financials,25,1.0,0.05000000000000002,0.0258257403189066,0.1869589977220957,0.041690983987214686,23.98600139317097,0.12314029519808072,0.24628059039616143
2024-09-30,leave_out_sector_financials,25,1.0000000000000002,0.050000000000000024,0.02501819063788503,0.18077855930147957,0.041712837169480876,23.973435226593704,0.1272282978922065,0.254456595784413
2024-10-31,leave_out_sector_financials,25,1.0000000000000002,0.05000000000000001,0.025125418060200667,0.21885451505016726,0.04179053506112907,23.928863282971868,0.20429249369512903,0.40858498739025806
2024-11-29,leave_out_sector_financials,25,0.9999999999999999,0.05000000000000002,0.024844757942967373,0.23524446855971545,0.04190836148680728,23.861586674411004,0.17778592373888324,0.3555718474777665
2024-12-31,leave_out_sector_financials,25,0.9999999999999999,0.05000000000000002,0.02570969138474858,0.21473189436576168,0.04176535861409224,23.94328776725948,0.1774836161033052,0.3549672322066104
2025-01-31,leave_out_sector_financials,25,1.0,0.050000000000000024,0.02458759954493742,0.1871018202502845,0.04160935107637311,24.03305925546689,0.21513103981122042,0.43026207962244084
2025-02-28,leave_out_sector_financials,25,1.0,0.05000000000000002,0.024531668153434417,0.22218257508177225,0.041792747933224815,23.92759628052622,0.23258915024879268,0.46517830049758535
2025-03-31,leave_out_sector_financials,25,1.0,0.05000000000000002,0.025116279069767437,0.23906976744186045,0.04180475932936723,23.92072137340388,0.22258635354645984,0.4451727070929197
2025-04-30,leave_out_sector_financials,25,0.9999999999999999,0.05000000000000002,0.025572755417956644,0.2084829721362229,0.041795192132580594,23.92619698523817,0.24764273885808916,0.4952854777161783
2025-05-30,leave_out_sector_financials,25,0.9999999999999999,0.05000000000000002,0.025085910652920946,0.22823596792668954,0.04192272568029821,23.853410859445976,0.14865628291468513,0.29731256582937027
2025-06-30,leave_out_sector_financials,25,1.0,0.05000000000000002,0.02130630630630631,0.25000000000000006,0.04162883681823715,24.021809794164383,0.0977661198569704,0.1955322397139408
2025-07-31,leave_out_sector_financials,25,1.0,0.05000000000000002,0.025359388375594056,0.20584024559435604,0.04171827336301954,23.970311314140655,0.3025867050966307,0.6051734101932614
2025-08-29,leave_out_sector_financials,25,1.0,0.05000000000000001,0.02624024526198439,0.2402870680044593,0.041631451580829947,24.020301047116753,0.20073903784788497,0.40147807569576993
2025-09-30,leave_out_sector_financials,25,1.0,0.05000000000000001,0.02741158765989466,0.25,0.04146028047701305,24.11947021329084,0.10072518502860052,0.20145037005720104
2025-10-31,leave_out_sector_financials,25,1.0,0.05000000000000002,0.025083518930957675,0.22981625835189312,0.041724386907803036,23.966799133793533,0.16474341442650756,0.3294868288530151
2025-11-28,leave_out_sector_financials,25,1.0,0.05000000000000002,0.02508351893095768,0.2398385300668152,0.041823592764916845,23.90994971715669,0.13844654788418712,0.27689309576837423
2025-12-31,leave_out_sector_financials,25,1.0000000000000002,0.05000000000000002,0.02520949720670391,0.2281424581005587,0.04181847086545365,23.912878192447316,0.1821694081198443,0.3643388162396886
2026-01-30,leave_out_sector_financials,25,1.0,0.05000000000000002,0.02282668881506092,0.2500000000000001,0.04182239458790547,23.910634717438867,0.17802415561521479,0.35604831123042957
2026-02-27,leave_out_sector_financials,25,1.0,0.05000000000000002,0.025677572616348125,0.23507720548536876,0.04149293810314681,24.100486630137198,0.12378188447767445,0.2475637689553489
2026-03-31,leave_out_sector_financials,25,1.0,0.05000000000000002,0.02618952017667135,0.2500000000000001,0.04156365581892268,24.059481301563714,0.25533587751152254,0.5106717550230451
2026-04-30,leave_out_sector_financials,25,0.9999999999999999,0.05000000000000002,0.025428740390301588,0.2456830277942046,0.04186323497166094,23.887308295141164,0.271586807119172,0.543173614238344
2026-05-29,leave_out_sector_financials,25,1.0,0.05000000000000002,0.025521574205784724,0.24855381697486958,0.04181281210086331,23.916114457639,0.18340991790134314,0.3668198358026863
2020-01-31,leave_out_sector_health_care,25,1.0,0.05000000000000002,0.025936435868331435,0.25000000000000006,0.04156632193578395,24.05793809577152,,
2020-02-28,leave_out_sector_health_care,25,1.0,0.05000000000000002,0.02550527903469079,0.25000000000000006,0.0413320212526361,24.19431640876313,0.20206886456669465,0.4041377291333893
2020-03-31,leave_out_sector_health_care,25,1.0,0.05000000000000002,0.02515180568871844,0.2395174177053372,0.04162121254369352,24.026210167476748,0.26999336957291953,0.5399867391458391
2020-04-30,leave_out_sector_health_care,25,1.0000000000000002,0.05000000000000001,0.024385964912280702,0.25000000000000006,0.04178430006964483,23.93243391257553,0.20447328563603348,0.40894657127206696
2020-05-29,leave_out_sector_health_care,25,1.0,0.05000000000000002,0.02371362814400788,0.25000000000000006,0.041657632405855294,24.005204862757456,0.2503413058086753,0.5006826116173506
2020-06-30,leave_out_sector_health_care,25,1.0000000000000002,0.05000000000000002,0.025341638354095877,0.2500000000000001,0.041659830928314594,24.00393803135524,0.3431019822864369,0.6862039645728738
2020-07-31,leave_out_sector_health_care,25,1.0,0.05000000000000002,0.023256704980842896,0.2500000000000001,0.041803799489144325,23.92127060746432,0.2542356365229994,0.5084712730459988
2020-08-31,leave_out_sector_health_care,25,1.0,0.05000000000000002,0.02506406149903907,0.25000000000000006,0.04148872603798302,24.102933386879553,0.1809651564352353,0.3619303128704706
2020-09-30,leave_out_sector_health_care,25,1.0,0.05000000000000002,0.023498871331828434,0.25000000000000006,0.04208164245422907,23.763331031759744,0.26189518883199353,0.5237903776639871
2020-10-30,leave_out_sector_health_care,25,1.0,0.05000000000000002,0.02522155264090747,0.25000000000000006,0.041804809332682095,23.920692761495783,0.23384981471597657,0.46769962943195315
2020-11-30,leave_out_sector_health_care,25,1.0,0.05000000000000002,0.02667051134179161,0.2500000000000001,0.04127865635477794,24.22559473363894,0.20496720782411146,0.4099344156482229
2020-12-31,leave_out_sector_health_care,25,1.0,0.05000000000000002,0.02492897727272726,0.25000000000000006,0.04175276020144629,23.950512377511288,0.25514765955401775,0.5102953191080355
2021-01-29,leave_out_sector_health_care,25,1.0,0.05000000000000002,0.025992087279702668,0.19961635295528116,0.04172182776356003,23.968269215506492,0.14543210360105072,0.29086420720210143
2021-02-26,leave_out_sector_health_care,25,0.9999999999999999,0.05000000000000001,0.025738636363636356,0.2238068181818182,0.04155287964876033,24.065720798482218,0.23102465504463168,0.46204931008926337
2021-03-31,leave_out_sector_health_care,25,1.0,0.05000000000000001,0.025688976377952765,0.25000000000000006,0.04153096099559546,24.078421881594657,0.2083012066673484,0.4166024133346968
2021-04-30,leave_out_sector_health_care,25,1.0,0.05000000000000001,0.02556822500950208,0.25000000000000006,0.0419982161639985,23.810535097374327,0.16671778983727378,0.33343557967454757
2021-05-28,leave_out_sector_health_care,25,1.0,0.05000000000000002,0.024260145312776885,0.22104081753204563,0.04188933360620998,23.872425601245485,0.2818957288448577,0.5637914576897154
2021-06-30,leave_out_sector_health_care,25,1.0,0.050000000000000024,0.026053811659192804,0.25000000000000017,0.04138149269038187,24.165392183458522,0.2660616417763771,0.5321232835527542
2021-07-30,leave_out_sector_health_care,25,1.0000000000000002,0.05000000000000001,0.025522598870056496,0.2484180790960452,0.04175213460372179,23.950871242661204,0.10709900939930588,0.21419801879861175
2021-08-31,leave_out_sector_health_care,25,1.0,0.05000000000000002,0.024532312925170052,0.2500000000000001,0.04172624832245824,23.96572997102574,0.20002291594603944,0.4000458318920789
2021-09-30,leave_out_sector_health_care,25,1.0,0.05000000000000001,0.024336158192090392,0.23608757062146893,0.0418105469373424,23.917410157265042,0.178069199431185,0.35613839886237
2021-10-29,leave_out_sector_health_care,25,1.0000000000000002,0.05000000000000003,0.025351518560179972,0.24312429696287968,0.041669132700510314,23.99857964856929,0.23455390110134544,0.4691078022026909
2021-11-30,leave_out_sector_health_care,25,1.0,0.05000000000000001,0.02312570462232243,0.24323562570462232,0.041740638770719235,23.957467577173087,0.15679194095946583,0.31358388191893166
2021-12-31,leave_out_sector_health_care,25,0.9999999999999999,0.05000000000000002,0.025085910652920942,0.24873997709049253,0.04190698031435623,23.862373105833786,0.17254778517752287,0.34509557035504573
2022-01-31,leave_out_sector_health_care,25,1.0,0.05000000000000002,0.025251677852348994,0.23652125279642056,0.041814823781711544,23.914963870716292,0.21159486304265934,0.4231897260853187
2022-02-28,leave_out_sector_health_care,25,0.9999999999999999,0.05000000000000002,0.022867513611615233,0.23399879007864488,0.041762556410844795,23.944894325011255,0.20996281927916297,0.41992563855832593
2022-03-31,leave_out_sector_health_care,25,1.0,0.05000000000000002,0.02551020408163264,0.25000000000000006,0.04152321282798834,24.082914878059704,0.28167158042890483,0.5633431608578097
2022-04-29,leave_out_sector_health_care,25,1.0,0.05,0.024940758293838856,0.23050947867298577,0.04185868747332719,23.889903395494922,0.17737895347712548,0.35475790695425097
2022-05-31,leave_out_sector_health_care,25,1.0,0.05000000000000002,0.02477168949771689,0.2245433789954338,0.041837638914951736,23.901922430011336,0.19467338613689977,0.38934677227379955
2022-06-30,leave_out_sector_health_care,25,1.0,0.05000000000000002,0.024668406175255488,0.17537508153946513,0.04160967591723832,24.032871632766398,0.21955859969558603,0.43911719939117205
2022-07-29,leave_out_sector_health_care,25,0.9999999999999999,0.05000000000000002,0.025559553576873808,0.2230286027931939,0.041852466653206716,23.893454316231573,0.2664407524045647,0.5328815048091294
2022-08-31,leave_out_sector_health_care,25,1.0,0.05000000000000002,0.023985997102848853,0.2072971994205698,0.042031816888087575,23.791500678225844,0.34832095460514434,0.6966419092102887
2022-09-30,leave_out_sector_health_care,25,1.0,0.05000000000000001,0.024147398843930634,0.16521676300578036,0.041802386481339174,23.922079196277604,0.241915629544243,0.483831259088486
2022-10-31,leave_out_sector_health_care,25,1.0,0.05000000000000001,0.024856979405034316,0.18518306636155601,0.041693825306725184,23.984366813152562,0.20555002579330967,0.41110005158661933
2022-11-30,leave_out_sector_health_care,25,0.9999999999999999,0.05000000000000002,0.024490950226244326,0.1817873303167421,0.041721670829835585,23.968359370806645,0.2244588514863788,0.4489177029727576
2022-12-30,leave_out_sector_health_care,25,1.0,0.05000000000000002,0.024449152542372874,0.18665254237288137,0.041711469405343295,23.974221341430344,0.1715285553595624,0.3430571107191248
2023-01-31,leave_out_sector_health_care,25,1.0,0.05000000000000002,0.025521574205784724,0.17552157420578476,0.04186607482304495,23.885687975925453,0.3058393607702261,0.6116787215404522
2023-02-28,leave_out_sector_health_care,25,1.0,0.05000000000000001,0.025869441277080955,0.18462086659064997,0.04173430676128452,23.9611024503147,0.28700672931828786,0.5740134586365757
2023-03-31,leave_out_sector_health_care,25,1.0,0.05000000000000002,0.024760765550239226,0.23313397129186603,0.041913467812092216,23.85867961303588,0.2599918572995151,0.5199837145990301
2023-04-28,leave_out_sector_health_care,25,1.0,0.050000000000000024,0.025200097016735378,0.24342711617754065,0.04186959520102472,23.88367967731214,0.1677995391705069,0.3355990783410138
2023-05-31,leave_out_sector_health_care,25,0.9999999999999999,0.05000000000000002,0.025368785285011825,0.21416863959205976,0.04178050503949317,23.93460775676949,0.27350433232316207,0.5470086646463241
2023-06-30,leave_out_sector_health_care,25,1.0,0.05000000000000002,0.024324324324324336,0.2500000000000001,0.041928706578199824,23.850008302424822,0.18912260808431822,0.37824521616863643
2023-07-31,leave_out_sector_health_care,25,1.0,0.05000000000000001,0.02106009070294786,0.25000000000000006,0.04215418194236627,23.722438769354195,0.14995095861167293,0.29990191722334586
2023-08-31,leave_out_sector_health_care,25,1.0,0.05000000000000002,0.024580446497305612,0.2500000000000001,0.04200338219842232,23.807606617868043,0.1829877159999232,0.3659754319998464
2023-09-29,leave_out_sector_health_care,25,1.0,0.05000000000000002,0.02515292835079643,0.23137605232875058,0.04187073491961526,23.883029565156455,0.24569933001019353,0.49139866002038707
2023-10-31,leave_out_sector_health_care,25,1.0,0.05000000000000001,0.025315606513386588,0.21882051594803928,0.0418863874499836,23.87410471227906,0.3305413442199039,0.6610826884398078
2023-11-30,leave_out_sector_health_care,25,1.0,0.050000000000000024,0.025114155251141534,0.2500000000000001,0.0418210212464294,23.911419907886113,0.29291201224859326,0.5858240244971865
2023-12-29,leave_out_sector_health_care,25,1.0,0.05000000000000002,0.023910810320865304,0.24762523415312104,0.041869937580211826,23.88348437549643,0.13357063332883587,0.26714126665767174
2024-01-31,leave_out_sector_health_care,25,1.0000000000000002,0.05000000000000001,0.023490492936758655,0.24605710198486025,0.04205556554229349,23.778065687746906,0.2025884112160278,0.4051768224320556
2024-02-29,leave_out_sector_health_care,25,1.0000000000000002,0.05000000000000004,0.023109965635738812,0.2500000000000002,0.04207185151726285,23.76886122042149,0.141155612559632,0.282311225119264
2024-03-28,leave_out_sector_health_care,25,1.0,0.05000000000000001,0.024899477885134715,0.24063193902658583,0.042007392709634425,23.80533366858185,0.16543290554849907,0.33086581109699814
2024-04-30,leave_out_sector_health_care,25,1.0,0.05000000000000002,0.023774539323136206,0.24763940744309287,0.04186115492429055,23.888495236421086,0.18941058108298703,0.37882116216597406
2024-05-31,leave_out_sector_health_care,25,1.0000000000000002,0.050000000000000024,0.02505891594658287,0.2326998610187927,0.041701214824652874,23.980116747314067,0.14502807901588427,0.29005615803176854
2024-06-28,leave_out_sector_health_care,25,0.9999999999999999,0.05000000000000002,0.02383475852101649,0.2023967240756353,0.041923716745429336,23.852846971375058,0.11059914575852899,0.22119829151705797
2024-07-31,leave_out_sector_health_care,25,1.0,0.05000000000000001,0.024002180364605406,0.19126340015747081,0.04193959440785684,23.843816663440666,0.1426295235947688,0.2852590471895376
2024-08-30,leave_out_sector_health_care,25,1.0,0.05000000000000002,0.024463882618510156,0.1861738148984199,0.04170901826251345,23.975630251138366,0.15218809254053633,0.30437618508107267
2024-09-30,leave_out_sector_health_care,25,1.0,0.05000000000000003,0.024377828054298632,0.1800339366515838,0.04165487244323418,24.00679539621122,0.13446038425788795,0.2689207685157759
2024-10-31,leave_out_sector_health_care,25,1.0,0.05000000000000002,0.024033266557396942,0.22400291385904209,0.04178162532363084,23.933966001902284,0.2064333711574652,0.4128667423149304
2024-11-29,leave_out_sector_health_care,25,1.0,0.05000000000000002,0.02449794263956273,0.2386691641589388,0.04196944884783301,23.826855664120366,0.17386623817298436,0.3477324763459687
2024-12-31,leave_out_sector_health_care,25,1.0,0.05000000000000002,0.025203962703962694,0.21290792540792544,0.04160705019533692,24.03438829009018,0.14212625692389871,0.28425251384779743
2025-01-31,leave_out_sector_health_care,25,1.0,0.05000000000000002,0.02634007163236811,0.187874097007224,0.041600699435397806,24.038057378167675,0.20153836708426043,0.40307673416852086
2025-02-28,leave_out_sector_health_care,25,1.0000000000000002,0.05000000000000002,0.025397796817625454,0.2261933904528764,0.04183669693433151,23.902460597442445,0.1565009126985808,0.3130018253971616
2025-03-31,leave_out_sector_health_care,25,1.0,0.05000000000000002,0.023852373500260815,0.19855242566510173,0.0421300122942489,23.736048141066135,0.17783450784036925,0.3556690156807385
2025-04-30,leave_out_sector_health_care,25,0.9999999999999999,0.05000000000000002,0.023598398169336374,0.20380434782608692,0.0417567936419,23.9481989104779,0.2092931156734458,0.4185862313468916
2025-05-30,leave_out_sector_health_care,25,1.0,0.05000000000000002,0.024870242214532864,0.2279123414071511,0.041741086573037524,23.95721055919866,0.1512820056007327,0.3025640112014654
2025-06-30,leave_out_sector_health_care,25,1.0,0.05000000000000002,0.020941446613088416,0.2500000000000001,0.041866852042006714,23.885244560461803,0.1355453104453776,0.2710906208907552
2025-07-31,leave_out_sector_health_care,25,1.0000000000000002,0.05000000000000002,0.02481428571428571,0.2092571428571429,0.04189102448979593,23.871462017921907,0.28590426439232414,0.5718085287846483
2025-08-29,leave_out_sector_health_care,25,1.0,0.05000000000000002,0.02632421420256112,0.24914144353899884,0.0415774571035167,24.05149496060494,0.19702752369865295,0.3940550473973059
2025-09-30,leave_out_sector_health_care,25,1.0,0.05000000000000001,0.0282703488372093,0.25000000000000006,0.04124811271858663,24.243533439274046,0.13431594674716413,0.26863189349432826
2025-10-31,leave_out_sector_health_care,25,1.0,0.05000000000000002,0.025493235625704627,0.2317220969560316,0.04161963756197818,24.02711937389755,0.16756937525672289,0.33513875051344577
2025-11-28,leave_out_sector_health_care,25,1.0,0.05000000000000002,0.024531668153434417,0.24200118941421356,0.04179785502250312,23.924672676662958,0.13714987624795466,0.2742997524959093
2025-12-31,leave_out_sector_health_care,25,0.9999999999999999,0.05000000000000002,0.024842497136311557,0.23180126002290952,0.04169693139219213,23.982580171049538,0.18344125172562142,0.36688250345124285
2026-01-30,leave_out_sector_health_care,25,1.0,0.05000000000000002,0.022374429223744302,0.2500000000000001,0.041738127723567074,23.958908905138998,0.14070865500792418,0.28141731001584835
2026-02-27,leave_out_sector_health_care,25,1.0,0.05000000000000002,0.025886727688787182,0.23664187643020596,0.041746320737920825,23.954206797717546,0.0924095574328914,0.1848191148657828
2026-03-31,leave_out_sector_health_care,25,1.0,0.05000000000000002,0.024679919137466297,0.2500000000000001,0.04208068254780553,23.76387309934803,0.23933288024203253,0.47866576048406506
2026-04-30,leave_out_sector_health_care,25,0.9999999999999999,0.05000000000000002,0.025822287677957776,0.24898543609883814,0.041610231713678766,24.03255062074707,0.22273407758357194,0.4454681551671439
2026-05-29,leave_out_sector_health_care,25,1.0,0.05000000000000002,0.025183673469387737,0.2500000000000001,0.04180742157434402,23.91919813140714,0.13898444491198547,0.27796888982397094
2020-01-31,leave_out_sector_industrials,25,1.0,0.05000000000000001,0.024999999999999998,0.24944444444444444,0.04171358024691359,23.973008168580556,,
2020-02-28,leave_out_sector_industrials,25,1.0000000000000002,0.05000000000000002,0.027603036876355742,0.25000000000000006,0.04120374574747908,24.269638156894555,0.23785249457700658,0.47570498915401316
2020-03-31,leave_out_sector_industrials,25,0.9999999999999999,0.05000000000000001,0.025732097019225724,0.21123421865996123,0.04166925860169442,23.99850713828963,0.2720319529628823,0.5440639059257646
2020-04-30,leave_out_sector_industrials,25,1.0,0.05000000000000001,0.026397515527950305,0.24611801242236023,0.041484944639481505,24.10513039586639,0.27525617986229267,0.5505123597245853
2020-05-29,leave_out_sector_industrials,25,1.0000000000000002,0.05000000000000002,0.027622173595915383,0.25000000000000006,0.04133618986285148,24.191876496548907,0.22811381274039447,0.45622762548078893
2020-06-30,leave_out_sector_industrials,25,1.0,0.05,0.02675977653631285,0.24999999999999997,0.04147602290814893,24.110315548203797,0.3453381497826078,0.6906762995652156
2020-07-31,leave_out_sector_industrials,25,1.0000000000000002,0.05000000000000001,0.024557001724949033,0.24413517327897133,0.0415951724837149,24.041251431076866,0.24573334279470954,0.4914666855894191
2020-08-31,leave_out_sector_industrials,25,0.9999999999999999,0.05000000000000002,0.026846239221377938,0.25000000000000006,0.041544627908525894,24.0705008166598,0.18781890447642374,0.3756378089528475
2020-09-30,leave_out_sector_industrials,25,1.0,0.05000000000000002,0.026098442714126806,0.25000000000000006,0.04166614957170308,24.000297850395434,0.3556087165634677,0.7112174331269354
2020-10-30,leave_out_sector_industrials,25,1.0,0.05000000000000001,0.02751109877913429,0.25000000000000006,0.04146310538748618,24.11782693685568,0.24483780741293099,0.48967561482586197
2020-11-30,leave_out_sector_industrials,25,1.0,0.05000000000000002,0.0262019758507135,0.25000000000000006,0.04133890725743777,24.190286254363397,0.2194510916642199,0.4389021833284398
2020-12-31,leave_out_sector_industrials,25,1.0,0.05000000000000002,0.025037037037037024,0.2500000000000001,0.041697448559670794,23.982282718544713,0.27058742936130425,0.5411748587226085
2021-01-29,leave_out_sector_industrials,25,0.9999999999999999,0.05000000000000002,0.025083518930957675,0.19599109131403117,0.04163510163640061,24.018195241433567,0.17932768291676981,0.35865536583353963
2021-02-26,leave_out_sector_industrials,25,1.0,0.05000000000000001,0.02594026548672566,0.21985619469026552,0.04155125450309343,24.066662052900266,0.2294109821234997,0.4588219642469994
2021-03-31,leave_out_sector_industrials,25,1.0,0.05000000000000002,0.025179955703211503,0.2500000000000001,0.04176399895635197,23.944067258624138,0.1767127642372035,0.353425528474407
2021-04-30,leave_out_sector_industrials,25,1.0,0.05,0.02609271523178808,0.25,0.04159234670506655,24.04288479058542,0.19062660887549232,0.38125321775098464
2021-05-28,leave_out_sector_industrials,25,1.0,0.05000000000000002,0.024519632414369254,0.21741854636591482,0.041660391842178554,24.003614843285323,0.24521415293199889,0.49042830586399777
2021-06-30,leave_out_sector_industrials,25,1.0,0.05000000000000002,0.026892778993435448,0.25000000000000006,0.04132342146718442,24.199351469338417,0.3367204069619709,0.6734408139239418
2021-07-30,leave_out_sector_industrials,25,1.0,0.05000000000000002,0.024875415282392017,0.24414451827242525,0.04169783584066402,23.98205997599504,0.12699084743051975,0.2539816948610395
2021-08-31,leave_out_sector_industrials,25,1.0,0.05000000000000002,0.026326815642458094,0.2488826815642458,0.04164619159826473,24.011799437662553,0.18830110061433958,0.37660220122867916
2021-09-30,leave_out_sector_industrials,25,1.0,0.05000000000000001,0.02581312017640573,0.2061742006615215,0.041596009507092344,24.04076765655837,0.15468223562237843,0.30936447124475686
2021-10-29,leave_out_sector_industrials,25,1.0,0.05000000000000001,0.02625713219218258,0.24175598570895324,0.04158365046064448,24.04791279559302,0.2615613761996537,0.5231227523993074
2021-11-30,leave_out_sector_industrials,25,1.0,0.05000000000000002,0.02281701890989988,0.24083704115684096,0.041806884209497394,23.9195055768549,0.17431981813573538,0.34863963627147077
2021-12-31,leave_out_sector_industrials,25,1.0,0.05000000000000002,0.025693354264782836,0.23657770800627942,0.041556115260981824,24.063847010717275,0.1411523953296558,0.2823047906593116
2022-01-31,leave_out_sector_industrials,25,1.0,0.050000000000000024,0.025424520953419533,0.22888300358311262,0.041564267952471395,24.059126967988387,0.19086805597165468,0.38173611194330936
2022-02-28,leave_out_sector_industrials,25,0.9999999999999999,0.05000000000000002,0.024916851441241675,0.22558203991130818,0.041795778413085474,23.925861366106744,0.2168538333225676,0.4337076666451352
2022-03-31,leave_out_sector_industrials,25,1.0,0.05000000000000001,0.026432606941081505,0.25,0.04161799922177688,24.02806522896814,0.27297548806436783,0.5459509761287357
2022-04-29,leave_out_sector_industrials,25,1.0000000000000002,0.05000000000000002,0.02561612364243943,0.21825396825396826,0.04161230012164916,24.031356043203708,0.18259667530407947,0.36519335060815894
2022-05-31,leave_out_sector_industrials,25,1.0,0.05000000000000001,0.025654696565783282,0.21738278187235383,0.04163373037054991,24.018986314696445,0.19248922709261262,0.38497845418522525
2022-06-30,leave_out_sector_industrials,25,1.0,0.05000000000000002,0.025855408388520972,0.17061258278145697,0.041642194664951344,24.014104156754783,0.190705162488953,0.381410324977906
2022-07-29,leave_out_sector_industrials,25,1.0,0.05000000000000002,0.02547510508554851,0.2180451127819549,0.04175084187977184,23.951612829261222,0.23382165947015426,0.46764331894030853
2022-08-31,leave_out_sector_industrials,25,1.0,0.05000000000000001,0.02520949720670391,0.2016759776536313,0.041630586592178775,24.020800134194413,0.3934463131832132,0.7868926263664264
2022-09-30,leave_out_sector_industrials,25,0.9999999999999999,0.05000000000000002,0.02611111111111111,0.16722222222222222,0.041639506172839506,24.015654648956357,0.22670391061452513,0.45340782122905027
2022-10-31,leave_out_sector_industrials,25,0.9999999999999999,0.05000000000000002,0.025475105085548507,0.18153454502397723,0.04181094404079249,23.917182999368745,0.18977262710582227,0.37954525421164453
2022-11-30,leave_out_sector_industrials,25,1.0,0.05000000000000001,0.02495837957824639,0.17988346281908993,0.041837366084791716,23.90207829941545,0.208472543909697,0.416945087819394
2022-12-30,leave_out_sector_industrials,25,0.9999999999999999,0.05,0.024557001724949033,0.1618943076681825,0.041681927729093654,23.99121284647322,0.17073128197077564,0.3414625639415513
2023-01-31,leave_out_sector_industrials,25,1.0,0.05000000000000001,0.02573209701922573,0.16606422547016603,0.04165473569725875,24.006874206761776,0.27393975323516356,0.5478795064703271
2023-02-28,leave_out_sector_industrials,25,0.9999999999999998,0.05,0.024594453165881727,0.17859759288330715,0.04172276180125473,23.96773264347824,0.29634099726037494,0.5926819945207499
2023-03-31,leave_out_sector_industrials,25,1.0,0.05000000000000001,0.025813120176405725,0.2039002205071665,0.04156197311976311,24.060455385947268,0.2862198309906611,0.5724396619813222
2023-04-28,leave_out_sector_industrials,25,0.9999999999999999,0.05000000000000002,0.02451963241436925,0.23290517961570592,0.04168684228846971,23.988384466256228,0.12268960254366164,0.24537920508732328
2023-05-31,leave_out_sector_industrials,25,1.0,0.05000000000000002,0.025982834994462897,0.20708748615725361,0.0416046310808441,24.035785777233514,0.29017383575217115,0.5803476715043423
2023-06-30,leave_out_sector_industrials,25,1.0,0.05000000000000002,0.026504814224112463,0.22545631756158074,0.04158702129491899,24.045963593025544,0.189812310217247,0.379624620434494
2023-07-31,leave_out_sector_industrials,25,1.0,0.05000000000000002,0.026068257491675913,0.22925915649278583,0.041630418815694986,24.02089694142093,0.1308396901035198,0.2616793802070396
2023-08-31,leave_out_sector_industrials,25,1.0,0.05000000000000002,0.025770925110132157,0.24383259911894276,0.04160569776242505,24.035169550818598,0.19113289443447568,0.38226578886895135
2023-09-29,leave_out_sector_industrials,25,1.0,0.05000000000000001,0.024792817679558005,0.22720994475138123,0.04171287888037605,23.97341125429856,0.21012120622094588,0.42024241244189176
2023-10-31,leave_out_sector_industrials,25,1.0,0.05000000000000002,0.02615406006674082,0.21294493882091214,0.0416806779810963,23.991932195861505,0.2651710924968812,0.5303421849937624
2023-11-30,leave_out_sector_industrials,25,1.0,0.05000000000000001,0.02356828193832598,0.24933920704845816,0.04180946651400183,23.918028221314515,0.28064785640432593,0.5612957128086519
2023-12-29,leave_out_sector_industrials,25,1.0,0.05000000000000002,0.025693354264782836,0.23670852956567243,0.04166479778724677,24.00107652283125,0.16572694140346755,0.3314538828069351
2024-01-31,leave_out_sector_industrials,25,1.0,0.05000000000000002,0.02508398656215005,0.24288913773796195,0.041613507572271086,24.0306587533694,0.1437506555727641,0.2875013111455282
2024-02-29,leave_out_sector_industrials,25,1.0,0.05000000000000001,0.025362723214285707,0.25000000000000006,0.0417965013153699,23.92544755013426,0.1815043967965126,0.3630087935930252
2024-03-28,leave_out_sector_industrials,25,1.0,0.05000000000000001,0.026770209782667313,0.2382111848136763,0.04146376372655056,24.117444007131184,0.17616785141293217,0.35233570282586435
2024-04-30,leave_out_sector_industrials,25,1.0,0.05000000000000002,0.026370246085011186,0.21937919463087252,0.04163965649695459,24.015567949585204,0.23676827070183698,0.47353654140367396
2024-05-31,leave_out_sector_industrials,25,1.0,0.05000000000000001,0.026757369614512472,0.22913832199546488,0.04146600439117447,24.11614079250032,0.1762503994886546,0.3525007989773092
2024-06-28,leave_out_sector_industrials,25,1.0,0.05000000000000002,0.026532620922384693,0.17459223847019123,0.04156607331071805,24.058081996938217,0.16353335297373547,0.32706670594747095
2024-07-31,leave_out_sector_industrials,25,0.9999999999999999,0.05000000000000002,0.025982834994462897,0.18740310077519384,0.04148689875265052,24.1039949976042,0.22127477524611747,0.44254955049223493
2024-08-30,leave_out_sector_industrials,25,1.0000000000000002,0.05000000000000002,0.02516626762436818,0.1849694067571163,0.04163862967239891,24.016160182689013,0.13220495616721423,0.26440991233442845
2024-09-30,leave_out_sector_industrials,25,0.9999999999999999,0.05000000000000002,0.025802601742451355,0.18033774913474165,0.04168375668682559,23.99016018429203,0.12750751579667446,0.25501503159334893
2024-10-31,leave_out_sector_industrials,25,1.0,0.05000000000000002,0.025050376498037964,0.21858097359210948,0.04156284891821918,24.059948392075874,0.22921898021116002,0.45843796042232005
2024-11-29,leave_out_sector_industrials,25,1.0,0.05000000000000002,0.025982834994462897,0.22999723145071985,0.04163406416289249,24.018793747531323,0.2116864226397039,0.4233728452794078
2024-12-31,leave_out_sector_industrials,25,1.0,0.05000000000000002,0.025539231009690536,0.1791341044076274,0.04160049331608689,24.03817648030872,0.2283788114502837,0.4567576229005674
2025-01-31,leave_out_sector_industrials,25,0.9999999999999999,0.05000000000000002,0.026457399103139007,0.18654708520179375,0.041598463673108245,24.039349334106785,0.20742012988924513,0.41484025977849026
2025-02-28,leave_out_sector_industrials,25,1.0,0.050000000000000024,0.026025498891352545,0.21909645232815966,0.04158683155441714,24.046073303071463,0.23292533781432395,0.4658506756286479
2025-03-31,leave_out_sector_industrials,25,1.0,0.05000000000000002,0.02589779005524862,0.22610497237569058,0.04160299212478252,24.03673267058859,0.25253319817226305,0.5050663963445261
2025-04-30,leave_out_sector_industrials,25,0.9999999999999999,0.05000000000000001,0.02463198700822463,0.19466708575619462,0.04168378150613007,23.990145900101187,0.220129426452248,0.440258852904496
2025-05-30,leave_out_sector_industrials,25,1.0,0.05000000000000002,0.025500910746812384,0.21757741347905285,0.041600426010530836,24.038215371805506,0.12449870279768026,0.24899740559536052
2025-06-30,leave_out_sector_industrials,25,1.0,0.05000000000000001,0.024958379578246394,0.23591842397336293,0.04183243876886084,23.904893652635387,0.10667940802468016,0.21335881604936033
2025-07-31,leave_out_sector_industrials,25,1.0,0.05000000000000001,0.026203747942878376,0.20442480225088921,0.04156015382567658,24.061508631428183,0.301533600335656,0.603067200671312
2025-08-29,leave_out_sector_industrials,25,1.0,0.05000000000000001,0.026031746031746024,0.239047619047619,0.04149664902998236,24.09833139243304,0.1967441737006954,0.3934883474013908
2025-09-30,leave_out_sector_industrials,25,0.9999999999999999,0.05,0.026644394951744612,0.25,0.04154563014733723,24.069920144515912,0.10031251104747767,0.20062502209495534
2025-10-31,leave_out_sector_industrials,25,1.0,0.05000000000000002,0.022827313769751705,0.2500000000000001,0.04201664106144066,23.80009383752753,0.14305109925744197,0.28610219851488394
2025-11-28,leave_out_sector_industrials,25,1.0,0.05000000000000002,0.025802601742451362,0.24242153001551503,0.0417788816604734,23.93553777065532,0.1631979860971358,0.3263959721942716
2025-12-31,leave_out_sector_industrials,25,0.9999999999999998,0.05,0.025205070842654727,0.22818791946308722,0.0416088197562005,24.033366143508097,0.20514112862853848,0.41028225725707695
2026-01-30,leave_out_sector_industrials,25,1.0,0.05000000000000001,0.02289140022050718,0.25000000000000006,0.041627509432762874,24.022575782853618,0.17751101242116857,0.35502202484233714
2026-02-27,leave_out_sector_industrials,25,1.0,0.05000000000000001,0.026031746031746024,0.23015873015873015,0.04149664902998237,24.098331392433035,0.13493506002180367,0.26987012004360733
2026-03-31,leave_out_sector_industrials,25,0.9999999999999999,0.05000000000000002,0.02562849162011172,0.25000000000000006,0.04175667504135327,23.948266930009655,0.20368914604948127,0.40737829209896254
2026-04-30,leave_out_sector_industrials,25,0.9999999999999998,0.05,0.026140350877192974,0.25,0.04162912654235329,24.0216426107957,0.23533395974755936,0.4706679194951187
2026-05-29,leave_out_sector_industrials,25,1.0,0.05000000000000002,0.026679712981082845,0.24960861056751465,0.04147960992115617,24.10823057161784,0.18625200583352364,0.3725040116670473
2020-01-31,leave_out_sector_materials,25,1.0,0.05000000000000002,0.025500910746812384,0.24480874316939888,0.0415765375695502,24.052026899237983,,
2020-02-28,leave_out_sector_materials,25,1.0000000000000002,0.05,0.028005464480874317,0.25,0.041256071645415913,24.238856491105427,0.24758652094717673,0.49517304189435346
2020-03-31,leave_out_sector_materials,25,1.0000000000000002,0.05000000000000001,0.02728501228501229,0.2077886977886978,0.041375825087987254,24.16870232493158,0.30088129858621665,0.6017625971724333
2020-04-30,leave_out_sector_materials,25,1.0000000000000002,0.05000000000000001,0.02728501228501229,0.24480343980343983,0.041375825087987254,24.16870232493158,0.2513022113022113,0.5026044226044226
2020-05-29,leave_out_sector_materials,25,1.0,0.05000000000000002,0.02706031058143734,0.25000000000000006,0.04127791390675359,24.226030468957088,0.20176330521400948,0.40352661042801896
2020-06-30,leave_out_sector_materials,25,1.0,0.05000000000000002,0.026583242655059836,0.25000000000000006,0.041476420590105395,24.110084374989672,0.34444855624076764,0.6888971124815353
2020-07-31,leave_out_sector_materials,25,1.0,0.05000000000000001,0.02728501228501229,0.2404791154791155,0.04137582508798726,24.168702324931576,0.2728343399290081,0.5456686798580161
2020-08-31,leave_out_sector_materials,25,1.0,0.050000000000000024,0.027441441441441426,0.2500000000000001,0.041351271000730466,24.183053526512765,0.19464209664209672,0.38928419328419345
2020-09-30,leave_out_sector_materials,25,1.0,0.05,0.026679306608884068,0.25,0.041359387049859794,24.178308029431737,0.2990317023415615,0.598063404683123
2020-10-30,leave_out_sector_materials,25,1.0,0.05000000000000001,0.027742903930130996,0.25000000000000006,0.04134442059489077,24.18706044519045,0.23917018937046308,0.47834037874092616
2020-11-30,leave_out_sector_materials,25,1.0,0.05000000000000001,0.02826944140197152,0.25000000000000006,0.041222352618679445,24.258683371381895,0.19766043132434463,0.39532086264868926
2020-12-31,leave_out_sector_materials,25,1.0,0.05,0.02663332291341043,0.2210847139731166,0.04153585331302247,24.075585794850554,0.2577195485171811,0.5154390970343622
2021-01-29,leave_out_sector_materials,25,1.0,0.05000000000000002,0.02679225536368393,0.16883830455259027,0.04151988775222685,24.084843532515734,0.20378855800862677,0.40757711601725355
2021-02-26,leave_out_sector_materials,25,1.0,0.05000000000000001,0.026872246696035232,0.21916299559471367,0.0414965359312232,24.098397072406495,0.28158355175347,0.56316710350694
2021-03-31,leave_out_sector_materials,25,1.0,0.05000000000000002,0.026037117903930145,0.2500000000000001,0.04153045453321772,24.07871551707097,0.2033279120662751,0.4066558241325502
2021-04-30,leave_out_sector_materials,25,1.0,0.05000000000000001,0.02619934282584886,0.25000000000000006,0.041522350879171374,24.08341480736401,0.24979857336545586,0.4995971467309117
2021-05-28,leave_out_sector_materials,25,1.0,0.05000000000000002,0.02624201195629767,0.19144506287363433,0.04140260721893375,24.15306830103907,0.30524423606609496,0.6104884721321899
2021-06-30,leave_out_sector_materials,25,1.0,0.05,0.028378378378378376,0.25,0.04118718042366691,24.27939931099002,0.3348435262720977,0.6696870525441954
2021-07-30,leave_out_sector_materials,25,1.0,0.05000000000000001,0.02728501228501229,0.23831695331695332,0.041375825087987254,24.16870232493158,0.10945945945945948,0.21891891891891896
2021-08-31,leave_out_sector_materials,25,1.0000000000000002,0.05000000000000002,0.02683220703022683,0.2457671957671958,0.04150950665290219,24.090866903379197,0.23915413034224917,0.47830826068449833
2021-09-30,leave_out_sector_materials,25,1.0,0.050000000000000024,0.026358513003464132,0.20320821053720078,0.04146793468006426,24.11501821142664,0.18242972273030011,0.36485944546060023
2021-10-29,leave_out_sector_materials,25,1.0,0.05000000000000001,0.026397515527950305,0.23524844720496893,0.041484944639481505,24.10513039586639,0.2628110929024398,0.5256221858048796
2021-11-30,leave_out_sector_materials,25,0.9999999999999998,0.05,0.02643660293279444,0.2355018394735478,0.041499545466872866,24.09664946326347,0.2273616339661663,0.4547232679323326
2021-12-31,leave_out_sector_materials,25,1.0,0.05000000000000002,0.02631959508315256,0.20751988430947219,0.04144853136082239,24.12630718552337,0.1533565292122292,0.3067130584244584
2022-01-31,leave_out_sector_materials,25,0.9999999999999999,0.05000000000000001,0.02647577549538333,0.22857142857142854,0.04151172128659419,24.089581665285955,0.16623910590989838,0.33247821181979675
2022-02-28,leave_out_sector_materials,25,1.0,0.05000000000000001,0.02728501228501229,0.19481572481572482,0.041375825087987254,24.16870232493158,0.19351473704414884,0.3870294740882977
2022-03-31,leave_out_sector_materials,25,1.0,0.05000000000000002,0.026280761492029098,0.24760872929887015,0.04142675035126167,24.1389921130887,0.31203918274340814,0.6240783654868163
2022-04-29,leave_out_sector_materials,25,1.0000000000000002,0.05000000000000001,0.02728501228501229,0.21535626535626537,0.04137582508798726,24.168702324931576,0.18635641480711906,0.37271282961423813
2022-05-31,leave_out_sector_materials,25,1.0,0.05000000000000002,0.02655437720939904,0.2162611769598669,0.04152873387870814,24.079713167289743,0.2225137500683353,0.4450275001366706
2022-06-30,leave_out_sector_materials,25,1.0,0.05000000000000001,0.026872246696035232,0.17026431718061674,0.04149653593122319,24.0983970724065,0.1820564048869457,0.3641128097738914
2022-07-29,leave_out_sector_materials,25,1.0,0.05000000000000002,0.026280761492029098,0.1851803126451014,0.04142675035126168,24.138992113088698,0.2550096239926854,0.5100192479853708
2022-08-31,leave_out_sector_materials,25,1.0,0.05000000000000002,0.026515033494313753,0.17946720673002023,0.041520861510003955,24.084278688655388,0.311850205334009,0.623700410668018
2022-09-30,leave_out_sector_materials,25,1.0,0.05000000000000002,0.026712614870509604,0.1649644945697577,0.041532948782775664,24.07726947658277,0.24324601944701812,0.48649203889403625
2022-10-31,leave_out_sector_materials,25,1.0000000000000002,0.05000000000000002,0.026613554114920984,0.1692064359915645,0.0415344101978787,24.07642230227392,0.20395563585471793,0.40791127170943586
2022-11-30,leave_out_sector_materials,25,1.0,0.05000000000000001,0.026872246696035232,0.17907488986784142,0.0414965359312232,24.098397072406495,0.2747431798003474,0.5494863596006948
2022-12-30,leave_out_sector_materials,25,1.0,0.05000000000000002,0.026593806921675768,0.1610200364298725,0.04153353837578509,24.07692768557905,0.25181427184388117,0.5036285436877623
2023-01-31,leave_out_sector_materials,25,1.0,0.05000000000000001,0.027033291192583218,0.149157184997893,0.04141841382962457,24.143850706439867,0.29951918094961766,0.5990383618992353
2023-02-28,leave_out_sector_materials,25,1.0,0.05000000000000001,0.02728501228501229,0.1750859950859951,0.041375825087987254,24.16870232493158,0.28922516413666854,0.5784503282733371
2023-03-31,leave_out_sector_materials,25,1.0,0.05000000000000002,0.026593806921675768,0.20273224043715848,0.04153353837578509,24.07692768557905,0.29108974100777385,0.5821794820155477
2023-04-28,leave_out_sector_materials,25,1.0,0.05000000000000001,0.02728501228501229,0.20562653562653566,0.041375825087987254,24.16870232493158,0.15142891028136932,0.30285782056273863
2023-05-31,leave_out_sector_materials,25,1.0,0.05000000000000002,0.02624201195629767,0.17742733457019172,0.04140260721893375,24.15306830103907,0.2986627722342009,0.5973255444684018
2023-06-30,leave_out_sector_materials,25,1.0,0.05000000000000001,0.026397515527950305,0.22158385093167704,0.0414849446394815,24.105130395866393,0.19017638676023774,0.3803527735204755
2023-07-31,leave_out_sector_materials,25,1.0,0.05000000000000002,0.02624201195629767,0.22526283240568956,0.041402607218933754,24.153068301039063,0.19078428472838413,0.38156856945676826
2023-08-31,leave_out_sector_materials,25,1.0000000000000002,0.05000000000000002,0.02631959508315256,0.24016630513376722,0.041448531360822397,24.126307185523366,0.24503369611829487,0.49006739223658974
2023-09-29,leave_out_sector_materials,25,1.0000000000000002,0.04999221845588253,0.027286675474977568,0.22508174822992288,0.041374997644209405,24.169185666164115,0.2237456564555734,0.4474913129111468
2023-10-31,leave_out_sector_materials,25,1.0,0.050000000000000024,0.026358513003464132,0.2086370921875808,0.04146793468006427,24.115018211426637,0.3325308157647544,0.6650616315295088
2023-11-30,leave_out_sector_materials,25,1.0000000000000002,0.05000000000000002,0.026280761492029098,0.2443584584429655,0.04142675035126168,24.138992113088698,0.28611127215981097,0.5722225443196219
2023-12-29,leave_out_sector_materials,25,0.9999999999999999,0.05000000000000002,0.02624201195629767,0.2079983508554937,0.04140260721893375,24.15306830103907,0.14396897535730535,0.2879379507146107
2024-01-31,leave_out_sector_materials,25,1.0000000000000002,0.05000000000000001,0.02728501228501229,0.23614250614250615,0.041375825087987254,24.16870232493158,0.1591721963150535,0.318344392630107
2024-02-29,leave_out_sector_materials,25,1.0,0.05,0.025910596026490068,0.25,0.04158347404353611,24.04801481841183,0.15400538859148133,0.30801077718296266
2024-03-28,leave_out_sector_materials,25,1.0000000000000002,0.05000000000000002,0.02702104097452934,0.23272425249169437,0.04142050185857651,24.142633602420744,0.181129678114893,0.362259356229786
2024-04-30,leave_out_sector_materials,25,1.0000000000000002,0.05000000000000001,0.02728501228501229,0.18915233415233418,0.04137582508798726,24.168702324931576,0.2546620601271764,0.5093241202543528
2024-05-31,leave_out_sector_materials,25,1.0,0.05000000000000002,0.026280761492029098,0.19412629623897232,0.04142675035126168,24.138992113088698,0.17839427987315315,0.3567885597463063
2024-06-28,leave_out_sector_materials,25,1.0,0.05000000000000002,0.02655437720939904,0.17005614472863384,0.04152873387870814,24.079713167289743,0.1587740078360658,0.3175480156721316
2024-07-31,leave_out_sector_materials,25,0.9999999999999999,0.05000000000000001,0.02647577549538333,0.18563128955285818,0.041511721286594194,24.08958166528595,0.20279659009002277,0.40559318018004553
2024-08-30,leave_out_sector_materials,25,1.0,0.05000000000000002,0.02679225536368393,0.18325484039769757,0.04151988775222685,24.084843532515734,0.15664636224860318,0.31329272449720635
2024-09-30,leave_out_sector_materials,25,0.9999999999999998,0.05000000000000001,0.02647577549538333,0.1780060172217035,0.041511721286594194,24.08958166528595,0.10547404146843926,0.21094808293687853
2024-10-31,leave_out_sector_materials,25,1.0,0.05000000000000001,0.02728501228501229,0.21428746928746933,0.04137582508798726,24.168702324931576,0.2065043576808283,0.4130087153616566
2024-11-29,leave_out_sector_materials,25,1.0,0.05000000000000001,0.02728501228501229,0.22617936117936122,0.041375825087987254,24.16870232493158,0.18482800982800981,0.36965601965601963
2024-12-31,leave_out_sector_materials,25,0.9999999999999999,0.05000000000000001,0.02647577549538333,0.17844693432928727,0.041511721286594194,24.08958166528595,0.20435448053095112,0.40870896106190224
2025-01-31,leave_out_sector_materials,25,1.0,0.050000000000000024,0.026358513003464132,0.18227857918411666,0.04146793468006426,24.11501821142664,0.18542810778551985,0.3708562155710397
2025-02-28,leave_out_sector_materials,25,1.0000000000000002,0.04998643931413414,0.027287276588736913,0.21534518116475063,0.04137469867540207,24.169360309916076,0.2299520498131783,0.4599040996263566
2025-03-31,leave_out_sector_materials,25,1.0000000000000002,0.05000000000000002,0.02679225536368393,0.1987964416535845,0.04151988775222685,24.084843532515734,0.24600055684721436,0.4920011136944287
2025-04-30,leave_out_sector_materials,25,1.0000000000000002,0.05000000000000002,0.02651503349431375,0.1925533572207509,0.04152145611880489,24.083933789285012,0.2512858461059116,0.5025716922118232
2025-05-30,leave_out_sector_materials,25,1.0,0.05000000000000002,0.02624201195629767,0.21557410843125127,0.041402607218933754,24.153068301039063,0.1500149493061162,0.3000298986122324
2025-06-30,leave_out_sector_materials,25,1.0000000000000002,0.04998971773619434,0.027286811199698217,0.23156664003604907,0.04137492162784497,24.169230071169693,0.13543911264845857,0.27087822529691713
2025-07-31,leave_out_sector_materials,25,1.0000000000000002,0.05000000000000001,0.02782555282555282,0.19859950859950862,0.041375240719835324,24.16904367448427,0.3088637987760825,0.617727597552165
2025-08-29,leave_out_sector_materials,25,1.0000000000000002,0.05000000000000002,0.02651503349431375,0.23433556628758373,0.04152145611880488,24.083933789285016,0.1945324594942916,0.3890649189885832
2025-09-30,leave_out_sector_materials,25,1.0,0.05000000000000001,0.027412783295136234,0.25,0.041223019510834645,24.258290922555297,0.13087956903788586,0.2617591380757717
2025-10-31,leave_out_sector_materials,25,1.0,0.05000000000000001,0.026959161147902866,0.22833885209713026,0.04145945414187487,24.11995094238301,0.1894481362683545,0.378896272536709
2025-11-28,leave_out_sector_materials,25,1.0,0.05000000000000002,0.02683220703022683,0.23770234166273774,0.041509506652902185,24.0908669033792,0.1666770051334998,0.3333540102669996
2025-12-31,leave_out_sector_materials,25,1.0,0.05000000000000002,0.02683220703022683,0.22560113154172565,0.0415095066529022,24.090866903379194,0.19779977997799786,0.3955995599559957
2026-01-30,leave_out_sector_materials,25,1.0,0.05000000000000001,0.026672925468106193,0.23072810723413137,0.041535662286134055,24.075696521007018,0.18390041241645683,0.36780082483291365
2026-02-27,leave_out_sector_materials,25,1.0,0.05000000000000001,0.026752391406617528,0.2276697506664576,0.041527696181753615,24.08031487283368,0.19187835780088439,0.38375671560176877
2026-03-31,leave_out_sector_materials,25,1.0000000000000002,0.05,0.02702702702702703,0.25,0.04137084174794827,24.17161357490614,0.24121645928968202,0.48243291857936405
2026-04-30,leave_out_sector_materials,25,1.0000000000000002,0.05000000000000001,0.02728501228501229,0.23615479115479118,0.04137582508798726,24.168702324931576,0.3053533747651396,0.6107067495302791
2026-05-29,leave_out_sector_materials,25,1.0000000000000002,0.05000000000000002,0.026593806921675768,0.239344262295082,0.04153353837578509,24.07692768557905,0.15908012334241847,0.31816024668483694
2020-01-31,leave_out_sector_real_estate,25,1.0,0.05000000000000001,0.025654696565783282,0.24613454602477658,0.04159035274786052,24.04403747336434,,
2020-02-28,leave_out_sector_real_estate,25,0.9999999999999999,0.05,0.028591160220994463,0.25,0.041112946796495825,24.323238247792855,0.24689735152601536,0.4937947030520307
2020-03-31,leave_out_sector_real_estate,25,0.9999999999999999,0.05000000000000001,0.027033291192583218,0.21233670459334175,0.04141841382962457,24.143850706439867,0.3125014260336707,0.6250028520673414
2020-04-30,leave_out_sector_real_estate,25,1.0,0.05000000000000002,0.027013888888888875,0.2500000000000001,0.04142436728395062,24.14038078470394,0.2816082490518331,0.5632164981036663
2020-05-29,leave_out_sector_real_estate,25,1.0,0.05000000000000001,0.028124999999999987,0.25000000000000006,0.04120177469135802,24.270799194718855,0.2328055555555556,0.4656111111111112
2020-06-30,leave_out_sector_real_estate,25,1.0,0.05000000000000002,0.026737588652482262,0.25000000000000006,0.041480025995392814,24.107988748875663,0.3524383320890879,0.7048766641781758
2020-07-31,leave_out_sector_real_estate,25,1.0,0.05000000000000002,0.025693354264782836,0.24440083725798012,0.041556115260981824,24.063847010717275,0.2719832665601343,0.5439665331202685
2020-08-31,leave_out_sector_real_estate,25,1.0,0.05,0.027629629629629626,0.25,0.04130810699588477,24.20832308049417,0.19155410198267347,0.38310820396534695
2020-09-30,leave_out_sector_real_estate,25,1.0,0.05000000000000002,0.02638121546961326,0.25000000000000006,0.04148694331674858,24.103969105776294,0.3301897892367506,0.6603795784735011
2020-10-30,leave_out_sector_real_estate,25,1.0,0.05,0.02826626240352811,0.25,0.04125693997885692,24.238346336700523,0.247771298941525,0.49554259788305
2020-11-30,leave_out_sector_real_estate,25,1.0,0.05000000000000001,0.028719646799116986,0.25000000000000006,0.04109468192590644,24.334048911803144,0.20031226345982076,0.4006245269196415
2020-12-31,leave_out_sector_real_estate,25,1.0,0.05000000000000001,0.026672925468106193,0.22131382673551347,0.04153566228613406,24.07569652100701,0.25533406179979234,0.5106681235995847
2021-01-29,leave_out_sector_real_estate,25,1.0,0.05,0.02643660293279444,0.1673946836623659,0.041499545466872866,24.09664946326347,0.20245058920872078,0.40490117841744155
2021-02-26,leave_out_sector_real_estate,25,1.0,0.05000000000000001,0.02728501228501229,0.21535626535626537,0.04137582508798726,24.168702324931576,0.27458995023739313,0.5491799004747863
2021-03-31,leave_out_sector_real_estate,25,1.0,0.05000000000000002,0.025974204171240408,0.2500000000000001,0.04152928149894069,24.07939564342108,0.1990616601004346,0.3981233202008692
2021-04-30,leave_out_sector_real_estate,25,1.0,0.05000000000000001,0.02728501228501229,0.2229115479115479,0.04137582508798726,24.168702324931576,0.21567227780325868,0.43134455560651735
2021-05-28,leave_out_sector_real_estate,25,1.0,0.05000000000000001,0.026915656008820277,0.19352260198456453,0.041479313321963564,24.10840295831256,0.27473846603945834,0.5494769320789167
2021-06-30,leave_out_sector_real_estate,25,0.9999999999999999,0.05000000000000002,0.028512168141592915,0.25000000000000006,0.041135060987547975,24.310162085397437,0.36891314440617545,0.7378262888123509
2021-07-30,leave_out_sector_real_estate,25,1.0,0.05000000000000001,0.026872246696035232,0.24273127753303964,0.0414965359312232,24.098397072406495,0.1347354878952088,0.2694709757904176
2021-08-31,leave_out_sector_real_estate,25,1.0,0.05000000000000001,0.026915656008820277,0.24625137816979054,0.04147931332196357,24.108402958312556,0.2496293512523739,0.4992587025047478
2021-09-30,leave_out_sector_real_estate,25,1.0000000000000002,0.05000000000000002,0.02702104097452934,0.20681063122923593,0.04142050185857651,24.142633602420744,0.19030687247335537,0.38061374494671074
2021-10-29,leave_out_sector_real_estate,25,1.0,0.05000000000000002,0.027002762430939218,0.2391574585635359,0.041436941027441165,24.133055558752776,0.26734618490850026,0.5346923698170005
2021-11-30,leave_out_sector_real_estate,25,1.0,0.05000000000000001,0.026672925468106193,0.2370338496844521,0.041535662286134055,24.075696521007018,0.2248479387882304,0.4496958775764608
2021-12-31,leave_out_sector_real_estate,25,1.0,0.05000000000000002,0.02679225536368393,0.21088435374149658,0.04151988775222684,24.084843532515738,0.15442678377273905,0.3088535675454781
2022-01-31,leave_out_sector_real_estate,25,1.0,0.05000000000000001,0.026959161147902866,0.23239514348785872,0.04145945414187487,24.11995094238301,0.197354328894064,0.394708657788128
2022-02-28,leave_out_sector_real_estate,25,1.0000000000000002,0.05000000000000002,0.026996458960942875,0.19905131864066386,0.041424698792883866,24.140187596772215,0.22393530384789184,0.4478706076957837
2022-03-31,leave_out_sector_real_estate,25,1.0000000000000002,0.05000000000000001,0.02692307692307692,0.25000000000000006,0.0414993660185968,24.096753660089107,0.3430070576851932,0.6860141153703864
2022-04-29,leave_out_sector_real_estate,25,1.0,0.05000000000000001,0.026672925468106193,0.2180279559797632,0.041535662286134055,24.075696521007018,0.18798259972958772,0.37596519945917545
2022-05-31,leave_out_sector_real_estate,25,1.0000000000000002,0.05000000000000002,0.026996458960942875,0.21902912108239525,0.04142469879288387,24.14018759677221,0.25112919209304757,0.5022583841860951
2022-06-30,leave_out_sector_real_estate,25,1.0,0.05000000000000002,0.027008763594129435,0.17093759898637947,0.041422596836041214,24.141412571456993,0.22427092411662403,0.44854184823324805
2022-07-29,leave_out_sector_real_estate,25,0.9999999999999999,0.05,0.02643660293279444,0.18589305145344315,0.041499545466872866,24.09664946326347,0.28440508331429004,0.5688101666285801
2022-08-31,leave_out_sector_real_estate,25,1.0,0.05000000000000001,0.02698412698412698,0.1826984126984127,0.04142619047619048,24.139318351629402,0.3366830751161546,0.6733661502323092
2022-09-30,leave_out_sector_real_estate,25,1.0,0.05000000000000002,0.027008763594129435,0.16650300918593602,0.041422596836041214,24.141412571456993,0.2475894836870447,0.4951789673740894
2022-10-31,leave_out_sector_real_estate,25,1.0,0.05000000000000001,0.02703329119258322,0.17092288242730722,0.04141780199627819,24.14420736498427,0.20696496197521455,0.4139299239504291
2022-11-30,leave_out_sector_real_estate,25,1.0000000000000002,0.05000000000000002,0.02702104097452934,0.17951273532668888,0.0414205018585765,24.142633602420748,0.2792242426915199,0.5584484853830398
2022-12-30,leave_out_sector_real_estate,25,1.0,0.05000000000000001,0.02698412698412698,0.1634920634920635,0.04142680776014109,24.13895866150113,0.2565559246954596,0.5131118493909193
2023-01-31,leave_out_sector_real_estate,25,1.0,0.05000000000000001,0.02698412698412698,0.14920634920634923,0.04142680776014109,24.13895866150113,0.3082539682539683,0.6165079365079366
2023-02-28,leave_out_sector_real_estate,25,1.0000000000000002,0.05000000000000002,0.026996458960942875,0.17982400507372764,0.041424698792883866,24.140187596772215,0.3009425153709283,0.6018850307418566
2023-03-31,leave_out_sector_real_estate,25,1.0,0.05000000000000001,0.02698412698412698,0.2042857142857143,0.0414268077601411,24.138958661501125,0.29980797350386706,0.5996159470077341
2023-04-28,leave_out_sector_real_estate,25,1.0,0.05000000000000001,0.026959161147902866,0.20971302428256072,0.04145945414187487,24.11995094238301,0.18404683065279093,0.36809366130558185
2023-05-31,leave_out_sector_real_estate,25,0.9999999999999999,0.05,0.02643660293279444,0.17827607648064664,0.041499545466872866,24.09664946326347,0.3223590875071934,0.6447181750143868
2023-06-30,leave_out_sector_real_estate,25,1.0,0.05000000000000001,0.026872246696035232,0.223568281938326,0.0414965359312232,24.098397072406495,0.21430426081742152,0.42860852163484303
2023-07-31,leave_out_sector_real_estate,25,1.0,0.05000000000000001,0.026915656008820277,0.2281560088202867,0.041479313321963564,24.10840295831256,0.19393180305892982,0.38786360611785964
2023-08-31,leave_out_sector_real_estate,25,1.0,0.050000000000000024,0.026358513003464132,0.24042448684142498,0.04146793468006426,24.11501821142664,0.2410297243455201,0.4820594486910402
2023-09-29,leave_out_sector_real_estate,25,1.0,0.05000000000000001,0.026672925468106193,0.22634694622646434,0.041535662286134055,24.075696521007018,0.24883650682088737,0.49767301364177474
2023-10-31,leave_out_sector_real_estate,25,1.0000000000000002,0.05000000000000002,0.026996458960942875,0.21206595845885529,0.04142469879288387,24.14018759677221,0.33422285072660163,0.6684457014532033
2023-11-30,leave_out_sector_real_estate,25,1.0,0.05000000000000002,0.02561612364243943,0.24799498746867168,0.04161230012164916,24.031356043203708,0.31365109267805114,0.6273021853561023
2023-12-29,leave_out_sector_real_estate,25,0.9999999999999999,0.05000000000000002,0.027002762430939218,0.2121546961325967,0.041436941027441165,24.133055558752776,0.14014334870324985,0.2802866974064997
2024-01-31,leave_out_sector_real_estate,25,1.0000000000000002,0.05000000000000001,0.025939432376724275,0.2414935785635009,0.04145050854299797,24.12515636479266,0.18607236806950445,0.3721447361390089
2024-02-29,leave_out_sector_real_estate,25,1.0,0.05000000000000002,0.025966850828729272,0.2500000000000001,0.041568423582918713,24.056721756725935,0.18685656426648642,0.37371312853297284
2024-03-28,leave_out_sector_real_estate,25,1.0,0.05000000000000002,0.02679225536368393,0.23121402407116692,0.04151988775222685,24.084843532515734,0.18199974847567596,0.3639994969513519
2024-04-30,leave_out_sector_real_estate,25,1.0,0.05000000000000002,0.026996458960942875,0.19172876697848956,0.041424698792883866,24.140187596772215,0.26432375562706945,0.5286475112541389
2024-05-31,leave_out_sector_real_estate,25,0.9999999999999999,0.05000000000000002,0.027008763594129435,0.1979463625805089,0.04142259683604122,24.14141257145699,0.18144950571116628,0.36289901142233255
2024-06-28,leave_out_sector_real_estate,25,1.0,0.05000000000000002,0.027008763594129435,0.17204624643649036,0.041422596836041214,24.141412571456993,0.16470277689789892,0.32940555379579783
2024-07-31,leave_out_sector_real_estate,25,1.0,0.05000000000000002,0.026712614870509604,0.1863199665831245,0.041532948782775664,24.07726947658277,0.20183605262231707,0.40367210524463415
2024-08-30,leave_out_sector_real_estate,25,1.0,0.05000000000000002,0.026593806921675768,0.18269581056466305,0.04153353837578509,24.07692768557905,0.159293897311585,0.31858779462317
2024-09-30,leave_out_sector_real_estate,25,1.0,0.05000000000000002,0.02655437720939904,0.17821792472447498,0.04152873387870814,24.079713167289743,0.10884680022771512,0.21769360045543024
2024-10-31,leave_out_sector_real_estate,25,1.0,0.05000000000000002,0.027002762430939218,0.21747237569060776,0.04143694102744116,24.13305555875278,0.23318399605252124,0.4663679921050425
2024-11-29,leave_out_sector_real_estate,25,1.0,0.05000000000000002,0.026712614870509604,0.22838345864661658,0.04153294878277566,24.077269476582774,0.18426597109717202,0.36853194219434404
2024-12-31,leave_out_sector_real_estate,25,1.0,0.05000000000000001,0.026915656008820277,0.1802921719955899,0.04147931332196357,24.108402958312556,0.20697489773680805,0.4139497954736161
2025-01-31,leave_out_sector_real_estate,25,1.0,0.05000000000000002,0.02679225536368393,0.18422291993720566,0.04151988775222684,24.084843532515738,0.2185574781180389,0.4371149562360778
2025-02-28,leave_out_sector_real_estate,25,1.0,0.05000000000000002,0.026712614870509604,0.21741854636591482,0.04153294878277566,24.077269476582774,0.2338617835798287,0.4677235671596574
2025-03-31,leave_out_sector_real_estate,25,1.0000000000000002,0.05000000000000001,0.02728501228501229,0.1948034398034398,0.041375825087987254,24.16870232493158,0.21818369634159115,0.4363673926831823
2025-04-30,leave_out_sector_real_estate,25,1.0,0.05000000000000001,0.026672925468106193,0.19360559119595264,0.041535662286134055,24.075696521007018,0.24628551411683947,0.49257102823367893
2025-05-30,leave_out_sector_real_estate,25,1.0,0.05000000000000001,0.02728501228501229,0.21535626535626537,0.04137582508798726,24.168702324931576,0.14758909276981566,0.2951781855396313
2025-06-30,leave_out_sector_real_estate,25,1.0,0.05000000000000002,0.02655437720939904,0.23315658140985657,0.04152873387870814,24.079713167289743,0.1582047685977817,0.3164095371955634
2025-07-31,leave_out_sector_real_estate,25,1.0,0.05000000000000002,0.026554377209399044,0.20043148263672284,0.04152813797092607,24.080058698998304,0.3385007278020378,0.6770014556040757
2025-08-29,leave_out_sector_real_estate,25,1.0,0.05000000000000002,0.026593806921675768,0.2349726775956284,0.04153353837578509,24.07692768557905,0.22494250307085875,0.4498850061417175
2025-09-30,leave_out_sector_real_estate,25,0.9999999999999999,0.05000000000000002,0.028441971383147854,0.25000000000000006,0.04119868445552071,24.272619701719574,0.10175040035213616,0.20350080070427232
2025-10-31,leave_out_sector_real_estate,25,1.0000000000000002,0.05000000000000002,0.026280761492029098,0.22542950007738743,0.04142675035126168,24.138992113088698,0.17002880558390088,0.34005761116780175
2025-11-28,leave_out_sector_real_estate,25,1.0,0.05000000000000001,0.02728501228501229,0.23482800982800986,0.041375825087987254,24.16870232493158,0.16565929882831293,0.33131859765662586
2025-12-31,leave_out_sector_real_estate,25,1.0,0.050000000000000024,0.026358513003464132,0.22359236854350867,0.04146793468006427,24.115018211426637,0.1959647917302641,0.3919295834605282
2026-01-30,leave_out_sector_real_estate,25,1.0,0.04999721097635246,0.027286195955909438,0.22941437106716459,0.04137523580269917,24.169046546793666,0.18182784026072335,0.3636556805214467
2026-02-27,leave_out_sector_real_estate,25,1.0,0.05000000000000001,0.02728501228501229,0.19805896805896808,0.04137582508798726,24.168702324931576,0.16511576781758117,0.33023153563516233
2026-03-31,leave_out_sector_real_estate,25,1.0000000000000002,0.05,0.02702702702702703,0.25,0.04137084174794827,24.17161357490614,0.27454256395432874,0.5490851279086575
2026-04-30,leave_out_sector_real_estate,25,1.0,0.05000000000000002,0.026280761492029098,0.2366584120105247,0.04142675035126167,24.1389921130887,0.30434379051611865,0.6086875810322373
2026-05-29,leave_out_sector_real_estate,25,1.0000000000000002,0.05000000000000001,0.02728501228501229,0.23614250614250615,0.04137582508798726,24.168702324931576,0.18919160778315713,0.37838321556631427
2020-01-31,leave_out_sector_utilities,25,1.0,0.05000000000000002,0.02624201195629767,0.24186765615337044,0.04140260721893375,24.15306830103907,,
2020-02-28,leave_out_sector_utilities,25,1.0,0.05000000000000001,0.027660152008686205,0.25000000000000006,0.04121864491734465,24.260865489520345,0.2436505418473776,0.4873010836947552
2020-03-31,leave_out_sector_utilities,25,1.0,0.05000000000000001,0.026915656008820277,0.21168687982359427,0.041479313321963564,24.10840295831256,0.30288571695355343,0.6057714339071069
2020-04-30,leave_out_sector_utilities,25,1.0,0.05000000000000001,0.026672925468106193,0.24798675220361968,0.041535662286134055,24.075696521007018,0.2780046344112974,0.5560092688225948
2020-05-29,leave_out_sector_utilities,25,1.0,0.05000000000000002,0.028156146179401986,0.25000000000000006,0.04119656669229798,24.273867467381884,0.2291503677045846,0.4583007354091692
2020-06-30,leave_out_sector_utilities,25,1.0,0.05000000000000002,0.026583242655059836,0.25000000000000006,0.041476420590105395,24.110084374989672,0.33784156185945297,0.6756831237189059
2020-07-31,leave_out_sector_utilities,25,1.0,0.05000000000000001,0.025966355534461843,0.24627696039656174,0.041446197406396525,24.12766580718131,0.2611823976328222,0.5223647952656444
2020-08-31,leave_out_sector_utilities,25,1.0,0.05000000000000001,0.027663772691396988,0.25000000000000006,0.04130638237102478,24.209333826858455,0.1960549156062271,0.3921098312124542
2020-09-30,leave_out_sector_utilities,25,0.9999999999999999,0.04999999999999999,0.02604053564965618,0.24999999999999994,0.04141604164775498,24.145233591008967,0.29074609916071575,0.5814921983214315
2020-10-30,leave_out_sector_utilities,25,1.0,0.04999999999999999,0.02745656894679696,0.24999999999999997,0.041303796621479025,24.210849408453036,0.24247195077813968,0.48494390155627937
2020-11-30,leave_out_sector_utilities,25,0.9999999999999999,0.05,0.02773861171366593,0.25,0.04118521816667528,24.28055609546686,0.16595979330210253,0.33191958660420506
2020-12-31,leave_out_sector_utilities,25,1.0,0.05000000000000001,0.026915656008820277,0.22271223814773983,0.04147931332196357,24.108402958312556,0.2502865756098028,0.5005731512196055
2021-01-29,leave_out_sector_utilities,25,1.0,0.05000000000000001,0.026872246696035232,0.16916299559471365,0.0414965359312232,24.098397072406495,0.2067102904963354,0.4134205809926708
2021-02-26,leave_out_sector_utilities,25,1.0,0.05000000000000002,0.02679225536368393,0.21870748299319728,0.041519887752226835,24.08484353251574,0.2379128947410886,0.4758257894821772
2021-03-31,leave_out_sector_utilities,25,1.0000000000000002,0.05000000000000002,0.02598684210526317,0.2500000000000001,0.04153461528886717,24.076303416924567,0.20708786551057676,0.4141757310211535
2021-04-30,leave_out_sector_utilities,25,1.0,0.05000000000000002,0.0261842105263158,0.25000000000000006,0.04151790635099262,24.085992957978043,0.25203286248710016,0.5040657249742003
2021-05-28,leave_out_sector_utilities,25,1.0,0.05000000000000001,0.026397515527950305,0.19192546583850933,0.0414849446394815,24.105130395866393,0.30766724896480335,0.6153344979296067
2021-06-30,leave_out_sector_utilities,25,0.9999999999999999,0.05,0.028177826564215143,0.25,0.04124636832903372,24.244558745699077,0.3279317656523784,0.6558635313047568
2021-07-30,leave_out_sector_utilities,25,1.0,0.05000000000000001,0.02728501228501229,0.23831695331695332,0.041375825087987254,24.16870232493158,0.10148485477793932,0.20296970955587865
2021-08-31,leave_out_sector_utilities,25,1.0,0.05000000000000001,0.02728501228501229,0.24154791154791155,0.04137582508798726,24.168702324931576,0.2718304668304669,0.5436609336609338
2021-09-30,leave_out_sector_utilities,25,1.0,0.05000000000000001,0.02728501228501229,0.2023832923832924,0.041375825087987254,24.16870232493158,0.18915233415233418,0.37830466830466836
2021-10-29,leave_out_sector_utilities,25,1.0,0.05000000000000001,0.026752391406617528,0.23754900423396583,0.041527696181753615,24.08031487283368,0.25625537336843596,0.5125107467368719
2021-11-30,leave_out_sector_utilities,25,1.0,0.05000000000000001,0.026397515527950305,0.23524844720496893,0.04148494463948149,24.105130395866396,0.22338720674161905,0.4467744134832381
2021-12-31,leave_out_sector_utilities,25,1.0,0.05000000000000002,0.02624201195629767,0.20696763553906408,0.041402607218933754,24.153068301039063,0.1526466976777536,0.3052933953555072
2022-01-31,leave_out_sector_utilities,25,1.0,0.05,0.02663332291341043,0.229821819318537,0.04153585331302247,24.075585794850554,0.164651606946074,0.329303213892148
2022-02-28,leave_out_sector_utilities,25,1.0,0.05000000000000001,0.02728501228501229,0.19481572481572482,0.041375825087987254,24.16870232493158,0.19164391820846965,0.3832878364169393
2022-03-31,leave_out_sector_utilities,25,0.9999999999999998,0.05000000000000001,0.02647577549538333,0.24926859632741982,0.041511721286594194,24.08958166528595,0.30914460169362135,0.6182892033872427
2022-04-29,leave_out_sector_utilities,25,1.0,0.05000000000000001,0.026397515527950305,0.21645962732919255,0.0414849446394815,24.105130395866393,0.1869210002841716,0.3738420005683432
2022-05-31,leave_out_sector_utilities,25,1.0,0.05000000000000002,0.02651503349431375,0.21603832372643716,0.04152145611880489,24.083933789285012,0.2521915238050083,0.5043830476100166
2022-06-30,leave_out_sector_utilities,25,1.0,0.05,0.02663332291341043,0.16928727727414816,0.04153585331302246,24.075585794850557,0.18542057342756035,0.3708411468551207
2022-07-29,leave_out_sector_utilities,25,1.0,0.05,0.02663332291341043,0.18679274773366678,0.04153585331302246,24.075585794850557,0.2557674273210378,0.5115348546420756
2022-08-31,leave_out_sector_utilities,25,1.0,0.05000000000000001,0.026732492228926673,0.18083744743097457,0.041530039106369945,24.07895637754452,0.3446364432887838,0.6892728865775676
2022-09-30,leave_out_sector_utilities,25,1.0,0.05000000000000001,0.026752391406617528,0.16518739219068526,0.041527696181753615,24.08031487283368,0.20430557704848346,0.4086111540969669
2022-10-31,leave_out_sector_utilities,25,1.0,0.05000000000000002,0.026554377209399047,0.16896444167186528,0.04152813797092606,24.080058698998307,0.2025411156222588,0.4050822312445176
2022-11-30,leave_out_sector_utilities,25,1.0,0.05000000000000002,0.02651503349431375,0.1781118554291946,0.04152145611880489,24.083933789285012,0.27706422980539264,0.5541284596107853
2022-12-30,leave_out_sector_utilities,25,1.0,0.05000000000000001,0.025654696565783282,0.16189430766818252,0.04166264878567616,24.002314522637967,0.22422721445270274,0.4484544289054055
2023-01-31,leave_out_sector_utilities,25,1.0,0.050000000000000024,0.026025498891352545,0.16782150776053212,0.04161878813280171,24.027609761463797,0.3266076952685076,0.6532153905370152
2023-02-28,leave_out_sector_utilities,25,1.0,0.05000000000000002,0.027002762430939218,0.17962707182320442,0.041436941027441165,24.133055558752776,0.296526289032353,0.593052578064706
2023-03-31,leave_out_sector_utilities,25,1.0000000000000002,0.05000000000000002,0.02631959508315256,0.20173535791757052,0.041448531360822397,24.126307185523366,0.2896622064292934,0.5793244128585868
2023-04-28,leave_out_sector_utilities,25,1.0000000000000002,0.05000000000000002,0.026280761492029098,0.20604395604395606,0.04142675035126168,24.138992113088698,0.15394863200002062,0.30789726400004125
2023-05-31,leave_out_sector_utilities,25,1.0000000000000002,0.05000000000000001,0.02728501228501229,0.1772604422604423,0.04137582508798726,24.168702324931576,0.2984166043320974,0.5968332086641948
2023-06-30,leave_out_sector_utilities,25,1.0,0.05000000000000002,0.026280761492029098,0.2210958056028479,0.04142675035126167,24.1389921130887,0.19228764573835,0.3845752914767
2023-07-31,leave_out_sector_utilities,25,1.0,0.05000000000000002,0.02651503349431375,0.2264371397413928,0.04152145611880489,24.083933789285012,0.18956114001347235,0.3791222800269447
2023-08-31,leave_out_sector_utilities,25,1.0,0.05000000000000001,0.02728501228501229,0.23939803439803442,0.04137582508798726,24.168702324931576,0.24271663745491448,0.48543327490982896
2023-09-29,leave_out_sector_utilities,25,1.0,0.05000000000000002,0.02655437720939904,0.22603451861093787,0.04152873387870814,24.079713167289743,0.2476382632277829,0.4952765264555658
2023-10-31,leave_out_sector_utilities,25,1.0,0.05000000000000001,0.026959161147902866,0.21178256070640178,0.04145945414187488,24.119950942383007,0.3329704135044805,0.665940827008961
2023-11-30,leave_out_sector_utilities,25,1.0,0.05000000000000002,0.025770925110132157,0.24933920704845816,0.04160569776242505,24.035169550818598,0.3155618198792194,0.6311236397584388
2023-12-29,leave_out_sector_utilities,25,1.0,0.05,0.02663332291341043,0.21014379493591748,0.04153585331302245,24.07558579485056,0.14266462674872243,0.28532925349744487
2024-01-31,leave_out_sector_utilities,25,1.0,0.05000000000000002,0.025500910746812384,0.23870673952641164,0.041557426816765705,24.063087553740584,0.1847731616949969,0.3695463233899938
2024-02-29,leave_out_sector_utilities,25,1.0,0.05000000000000002,0.025577635216189425,0.24940802169717835,0.041607641930290686,24.03404647817814,0.1886779678503953,0.3773559357007906
2024-03-28,leave_out_sector_utilities,25,0.9999999999999998,0.05,0.02643660293279444,0.22897300378257937,0.041499545466872866,24.09664946326347,0.18106926242340587,0.36213852484681175
2024-04-30,leave_out_sector_utilities,25,1.0000000000000002,0.05000000000000001,0.02728501228501229,0.18915233415233418,0.04137582508798726,24.168702324931576,0.2621645575454063,0.5243291150908126
2024-05-31,leave_out_sector_utilities,25,1.0,0.05000000000000002,0.02624201195629767,0.19392908678622964,0.04140260721893375,24.15306830103907,0.17891192676906967,0.35782385353813934
2024-06-28,leave_out_sector_utilities,25,1.0,0.05000000000000001,0.026872246696035232,0.17136563876651983,0.04149653593122319,24.0983970724065,0.15303470740852745,0.3060694148170549
2024-07-31,leave_out_sector_utilities,25,1.0,0.05000000000000001,0.026872246696035232,0.18678414096916302,0.04149653593122319,24.0983970724065,0.20550660792951544,0.4110132158590309
2024-08-30,leave_out_sector_utilities,25,1.0,0.05000000000000001,0.026915656008820277,0.18359977949283354,0.04147931332196357,24.108402958312556,0.16092585082253058,0.32185170164506116
2024-09-30,leave_out_sector_utilities,25,1.0,0.05000000000000001,0.026872246696035232,0.17907488986784142,0.0414965359312232,24.098397072406495,0.10941557101156449,0.21883114202312898
2024-10-31,leave_out_sector_utilities,25,1.0000000000000002,0.05000000000000002,0.02631959508315256,0.21475054229934928,0.041448531360822397,24.126307185523366,0.2301443583348464,0.4602887166696928
2024-11-29,leave_out_sector_utilities,25,1.0,0.05000000000000001,0.02728501228501229,0.22617936117936122,0.041375825087987254,24.16870232493158,0.1836670184284068,0.3673340368568136
2024-12-31,leave_out_sector_utilities,25,0.9999999999999999,0.05,0.02663332291341043,0.1791341044076274,0.04153585331302246,24.075585794850557,0.2025074981201896,0.4050149962403792
2025-01-31,leave_out_sector_utilities,25,1.0,0.05000000000000002,0.026593806921675768,0.18333333333333338,0.0415335383757851,24.076927685579047,0.21826808924236915,0.4365361784847383
2025-02-28,leave_out_sector_utilities,25,1.0,0.05000000000000002,0.02624201195629767,0.21552257266542982,0.041402607218933754,24.153068301039063,0.22809932716255904,0.4561986543251181
2025-03-31,leave_out_sector_utilities,25,1.0000000000000002,0.05000000000000002,0.02655437720939904,0.19718236639634018,0.04152873387870814,24.079713167289743,0.24902194568445352,0.49804389136890703
2025-04-30,leave_out_sector_utilities,25,1.0,0.05000000000000002,0.02679225536368393,0.1944008372579801,0.04151988775222684,24.084843532515738,0.25090958116535167,0.5018191623307033
2025-05-30,leave_out_sector_utilities,25,1.0,0.05000000000000002,0.02679225536368393,0.21870748299319728,0.04151988775222685,24.084843532515734,0.15426478283621142,0.30852956567242285
2025-06-30,leave_out_sector_utilities,25,1.0,0.05000000000000002,0.02683220703022683,0.23440201162973445,0.04150950665290219,24.090866903379197,0.16399735996624257,0.32799471993248513
2025-07-31,leave_out_sector_utilities,25,1.0,0.05000000000000002,0.02683220703022683,0.2018832835664519,0.04150890153188404,24.091218102504463,0.3412357902456913,0.6824715804913826
2025-08-29,leave_out_sector_utilities,25,1.0,0.05000000000000001,0.026672925468106193,0.23561258019089343,0.041535662286134055,24.075696521007018,0.22374352179911053,0.44748704359822106
2025-09-30,leave_out_sector_utilities,25,0.9999999999999999,0.05,0.027779203284367174,0.25,0.04132577298153104,24.197974480644593,0.1330684373613161,0.2661368747226322
2025-10-31,leave_out_sector_utilities,25,0.9999999999999998,0.05,0.02643660293279444,0.2260997979169905,0.041499545466872866,24.09664946326347,0.1969975230620868,0.3939950461241736
2025-11-28,leave_out_sector_utilities,25,1.0,0.05000000000000001,0.02728501228501229,0.23482800982800986,0.041375825087987254,24.16870232493158,0.164058892562701,0.328117785125402
2025-12-31,leave_out_sector_utilities,25,1.0,0.05000000000000001,0.02728501228501229,0.22293611793611795,0.04137582508798726,24.168702324931576,0.19782555282555286,0.39565110565110573
2026-01-30,leave_out_sector_utilities,25,1.0,0.04999721097635246,0.027286195955909438,0.22941437106716459,0.04137523580269917,24.169046546793666,0.18375082702662504,0.3675016540532501
2026-02-27,leave_out_sector_utilities,25,1.0,0.05000000000000001,0.02728501228501229,0.19805896805896808,0.04137582508798726,24.168702324931576,0.16511576781758117,0.33023153563516233
2026-03-31,leave_out_sector_utilities,25,0.9999999999999999,0.05,0.026637190824042027,0.25,0.04150857736689731,24.091406245049736,0.2716122287748586,0.5432244575497172
2026-04-30,leave_out_sector_utilities,25,1.0000000000000002,0.05000000000000001,0.02728501228501229,0.23615479115479118,0.04137582508798726,24.168702324931576,0.275777605223972,0.551555210447944
2026-05-29,leave_out_sector_utilities,25,1.0,0.05000000000000002,0.02631959508315256,0.23709327548806944,0.04144853136082239,24.12630718552337,0.16257731207839674,0.32515462415679347
