fold_id,test_date,feature,gain,gain_share,split_count
1,2020-01-31,tech__momentum_12_1_sector_neutral,4.598903000354767,0.11433798893946423,3
1,2020-01-31,tech__momentum_6_1_sector_neutral,0.0,0.0,0
1,2020-01-31,tech__return_3m_sector_neutral,2.3437780141830444,0.05827104086377724,4
1,2020-01-31,tech__return_1m_sector_neutral,1.185670018196106,0.029478144117391223,1
1,2020-01-31,tech__return_1w_sector_neutral,0.0,0.0,0
1,2020-01-31,tech__reversal_1m_sector_neutral,0.0,0.0,0
1,2020-01-31,tech__volatility_20d_sector_neutral,0.0,0.0,0
1,2020-01-31,tech__volatility_60d_sector_neutral,8.259729862213135,0.2053535161658846,2
1,2020-01-31,tech__downside_volatility_60d_sector_neutral,0.0,0.0,0
1,2020-01-31,tech__beta_60d_market_sector_neutral,0.0,0.0,0
1,2020-01-31,tech__max_drawdown_126d_sector_neutral,0.8326129913330078,0.020700435513978845,2
1,2020-01-31,tech__distance_sma_50d_sector_neutral,0.0,0.0,0
1,2020-01-31,tech__distance_sma_200d_sector_neutral,0.70271897315979,0.017471008667609995,1
1,2020-01-31,tech__sma_50_200_spread_sector_neutral,0.6481299996376038,0.016113816865496542,1
1,2020-01-31,tech__positive_day_ratio_60d_sector_neutral,5.012210130691528,0.12461363643483452,3
1,2020-01-31,tech__average_dollar_volume_20d_sector_neutral,9.798100471496582,0.24360050717558385,1
1,2020-01-31,tech__dollar_volume_change_20d_60d_sector_neutral,0.0,0.0,0
1,2020-01-31,tech__amihud_illiquidity_20d_sector_neutral,6.8401501178741455,0.17005990525597894,2
1,2020-01-31,tech__zero_volume_ratio_60d_sector_neutral,0.0,0.0,0
2,2020-02-28,tech__momentum_12_1_sector_neutral,4.598903000354767,0.11433798893946423,3
2,2020-02-28,tech__momentum_6_1_sector_neutral,0.0,0.0,0
2,2020-02-28,tech__return_3m_sector_neutral,2.3437780141830444,0.05827104086377724,4
2,2020-02-28,tech__return_1m_sector_neutral,1.185670018196106,0.029478144117391223,1
2,2020-02-28,tech__return_1w_sector_neutral,0.0,0.0,0
2,2020-02-28,tech__reversal_1m_sector_neutral,0.0,0.0,0
2,2020-02-28,tech__volatility_20d_sector_neutral,0.0,0.0,0
2,2020-02-28,tech__volatility_60d_sector_neutral,8.259729862213135,0.2053535161658846,2
2,2020-02-28,tech__downside_volatility_60d_sector_neutral,0.0,0.0,0
2,2020-02-28,tech__beta_60d_market_sector_neutral,0.0,0.0,0
2,2020-02-28,tech__max_drawdown_126d_sector_neutral,0.8326129913330078,0.020700435513978845,2
2,2020-02-28,tech__distance_sma_50d_sector_neutral,0.0,0.0,0
2,2020-02-28,tech__distance_sma_200d_sector_neutral,0.70271897315979,0.017471008667609995,1
2,2020-02-28,tech__sma_50_200_spread_sector_neutral,0.6481299996376038,0.016113816865496542,1
2,2020-02-28,tech__positive_day_ratio_60d_sector_neutral,5.012210130691528,0.12461363643483452,3
2,2020-02-28,tech__average_dollar_volume_20d_sector_neutral,9.798100471496582,0.24360050717558385,1
2,2020-02-28,tech__dollar_volume_change_20d_60d_sector_neutral,0.0,0.0,0
2,2020-02-28,tech__amihud_illiquidity_20d_sector_neutral,6.8401501178741455,0.17005990525597894,2
2,2020-02-28,tech__zero_volume_ratio_60d_sector_neutral,0.0,0.0,0
3,2020-03-31,tech__momentum_12_1_sector_neutral,9.029100060462952,0.01250593469723177,5
3,2020-03-31,tech__momentum_6_1_sector_neutral,57.92862033843994,0.08023518824711276,6
3,2020-03-31,tech__return_3m_sector_neutral,9.695979833602905,0.013429609796404986,3
3,2020-03-31,tech__return_1m_sector_neutral,21.516130208969116,0.02980134426782584,5
3,2020-03-31,tech__return_1w_sector_neutral,32.71123003959656,0.04530734004517673,8
3,2020-03-31,tech__reversal_1m_sector_neutral,14.589040279388428,0.020206840527577544,2
3,2020-03-31,tech__volatility_20d_sector_neutral,9.587460041046143,0.013279302298428003,2
3,2020-03-31,tech__volatility_60d_sector_neutral,122.56968033313751,0.16976757460235709,12
3,2020-03-31,tech__downside_volatility_60d_sector_neutral,6.314370155334473,0.008745844025203243,1
3,2020-03-31,tech__beta_60d_market_sector_neutral,16.935994744300842,0.023457536508242782,6
3,2020-03-31,tech__max_drawdown_126d_sector_neutral,35.67792999744415,0.049416426852352945,9
3,2020-03-31,tech__distance_sma_50d_sector_neutral,21.843909740447998,0.030255341829965376,4
3,2020-03-31,tech__distance_sma_200d_sector_neutral,9.396809816360474,0.013015238411222693,2
3,2020-03-31,tech__sma_50_200_spread_sector_neutral,49.056708216667175,0.06794696983204511,7
3,2020-03-31,tech__positive_day_ratio_60d_sector_neutral,2.8035900592803955,0.0038831681966509358,1
3,2020-03-31,tech__average_dollar_volume_20d_sector_neutral,130.43821096420288,0.1806660395187184,12
3,2020-03-31,tech__dollar_volume_change_20d_60d_sector_neutral,19.677379608154297,0.027254546161226193,5
3,2020-03-31,tech__amihud_illiquidity_20d_sector_neutral,152.21307930350304,0.21082575418225763,20
3,2020-03-31,tech__zero_volume_ratio_60d_sector_neutral,0.0,0.0,0
4,2020-04-30,tech__momentum_12_1_sector_neutral,2.826539993286133,0.0028843163957668803,1
4,2020-04-30,tech__momentum_6_1_sector_neutral,158.82605123519897,0.1620725638910925,19
4,2020-04-30,tech__return_3m_sector_neutral,33.0039496421814,0.03367857285024154,7
4,2020-04-30,tech__return_1m_sector_neutral,10.858289957046509,0.01108024079881812,2
4,2020-04-30,tech__return_1w_sector_neutral,6.938570022583008,0.007080399119364878,2
4,2020-04-30,tech__reversal_1m_sector_neutral,0.11842899769544601,0.00012084976706453202,1
4,2020-04-30,tech__volatility_20d_sector_neutral,22.216559648513794,0.022670681258340288,3
4,2020-04-30,tech__volatility_60d_sector_neutral,81.46955060958862,0.08313484370897012,7
4,2020-04-30,tech__downside_volatility_60d_sector_neutral,0.0,0.0,0
4,2020-04-30,tech__beta_60d_market_sector_neutral,18.200159907341003,0.018572183571084738,5
4,2020-04-30,tech__max_drawdown_126d_sector_neutral,144.58038067817688,0.14753570212585626,16
4,2020-04-30,tech__distance_sma_50d_sector_neutral,18.00601029396057,0.018374065407381016,4
4,2020-04-30,tech__distance_sma_200d_sector_neutral,31.887919902801514,0.03253973070291553,6
4,2020-04-30,tech__sma_50_200_spread_sector_neutral,101.44218969345093,0.10351573713809303,13
4,2020-04-30,tech__positive_day_ratio_60d_sector_neutral,2.4832699298858643,0.0025340296584862795,1
4,2020-04-30,tech__average_dollar_volume_20d_sector_neutral,173.13878107070923,0.17667785567214003,26
4,2020-04-30,tech__dollar_volume_change_20d_60d_sector_neutral,7.8983800411224365,0.008059828308362856,2
4,2020-04-30,tech__amihud_illiquidity_20d_sector_neutral,166.07373929023743,0.1694683996260214,26
4,2020-04-30,tech__zero_volume_ratio_60d_sector_neutral,0.0,0.0,0
5,2020-05-29,tech__momentum_12_1_sector_neutral,2.826539993286133,0.0028843163957668803,1
5,2020-05-29,tech__momentum_6_1_sector_neutral,158.82605123519897,0.1620725638910925,19
5,2020-05-29,tech__return_3m_sector_neutral,33.0039496421814,0.03367857285024154,7
5,2020-05-29,tech__return_1m_sector_neutral,10.858289957046509,0.01108024079881812,2
5,2020-05-29,tech__return_1w_sector_neutral,6.938570022583008,0.007080399119364878,2
5,2020-05-29,tech__reversal_1m_sector_neutral,0.11842899769544601,0.00012084976706453202,1
5,2020-05-29,tech__volatility_20d_sector_neutral,22.216559648513794,0.022670681258340288,3
5,2020-05-29,tech__volatility_60d_sector_neutral,81.46955060958862,0.08313484370897012,7
5,2020-05-29,tech__downside_volatility_60d_sector_neutral,0.0,0.0,0
5,2020-05-29,tech__beta_60d_market_sector_neutral,18.200159907341003,0.018572183571084738,5
5,2020-05-29,tech__max_drawdown_126d_sector_neutral,144.58038067817688,0.14753570212585626,16
5,2020-05-29,tech__distance_sma_50d_sector_neutral,18.00601029396057,0.018374065407381016,4
5,2020-05-29,tech__distance_sma_200d_sector_neutral,31.887919902801514,0.03253973070291553,6
5,2020-05-29,tech__sma_50_200_spread_sector_neutral,101.44218969345093,0.10351573713809303,13
5,2020-05-29,tech__positive_day_ratio_60d_sector_neutral,2.4832699298858643,0.0025340296584862795,1
5,2020-05-29,tech__average_dollar_volume_20d_sector_neutral,173.13878107070923,0.17667785567214003,26
5,2020-05-29,tech__dollar_volume_change_20d_60d_sector_neutral,7.8983800411224365,0.008059828308362856,2
5,2020-05-29,tech__amihud_illiquidity_20d_sector_neutral,166.07373929023743,0.1694683996260214,26
5,2020-05-29,tech__zero_volume_ratio_60d_sector_neutral,0.0,0.0,0
6,2020-06-30,tech__momentum_12_1_sector_neutral,16.084199905395508,0.008680614389310854,8
6,2020-06-30,tech__momentum_6_1_sector_neutral,151.17110427841544,0.08158677899837732,36
6,2020-06-30,tech__return_3m_sector_neutral,47.74115175008774,0.025765815600505254,20
6,2020-06-30,tech__return_1m_sector_neutral,58.55749297142029,0.031603375926654825,28
6,2020-06-30,tech__return_1w_sector_neutral,41.52777886390686,0.022412469186062677,22
6,2020-06-30,tech__reversal_1m_sector_neutral,25.440184324979782,0.013730022719007582,14
6,2020-06-30,tech__volatility_20d_sector_neutral,40.68911846727133,0.021959845645594406,16
6,2020-06-30,tech__volatility_60d_sector_neutral,282.5369099378586,0.1524846731788796,41
6,2020-06-30,tech__downside_volatility_60d_sector_neutral,49.6736544072628,0.026808783884406523,21
6,2020-06-30,tech__beta_60d_market_sector_neutral,90.2966239452362,0.04873292906924575,34
6,2020-06-30,tech__max_drawdown_126d_sector_neutral,126.68458870053291,0.06837144962422873,40
6,2020-06-30,tech__distance_sma_50d_sector_neutral,76.60538038611412,0.04134378900968913,32
6,2020-06-30,tech__distance_sma_200d_sector_neutral,60.70744597911835,0.03276370178213647,23
6,2020-06-30,tech__sma_50_200_spread_sector_neutral,161.6184682548046,0.08722520295463451,45
6,2020-06-30,tech__positive_day_ratio_60d_sector_neutral,42.49755393341184,0.02293585508478655,24
6,2020-06-30,tech__average_dollar_volume_20d_sector_neutral,288.8114334642887,0.1558710224862721,56
6,2020-06-30,tech__dollar_volume_change_20d_60d_sector_neutral,29.442110016942024,0.015889854973700393,16
6,2020-06-30,tech__amihud_illiquidity_20d_sector_neutral,262.8020712956786,0.1418338154865073,61
6,2020-06-30,tech__zero_volume_ratio_60d_sector_neutral,0.0,0.0,0
7,2020-07-31,tech__momentum_12_1_sector_neutral,19.7672081887722,0.014284664978687762,9
7,2020-07-31,tech__momentum_6_1_sector_neutral,267.17282423377037,0.19307098145285903,28
7,2020-07-31,tech__return_3m_sector_neutral,26.649330139160156,0.019257992798425334,6
7,2020-07-31,tech__return_1m_sector_neutral,29.09699010848999,0.02102678089989742,9
7,2020-07-31,tech__return_1w_sector_neutral,40.57621693611145,0.029322181438051126,14
7,2020-07-31,tech__reversal_1m_sector_neutral,27.79653036594391,0.020087010773375817,7
7,2020-07-31,tech__volatility_20d_sector_neutral,27.367669820785522,0.019777097043947672,6
7,2020-07-31,tech__volatility_60d_sector_neutral,83.88881921768188,0.060621796792879365,11
7,2020-07-31,tech__downside_volatility_60d_sector_neutral,21.66714483499527,0.015657643813779088,7
7,2020-07-31,tech__beta_60d_market_sector_neutral,28.598685085773468,0.02066668349824482,11
7,2020-07-31,tech__max_drawdown_126d_sector_neutral,89.77257939428091,0.06487366393238776,18
7,2020-07-31,tech__distance_sma_50d_sector_neutral,28.508769869804382,0.020601706758771092,10
7,2020-07-31,tech__distance_sma_200d_sector_neutral,35.8877899646759,0.02593411530729418,5
7,2020-07-31,tech__sma_50_200_spread_sector_neutral,135.31720006465912,0.09778623517890835,22
7,2020-07-31,tech__positive_day_ratio_60d_sector_neutral,18.242810010910034,0.013183066965608118,5
7,2020-07-31,tech__average_dollar_volume_20d_sector_neutral,278.5622408390045,0.20130148112457713,46
7,2020-07-31,tech__dollar_volume_change_20d_60d_sector_neutral,10.99222993850708,0.007943474897454814,3
7,2020-07-31,tech__amihud_illiquidity_20d_sector_neutral,213.94117683172226,0.15460342234485114,42
7,2020-07-31,tech__zero_volume_ratio_60d_sector_neutral,0.0,0.0,0
8,2020-08-31,tech__momentum_12_1_sector_neutral,23.478118926286697,0.015126230668344986,10
8,2020-08-31,tech__momentum_6_1_sector_neutral,206.91834254562855,0.13331113061841127,32
8,2020-08-31,tech__return_3m_sector_neutral,54.90017104148865,0.03537049341612191,10
8,2020-08-31,tech__return_1m_sector_neutral,51.69607216119766,0.033306190952213544,16
8,2020-08-31,tech__return_1w_sector_neutral,20.51039630174637,0.013214218163450366,9
8,2020-08-31,tech__reversal_1m_sector_neutral,35.71603012084961,0.02301074084605016,8
8,2020-08-31,tech__volatility_20d_sector_neutral,13.407229900360107,0.00863786629299837,5
8,2020-08-31,tech__volatility_60d_sector_neutral,149.92304369062185,0.09659081072400805,21
8,2020-08-31,tech__downside_volatility_60d_sector_neutral,32.00859256088734,0.020622152735710223,11
8,2020-08-31,tech__beta_60d_market_sector_neutral,64.17323052883148,0.041344840732754115,24
8,2020-08-31,tech__max_drawdown_126d_sector_neutral,92.31577396392822,0.059476216799538455,24
8,2020-08-31,tech__distance_sma_50d_sector_neutral,14.498219966888428,0.009340757672626902,6
8,2020-08-31,tech__distance_sma_200d_sector_neutral,20.443159699440002,0.013170899686402227,6
8,2020-08-31,tech__sma_50_200_spread_sector_neutral,181.89250075817108,0.117187749663783,27
8,2020-08-31,tech__positive_day_ratio_60d_sector_neutral,20.97979974746704,0.013516640381294113,5
8,2020-08-31,tech__average_dollar_volume_20d_sector_neutral,287.0702142715454,0.18495051893705497,50
8,2020-08-31,tech__dollar_volume_change_20d_60d_sector_neutral,13.077059864997864,0.008425147883557431,6
8,2020-08-31,tech__amihud_illiquidity_20d_sector_neutral,269.1380769610405,0.17339739382567992,52
8,2020-08-31,tech__zero_volume_ratio_60d_sector_neutral,0.0,0.0,0
9,2020-09-30,tech__momentum_12_1_sector_neutral,15.231904864311218,0.012686716299405444,7
9,2020-09-30,tech__momentum_6_1_sector_neutral,235.4578074812889,0.19611377766639018,20
9,2020-09-30,tech__return_3m_sector_neutral,42.20345950126648,0.03515143524829432,9
9,2020-09-30,tech__return_1m_sector_neutral,20.261549949645996,0.0168759284073309,6
9,2020-09-30,tech__return_1w_sector_neutral,23.4300400018692,0.01951497682236063,7
9,2020-09-30,tech__reversal_1m_sector_neutral,24.476086676120758,0.02038623340585336,6
9,2020-09-30,tech__volatility_20d_sector_neutral,1.7168300151824951,0.0014299547910096,1
9,2020-09-30,tech__volatility_60d_sector_neutral,68.43544030189514,0.05700016010271359,8
9,2020-09-30,tech__downside_volatility_60d_sector_neutral,49.32729207724333,0.04108490474281823,9
9,2020-09-30,tech__beta_60d_market_sector_neutral,22.586611926555634,0.018812482104478827,8
9,2020-09-30,tech__max_drawdown_126d_sector_neutral,87.7361592054367,0.07307580837422584,17
9,2020-09-30,tech__distance_sma_50d_sector_neutral,25.116208910942078,0.020919393851803053,7
9,2020-09-30,tech__distance_sma_200d_sector_neutral,32.17433047294617,0.026798132372135287,7
9,2020-09-30,tech__sma_50_200_spread_sector_neutral,117.13614118099213,0.09756317445576101,15
9,2020-09-30,tech__positive_day_ratio_60d_sector_neutral,9.666020035743713,0.00805086790065076,4
9,2020-09-30,tech__average_dollar_volume_20d_sector_neutral,211.42662847042084,0.1760981096874334,34
9,2020-09-30,tech__dollar_volume_change_20d_60d_sector_neutral,30.85542923025787,0.02569961409474475,10
9,2020-09-30,tech__amihud_illiquidity_20d_sector_neutral,183.38044705986977,0.15273832967259085,32
9,2020-09-30,tech__zero_volume_ratio_60d_sector_neutral,0.0,0.0,0
10,2020-10-30,tech__momentum_12_1_sector_neutral,46.822570860385895,0.026971350101647504,18
10,2020-10-30,tech__momentum_6_1_sector_neutral,150.9353876709938,0.08694377751578063,27
10,2020-10-30,tech__return_3m_sector_neutral,28.088721930980682,0.01618003324437834,11
10,2020-10-30,tech__return_1m_sector_neutral,39.46183001995087,0.022731319822087755,15
10,2020-10-30,tech__return_1w_sector_neutral,73.00551977753639,0.04205359503099392,30
10,2020-10-30,tech__reversal_1m_sector_neutral,37.277989625930786,0.02147335549524921,13
10,2020-10-30,tech__volatility_20d_sector_neutral,28.874417066574097,0.016632619639910504,12
10,2020-10-30,tech__volatility_60d_sector_neutral,104.08595708012581,0.05995695532062872,29
10,2020-10-30,tech__downside_volatility_60d_sector_neutral,39.571382492780685,0.022794425671358712,18
10,2020-10-30,tech__beta_60d_market_sector_neutral,49.0699627995491,0.028265922221310302,20
10,2020-10-30,tech__max_drawdown_126d_sector_neutral,72.32521837949753,0.041661718915608076,25
10,2020-10-30,tech__distance_sma_50d_sector_neutral,35.80517715215683,0.020624966777280734,17
10,2020-10-30,tech__distance_sma_200d_sector_neutral,46.182630717754364,0.026602723404867468,14
10,2020-10-30,tech__sma_50_200_spread_sector_neutral,269.37497651576996,0.15516889967220454,37
10,2020-10-30,tech__positive_day_ratio_60d_sector_neutral,24.071210950613022,0.013865813986495066,15
10,2020-10-30,tech__average_dollar_volume_20d_sector_neutral,370.3658773303032,0.2133430001732526,57
10,2020-10-30,tech__dollar_volume_change_20d_60d_sector_neutral,46.52467918395996,0.026799754639253787,17
10,2020-10-30,tech__amihud_illiquidity_20d_sector_neutral,274.16787600517273,0.15792976836769215,54
10,2020-10-30,tech__zero_volume_ratio_60d_sector_neutral,0.0,0.0,0
11,2020-11-30,tech__momentum_12_1_sector_neutral,46.822570860385895,0.026971350101647504,18
11,2020-11-30,tech__momentum_6_1_sector_neutral,150.9353876709938,0.08694377751578063,27
11,2020-11-30,tech__return_3m_sector_neutral,28.088721930980682,0.01618003324437834,11
11,2020-11-30,tech__return_1m_sector_neutral,39.46183001995087,0.022731319822087755,15
11,2020-11-30,tech__return_1w_sector_neutral,73.00551977753639,0.04205359503099392,30
11,2020-11-30,tech__reversal_1m_sector_neutral,37.277989625930786,0.02147335549524921,13
11,2020-11-30,tech__volatility_20d_sector_neutral,28.874417066574097,0.016632619639910504,12
11,2020-11-30,tech__volatility_60d_sector_neutral,104.08595708012581,0.05995695532062872,29
11,2020-11-30,tech__downside_volatility_60d_sector_neutral,39.571382492780685,0.022794425671358712,18
11,2020-11-30,tech__beta_60d_market_sector_neutral,49.0699627995491,0.028265922221310302,20
11,2020-11-30,tech__max_drawdown_126d_sector_neutral,72.32521837949753,0.041661718915608076,25
11,2020-11-30,tech__distance_sma_50d_sector_neutral,35.80517715215683,0.020624966777280734,17
11,2020-11-30,tech__distance_sma_200d_sector_neutral,46.182630717754364,0.026602723404867468,14
11,2020-11-30,tech__sma_50_200_spread_sector_neutral,269.37497651576996,0.15516889967220454,37
11,2020-11-30,tech__positive_day_ratio_60d_sector_neutral,24.071210950613022,0.013865813986495066,15
11,2020-11-30,tech__average_dollar_volume_20d_sector_neutral,370.3658773303032,0.2133430001732526,57
11,2020-11-30,tech__dollar_volume_change_20d_60d_sector_neutral,46.52467918395996,0.026799754639253787,17
11,2020-11-30,tech__amihud_illiquidity_20d_sector_neutral,274.16787600517273,0.15792976836769215,54
11,2020-11-30,tech__zero_volume_ratio_60d_sector_neutral,0.0,0.0,0
12,2020-12-31,tech__momentum_12_1_sector_neutral,89.70862252265215,0.02661977792682885,67
12,2020-12-31,tech__momentum_6_1_sector_neutral,416.25252416729927,0.12351710954002819,136
12,2020-12-31,tech__return_3m_sector_neutral,183.19834727048874,0.05436154500835275,135
12,2020-12-31,tech__return_1m_sector_neutral,79.12629325687885,0.02347961985637876,51
12,2020-12-31,tech__return_1w_sector_neutral,147.7084038257599,0.04383040110525866,101
12,2020-12-31,tech__reversal_1m_sector_neutral,92.87867185473442,0.027560445689460186,60
12,2020-12-31,tech__volatility_20d_sector_neutral,75.70842918753624,0.022465416539556967,61
12,2020-12-31,tech__volatility_60d_sector_neutral,241.3493798673153,0.07161704989086763,88
12,2020-12-31,tech__downside_volatility_60d_sector_neutral,131.86669862270355,0.039129596850002536,93
12,2020-12-31,tech__beta_60d_market_sector_neutral,135.97637295722961,0.04034908517855254,94
12,2020-12-31,tech__max_drawdown_126d_sector_neutral,206.10241462290287,0.06115800636733127,119
12,2020-12-31,tech__distance_sma_50d_sector_neutral,183.59372454881668,0.05447886768091688,135
12,2020-12-31,tech__distance_sma_200d_sector_neutral,126.68992668390274,0.037593462245395046,70
12,2020-12-31,tech__sma_50_200_spread_sector_neutral,249.78063318133354,0.07411890628496545,100
12,2020-12-31,tech__positive_day_ratio_60d_sector_neutral,104.63443787395954,0.031048804689873047,89
12,2020-12-31,tech__average_dollar_volume_20d_sector_neutral,418.35549917817116,0.12414113793552545,153
12,2020-12-31,tech__dollar_volume_change_20d_60d_sector_neutral,120.96851649880409,0.035895713865442325,98
12,2020-12-31,tech__amihud_illiquidity_20d_sector_neutral,366.10001105442643,0.10863505334526345,145
12,2020-12-31,tech__zero_volume_ratio_60d_sector_neutral,0.0,0.0,0
13,2021-01-29,tech__momentum_12_1_sector_neutral,89.70862252265215,0.02661977792682885,67
13,2021-01-29,tech__momentum_6_1_sector_neutral,416.25252416729927,0.12351710954002819,136
13,2021-01-29,tech__return_3m_sector_neutral,183.19834727048874,0.05436154500835275,135
13,2021-01-29,tech__return_1m_sector_neutral,79.12629325687885,0.02347961985637876,51
13,2021-01-29,tech__return_1w_sector_neutral,147.7084038257599,0.04383040110525866,101
13,2021-01-29,tech__reversal_1m_sector_neutral,92.87867185473442,0.027560445689460186,60
13,2021-01-29,tech__volatility_20d_sector_neutral,75.70842918753624,0.022465416539556967,61
13,2021-01-29,tech__volatility_60d_sector_neutral,241.3493798673153,0.07161704989086763,88
13,2021-01-29,tech__downside_volatility_60d_sector_neutral,131.86669862270355,0.039129596850002536,93
13,2021-01-29,tech__beta_60d_market_sector_neutral,135.97637295722961,0.04034908517855254,94
13,2021-01-29,tech__max_drawdown_126d_sector_neutral,206.10241462290287,0.06115800636733127,119
13,2021-01-29,tech__distance_sma_50d_sector_neutral,183.59372454881668,0.05447886768091688,135
13,2021-01-29,tech__distance_sma_200d_sector_neutral,126.68992668390274,0.037593462245395046,70
13,2021-01-29,tech__sma_50_200_spread_sector_neutral,249.78063318133354,0.07411890628496545,100
13,2021-01-29,tech__positive_day_ratio_60d_sector_neutral,104.63443787395954,0.031048804689873047,89
13,2021-01-29,tech__average_dollar_volume_20d_sector_neutral,418.35549917817116,0.12414113793552545,153
13,2021-01-29,tech__dollar_volume_change_20d_60d_sector_neutral,120.96851649880409,0.035895713865442325,98
13,2021-01-29,tech__amihud_illiquidity_20d_sector_neutral,366.10001105442643,0.10863505334526345,145
13,2021-01-29,tech__zero_volume_ratio_60d_sector_neutral,0.0,0.0,0
14,2021-02-26,tech__momentum_12_1_sector_neutral,3.1820499897003174,0.02766993312988923,2
14,2021-02-26,tech__momentum_6_1_sector_neutral,3.5005500316619873,0.030439492027917826,1
14,2021-02-26,tech__return_3m_sector_neutral,5.193079948425293,0.04515710795751177,1
14,2021-02-26,tech__return_1m_sector_neutral,0.5026950240135193,0.0043712505284972366,1
14,2021-02-26,tech__return_1w_sector_neutral,0.0,0.0,0
14,2021-02-26,tech__reversal_1m_sector_neutral,3.7513298988342285,0.03262018126204012,1
14,2021-02-26,tech__volatility_20d_sector_neutral,6.342810153961182,0.05515473778971562,2
14,2021-02-26,tech__volatility_60d_sector_neutral,19.415319442749023,0.16882845725717172,2
14,2021-02-26,tech__downside_volatility_60d_sector_neutral,0.0,0.0,0
14,2021-02-26,tech__beta_60d_market_sector_neutral,8.117447793483734,0.07058633219405057,2
14,2021-02-26,tech__max_drawdown_126d_sector_neutral,4.580679893493652,0.03983190294076254,2
14,2021-02-26,tech__distance_sma_50d_sector_neutral,0.0,0.0,0
14,2021-02-26,tech__distance_sma_200d_sector_neutral,0.0,0.0,0
14,2021-02-26,tech__sma_50_200_spread_sector_neutral,0.6069599986076355,0.005277900293317714,1
14,2021-02-26,tech__positive_day_ratio_60d_sector_neutral,4.129770040512085,0.03591095716052884,2
14,2021-02-26,tech__average_dollar_volume_20d_sector_neutral,30.761000633239746,0.2674863164580218,2
14,2021-02-26,tech__dollar_volume_change_20d_60d_sector_neutral,0.0,0.0,0
14,2021-02-26,tech__amihud_illiquidity_20d_sector_neutral,24.916584700345993,0.21666543100057506,4
14,2021-02-26,tech__zero_volume_ratio_60d_sector_neutral,0.0,0.0,0
15,2021-03-31,tech__momentum_12_1_sector_neutral,98.19086182117462,0.035866602410182136,48
15,2021-03-31,tech__momentum_6_1_sector_neutral,376.67079704999924,0.13758817742045065,83
15,2021-03-31,tech__return_3m_sector_neutral,107.10036879777908,0.039121016705705766,58
15,2021-03-31,tech__return_1m_sector_neutral,83.65554693341255,0.03055722483352317,43
15,2021-03-31,tech__return_1w_sector_neutral,109.94995903968811,0.04016189890536119,70
15,2021-03-31,tech__reversal_1m_sector_neutral,43.29980108141899,0.015816306334652468,29
15,2021-03-31,tech__volatility_20d_sector_neutral,83.50396871566772,0.030501857199824234,49
15,2021-03-31,tech__volatility_60d_sector_neutral,187.65145057439804,0.06854426007282971,54
15,2021-03-31,tech__downside_volatility_60d_sector_neutral,88.79732245206833,0.03243538350113826,54
15,2021-03-31,tech__beta_60d_market_sector_neutral,118.65876486897469,0.04334300222142496,56
15,2021-03-31,tech__max_drawdown_126d_sector_neutral,193.33672535419464,0.0706209450752586,92
15,2021-03-31,tech__distance_sma_50d_sector_neutral,124.39109921455383,0.04543687687576455,76
15,2021-03-31,tech__distance_sma_200d_sector_neutral,106.45007395744324,0.03888348068600776,47
15,2021-03-31,tech__sma_50_200_spread_sector_neutral,153.21970012784004,0.05596722509576229,59
15,2021-03-31,tech__positive_day_ratio_60d_sector_neutral,76.26173086464405,0.02785645353654136,59
15,2021-03-31,tech__average_dollar_volume_20d_sector_neutral,365.8944707494229,0.13365186192533796,119
15,2021-03-31,tech__dollar_volume_change_20d_60d_sector_neutral,90.07976104319096,0.032903825413248565,60
15,2021-03-31,tech__amihud_illiquidity_20d_sector_neutral,330.5559356659651,0.12074360178698638,99
15,2021-03-31,tech__zero_volume_ratio_60d_sector_neutral,0.0,0.0,0
16,2021-04-30,tech__momentum_12_1_sector_neutral,24.55947995185852,0.043613271021661425,4
16,2021-04-30,tech__momentum_6_1_sector_neutral,71.80498933792114,0.12751289794575957,6
16,2021-04-30,tech__return_3m_sector_neutral,9.210959911346436,0.01635702758245134,2
16,2021-04-30,tech__return_1m_sector_neutral,20.084889769554138,0.03566719420267982,4
16,2021-04-30,tech__return_1w_sector_neutral,2.5808401107788086,0.00458311330026567,1
16,2021-04-30,tech__reversal_1m_sector_neutral,3.2742300033569336,0.005814450501540651,1
16,2021-04-30,tech__volatility_20d_sector_neutral,4.508769989013672,0.00800677408034065,1
16,2021-04-30,tech__volatility_60d_sector_neutral,57.92831039428711,0.102870382679328,4
16,2021-04-30,tech__downside_volatility_60d_sector_neutral,7.371660232543945,0.013090758282819963,1
16,2021-04-30,tech__beta_60d_market_sector_neutral,7.460299968719482,0.013248166698824297,1
16,2021-04-30,tech__max_drawdown_126d_sector_neutral,27.381189823150635,0.048624126202731634,3
16,2021-04-30,tech__distance_sma_50d_sector_neutral,7.201880216598511,0.01278925915238215,2
16,2021-04-30,tech__distance_sma_200d_sector_neutral,9.334919929504395,0.016577158541183797,1
16,2021-04-30,tech__sma_50_200_spread_sector_neutral,45.720139026641846,0.08119084029570729,5
16,2021-04-30,tech__positive_day_ratio_60d_sector_neutral,2.302999973297119,0.004089718601337299,1
16,2021-04-30,tech__average_dollar_volume_20d_sector_neutral,131.2544002532959,0.23308448477954954,11
16,2021-04-30,tech__dollar_volume_change_20d_60d_sector_neutral,3.8589699268341064,0.0068528446698937805,1
16,2021-04-30,tech__amihud_illiquidity_20d_sector_neutral,127.28049278259277,0.2260275314615431,11
16,2021-04-30,tech__zero_volume_ratio_60d_sector_neutral,0.0,0.0,0
17,2021-05-28,tech__momentum_12_1_sector_neutral,24.55947995185852,0.043613271021661425,4
17,2021-05-28,tech__momentum_6_1_sector_neutral,71.80498933792114,0.12751289794575957,6
17,2021-05-28,tech__return_3m_sector_neutral,9.210959911346436,0.01635702758245134,2
17,2021-05-28,tech__return_1m_sector_neutral,20.084889769554138,0.03566719420267982,4
17,2021-05-28,tech__return_1w_sector_neutral,2.5808401107788086,0.00458311330026567,1
17,2021-05-28,tech__reversal_1m_sector_neutral,3.2742300033569336,0.005814450501540651,1
17,2021-05-28,tech__volatility_20d_sector_neutral,4.508769989013672,0.00800677408034065,1
17,2021-05-28,tech__volatility_60d_sector_neutral,57.92831039428711,0.102870382679328,4
17,2021-05-28,tech__downside_volatility_60d_sector_neutral,7.371660232543945,0.013090758282819963,1
17,2021-05-28,tech__beta_60d_market_sector_neutral,7.460299968719482,0.013248166698824297,1
17,2021-05-28,tech__max_drawdown_126d_sector_neutral,27.381189823150635,0.048624126202731634,3
17,2021-05-28,tech__distance_sma_50d_sector_neutral,7.201880216598511,0.01278925915238215,2
17,2021-05-28,tech__distance_sma_200d_sector_neutral,9.334919929504395,0.016577158541183797,1
17,2021-05-28,tech__sma_50_200_spread_sector_neutral,45.720139026641846,0.08119084029570729,5
17,2021-05-28,tech__positive_day_ratio_60d_sector_neutral,2.302999973297119,0.004089718601337299,1
17,2021-05-28,tech__average_dollar_volume_20d_sector_neutral,131.2544002532959,0.23308448477954954,11
17,2021-05-28,tech__dollar_volume_change_20d_60d_sector_neutral,3.8589699268341064,0.0068528446698937805,1
17,2021-05-28,tech__amihud_illiquidity_20d_sector_neutral,127.28049278259277,0.2260275314615431,11
17,2021-05-28,tech__zero_volume_ratio_60d_sector_neutral,0.0,0.0,0
18,2021-06-30,tech__momentum_12_1_sector_neutral,23.263630151748657,0.023812272020346956,5
18,2021-06-30,tech__momentum_6_1_sector_neutral,127.81724047660828,0.13083164060232955,14
18,2021-06-30,tech__return_3m_sector_neutral,26.107149839401245,0.026722852349208737,4
18,2021-06-30,tech__return_1m_sector_neutral,15.428420066833496,0.01579227889539,3
18,2021-06-30,tech__return_1w_sector_neutral,3.436429977416992,0.0035174736215868403,1
18,2021-06-30,tech__reversal_1m_sector_neutral,0.0,0.0,0
18,2021-06-30,tech__volatility_20d_sector_neutral,6.388479948043823,0.006539143776231191,2
18,2021-06-30,tech__volatility_60d_sector_neutral,88.5546202659607,0.0906430635578636,7
18,2021-06-30,tech__downside_volatility_60d_sector_neutral,6.543270111083984,0.00669758446000853,1
18,2021-06-30,tech__beta_60d_market_sector_neutral,28.609599828720093,0.029284319303174027,6
18,2021-06-30,tech__max_drawdown_126d_sector_neutral,46.527639389038086,0.04762493206646448,4
18,2021-06-30,tech__distance_sma_50d_sector_neutral,27.46234965324402,0.028110012753610282,5
18,2021-06-30,tech__distance_sma_200d_sector_neutral,31.197030544281006,0.03193277114112186,3
18,2021-06-30,tech__sma_50_200_spread_sector_neutral,113.05506920814514,0.11572132309974617,14
18,2021-06-30,tech__positive_day_ratio_60d_sector_neutral,4.840680122375488,0.004954841144120717,2
18,2021-06-30,tech__average_dollar_volume_20d_sector_neutral,223.35212182998657,0.2286195854492441,23
18,2021-06-30,tech__dollar_volume_change_20d_60d_sector_neutral,12.85122013092041,0.01315429911646155,3
18,2021-06-30,tech__amihud_illiquidity_20d_sector_neutral,191.5247493982315,0.1960416066430914,20
18,2021-06-30,tech__zero_volume_ratio_60d_sector_neutral,0.0,0.0,0
19,2021-07-30,tech__momentum_12_1_sector_neutral,8.868659853935242,0.01993625195477142,3
19,2021-07-30,tech__momentum_6_1_sector_neutral,4.014043033123016,0.00902334451694258,2
19,2021-07-30,tech__return_3m_sector_neutral,12.255129933357239,0.02754884752756186,3
19,2021-07-30,tech__return_1m_sector_neutral,13.133619546890259,0.029523643106994613,3
19,2021-07-30,tech__return_1w_sector_neutral,34.17236089706421,0.07681755845342915,7
19,2021-07-30,tech__reversal_1m_sector_neutral,0.0,0.0,0
19,2021-07-30,tech__volatility_20d_sector_neutral,12.316853910684586,0.027687599580737354,5
19,2021-07-30,tech__volatility_60d_sector_neutral,35.348888516426086,0.07946232682177941,5
19,2021-07-30,tech__downside_volatility_60d_sector_neutral,0.09340450167655945,0.00020996810226152528,1
19,2021-07-30,tech__beta_60d_market_sector_neutral,19.50879567861557,0.04385468293842131,5
19,2021-07-30,tech__max_drawdown_126d_sector_neutral,17.049442321062088,0.038326193968326996,3
19,2021-07-30,tech__distance_sma_50d_sector_neutral,9.641309976577759,0.02167312627079914,2
19,2021-07-30,tech__distance_sma_200d_sector_neutral,0.0,0.0,0
19,2021-07-30,tech__sma_50_200_spread_sector_neutral,76.38421094417572,0.17170743943616076,8
19,2021-07-30,tech__positive_day_ratio_60d_sector_neutral,8.755011230707169,0.019680776198083966,4
19,2021-07-30,tech__average_dollar_volume_20d_sector_neutral,90.08615696430206,0.20250864870868754,7
19,2021-07-30,tech__dollar_volume_change_20d_60d_sector_neutral,4.037169933319092,0.00907533249673157,1
19,2021-07-30,tech__amihud_illiquidity_20d_sector_neutral,99.1858542561531,0.22296425991831081,13
19,2021-07-30,tech__zero_volume_ratio_60d_sector_neutral,0.0,0.0,0
20,2021-08-31,tech__momentum_12_1_sector_neutral,13.835139989852905,0.01657808172561755,3
20,2021-08-31,tech__momentum_6_1_sector_neutral,114.53173971176147,0.13723869382682882,10
20,2021-08-31,tech__return_3m_sector_neutral,25.203529834747314,0.030200357761535266,3
20,2021-08-31,tech__return_1m_sector_neutral,15.708789825439453,0.01882319960099323,2
20,2021-08-31,tech__return_1w_sector_neutral,0.0,0.0,0
20,2021-08-31,tech__reversal_1m_sector_neutral,8.344409704208374,0.00999876445990868,2
20,2021-08-31,tech__volatility_20d_sector_neutral,6.207970142364502,0.007438756416327849,1
20,2021-08-31,tech__volatility_60d_sector_neutral,45.768539905548096,0.05484256722901663,6
20,2021-08-31,tech__downside_volatility_60d_sector_neutral,12.78888988494873,0.0153244030669803,2
20,2021-08-31,tech__beta_60d_market_sector_neutral,33.11351037025452,0.03967856353768633,6
20,2021-08-31,tech__max_drawdown_126d_sector_neutral,77.60837912559509,0.09299494278196353,8
20,2021-08-31,tech__distance_sma_50d_sector_neutral,6.081959962844849,0.007287763578100792,2
20,2021-08-31,tech__distance_sma_200d_sector_neutral,9.69126033782959,0.011612640423053863,1
20,2021-08-31,tech__sma_50_200_spread_sector_neutral,104.17526006698608,0.12482894834780195,11
20,2021-08-31,tech__positive_day_ratio_60d_sector_neutral,2.1460700035095215,0.0025715478074794275,1
20,2021-08-31,tech__average_dollar_volume_20d_sector_neutral,184.91380190849304,0.2215746369376812,18
20,2021-08-31,tech__dollar_volume_change_20d_60d_sector_neutral,9.28786039352417,0.011129262788298473,2
20,2021-08-31,tech__amihud_illiquidity_20d_sector_neutral,165.13697052001953,0.1978768697107261,16
20,2021-08-31,tech__zero_volume_ratio_60d_sector_neutral,0.0,0.0,0
21,2021-09-30,tech__momentum_12_1_sector_neutral,3.1713900566101074,0.013754366846551963,1
21,2021-09-30,tech__momentum_6_1_sector_neutral,0.0,0.0,0
21,2021-09-30,tech__return_3m_sector_neutral,0.0,0.0,0
21,2021-09-30,tech__return_1m_sector_neutral,10.93759036064148,0.047436495527887895,2
21,2021-09-30,tech__return_1w_sector_neutral,10.646499633789062,0.04617403062407937,1
21,2021-09-30,tech__reversal_1m_sector_neutral,8.35595989227295,0.036239924973545015,1
21,2021-09-30,tech__volatility_20d_sector_neutral,7.8587799072265625,0.03408364782660814,1
21,2021-09-30,tech__volatility_60d_sector_neutral,3.5773000717163086,0.015514804747535936,1
21,2021-09-30,tech__downside_volatility_60d_sector_neutral,0.0,0.0,0
21,2021-09-30,tech__beta_60d_market_sector_neutral,7.419970273971558,0.0321805237819923,2
21,2021-09-30,tech__max_drawdown_126d_sector_neutral,0.0,0.0,0
21,2021-09-30,tech__distance_sma_50d_sector_neutral,0.0,0.0,0
21,2021-09-30,tech__distance_sma_200d_sector_neutral,0.0,0.0,0
21,2021-09-30,tech__sma_50_200_spread_sector_neutral,0.0,0.0,0
21,2021-09-30,tech__positive_day_ratio_60d_sector_neutral,2.0577199459075928,0.008924362660622303,1
21,2021-09-30,tech__average_dollar_volume_20d_sector_neutral,103.8633804321289,0.4504570585409127,7
21,2021-09-30,tech__dollar_volume_change_20d_60d_sector_neutral,7.115530014038086,0.03086016175044186,1
21,2021-09-30,tech__amihud_illiquidity_20d_sector_neutral,65.56920146942139,0.2843746227198225,4
21,2021-09-30,tech__zero_volume_ratio_60d_sector_neutral,0.0,0.0,0
22,2021-10-29,tech__momentum_12_1_sector_neutral,14.681690216064453,0.011499370429303992,2
22,2021-10-29,tech__momentum_6_1_sector_neutral,115.56338047981262,0.09051451846776451,18
22,2021-10-29,tech__return_3m_sector_neutral,36.90257012844086,0.02890377861507977,9
22,2021-10-29,tech__return_1m_sector_neutral,25.86388212442398,0.020257773928724854,7
22,2021-10-29,tech__return_1w_sector_neutral,22.067233681678772,0.01728406543941234,7
22,2021-10-29,tech__reversal_1m_sector_neutral,22.191331923007965,0.01738126485076541,6
22,2021-10-29,tech__volatility_20d_sector_neutral,10.698209762573242,0.008379326574784744,4
22,2021-10-29,tech__volatility_60d_sector_neutral,74.10709857940674,0.05804406478166251,9
22,2021-10-29,tech__downside_volatility_60d_sector_neutral,13.943360090255737,0.010921076548228974,6
22,2021-10-29,tech__beta_60d_market_sector_neutral,43.94632053375244,0.034420765687427246,12
22,2021-10-29,tech__max_drawdown_126d_sector_neutral,84.27134943008423,0.06600517034568114,18
22,2021-10-29,tech__distance_sma_50d_sector_neutral,12.250290155410767,0.009594986836691743,4
22,2021-10-29,tech__distance_sma_200d_sector_neutral,12.806919932365417,0.010030964704565474,4
22,2021-10-29,tech__sma_50_200_spread_sector_neutral,219.64162230491638,0.1720333517059153,23
22,2021-10-29,tech__positive_day_ratio_60d_sector_neutral,8.122359871864319,0.006361803276879049,3
22,2021-10-29,tech__average_dollar_volume_20d_sector_neutral,277.0277910232544,0.21698082041688493,42
22,2021-10-29,tech__dollar_volume_change_20d_60d_sector_neutral,18.603650212287903,0.014571228651468182,6
22,2021-10-29,tech__amihud_illiquidity_20d_sector_neutral,264.0495494008064,0.20681566873875984,40
22,2021-10-29,tech__zero_volume_ratio_60d_sector_neutral,0.0,0.0,0
23,2021-11-30,tech__momentum_12_1_sector_neutral,0.0,0.0,0
23,2021-11-30,tech__momentum_6_1_sector_neutral,77.35123062133789,0.1290025408495881,7
23,2021-11-30,tech__return_3m_sector_neutral,15.334290027618408,0.025573767344065818,2
23,2021-11-30,tech__return_1m_sector_neutral,7.950140118598938,0.013258848853098824,2
23,2021-11-30,tech__return_1w_sector_neutral,0.0,0.0,0
23,2021-11-30,tech__reversal_1m_sector_neutral,0.0,0.0,0
23,2021-11-30,tech__volatility_20d_sector_neutral,15.31294059753418,0.025538161824871966,2
23,2021-11-30,tech__volatility_60d_sector_neutral,69.8653302192688,0.11651792793966147,4
23,2021-11-30,tech__downside_volatility_60d_sector_neutral,0.0,0.0,0
23,2021-11-30,tech__beta_60d_market_sector_neutral,8.881479978561401,0.014812091217371105,2
23,2021-11-30,tech__max_drawdown_126d_sector_neutral,10.299870014190674,0.017177611675702878,2
23,2021-11-30,tech__distance_sma_50d_sector_neutral,0.0,0.0,0
23,2021-11-30,tech__distance_sma_200d_sector_neutral,11.224599838256836,0.018719830150388913,1
23,2021-11-30,tech__sma_50_200_spread_sector_neutral,40.07275080680847,0.06683134361775278,8
23,2021-11-30,tech__positive_day_ratio_60d_sector_neutral,2.2054998874664307,0.003678223178108877,1
23,2021-11-30,tech__average_dollar_volume_20d_sector_neutral,156.83901929855347,0.2615683271144966,9
23,2021-11-30,tech__dollar_volume_change_20d_60d_sector_neutral,5.855160236358643,0.009764945450827466,1
23,2021-11-30,tech__amihud_illiquidity_20d_sector_neutral,178.41782093048096,0.2975563807840652,15
23,2021-11-30,tech__zero_volume_ratio_60d_sector_neutral,0.0,0.0,0
24,2021-12-31,tech__momentum_12_1_sector_neutral,44.34705287218094,0.02336542576513567,24
24,2021-12-31,tech__momentum_6_1_sector_neutral,248.14434558153152,0.1307414565390556,49
24,2021-12-31,tech__return_3m_sector_neutral,42.34207370877266,0.02230904910041603,17
24,2021-12-31,tech__return_1m_sector_neutral,41.951720491051674,0.022103381112576346,24
24,2021-12-31,tech__return_1w_sector_neutral,60.648857317864895,0.031954465553444264,30
24,2021-12-31,tech__reversal_1m_sector_neutral,26.894503980875015,0.01417008562139378,16
24,2021-12-31,tech__volatility_20d_sector_neutral,32.89210603386164,0.01733008197880206,23
24,2021-12-31,tech__volatility_60d_sector_neutral,230.59188345074654,0.12149347444441046,42
24,2021-12-31,tech__downside_volatility_60d_sector_neutral,37.55945363640785,0.019789198354397516,17
24,2021-12-31,tech__beta_60d_market_sector_neutral,76.3908204510808,0.040248538037737626,40
24,2021-12-31,tech__max_drawdown_126d_sector_neutral,91.74574589729309,0.04833868940984214,34
24,2021-12-31,tech__distance_sma_50d_sector_neutral,59.60078921914101,0.031402262965639346,30
24,2021-12-31,tech__distance_sma_200d_sector_neutral,36.17312169075012,0.01905877245088902,15
24,2021-12-31,tech__sma_50_200_spread_sector_neutral,97.73213893175125,0.05149277999734319,36
24,2021-12-31,tech__positive_day_ratio_60d_sector_neutral,21.576022922992706,0.011367902245208632,14
24,2021-12-31,tech__average_dollar_volume_20d_sector_neutral,334.0843097381294,0.17602121523118391,69
24,2021-12-31,tech__dollar_volume_change_20d_60d_sector_neutral,39.599775075912476,0.02086419603844126,20
24,2021-12-31,tech__amihud_illiquidity_20d_sector_neutral,375.7028000578284,0.19794902515408314,71
24,2021-12-31,tech__zero_volume_ratio_60d_sector_neutral,0.0,0.0,0
25,2022-01-31,tech__momentum_12_1_sector_neutral,44.34705287218094,0.02336542576513567,24
25,2022-01-31,tech__momentum_6_1_sector_neutral,248.14434558153152,0.1307414565390556,49
25,2022-01-31,tech__return_3m_sector_neutral,42.34207370877266,0.02230904910041603,17
25,2022-01-31,tech__return_1m_sector_neutral,41.951720491051674,0.022103381112576346,24
25,2022-01-31,tech__return_1w_sector_neutral,60.648857317864895,0.031954465553444264,30
25,2022-01-31,tech__reversal_1m_sector_neutral,26.894503980875015,0.01417008562139378,16
25,2022-01-31,tech__volatility_20d_sector_neutral,32.89210603386164,0.01733008197880206,23
25,2022-01-31,tech__volatility_60d_sector_neutral,230.59188345074654,0.12149347444441046,42
25,2022-01-31,tech__downside_volatility_60d_sector_neutral,37.55945363640785,0.019789198354397516,17
25,2022-01-31,tech__beta_60d_market_sector_neutral,76.3908204510808,0.040248538037737626,40
25,2022-01-31,tech__max_drawdown_126d_sector_neutral,91.74574589729309,0.04833868940984214,34
25,2022-01-31,tech__distance_sma_50d_sector_neutral,59.60078921914101,0.031402262965639346,30
25,2022-01-31,tech__distance_sma_200d_sector_neutral,36.17312169075012,0.01905877245088902,15
25,2022-01-31,tech__sma_50_200_spread_sector_neutral,97.73213893175125,0.05149277999734319,36
25,2022-01-31,tech__positive_day_ratio_60d_sector_neutral,21.576022922992706,0.011367902245208632,14
25,2022-01-31,tech__average_dollar_volume_20d_sector_neutral,334.0843097381294,0.17602121523118391,69
25,2022-01-31,tech__dollar_volume_change_20d_60d_sector_neutral,39.599775075912476,0.02086419603844126,20
25,2022-01-31,tech__amihud_illiquidity_20d_sector_neutral,375.7028000578284,0.19794902515408314,71
25,2022-01-31,tech__zero_volume_ratio_60d_sector_neutral,0.0,0.0,0
26,2022-02-28,tech__momentum_12_1_sector_neutral,3.6000499725341797,0.0051067017600183754,1
26,2022-02-28,tech__momentum_6_1_sector_neutral,13.863619804382324,0.019665663586727517,2
26,2022-02-28,tech__return_3m_sector_neutral,9.129979848861694,0.01295095471419089,2
26,2022-02-28,tech__return_1m_sector_neutral,10.681100368499756,0.015151232473685545,2
26,2022-02-28,tech__return_1w_sector_neutral,13.469020366668701,0.019105920900251438,2
26,2022-02-28,tech__reversal_1m_sector_neutral,5.952340126037598,0.00844344551597071,1
26,2022-02-28,tech__volatility_20d_sector_neutral,12.184679985046387,0.01728407305443488,2
26,2022-02-28,tech__volatility_60d_sector_neutral,38.76949977874756,0.054994867922845886,3
26,2022-02-28,tech__downside_volatility_60d_sector_neutral,3.4241199493408203,0.004857143513345156,1
26,2022-02-28,tech__beta_60d_market_sector_neutral,50.30387997627258,0.07135648515171976,10
26,2022-02-28,tech__max_drawdown_126d_sector_neutral,133.08589839935303,0.1887834882223014,9
26,2022-02-28,tech__distance_sma_50d_sector_neutral,5.239500045776367,0.0074322757488135115,1
26,2022-02-28,tech__distance_sma_200d_sector_neutral,4.796639919281006,0.006804074861417538,1
26,2022-02-28,tech__sma_50_200_spread_sector_neutral,10.101210117340088,0.014328653179284804,2
26,2022-02-28,tech__positive_day_ratio_60d_sector_neutral,5.247390031814575,0.00744346776167312,2
26,2022-02-28,tech__average_dollar_volume_20d_sector_neutral,168.33220982551575,0.23878068325219123,19
26,2022-02-28,tech__dollar_volume_change_20d_60d_sector_neutral,11.539430141448975,0.016368780617638242,2
26,2022-02-28,tech__amihud_illiquidity_20d_sector_neutral,205.24520802497864,0.29114208776349,21
26,2022-02-28,tech__zero_volume_ratio_60d_sector_neutral,0.0,0.0,0
27,2022-03-31,tech__momentum_12_1_sector_neutral,0.0,0.0,0
27,2022-03-31,tech__momentum_6_1_sector_neutral,14.58715009689331,0.0626336682219513,2
27,2022-03-31,tech__return_3m_sector_neutral,5.27938985824585,0.022668413679113972,1
27,2022-03-31,tech__return_1m_sector_neutral,8.867919921875,0.03807668739377978,2
27,2022-03-31,tech__return_1w_sector_neutral,5.267380237579346,0.022616847294227218,1
27,2022-03-31,tech__reversal_1m_sector_neutral,0.0,0.0,0
27,2022-03-31,tech__volatility_20d_sector_neutral,5.100190162658691,0.021898973849926836,1
27,2022-03-31,tech__volatility_60d_sector_neutral,2.8839099407196045,0.012382806594105622,1
27,2022-03-31,tech__downside_volatility_60d_sector_neutral,0.0,0.0,0
27,2022-03-31,tech__beta_60d_market_sector_neutral,2.797600030899048,0.01201221287154438,1
27,2022-03-31,tech__max_drawdown_126d_sector_neutral,12.14866018295288,0.05216338669212407,2
27,2022-03-31,tech__distance_sma_50d_sector_neutral,0.0,0.0,0
27,2022-03-31,tech__distance_sma_200d_sector_neutral,0.0,0.0,0
27,2022-03-31,tech__sma_50_200_spread_sector_neutral,25.221959590911865,0.1082969489195207,2
27,2022-03-31,tech__positive_day_ratio_60d_sector_neutral,1.805649995803833,0.007753021118650946,1
27,2022-03-31,tech__average_dollar_volume_20d_sector_neutral,80.67528915405273,0.3464000343467421,4
27,2022-03-31,tech__dollar_volume_change_20d_60d_sector_neutral,0.0,0.0,0
27,2022-03-31,tech__amihud_illiquidity_20d_sector_neutral,68.26120901107788,0.2930969990183131,4
27,2022-03-31,tech__zero_volume_ratio_60d_sector_neutral,0.0,0.0,0
28,2022-04-29,tech__momentum_12_1_sector_neutral,0.0,0.0,0
28,2022-04-29,tech__momentum_6_1_sector_neutral,14.58715009689331,0.0626336682219513,2
28,2022-04-29,tech__return_3m_sector_neutral,5.27938985824585,0.022668413679113972,1
28,2022-04-29,tech__return_1m_sector_neutral,8.867919921875,0.03807668739377978,2
28,2022-04-29,tech__return_1w_sector_neutral,5.267380237579346,0.022616847294227218,1
28,2022-04-29,tech__reversal_1m_sector_neutral,0.0,0.0,0
28,2022-04-29,tech__volatility_20d_sector_neutral,5.100190162658691,0.021898973849926836,1
28,2022-04-29,tech__volatility_60d_sector_neutral,2.8839099407196045,0.012382806594105622,1
28,2022-04-29,tech__downside_volatility_60d_sector_neutral,0.0,0.0,0
28,2022-04-29,tech__beta_60d_market_sector_neutral,2.797600030899048,0.01201221287154438,1
28,2022-04-29,tech__max_drawdown_126d_sector_neutral,12.14866018295288,0.05216338669212407,2
28,2022-04-29,tech__distance_sma_50d_sector_neutral,0.0,0.0,0
28,2022-04-29,tech__distance_sma_200d_sector_neutral,0.0,0.0,0
28,2022-04-29,tech__sma_50_200_spread_sector_neutral,25.221959590911865,0.1082969489195207,2
28,2022-04-29,tech__positive_day_ratio_60d_sector_neutral,1.805649995803833,0.007753021118650946,1
28,2022-04-29,tech__average_dollar_volume_20d_sector_neutral,80.67528915405273,0.3464000343467421,4
28,2022-04-29,tech__dollar_volume_change_20d_60d_sector_neutral,0.0,0.0,0
28,2022-04-29,tech__amihud_illiquidity_20d_sector_neutral,68.26120901107788,0.2930969990183131,4
28,2022-04-29,tech__zero_volume_ratio_60d_sector_neutral,0.0,0.0,0
29,2022-05-31,tech__momentum_12_1_sector_neutral,44.923243939876556,0.028359971193923184,14
29,2022-05-31,tech__momentum_6_1_sector_neutral,98.23331326246262,0.062014531678424634,26
29,2022-05-31,tech__return_3m_sector_neutral,44.513400077819824,0.028101237427112152,13
29,2022-05-31,tech__return_1m_sector_neutral,42.60282212495804,0.026895092657615485,15
29,2022-05-31,tech__return_1w_sector_neutral,25.149152100086212,0.015876619018532916,10
29,2022-05-31,tech__reversal_1m_sector_neutral,40.73143947124481,0.025713691817036286,14
29,2022-05-31,tech__volatility_20d_sector_neutral,27.43531024456024,0.017319866955142513,8
29,2022-05-31,tech__volatility_60d_sector_neutral,195.78690493106842,0.12359995621473223,17
29,2022-05-31,tech__downside_volatility_60d_sector_neutral,43.11210197210312,0.02721660020088218,18
29,2022-05-31,tech__beta_60d_market_sector_neutral,88.56430065631866,0.055910499668828044,20
29,2022-05-31,tech__max_drawdown_126d_sector_neutral,56.4134833663702,0.0356137407476705,15
29,2022-05-31,tech__distance_sma_50d_sector_neutral,43.153239727020264,0.027242570398982615,13
29,2022-05-31,tech__distance_sma_200d_sector_neutral,16.11263817548752,0.010171882402938258,6
29,2022-05-31,tech__sma_50_200_spread_sector_neutral,168.45950990915298,0.10634821596499168,30
29,2022-05-31,tech__positive_day_ratio_60d_sector_neutral,19.311198711395264,0.012191128492596591,9
29,2022-05-31,tech__average_dollar_volume_20d_sector_neutral,268.77670311927795,0.1696782976817527,32
29,2022-05-31,tech__dollar_volume_change_20d_60d_sector_neutral,33.28869503736496,0.021015099301521147,14
29,2022-05-31,tech__amihud_illiquidity_20d_sector_neutral,327.46955198049545,0.20673099817731688,40
29,2022-05-31,tech__zero_volume_ratio_60d_sector_neutral,0.0,0.0,0
30,2022-06-30,tech__momentum_12_1_sector_neutral,10.756910890340805,0.016705131932931338,7
30,2022-06-30,tech__momentum_6_1_sector_neutral,60.673659801483154,0.09422421568516466,5
30,2022-06-30,tech__return_3m_sector_neutral,9.33175015449524,0.014491903770995768,4
30,2022-06-30,tech__return_1m_sector_neutral,9.684228241443634,0.015039290749094424,3
30,2022-06-30,tech__return_1w_sector_neutral,24.084360241889954,0.03740222629549652,7
30,2022-06-30,tech__reversal_1m_sector_neutral,25.646719574928284,0.039828519406141134,5
30,2022-06-30,tech__volatility_20d_sector_neutral,8.560269832611084,0.013293819981688963,2
30,2022-06-30,tech__volatility_60d_sector_neutral,36.93162941932678,0.05735361650173861,6
30,2022-06-30,tech__downside_volatility_60d_sector_neutral,15.770600318908691,0.024491228167137113,4
30,2022-06-30,tech__beta_60d_market_sector_neutral,17.291779816150665,0.026853570335269757,7
30,2022-06-30,tech__max_drawdown_126d_sector_neutral,34.05767595767975,0.05289046046787866,9
30,2022-06-30,tech__distance_sma_50d_sector_neutral,5.8144601583480835,0.00902966707209566,2
30,2022-06-30,tech__distance_sma_200d_sector_neutral,5.400020003318787,0.008386055022256545,2
30,2022-06-30,tech__sma_50_200_spread_sector_neutral,37.92841562628746,0.05890159298550372,4
30,2022-06-30,tech__positive_day_ratio_60d_sector_neutral,10.277589797973633,0.01596076190255204,3
30,2022-06-30,tech__average_dollar_volume_20d_sector_neutral,144.0736997127533,0.2237417587913869,15
30,2022-06-30,tech__dollar_volume_change_20d_60d_sector_neutral,16.42718005180359,0.02551087508755058,5
30,2022-06-30,tech__amihud_illiquidity_20d_sector_neutral,171.21757090091705,0.2658953058451176,16
30,2022-06-30,tech__zero_volume_ratio_60d_sector_neutral,0.0,0.0,0
31,2022-07-29,tech__momentum_12_1_sector_neutral,10.756910890340805,0.016705131932931338,7
31,2022-07-29,tech__momentum_6_1_sector_neutral,60.673659801483154,0.09422421568516466,5
31,2022-07-29,tech__return_3m_sector_neutral,9.33175015449524,0.014491903770995768,4
31,2022-07-29,tech__return_1m_sector_neutral,9.684228241443634,0.015039290749094424,3
31,2022-07-29,tech__return_1w_sector_neutral,24.084360241889954,0.03740222629549652,7
31,2022-07-29,tech__reversal_1m_sector_neutral,25.646719574928284,0.039828519406141134,5
31,2022-07-29,tech__volatility_20d_sector_neutral,8.560269832611084,0.013293819981688963,2
31,2022-07-29,tech__volatility_60d_sector_neutral,36.93162941932678,0.05735361650173861,6
31,2022-07-29,tech__downside_volatility_60d_sector_neutral,15.770600318908691,0.024491228167137113,4
31,2022-07-29,tech__beta_60d_market_sector_neutral,17.291779816150665,0.026853570335269757,7
31,2022-07-29,tech__max_drawdown_126d_sector_neutral,34.05767595767975,0.05289046046787866,9
31,2022-07-29,tech__distance_sma_50d_sector_neutral,5.8144601583480835,0.00902966707209566,2
31,2022-07-29,tech__distance_sma_200d_sector_neutral,5.400020003318787,0.008386055022256545,2
31,2022-07-29,tech__sma_50_200_spread_sector_neutral,37.92841562628746,0.05890159298550372,4
31,2022-07-29,tech__positive_day_ratio_60d_sector_neutral,10.277589797973633,0.01596076190255204,3
31,2022-07-29,tech__average_dollar_volume_20d_sector_neutral,144.0736997127533,0.2237417587913869,15
31,2022-07-29,tech__dollar_volume_change_20d_60d_sector_neutral,16.42718005180359,0.02551087508755058,5
31,2022-07-29,tech__amihud_illiquidity_20d_sector_neutral,171.21757090091705,0.2658953058451176,16
31,2022-07-29,tech__zero_volume_ratio_60d_sector_neutral,0.0,0.0,0
32,2022-08-31,tech__momentum_12_1_sector_neutral,85.37395000457764,0.04240649547188906,33
32,2022-08-31,tech__momentum_6_1_sector_neutral,210.0000529885292,0.10431011210886966,37
32,2022-08-31,tech__return_3m_sector_neutral,45.02326339483261,0.02236371651048434,17
32,2022-08-31,tech__return_1m_sector_neutral,55.143653482198715,0.027390662978237446,20
32,2022-08-31,tech__return_1w_sector_neutral,91.89227974414825,0.045644245635382254,34
32,2022-08-31,tech__reversal_1m_sector_neutral,54.01048004627228,0.026827799081499588,18
32,2022-08-31,tech__volatility_20d_sector_neutral,41.57715940475464,0.0206519860207616,13
32,2022-08-31,tech__volatility_60d_sector_neutral,177.11840665340424,0.08797731520367821,19
32,2022-08-31,tech__downside_volatility_60d_sector_neutral,22.242091666907072,0.011047973761404532,12
32,2022-08-31,tech__beta_60d_market_sector_neutral,112.19653171300888,0.05572966594370131,36
32,2022-08-31,tech__max_drawdown_126d_sector_neutral,106.337073802948,0.05281918709954102,35
32,2022-08-31,tech__distance_sma_50d_sector_neutral,73.58370089530945,0.036550105490661566,26
32,2022-08-31,tech__distance_sma_200d_sector_neutral,57.877149879932404,0.0287484308056216,21
32,2022-08-31,tech__sma_50_200_spread_sector_neutral,73.512366771698,0.036514672783263605,22
32,2022-08-31,tech__positive_day_ratio_60d_sector_neutral,51.54730597138405,0.025604304324051662,20
32,2022-08-31,tech__average_dollar_volume_20d_sector_neutral,307.92053586244583,0.1529486548186223,48
32,2022-08-31,tech__dollar_volume_change_20d_60d_sector_neutral,49.268777524121106,0.024472525763070876,18
32,2022-08-31,tech__amihud_illiquidity_20d_sector_neutral,398.60336023569107,0.1979921461992594,67
32,2022-08-31,tech__zero_volume_ratio_60d_sector_neutral,0.0,0.0,0
33,2022-09-30,tech__momentum_12_1_sector_neutral,4.578159928321838,0.02027920271769233,2
33,2022-09-30,tech__momentum_6_1_sector_neutral,50.35931921005249,0.22306928088464095,4
33,2022-09-30,tech__return_3m_sector_neutral,0.0,0.0,0
33,2022-09-30,tech__return_1m_sector_neutral,1.0454299449920654,0.004630787502744851,1
33,2022-09-30,tech__return_1w_sector_neutral,0.0,0.0,0
33,2022-09-30,tech__reversal_1m_sector_neutral,3.770090103149414,0.01669981448065261,1
33,2022-09-30,tech__volatility_20d_sector_neutral,11.936520099639893,0.05287345017087173,2
33,2022-09-30,tech__volatility_60d_sector_neutral,0.6006870269775391,0.0026607751106743544,1
33,2022-09-30,tech__downside_volatility_60d_sector_neutral,0.0,0.0,0
33,2022-09-30,tech__beta_60d_market_sector_neutral,4.125691056251526,0.01827496780152091,2
33,2022-09-30,tech__max_drawdown_126d_sector_neutral,17.89381980895996,0.07926162584555482,3
33,2022-09-30,tech__distance_sma_50d_sector_neutral,5.941720008850098,0.026319164563437955,1
33,2022-09-30,tech__distance_sma_200d_sector_neutral,0.0,0.0,0
33,2022-09-30,tech__sma_50_200_spread_sector_neutral,2.4484000205993652,0.010845318016213731,1
33,2022-09-30,tech__positive_day_ratio_60d_sector_neutral,7.617579817771912,0.033742474653877745,2
33,2022-09-30,tech__average_dollar_volume_20d_sector_neutral,56.94642877578735,0.25224723279078,3
33,2022-09-30,tech__dollar_volume_change_20d_60d_sector_neutral,7.697579503059387,0.03409683751159708,3
33,2022-09-30,tech__amihud_illiquidity_20d_sector_neutral,50.79498100280762,0.22499906794974092,4
33,2022-09-30,tech__zero_volume_ratio_60d_sector_neutral,0.0,0.0,0
34,2022-10-31,tech__momentum_12_1_sector_neutral,4.599690079689026,0.02551897318442809,2
34,2022-10-31,tech__momentum_6_1_sector_neutral,21.266740322113037,0.11798737884463929,4
34,2022-10-31,tech__return_3m_sector_neutral,5.152720212936401,0.028587171453445945,2
34,2022-10-31,tech__return_1m_sector_neutral,1.4138760268688202,0.007844151190771202,2
34,2022-10-31,tech__return_1w_sector_neutral,2.9342899322509766,0.016279372044455755,1
34,2022-10-31,tech__reversal_1m_sector_neutral,7.731659889221191,0.042895068573292464,1
34,2022-10-31,tech__volatility_20d_sector_neutral,4.361700057983398,0.024198610099774795,1
34,2022-10-31,tech__volatility_60d_sector_neutral,32.55458843708038,0.1806120966767641,7
34,2022-10-31,tech__downside_volatility_60d_sector_neutral,0.0,0.0,0
34,2022-10-31,tech__beta_60d_market_sector_neutral,14.190250754356384,0.07872717992017696,2
34,2022-10-31,tech__max_drawdown_126d_sector_neutral,7.281856015324593,0.04039956718138234,3
34,2022-10-31,tech__distance_sma_50d_sector_neutral,0.0,0.0,0
34,2022-10-31,tech__distance_sma_200d_sector_neutral,0.0,0.0,0
34,2022-10-31,tech__sma_50_200_spread_sector_neutral,2.1408979892730713,0.011877652066190765,2
34,2022-10-31,tech__positive_day_ratio_60d_sector_neutral,3.3534759283065796,0.018605006164864563,4
34,2022-10-31,tech__average_dollar_volume_20d_sector_neutral,38.0872505903244,0.21130717714546376,3
34,2022-10-31,tech__dollar_volume_change_20d_60d_sector_neutral,0.06406550109386444,0.0003554339044885837,1
34,2022-10-31,tech__amihud_illiquidity_20d_sector_neutral,35.11283007264137,0.19480516154986138,6
34,2022-10-31,tech__zero_volume_ratio_60d_sector_neutral,0.0,0.0,0
35,2022-11-30,tech__momentum_12_1_sector_neutral,4.9084800481796265,0.02243242074417011,2
35,2022-11-30,tech__momentum_6_1_sector_neutral,40.330180644989014,0.18431440528159027,3
35,2022-11-30,tech__return_3m_sector_neutral,0.0,0.0,0
35,2022-11-30,tech__return_1m_sector_neutral,1.057979941368103,0.0048351120816847205,1
35,2022-11-30,tech__return_1w_sector_neutral,11.321229696273804,0.05173955794775869,2
35,2022-11-30,tech__reversal_1m_sector_neutral,0.0,0.0,0
35,2022-11-30,tech__volatility_20d_sector_neutral,3.964400053024292,0.018117846892467752,1
35,2022-11-30,tech__volatility_60d_sector_neutral,10.974472969770432,0.05015483259317982,4
35,2022-11-30,tech__downside_volatility_60d_sector_neutral,0.0,0.0,0
35,2022-11-30,tech__beta_60d_market_sector_neutral,5.964651823043823,0.027259269259253153,2
35,2022-11-30,tech__max_drawdown_126d_sector_neutral,18.157410144805908,0.08298183144165103,3
35,2022-11-30,tech__distance_sma_50d_sector_neutral,0.0,0.0,0
35,2022-11-30,tech__distance_sma_200d_sector_neutral,0.0,0.0,0
35,2022-11-30,tech__sma_50_200_spread_sector_neutral,3.242219924926758,0.014817385583152536,1
35,2022-11-30,tech__positive_day_ratio_60d_sector_neutral,1.7309499979019165,0.007910676677693036,1
35,2022-11-30,tech__average_dollar_volume_20d_sector_neutral,49.83123064041138,0.2277354946853768,3
35,2022-11-30,tech__dollar_volume_change_20d_60d_sector_neutral,5.444129943847656,0.024880413547085208,1
35,2022-11-30,tech__amihud_illiquidity_20d_sector_neutral,61.88453936576843,0.2828207532649369,5
35,2022-11-30,tech__zero_volume_ratio_60d_sector_neutral,0.0,0.0,0
36,2022-12-30,tech__momentum_12_1_sector_neutral,3.6088900566101074,0.005183808370642328,1
36,2022-12-30,tech__momentum_6_1_sector_neutral,65.83818054199219,0.09456993869245822,7
36,2022-12-30,tech__return_3m_sector_neutral,16.350690364837646,0.023486125719951054,2
36,2022-12-30,tech__return_1m_sector_neutral,6.4870898723602295,0.009318053543874714,2
36,2022-12-30,tech__return_1w_sector_neutral,9.041849851608276,0.012987709853063526,2
36,2022-12-30,tech__reversal_1m_sector_neutral,6.3838300704956055,0.009169731201863691,1
36,2022-12-30,tech__volatility_20d_sector_neutral,13.95913028717041,0.020050889690303057,2
36,2022-12-30,tech__volatility_60d_sector_neutral,88.02031087875366,0.1264323426766886,8
36,2022-12-30,tech__downside_volatility_60d_sector_neutral,2.903589963912964,0.00417071557286047,1
36,2022-12-30,tech__beta_60d_market_sector_neutral,4.866509914398193,0.006990253079022153,1
36,2022-12-30,tech__max_drawdown_126d_sector_neutral,58.08758044242859,0.0834369795157083,7
36,2022-12-30,tech__distance_sma_50d_sector_neutral,13.039469718933105,0.018729889583068905,2
36,2022-12-30,tech__distance_sma_200d_sector_neutral,20.975430011749268,0.030129100074293362,5
36,2022-12-30,tech__sma_50_200_spread_sector_neutral,74.40504860877991,0.10687538488178237,9
36,2022-12-30,tech__positive_day_ratio_60d_sector_neutral,1.5242700576782227,0.0021894609589558603,1
36,2022-12-30,tech__average_dollar_volume_20d_sector_neutral,139.25065994262695,0.20001959752304088,14
36,2022-12-30,tech__dollar_volume_change_20d_60d_sector_neutral,16.073750019073486,0.02308832870756733,3
36,2022-12-30,tech__amihud_illiquidity_20d_sector_neutral,155.36880159378052,0.22317169035485515,20
36,2022-12-30,tech__zero_volume_ratio_60d_sector_neutral,0.0,0.0,0
37,2023-01-31,tech__momentum_12_1_sector_neutral,3.6088900566101074,0.005183808370642328,1
37,2023-01-31,tech__momentum_6_1_sector_neutral,65.83818054199219,0.09456993869245822,7
37,2023-01-31,tech__return_3m_sector_neutral,16.350690364837646,0.023486125719951054,2
37,2023-01-31,tech__return_1m_sector_neutral,6.4870898723602295,0.009318053543874714,2
37,2023-01-31,tech__return_1w_sector_neutral,9.041849851608276,0.012987709853063526,2
37,2023-01-31,tech__reversal_1m_sector_neutral,6.3838300704956055,0.009169731201863691,1
37,2023-01-31,tech__volatility_20d_sector_neutral,13.95913028717041,0.020050889690303057,2
37,2023-01-31,tech__volatility_60d_sector_neutral,88.02031087875366,0.1264323426766886,8
37,2023-01-31,tech__downside_volatility_60d_sector_neutral,2.903589963912964,0.00417071557286047,1
37,2023-01-31,tech__beta_60d_market_sector_neutral,4.866509914398193,0.006990253079022153,1
37,2023-01-31,tech__max_drawdown_126d_sector_neutral,58.08758044242859,0.0834369795157083,7
37,2023-01-31,tech__distance_sma_50d_sector_neutral,13.039469718933105,0.018729889583068905,2
37,2023-01-31,tech__distance_sma_200d_sector_neutral,20.975430011749268,0.030129100074293362,5
37,2023-01-31,tech__sma_50_200_spread_sector_neutral,74.40504860877991,0.10687538488178237,9
37,2023-01-31,tech__positive_day_ratio_60d_sector_neutral,1.5242700576782227,0.0021894609589558603,1
37,2023-01-31,tech__average_dollar_volume_20d_sector_neutral,139.25065994262695,0.20001959752304088,14
37,2023-01-31,tech__dollar_volume_change_20d_60d_sector_neutral,16.073750019073486,0.02308832870756733,3
37,2023-01-31,tech__amihud_illiquidity_20d_sector_neutral,155.36880159378052,0.22317169035485515,20
37,2023-01-31,tech__zero_volume_ratio_60d_sector_neutral,0.0,0.0,0
38,2023-02-28,tech__momentum_12_1_sector_neutral,64.46264547109604,0.022596224402222614,32
38,2023-02-28,tech__momentum_6_1_sector_neutral,279.2442477941513,0.0978840635545393,76
38,2023-02-28,tech__return_3m_sector_neutral,94.9311876296997,0.03327642548291032,51
38,2023-02-28,tech__return_1m_sector_neutral,60.597025737166405,0.02124120072419656,33
38,2023-02-28,tech__return_1w_sector_neutral,118.94309762120247,0.04169336994010377,56
38,2023-02-28,tech__reversal_1m_sector_neutral,41.566694378852844,0.014570459325382607,23
38,2023-02-28,tech__volatility_20d_sector_neutral,74.17779679596424,0.02600169648351819,42
38,2023-02-28,tech__volatility_60d_sector_neutral,293.1345898807049,0.10275307388630013,55
38,2023-02-28,tech__downside_volatility_60d_sector_neutral,71.27153852581978,0.024982959763002348,38
38,2023-02-28,tech__beta_60d_market_sector_neutral,172.98020523786545,0.06063510900200219,81
38,2023-02-28,tech__max_drawdown_126d_sector_neutral,198.75221890211105,0.06966902623885461,83
38,2023-02-28,tech__distance_sma_50d_sector_neutral,130.06768849492073,0.04559289578066467,65
38,2023-02-28,tech__distance_sma_200d_sector_neutral,92.01119124889374,0.0322528731140589,37
38,2023-02-28,tech__sma_50_200_spread_sector_neutral,145.3856002241373,0.0509623150509615,61
38,2023-02-28,tech__positive_day_ratio_60d_sector_neutral,109.7794879078865,0.03848123088029248,61
38,2023-02-28,tech__average_dollar_volume_20d_sector_neutral,373.27609050273895,0.13084523980273494,101
38,2023-02-28,tech__dollar_volume_change_20d_60d_sector_neutral,88.96873916685581,0.031186396095060923,43
38,2023-02-28,tech__amihud_illiquidity_20d_sector_neutral,443.2559951543808,0.15537544047319393,111
38,2023-02-28,tech__zero_volume_ratio_60d_sector_neutral,0.0,0.0,0
39,2023-03-31,tech__momentum_12_1_sector_neutral,88.84417116641998,0.03379626322743029,31
39,2023-03-31,tech__momentum_6_1_sector_neutral,152.3036153614521,0.05793619331090602,48
39,2023-03-31,tech__return_3m_sector_neutral,102.75532335042953,0.03908805620422523,32
39,2023-03-31,tech__return_1m_sector_neutral,65.22697526216507,0.024812297717989314,32
39,2023-03-31,tech__return_1w_sector_neutral,80.37302834540606,0.030573846170042603,36
39,2023-03-31,tech__reversal_1m_sector_neutral,32.68686956167221,0.012434063296259203,17
39,2023-03-31,tech__volatility_20d_sector_neutral,57.98176270723343,0.022056223713016194,26
39,2023-03-31,tech__volatility_60d_sector_neutral,321.520683825016,0.12230625285770774,49
39,2023-03-31,tech__downside_volatility_60d_sector_neutral,64.1933121085167,0.024419092946415057,27
39,2023-03-31,tech__beta_60d_market_sector_neutral,107.42820203304291,0.040865616126435855,47
39,2023-03-31,tech__max_drawdown_126d_sector_neutral,159.82089060544968,0.060795759780644346,48
39,2023-03-31,tech__distance_sma_50d_sector_neutral,119.32658457756042,0.045391752879987604,43
39,2023-03-31,tech__distance_sma_200d_sector_neutral,53.71561396121979,0.020433383586368203,16
39,2023-03-31,tech__sma_50_200_spread_sector_neutral,216.12415397167206,0.08221348346815387,56
39,2023-03-31,tech__positive_day_ratio_60d_sector_neutral,70.93827019631863,0.026984870487029876,38
39,2023-03-31,tech__average_dollar_volume_20d_sector_neutral,373.93928703665733,0.1422462544233303,73
39,2023-03-31,tech__dollar_volume_change_20d_60d_sector_neutral,90.29075336456299,0.03434654212706658,39
39,2023-03-31,tech__amihud_illiquidity_20d_sector_neutral,471.34690657258034,0.17930004767699173,96
39,2023-03-31,tech__zero_volume_ratio_60d_sector_neutral,0.0,0.0,0
40,2023-04-28,tech__momentum_12_1_sector_neutral,88.84417116641998,0.03379626322743029,31
40,2023-04-28,tech__momentum_6_1_sector_neutral,152.3036153614521,0.05793619331090602,48
40,2023-04-28,tech__return_3m_sector_neutral,102.75532335042953,0.03908805620422523,32
40,2023-04-28,tech__return_1m_sector_neutral,65.22697526216507,0.024812297717989314,32
40,2023-04-28,tech__return_1w_sector_neutral,80.37302834540606,0.030573846170042603,36
40,2023-04-28,tech__reversal_1m_sector_neutral,32.68686956167221,0.012434063296259203,17
40,2023-04-28,tech__volatility_20d_sector_neutral,57.98176270723343,0.022056223713016194,26
40,2023-04-28,tech__volatility_60d_sector_neutral,321.520683825016,0.12230625285770774,49
40,2023-04-28,tech__downside_volatility_60d_sector_neutral,64.1933121085167,0.024419092946415057,27
40,2023-04-28,tech__beta_60d_market_sector_neutral,107.42820203304291,0.040865616126435855,47
40,2023-04-28,tech__max_drawdown_126d_sector_neutral,159.82089060544968,0.060795759780644346,48
40,2023-04-28,tech__distance_sma_50d_sector_neutral,119.32658457756042,0.045391752879987604,43
40,2023-04-28,tech__distance_sma_200d_sector_neutral,53.71561396121979,0.020433383586368203,16
40,2023-04-28,tech__sma_50_200_spread_sector_neutral,216.12415397167206,0.08221348346815387,56
40,2023-04-28,tech__positive_day_ratio_60d_sector_neutral,70.93827019631863,0.026984870487029876,38
40,2023-04-28,tech__average_dollar_volume_20d_sector_neutral,373.93928703665733,0.1422462544233303,73
40,2023-04-28,tech__dollar_volume_change_20d_60d_sector_neutral,90.29075336456299,0.03434654212706658,39
40,2023-04-28,tech__amihud_illiquidity_20d_sector_neutral,471.34690657258034,0.17930004767699173,96
40,2023-04-28,tech__zero_volume_ratio_60d_sector_neutral,0.0,0.0,0
41,2023-05-31,tech__momentum_12_1_sector_neutral,5.737350225448608,0.026191474801718576,2
41,2023-05-31,tech__momentum_6_1_sector_neutral,21.281400680541992,0.09715134125808213,1
41,2023-05-31,tech__return_3m_sector_neutral,0.0,0.0,0
41,2023-05-31,tech__return_1m_sector_neutral,0.8236119747161865,0.00375985628112601,1
41,2023-05-31,tech__return_1w_sector_neutral,7.160459995269775,0.03268808773481457,1
41,2023-05-31,tech__reversal_1m_sector_neutral,6.656000137329102,0.030385187068383907,1
41,2023-05-31,tech__volatility_20d_sector_neutral,6.93179988861084,0.03164423557547606,1
41,2023-05-31,tech__volatility_60d_sector_neutral,6.892693877220154,0.03146571342296884,3
41,2023-05-31,tech__downside_volatility_60d_sector_neutral,5.696630001068115,0.026005583634389914,1
41,2023-05-31,tech__beta_60d_market_sector_neutral,0.5915039777755737,0.002700264219588213,1
41,2023-05-31,tech__max_drawdown_126d_sector_neutral,3.489650011062622,0.015930538792307568,1
41,2023-05-31,tech__distance_sma_50d_sector_neutral,0.0,0.0,0
41,2023-05-31,tech__distance_sma_200d_sector_neutral,0.0,0.0,0
41,2023-05-31,tech__sma_50_200_spread_sector_neutral,16.221599578857422,0.074052933831487,1
41,2023-05-31,tech__positive_day_ratio_60d_sector_neutral,10.017680168151855,0.04573153239487131,2
41,2023-05-31,tech__average_dollar_volume_20d_sector_neutral,60.34210014343262,0.27546664109491725,4
41,2023-05-31,tech__dollar_volume_change_20d_60d_sector_neutral,0.0,0.0,0
41,2023-05-31,tech__amihud_illiquidity_20d_sector_neutral,67.21163022518158,0.30682660988986865,7
41,2023-05-31,tech__zero_volume_ratio_60d_sector_neutral,0.0,0.0,0
42,2023-06-30,tech__momentum_12_1_sector_neutral,9.909579753875732,0.009732321108145214,2
42,2023-06-30,tech__momentum_6_1_sector_neutral,69.12704086303711,0.06789052367955636,9
42,2023-06-30,tech__return_3m_sector_neutral,45.89205002784729,0.04507115117645535,9
42,2023-06-30,tech__return_1m_sector_neutral,19.027599811553955,0.018687241627062912,3
42,2023-06-30,tech__return_1w_sector_neutral,2.629430055618286,0.0025823958501041996,1
42,2023-06-30,tech__reversal_1m_sector_neutral,35.51801013946533,0.034882678013105274,5
42,2023-06-30,tech__volatility_20d_sector_neutral,0.0,0.0,0
42,2023-06-30,tech__volatility_60d_sector_neutral,114.66694974899292,0.11261583267567744,8
42,2023-06-30,tech__downside_volatility_60d_sector_neutral,5.240250110626221,0.00514651458793309,1
42,2023-06-30,tech__beta_60d_market_sector_neutral,3.3257100582122803,0.003266221071226681,1
42,2023-06-30,tech__max_drawdown_126d_sector_neutral,101.61400866508484,0.0997963774425118,13
42,2023-06-30,tech__distance_sma_50d_sector_neutral,10.071990251541138,0.009891826471023513,2
42,2023-06-30,tech__distance_sma_200d_sector_neutral,29.052059650421143,0.028532387890647295,4
42,2023-06-30,tech__sma_50_200_spread_sector_neutral,128.8009696006775,0.12649702876693383,16
42,2023-06-30,tech__positive_day_ratio_60d_sector_neutral,6.645950198173523,0.006527070067937933,2
42,2023-06-30,tech__average_dollar_volume_20d_sector_neutral,197.82715010643005,0.19428849623941022,20
42,2023-06-30,tech__dollar_volume_change_20d_60d_sector_neutral,28.83270025253296,0.028316952306963513,5
42,2023-06-30,tech__amihud_illiquidity_20d_sector_neutral,210.03194952011108,0.2062749810253054,25
42,2023-06-30,tech__zero_volume_ratio_60d_sector_neutral,0.0,0.0,0
43,2023-07-31,tech__momentum_12_1_sector_neutral,9.909579753875732,0.009732321108145214,2
43,2023-07-31,tech__momentum_6_1_sector_neutral,69.12704086303711,0.06789052367955636,9
43,2023-07-31,tech__return_3m_sector_neutral,45.89205002784729,0.04507115117645535,9
43,2023-07-31,tech__return_1m_sector_neutral,19.027599811553955,0.018687241627062912,3
43,2023-07-31,tech__return_1w_sector_neutral,2.629430055618286,0.0025823958501041996,1
43,2023-07-31,tech__reversal_1m_sector_neutral,35.51801013946533,0.034882678013105274,5
43,2023-07-31,tech__volatility_20d_sector_neutral,0.0,0.0,0
43,2023-07-31,tech__volatility_60d_sector_neutral,114.66694974899292,0.11261583267567744,8
43,2023-07-31,tech__downside_volatility_60d_sector_neutral,5.240250110626221,0.00514651458793309,1
43,2023-07-31,tech__beta_60d_market_sector_neutral,3.3257100582122803,0.003266221071226681,1
43,2023-07-31,tech__max_drawdown_126d_sector_neutral,101.61400866508484,0.0997963774425118,13
43,2023-07-31,tech__distance_sma_50d_sector_neutral,10.071990251541138,0.009891826471023513,2
43,2023-07-31,tech__distance_sma_200d_sector_neutral,29.052059650421143,0.028532387890647295,4
43,2023-07-31,tech__sma_50_200_spread_sector_neutral,128.8009696006775,0.12649702876693383,16
43,2023-07-31,tech__positive_day_ratio_60d_sector_neutral,6.645950198173523,0.006527070067937933,2
43,2023-07-31,tech__average_dollar_volume_20d_sector_neutral,197.82715010643005,0.19428849623941022,20
43,2023-07-31,tech__dollar_volume_change_20d_60d_sector_neutral,28.83270025253296,0.028316952306963513,5
43,2023-07-31,tech__amihud_illiquidity_20d_sector_neutral,210.03194952011108,0.2062749810253054,25
43,2023-07-31,tech__zero_volume_ratio_60d_sector_neutral,0.0,0.0,0
44,2023-08-31,tech__momentum_12_1_sector_neutral,55.64657014608383,0.022062860342315065,20
44,2023-08-31,tech__momentum_6_1_sector_neutral,275.3823906183243,0.10918414574330286,42
44,2023-08-31,tech__return_3m_sector_neutral,131.80741107463837,0.05225925865669035,44
44,2023-08-31,tech__return_1m_sector_neutral,47.269891917705536,0.018741658668967588,20
44,2023-08-31,tech__return_1w_sector_neutral,94.32172060012817,0.037396859202362576,46
44,2023-08-31,tech__reversal_1m_sector_neutral,28.395820379257202,0.011258430082722818,12
44,2023-08-31,tech__volatility_20d_sector_neutral,30.24044680595398,0.011989791155455867,14
44,2023-08-31,tech__volatility_60d_sector_neutral,268.0621389746666,0.10628179813660157,39
44,2023-08-31,tech__downside_volatility_60d_sector_neutral,87.93462240695953,0.03486449009032936,37
44,2023-08-31,tech__beta_60d_market_sector_neutral,125.18557280302048,0.04963381934187601,47
44,2023-08-31,tech__max_drawdown_126d_sector_neutral,148.232719540596,0.05877159689806842,50
44,2023-08-31,tech__distance_sma_50d_sector_neutral,107.70864194631577,0.04270453181002066,41
44,2023-08-31,tech__distance_sma_200d_sector_neutral,119.17084234952927,0.047249087315379586,40
44,2023-08-31,tech__sma_50_200_spread_sector_neutral,175.60059094429016,0.06962246377200164,48
44,2023-08-31,tech__positive_day_ratio_60d_sector_neutral,55.710652112960815,0.022088267685156794,23
44,2023-08-31,tech__average_dollar_volume_20d_sector_neutral,335.373563349247,0.13296956256700615,82
44,2023-08-31,tech__dollar_volume_change_20d_60d_sector_neutral,105.43513771891594,0.04180312843286543,38
44,2023-08-31,tech__amihud_illiquidity_20d_sector_neutral,330.7042146101594,0.13111825009887726,80
44,2023-08-31,tech__zero_volume_ratio_60d_sector_neutral,0.0,0.0,0
45,2023-09-29,tech__momentum_12_1_sector_neutral,55.64657014608383,0.022062860342315065,20
45,2023-09-29,tech__momentum_6_1_sector_neutral,275.3823906183243,0.10918414574330286,42
45,2023-09-29,tech__return_3m_sector_neutral,131.80741107463837,0.05225925865669035,44
45,2023-09-29,tech__return_1m_sector_neutral,47.269891917705536,0.018741658668967588,20
45,2023-09-29,tech__return_1w_sector_neutral,94.32172060012817,0.037396859202362576,46
45,2023-09-29,tech__reversal_1m_sector_neutral,28.395820379257202,0.011258430082722818,12
45,2023-09-29,tech__volatility_20d_sector_neutral,30.24044680595398,0.011989791155455867,14
45,2023-09-29,tech__volatility_60d_sector_neutral,268.0621389746666,0.10628179813660157,39
45,2023-09-29,tech__downside_volatility_60d_sector_neutral,87.93462240695953,0.03486449009032936,37
45,2023-09-29,tech__beta_60d_market_sector_neutral,125.18557280302048,0.04963381934187601,47
45,2023-09-29,tech__max_drawdown_126d_sector_neutral,148.232719540596,0.05877159689806842,50
45,2023-09-29,tech__distance_sma_50d_sector_neutral,107.70864194631577,0.04270453181002066,41
45,2023-09-29,tech__distance_sma_200d_sector_neutral,119.17084234952927,0.047249087315379586,40
45,2023-09-29,tech__sma_50_200_spread_sector_neutral,175.60059094429016,0.06962246377200164,48
45,2023-09-29,tech__positive_day_ratio_60d_sector_neutral,55.710652112960815,0.022088267685156794,23
45,2023-09-29,tech__average_dollar_volume_20d_sector_neutral,335.373563349247,0.13296956256700615,82
45,2023-09-29,tech__dollar_volume_change_20d_60d_sector_neutral,105.43513771891594,0.04180312843286543,38
45,2023-09-29,tech__amihud_illiquidity_20d_sector_neutral,330.7042146101594,0.13111825009887726,80
45,2023-09-29,tech__zero_volume_ratio_60d_sector_neutral,0.0,0.0,0
46,2023-10-31,tech__momentum_12_1_sector_neutral,107.94219532608986,0.03030284276356874,60
46,2023-10-31,tech__momentum_6_1_sector_neutral,258.53953343629837,0.07258035475579179,80
46,2023-10-31,tech__return_3m_sector_neutral,142.88042329251766,0.040111126033202084,66
46,2023-10-31,tech__return_1m_sector_neutral,88.4124325811863,0.02482021080596602,48
46,2023-10-31,tech__return_1w_sector_neutral,154.8372637629509,0.04346779536561688,75
46,2023-10-31,tech__reversal_1m_sector_neutral,58.641056444495916,0.016462428872776654,29
46,2023-10-31,tech__volatility_20d_sector_neutral,110.8812834918499,0.031127939254206496,64
46,2023-10-31,tech__volatility_60d_sector_neutral,443.48401564359665,0.12450021378206837,82
46,2023-10-31,tech__downside_volatility_60d_sector_neutral,102.69023272395134,0.028828448098424476,62
46,2023-10-31,tech__beta_60d_market_sector_neutral,180.43396052718163,0.050653610652864015,98
46,2023-10-31,tech__max_drawdown_126d_sector_neutral,207.3183967769146,0.05820093579297016,86
46,2023-10-31,tech__distance_sma_50d_sector_neutral,148.70353004336357,0.041745859213616746,77
46,2023-10-31,tech__distance_sma_200d_sector_neutral,133.90203228592873,0.03759060317260445,55
46,2023-10-31,tech__sma_50_200_spread_sector_neutral,207.01611842773855,0.05811607654716511,76
46,2023-10-31,tech__positive_day_ratio_60d_sector_neutral,115.28588151931763,0.03236445145464735,68
46,2023-10-31,tech__average_dollar_volume_20d_sector_neutral,457.20183512568474,0.12835124650906593,136
46,2023-10-31,tech__dollar_volume_change_20d_60d_sector_neutral,130.54133207630366,0.03664714663348081,74
46,2023-10-31,tech__amihud_illiquidity_20d_sector_neutral,513.4029674977064,0.14412871029196395,146
46,2023-10-31,tech__zero_volume_ratio_60d_sector_neutral,0.0,0.0,0
47,2023-11-30,tech__momentum_12_1_sector_neutral,15.824039936065674,0.020733555645717917,4
47,2023-11-30,tech__momentum_6_1_sector_neutral,174.71767711639404,0.22892502138641577,10
47,2023-11-30,tech__return_3m_sector_neutral,33.85054969787598,0.04435291231788626,5
47,2023-11-30,tech__return_1m_sector_neutral,5.576429843902588,0.007306555022619764,1
47,2023-11-30,tech__return_1w_sector_neutral,4.430699825286865,0.005805354495326054,1
47,2023-11-30,tech__reversal_1m_sector_neutral,0.0,0.0,0
47,2023-11-30,tech__volatility_20d_sector_neutral,8.819829940795898,0.011556241996487703,2
47,2023-11-30,tech__volatility_60d_sector_neutral,115.80242156982422,0.15173090824009852,7
47,2023-11-30,tech__downside_volatility_60d_sector_neutral,0.0,0.0,0
47,2023-11-30,tech__beta_60d_market_sector_neutral,7.542569875717163,0.009882703333771998,2
47,2023-11-30,tech__max_drawdown_126d_sector_neutral,51.60127019882202,0.06761091424058965,6
47,2023-11-30,tech__distance_sma_50d_sector_neutral,7.613120079040527,0.0099751422161517,2
47,2023-11-30,tech__distance_sma_200d_sector_neutral,5.9827001094818115,0.007838873393441682,2
47,2023-11-30,tech__sma_50_200_spread_sector_neutral,49.65776014328003,0.06506441700932628,5
47,2023-11-30,tech__positive_day_ratio_60d_sector_neutral,1.7736599445343018,0.0023239499713829763,1
47,2023-11-30,tech__average_dollar_volume_20d_sector_neutral,146.66004824638367,0.1921623228711403,14
47,2023-11-30,tech__dollar_volume_change_20d_60d_sector_neutral,22.104649782180786,0.028962767292023198,4
47,2023-11-30,tech__amihud_illiquidity_20d_sector_neutral,111.25175046920776,0.14576836056762024,14
47,2023-11-30,tech__zero_volume_ratio_60d_sector_neutral,0.0,0.0,0
48,2023-12-29,tech__momentum_12_1_sector_neutral,15.824039936065674,0.020733555645717917,4
48,2023-12-29,tech__momentum_6_1_sector_neutral,174.71767711639404,0.22892502138641577,10
48,2023-12-29,tech__return_3m_sector_neutral,33.85054969787598,0.04435291231788626,5
48,2023-12-29,tech__return_1m_sector_neutral,5.576429843902588,0.007306555022619764,1
48,2023-12-29,tech__return_1w_sector_neutral,4.430699825286865,0.005805354495326054,1
48,2023-12-29,tech__reversal_1m_sector_neutral,0.0,0.0,0
48,2023-12-29,tech__volatility_20d_sector_neutral,8.819829940795898,0.011556241996487703,2
48,2023-12-29,tech__volatility_60d_sector_neutral,115.80242156982422,0.15173090824009852,7
48,2023-12-29,tech__downside_volatility_60d_sector_neutral,0.0,0.0,0
48,2023-12-29,tech__beta_60d_market_sector_neutral,7.542569875717163,0.009882703333771998,2
48,2023-12-29,tech__max_drawdown_126d_sector_neutral,51.60127019882202,0.06761091424058965,6
48,2023-12-29,tech__distance_sma_50d_sector_neutral,7.613120079040527,0.0099751422161517,2
48,2023-12-29,tech__distance_sma_200d_sector_neutral,5.9827001094818115,0.007838873393441682,2
48,2023-12-29,tech__sma_50_200_spread_sector_neutral,49.65776014328003,0.06506441700932628,5
48,2023-12-29,tech__positive_day_ratio_60d_sector_neutral,1.7736599445343018,0.0023239499713829763,1
48,2023-12-29,tech__average_dollar_volume_20d_sector_neutral,146.66004824638367,0.1921623228711403,14
48,2023-12-29,tech__dollar_volume_change_20d_60d_sector_neutral,22.104649782180786,0.028962767292023198,4
48,2023-12-29,tech__amihud_illiquidity_20d_sector_neutral,111.25175046920776,0.14576836056762024,14
48,2023-12-29,tech__zero_volume_ratio_60d_sector_neutral,0.0,0.0,0
49,2024-01-31,tech__momentum_12_1_sector_neutral,46.907690208405256,0.023397907740454506,26
49,2024-01-31,tech__momentum_6_1_sector_neutral,227.63405999541283,0.11354557665692469,42
49,2024-01-31,tech__return_3m_sector_neutral,61.97429330833256,0.030913242384473634,25
49,2024-01-31,tech__return_1m_sector_neutral,57.45748096704483,0.02866022250707495,27
49,2024-01-31,tech__return_1w_sector_neutral,30.17320317029953,0.015050620076921917,14
49,2024-01-31,tech__reversal_1m_sector_neutral,20.546101331710815,0.010248549464907513,11
49,2024-01-31,tech__volatility_20d_sector_neutral,29.201868951320648,0.014566111282311904,16
49,2024-01-31,tech__volatility_60d_sector_neutral,316.38021406531334,0.15781282401065638,45
49,2024-01-31,tech__downside_volatility_60d_sector_neutral,52.95451036095619,0.026414106991023357,25
49,2024-01-31,tech__beta_60d_market_sector_neutral,56.14191850274801,0.028004010081571502,24
49,2024-01-31,tech__max_drawdown_126d_sector_neutral,108.91965401172638,0.054329940450402785,34
49,2024-01-31,tech__distance_sma_50d_sector_neutral,51.455994457006454,0.0256666360174486,23
49,2024-01-31,tech__distance_sma_200d_sector_neutral,65.68114960193634,0.032762250109636,16
49,2024-01-31,tech__sma_50_200_spread_sector_neutral,125.23987185955048,0.062470587534302104,38
49,2024-01-31,tech__positive_day_ratio_60d_sector_neutral,38.031070068478584,0.018970183029254625,16
49,2024-01-31,tech__average_dollar_volume_20d_sector_neutral,319.20064067840576,0.15921967396188322,60
49,2024-01-31,tech__dollar_volume_change_20d_60d_sector_neutral,76.49175822734833,0.03815466278465249,33
49,2024-01-31,tech__amihud_illiquidity_20d_sector_neutral,320.38991901278496,0.15981289491609982,63
49,2024-01-31,tech__zero_volume_ratio_60d_sector_neutral,0.0,0.0,0
50,2024-02-29,tech__momentum_12_1_sector_neutral,46.907690208405256,0.023397907740454506,26
50,2024-02-29,tech__momentum_6_1_sector_neutral,227.63405999541283,0.11354557665692469,42
50,2024-02-29,tech__return_3m_sector_neutral,61.97429330833256,0.030913242384473634,25
50,2024-02-29,tech__return_1m_sector_neutral,57.45748096704483,0.02866022250707495,27
50,2024-02-29,tech__return_1w_sector_neutral,30.17320317029953,0.015050620076921917,14
50,2024-02-29,tech__reversal_1m_sector_neutral,20.546101331710815,0.010248549464907513,11
50,2024-02-29,tech__volatility_20d_sector_neutral,29.201868951320648,0.014566111282311904,16
50,2024-02-29,tech__volatility_60d_sector_neutral,316.38021406531334,0.15781282401065638,45
50,2024-02-29,tech__downside_volatility_60d_sector_neutral,52.95451036095619,0.026414106991023357,25
50,2024-02-29,tech__beta_60d_market_sector_neutral,56.14191850274801,0.028004010081571502,24
50,2024-02-29,tech__max_drawdown_126d_sector_neutral,108.91965401172638,0.054329940450402785,34
50,2024-02-29,tech__distance_sma_50d_sector_neutral,51.455994457006454,0.0256666360174486,23
50,2024-02-29,tech__distance_sma_200d_sector_neutral,65.68114960193634,0.032762250109636,16
50,2024-02-29,tech__sma_50_200_spread_sector_neutral,125.23987185955048,0.062470587534302104,38
50,2024-02-29,tech__positive_day_ratio_60d_sector_neutral,38.031070068478584,0.018970183029254625,16
50,2024-02-29,tech__average_dollar_volume_20d_sector_neutral,319.20064067840576,0.15921967396188322,60
50,2024-02-29,tech__dollar_volume_change_20d_60d_sector_neutral,76.49175822734833,0.03815466278465249,33
50,2024-02-29,tech__amihud_illiquidity_20d_sector_neutral,320.38991901278496,0.15981289491609982,63
50,2024-02-29,tech__zero_volume_ratio_60d_sector_neutral,0.0,0.0,0
51,2024-03-28,tech__momentum_12_1_sector_neutral,77.88990697264671,0.03283051361109707,32
51,2024-03-28,tech__momentum_6_1_sector_neutral,334.95868104696274,0.14118473066259146,45
51,2024-03-28,tech__return_3m_sector_neutral,73.5546395778656,0.03100320297812777,23
51,2024-03-28,tech__return_1m_sector_neutral,32.29674994945526,0.013613046028956627,13
51,2024-03-28,tech__return_1w_sector_neutral,72.81758689880371,0.030692536051531816,31
51,2024-03-28,tech__reversal_1m_sector_neutral,41.25774919986725,0.01739009775868839,17
51,2024-03-28,tech__volatility_20d_sector_neutral,37.681869864463806,0.01588286839155317,13
51,2024-03-28,tech__volatility_60d_sector_neutral,296.35406839847565,0.12491292716111375,48
51,2024-03-28,tech__downside_volatility_60d_sector_neutral,41.613231759518385,0.01753993328252889,21
51,2024-03-28,tech__beta_60d_market_sector_neutral,96.97305107116699,0.04087403871492103,35
51,2024-03-28,tech__max_drawdown_126d_sector_neutral,154.0247409939766,0.06492126582490666,47
51,2024-03-28,tech__distance_sma_50d_sector_neutral,75.41807818412781,0.031788640384643345,29
51,2024-03-28,tech__distance_sma_200d_sector_neutral,108.06003892421722,0.04554719239763706,31
51,2024-03-28,tech__sma_50_200_spread_sector_neutral,185.81462770700455,0.07832066953447607,40
51,2024-03-28,tech__positive_day_ratio_60d_sector_neutral,77.78095865249634,0.032784592009099785,30
51,2024-03-28,tech__average_dollar_volume_20d_sector_neutral,343.7607091665268,0.14489477622839356,75
51,2024-03-28,tech__dollar_volume_change_20d_60d_sector_neutral,72.94213283061981,0.03074503203038991,27
51,2024-03-28,tech__amihud_illiquidity_20d_sector_neutral,249.28635814785957,0.10507393694934362,69
51,2024-03-28,tech__zero_volume_ratio_60d_sector_neutral,0.0,0.0,0
52,2024-04-30,tech__momentum_12_1_sector_neutral,33.87991011142731,0.01834429262121367,16
52,2024-04-30,tech__momentum_6_1_sector_neutral,246.50441832095385,0.13346992855734996,33
52,2024-04-30,tech__return_3m_sector_neutral,60.58842307329178,0.03280562901905334,23
52,2024-04-30,tech__return_1m_sector_neutral,17.507741898298264,0.009479574752789566,9
52,2024-04-30,tech__return_1w_sector_neutral,30.09331613779068,0.016294039605144254,15
52,2024-04-30,tech__reversal_1m_sector_neutral,11.46386992931366,0.006207117547337624,6
52,2024-04-30,tech__volatility_20d_sector_neutral,20.553383857011795,0.011128638965957092,11
52,2024-04-30,tech__volatility_60d_sector_neutral,327.8604123443365,0.1775201682405794,44
52,2024-04-30,tech__downside_volatility_60d_sector_neutral,24.29366898536682,0.013153818036847719,12
52,2024-04-30,tech__beta_60d_market_sector_neutral,73.415242344141,0.039750716102519866,23
52,2024-04-30,tech__max_drawdown_126d_sector_neutral,84.86523365974426,0.04595031906820001,28
52,2024-04-30,tech__distance_sma_50d_sector_neutral,54.141945987939835,0.02931518109163224,29
52,2024-04-30,tech__distance_sma_200d_sector_neutral,40.030709981918335,0.021674645987197174,10
52,2024-04-30,tech__sma_50_200_spread_sector_neutral,236.09027522802353,0.1278311860793565,57
52,2024-04-30,tech__positive_day_ratio_60d_sector_neutral,32.9314641058445,0.0178307561034186,16
52,2024-04-30,tech__average_dollar_volume_20d_sector_neutral,298.51886162161827,0.16163317235872843,57
52,2024-04-30,tech__dollar_volume_change_20d_60d_sector_neutral,53.567217856645584,0.029003994285544787,25
52,2024-04-30,tech__amihud_illiquidity_20d_sector_neutral,200.58496822416782,0.10860682157712975,50
52,2024-04-30,tech__zero_volume_ratio_60d_sector_neutral,0.0,0.0,0
53,2024-05-31,tech__momentum_12_1_sector_neutral,7.743800163269043,0.006516055671964117,2
53,2024-05-31,tech__momentum_6_1_sector_neutral,209.1739525794983,0.1760103684748765,15
53,2024-05-31,tech__return_3m_sector_neutral,33.71580958366394,0.02837032046805192,7
53,2024-05-31,tech__return_1m_sector_neutral,5.423840045928955,0.0045639147382364595,1
53,2024-05-31,tech__return_1w_sector_neutral,9.198539853096008,0.007740152963638892,4
53,2024-05-31,tech__reversal_1m_sector_neutral,12.01541006565094,0.010110421144469223,4
53,2024-05-31,tech__volatility_20d_sector_neutral,4.0730299949646,0.003427269511247972,1
53,2024-05-31,tech__volatility_60d_sector_neutral,165.39724004268646,0.13917425571224853,12
53,2024-05-31,tech__downside_volatility_60d_sector_neutral,3.4499199390411377,0.0029029507364148246,1
53,2024-05-31,tech__beta_60d_market_sector_neutral,21.364060044288635,0.017976884952181114,7
53,2024-05-31,tech__max_drawdown_126d_sector_neutral,77.63260996341705,0.06532431077972882,18
53,2024-05-31,tech__distance_sma_50d_sector_neutral,34.17279052734375,0.02875484914999912,9
53,2024-05-31,tech__distance_sma_200d_sector_neutral,37.77382016181946,0.031784951823094286,6
53,2024-05-31,tech__sma_50_200_spread_sector_neutral,95.13624000549316,0.08005281944613575,10
53,2024-05-31,tech__positive_day_ratio_60d_sector_neutral,14.887249946594238,0.012526943801388305,4
53,2024-05-31,tech__average_dollar_volume_20d_sector_neutral,210.37309181690216,0.1770193896097997,23
53,2024-05-31,tech__dollar_volume_change_20d_60d_sector_neutral,32.7165205180645,0.027529464164099706,7
53,2024-05-31,tech__amihud_illiquidity_20d_sector_neutral,214.17042982578278,0.18021467685242476,26
53,2024-05-31,tech__zero_volume_ratio_60d_sector_neutral,0.0,0.0,0
54,2024-06-28,tech__momentum_12_1_sector_neutral,7.743800163269043,0.006516055671964117,2
54,2024-06-28,tech__momentum_6_1_sector_neutral,209.1739525794983,0.1760103684748765,15
54,2024-06-28,tech__return_3m_sector_neutral,33.71580958366394,0.02837032046805192,7
54,2024-06-28,tech__return_1m_sector_neutral,5.423840045928955,0.0045639147382364595,1
54,2024-06-28,tech__return_1w_sector_neutral,9.198539853096008,0.007740152963638892,4
54,2024-06-28,tech__reversal_1m_sector_neutral,12.01541006565094,0.010110421144469223,4
54,2024-06-28,tech__volatility_20d_sector_neutral,4.0730299949646,0.003427269511247972,1
54,2024-06-28,tech__volatility_60d_sector_neutral,165.39724004268646,0.13917425571224853,12
54,2024-06-28,tech__downside_volatility_60d_sector_neutral,3.4499199390411377,0.0029029507364148246,1
54,2024-06-28,tech__beta_60d_market_sector_neutral,21.364060044288635,0.017976884952181114,7
54,2024-06-28,tech__max_drawdown_126d_sector_neutral,77.63260996341705,0.06532431077972882,18
54,2024-06-28,tech__distance_sma_50d_sector_neutral,34.17279052734375,0.02875484914999912,9
54,2024-06-28,tech__distance_sma_200d_sector_neutral,37.77382016181946,0.031784951823094286,6
54,2024-06-28,tech__sma_50_200_spread_sector_neutral,95.13624000549316,0.08005281944613575,10
54,2024-06-28,tech__positive_day_ratio_60d_sector_neutral,14.887249946594238,0.012526943801388305,4
54,2024-06-28,tech__average_dollar_volume_20d_sector_neutral,210.37309181690216,0.1770193896097997,23
54,2024-06-28,tech__dollar_volume_change_20d_60d_sector_neutral,32.7165205180645,0.027529464164099706,7
54,2024-06-28,tech__amihud_illiquidity_20d_sector_neutral,214.17042982578278,0.18021467685242476,26
54,2024-06-28,tech__zero_volume_ratio_60d_sector_neutral,0.0,0.0,0
55,2024-07-31,tech__momentum_12_1_sector_neutral,31.890434086322784,0.02839517593888798,9
55,2024-07-31,tech__momentum_6_1_sector_neutral,136.2506846189499,0.12131732516015842,18
55,2024-07-31,tech__return_3m_sector_neutral,52.652689695358276,0.04688184499177406,10
55,2024-07-31,tech__return_1m_sector_neutral,11.724283248186111,0.010439277329636034,5
55,2024-07-31,tech__return_1w_sector_neutral,27.29881513118744,0.024306808006282175,8
55,2024-07-31,tech__reversal_1m_sector_neutral,13.518360793590546,0.012036720230910802,7
55,2024-07-31,tech__volatility_20d_sector_neutral,11.868109941482544,0.010567340317107635,5
55,2024-07-31,tech__volatility_60d_sector_neutral,184.3577892780304,0.16415179072458122,13
55,2024-07-31,tech__downside_volatility_60d_sector_neutral,21.674409866333008,0.0192988492994534,7
55,2024-07-31,tech__beta_60d_market_sector_neutral,32.23698431253433,0.028703743536879964,10
55,2024-07-31,tech__max_drawdown_126d_sector_neutral,51.733284175395966,0.04606320823606708,13
55,2024-07-31,tech__distance_sma_50d_sector_neutral,26.257869958877563,0.023379952597840065,7
55,2024-07-31,tech__distance_sma_200d_sector_neutral,15.590239763259888,0.01388151694043802,3
55,2024-07-31,tech__sma_50_200_spread_sector_neutral,88.48308074474335,0.07878515038587637,12
55,2024-07-31,tech__positive_day_ratio_60d_sector_neutral,17.848996877670288,0.015892709559932834,7
55,2024-07-31,tech__average_dollar_volume_20d_sector_neutral,186.20247948169708,0.1657942990311183,15
55,2024-07-31,tech__dollar_volume_change_20d_60d_sector_neutral,30.243636339902878,0.026928870663181104,10
55,2024-07-31,tech__amihud_illiquidity_20d_sector_neutral,183.26123046875,0.16317541704987454,27
55,2024-07-31,tech__zero_volume_ratio_60d_sector_neutral,0.0,0.0,0
56,2024-08-30,tech__momentum_12_1_sector_neutral,10.624499917030334,0.014970530304001311,4
56,2024-08-30,tech__momentum_6_1_sector_neutral,95.98614823818207,0.13524999314656816,11
56,2024-08-30,tech__return_3m_sector_neutral,17.213509798049927,0.024254823481796275,4
56,2024-08-30,tech__return_1m_sector_neutral,12.620848096907139,0.017783499493852568,4
56,2024-08-30,tech__return_1w_sector_neutral,0.0,0.0,0
56,2024-08-30,tech__reversal_1m_sector_neutral,5.010280132293701,0.007059772331666009,1
56,2024-08-30,tech__volatility_20d_sector_neutral,6.670660018920898,0.009399342909389206,2
56,2024-08-30,tech__volatility_60d_sector_neutral,103.255850315094,0.1454934207048876,7
56,2024-08-30,tech__downside_volatility_60d_sector_neutral,11.024499654769897,0.015534152897270292,3
56,2024-08-30,tech__beta_60d_market_sector_neutral,24.860459804534912,0.035029815029564544,6
56,2024-08-30,tech__max_drawdown_126d_sector_neutral,69.4784607887268,0.09789913980287641,12
56,2024-08-30,tech__distance_sma_50d_sector_neutral,6.125220060348511,0.008630786695676749,2
56,2024-08-30,tech__distance_sma_200d_sector_neutral,14.466560006141663,0.020384213530789078,4
56,2024-08-30,tech__sma_50_200_spread_sector_neutral,96.40018081665039,0.13583338881800758,8
56,2024-08-30,tech__positive_day_ratio_60d_sector_neutral,5.0875052362680435,0.007168586936429137,2
56,2024-08-30,tech__average_dollar_volume_20d_sector_neutral,132.36208003759384,0.18650576928587387,13
56,2024-08-30,tech__dollar_volume_change_20d_60d_sector_neutral,0.9194699823856354,0.0012955859892153083,2
56,2024-08-30,tech__amihud_illiquidity_20d_sector_neutral,97.58805990219116,0.13750717864213588,20
56,2024-08-30,tech__zero_volume_ratio_60d_sector_neutral,0.0,0.0,0
57,2024-09-30,tech__momentum_12_1_sector_neutral,10.624499917030334,0.014970530304001311,4
57,2024-09-30,tech__momentum_6_1_sector_neutral,95.98614823818207,0.13524999314656816,11
57,2024-09-30,tech__return_3m_sector_neutral,17.213509798049927,0.024254823481796275,4
57,2024-09-30,tech__return_1m_sector_neutral,12.620848096907139,0.017783499493852568,4
57,2024-09-30,tech__return_1w_sector_neutral,0.0,0.0,0
57,2024-09-30,tech__reversal_1m_sector_neutral,5.010280132293701,0.007059772331666009,1
57,2024-09-30,tech__volatility_20d_sector_neutral,6.670660018920898,0.009399342909389206,2
57,2024-09-30,tech__volatility_60d_sector_neutral,103.255850315094,0.1454934207048876,7
57,2024-09-30,tech__downside_volatility_60d_sector_neutral,11.024499654769897,0.015534152897270292,3
57,2024-09-30,tech__beta_60d_market_sector_neutral,24.860459804534912,0.035029815029564544,6
57,2024-09-30,tech__max_drawdown_126d_sector_neutral,69.4784607887268,0.09789913980287641,12
57,2024-09-30,tech__distance_sma_50d_sector_neutral,6.125220060348511,0.008630786695676749,2
57,2024-09-30,tech__distance_sma_200d_sector_neutral,14.466560006141663,0.020384213530789078,4
57,2024-09-30,tech__sma_50_200_spread_sector_neutral,96.40018081665039,0.13583338881800758,8
57,2024-09-30,tech__positive_day_ratio_60d_sector_neutral,5.0875052362680435,0.007168586936429137,2
57,2024-09-30,tech__average_dollar_volume_20d_sector_neutral,132.36208003759384,0.18650576928587387,13
57,2024-09-30,tech__dollar_volume_change_20d_60d_sector_neutral,0.9194699823856354,0.0012955859892153083,2
57,2024-09-30,tech__amihud_illiquidity_20d_sector_neutral,97.58805990219116,0.13750717864213588,20
57,2024-09-30,tech__zero_volume_ratio_60d_sector_neutral,0.0,0.0,0
58,2024-10-31,tech__momentum_12_1_sector_neutral,0.0,0.0,0
58,2024-10-31,tech__momentum_6_1_sector_neutral,0.5788930058479309,0.004352684825396718,1
58,2024-10-31,tech__return_3m_sector_neutral,0.0,0.0,0
58,2024-10-31,tech__return_1m_sector_neutral,0.0,0.0,0
58,2024-10-31,tech__return_1w_sector_neutral,0.0,0.0,0
58,2024-10-31,tech__reversal_1m_sector_neutral,4.911749839782715,0.03693134789640747,1
58,2024-10-31,tech__volatility_20d_sector_neutral,0.0,0.0,0
58,2024-10-31,tech__volatility_60d_sector_neutral,27.48561692237854,0.20666379881281807,5
58,2024-10-31,tech__downside_volatility_60d_sector_neutral,0.0,0.0,0
58,2024-10-31,tech__beta_60d_market_sector_neutral,12.039349794387817,0.09052362807686226,2
58,2024-10-31,tech__max_drawdown_126d_sector_neutral,3.564259886741638,0.026799598140016125,2
58,2024-10-31,tech__distance_sma_50d_sector_neutral,0.0,0.0,0
58,2024-10-31,tech__distance_sma_200d_sector_neutral,0.0,0.0,0
58,2024-10-31,tech__sma_50_200_spread_sector_neutral,36.36446833610535,0.273423703363527,3
58,2024-10-31,tech__positive_day_ratio_60d_sector_neutral,2.914241909980774,0.021912126094058598,2
58,2024-10-31,tech__average_dollar_volume_20d_sector_neutral,34.15343952178955,0.25679902234066565,2
58,2024-10-31,tech__dollar_volume_change_20d_60d_sector_neutral,0.3263469934463501,0.0024537964560603395,1
58,2024-10-31,tech__amihud_illiquidity_20d_sector_neutral,10.658399939537048,0.0801402939941877,4
58,2024-10-31,tech__zero_volume_ratio_60d_sector_neutral,0.0,0.0,0
59,2024-11-29,tech__momentum_12_1_sector_neutral,0.0,0.0,0
59,2024-11-29,tech__momentum_6_1_sector_neutral,0.5788930058479309,0.004352684825396718,1
59,2024-11-29,tech__return_3m_sector_neutral,0.0,0.0,0
59,2024-11-29,tech__return_1m_sector_neutral,0.0,0.0,0
59,2024-11-29,tech__return_1w_sector_neutral,0.0,0.0,0
59,2024-11-29,tech__reversal_1m_sector_neutral,4.911749839782715,0.03693134789640747,1
59,2024-11-29,tech__volatility_20d_sector_neutral,0.0,0.0,0
59,2024-11-29,tech__volatility_60d_sector_neutral,27.48561692237854,0.20666379881281807,5
59,2024-11-29,tech__downside_volatility_60d_sector_neutral,0.0,0.0,0
59,2024-11-29,tech__beta_60d_market_sector_neutral,12.039349794387817,0.09052362807686226,2
59,2024-11-29,tech__max_drawdown_126d_sector_neutral,3.564259886741638,0.026799598140016125,2
59,2024-11-29,tech__distance_sma_50d_sector_neutral,0.0,0.0,0
59,2024-11-29,tech__distance_sma_200d_sector_neutral,0.0,0.0,0
59,2024-11-29,tech__sma_50_200_spread_sector_neutral,36.36446833610535,0.273423703363527,3
59,2024-11-29,tech__positive_day_ratio_60d_sector_neutral,2.914241909980774,0.021912126094058598,2
59,2024-11-29,tech__average_dollar_volume_20d_sector_neutral,34.15343952178955,0.25679902234066565,2
59,2024-11-29,tech__dollar_volume_change_20d_60d_sector_neutral,0.3263469934463501,0.0024537964560603395,1
59,2024-11-29,tech__amihud_illiquidity_20d_sector_neutral,10.658399939537048,0.0801402939941877,4
59,2024-11-29,tech__zero_volume_ratio_60d_sector_neutral,0.0,0.0,0
60,2024-12-31,tech__momentum_12_1_sector_neutral,25.16583013534546,0.02810560167164054,8
60,2024-12-31,tech__momentum_6_1_sector_neutral,94.08660078048706,0.10507742085014805,7
60,2024-12-31,tech__return_3m_sector_neutral,37.178287088871,0.0415213057599922,9
60,2024-12-31,tech__return_1m_sector_neutral,10.297190189361572,0.011500066727099379,5
60,2024-12-31,tech__return_1w_sector_neutral,20.839979887008667,0.023274422913894696,6
60,2024-12-31,tech__reversal_1m_sector_neutral,24.321199774742126,0.02716230497341042,6
60,2024-12-31,tech__volatility_20d_sector_neutral,7.562424838542938,0.008445837035404857,4
60,2024-12-31,tech__volatility_60d_sector_neutral,108.64876592159271,0.12134067982993955,8
60,2024-12-31,tech__downside_volatility_60d_sector_neutral,3.591469883918762,0.004011011018918974,2
60,2024-12-31,tech__beta_60d_market_sector_neutral,48.83075898885727,0.05453497278188886,14
60,2024-12-31,tech__max_drawdown_126d_sector_neutral,84.54463830590248,0.09442080451625041,13
60,2024-12-31,tech__distance_sma_50d_sector_neutral,19.80812978744507,0.022122036216249242,4
60,2024-12-31,tech__distance_sma_200d_sector_neutral,0.0,0.0,0
60,2024-12-31,tech__sma_50_200_spread_sector_neutral,6.546832025051117,0.007311606734911335,2
60,2024-12-31,tech__positive_day_ratio_60d_sector_neutral,26.082284092903137,0.029129112111907645,8
60,2024-12-31,tech__average_dollar_volume_20d_sector_neutral,161.31944233179092,0.18016413381494292,13
60,2024-12-31,tech__dollar_volume_change_20d_60d_sector_neutral,36.252224922180176,0.04048706471806317,10
60,2024-12-31,tech__amihud_illiquidity_20d_sector_neutral,180.3265881538391,0.20139161832533775,23
60,2024-12-31,tech__zero_volume_ratio_60d_sector_neutral,0.0,0.0,0
61,2025-01-31,tech__momentum_12_1_sector_neutral,25.16583013534546,0.02810560167164054,8
61,2025-01-31,tech__momentum_6_1_sector_neutral,94.08660078048706,0.10507742085014805,7
61,2025-01-31,tech__return_3m_sector_neutral,37.178287088871,0.0415213057599922,9
61,2025-01-31,tech__return_1m_sector_neutral,10.297190189361572,0.011500066727099379,5
61,2025-01-31,tech__return_1w_sector_neutral,20.839979887008667,0.023274422913894696,6
61,2025-01-31,tech__reversal_1m_sector_neutral,24.321199774742126,0.02716230497341042,6
61,2025-01-31,tech__volatility_20d_sector_neutral,7.562424838542938,0.008445837035404857,4
61,2025-01-31,tech__volatility_60d_sector_neutral,108.64876592159271,0.12134067982993955,8
61,2025-01-31,tech__downside_volatility_60d_sector_neutral,3.591469883918762,0.004011011018918974,2
61,2025-01-31,tech__beta_60d_market_sector_neutral,48.83075898885727,0.05453497278188886,14
61,2025-01-31,tech__max_drawdown_126d_sector_neutral,84.54463830590248,0.09442080451625041,13
61,2025-01-31,tech__distance_sma_50d_sector_neutral,19.80812978744507,0.022122036216249242,4
61,2025-01-31,tech__distance_sma_200d_sector_neutral,0.0,0.0,0
61,2025-01-31,tech__sma_50_200_spread_sector_neutral,6.546832025051117,0.007311606734911335,2
61,2025-01-31,tech__positive_day_ratio_60d_sector_neutral,26.082284092903137,0.029129112111907645,8
61,2025-01-31,tech__average_dollar_volume_20d_sector_neutral,161.31944233179092,0.18016413381494292,13
61,2025-01-31,tech__dollar_volume_change_20d_60d_sector_neutral,36.252224922180176,0.04048706471806317,10
61,2025-01-31,tech__amihud_illiquidity_20d_sector_neutral,180.3265881538391,0.20139161832533775,23
61,2025-01-31,tech__zero_volume_ratio_60d_sector_neutral,0.0,0.0,0
62,2025-02-28,tech__momentum_12_1_sector_neutral,4.094880104064941,0.009158778408471695,1
62,2025-02-28,tech__momentum_6_1_sector_neutral,98.09365916252136,0.2194003401110164,6
62,2025-02-28,tech__return_3m_sector_neutral,14.21649980545044,0.03179721216573538,2
62,2025-02-28,tech__return_1m_sector_neutral,0.0,0.0,0
62,2025-02-28,tech__return_1w_sector_neutral,0.0,0.0,0
62,2025-02-28,tech__reversal_1m_sector_neutral,0.0,0.0,0
62,2025-02-28,tech__volatility_20d_sector_neutral,0.0,0.0,0
62,2025-02-28,tech__volatility_60d_sector_neutral,95.38257932662964,0.2133366266850825,5
62,2025-02-28,tech__downside_volatility_60d_sector_neutral,0.0,0.0,0
62,2025-02-28,tech__beta_60d_market_sector_neutral,0.0,0.0,0
62,2025-02-28,tech__max_drawdown_126d_sector_neutral,15.38040018081665,0.03440043994203442,3
62,2025-02-28,tech__distance_sma_50d_sector_neutral,7.043290138244629,0.015753314383666624,1
62,2025-02-28,tech__distance_sma_200d_sector_neutral,0.0,0.0,0
62,2025-02-28,tech__sma_50_200_spread_sector_neutral,54.61349010467529,0.12215079349586984,3
62,2025-02-28,tech__positive_day_ratio_60d_sector_neutral,0.0,0.0,0
62,2025-02-28,tech__average_dollar_volume_20d_sector_neutral,87.26880073547363,0.19518901349903817,5
62,2025-02-28,tech__dollar_volume_change_20d_60d_sector_neutral,9.565999746322632,0.021395711157719398,3
62,2025-02-28,tech__amihud_illiquidity_20d_sector_neutral,61.43933916091919,0.13741777015136558,9
62,2025-02-28,tech__zero_volume_ratio_60d_sector_neutral,0.0,0.0,0
63,2025-03-31,tech__momentum_12_1_sector_neutral,0.0,0.0,0
63,2025-03-31,tech__momentum_6_1_sector_neutral,0.0,0.0,0
63,2025-03-31,tech__return_3m_sector_neutral,0.0,0.0,0
63,2025-03-31,tech__return_1m_sector_neutral,0.0,0.0,0
63,2025-03-31,tech__return_1w_sector_neutral,0.0,0.0,0
63,2025-03-31,tech__reversal_1m_sector_neutral,0.0,0.0,0
63,2025-03-31,tech__volatility_20d_sector_neutral,0.0,0.0,0
63,2025-03-31,tech__volatility_60d_sector_neutral,4.528802931308746,0.15446397225721065,2
63,2025-03-31,tech__downside_volatility_60d_sector_neutral,0.0,0.0,0
63,2025-03-31,tech__beta_60d_market_sector_neutral,1.9775899648666382,0.06744970052848469,1
63,2025-03-31,tech__max_drawdown_126d_sector_neutral,1.3661400079727173,0.046594964605797574,1
63,2025-03-31,tech__distance_sma_50d_sector_neutral,0.0,0.0,0
63,2025-03-31,tech__distance_sma_200d_sector_neutral,0.0,0.0,0
63,2025-03-31,tech__sma_50_200_spread_sector_neutral,4.531509876251221,0.15455629808256408,2
63,2025-03-31,tech__positive_day_ratio_60d_sector_neutral,2.5043079257011414,0.08541448056500615,2
63,2025-03-31,tech__average_dollar_volume_20d_sector_neutral,6.839369773864746,0.23327052182015728,1
63,2025-03-31,tech__dollar_volume_change_20d_60d_sector_neutral,0.4015769958496094,0.013696594638116146,1
63,2025-03-31,tech__amihud_illiquidity_20d_sector_neutral,7.170179843902588,0.2445534675026634,3
63,2025-03-31,tech__zero_volume_ratio_60d_sector_neutral,0.0,0.0,0
64,2025-04-30,tech__momentum_12_1_sector_neutral,4.140900135040283,0.10849952154786432,1
64,2025-04-30,tech__momentum_6_1_sector_neutral,0.0,0.0,0
64,2025-04-30,tech__return_3m_sector_neutral,0.0,0.0,0
64,2025-04-30,tech__return_1m_sector_neutral,0.0,0.0,0
64,2025-04-30,tech__return_1w_sector_neutral,0.0,0.0,0
64,2025-04-30,tech__reversal_1m_sector_neutral,0.0,0.0,0
64,2025-04-30,tech__volatility_20d_sector_neutral,0.0,0.0,0
64,2025-04-30,tech__volatility_60d_sector_neutral,13.819130182266235,0.3620877017283952,3
64,2025-04-30,tech__downside_volatility_60d_sector_neutral,0.0,0.0,0
64,2025-04-30,tech__beta_60d_market_sector_neutral,0.0,0.0,0
64,2025-04-30,tech__max_drawdown_126d_sector_neutral,1.0415300130844116,0.027290082931763385,1
64,2025-04-30,tech__distance_sma_50d_sector_neutral,0.0,0.0,0
64,2025-04-30,tech__distance_sma_200d_sector_neutral,0.0,0.0,0
64,2025-04-30,tech__sma_50_200_spread_sector_neutral,3.4892499446868896,0.0914250373622586,2
64,2025-04-30,tech__positive_day_ratio_60d_sector_neutral,0.0,0.0,0
64,2025-04-30,tech__average_dollar_volume_20d_sector_neutral,7.442230224609375,0.19500069846801962,1
64,2025-04-30,tech__dollar_volume_change_20d_60d_sector_neutral,1.775445967912674,0.04652008784817894,2
64,2025-04-30,tech__amihud_illiquidity_20d_sector_neutral,6.456660032272339,0.1691768701135199,2
64,2025-04-30,tech__zero_volume_ratio_60d_sector_neutral,0.0,0.0,0
65,2025-05-30,tech__momentum_12_1_sector_neutral,4.0539398193359375,0.10381606093385702,1
65,2025-05-30,tech__momentum_6_1_sector_neutral,0.6503450274467468,0.016654479840922255,1
65,2025-05-30,tech__return_3m_sector_neutral,0.0,0.0,0
65,2025-05-30,tech__return_1m_sector_neutral,0.0,0.0,0
65,2025-05-30,tech__return_1w_sector_neutral,0.0,0.0,0
65,2025-05-30,tech__reversal_1m_sector_neutral,0.0,0.0,0
65,2025-05-30,tech__volatility_20d_sector_neutral,0.0,0.0,0
65,2025-05-30,tech__volatility_60d_sector_neutral,4.1463398933410645,0.10618230516556851,1
65,2025-05-30,tech__downside_volatility_60d_sector_neutral,0.0,0.0,0
65,2025-05-30,tech__beta_60d_market_sector_neutral,0.0,0.0,0
65,2025-05-30,tech__max_drawdown_126d_sector_neutral,4.90690004825592,0.12565924930023462,2
65,2025-05-30,tech__distance_sma_50d_sector_neutral,0.0,0.0,0
65,2025-05-30,tech__distance_sma_200d_sector_neutral,0.0,0.0,0
65,2025-05-30,tech__sma_50_200_spread_sector_neutral,1.945520043373108,0.04982220663649314,1
65,2025-05-30,tech__positive_day_ratio_60d_sector_neutral,2.8319900035858154,0.07252353509887553,1
65,2025-05-30,tech__average_dollar_volume_20d_sector_neutral,11.706899881362915,0.29979829143818437,3
65,2025-05-30,tech__dollar_volume_change_20d_60d_sector_neutral,0.0,0.0,0
65,2025-05-30,tech__amihud_illiquidity_20d_sector_neutral,8.80732011795044,0.22554387158586456,2
65,2025-05-30,tech__zero_volume_ratio_60d_sector_neutral,0.0,0.0,0
66,2025-06-30,tech__momentum_12_1_sector_neutral,4.0539398193359375,0.10381606093385702,1
66,2025-06-30,tech__momentum_6_1_sector_neutral,0.6503450274467468,0.016654479840922255,1
66,2025-06-30,tech__return_3m_sector_neutral,0.0,0.0,0
66,2025-06-30,tech__return_1m_sector_neutral,0.0,0.0,0
66,2025-06-30,tech__return_1w_sector_neutral,0.0,0.0,0
66,2025-06-30,tech__reversal_1m_sector_neutral,0.0,0.0,0
66,2025-06-30,tech__volatility_20d_sector_neutral,0.0,0.0,0
66,2025-06-30,tech__volatility_60d_sector_neutral,4.1463398933410645,0.10618230516556851,1
66,2025-06-30,tech__downside_volatility_60d_sector_neutral,0.0,0.0,0
66,2025-06-30,tech__beta_60d_market_sector_neutral,0.0,0.0,0
66,2025-06-30,tech__max_drawdown_126d_sector_neutral,4.90690004825592,0.12565924930023462,2
66,2025-06-30,tech__distance_sma_50d_sector_neutral,0.0,0.0,0
66,2025-06-30,tech__distance_sma_200d_sector_neutral,0.0,0.0,0
66,2025-06-30,tech__sma_50_200_spread_sector_neutral,1.945520043373108,0.04982220663649314,1
66,2025-06-30,tech__positive_day_ratio_60d_sector_neutral,2.8319900035858154,0.07252353509887553,1
66,2025-06-30,tech__average_dollar_volume_20d_sector_neutral,11.706899881362915,0.29979829143818437,3
66,2025-06-30,tech__dollar_volume_change_20d_60d_sector_neutral,0.0,0.0,0
66,2025-06-30,tech__amihud_illiquidity_20d_sector_neutral,8.80732011795044,0.22554387158586456,2
66,2025-06-30,tech__zero_volume_ratio_60d_sector_neutral,0.0,0.0,0
67,2025-07-31,tech__momentum_12_1_sector_neutral,7.18274998664856,0.08004821039742836,2
67,2025-07-31,tech__momentum_6_1_sector_neutral,6.910260200500488,0.07701144595856076,1
67,2025-07-31,tech__return_3m_sector_neutral,4.725190162658691,0.05265991674657303,1
67,2025-07-31,tech__return_1m_sector_neutral,0.0,0.0,0
67,2025-07-31,tech__return_1w_sector_neutral,0.0,0.0,0
67,2025-07-31,tech__reversal_1m_sector_neutral,0.0,0.0,0
67,2025-07-31,tech__volatility_20d_sector_neutral,0.0,0.0,0
67,2025-07-31,tech__volatility_60d_sector_neutral,12.380239963531494,0.1379716759198831,2
67,2025-07-31,tech__downside_volatility_60d_sector_neutral,0.0,0.0,0
67,2025-07-31,tech__beta_60d_market_sector_neutral,0.0,0.0,0
67,2025-07-31,tech__max_drawdown_126d_sector_neutral,0.0,0.0,0
67,2025-07-31,tech__distance_sma_50d_sector_neutral,0.0,0.0,0
67,2025-07-31,tech__distance_sma_200d_sector_neutral,0.0,0.0,0
67,2025-07-31,tech__sma_50_200_spread_sector_neutral,0.0,0.0,0
67,2025-07-31,tech__positive_day_ratio_60d_sector_neutral,0.0,0.0,0
67,2025-07-31,tech__average_dollar_volume_20d_sector_neutral,27.774179935455322,0.3095295538925935,2
67,2025-07-31,tech__dollar_volume_change_20d_60d_sector_neutral,4.276899814605713,0.047663941644170094,1
67,2025-07-31,tech__amihud_illiquidity_20d_sector_neutral,26.480780601501465,0.29511525544079115,3
67,2025-07-31,tech__zero_volume_ratio_60d_sector_neutral,0.0,0.0,0
68,2025-08-29,tech__momentum_12_1_sector_neutral,8.941930174827576,0.025181436399379753,3
68,2025-08-29,tech__momentum_6_1_sector_neutral,43.31208574771881,0.12197148839866605,5
68,2025-08-29,tech__return_3m_sector_neutral,6.874760150909424,0.01936006344451847,1
68,2025-08-29,tech__return_1m_sector_neutral,2.042649984359741,0.005752321888192412,1
68,2025-08-29,tech__return_1w_sector_neutral,7.761448800563812,0.021857073978125603,4
68,2025-08-29,tech__reversal_1m_sector_neutral,26.069660544395447,0.07341496590972567,6
68,2025-08-29,tech__volatility_20d_sector_neutral,1.4073899984359741,0.003963361493752889,1
68,2025-08-29,tech__volatility_60d_sector_neutral,39.51488417387009,0.11127816066539059,5
68,2025-08-29,tech__downside_volatility_60d_sector_neutral,4.954400062561035,0.013952123046506507,1
68,2025-08-29,tech__beta_60d_market_sector_neutral,7.304211914539337,0.020569445765898167,4
68,2025-08-29,tech__max_drawdown_126d_sector_neutral,22.01511013507843,0.06199691619740342,4
68,2025-08-29,tech__distance_sma_50d_sector_neutral,4.373990058898926,0.012317626097075452,1
68,2025-08-29,tech__distance_sma_200d_sector_neutral,0.0,0.0,0
68,2025-08-29,tech__sma_50_200_spread_sector_neutral,20.68817549943924,0.058260125652164485,5
68,2025-08-29,tech__positive_day_ratio_60d_sector_neutral,0.0,0.0,0
68,2025-08-29,tech__average_dollar_volume_20d_sector_neutral,98.37018942832947,0.27702102569059506,7
68,2025-08-29,tech__dollar_volume_change_20d_60d_sector_neutral,19.163546860218048,0.05396660754582771,6
68,2025-08-29,tech__amihud_illiquidity_20d_sector_neutral,42.30565023422241,0.11913725782677777,7
68,2025-08-29,tech__zero_volume_ratio_60d_sector_neutral,0.0,0.0,0
69,2025-09-30,tech__momentum_12_1_sector_neutral,12.612720251083374,0.045910924216137496,3
69,2025-09-30,tech__momentum_6_1_sector_neutral,50.65614080429077,0.18439085266701444,4
69,2025-09-30,tech__return_3m_sector_neutral,9.961669921875,0.03626097017493869,1
69,2025-09-30,tech__return_1m_sector_neutral,0.0,0.0,0
69,2025-09-30,tech__return_1w_sector_neutral,0.0,0.0,0
69,2025-09-30,tech__reversal_1m_sector_neutral,0.0,0.0,0
69,2025-09-30,tech__volatility_20d_sector_neutral,0.0,0.0,0
69,2025-09-30,tech__volatility_60d_sector_neutral,55.4338903427124,0.20178209679322268,4
69,2025-09-30,tech__downside_volatility_60d_sector_neutral,0.0,0.0,0
69,2025-09-30,tech__beta_60d_market_sector_neutral,0.0,0.0,0
69,2025-09-30,tech__max_drawdown_126d_sector_neutral,9.618149757385254,0.035010539821720546,2
69,2025-09-30,tech__distance_sma_50d_sector_neutral,0.0,0.0,0
69,2025-09-30,tech__distance_sma_200d_sector_neutral,0.0,0.0,0
69,2025-09-30,tech__sma_50_200_spread_sector_neutral,28.939899444580078,0.1053426623101888,3
69,2025-09-30,tech__positive_day_ratio_60d_sector_neutral,0.0,0.0,0
69,2025-09-30,tech__average_dollar_volume_20d_sector_neutral,91.37734889984131,0.3326180599345188,4
69,2025-09-30,tech__dollar_volume_change_20d_60d_sector_neutral,4.688360214233398,0.01706586257434315,1
69,2025-09-30,tech__amihud_illiquidity_20d_sector_neutral,11.433370113372803,0.04161803150791537,2
69,2025-09-30,tech__zero_volume_ratio_60d_sector_neutral,0.0,0.0,0
70,2025-10-31,tech__momentum_12_1_sector_neutral,0.0,0.0,0
70,2025-10-31,tech__momentum_6_1_sector_neutral,11.885170459747314,0.09011520149657777,2
70,2025-10-31,tech__return_3m_sector_neutral,4.822579860687256,0.03656554673330362,1
70,2025-10-31,tech__return_1m_sector_neutral,0.0,0.0,0
70,2025-10-31,tech__return_1w_sector_neutral,0.0,0.0,0
70,2025-10-31,tech__reversal_1m_sector_neutral,0.0,0.0,0
70,2025-10-31,tech__volatility_20d_sector_neutral,0.0,0.0,0
70,2025-10-31,tech__volatility_60d_sector_neutral,44.646679639816284,0.3385180335041437,3
70,2025-10-31,tech__downside_volatility_60d_sector_neutral,0.0,0.0,0
70,2025-10-31,tech__beta_60d_market_sector_neutral,3.9842898845672607,0.030209502420227703,1
70,2025-10-31,tech__max_drawdown_126d_sector_neutral,6.875,0.052127313814070785,1
70,2025-10-31,tech__distance_sma_50d_sector_neutral,0.0,0.0,0
70,2025-10-31,tech__distance_sma_200d_sector_neutral,0.0,0.0,0
70,2025-10-31,tech__sma_50_200_spread_sector_neutral,19.196800231933594,0.1455531098059679,1
70,2025-10-31,tech__positive_day_ratio_60d_sector_neutral,0.0,0.0,0
70,2025-10-31,tech__average_dollar_volume_20d_sector_neutral,35.42313003540039,0.26858365318282945,2
70,2025-10-31,tech__dollar_volume_change_20d_60d_sector_neutral,0.0,0.0,0
70,2025-10-31,tech__amihud_illiquidity_20d_sector_neutral,5.0549798011779785,0.03832763904287907,1
70,2025-10-31,tech__zero_volume_ratio_60d_sector_neutral,0.0,0.0,0
71,2025-11-28,tech__momentum_12_1_sector_neutral,0.0,0.0,0
71,2025-11-28,tech__momentum_6_1_sector_neutral,11.885170459747314,0.09011520149657777,2
71,2025-11-28,tech__return_3m_sector_neutral,4.822579860687256,0.03656554673330362,1
71,2025-11-28,tech__return_1m_sector_neutral,0.0,0.0,0
71,2025-11-28,tech__return_1w_sector_neutral,0.0,0.0,0
71,2025-11-28,tech__reversal_1m_sector_neutral,0.0,0.0,0
71,2025-11-28,tech__volatility_20d_sector_neutral,0.0,0.0,0
71,2025-11-28,tech__volatility_60d_sector_neutral,44.646679639816284,0.3385180335041437,3
71,2025-11-28,tech__downside_volatility_60d_sector_neutral,0.0,0.0,0
71,2025-11-28,tech__beta_60d_market_sector_neutral,3.9842898845672607,0.030209502420227703,1
71,2025-11-28,tech__max_drawdown_126d_sector_neutral,6.875,0.052127313814070785,1
71,2025-11-28,tech__distance_sma_50d_sector_neutral,0.0,0.0,0
71,2025-11-28,tech__distance_sma_200d_sector_neutral,0.0,0.0,0
71,2025-11-28,tech__sma_50_200_spread_sector_neutral,19.196800231933594,0.1455531098059679,1
71,2025-11-28,tech__positive_day_ratio_60d_sector_neutral,0.0,0.0,0
71,2025-11-28,tech__average_dollar_volume_20d_sector_neutral,35.42313003540039,0.26858365318282945,2
71,2025-11-28,tech__dollar_volume_change_20d_60d_sector_neutral,0.0,0.0,0
71,2025-11-28,tech__amihud_illiquidity_20d_sector_neutral,5.0549798011779785,0.03832763904287907,1
71,2025-11-28,tech__zero_volume_ratio_60d_sector_neutral,0.0,0.0,0
72,2025-12-31,tech__momentum_12_1_sector_neutral,38.66094034910202,0.016985723670103578,16
72,2025-12-31,tech__momentum_6_1_sector_neutral,235.89173781871796,0.10363927619112687,47
72,2025-12-31,tech__return_3m_sector_neutral,134.05908179283142,0.05889899465039108,43
72,2025-12-31,tech__return_1m_sector_neutral,19.911274913931265,0.00874803899112499,11
72,2025-12-31,tech__return_1w_sector_neutral,84.06720477342606,0.03693501236921141,38
72,2025-12-31,tech__reversal_1m_sector_neutral,7.557457983493805,0.003320376891945558,5
72,2025-12-31,tech__volatility_20d_sector_neutral,46.34090015292168,0.020359921862057633,22
72,2025-12-31,tech__volatility_60d_sector_neutral,383.8356249034405,0.16863857424261544,49
72,2025-12-31,tech__downside_volatility_60d_sector_neutral,69.30203622579575,0.030447920471603742,25
72,2025-12-31,tech__beta_60d_market_sector_neutral,75.56441524624825,0.03319930309702224,31
72,2025-12-31,tech__max_drawdown_126d_sector_neutral,113.07747867703438,0.049680705869451204,39
72,2025-12-31,tech__distance_sma_50d_sector_neutral,27.24810615181923,0.011971483296815386,14
72,2025-12-31,tech__distance_sma_200d_sector_neutral,57.38034987449646,0.02521011538418769,19
72,2025-12-31,tech__sma_50_200_spread_sector_neutral,263.55101155489683,0.11579140638651671,61
72,2025-12-31,tech__positive_day_ratio_60d_sector_neutral,63.19881546497345,0.027766464190280393,31
72,2025-12-31,tech__average_dollar_volume_20d_sector_neutral,476.7227386981249,0.20944862265796968,74
72,2025-12-31,tech__dollar_volume_change_20d_60d_sector_neutral,69.80096436291933,0.030667125058763185,29
72,2025-12-31,tech__amihud_illiquidity_20d_sector_neutral,109.91424226760864,0.048290934718813266,38
72,2025-12-31,tech__zero_volume_ratio_60d_sector_neutral,0.0,0.0,0
73,2026-01-30,tech__momentum_12_1_sector_neutral,38.66094034910202,0.016985723670103578,16
73,2026-01-30,tech__momentum_6_1_sector_neutral,235.89173781871796,0.10363927619112687,47
73,2026-01-30,tech__return_3m_sector_neutral,134.05908179283142,0.05889899465039108,43
73,2026-01-30,tech__return_1m_sector_neutral,19.911274913931265,0.00874803899112499,11
73,2026-01-30,tech__return_1w_sector_neutral,84.06720477342606,0.03693501236921141,38
73,2026-01-30,tech__reversal_1m_sector_neutral,7.557457983493805,0.003320376891945558,5
73,2026-01-30,tech__volatility_20d_sector_neutral,46.34090015292168,0.020359921862057633,22
73,2026-01-30,tech__volatility_60d_sector_neutral,383.8356249034405,0.16863857424261544,49
73,2026-01-30,tech__downside_volatility_60d_sector_neutral,69.30203622579575,0.030447920471603742,25
73,2026-01-30,tech__beta_60d_market_sector_neutral,75.56441524624825,0.03319930309702224,31
73,2026-01-30,tech__max_drawdown_126d_sector_neutral,113.07747867703438,0.049680705869451204,39
73,2026-01-30,tech__distance_sma_50d_sector_neutral,27.24810615181923,0.011971483296815386,14
73,2026-01-30,tech__distance_sma_200d_sector_neutral,57.38034987449646,0.02521011538418769,19
73,2026-01-30,tech__sma_50_200_spread_sector_neutral,263.55101155489683,0.11579140638651671,61
73,2026-01-30,tech__positive_day_ratio_60d_sector_neutral,63.19881546497345,0.027766464190280393,31
73,2026-01-30,tech__average_dollar_volume_20d_sector_neutral,476.7227386981249,0.20944862265796968,74
73,2026-01-30,tech__dollar_volume_change_20d_60d_sector_neutral,69.80096436291933,0.030667125058763185,29
73,2026-01-30,tech__amihud_illiquidity_20d_sector_neutral,109.91424226760864,0.048290934718813266,38
73,2026-01-30,tech__zero_volume_ratio_60d_sector_neutral,0.0,0.0,0
74,2026-02-27,tech__momentum_12_1_sector_neutral,26.99948000907898,0.017685164744391826,9
74,2026-02-27,tech__momentum_6_1_sector_neutral,238.9701657295227,0.1565299312616426,31
74,2026-02-27,tech__return_3m_sector_neutral,60.9690175652504,0.03993584763790249,19
74,2026-02-27,tech__return_1m_sector_neutral,8.372029781341553,0.0054838362027043635,3
74,2026-02-27,tech__return_1w_sector_neutral,45.72170799970627,0.029948574494689545,15
74,2026-02-27,tech__reversal_1m_sector_neutral,5.712069988250732,0.0037415127528286234,2
74,2026-02-27,tech__volatility_20d_sector_neutral,12.323630534112453,0.008072208656296667,7
74,2026-02-27,tech__volatility_60d_sector_neutral,285.4863910675049,0.18699892948356545,21
74,2026-02-27,tech__downside_volatility_60d_sector_neutral,36.94903403520584,0.024202308853319535,12
74,2026-02-27,tech__beta_60d_market_sector_neutral,41.03933000564575,0.02688152927038784,14
74,2026-02-27,tech__max_drawdown_126d_sector_neutral,104.09281349182129,0.06818274110060941,29
74,2026-02-27,tech__distance_sma_50d_sector_neutral,8.262269794940948,0.005411941357278297,4
74,2026-02-27,tech__distance_sma_200d_sector_neutral,42.777940571308136,0.028020351731773765,14
74,2026-02-27,tech__sma_50_200_spread_sector_neutral,133.88332951068878,0.08769608667011498,28
74,2026-02-27,tech__positive_day_ratio_60d_sector_neutral,20.644589990377426,0.013522592840213067,9
74,2026-02-27,tech__average_dollar_volume_20d_sector_neutral,316.0267686843872,0.20700344843462967,39
74,2026-02-27,tech__dollar_volume_change_20d_60d_sector_neutral,35.63830381631851,0.02334375602753621,14
74,2026-02-27,tech__amihud_illiquidity_20d_sector_neutral,102.80506002902985,0.06733923848011564,25
74,2026-02-27,tech__zero_volume_ratio_60d_sector_neutral,0.0,0.0,0
75,2026-03-31,tech__momentum_12_1_sector_neutral,8.045929908752441,0.17527405121947373,2
75,2026-03-31,tech__momentum_6_1_sector_neutral,0.6070050001144409,0.013223111149004749,1
75,2026-03-31,tech__return_3m_sector_neutral,0.0,0.0,0
75,2026-03-31,tech__return_1m_sector_neutral,0.0,0.0,0
75,2026-03-31,tech__return_1w_sector_neutral,0.0,0.0,0
75,2026-03-31,tech__reversal_1m_sector_neutral,0.0,0.0,0
75,2026-03-31,tech__volatility_20d_sector_neutral,0.0,0.0,0
75,2026-03-31,tech__volatility_60d_sector_neutral,14.929270267486572,0.3252220329046517,3
75,2026-03-31,tech__downside_volatility_60d_sector_neutral,0.0,0.0,0
75,2026-03-31,tech__beta_60d_market_sector_neutral,0.0,0.0,0
75,2026-03-31,tech__max_drawdown_126d_sector_neutral,2.0460801124572754,0.04457219420217264,1
75,2026-03-31,tech__distance_sma_50d_sector_neutral,0.0,0.0,0
75,2026-03-31,tech__distance_sma_200d_sector_neutral,0.0,0.0,0
75,2026-03-31,tech__sma_50_200_spread_sector_neutral,2.280179977416992,0.04967186971348759,1
75,2026-03-31,tech__positive_day_ratio_60d_sector_neutral,3.0419700145721436,0.0662668472369147,1
75,2026-03-31,tech__average_dollar_volume_20d_sector_neutral,9.15762972831726,0.1994915292891151,2
75,2026-03-31,tech__dollar_volume_change_20d_60d_sector_neutral,1.914929986000061,0.04171519516753073,1
75,2026-03-31,tech__amihud_illiquidity_20d_sector_neutral,3.8818600177764893,0.08456316911764908,1
75,2026-03-31,tech__zero_volume_ratio_60d_sector_neutral,0.0,0.0,0
76,2026-04-30,tech__momentum_12_1_sector_neutral,0.0,0.0,0
76,2026-04-30,tech__momentum_6_1_sector_neutral,0.0,0.0,0
76,2026-04-30,tech__return_3m_sector_neutral,0.0,0.0,0
76,2026-04-30,tech__return_1m_sector_neutral,0.0,0.0,0
76,2026-04-30,tech__return_1w_sector_neutral,0.0,0.0,0
76,2026-04-30,tech__reversal_1m_sector_neutral,0.0,0.0,0
76,2026-04-30,tech__volatility_20d_sector_neutral,0.0,0.0,0
76,2026-04-30,tech__volatility_60d_sector_neutral,3.4816300868988037,0.13203897595239794,1
76,2026-04-30,tech__downside_volatility_60d_sector_neutral,0.0,0.0,0
76,2026-04-30,tech__beta_60d_market_sector_neutral,0.0,0.0,0
76,2026-04-30,tech__max_drawdown_126d_sector_neutral,0.0,0.0,0
76,2026-04-30,tech__distance_sma_50d_sector_neutral,0.0,0.0,0
76,2026-04-30,tech__distance_sma_200d_sector_neutral,0.0,0.0,0
76,2026-04-30,tech__sma_50_200_spread_sector_neutral,6.368559837341309,0.2415242568067105,1
76,2026-04-30,tech__positive_day_ratio_60d_sector_neutral,0.0,0.0,0
76,2026-04-30,tech__average_dollar_volume_20d_sector_neutral,7.887599945068359,0.29913304787548145,1
76,2026-04-30,tech__dollar_volume_change_20d_60d_sector_neutral,5.946639895439148,0.2255231666069532,2
76,2026-04-30,tech__amihud_illiquidity_20d_sector_neutral,2.683769941329956,0.10178055275845689,1
76,2026-04-30,tech__zero_volume_ratio_60d_sector_neutral,0.0,0.0,0
77,2026-05-29,tech__momentum_12_1_sector_neutral,0.0,0.0,0
77,2026-05-29,tech__momentum_6_1_sector_neutral,0.0,0.0,0
77,2026-05-29,tech__return_3m_sector_neutral,0.0,0.0,0
77,2026-05-29,tech__return_1m_sector_neutral,0.0,0.0,0
77,2026-05-29,tech__return_1w_sector_neutral,0.0,0.0,0
77,2026-05-29,tech__reversal_1m_sector_neutral,0.0,0.0,0
77,2026-05-29,tech__volatility_20d_sector_neutral,0.0,0.0,0
77,2026-05-29,tech__volatility_60d_sector_neutral,3.4816300868988037,0.13203897595239794,1
77,2026-05-29,tech__downside_volatility_60d_sector_neutral,0.0,0.0,0
77,2026-05-29,tech__beta_60d_market_sector_neutral,0.0,0.0,0
77,2026-05-29,tech__max_drawdown_126d_sector_neutral,0.0,0.0,0
77,2026-05-29,tech__distance_sma_50d_sector_neutral,0.0,0.0,0
77,2026-05-29,tech__distance_sma_200d_sector_neutral,0.0,0.0,0
77,2026-05-29,tech__sma_50_200_spread_sector_neutral,6.368559837341309,0.2415242568067105,1
77,2026-05-29,tech__positive_day_ratio_60d_sector_neutral,0.0,0.0,0
77,2026-05-29,tech__average_dollar_volume_20d_sector_neutral,7.887599945068359,0.29913304787548145,1
77,2026-05-29,tech__dollar_volume_change_20d_60d_sector_neutral,5.946639895439148,0.2255231666069532,2
77,2026-05-29,tech__amihud_illiquidity_20d_sector_neutral,2.683769941329956,0.10178055275845689,1
77,2026-05-29,tech__zero_volume_ratio_60d_sector_neutral,0.0,0.0,0
